block_family_id,block_id,y,h,right_endpoint,p_star,E_theta,E_theta_sign,Q_R2Q,B2_active_flag,repayment_compatible_flag,endpoint_orientation,partial_interval_allowed,post_P0_block_flag
theta_local:1:179845447:684790,1,179845447.0,684790.0,180530237.0,180530237.0,-3089.9881332697114,negative,1.8193520399038576,True,True,negative,False,False
theta_local:2:24178:3,2,24178.0,3.0,24181.0,24317.0,17.186562246627208,positive,0.1157979799474991,True,True,positive,False,False
theta_local:3:30910184:64413,3,30910184.0,64413.0,30974597.0,30974597.0,-1027.9446158131832,negative,0.6812241515207513,True,True,negative,False,False
theta_local:4:59920:1,4,59920.0,1.0,59921.0,59921.0,10.0007823069704,positive,0.0921982535693211,True,True,positive,False,False
theta_local:5:355293:784,5,355293.0,784.0,356077.0,356077.0,-4.315460261267276,negative,0.1566810093663226,True,True,negative,False,False
theta_local:6:3446024:2483,6,3446024.0,2483.0,3448507.0,3448507.0,-285.247239607314,negative,0.1786966438467436,True,True,negative,False,False
theta_local:7:30670319:104130,7,30670319.0,104130.0,30774449.0,30774449.0,-928.3530182520336,negative,0.862526348366495,True,True,negative,False,False
theta_local:8:3451296:1451,8,3451296.0,1451.0,3452747.0,3452747.0,-246.6432758578178,negative,0.1383470038914393,True,True,negative,False,False
theta_local:9:12871995:11482,9,12871995.0,11482.0,12883477.0,12883477.0,-480.68150179983786,negative,0.3212949859833325,True,True,negative,False,False
theta_local:10:178254856:43765,10,178254856.0,43765.0,178298621.0,178298621.0,-1758.548029879923,negative,0.4625799992422776,True,True,negative,False,False
theta_local:11:210:1,11,210.0,1.0,211.0,211.0,4.351858133476067,positive,0.1912764152417241,True,True,positive,False,False
theta_local:12:3278912:797,12,3278912.0,797.0,3279709.0,3279709.0,-166.86828088206357,negative,0.1060058846880691,True,True,negative,False,False
theta_local:13:42898:1,13,42898.0,1.0,42899.0,42899.0,9.666603794621116,positive,0.0968247715409328,True,True,positive,False,False
theta_local:14:1195386:205,14,1195386.0,205.0,1195591.0,1195669.0,18.90523282037472,positive,0.0899443884131837,True,True,positive,False,False
theta_local:15:43132:1,15,43132.0,1.0,43133.0,43133.0,9.672043644375696,positive,0.0943896668138165,True,True,positive,False,False
theta_local:16:58308:1,16,58308.0,1.0,58309.0,58309.0,9.973511734352114,positive,0.0939517191622745,True,True,positive,False,False
theta_local:17:59332:1,17,59332.0,1.0,59333.0,59333.0,9.990920922612805,positive,0.0929815072257821,True,True,positive,False,False
theta_local:18:3239129:1964,18,3239129.0,1964.0,3241093.0,3241093.0,-165.06704136906455,negative,0.159654089699117,True,True,negative,False,False
theta_local:19:1513853:1344,19,1513853.0,1344.0,1515197.0,1515197.0,-63.24655312102391,negative,0.1510851987794436,True,True,negative,False,False
theta_local:20:58510:1,20,58510.0,1.0,58511.0,58511.0,9.97697004973177,positive,0.0923670994574258,True,True,positive,False,False
theta_local:21:30831334:15789,21,30831334.0,15789.0,30847123.0,30847123.0,-424.33160930738086,negative,0.338124053326903,True,True,negative,False,False
theta_local:22:60208:1,22,60208.0,1.0,60209.0,60209.0,10.005577121783782,positive,0.0940510554686493,True,True,positive,False,False
theta_local:23:354550:3,23,354550.0,3.0,354553.0,354619.0,22.55722059933116,positive,0.0920232096308952,True,True,positive,False,False
theta_local:24:180557417:61662,24,180557417.0,61662.0,180619079.0,180619079.0,-1166.673386312199,negative,0.5459231094474968,True,True,negative,False,False
theta_local:25:109790208:23159,25,109790208.0,23159.0,109813367.0,109813367.0,-719.8064293124298,negative,0.3557665519303423,True,True,negative,False,False
theta_local:26:230560:3,26,230560.0,3.0,230563.0,230647.0,21.69655017143579,positive,0.0944180902326222,True,True,positive,False,False
theta_local:27:1192323:458,27,1192323.0,458.0,1192781.0,1192781.0,-38.252494546276125,negative,0.0967472985369818,True,True,negative,False,False
theta_local:28:109660803:9994,28,109660803.0,9994.0,109670797.0,109670797.0,-700.5003791113922,negative,0.2345732370876761,True,True,negative,False,False
theta_local:29:3455716:1261,29,3455716.0,1261.0,3456977.0,3456977.0,-56.54292508843059,negative,0.1341559286414388,True,True,negative,False,False
theta_local:30:4991760:3029,30,4991760.0,3029.0,4994789.0,4994789.0,-113.94054074237602,negative,0.1879865387221068,True,True,negative,False,False
theta_local:31:7105465:2778,31,7105465.0,2778.0,7108243.0,7108243.0,-80.20709910296955,negative,0.1766899326140388,True,True,negative,False,False
theta_local:32:3292080:1033,32,3292080.0,1033.0,3293113.0,3293113.0,-117.56184933337444,negative,0.1154116378424172,True,True,negative,False,False
theta_local:33:1197615:4,33,1197615.0,4.0,1197619.0,1197697.0,23.99169028406876,positive,0.0726584885625681,True,True,positive,False,False
theta_local:34:126:1,34,126.0,1.0,127.0,127.0,3.844187086458591,positive,0.2157084836048593,True,True,positive,False,False
theta_local:35:354952:1,35,354952.0,1.0,354953.0,354953.0,11.779740665326448,positive,0.080127585396028,True,True,positive,False,False
theta_local:36:39704004:3847,36,39704004.0,3847.0,39707851.0,39707851.0,-452.5803398765943,negative,0.1623741874086595,True,True,negative,False,False
theta_local:37:1656:1,37,1656.0,1.0,1657.0,1657.0,6.412764017426562,positive,0.1389495863976313,True,True,positive,False,False
theta_local:38:155920:1,38,155920.0,1.0,155921.0,156007.0,10.957104747706284,positive,0.0868104441327406,True,True,positive,False,False
theta_local:39:39682692:7975,39,39682692.0,7975.0,39690667.0,39690667.0,-364.0109776889212,negative,0.2349256240499423,True,True,negative,False,False
theta_local:40:30409154:8327,40,30409154.0,8327.0,30417481.0,30417481.0,-228.7179970545885,negative,0.24963148266117,True,True,negative,False,False
theta_local:41:604520611:151650,41,604520611.0,151650.0,604672261.0,604672261.0,-1617.0683062109456,negative,0.7568596623500748,True,True,negative,False,True
theta_local:42:7115469:1948,42,7115469.0,1948.0,7117417.0,7117417.0,-117.76229972501552,negative,0.1460888226947264,True,True,negative,False,False
theta_local:43:12779528:1739,43,12779528.0,1739.0,12781267.0,12781267.0,-151.7480364006467,negative,0.1300675391522673,True,True,negative,False,False
theta_local:44:109577354:10737,44,109577354.0,10737.0,109588091.0,109588091.0,-629.3445955758762,negative,0.2415685632788372,True,True,negative,False,False
theta_local:45:12833438:3339,45,12833438.0,3339.0,12836777.0,12836777.0,-163.66723291570224,negative,0.1752468754780604,True,True,negative,False,False
theta_local:46:618028:1,46,618028.0,1.0,618029.0,618029.0,12.3342906609052,positive,0.0748436752518515,True,True,positive,False,False
theta_local:47:12805898:1515,47,12805898.0,1515.0,12807413.0,12807413.0,-205.7621329185172,negative,0.1184377830877646,True,True,negative,False,False
theta_local:48:3439819:811,48,3439819.0,811.0,3440630.0,3440807.0,46.90968440981942,positive,0.1225172337511368,True,True,positive,False,False
theta_local:49:33888759:13400,49,33888759.0,13400.0,33902159.0,33902159.0,-291.8733586694325,negative,0.3075518627750951,True,True,negative,False,False
theta_local:50:3457512:455,50,3457512.0,455.0,3457967.0,3457967.0,-93.6529697629686,negative,0.0793601948576568,True,True,negative,False,False
theta_local:51:12840082:2091,51,12840082.0,2091.0,12842173.0,12842173.0,-192.29332879440085,negative,0.1392439305539144,True,True,negative,False,False
theta_local:52:1512478:1,52,1512478.0,1.0,1512479.0,1512479.0,13.229260584493224,positive,0.0713499660129912,True,True,positive,False,False
theta_local:53:356170:3,53,356170.0,3.0,356173.0,356243.0,22.56633807844032,positive,0.0917954514179663,True,True,positive,False,False
theta_local:54:7110038:2259,54,7110038.0,2259.0,7112297.0,7112297.0,-113.30394854654696,negative,0.1547550134720171,True,True,negative,False,False
theta_local:55:12894136:1581,55,12894136.0,1581.0,12895717.0,12895717.0,-156.60587200935356,negative,0.1217247995908262,True,True,negative,False,False
theta_local:56:1511046:403,56,1511046.0,403.0,1511449.0,1511527.0,9.625130217388572,positive,0.0952884508457212,True,True,positive,False,False
theta_local:57:179616870:3983,57,179616870.0,3983.0,179620853.0,179620853.0,-637.8829200418768,negative,0.1434186712486546,True,True,negative,False,False
theta_local:58:1188358:3,58,1188358.0,3.0,1188361.0,1188511.0,24.97616952660599,positive,0.0833294497303515,True,True,positive,False,False
theta_local:59:292:1,59,292.0,1.0,293.0,293.0,4.680172609017068,positive,0.1707575979731007,True,True,positive,False,False
theta_local:60:3290975:8,60,3290975.0,8.0,3290983.0,3291137.0,37.02008815604045,positive,0.0730965487832678,True,True,positive,False,False
theta_local:61:1190068:3,61,1190068.0,3.0,1190071.0,1190143.0,24.97904537377347,positive,0.0832943901091022,True,True,positive,False,False
theta_local:62:113154493:11734,62,113154493.0,11734.0,113166227.0,113166227.0,-570.3217879884924,negative,0.2503069484559692,True,True,negative,False,False
theta_local:63:30813688:2319,63,30813688.0,2319.0,30816007.0,30816007.0,-215.2921471839013,negative,0.1321516982536188,True,True,negative,False,False
theta_local:64:604757400:53021,64,604757400.0,53021.0,604810421.0,604810421.0,-1034.3984432700745,negative,0.4494568065190746,True,True,negative,False,True
theta_local:65:3438886:3,65,3438886.0,3.0,3438889.0,3439001.0,27.10131744255433,positive,0.0792717980142518,True,True,positive,False,False
theta_local:66:1196076:1,66,1196076.0,1.0,1196077.0,1196077.0,12.994557592691232,positive,0.0711424243631883,True,True,positive,False,False
theta_local:67:39695992:3205,67,39695992.0,3205.0,39699197.0,39699197.0,-265.53724747196566,negative,0.1495716452263878,True,True,negative,False,False
theta_local:68:1192068:1,68,1192068.0,1.0,1192069.0,1192069.0,12.991201010838148,positive,0.0712244136304279,True,True,positive,False,False
theta_local:69:108578163:3824,69,108578163.0,3824.0,108581987.0,108581987.0,-400.9453068567673,negative,0.1469597990717331,True,True,negative,False,False
theta_local:70:12847029:892,70,12847029.0,892.0,12847921.0,12847921.0,-139.04176855224262,negative,0.0908608054490663,True,True,negative,False,False
theta_local:71:1191480:1,71,1191480.0,1.0,1191481.0,1191481.0,12.990707629107597,positive,0.0710316103925829,True,True,positive,False,False
theta_local:72:12843190:457,72,12843190.0,457.0,12843647.0,12843647.0,-113.26485440576494,negative,0.0679786634633438,True,True,negative,False,False
theta_local:73:40877269:4900,73,40877269.0,4900.0,40882169.0,40882169.0,-220.51959869872007,negative,0.1837301433813745,True,True,negative,False,False
theta_local:74:1186290:1,74,1186290.0,1.0,1186291.0,1186291.0,12.986342191006576,positive,0.0716803042452162,True,True,positive,False,False
theta_local:75:113182659:12848,75,113182659.0,12848.0,113195507.0,113195507.0,-330.4150379443963,negative,0.2647255241959858,True,True,negative,False,False
theta_local:76:2878:1,76,2878.0,1.0,2879.0,2879.0,6.965198290612176,positive,0.1282261417306278,True,True,positive,False,False
theta_local:77:39673239:1178,77,39673239.0,1178.0,39674417.0,39674417.0,-198.21267981504025,negative,0.0933658727593846,True,True,negative,False,False
theta_local:78:3441229:568,78,3441229.0,568.0,3441797.0,3441797.0,-56.25170384278789,negative,0.0865309897820664,True,True,negative,False,False
theta_local:79:109535495:10586,79,109535495.0,10586.0,109546081.0,109546081.0,-330.4584709322444,negative,0.2408302537232801,True,True,negative,False,False
theta_local:80:1198510:3,80,1198510.0,3.0,1198513.0,1198607.0,24.993182690643494,positive,0.0831464357639209,True,True,positive,False,False
theta_local:81:1512196:1,81,1512196.0,1.0,1512197.0,1512197.0,13.22907411823977,positive,0.0705955645536329,True,True,positive,False,False
theta_local:82:12782006:494,82,12782006.0,494.0,12782500.0,12782599.0,-68.54730774172731,negative,0.0796044258439215,True,True,negative,False,False
theta_local:83:42922:1,83,42922.0,1.0,42923.0,42923.0,9.66716309178561,positive,0.0952612074725035,True,True,positive,False,False
theta_local:84:617578:1,84,617578.0,1.0,617579.0,617579.0,12.33356227452393,positive,0.0752538383487422,True,True,positive,False,False
theta_local:85:10356:1,85,10356.0,1.0,10357.0,10357.0,8.24541789858888,positive,0.1086725867349362,True,True,positive,False,False
theta_local:86:15858:1,86,15858.0,1.0,15859.0,15859.0,8.6714924414986,positive,0.1069835705399953,True,True,positive,False,False
theta_local:87:109460158:7231,87,109460158.0,7231.0,109467389.0,109467389.0,-178.26963014023477,negative,0.2045445847739718,True,True,negative,False,False
theta_local:88:3290318:323,88,3290318.0,323.0,3290641.0,3290641.0,-37.87575835699317,negative,0.0705553720204413,True,True,negative,False,False
theta_local:89:1188148:1,89,1188148.0,1.0,1188149.0,1188149.0,12.987907191915609,positive,0.0739495641263946,True,True,positive,False,False
theta_local:90:179630689:10782,90,179630689.0,10782.0,179641471.0,179641471.0,-461.50121601656247,negative,0.2296201708973325,True,True,negative,False,False
theta_local:91:179595316:7407,91,179595316.0,7407.0,179602723.0,179602723.0,-450.7172966904154,negative,0.1917202756433797,True,True,negative,False,False
theta_local:92:3453942:1,92,3453942.0,1.0,3453943.0,3453943.0,14.055027034946916,positive,0.0687276505309807,True,True,positive,False,False
theta_local:93:1188838:1,93,1188838.0,1.0,1188839.0,1188839.0,12.988487758598636,positive,0.0717695715648134,True,True,positive,False,False
theta_local:94:618118:1,94,618118.0,1.0,618119.0,618119.0,12.334436274537484,positive,0.0765541684740735,True,True,positive,False,False
theta_local:95:178005997:5344,95,178005997.0,5344.0,178011341.0,178011341.0,-366.6962581891348,negative,0.1648839859416764,True,True,negative,False,False
theta_local:96:3438262:375,96,3438262.0,375.0,3438637.0,3438637.0,-28.83790962671685,negative,0.0753076301542394,True,True,negative,False,False
theta_local:97:30980149:1090,97,30980149.0,1090.0,30981239.0,30981239.0,-175.80966234322875,negative,0.0903727573504991,True,True,negative,False,False
theta_local:98:33842396:795,98,33842396.0,795.0,33843191.0,33843191.0,-188.19672853522707,negative,0.0761893412087709,True,True,negative,False,False
theta_local:99:4990677:357,99,4990677.0,357.0,4991034.0,4991101.0,-17.691366021948568,negative,0.076175182058325,True,True,negative,False,False
theta_local:100:6420:1,100,6420.0,1.0,6421.0,6421.0,7.767329147794049,positive,0.1159896775054861,True,True,positive,False,False
theta_local:101:1510642:1,101,1510642.0,1.0,1510643.0,1510643.0,13.228045945966745,positive,0.070535407834942,True,True,positive,False,False
theta_local:102:33476547:1246,102,33476547.0,1246.0,33477793.0,33477793.0,-154.43846648475437,negative,0.096662723146914,True,True,negative,False,False
theta_local:103:33823778:1001,103,33823778.0,1001.0,33824779.0,33824779.0,-12.808745615198404,negative,0.0986530057695944,True,True,negative,False,False
theta_local:104:30357034:1285,104,30357034.0,1285.0,30358319.0,30358319.0,-165.14358633355937,negative,0.097634505621578,True,True,negative,False,False
theta_local:105:604410439:22162,105,604410439.0,22162.0,604432601.0,604432601.0,-688.5913402072983,negative,0.2914811871626422,True,True,negative,False,True
theta_local:106:478:1,106,478.0,1.0,479.0,479.0,5.171700597410915,positive,0.1648068982246287,True,True,positive,False,False
theta_local:107:231700:1,107,231700.0,1.0,231701.0,231701.0,11.35320302633692,positive,0.0810551545684911,True,True,positive,False,False
theta_local:108:39633125:1622,108,39633125.0,1622.0,39634747.0,39634747.0,-169.89877765908955,negative,0.1078488246263689,True,True,negative,False,False
theta_local:109:33491912:935,109,33491912.0,935.0,33492847.0,33492847.0,-137.96589757999288,negative,0.0863386781827271,True,True,negative,False,False
theta_local:110:39654336:985,110,39654336.0,985.0,39655321.0,39655321.0,-127.70959529037896,negative,0.0882379519127139,True,True,negative,False,False
theta_local:111:30777698:2313,111,30777698.0,2313.0,30780011.0,30780011.0,-140.46546636399898,negative,0.1309387070981607,True,True,negative,False,False
theta_local:112:3459076:1,112,3459076.0,1.0,3459077.0,3459077.0,14.056512348440547,positive,0.067178289113327,True,True,positive,False,False
theta_local:113:30783029:1220,113,30783029.0,1220.0,30784249.0,30784249.0,-133.72293008495535,negative,0.0966458075650577,True,True,negative,False,False
theta_local:114:359416:3,114,359416.0,3.0,359419.0,359477.0,22.58448267109209,positive,0.0897827713986883,True,True,positive,False,False
theta_local:115:3453550:1,115,3453550.0,1.0,3453551.0,3453551.0,14.054913535029169,positive,0.0680235969848095,True,True,positive,False,False
theta_local:116:12829371:898,116,12829371.0,898.0,12830269.0,12830269.0,-46.90137454561159,negative,0.0962426881171498,True,True,negative,False,False
theta_local:117:17991472:705,117,17991472.0,705.0,17992177.0,17992327.0,-3.3720180676377822,negative,0.0927710098591296,True,True,negative,False,False
theta_local:118:179648340:1841,118,179648340.0,1841.0,179650181.0,179650181.0,-377.4982097341908,negative,0.0958698914280892,True,True,negative,False,False
theta_local:119:1513270:1,119,1513270.0,1.0,1513271.0,1513271.0,13.2297840910738,positive,0.0705260023814927,True,True,positive,False,False
theta_local:120:108557409:3872,120,108557409.0,3872.0,108561281.0,108561281.0,-263.9525918434665,negative,0.1470745643860575,True,True,negative,False,False
theta_local:121:108840439:1642,121,108840439.0,1642.0,108842081.0,108842081.0,-217.0841446013817,negative,0.0996639793175021,True,True,negative,False,False
theta_local:122:30418642:1,122,30418642.0,1.0,30418643.0,30418643.0,16.230566234990423,positive,0.0587452641225273,True,True,positive,False,False
theta_local:123:3277216:1,123,3277216.0,1.0,3277217.0,3277217.0,14.0025051445914,positive,0.0681011679331808,True,True,positive,False,False
theta_local:124:30340827:4,124,30340827.0,4.0,30340831.0,30340987.0,30.456009776270783,positive,0.0597199396392292,True,True,positive,False,False
theta_local:125:33826320:1541,125,33826320.0,1541.0,33827861.0,33827861.0,-102.04793904212896,negative,0.110098889929409,True,True,negative,False,False
theta_local:126:40847382:1,126,40847382.0,1.0,40847383.0,40847383.0,16.525353313570633,positive,0.057385037625347,True,True,positive,False,False
theta_local:127:3236860:1,127,3236860.0,1.0,3236861.0,3236861.0,13.990114590991642,positive,0.0687664195967628,True,True,positive,False,False
theta_local:128:187440181:9358,128,187440181.0,9358.0,187449539.0,187449539.0,-385.9233859879023,negative,0.2128199890626043,True,True,negative,False,False
theta_local:129:40872504:1787,129,40872504.0,1787.0,40874291.0,40874291.0,-139.55697264443688,negative,0.1130432056909814,True,True,negative,False,False
theta_local:130:109674416:4187,130,109674416.0,4187.0,109678603.0,109678603.0,-243.7212716620761,negative,0.1528036364238857,True,True,negative,False,False
theta_local:131:12786580:3,131,12786580.0,3.0,12786583.0,12786847.0,29.727813795617536,positive,0.071246224678351,True,True,positive,False,False
theta_local:132:1189386:1,132,1189386.0,1.0,1189387.0,1189387.0,12.988948606314286,positive,0.0709787746513286,True,True,positive,False,False
theta_local:133:30342328:1143,133,30342328.0,1143.0,30343471.0,30343471.0,-126.54371300174604,negative,0.0943688419287908,True,True,negative,False,False
theta_local:134:1189750:1,134,1189750.0,1.0,1189751.0,1189751.0,12.989254599495716,positive,0.0714970560553375,True,True,positive,False,False
theta_local:135:12830878:349,135,12830878.0,349.0,12831227.0,12831293.0,-5.285039920639065,negative,0.0716348006649615,True,True,negative,False,False
theta_local:136:359538:1,136,359538.0,1.0,359539.0,359539.0,11.792577934264838,positive,0.0782047695913046,True,True,positive,False,False
theta_local:137:2818:1,137,2818.0,1.0,2819.0,2819.0,6.944137491114112,positive,0.1252023670442801,True,True,positive,False,False
theta_local:138:7048210:3,138,7048210.0,3.0,7048213.0,7048303.0,28.53656905120186,positive,0.0741760381642046,True,True,positive,False,False
theta_local:139:109553597:2814,139,109553597.0,2814.0,109556411.0,109556411.0,-129.7691972891198,negative,0.13072783862462,True,True,negative,False,False
theta_local:140:1512660:1,140,1512660.0,1.0,1512661.0,1512661.0,13.229380909503124,positive,0.0706156379648199,True,True,positive,False,False
theta_local:141:12799572:1,141,12799572.0,1.0,12799573.0,12799573.0,15.36492236895841,positive,0.0616477751710293,True,True,positive,False,False
theta_local:142:2275960:1,142,2275960.0,1.0,2275961.0,2275961.0,13.637912938756417,positive,0.0680251836107398,True,True,positive,False,False
theta_local:143:42532:1,143,42532.0,1.0,42533.0,42533.0,9.658035524203411,positive,0.0954963866947735,True,True,positive,False,False
theta_local:144:445068:1,144,445068.0,1.0,445069.0,445069.0,12.005984605308186,positive,0.0786725939660381,True,True,positive,False,False
theta_local:145:1517806:1,145,1517806.0,1.0,1517807.0,1517807.0,13.232777087879647,positive,0.070706350398406,True,True,positive,False,False
theta_local:146:1518060:1,146,1518060.0,1.0,1518061.0,1518061.0,13.232944420583566,positive,0.0707800350270976,True,True,positive,False,False
theta_local:147:3458820:1,147,3458820.0,1.0,3458821.0,3458821.0,14.056438337519856,positive,0.0670028543786573,True,True,positive,False,False
theta_local:148:359700:1,148,359700.0,1.0,359701.0,359701.0,11.793028409774374,positive,0.0779234045557953,True,True,positive,False,False
theta_local:149:1511818:3,149,1511818.0,3.0,1511821.0,1511863.0,25.45764956203124,positive,0.0810451897299419,True,True,positive,False,False
theta_local:150:108589025:1662,150,108589025.0,1662.0,108590687.0,108590687.0,-181.7529341824936,negative,0.0995905772584955,True,True,negative,False,False
theta_local:151:39670780:3,151,39670780.0,3.0,39670783.0,39670973.0,31.992251009850825,positive,0.0668468275799452,True,True,positive,False,False
theta_local:152:3291538:1,152,3291538.0,1.0,3291539.0,3291539.0,14.006865794521072,positive,0.0668271319376652,True,True,positive,False,False
theta_local:153:108847420:1843,153,108847420.0,1843.0,108849263.0,108849263.0,-288.5408809320145,negative,0.1012159404301471,True,True,negative,False,False
theta_local:154:12800706:1045,154,12800706.0,1045.0,12801751.0,12801751.0,-46.73192403059045,negative,0.1004851300491716,True,True,negative,False,False
theta_local:155:109762638:1501,155,109762638.0,1501.0,109764139.0,109764139.0,-260.5729102754683,negative,0.0926824198591366,True,True,negative,False,False
theta_local:156:33870647:614,156,33870647.0,614.0,33871261.0,33871261.0,-111.19601929144392,negative,0.0691402528338287,True,True,negative,False,False
theta_local:157:1184608:1,157,1184608.0,1.0,1184609.0,1184609.0,12.984923320297408,positive,0.072561666975567,True,True,positive,False,False
theta_local:158:60126:1,158,60126.0,1.0,60127.0,60127.0,10.00421427088809,positive,0.0919654214564058,True,True,positive,False,False
theta_local:159:178902349:3310,159,178902349.0,3310.0,178905659.0,178905659.0,-326.6294922581101,negative,0.127736784305964,True,True,negative,False,False
theta_local:160:33869043:1078,160,33869043.0,1078.0,33870121.0,33870121.0,-89.73245844873679,negative,0.0914618710863124,True,True,negative,False,False
theta_local:161:108571084:1375,161,108571084.0,1375.0,108572459.0,108572459.0,-209.315923583554,negative,0.0882403302666724,True,True,negative,False,False
theta_local:162:1198750:1,162,1198750.0,1.0,1198751.0,1198751.0,12.996790739381732,positive,0.0719876878780127,True,True,positive,False,False
theta_local:163:109509400:1867,163,109509400.0,1867.0,109511267.0,109511267.0,-89.89320921839476,negative,0.1088223400603969,True,True,negative,False,False
theta_local:164:39636755:482,164,39636755.0,482.0,39637237.0,39637237.0,-62.1134514057519,negative,0.0651451540987114,True,True,negative,False,False
theta_local:165:40842945:1772,165,40842945.0,1772.0,40844717.0,40844717.0,-107.09979019561752,negative,0.1129806929343217,True,True,negative,False,False
theta_local:166:30798784:510,166,30798784.0,510.0,30799294.0,30799397.0,-27.196169889806526,negative,0.0722199673831855,True,True,negative,False,False
theta_local:167:109679748:2359,167,109679748.0,2359.0,109682107.0,109682107.0,-174.45589668660523,negative,0.1167362250522532,True,True,negative,False,False
theta_local:168:1196592:1,168,1196592.0,1.0,1196593.0,1196593.0,12.994988910012886,positive,0.0735589050981222,True,True,positive,False,False
theta_local:169:359836:1,169,359836.0,1.0,359837.0,359837.0,11.793406430119706,positive,0.0800334901917534,True,True,positive,False,False
theta_local:170:17641576:3,170,17641576.0,3.0,17641579.0,17641879.0,30.3715381206486,positive,0.0694300887821649,True,True,positive,False,False
theta_local:171:33861455:738,171,33861455.0,738.0,33862193.0,33862193.0,-113.83924430671334,negative,0.0736278072537615,True,True,negative,False,False
theta_local:172:1198360:3,172,1198360.0,3.0,1198363.0,1198397.0,24.99293236459349,positive,0.0829932104381138,True,True,positive,False,False
theta_local:173:30850276:3,173,30850276.0,3.0,30850279.0,30850439.0,31.489312639240573,positive,0.0687690106203953,True,True,positive,False,False
theta_local:174:30824836:675,174,30824836.0,675.0,30825511.0,30825511.0,-36.97787149460965,negative,0.0784523836661713,True,True,negative,False,False
theta_local:175:12776609:332,175,12776609.0,332.0,12776941.0,12776941.0,11.625904943145828,positive,0.0675855848506355,True,True,positive,False,False
theta_local:176:30358683:1004,176,30358683.0,1004.0,30359687.0,30359687.0,-108.11236392766864,negative,0.0892723594368366,True,True,negative,False,False
theta_local:177:110315160:4417,177,110315160.0,4417.0,110319577.0,110319577.0,-231.7350443422174,negative,0.1561570928801292,True,True,negative,False,False
theta_local:178:109495510:697,178,109495510.0,697.0,109496207.0,109496207.0,-178.6808742050422,negative,0.0652388028843534,True,True,negative,False,False
theta_local:179:30850871:350,179,30850871.0,350.0,30851221.0,30851287.0,12.138297093206972,positive,0.0668106572193494,True,True,positive,False,False
theta_local:180:7112886:1,180,7112886.0,1.0,7112887.0,7112887.0,14.777418767184288,positive,0.0641352518065375,True,True,positive,False,False
theta_local:181:180633960:1709,181,180633960.0,1709.0,180635669.0,180635669.0,-264.0889231567578,negative,0.0931836500249432,True,True,negative,False,False
theta_local:182:30787786:3,182,30787786.0,3.0,30787789.0,30788077.0,31.485257351625947,positive,0.0676460987104531,True,True,positive,False,False
theta_local:183:109724532:1537,183,109724532.0,1537.0,109726069.0,109726069.0,-204.0286805520348,negative,0.0924099628241718,True,True,negative,False,False
theta_local:184:604335487:20686,184,604335487.0,20686.0,604356173.0,604356173.0,-365.2446493016978,negative,0.2819169646022565,True,True,negative,False,True
theta_local:185:187498570:1749,185,187498570.0,1749.0,187500319.0,187500319.0,-263.1556726067745,negative,0.09346455550884,True,True,negative,False,False
theta_local:186:22052337:4,186,22052337.0,4.0,22052341.0,22052431.0,29.817858553351044,positive,0.0607248084445193,True,True,positive,False,False
theta_local:187:338530:1,187,338530.0,1.0,338531.0,338531.0,11.732370947643444,positive,0.079871308359875,True,True,positive,False,False
theta_local:188:31027175:684,188,31027175.0,684.0,31027859.0,31027859.0,-97.48691281590504,negative,0.072244005949339,True,True,negative,False,False
theta_local:189:39649782:1,189,39649782.0,1.0,39649783.0,39649783.0,16.495596033142387,positive,0.0574888285914167,True,True,positive,False,False
theta_local:190:31025775:446,190,31025775.0,446.0,31026221.0,31026421.0,88.76041429147188,positive,0.0841518906254193,True,True,positive,False,False
theta_local:191:109770459:2324,191,109770459.0,2324.0,109772783.0,109772783.0,-157.8722686231877,negative,0.1148387219870256,True,True,negative,False,False
theta_local:192:3459178:1,192,3459178.0,1.0,3459179.0,3459179.0,14.056541835640791,positive,0.068254632757475,True,True,positive,False,False
theta_local:193:1199992:1,193,1199992.0,1.0,1199993.0,1199993.0,12.997826281407882,positive,0.0715987515628432,True,True,positive,False,False
theta_local:194:33877658:605,194,33877658.0,605.0,33878263.0,33878389.0,1.8396280710575184,positive,0.0805833243274027,True,True,positive,False,False
theta_local:195:33865210:379,195,33865210.0,379.0,33865589.0,33865589.0,-66.91772891101186,negative,0.057783925386995,True,True,negative,False,False
theta_local:196:39647291:846,196,39647291.0,846.0,39648137.0,39648137.0,-58.70055013602325,negative,0.0817237377621316,True,True,negative,False,False
theta_local:197:30786460:3,197,30786460.0,3.0,30786463.0,30786629.0,31.48517121172168,positive,0.06834819426233,True,True,positive,False,False
theta_local:198:40839496:3,198,40839496.0,3.0,40839499.0,40839853.0,32.05032051862896,positive,0.0664294699592638,True,True,positive,False,False
theta_local:199:39635564:218,199,39635564.0,218.0,39635782.0,39635819.0,26.93335827774129,positive,0.0588053295328899,True,True,positive,False,False
theta_local:200:17590930:3,200,17590930.0,3.0,17590933.0,17591099.0,30.365788199920942,positive,0.0690704028270101,True,True,positive,False,False
theta_local:201:7051566:1,201,7051566.0,1.0,7051567.0,7051567.0,14.768760419593791,positive,0.0648470887681662,True,True,positive,False,False
theta_local:202:672:1,202,672.0,1.0,673.0,673.0,5.511745329644728,positive,0.1551610461475472,True,True,positive,False,False
theta_local:203:12784608:1,203,12784608.0,1.0,12784609.0,12784609.0,15.363752583525644,positive,0.0615986076879811,True,True,positive,False,False
theta_local:204:445140:1,204,445140.0,1.0,445141.0,445141.0,12.006146364893356,positive,0.078849161619478,True,True,positive,False,False
theta_local:205:12807856:1,205,12807856.0,1.0,12807857.0,12807857.0,15.365569368699422,positive,0.0621526059796389,True,True,positive,False,False
theta_local:206:180639336:961,206,180639336.0,961.0,180640297.0,180640297.0,-238.54340509111228,negative,0.0697019970406704,True,True,negative,False,False
theta_local:207:1518190:1,207,1518190.0,1.0,1518191.0,1518191.0,13.233030052474517,positive,0.0719532466962552,True,True,positive,False,False
theta_local:208:604819805:2762,208,604819805.0,2762.0,604822567.0,604822567.0,-456.8694624263994,negative,0.1030306737173388,True,True,negative,False,True
theta_local:209:40865652:274,209,40865652.0,274.0,40865926.0,40866037.0,23.938660520016867,positive,0.0613874169888523,True,True,positive,False,False
theta_local:210:30339268:1,210,30339268.0,1.0,30339269.0,30339269.0,16.227953437988603,positive,0.058274726799016,True,True,positive,False,False
theta_local:211:1507290:1,211,1507290.0,1.0,1507291.0,1507291.0,13.225824557839376,positive,0.071217737590593,True,True,positive,False,False
theta_local:212:338608:1,212,338608.0,1.0,338609.0,338609.0,11.73260132836337,positive,0.0799255305017518,True,True,positive,False,False
theta_local:213:17594718:1,213,17594718.0,1.0,17594719.0,17594719.0,15.683109358164144,positive,0.0598206042552528,True,True,positive,False,False
theta_local:214:231106:1,214,231106.0,1.0,231107.0,231107.0,11.350636085721526,positive,0.081042286548022,True,True,positive,False,False
theta_local:215:604879711:4200,215,604879711.0,4200.0,604883911.0,604883911.0,-418.75836712238106,negative,0.1286153186276067,True,True,negative,False,True
theta_local:216:12837190:1,216,12837190.0,1.0,12837191.0,12837191.0,15.367857062822154,positive,0.062888385067126,True,True,positive,False,False
theta_local:217:3236682:1,217,3236682.0,1.0,3236683.0,3236683.0,13.99005959793064,positive,0.0666226148249239,True,True,positive,False,False
theta_local:218:12784090:1,218,12784090.0,1.0,12784091.0,12784091.0,15.3637120652357,positive,0.0613983378884961,True,True,positive,False,False
theta_local:219:604161649:6250,219,604161649.0,6250.0,604167899.0,604167899.0,-386.3863224858651,negative,0.1550942530280692,True,True,negative,False,True
theta_local:220:1513318:1,220,1513318.0,1.0,1513319.0,1513319.0,13.229815809938929,positive,0.0718988838707155,True,True,positive,False,False
theta_local:221:3452880:1,221,3452880.0,1.0,3452881.0,3452881.0,14.05471951299229,positive,0.0679598564990468,True,True,positive,False,False
theta_local:222:3281626:1,222,3281626.0,1.0,3281627.0,3281627.0,14.003849893960211,positive,0.0684583966021968,True,True,positive,False,False
theta_local:223:604844050:4791,223,604844050.0,4791.0,604848841.0,604848841.0,-382.9342517927116,negative,0.1356230693499753,True,True,negative,False,True
theta_local:224:30417888:1,224,30417888.0,1.0,30417889.0,30417889.0,16.230541447252687,positive,0.0595665514274872,True,True,positive,False,False
theta_local:225:30422680:3,225,30422680.0,3.0,30422683.0,30422863.0,31.461398013179057,positive,0.0672912160005141,True,True,positive,False,False
theta_local:226:39648882:1,226,39648882.0,1.0,39648883.0,39648883.0,16.495573334147675,positive,0.0582681497791033,True,True,positive,False,False
theta_local:227:17642326:3,227,17642326.0,3.0,17642329.0,17642453.0,30.371623145248783,positive,0.0713316310686374,True,True,positive,False,False
theta_local:228:604704593:4338,228,604704593.0,4338.0,604708931.0,604708931.0,-435.4909596411353,negative,0.1280136512189761,True,True,negative,False,True
theta_local:229:12421836:1,229,12421836.0,1.0,12421837.0,12421837.0,15.334966530134755,positive,0.0618751942454069,True,True,positive,False,False
theta_local:230:30405922:1,230,30405922.0,1.0,30405923.0,30405923.0,16.23014798292479,positive,0.0593788171181867,True,True,positive,False,False
theta_local:231:17591796:1,231,17591796.0,1.0,17591797.0,17591797.0,15.682943271814093,positive,0.0608439203610845,True,True,positive,False,False
theta_local:232:7103277:4,232,7103277.0,4.0,7103281.0,7103387.0,27.552134414332773,positive,0.0636678531151053,True,True,positive,False,False
theta_local:233:108544444:873,233,108544444.0,873.0,108545317.0,108545317.0,-132.8930425093655,negative,0.072593883103974,True,True,negative,False,False
theta_local:234:33928206:1,234,33928206.0,1.0,33928207.0,33928207.0,16.33975729127334,positive,0.0577100468058422,True,True,positive,False,False
theta_local:235:12804850:567,235,12804850.0,567.0,12805417.0,12805417.0,-26.94325242094044,negative,0.0752600730877132,True,True,negative,False,False
theta_local:236:7114038:1,236,7114038.0,1.0,7114039.0,7114039.0,14.777580713623388,positive,0.0641316326651891,True,True,positive,False,False
theta_local:237:1189108:1,237,1189108.0,1.0,1189109.0,1189109.0,12.988714845146502,positive,0.0718770358244725,True,True,positive,False,False
theta_local:238:109610360:522,238,109610360.0,522.0,109610882.0,109610987.0,-77.7013201168142,negative,0.0613897943072523,True,True,negative,False,False
theta_local:239:1185978:1,239,1185978.0,1.0,1185979.0,1185979.0,12.986079151806315,positive,0.0720020312883792,True,True,positive,False,False
theta_local:240:3458052:1,240,3458052.0,1.0,3458053.0,3458053.0,14.056216271886404,positive,0.0681051918998026,True,True,positive,False,False
theta_local:241:40846297:128,241,40846297.0,128.0,40846425.0,40846543.0,64.7786110793472,positive,0.0576405602980837,True,True,positive,False,False
theta_local:242:30338298:1,242,30338298.0,1.0,30338299.0,30338299.0,16.227921465711795,positive,0.0582182910904303,True,True,positive,False,False
theta_local:243:30781182:7,243,30781182.0,7.0,30781189.0,30781319.0,44.727242683927344,positive,0.0666639054628127,True,True,positive,False,False
theta_local:244:7108398:1,244,7108398.0,1.0,7108399.0,7108399.0,14.776787600614824,positive,0.0646375517059872,True,True,positive,False,False
theta_local:245:7114350:1,245,7114350.0,1.0,7114351.0,7114351.0,14.77762456960429,positive,0.0631548657549673,True,True,positive,False,False
theta_local:246:12808371:16,246,12808371.0,16.0,12808387.0,12808469.0,49.4624408087016,positive,0.0624388750646292,True,True,positive,False,False
theta_local:247:30364068:1,247,30364068.0,1.0,30364069.0,30364069.0,16.22877052654409,positive,0.0580503951554774,True,True,positive,False,False
theta_local:248:22048822:1,248,22048822.0,1.0,22048823.0,22048823.0,15.90876977974763,positive,0.0588375187079942,True,True,positive,False,False
theta_local:249:1197166:1,249,1197166.0,1.0,1197167.0,1197167.0,12.99546849026404,positive,0.0733451964419051,True,True,positive,False,False
theta_local:250:12777762:1,250,12777762.0,1.0,12777763.0,12777763.0,15.363216952468896,positive,0.0613798520197853,True,True,positive,False,False
theta_local:251:12802758:1,251,12802758.0,1.0,12802759.0,12802759.0,15.365171252537955,positive,0.0619768263150305,True,True,positive,False,False
theta_local:252:39639838:294,252,39639838.0,294.0,39640132.0,39640253.0,38.41162530909082,positive,0.0623250464295579,True,True,positive,False,False
theta_local:253:153058:1,253,153058.0,1.0,153059.0,153059.0,10.938578746956969,positive,0.0867976721097067,True,True,positive,False,False
theta_local:254:109611738:1,254,109611738.0,1.0,109611739.0,109611739.0,17.51245503440681,positive,0.0542307354806207,True,True,positive,False,False
theta_local:255:33472329:4,255,33472329.0,4.0,33472333.0,33472553.0,30.652459490191177,positive,0.0583129230101737,True,True,positive,False,False
theta_local:256:33913800:1,256,33913800.0,1.0,33913801.0,33913801.0,16.339332598648777,positive,0.0584800149533509,True,True,positive,False,False
theta_local:257:7103076:1,257,7103076.0,1.0,7103077.0,7103077.0,14.776038628411124,positive,0.0630835742905236,True,True,positive,False,False
theta_local:258:179143998:1963,258,179143998.0,1963.0,179145961.0,179145961.0,-157.64794417599842,negative,0.0992292790633997,True,True,negative,False,False
theta_local:259:1512750:1,259,1512750.0,1.0,1512751.0,1512751.0,13.22944040553211,positive,0.0718102487098728,True,True,positive,False,False
theta_local:260:108586732:1,260,108586732.0,1.0,108586733.0,108586733.0,17.503059794097258,positive,0.0543474529340776,True,True,positive,False,False
theta_local:261:3284136:1,261,3284136.0,1.0,3284137.0,3284137.0,14.004614466102092,positive,0.0686459109048948,True,True,positive,False,False
theta_local:262:7118316:1,262,7118316.0,1.0,7118317.0,7118317.0,14.77818187904236,positive,0.0645287401420676,True,True,positive,False,False
theta_local:263:39693438:1,263,39693438.0,1.0,39693439.0,39693439.0,16.496696467516113,positive,0.0588645021490785,True,True,positive,False,False
theta_local:264:31039822:1,264,31039822.0,1.0,31039823.0,31039823.0,16.250781550943447,positive,0.0576298658887291,True,True,positive,False,False
theta_local:265:33881386:1,265,33881386.0,1.0,33881387.0,33881387.0,16.338376365517014,positive,0.0586131860322688,True,True,positive,False,False
theta_local:266:40875396:1,266,40875396.0,1.0,40875397.0,40875397.0,16.526038899672752,positive,0.0570659692284134,True,True,positive,False,False
theta_local:267:359206:1,267,359206.0,1.0,359207.0,359207.0,11.791654102970854,positive,0.0800494306768673,True,True,positive,False,False
theta_local:268:30796057:712,268,30796057.0,712.0,30796769.0,30796769.0,-22.283667759237915,negative,0.0776137683916326,True,True,negative,False,False
theta_local:269:178898710:757,269,178898710.0,757.0,178899467.0,178899467.0,-129.92303273409152,negative,0.0645219433395106,True,True,negative,False,False
theta_local:270:17643288:1,270,17643288.0,1.0,17643289.0,17643289.0,15.685866042410211,positive,0.0599602263937145,True,True,positive,False,False
theta_local:271:187423758:1265,271,187423758.0,1265.0,187425023.0,187425023.0,-64.92019598792695,negative,0.0855229588678136,True,True,negative,False,False
theta_local:272:39650618:347,272,39650618.0,347.0,39650965.0,39651113.0,55.3992965006438,positive,0.0666565964958798,True,True,positive,False,False
theta_local:273:30401962:1,273,30401962.0,1.0,30401963.0,30401963.0,16.230017736660166,positive,0.0584108084726998,True,True,positive,False,False
theta_local:274:109546815:776,274,109546815.0,776.0,109547591.0,109547591.0,-109.57283284869368,negative,0.0689354203592449,True,True,negative,False,False
theta_local:275:109492961:1238,275,109492961.0,1238.0,109494199.0,109494199.0,-108.80604725032116,negative,0.0837417020986148,True,True,negative,False,False
theta_local:276:108561847:313,276,108561847.0,313.0,108562160.0,108562291.0,-16.954684245508304,negative,0.0551202378966553,True,True,negative,False,False
theta_local:277:7103682:1,277,7103682.0,1.0,7103683.0,7103683.0,14.776123939910772,positive,0.0630902209402763,True,True,positive,False,False
theta_local:278:30401416:1,278,30401416.0,1.0,30401417.0,30401417.0,16.229999777132257,positive,0.0591615064749945,True,True,positive,False,False
theta_local:279:40862800:843,279,40862800.0,843.0,40863643.0,40863643.0,-1.7644553033559305,negative,0.0829200752976066,True,True,negative,False,False
theta_local:280:33913260:1,280,33913260.0,1.0,33913261.0,33913261.0,16.339316675800756,positive,0.058191274874661,True,True,positive,False,False
theta_local:281:108810600:1,281,108810600.0,1.0,108810601.0,108810601.0,17.505119323301336,positive,0.0544870044829864,True,True,positive,False,False
theta_local:282:1512876:1,282,1512876.0,1.0,1512877.0,1512877.0,13.229523694026316,positive,0.0708017239099497,True,True,positive,False,False
theta_local:283:17591998:1,283,17591998.0,1.0,17591999.0,17591999.0,15.682954754372712,positive,0.0606328476734683,True,True,positive,False,False
theta_local:284:30400756:1,284,30400756.0,1.0,30400757.0,30400757.0,16.229978067382206,positive,0.0592359497084479,True,True,positive,False,False
theta_local:285:187502433:1204,285,187502433.0,1204.0,187503637.0,187503637.0,-118.1895832631717,negative,0.0793621467961531,True,True,negative,False,False
theta_local:286:1188898:1,286,1188898.0,1.0,1188899.0,1188899.0,12.988538226732649,positive,0.0732650773543473,True,True,positive,False,False
theta_local:287:108554850:1,287,108554850.0,1.0,108554851.0,108554851.0,17.50276614237342,positive,0.0546923953449301,True,True,positive,False,False
theta_local:288:108533470:3,288,108533470.0,3.0,108533473.0,108533687.0,34.005138362130026,positive,0.06296609300304,True,True,positive,False,False
theta_local:289:187420762:1,289,187420762.0,1.0,187420763.0,187420763.0,18.04886671672199,positive,0.0528698455510337,True,True,positive,False,False
theta_local:290:1200060:1,290,1200060.0,1.0,1200061.0,1200061.0,12.997882946799592,positive,0.0734962713434768,True,True,positive,False,False
theta_local:291:22052746:1,291,22052746.0,1.0,22052747.0,22052747.0,15.908947732596488,positive,0.0591697378973292,True,True,positive,False,False
theta_local:292:1196118:1,292,1196118.0,1.0,1196119.0,1196119.0,12.994592706870844,positive,0.072507583675384,True,True,positive,False,False
theta_local:293:179405418:1105,293,179405418.0,1105.0,179406523.0,179406523.0,-97.72642586632604,negative,0.0771394318911972,True,True,negative,False,False
theta_local:294:40836766:1,294,40836766.0,1.0,40836767.0,40836767.0,16.525093385541517,positive,0.0575917731273201,True,True,positive,False,False
theta_local:295:30775878:1,295,30775878.0,1.0,30775879.0,30775879.0,16.242241791771498,positive,0.0597981788803012,True,True,positive,False,False
theta_local:296:12422076:1,296,12422076.0,1.0,12422077.0,12422077.0,15.334985850761935,positive,0.0608018746772307,True,True,positive,False,False
theta_local:297:604718720:5423,297,604718720.0,5423.0,604724143.0,604724143.0,-287.04929571977755,negative,0.1444593757832343,True,True,negative,False,True
theta_local:298:30423255:4,298,30423255.0,4.0,30423259.0,30423359.0,30.46143587930456,positive,0.0588683256744303,True,True,positive,False,False
theta_local:299:39651244:619,299,39651244.0,619.0,39651863.0,39651863.0,-24.148225995829307,negative,0.0700647985436921,True,True,negative,False,False
theta_local:300:108555462:1,300,108555462.0,1.0,108555463.0,108555463.0,17.50277178006044,positive,0.0542277324548623,True,True,positive,False,False
theta_local:301:604358714:2075,301,604358714.0,2075.0,604360789.0,604360789.0,-235.00910780034724,negative,0.0905498237696835,True,True,negative,False,True
theta_local:302:30848878:1,302,30848878.0,1.0,30848879.0,30848879.0,16.24461097054039,positive,0.0591459350334649,True,True,positive,False,False
theta_local:303:155848:1,303,155848.0,1.0,155849.0,155849.0,10.956642868748848,positive,0.0823330539773264,True,True,positive,False,False
theta_local:304:604869251:1710,304,604869251.0,1710.0,604870961.0,604870961.0,-193.460685806944,negative,0.084228112951883,True,True,negative,False,True
theta_local:305:30386676:13,305,30386676.0,13.0,30386689.0,30386821.0,55.9180601763964,positive,0.0656901337841472,True,True,positive,False,False
theta_local:306:17997750:1,306,17997750.0,1.0,17997751.0,17997751.0,15.705757363609788,positive,0.0614815788836374,True,True,positive,False,False
theta_local:307:17642590:1,307,17642590.0,1.0,17642591.0,17642591.0,15.68582647984297,positive,0.0615114980157123,True,True,positive,False,False
theta_local:308:2275512:1,308,2275512.0,1.0,2275513.0,2275513.0,13.637716079452618,positive,0.0691152327817433,True,True,positive,False,False
theta_local:309:108833866:973,309,108833866.0,973.0,108834839.0,108834839.0,-84.74379677806667,negative,0.0759633517847871,True,True,negative,False,False
theta_local:310:3459472:1,310,3459472.0,1.0,3459473.0,3459473.0,14.056626823294508,positive,0.0675533283624984,True,True,positive,False,False
theta_local:311:1516758:1,311,1516758.0,1.0,1516759.0,1516759.0,13.232086379526844,positive,0.0704701582316363,True,True,positive,False,False
theta_local:312:12785932:1,312,12785932.0,1.0,12785933.0,12785933.0,15.363856140188712,positive,0.0626516042594357,True,True,positive,False,False
theta_local:313:33868272:1,313,33868272.0,1.0,33868273.0,33868273.0,16.33798923441809,positive,0.0584495095176475,True,True,positive,False,False
theta_local:314:30402366:1,314,30402366.0,1.0,30402367.0,30402367.0,16.23003102518748,positive,0.0585071691732537,True,True,positive,False,False
theta_local:315:33926350:3,315,33926350.0,3.0,33926353.0,33926539.0,31.67940523101436,positive,0.0662381750517639,True,True,positive,False,False
theta_local:316:604433380:1183,316,604433380.0,1183.0,604434563.0,604434563.0,-212.4494583474634,negative,0.0706267903397897,True,True,negative,False,True
theta_local:317:12783492:1,317,12783492.0,1.0,12783493.0,12783493.0,15.36366528725307,positive,0.0614653493746613,True,True,positive,False,False
theta_local:318:30820420:1,318,30820420.0,1.0,30820421.0,30820421.0,16.24368804772401,positive,0.0586821462517961,True,True,positive,False,False
theta_local:319:109684920:1,319,109684920.0,1.0,109684921.0,109684921.0,17.51312245909733,positive,0.0544238599579058,True,True,positive,False,False
theta_local:320:604700469:2150,320,604700469.0,2150.0,604702619.0,604702619.0,-249.2969172381811,negative,0.0924905344982734,True,True,negative,False,True
theta_local:321:109470995:14,321,109470995.0,14.0,109471009.0,109471171.0,60.04468101919571,positive,0.0605347509168848,True,True,positive,False,False
theta_local:322:39669378:1,322,39669378.0,1.0,39669379.0,39669379.0,16.496090138221277,positive,0.0582727770264986,True,True,positive,False,False
theta_local:323:179438217:4,323,179438217.0,4.0,179438221.0,179438351.0,34.01068305675338,positive,0.0532141645529486,True,True,positive,False,False
theta_local:324:109683630:1,324,109683630.0,1.0,109683631.0,109683631.0,17.51311069806788,positive,0.055032164231841,True,True,positive,False,False
theta_local:325:1190200:1,325,1190200.0,1.0,1190201.0,1190201.0,12.989632758387462,positive,0.0715945211420518,True,True,positive,False,False
theta_local:326:187501386:1,326,187501386.0,1.0,187501387.0,187501387.0,18.04929680068071,positive,0.0525393820764277,True,True,positive,False,False
theta_local:327:109497076:3,327,109497076.0,3.0,109497079.0,109497203.0,34.02281684386655,positive,0.0638594994842023,True,True,positive,False,False
theta_local:328:33488866:3,328,33488866.0,3.0,33488869.0,33489013.0,31.65344728612889,positive,0.0671490711147243,True,True,positive,False,False
theta_local:329:109452148:3,329,109452148.0,3.0,109452151.0,109452269.0,34.021996050826246,positive,0.0627535154340644,True,True,positive,False,False
theta_local:330:187418830:1083,330,187418830.0,1083.0,187419913.0,187419913.0,-73.41046525155639,negative,0.0766870226372487,True,True,negative,False,False
theta_local:331:33415938:1,331,33415938.0,1.0,33415939.0,33415939.0,16.324543559684656,positive,0.0587411588277256,True,True,positive,False,False
theta_local:332:40835098:1,332,40835098.0,1.0,40835099.0,40835099.0,16.525052539162417,positive,0.0578586384299054,True,True,positive,False,False
theta_local:333:445000:1,333,445000.0,1.0,445001.0,445001.0,12.005831808336865,positive,0.0776707266078231,True,True,positive,False,False
theta_local:334:40836460:1,334,40836460.0,1.0,40836461.0,40836461.0,16.525085892265995,positive,0.0572224328808061,True,True,positive,False,False
theta_local:335:604682818:2559,335,604682818.0,2559.0,604685377.0,604685377.0,-132.574005324258,negative,0.103142612325526,True,True,negative,False,True
theta_local:336:12842770:1,336,12842770.0,1.0,12842771.0,12842771.0,15.368291642911316,positive,0.0614933608736022,True,True,positive,False,False
theta_local:337:3454738:1,337,3454738.0,1.0,3454739.0,3454739.0,14.055257469638663,positive,0.0678335682776829,True,True,positive,False,False
theta_local:338:108591025:712,338,108591025.0,712.0,108591737.0,108591737.0,-45.88831219329336,negative,0.0670776998596762,True,True,negative,False,False
theta_local:339:108529950:1,339,108529950.0,1.0,108529951.0,108530069.0,17.50253673893403,positive,0.0549969698681508,True,True,positive,False,False
theta_local:340:40882770:1,340,40882770.0,1.0,40882771.0,40882771.0,16.526219285319847,positive,0.0576333796617081,True,True,positive,False,False
theta_local:341:7102456:1,341,7102456.0,1.0,7102457.0,7102457.0,14.775951338485887,positive,0.0646932136535411,True,True,positive,False,False
theta_local:342:40863879:4,342,40863879.0,4.0,40863883.0,40864051.0,31.05151430036597,positive,0.0574566735917498,True,True,positive,False,False
theta_local:343:1518238:1,343,1518238.0,1.0,1518239.0,1518239.0,13.233061668549976,positive,0.07170621495335,True,True,positive,False,False
theta_local:344:109596735:482,344,109596735.0,482.0,109597217.0,109597217.0,-74.72895699034427,negative,0.0542204176570948,True,True,negative,False,False
theta_local:345:31018450:3,345,31018450.0,3.0,31018453.0,31018529.0,31.500185622358515,positive,0.0692098295960013,True,True,positive,False,False
theta_local:346:40845352:1,346,40845352.0,1.0,40845353.0,40845443.0,16.525303615149454,positive,0.0574305097109247,True,True,positive,False,False
theta_local:347:177979051:682,347,177979051.0,682.0,177979733.0,177979733.0,-55.09311664328777,negative,0.064256989998171,True,True,negative,False,False
theta_local:348:12783282:1,348,12783282.0,1.0,12783283.0,12783283.0,15.363648859683163,positive,0.0626209646339798,True,True,positive,False,False
theta_local:349:7051326:1,349,7051326.0,1.0,7051327.0,7051327.0,14.768726384026335,positive,0.0640096837074059,True,True,positive,False,False
theta_local:350:178894798:3,350,178894798.0,3.0,178894801.0,178894987.0,35.0046169630778,positive,0.0624748732312566,True,True,positive,False,False
theta_local:351:33843568:1,351,33843568.0,1.0,33843569.0,33843569.0,16.337259554044127,positive,0.0573142485737193,True,True,positive,False,False
theta_local:352:109712340:1,352,109712340.0,1.0,109712341.0,109712341.0,17.51337241663912,positive,0.0539020807162376,True,True,positive,False,False
theta_local:353:179664508:1,353,179664508.0,1.0,179664509.0,179664509.0,18.00660183085661,positive,0.0530489105874725,True,True,positive,False,False
theta_local:354:30784618:1,354,30784618.0,1.0,30784619.0,30784619.0,16.242525740093644,positive,0.0583295511087164,True,True,positive,False,False
theta_local:355:33843946:1,355,33843946.0,1.0,33843947.0,33843947.0,16.337270723016555,positive,0.0578346580287957,True,True,positive,False,False
theta_local:356:33821502:7,356,33821502.0,7.0,33821509.0,33821677.0,45.00982232048878,positive,0.0654611569085146,True,True,positive,False,False
theta_local:357:30978316:1,357,30978316.0,1.0,30978317.0,30978317.0,16.24879806610611,positive,0.058206963587266,True,True,positive,False,False
theta_local:358:2275026:1,358,2275026.0,1.0,2275027.0,2275027.0,13.63750247842863,positive,0.0701677034244439,True,True,positive,False,False
theta_local:359:109548912:1,359,109548912.0,1.0,109548913.0,109548913.0,17.511881701546663,positive,0.0540412935367529,True,True,positive,False,False
theta_local:360:33487676:504,360,33487676.0,504.0,33488180.0,33488281.0,-1.5258205110753806,negative,0.0702213435707402,True,True,negative,False,False
theta_local:361:33862647:4,361,33862647.0,4.0,33862651.0,33862799.0,30.67564639008905,positive,0.0585493445209605,True,True,positive,False,False
theta_local:362:3441016:1,362,3441016.0,1.0,3441017.0,3441017.0,14.051277625191709,positive,0.0664152882950914,True,True,positive,False,False
theta_local:363:17998026:1,363,17998026.0,1.0,17998027.0,17998027.0,15.70577269874159,positive,0.0607228067308972,True,True,positive,False,False
theta_local:364:12783556:1,364,12783556.0,1.0,12783557.0,12783557.0,15.36367029369691,positive,0.0625314742892232,True,True,positive,False,False
theta_local:365:1196652:1,365,1196652.0,1.0,1196653.0,1196653.0,12.995039051118322,positive,0.071617662491785,True,True,positive,False,False
theta_local:366:178000300:1,366,178000300.0,1.0,178000301.0,178000301.0,17.99729579926617,positive,0.0530150818740687,True,True,positive,False,False
theta_local:367:444928:1,367,444928.0,1.0,444929.0,444929.0,12.005669997857035,positive,0.0781852146270972,True,True,positive,False,False
theta_local:368:108530370:1,368,108530370.0,1.0,108530371.0,108530371.0,17.50254060882601,positive,0.0550780849806609,True,True,positive,False,False
theta_local:369:33877068:1,369,33877068.0,1.0,33877069.0,33877069.0,16.33824891278976,positive,0.0580315698450999,True,True,positive,False,False
theta_local:370:179411668:3,370,179411668.0,3.0,179411671.0,179411909.0,35.01038711128105,positive,0.0609062405598658,True,True,positive,False,False
theta_local:371:30801702:1,371,30801702.0,1.0,30801703.0,30801703.0,16.243080538623037,positive,0.0590182314704876,True,True,positive,False,False
theta_local:372:179380240:1,372,179380240.0,1.0,179380241.0,179380241.0,18.005018362169785,positive,0.0524959052411155,True,True,positive,False,False
theta_local:373:1198288:1,373,1198288.0,1.0,1198289.0,1198289.0,12.996405263957271,positive,0.0723746919761434,True,True,positive,False,False
theta_local:374:30339892:1,374,30339892.0,1.0,30339893.0,30339893.0,16.22797400518101,positive,0.0584872273607094,True,True,positive,False,False
theta_local:375:33866070:1,375,33866070.0,1.0,33866071.0,33866071.0,16.337924215703186,positive,0.0578606794756717,True,True,positive,False,False
theta_local:376:15936:1,376,15936.0,1.0,15937.0,15937.0,8.676398728859631,positive,0.1034376505744083,True,True,positive,False,False
theta_local:377:187426768:939,377,187426768.0,939.0,187427707.0,187427707.0,-24.65274645334739,negative,0.0744485929586305,True,True,negative,False,False
theta_local:378:108563562:1,378,108563562.0,1.0,108563563.0,108563563.0,17.502846393512364,positive,0.054274460944475,True,True,positive,False,False
theta_local:379:604678930:2583,379,604678930.0,2583.0,604681513.0,604681513.0,-197.01518438104904,negative,0.1005708971627918,True,True,negative,False,True
theta_local:380:3280746:1,380,3280746.0,1.0,3280747.0,3280747.0,14.00358169833306,positive,0.0681975726185681,True,True,positive,False,False
theta_local:381:22053060:1,381,22053060.0,1.0,22053061.0,22053061.0,15.908961971084082,positive,0.0603424434897043,True,True,positive,False,False
theta_local:382:604363228:1803,382,604363228.0,1803.0,604365031.0,604365031.0,-144.9856360139354,negative,0.0869939928500895,True,True,negative,False,True
theta_local:383:31019392:1,383,31019392.0,1.0,31019393.0,31019393.0,16.250123147500577,positive,0.0578361073290868,True,True,positive,False,False
theta_local:384:30977830:1,384,30977830.0,1.0,30977831.0,30977831.0,16.248782377590423,positive,0.0578287310274751,True,True,positive,False,False
theta_local:385:7048858:1,385,7048858.0,1.0,7048859.0,7048859.0,14.76837631771867,positive,0.0650198321388196,True,True,positive,False,False
theta_local:386:4995778:1,386,4995778.0,1.0,4995779.0,4995779.0,14.42410391386088,positive,0.0665766157119201,True,True,positive,False,False
theta_local:387:12802552:1,387,12802552.0,1.0,12802553.0,12802553.0,15.365155162126715,positive,0.061787082836556,True,True,positive,False,False
theta_local:388:30333336:1,388,30333336.0,1.0,30333337.0,30333337.0,16.22775789669213,positive,0.0585540342059468,True,True,positive,False,False
theta_local:389:12783646:1,389,12783646.0,1.0,12783647.0,12783647.0,15.363677333966155,positive,0.0620305679197299,True,True,positive,False,False
theta_local:390:179409772:1,390,179409772.0,1.0,179409773.0,179409773.0,18.00518298213642,positive,0.0528986214654153,True,True,positive,False,False
theta_local:391:12807942:1,391,12807942.0,1.0,12807943.0,12807943.0,15.36557608330525,positive,0.0627475897600344,True,True,positive,False,False
theta_local:392:3439378:1,392,3439378.0,1.0,3439379.0,3439379.0,14.050801489797482,positive,0.0675932165846349,True,True,positive,False,False
theta_local:393:30801246:1,393,30801246.0,1.0,30801247.0,30801247.0,16.243065734137215,positive,0.0584941961271208,True,True,positive,False,False
theta_local:394:3277456:1,394,3277456.0,1.0,3277457.0,3277457.0,14.002578374778016,positive,0.0667620359967211,True,True,positive,False,False
theta_local:395:33870358:1,395,33870358.0,1.0,33870359.0,33870359.0,16.33805082408824,positive,0.0592817646450739,True,True,positive,False,False
theta_local:396:1196398:1,396,1196398.0,1.0,1196399.0,1196399.0,12.994826769896724,positive,0.073189163234131,True,True,positive,False,False
theta_local:397:7049758:1,397,7049758.0,1.0,7049759.0,7049759.0,14.76850398980699,positive,0.0639775221679599,True,True,positive,False,False
theta_local:398:39691852:1,398,39691852.0,1.0,39691853.0,39691853.0,16.49665651049233,positive,0.0570431336777607,True,True,positive,False,False
theta_local:399:3266670:1,399,3266670.0,1.0,3266671.0,3266671.0,13.999281981502422,positive,0.0678918946863361,True,True,positive,False,False
theta_local:400:31019925:4,400,31019925.0,4.0,31019929.0,31019993.0,30.5002807892536,positive,0.058517488803213,True,True,positive,False,False
theta_local:401:617428:1,401,617428.0,1.0,617429.0,617429.0,12.333319361116503,positive,0.0738358982563811,True,True,positive,False,False
theta_local:402:1518622:1,402,1518622.0,1.0,1518623.0,1518623.0,13.233314561175357,positive,0.0714560474941763,True,True,positive,False,False
theta_local:403:30418938:1,403,30418938.0,1.0,30418939.0,30418939.0,16.230575965817664,positive,0.0579128565004976,True,True,positive,False,False
theta_local:404:180627380:987,404,180627380.0,987.0,180628367.0,180628367.0,-74.42642537397955,negative,0.0719233861912456,True,True,negative,False,False
theta_local:405:33844780:1,405,33844780.0,1.0,33844781.0,33844781.0,16.337295365228773,positive,0.059041266201577,True,True,positive,False,False
theta_local:406:1189150:1,406,1189150.0,1.0,1189151.0,1189151.0,12.988750165086293,positive,0.0720468489481977,True,True,positive,False,False
theta_local:407:3439062:1,407,3439062.0,1.0,3439063.0,3439063.0,14.050709608525468,positive,0.0681046044048134,True,True,positive,False,False
theta_local:408:910276:1,408,910276.0,1.0,910277.0,910277.0,12.721504227778484,positive,0.0749287563478817,True,True,positive,False,False
theta_local:409:40841362:1,409,40841362.0,1.0,40841363.0,40841363.0,16.52520592484683,positive,0.0586737489929136,True,True,positive,False,False
theta_local:410:1517916:1,410,1517916.0,1.0,1517917.0,1517917.0,13.232849558236008,positive,0.0705537248388434,True,True,positive,False,False
theta_local:411:179435746:3,411,179435746.0,3.0,179435749.0,179436077.0,35.010655503905085,positive,0.0608113493141144,True,True,positive,False,False
theta_local:412:1511562:1,412,1511562.0,1.0,1511563.0,1511563.0,13.228654772782928,positive,0.0706974408897726,True,True,positive,False,False
theta_local:413:108593346:1,413,108593346.0,1.0,108593347.0,108593347.0,17.503120702077418,positive,0.0546182774138054,True,True,positive,False,False
theta_local:414:179407294:505,414,179407294.0,505.0,179407799.0,179407799.0,-48.87590784572831,negative,0.0551196856546969,True,True,negative,False,False
theta_local:415:17640598:1,415,17640598.0,1.0,17640599.0,17640599.0,15.685713564882494,positive,0.0611881261978987,True,True,positive,False,False
theta_local:416:30371022:1,416,30371022.0,1.0,30371023.0,30371023.0,16.228999521011747,positive,0.0596340487654195,True,True,positive,False,False
theta_local:417:4991236:1,417,4991236.0,1.0,4991237.0,4991237.0,14.4231943327982,positive,0.0657125416893429,True,True,positive,False,False
theta_local:418:30400030:1,418,30400030.0,1.0,30400031.0,30400031.0,16.22995418611277,positive,0.0580098213946896,True,True,positive,False,False
theta_local:419:109592158:1,419,109592158.0,1.0,109592159.0,109592159.0,17.512276387948138,positive,0.0538415692856274,True,True,positive,False,False
theta_local:420:1512516:1,420,1512516.0,1.0,1512517.0,1512517.0,13.229285708493393,positive,0.0708371017721546,True,True,positive,False,False
theta_local:421:179641800:1,421,179641800.0,1.0,179641801.0,179641801.0,18.006475431740324,positive,0.0535518097468465,True,True,positive,False,False
theta_local:422:187430752:1,422,187430752.0,1.0,187430753.0,187430753.0,18.04892001782697,positive,0.0533821363327469,True,True,positive,False,False
theta_local:423:1197102:1,423,1197102.0,1.0,1197103.0,1197103.0,12.995415029292625,positive,0.0725973533181587,True,True,positive,False,False
theta_local:424:178906839:4,424,178906839.0,4.0,178906843.0,178907011.0,34.004751585154295,positive,0.0537613436683464,True,True,positive,False,False
theta_local:425:108842535:838,425,108842535.0,838.0,108843373.0,108843373.0,-42.267090202042255,negative,0.0705332046108587,True,True,negative,False,False
theta_local:426:1198102:1,426,1198102.0,1.0,1198103.0,1198103.0,12.996250030589469,positive,0.0716439824546732,True,True,positive,False,False
theta_local:427:108829176:1,427,108829176.0,1.0,108829177.0,108829177.0,17.5052900273906,positive,0.0544294247853158,True,True,positive,False,False
theta_local:428:109588770:1,428,109588770.0,1.0,109588771.0,109588771.0,17.51224547284982,positive,0.0537769958239419,True,True,positive,False,False
theta_local:429:108831195:4,429,108831195.0,4.0,108831199.0,108831299.0,33.01061719521155,positive,0.055060010476967,True,True,positive,False,False
theta_local:430:1190982:1,430,1190982.0,1.0,1190983.0,1190983.0,12.990289574516003,positive,0.072546546180588,True,True,positive,False,False
theta_local:431:39691186:1,431,39691186.0,1.0,39691187.0,39691187.0,16.496639731089576,positive,0.0580269088590896,True,True,positive,False,False
theta_local:432:604812190:1557,432,604812190.0,1557.0,604813747.0,604813747.0,-101.12905906513606,negative,0.0809591793277333,True,True,negative,False,True
theta_local:433:40864660:1,433,40864660.0,1.0,40864661.0,40864661.0,16.52577621329047,positive,0.0575819322666712,True,True,positive,False,False
theta_local:434:30360430:1,434,30360430.0,1.0,30360431.0,30360431.0,16.22865070670187,positive,0.0588814400924941,True,True,positive,False,False
theta_local:435:30360046:1,435,30360046.0,1.0,30360047.0,30360047.0,16.228638058580096,positive,0.0581421661772224,True,True,positive,False,False
theta_local:436:109496868:1,436,109496868.0,1.0,109496869.0,109496869.0,17.51140651320472,positive,0.0551035992031224,True,True,positive,False,False
theta_local:437:187505316:1,437,187505316.0,1.0,187505317.0,187505317.0,18.04931776030601,positive,0.0530690201586509,True,True,positive,False,False
theta_local:438:12837336:1,438,12837336.0,1.0,12837337.0,12837337.0,15.367868435962098,positive,0.0612899637796794,True,True,positive,False,False
theta_local:439:12830436:1,439,12830436.0,1.0,12830437.0,12830437.0,15.367330796806776,positive,0.0626960586435312,True,True,positive,False,False
theta_local:440:39623958:1,440,39623958.0,1.0,39623959.0,39623959.0,16.494944518523248,positive,0.0579331348020495,True,True,positive,False,False
theta_local:441:17992690:1,441,17992690.0,1.0,17992691.0,17992691.0,15.705476177842002,positive,0.0612759643063083,True,True,positive,False,False
theta_local:442:39646072:1,442,39646072.0,1.0,39646073.0,39646073.0,16.49550245952606,positive,0.0571023960704463,True,True,positive,False,False
theta_local:443:604711166:771,443,604711166.0,771.0,604711937.0,604711937.0,-83.51108885949861,negative,0.0595213337383874,True,True,negative,False,True
theta_local:444:178895308:1,444,178895308.0,1.0,178895309.0,178895413.0,18.00231132678245,positive,0.0530953390628619,True,True,positive,False,False
theta_local:445:179382099:4,445,179382099.0,4.0,179382103.0,179382319.0,34.01005747345147,positive,0.0531359360204135,True,True,positive,False,False
theta_local:446:3242092:1,446,3242092.0,1.0,3242093.0,3242093.0,13.99172966686262,positive,0.0681785423845579,True,True,positive,False,False
theta_local:447:1192096:1,447,1192096.0,1.0,1192097.0,1192097.0,12.991224499135525,positive,0.072182493775885,True,True,positive,False,False
theta_local:448:179438730:1,448,179438730.0,1.0,179438731.0,179438731.0,18.00534437614944,positive,0.0535246964138259,True,True,positive,False,False
theta_local:449:178913595:4,449,178913595.0,4.0,178913599.0,178913689.0,34.00482710906792,positive,0.0532662829880072,True,True,positive,False,False
theta_local:450:1511596:1,450,1511596.0,1.0,1511597.0,1511597.0,13.228677265803476,positive,0.0712006740325232,True,True,positive,False,False
theta_local:451:1199766:1,451,1199766.0,1.0,1199767.0,1199767.0,12.997637929238774,positive,0.073442667720498,True,True,positive,False,False
theta_local:452:179433592:1,452,179433592.0,1.0,179433593.0,179433593.0,18.00531574201046,positive,0.053478344253127,True,True,positive,False,False
theta_local:453:180641716:3,453,180641716.0,3.0,180641719.0,180641999.0,35.02405233789855,positive,0.0607003725406591,True,True,positive,False,False
theta_local:454:604142790:767,454,604142790.0,767.0,604143557.0,604143557.0,-59.3237404284406,negative,0.0613546266448391,True,True,negative,False,True
theta_local:455:230890:1,455,230890.0,1.0,230891.0,230891.0,11.349701016670412,positive,0.0812431088851837,True,True,positive,False,False
theta_local:456:30775090:1,456,30775090.0,1.0,30775091.0,30775091.0,16.24221618697599,positive,0.0592299076839352,True,True,positive,False,False
theta_local:457:12783816:1,457,12783816.0,1.0,12783817.0,12783817.0,15.363690632117276,positive,0.0622910070873101,True,True,positive,False,False
theta_local:458:109709668:3,458,109709668.0,3.0,109709671.0,109709861.0,34.026696141718304,positive,0.063077134089216,True,True,positive,False,False
theta_local:459:40861830:1,459,40861830.0,1.0,40861831.0,40861831.0,16.52570695790138,positive,0.0574831963320775,True,True,positive,False,False
theta_local:460:178299027:4,460,178299027.0,4.0,178299031.0,178299217.0,33.99794528509872,positive,0.0536908999369261,True,True,positive,False,False
theta_local:461:33487506:1,461,33487506.0,1.0,33487507.0,33487507.0,16.3266830018682,positive,0.0575407317020136,True,True,positive,False,False
theta_local:462:17594866:1,462,17594866.0,1.0,17594867.0,17594867.0,15.68311776974364,positive,0.0600786871028681,True,True,positive,False,False
theta_local:463:604207847:503,463,604207847.0,503.0,604208350.0,604208581.0,-17.733697378940747,negative,0.0555703834394379,True,True,negative,False,True
theta_local:464:109593396:1,464,109593396.0,1.0,109593397.0,109593397.0,17.51228768431294,positive,0.054101887905503,True,True,positive,False,False
theta_local:465:40864852:1,465,40864852.0,1.0,40864853.0,40864853.0,16.52578091171557,positive,0.0570730258776849,True,True,positive,False,False
theta_local:466:33862468:1,466,33862468.0,1.0,33862469.0,33862469.0,16.337817849908106,positive,0.0578902569502811,True,True,positive,False,False
theta_local:467:30400416:1,467,30400416.0,1.0,30400417.0,30400417.0,16.229966883387636,positive,0.0588312415358487,True,True,positive,False,False
theta_local:468:31039962:1,468,31039962.0,1.0,31039963.0,31039963.0,16.250786061268272,positive,0.0583303218485938,True,True,positive,False,False
theta_local:469:30802150:1,469,30802150.0,1.0,30802151.0,30802151.0,16.243095083167603,positive,0.0592880023223457,True,True,positive,False,False
theta_local:470:33904140:1,470,33904140.0,1.0,33904141.0,33904141.0,16.33904771828289,positive,0.0581891914296216,True,True,positive,False,False
theta_local:471:187509060:1,471,187509060.0,1.0,187509061.0,187509061.0,18.049337727540443,positive,0.0522625737058333,True,True,positive,False,False
theta_local:472:33388782:1,472,33388782.0,1.0,33388783.0,33388783.0,16.323730563217257,positive,0.0589474946578349,True,True,positive,False,False
theta_local:473:109490538:1,473,109490538.0,1.0,109490539.0,109490539.0,17.511348701661493,positive,0.0545556595614845,True,True,positive,False,False
theta_local:474:39691572:1,474,39691572.0,1.0,39691573.0,39691573.0,16.49664945612307,positive,0.0584362579013333,True,True,positive,False,False
theta_local:475:17585856:1,475,17585856.0,1.0,17585857.0,17585857.0,15.682605557419812,positive,0.0607320488763139,True,True,positive,False,False
theta_local:476:59140:1,476,59140.0,1.0,59141.0,59141.0,9.987679702292931,positive,0.091902998374857,True,True,positive,False,False
theta_local:477:17998326:1,477,17998326.0,1.0,17998327.0,17998327.0,15.705789367096394,positive,0.060032945144278,True,True,positive,False,False
theta_local:478:12895962:1,478,12895962.0,1.0,12895963.0,12895963.0,15.372424874617732,positive,0.0621454033244644,True,True,positive,False,False
theta_local:479:30795048:1,479,30795048.0,1.0,30795049.0,30795049.0,16.24286448826941,positive,0.0587764106373514,True,True,positive,False,False
theta_local:480:12422208:1,480,12422208.0,1.0,12422209.0,12422209.0,15.334996476947772,positive,0.0626318690183186,True,True,positive,False,False
theta_local:481:33877338:1,481,33877338.0,1.0,33877339.0,33877339.0,16.33825688275092,positive,0.0574697978033588,True,True,positive,False,False
theta_local:482:178037332:1,482,178037332.0,1.0,178037333.0,178037333.0,17.997503822219905,positive,0.0526050690035047,True,True,positive,False,False
theta_local:483:33453598:1,483,33453598.0,1.0,33453599.0,33453599.0,16.325669932173774,positive,0.0582047066805612,True,True,positive,False,False
theta_local:484:33486468:1,484,33486468.0,1.0,33486469.0,33486469.0,16.326652004753736,positive,0.0590543775726441,True,True,positive,False,False
theta_local:485:30788266:1,485,30788266.0,1.0,30788267.0,30788267.0,16.242644233808694,positive,0.0592444114270652,True,True,positive,False,False
theta_local:486:179621500:3,486,179621500.0,3.0,179621503.0,179621809.0,35.01272485653976,positive,0.0607185564329466,True,True,positive,False,False
theta_local:487:109567750:3,487,109567750.0,3.0,109567753.0,109567891.0,34.02410731121271,positive,0.062415968235633,True,True,positive,False,False
theta_local:488:108563856:1,488,108563856.0,1.0,108563857.0,108563857.0,17.502849101599622,positive,0.054996504598093,True,True,positive,False,False
theta_local:489:12883708:1,489,12883708.0,1.0,12883709.0,12883709.0,15.371474203024786,positive,0.0626855439789416,True,True,positive,False,False
theta_local:490:1196176:1,490,1196176.0,1.0,1196177.0,1196177.0,12.994641195853822,positive,0.0723425694553522,True,True,positive,False,False
theta_local:491:30805078:1,491,30805078.0,1.0,30805079.0,30805079.0,16.243190136946268,positive,0.059199372758358,True,True,positive,False,False
theta_local:492:40864428:1,492,40864428.0,1.0,40864429.0,40864429.0,16.525770535997356,positive,0.0574003500361583,True,True,positive,False,False
theta_local:493:30776686:1,493,30776686.0,1.0,30776687.0,30776687.0,16.24226804575415,positive,0.0575172282560766,True,True,positive,False,False
theta_local:494:3440928:1,494,3440928.0,1.0,3440929.0,3440929.0,14.05125205102998,positive,0.067330432211459,True,True,positive,False,False
theta_local:495:33475060:1,495,33475060.0,1.0,33475061.0,33475061.0,16.326311271795266,positive,0.0589771353560745,True,True,positive,False,False
theta_local:496:7051188:1,496,7051188.0,1.0,7051189.0,7051189.0,14.768706813050487,positive,0.0641413382477075,True,True,positive,False,False
theta_local:497:109712788:1,497,109712788.0,1.0,109712789.0,109712789.0,17.513376500036497,positive,0.0538341563467544,True,True,positive,False,False
theta_local:498:12784686:1,498,12784686.0,1.0,12784687.0,12784687.0,15.363758684593112,positive,0.0623343985337305,True,True,positive,False,False
theta_local:499:7047822:1,499,7047822.0,1.0,7047823.0,7047823.0,14.768229332775425,positive,0.0635363577559428,True,True,positive,False,False
theta_local:500:30849130:1,500,30849130.0,1.0,30849131.0,30849131.0,16.244619139361394,positive,0.0582246638945879,True,True,positive,False,False
theta_local:501:33921048:1,501,33921048.0,1.0,33921049.0,33921049.0,16.339546294117334,positive,0.0589798781115919,True,True,positive,False,False
theta_local:502:3454386:1,502,3454386.0,1.0,3454387.0,3454387.0,14.05515557541925,positive,0.0679790673252031,True,True,positive,False,False
theta_local:503:108585610:1,503,108585610.0,1.0,108585611.0,108585611.0,17.50304946128987,positive,0.0539363070407058,True,True,positive,False,False
theta_local:504:109595946:1,504,109595946.0,1.0,109595947.0,109595947.0,17.51231095186741,positive,0.0549182451089935,True,True,positive,False,False
theta_local:505:30816258:1,505,30816258.0,1.0,30816259.0,30816259.0,16.24355299826949,positive,0.0592946600278837,True,True,positive,False,False
theta_local:506:109494730:1,506,109494730.0,1.0,109494731.0,109494731.0,17.511386987341627,positive,0.0542490598802129,True,True,positive,False,False
theta_local:507:33844542:1,507,33844542.0,1.0,33844543.0,33844543.0,16.337288333100634,positive,0.0580375180528237,True,True,positive,False,False
theta_local:508:356286:1,508,356286.0,1.0,356287.0,356287.0,11.78349186482108,positive,0.079146666755995,True,True,positive,False,False
theta_local:509:187493471:409,509,187493471.0,409.0,187493880.0,187493959.0,-8.965630290394472,negative,0.0527000394631234,True,True,negative,False,False
theta_local:510:109637958:1,510,109637958.0,1.0,109637959.0,109637959.0,17.51269421375678,positive,0.0539602066688582,True,True,positive,False,False
theta_local:511:30824460:1,511,30824460.0,1.0,30824461.0,30824461.0,16.24381912105483,positive,0.0591672091169923,True,True,positive,False,False
theta_local:512:3440892:1,512,3440892.0,1.0,3440893.0,3440893.0,14.051241588684398,positive,0.0667862835392073,True,True,positive,False,False
theta_local:513:33413518:3,513,33413518.0,3.0,33413521.0,33413579.0,31.64894233292109,positive,0.0672557489636599,True,True,positive,False,False
theta_local:514:33925270:1,514,33925270.0,1.0,33925271.0,33925271.0,16.339670751862588,positive,0.0576781537726849,True,True,positive,False,False
theta_local:515:17988972:1,515,17988972.0,1.0,17988973.0,17988973.0,15.70526951702647,positive,0.0612996030095636,True,True,positive,False,False
theta_local:516:108563100:1,516,108563100.0,1.0,108563101.0,108563101.0,17.50284213793185,positive,0.0539925958935485,True,True,positive,False,False
theta_local:517:30819306:1,517,30819306.0,1.0,30819307.0,30819307.0,16.243651902204352,positive,0.0592365302710272,True,True,positive,False,False
theta_local:518:179148960:1,518,179148960.0,1.0,179148961.0,179148961.0,18.00372820208916,positive,0.0522904782391367,True,True,positive,False,False
theta_local:519:179651308:1,519,179651308.0,1.0,179651309.0,179651309.0,18.006528357887458,positive,0.0530909043365744,True,True,positive,False,False
theta_local:520:179378386:3,520,179378386.0,3.0,179378389.0,179378513.0,35.01001606420933,positive,0.0607122453167207,True,True,positive,False,False
theta_local:521:3452956:1,521,3452956.0,1.0,3452957.0,3452957.0,14.054741523355116,positive,0.0671528393559398,True,True,positive,False,False
theta_local:522:33913888:1,522,33913888.0,1.0,33913889.0,33913889.0,16.339335193459245,positive,0.0584378328293779,True,True,positive,False,False
theta_local:523:179152972:1,523,179152972.0,1.0,179152973.0,179152973.0,18.00375059660964,positive,0.0538687959944211,True,True,positive,False,False
theta_local:524:179663572:1,524,179663572.0,1.0,179663573.0,179663573.0,18.00659662113298,positive,0.0534388495763542,True,True,positive,False,False
theta_local:525:40862020:1,525,40862020.0,1.0,40862021.0,40862021.0,16.52571160770668,positive,0.0578255929598368,True,True,positive,False,False
theta_local:526:179146269:4,526,179146269.0,4.0,179146273.0,179146433.0,34.0074263842422,positive,0.0531778236195784,True,True,positive,False,False
theta_local:527:113356140:1,527,113356140.0,1.0,113356141.0,113356141.0,17.546045110777136,positive,0.0543127915521944,True,True,positive,False,False
theta_local:528:12787050:1,528,12787050.0,1.0,12787051.0,12787051.0,15.363943576211096,positive,0.0623841782535297,True,True,positive,False,False
theta_local:529:30775462:1,529,30775462.0,1.0,30775463.0,30775463.0,16.242228274600745,positive,0.0589936799309258,True,True,positive,False,False
theta_local:530:30372256:1,530,30372256.0,1.0,30372257.0,30372257.0,16.229040151020538,positive,0.0585621346261097,True,True,positive,False,False
theta_local:531:30405520:1,531,30405520.0,1.0,30405521.0,30405521.0,16.230134761729122,positive,0.0588415207934629,True,True,positive,False,False
theta_local:532:604687002:1,532,604687002.0,1.0,604687003.0,604687003.0,19.220221531709992,positive,0.0495970487553804,True,True,positive,False,True
theta_local:533:1516816:1,533,1516816.0,1.0,1516817.0,1516817.0,13.232124618225994,positive,0.0719952590113774,True,True,positive,False,False
theta_local:534:109710430:1,534,109710430.0,1.0,109710431.0,109710431.0,17.51335500732484,positive,0.0537419808709699,True,True,positive,False,False
theta_local:535:187510416:1,535,187510416.0,1.0,187510417.0,187510417.0,18.04934495916482,positive,0.0531373503880506,True,True,positive,False,False
theta_local:536:40837522:1,536,40837522.0,1.0,40837523.0,40837523.0,16.52511189809914,positive,0.0582862399690892,True,True,positive,False,False
theta_local:537:109705906:3,537,109705906.0,3.0,109705909.0,109705961.0,34.026627559532216,positive,0.062945964652692,True,True,positive,False,False
theta_local:538:22051936:1,538,22051936.0,1.0,22051937.0,22051937.0,15.9089110018039,positive,0.0592227219681117,True,True,positive,False,False
theta_local:539:30405238:1,539,30405238.0,1.0,30405239.0,30405239.0,16.230125487054703,positive,0.0586840450587244,True,True,positive,False,False
theta_local:540:39693658:1,540,39693658.0,1.0,39693659.0,39693659.0,16.49670200997844,positive,0.0578586689500238,True,True,positive,False,False
theta_local:541:109549708:1,541,109549708.0,1.0,109549709.0,109549709.0,17.511888967680907,positive,0.0553866981611319,True,True,positive,False,False
theta_local:542:109708372:1,542,109708372.0,1.0,109708373.0,109708373.0,17.513336248677327,positive,0.0539226810221447,True,True,positive,False,False
theta_local:543:1513360:1,543,1513360.0,1.0,1513361.0,1513361.0,13.229843563120635,positive,0.0719137564642965,True,True,positive,False,False
theta_local:544:39639178:1,544,39639178.0,1.0,39639179.0,39639179.0,16.495328555808953,positive,0.0572991505271071,True,True,positive,False,False
theta_local:545:3439528:1,545,3439528.0,1.0,3439529.0,3439529.0,14.050845101370722,positive,0.067250622654454,True,True,positive,False,False
theta_local:546:109707406:1,546,109707406.0,1.0,109707407.0,109707407.0,17.51332744347653,positive,0.0546180793996679,True,True,positive,False,False
theta_local:547:187428430:1,547,187428430.0,1.0,187428431.0,187428431.0,18.04890762917491,positive,0.0533980768267338,True,True,positive,False,False
theta_local:548:187428028:1,548,187428028.0,1.0,187428029.0,187428029.0,18.04890548435393,positive,0.0533775287472083,True,True,positive,False,False
theta_local:549:180642562:1,549,180642562.0,1.0,180642563.0,180642563.0,18.012030846706068,positive,0.0527301641514067,True,True,positive,False,False
theta_local:550:7049820:1,550,7049820.0,1.0,7049821.0,7049821.0,14.768512784395195,positive,0.0635646765148008,True,True,positive,False,False
theta_local:551:178893970:1,551,178893970.0,1.0,178893971.0,178893971.0,18.0023038475198,positive,0.0530024887145839,True,True,positive,False,False
theta_local:552:40874502:1,552,40874502.0,1.0,40874503.0,40874503.0,16.526017028086365,positive,0.0570161561593372,True,True,positive,False,False
theta_local:553:30819420:1,553,30819420.0,1.0,30819421.0,30819421.0,16.243655601177505,positive,0.0587588750929464,True,True,positive,False,False
theta_local:554:180640798:1,554,180640798.0,1.0,180640799.0,180640799.0,18.012021081517933,positive,0.05321805432487,True,True,positive,False,False
theta_local:555:108537550:1,555,108537550.0,1.0,108537551.0,108537551.0,17.502606763234606,positive,0.0546192148320618,True,True,positive,False,False
theta_local:556:17641998:1,556,17641998.0,1.0,17641999.0,17641999.0,15.685792924117932,positive,0.0598426521833724,True,True,positive,False,False
theta_local:557:3290148:1,557,3290148.0,1.0,3290149.0,3290149.0,14.00644341046985,positive,0.0675498915325295,True,True,positive,False,False
theta_local:558:33912946:1,558,33912946.0,1.0,33912947.0,33912947.0,16.33930741684292,positive,0.0574866140386708,True,True,positive,False,False
theta_local:559:179412616:3,559,179412616.0,3.0,179412619.0,179412683.0,35.01039767912757,positive,0.0619950192191761,True,True,positive,False,False
theta_local:560:12421480:1,560,12421480.0,1.0,12421481.0,12421481.0,15.334937870516908,positive,0.0622752181913237,True,True,positive,False,False
theta_local:561:33413668:1,561,33413668.0,1.0,33413669.0,33413669.0,16.32447562572338,positive,0.0587642933105582,True,True,positive,False,False
theta_local:562:30819748:1,562,30819748.0,1.0,30819749.0,30819749.0,16.243666243760785,positive,0.0580547828799747,True,True,positive,False,False
theta_local:563:179149510:1,563,179149510.0,1.0,179149511.0,179149511.0,18.003731272155274,positive,0.0531911372632449,True,True,positive,False,False
theta_local:564:33919968:1,564,33919968.0,1.0,33919969.0,33919969.0,16.339514454972466,positive,0.0572929033583325,True,True,positive,False,False
theta_local:565:108548482:1,565,108548482.0,1.0,108548483.0,108548483.0,17.50270747906425,positive,0.0548290277819213,True,True,positive,False,False
theta_local:566:179410462:1,566,179410462.0,1.0,179410463.0,179410463.0,18.00518682807336,positive,0.0529344425052005,True,True,positive,False,False
theta_local:567:187494808:1,567,187494808.0,1.0,187494809.0,187494809.0,18.04926171765816,positive,0.0533769146537428,True,True,positive,False,False
theta_local:568:22049008:1,568,22049008.0,1.0,22049009.0,22049009.0,15.90877821553649,positive,0.0601826318256086,True,True,positive,False,False
theta_local:569:12801862:1,569,12801862.0,1.0,12801863.0,12801863.0,15.365101265173926,positive,0.0618257782739292,True,True,positive,False,False
theta_local:570:3457006:1,570,3457006.0,1.0,3457007.0,3457007.0,14.055913743778772,positive,0.0670021121055387,True,True,positive,False,False
theta_local:571:33876298:1,571,33876298.0,1.0,33876299.0,33876299.0,16.338226183292385,positive,0.0575605054459224,True,True,positive,False,False
theta_local:572:109707048:1,572,109707048.0,1.0,109707049.0,109707049.0,17.513324180245785,positive,0.0553866321277111,True,True,positive,False,False
theta_local:573:187422502:1,573,187422502.0,1.0,187422503.0,187422503.0,18.04887600060225,positive,0.0527563650979463,True,True,positive,False,False
theta_local:574:39640720:1,574,39640720.0,1.0,39640721.0,39640721.0,16.495367455958934,positive,0.0571320591561566,True,True,positive,False,False
theta_local:575:109549456:1,575,109549456.0,1.0,109549457.0,109549457.0,17.511886667352663,positive,0.0540619683285294,True,True,positive,False,False
theta_local:576:31038970:1,576,31038970.0,1.0,31038971.0,31038971.0,16.2507541019566,positive,0.0595944719958201,True,True,positive,False,False
theta_local:577:178897716:1,577,178897716.0,1.0,178897717.0,178897717.0,18.002324787078347,positive,0.053307626629905,True,True,positive,False,False
theta_local:578:30405370:1,578,30405370.0,1.0,30405371.0,30405371.0,16.230129828402376,positive,0.0588782474204922,True,True,positive,False,False
theta_local:579:33453478:1,579,33453478.0,1.0,33453479.0,33453479.0,16.325666345109337,positive,0.0580210470558037,True,True,positive,False,False
theta_local:580:108832878:1,580,108832878.0,1.0,108832879.0,108832879.0,17.50532404342507,positive,0.0551944556078763,True,True,positive,False,False
theta_local:581:618462:1,581,618462.0,1.0,618463.0,618463.0,12.3349926468749,positive,0.0758472344787391,True,True,positive,False,False
theta_local:582:30816060:1,582,30816060.0,1.0,30816061.0,30816061.0,16.243546573069203,positive,0.058953267494846,True,True,positive,False,False
theta_local:583:108833356:1,583,108833356.0,1.0,108833357.0,108833357.0,17.50532843547052,positive,0.0551126535106919,True,True,positive,False,False
theta_local:584:1188222:1,584,1188222.0,1.0,1188223.0,1188223.0,12.987969471727038,positive,0.0716596292835551,True,True,positive,False,False
theta_local:585:178900036:1,585,178900036.0,1.0,178900037.0,178900037.0,18.002337755298377,positive,0.0529724911905533,True,True,positive,False,False
theta_local:586:30372486:1,586,30372486.0,1.0,30372487.0,30372487.0,16.229047723692176,positive,0.0591456035531357,True,True,positive,False,False
theta_local:587:3459372:1,587,3459372.0,1.0,3459373.0,3459373.0,14.056597916739856,positive,0.0670778427952545,True,True,positive,False,False
theta_local:588:108625338:1,588,108625338.0,1.0,108625339.0,108625339.0,17.503415262373498,positive,0.0546879388476579,True,True,positive,False,False
theta_local:589:179148198:1,589,179148198.0,1.0,179148199.0,179148199.0,18.00372394863652,positive,0.0533955975603065,True,True,positive,False,False
theta_local:590:30372070:1,590,30372070.0,1.0,30372071.0,30372071.0,16.22903402699197,positive,0.059405209494254,True,True,positive,False,False
theta_local:591:1188552:1,591,1188552.0,1.0,1188553.0,1188553.0,12.988247158814184,positive,0.0720415041049189,True,True,positive,False,False
theta_local:592:30775242:1,592,30775242.0,1.0,30775243.0,30775243.0,16.242221126023114,positive,0.0592419667918848,True,True,positive,False,False
theta_local:593:31020360:1,593,31020360.0,1.0,31020361.0,31020361.0,16.250154353298075,positive,0.0594288049849526,True,True,positive,False,False
theta_local:594:7117518:1,594,7117518.0,1.0,7117519.0,7117519.0,14.778069767607407,positive,0.0629010542370778,True,True,positive,False,False
theta_local:595:180625572:1,595,180625572.0,1.0,180625573.0,180625573.0,18.01193678914428,positive,0.0540405158920827,True,True,positive,False,False
theta_local:596:187503916:1,596,187503916.0,1.0,187503917.0,187503917.0,18.0493102938232,positive,0.0530090126830941,True,True,positive,False,False
theta_local:597:187494522:1,597,187494522.0,1.0,187494523.0,187494523.0,18.04926019228144,positive,0.0528707607606841,True,True,positive,False,False
theta_local:598:604874232:1,598,604874232.0,1.0,604874233.0,604874233.0,19.220531115046366,positive,0.0500097816638249,True,True,positive,False,True
theta_local:599:3293280:1,599,3293280.0,1.0,3293281.0,3293281.0,14.007394890241423,positive,0.0680363504019927,True,True,positive,False,False
theta_local:600:39634896:1,600,39634896.0,1.0,39634897.0,39634897.0,16.49522052553676,positive,0.0573656258538636,True,True,positive,False,False
theta_local:601:231130:1,601,231130.0,1.0,231131.0,231131.0,11.35073992833084,positive,0.0819644318764493,True,True,positive,False,False
theta_local:602:3281136:1,602,3281136.0,1.0,3281137.0,3281137.0,14.003700566633828,positive,0.0679109811235516,True,True,positive,False,False
theta_local:603:3279948:1,603,3279948.0,1.0,3279949.0,3279949.0,14.003338431458957,positive,0.0689578925494887,True,True,positive,False,False
theta_local:604:108583546:1,604,108583546.0,1.0,108583547.0,108583547.0,17.503030453065875,positive,0.0548036969719685,True,True,positive,False,False
theta_local:605:108549390:1,605,108549390.0,1.0,108549391.0,108549391.0,17.502715843955013,positive,0.0552486098001437,True,True,positive,False,False
theta_local:606:179378776:1,606,179378776.0,1.0,179378777.0,179378777.0,18.00501020070247,positive,0.0534127556850271,True,True,positive,False,False
theta_local:607:108835720:1,607,108835720.0,1.0,108835721.0,108835721.0,17.505350156516258,positive,0.0538377238745202,True,True,positive,False,False
theta_local:608:604715326:3,608,604715326.0,3.0,604715329.0,604715411.0,37.44053674605736,positive,0.0575299398750813,True,True,positive,False,True
theta_local:609:7050132:1,609,7050132.0,1.0,7050133.0,7050133.0,14.768557039858733,positive,0.0632807219153433,True,True,positive,False,False
theta_local:610:39690816:1,610,39690816.0,1.0,39690817.0,39690817.0,16.496630409077497,positive,0.0572432765201052,True,True,positive,False,False
theta_local:611:12787498:1,611,12787498.0,1.0,12787499.0,12787499.0,15.363978611040649,positive,0.0624350554689092,True,True,positive,False,False
theta_local:612:179471946:1,612,179471946.0,1.0,179471947.0,179471947.0,18.005529469556407,positive,0.0533176291738061,True,True,positive,False,False
theta_local:613:3454540:1,613,3454540.0,1.0,3454541.0,3454541.0,14.055200155417774,positive,0.0671373968539844,True,True,positive,False,False
theta_local:614:178894332:1,614,178894332.0,1.0,178894333.0,178894333.0,18.002305871062745,positive,0.0522469832588965,True,True,positive,False,False
theta_local:615:12772596:1,615,12772596.0,1.0,12772597.0,12772597.0,15.362812574599436,positive,0.0613475132513681,True,True,positive,False,False
theta_local:616:39639546:1,616,39639546.0,1.0,39639547.0,39639547.0,16.495337839510107,positive,0.058118617673595,True,True,positive,False,False
theta_local:617:33924948:1,617,33924948.0,1.0,33924949.0,33924949.0,16.33966126036794,positive,0.0587249591196037,True,True,positive,False,False
theta_local:618:40841676:1,618,40841676.0,1.0,40841677.0,40841677.0,16.525213613101332,positive,0.0573691069320696,True,True,positive,False,False
theta_local:619:179143312:1,619,179143312.0,1.0,179143313.0,179143313.0,18.003696674755687,positive,0.0526954111441211,True,True,positive,False,False
theta_local:620:109709025:4,620,109709025.0,4.0,109709029.0,109709357.0,33.02668443806669,positive,0.0536476402628444,True,True,positive,False,False
theta_local:621:109547922:1,621,109547922.0,1.0,109547923.0,109547923.0,17.51187266444673,positive,0.0542878804108003,True,True,positive,False,False
theta_local:622:109706380:1,622,109706380.0,1.0,109706381.0,109706381.0,17.51331809128396,positive,0.0547045381421748,True,True,positive,False,False
theta_local:623:3236922:1,623,3236922.0,1.0,3236923.0,3236923.0,13.990133745167933,positive,0.0665491911550268,True,True,positive,False,False
theta_local:624:17992786:1,624,17992786.0,1.0,17992787.0,17992787.0,15.705481513327612,positive,0.0602231644947032,True,True,positive,False,False
theta_local:625:179156290:1,625,179156290.0,1.0,179156291.0,179156291.0,18.00376911692342,positive,0.053043692849709,True,True,positive,False,False
theta_local:626:39641386:1,626,39641386.0,1.0,39641387.0,39641387.0,16.49538425672311,positive,0.058475346315823,True,True,positive,False,False
theta_local:627:108562540:1,627,108562540.0,1.0,108562541.0,108562541.0,17.502836979628164,positive,0.0539266504041357,True,True,positive,False,False
theta_local:628:179642356:1,628,179642356.0,1.0,179642357.0,179642357.0,18.00647852678356,positive,0.0535047767229565,True,True,positive,False,False
theta_local:629:604176892:1,629,604176892.0,1.0,604176893.0,604176893.0,19.21937758222657,positive,0.0500161652626329,True,True,positive,False,True
theta_local:630:30848970:1,630,30848970.0,1.0,30848971.0,30848971.0,16.24461395281611,positive,0.058579513692382,True,True,positive,False,False
theta_local:631:108582250:1,631,108582250.0,1.0,108582251.0,108582251.0,17.503018517484747,positive,0.0547495290911708,True,True,positive,False,False
theta_local:632:39640962:1,632,39640962.0,1.0,39640963.0,39640963.0,16.49537356077376,positive,0.0580400668049056,True,True,positive,False,False
theta_local:633:22048450:1,633,22048450.0,1.0,22048451.0,22048451.0,15.908752907956416,positive,0.059301344400477,True,True,positive,False,False
theta_local:634:33925710:1,634,33925710.0,1.0,33925711.0,33925711.0,16.33968372146117,positive,0.0587468552079326,True,True,positive,False,False
theta_local:635:109814320:3,635,109814320.0,3.0,109814323.0,109814437.0,34.02860303138397,positive,0.0633755060442757,True,True,positive,False,False
theta_local:636:31019626:1,636,31019626.0,1.0,31019627.0,31019627.0,16.25013069114005,positive,0.0592948192838186,True,True,positive,False,False
theta_local:637:179471562:1,637,179471562.0,1.0,179471563.0,179471563.0,18.00552732994397,positive,0.0529207311887221,True,True,positive,False,False
theta_local:638:40844890:1,638,40844890.0,1.0,40844891.0,40844891.0,16.525292304129255,positive,0.0565828693332161,True,True,positive,False,False
theta_local:639:180628950:1,639,180628950.0,1.0,180628951.0,180628951.0,18.01195549064018,positive,0.053746653892514,True,True,positive,False,False
theta_local:640:30419218:1,640,30419218.0,1.0,30419219.0,30419219.0,16.23058517056709,positive,0.058670038662687,True,True,positive,False,False
theta_local:641:187504432:1,641,187504432.0,1.0,187504433.0,187504433.0,18.049313045761924,positive,0.0527700079995033,True,True,positive,False,False
theta_local:642:17640382:1,642,17640382.0,1.0,17640383.0,17640383.0,15.685701320325355,positive,0.0597908065041726,True,True,positive,False,False
theta_local:643:40865008:1,643,40865008.0,1.0,40865009.0,40865009.0,16.52578472916971,positive,0.0577667541715999,True,True,positive,False,False
theta_local:644:109489716:1,644,109489716.0,1.0,109489717.0,109489717.0,17.511341194135333,positive,0.0543575136108819,True,True,positive,False,False
theta_local:645:22052532:1,645,22052532.0,1.0,22052533.0,22052533.0,15.908938028542916,positive,0.0601268944145263,True,True,positive,False,False
theta_local:646:4994850:1,646,4994850.0,1.0,4994851.0,4994851.0,14.423918139790043,positive,0.0655616696833343,True,True,positive,False,False
theta_local:647:1184526:1,647,1184526.0,1.0,1184527.0,1184527.0,12.984854096749215,positive,0.0713029062187651,True,True,positive,False,False
theta_local:648:12784896:1,648,12784896.0,1.0,12784897.0,12784897.0,15.363775110358976,positive,0.0624796157859059,True,True,positive,False,False
theta_local:649:109494936:1,649,109494936.0,1.0,109494937.0,109494937.0,17.511388868708924,positive,0.0546385149744283,True,True,positive,False,False
theta_local:650:180642688:1,650,180642688.0,1.0,180642689.0,180642689.0,18.01203154421586,positive,0.0538199983464121,True,True,positive,False,False
theta_local:651:30372382:1,651,30372382.0,1.0,30372383.0,30372383.0,16.229044299534714,positive,0.0577692159185545,True,True,positive,False,False
theta_local:652:39644460:1,652,39644460.0,1.0,39644461.0,39644461.0,16.49546179893472,positive,0.0588197708884661,True,True,positive,False,False
theta_local:653:30336730:1,653,30336730.0,1.0,30336731.0,30336731.0,16.227869780529264,positive,0.0590425078700368,True,True,positive,False,False
theta_local:654:109442620:1,654,109442620.0,1.0,109442621.0,109442621.0,17.510910960747644,positive,0.0553579920235929,True,True,positive,False,False
theta_local:655:109568046:1,655,109568046.0,1.0,109568047.0,109568047.0,17.512056348000765,positive,0.0552176978121025,True,True,positive,False,False
theta_local:656:1189056:1,656,1189056.0,1.0,1189057.0,1189057.0,12.988671113968772,positive,0.0719034765237246,True,True,positive,False,False
theta_local:657:179470606:1,657,179470606.0,1.0,179470607.0,179470607.0,18.005522003180605,positive,0.0532267242816651,True,True,positive,False,False
theta_local:658:604205662:1,658,604205662.0,1.0,604205663.0,604205663.0,19.219425199597183,positive,0.0500425677380953,True,True,positive,False,True
theta_local:659:40835242:1,659,40835242.0,1.0,40835243.0,40835243.0,16.525056065534326,positive,0.0569943124153184,True,True,positive,False,False
theta_local:660:109719918:1,660,109719918.0,1.0,109719919.0,109719919.0,17.513441485790604,positive,0.0544002260223994,True,True,positive,False,False
theta_local:661:17998150:1,661,17998150.0,1.0,17998151.0,17998151.0,15.705779588361928,positive,0.0608850796926477,True,True,positive,False,False
theta_local:662:33915558:1,662,33915558.0,1.0,33915559.0,33915647.0,16.33938443460891,positive,0.0590007255143094,True,True,positive,False,False
theta_local:663:604872087:4,663,604872087.0,4.0,604872091.0,604872131.0,36.44105514430968,positive,0.0503724694200252,True,True,positive,False,True
theta_local:664:604206345:626,664,604206345.0,626.0,604206971.0,604206971.0,-80.07547556299744,negative,0.0508464536997485,True,True,negative,False,True
theta_local:665:179661412:1,665,179661412.0,1.0,179661413.0,179661413.0,18.006584598590244,positive,0.0530721365313695,True,True,positive,False,False
theta_local:666:604874692:1,666,604874692.0,1.0,604874693.0,604874693.0,19.220531875534743,positive,0.0497726846618487,True,True,positive,False,True
theta_local:667:179381332:1,667,179381332.0,1.0,179381333.0,179381333.0,18.005024449778265,positive,0.0531241987332051,True,True,positive,False,False
theta_local:668:108592552:1,668,108592552.0,1.0,108592553.0,108592553.0,17.50311339036888,positive,0.0543074254810474,True,True,positive,False,False
theta_local:669:12837636:1,669,12837636.0,1.0,12837637.0,12837637.0,15.367891805021792,positive,0.0620429187160608,True,True,positive,False,False
theta_local:670:31025338:1,670,31025338.0,1.0,31025339.0,31025339.0,16.250314815667288,positive,0.0580349191062369,True,True,positive,False,False
theta_local:671:30824512:1,671,30824512.0,1.0,30824513.0,30824513.0,16.24382080802532,positive,0.0588239211504652,True,True,positive,False,False
theta_local:672:40834942:1,672,40834942.0,1.0,40834943.0,40834943.0,16.525048718912146,positive,0.0579663029192045,True,True,positive,False,False
theta_local:673:12799260:1,673,12799260.0,1.0,12799261.0,12799261.0,15.364897992848151,positive,0.0616151003010251,True,True,positive,False,False
theta_local:674:187509555:4,674,187509555.0,4.0,187509559.0,187509659.0,34.09868075615101,positive,0.0532207644598697,True,True,positive,False,False
theta_local:675:40882380:1,675,40882380.0,1.0,40882381.0,40882381.0,16.52620974580355,positive,0.0579261844879289,True,True,positive,False,False
theta_local:676:18001672:1,676,18001672.0,1.0,18001673.0,18001673.0,15.705975255985816,positive,0.0597757164079624,True,True,positive,False,False
theta_local:677:179149902:1,677,179149902.0,1.0,179149903.0,179149903.0,18.003733460269373,positive,0.0534075488090611,True,True,positive,False,False
theta_local:678:16182:1,678,16182.0,1.0,16183.0,16183.0,8.691716587516886,positive,0.1069747307954135,True,True,positive,False,False
theta_local:679:17989038:1,679,17989038.0,1.0,17989039.0,17989039.0,15.705273185934022,positive,0.0610495652145156,True,True,positive,False,False
theta_local:680:604864888:3,680,604864888.0,3.0,604864891.0,604865039.0,37.441031337481846,positive,0.0585344103602869,True,True,positive,False,True
theta_local:681:179436688:1,681,179436688.0,1.0,179436689.0,179436689.0,18.00533299615579,positive,0.0537520972306284,True,True,positive,False,False
theta_local:682:33912810:1,682,33912810.0,1.0,33912811.0,33912811.0,16.339303406567062,positive,0.0577269241070986,True,True,positive,False,False
theta_local:683:108595722:1,683,108595722.0,1.0,108595723.0,108595723.0,17.503142581631487,positive,0.0551376168754321,True,True,positive,False,False
theta_local:684:33924532:1,684,33924532.0,1.0,33924533.0,33924533.0,16.339648997930915,positive,0.0593030599397281,True,True,positive,False,False
theta_local:685:180619632:1,685,180619632.0,1.0,180619633.0,180619633.0,18.011903902894705,positive,0.053162119593626,True,True,positive,False,False
theta_local:686:33844606:1,686,33844606.0,1.0,33844607.0,33844607.0,16.337290224097938,positive,0.0589132052300743,True,True,positive,False,False
theta_local:687:109814842:1,687,109814842.0,1.0,109814843.0,109814843.0,17.514306260052784,positive,0.0545676585381428,True,True,positive,False,False
theta_local:688:30819586:1,688,30819586.0,1.0,30819587.0,30819587.0,16.2436609873771,positive,0.0590050793129095,True,True,positive,False,False
theta_local:689:12776206:1,689,12776206.0,1.0,12776207.0,12776207.0,15.36309517099996,positive,0.0616763461067941,True,True,positive,False,False
theta_local:690:179472522:1,690,179472522.0,1.0,179472523.0,179472523.0,18.00553267896649,positive,0.0525914466370504,True,True,positive,False,False
theta_local:691:39640878:1,691,39640878.0,1.0,39640879.0,39640879.0,16.49537144175135,positive,0.0579616447381054,True,True,positive,False,False
theta_local:692:108573586:1,692,108573586.0,1.0,108573587.0,108573587.0,17.50293872225489,positive,0.0550361137334319,True,True,positive,False,False
theta_local:693:109442250:1,693,109442250.0,1.0,109442251.0,109442251.0,17.51090757997494,positive,0.0546254127662521,True,True,positive,False,False
theta_local:694:39640408:1,694,39640408.0,1.0,39640409.0,39640409.0,16.49535958523358,positive,0.0587946146469265,True,True,positive,False,False
theta_local:695:604435456:1,695,604435456.0,1.0,604435457.0,604435457.0,19.219805451433675,positive,0.0493137121900815,True,True,positive,False,True
theta_local:696:179413092:1,696,179413092.0,1.0,179413093.0,179413093.0,18.005201487088662,positive,0.053125528818645,True,True,positive,False,False
theta_local:697:108592198:1,697,108592198.0,1.0,108592199.0,108592199.0,17.50311013047152,positive,0.0552761062932465,True,True,positive,False,False
theta_local:698:30419022:1,698,30419022.0,1.0,30419023.0,30419023.0,16.230578727251388,positive,0.058411252820423,True,True,positive,False,False
theta_local:699:108553588:1,699,108553588.0,1.0,108553589.0,108553589.0,17.50275451684656,positive,0.0545865214664789,True,True,positive,False,False
theta_local:700:17984892:1,700,17984892.0,1.0,17984893.0,17984893.0,15.705042685691884,positive,0.0605582183755319,True,True,positive,False,False
theta_local:701:33863116:1,701,33863116.0,1.0,33863117.0,33863117.0,16.337836985955153,positive,0.0587001623650556,True,True,positive,False,False
theta_local:702:33413758:1,702,33413758.0,1.0,33413759.0,33413759.0,16.32447831922821,positive,0.0586290314487052,True,True,positive,False,False
theta_local:703:179400478:1,703,179400478.0,1.0,179400479.0,179400479.0,18.00513117759656,positive,0.0528297241791223,True,True,positive,False,False
theta_local:704:109611100:1,704,109611100.0,1.0,109611101.0,109611101.0,17.512449213845407,positive,0.0550890190175448,True,True,positive,False,False
theta_local:705:108532858:1,705,108532858.0,1.0,108532859.0,108532859.0,17.50256353302188,positive,0.0552219564852861,True,True,positive,False,False
theta_local:706:109707750:1,706,109707750.0,1.0,109707751.0,109707751.0,17.51333057908488,positive,0.0545132051318996,True,True,positive,False,False
theta_local:707:31027936:1,707,31027936.0,1.0,31027937.0,31027937.0,16.250398550166704,positive,0.0585998688638257,True,True,positive,False,False
theta_local:708:109721778:1,708,109721778.0,1.0,109721779.0,109721779.0,17.5134584379015,positive,0.0547506845400794,True,True,positive,False,False
theta_local:709:30794946:1,709,30794946.0,1.0,30794947.0,30794947.0,16.242861176043185,positive,0.0590213018912058,True,True,positive,False,False
theta_local:710:31028142:1,710,31028142.0,1.0,31028143.0,31028143.0,16.250405189322773,positive,0.0591241272165089,True,True,positive,False,False
theta_local:711:179149752:1,711,179149752.0,1.0,179149753.0,179149753.0,18.00373262298138,positive,0.0537788253624078,True,True,positive,False,False
theta_local:712:30808222:1,712,30808222.0,1.0,30808223.0,30808223.0,16.243292192830328,positive,0.0583692107538644,True,True,positive,False,False
theta_local:713:178013152:1,713,178013152.0,1.0,178013153.0,178013153.0,17.997367998784814,positive,0.0533575856221749,True,True,positive,False,False
theta_local:714:109708828:1,714,109708828.0,1.0,109708829.0,109708829.0,17.51334040514269,positive,0.0550639317692912,True,True,positive,False,False
theta_local:715:39691236:1,715,39691236.0,1.0,39691237.0,39691237.0,16.49664099081427,positive,0.0578619642067515,True,True,positive,False,False
theta_local:716:179665092:1,716,179665092.0,1.0,179665093.0,179665093.0,18.006605081354188,positive,0.0536009635875191,True,True,positive,False,False
theta_local:717:179602888:1,717,179602888.0,1.0,179602889.0,179602889.0,18.006258799449103,positive,0.0529285737480202,True,True,positive,False,False
theta_local:718:33924996:1,718,33924996.0,1.0,33924997.0,33924997.0,16.339662675254843,positive,0.0584408196615828,True,True,positive,False,False
theta_local:719:179150626:1,719,179150626.0,1.0,179150627.0,179150627.0,18.003737501569564,positive,0.0529327722024033,True,True,positive,False,False
theta_local:720:7118590:1,720,7118590.0,1.0,7118591.0,7118591.0,14.778220370546276,positive,0.0652064611469634,True,True,positive,False,False
theta_local:721:604672806:1,721,604672806.0,1.0,604672807.0,604672807.0,19.22019805482597,positive,0.0495872400319328,True,True,positive,False,True
theta_local:722:1512546:1,722,1512546.0,1.0,1512547.0,1512547.0,13.2293055427845,positive,0.0702608961700486,True,True,positive,False,False
theta_local:723:179661606:1,723,179661606.0,1.0,179661607.0,179661607.0,18.006585678398604,positive,0.053059303052776,True,True,positive,False,False
theta_local:724:108811008:1,724,108811008.0,1.0,108811009.0,108811009.0,17.50512307292896,positive,0.0540320931092931,True,True,positive,False,False
theta_local:725:187504776:1,725,187504776.0,1.0,187504777.0,187504777.0,18.04931488038353,positive,0.0530638386214726,True,True,positive,False,False
theta_local:726:39674682:1,726,39674682.0,1.0,39674683.0,39674683.0,16.496223834426743,positive,0.0568285448518926,True,True,positive,False,False
theta_local:727:1509096:1,727,1509096.0,1.0,1509097.0,1509097.0,13.227022016664836,positive,0.0701254608877874,True,True,positive,False,False
theta_local:728:33902806:1,728,33902806.0,1.0,33902807.0,33902807.0,16.339008371282635,positive,0.0576533742965644,True,True,positive,False,False
theta_local:729:108537768:1,729,108537768.0,1.0,108537769.0,108537769.0,17.502608771754048,positive,0.0550102371348021,True,True,positive,False,False
theta_local:730:30981328:1,730,30981328.0,1.0,30981329.0,30981329.0,16.24889529067716,positive,0.0588661597811044,True,True,positive,False,False
theta_local:731:30649522:1,731,30649522.0,1.0,30649523.0,30649523.0,16.23812765741952,positive,0.058857594872207,True,True,positive,False,False
theta_local:732:108548350:1,732,108548350.0,1.0,108548351.0,108548351.0,17.50270626301704,positive,0.0541939682170777,True,True,positive,False,False
theta_local:733:604676710:1,733,604676710.0,1.0,604676711.0,604676711.0,19.2202045111894,positive,0.0502399087413142,True,True,positive,False,True
theta_local:734:109567410:1,734,109567410.0,1.0,109567411.0,109567411.0,17.51205054337192,positive,0.0542083537049825,True,True,positive,False,False
theta_local:735:109721526:1,735,109721526.0,1.0,109721527.0,109721527.0,17.513456141180725,positive,0.0550365316698288,True,True,positive,False,False
theta_local:736:179403750:1,736,179403750.0,1.0,179403751.0,179403751.0,18.00514941595456,positive,0.0536376134985399,True,True,positive,False,False
theta_local:737:180620932:1,737,180620932.0,1.0,180620933.0,180620933.0,18.0119111003145,positive,0.0538326091705561,True,True,positive,False,False
theta_local:738:12842236:1,738,12842236.0,1.0,12842237.0,12842237.0,15.36825006223514,positive,0.0614714067975274,True,True,positive,False,False
theta_local:739:109511538:1,739,109511538.0,1.0,109511539.0,109511539.0,17.511540480664287,positive,0.0537774692048976,True,True,positive,False,False
theta_local:740:39641298:1,740,39641298.0,1.0,39641299.0,39641299.0,16.495382036818505,positive,0.0573304417021529,True,True,positive,False,False
theta_local:741:179150392:1,741,179150392.0,1.0,179150393.0,179150393.0,18.003736195405267,positive,0.0523094644224999,True,True,positive,False,False
theta_local:742:12837436:1,742,12837436.0,1.0,12837437.0,12837437.0,15.367876225709342,positive,0.0627022450990248,True,True,positive,False,False
theta_local:743:108595900:1,743,108595900.0,1.0,108595901.0,108595901.0,17.50314422073705,positive,0.0549229874174412,True,True,positive,False,False
theta_local:744:109726186:1,744,109726186.0,1.0,109726187.0,109726187.0,17.513498611434034,positive,0.0541001988799444,True,True,positive,False,False
theta_local:745:108538210:1,745,108538210.0,1.0,108538211.0,108538211.0,17.50261284406089,positive,0.0549443877096655,True,True,positive,False,False
theta_local:746:187492806:1,746,187492806.0,1.0,187492807.0,187492807.0,18.04925103997221,positive,0.0533032779270732,True,True,positive,False,False
theta_local:747:33870208:1,747,33870208.0,1.0,33870209.0,33870209.0,16.338046395427412,positive,0.058690891355918,True,True,positive,False,False
theta_local:748:33471628:1,748,33471628.0,1.0,33471629.0,33471629.0,16.32620874245429,positive,0.0584436456897662,True,True,positive,False,False
theta_local:749:17585998:1,749,17585998.0,1.0,17585999.0,17585999.0,15.68261363205767,positive,0.0611815204056907,True,True,positive,False,False
theta_local:750:179665252:1,750,179665252.0,1.0,179665253.0,179665253.0,18.006605971899624,positive,0.0527384927380705,True,True,positive,False,False
theta_local:751:39640606:1,751,39640606.0,1.0,39640607.0,39640607.0,16.49536458012416,positive,0.0581314530842754,True,True,positive,False,False
theta_local:752:12422118:1,752,12422118.0,1.0,12422119.0,12422119.0,15.334989231833312,positive,0.0619481415866009,True,True,positive,False,False
theta_local:753:108829240:1,753,108829240.0,1.0,108829241.0,108829241.0,17.50529061546801,positive,0.0550718611036335,True,True,positive,False,False
theta_local:754:180642262:1,754,180642262.0,1.0,180642263.0,180642263.0,18.01202918596652,positive,0.0523594101727958,True,True,positive,False,False
theta_local:755:3236956:1,755,3236956.0,1.0,3236957.0,3236957.0,13.9901442489153,positive,0.0674403172566828,True,True,positive,False,False
theta_local:756:108538102:1,756,108538102.0,1.0,108538103.0,108538103.0,17.502611849019125,positive,0.0540255426517967,True,True,positive,False,False
theta_local:757:108553420:1,757,108553420.0,1.0,108553421.0,108553421.0,17.50275296922265,positive,0.0536206781597749,True,True,positive,False,False
theta_local:758:33844302:1,758,33844302.0,1.0,33844303.0,33844303.0,16.337281241828904,positive,0.057322995670915,True,True,positive,False,False
theta_local:759:3281170:1,759,3281170.0,1.0,3281171.0,3281171.0,14.00371092884176,positive,0.0668113902823667,True,True,positive,False,False
theta_local:760:12808038:1,760,12808038.0,1.0,12808039.0,12808039.0,15.365583578625944,positive,0.0611901506330895,True,True,positive,False,False
theta_local:761:33914046:1,761,33914046.0,1.0,33914047.0,33914047.0,16.339339852306598,positive,0.0586737719164166,True,True,positive,False,False
theta_local:762:179410170:1,762,179410170.0,1.0,179410171.0,179410171.0,18.005185200519243,positive,0.0533353866234197,True,True,positive,False,False
theta_local:763:17591190:1,763,17591190.0,1.0,17591191.0,17591191.0,15.68290882334712,positive,0.0608443000978966,True,True,positive,False,False
theta_local:764:109683072:1,764,109683072.0,1.0,109683073.0,109683073.0,17.51310561069601,positive,0.0541096892228777,True,True,positive,False,False
theta_local:765:12808582:1,765,12808582.0,1.0,12808583.0,12808583.0,15.36562605104874,positive,0.0624356832554669,True,True,positive,False,False
theta_local:766:33871372:1,766,33871372.0,1.0,33871373.0,33871373.0,16.338080761321024,positive,0.0590450032161895,True,True,positive,False,False
theta_local:767:40833382:1,767,40833382.0,1.0,40833383.0,40833493.0,16.525010515606738,positive,0.0583978036622422,True,True,positive,False,False
theta_local:768:30785056:1,768,30785056.0,1.0,30785057.0,30785057.0,16.242539967876812,positive,0.0593828883794093,True,True,positive,False,False
theta_local:769:30781872:1,769,30781872.0,1.0,30781873.0,30781873.0,16.242436535725727,positive,0.0591803064401032,True,True,positive,False,False
theta_local:770:39655522:1,770,39655522.0,1.0,39655523.0,39655523.0,16.49574079016558,positive,0.0581089872552633,True,True,positive,False,False
theta_local:771:179400652:1,771,179400652.0,1.0,179400653.0,179400653.0,18.00513214749316,positive,0.0530759787374816,True,True,positive,False,False
theta_local:772:604205268:1,772,604205268.0,1.0,604205269.0,604205269.0,19.21942454750113,positive,0.050031926940773,True,True,positive,False,True
theta_local:773:179641948:1,773,179641948.0,1.0,179641949.0,179642051.0,18.006476255601687,positive,0.0531779872246815,True,True,positive,False,False
theta_local:774:604715860:1,774,604715860.0,1.0,604715861.0,604715861.0,19.22026925443476,positive,0.050523556039102,True,True,positive,False,True
theta_local:775:12802242:1,775,12802242.0,1.0,12802243.0,12802243.0,15.365130947913094,positive,0.0616732137971503,True,True,positive,False,False
theta_local:776:33843646:1,776,33843646.0,1.0,33843647.0,33843647.0,16.33726185876294,positive,0.0580181471462947,True,True,positive,False,False
theta_local:777:17640808:1,777,17640808.0,1.0,17640809.0,17640809.0,15.68572546916931,positive,0.0603935734510648,True,True,positive,False,False
theta_local:778:7049898:1,778,7049898.0,1.0,7049899.0,7049899.0,14.768523848444696,positive,0.0630278233070192,True,True,positive,False,False
theta_local:779:109504858:1,779,109504858.0,1.0,109504859.0,109504859.0,17.51147948066554,positive,0.0544341084483662,True,True,positive,False,False
theta_local:780:33489828:1,780,33489828.0,1.0,33489829.0,33489829.0,16.32675233875556,positive,0.0580387605100748,True,True,positive,False,False
theta_local:781:179403240:1,781,179403240.0,1.0,179403241.0,179403241.0,18.00514657320059,positive,0.0537922432211968,True,True,positive,False,False
theta_local:782:39638460:1,782,39638460.0,1.0,39638461.0,39638461.0,16.495310442252595,positive,0.058224590403179,True,True,positive,False,False
theta_local:783:33388678:1,783,33388678.0,1.0,33388679.0,33388679.0,16.323727448393875,positive,0.0577338441229788,True,True,positive,False,False
theta_local:784:109517448:1,784,109517448.0,1.0,109517449.0,109517449.0,17.511594446123887,positive,0.054757713314497,True,True,positive,False,False
theta_local:785:30423472:1,785,30423472.0,1.0,30423473.0,30423473.0,16.230725006589036,positive,0.0593544515613056,True,True,positive,False,False
theta_local:786:179410690:1,786,179410690.0,1.0,179410691.0,179410691.0,18.00518809890144,positive,0.0536146024132842,True,True,positive,False,False
theta_local:787:179663242:1,787,179663242.0,1.0,179663243.0,179663243.0,18.00659478436497,positive,0.0536805356077712,True,True,positive,False,False
theta_local:788:33902542:1,788,33902542.0,1.0,33902543.0,33902543.0,16.339000584286474,positive,0.0582634791934014,True,True,positive,False,False
theta_local:789:30400080:1,789,30400080.0,1.0,30400081.0,30400081.0,16.229955830846585,positive,0.0584791030093198,True,True,positive,False,False
theta_local:790:108548800:1,790,108548800.0,1.0,108548801.0,108548801.0,17.502710408626463,positive,0.0550239769450118,True,True,positive,False,False
theta_local:791:109515876:1,791,109515876.0,1.0,109515877.0,109515877.0,17.5115800921438,positive,0.0549357814860258,True,True,positive,False,False
theta_local:792:3281232:1,792,3281232.0,1.0,3281233.0,3281233.0,14.003729824356268,positive,0.0668612257977394,True,True,positive,False,False
theta_local:793:30819820:1,793,30819820.0,1.0,30819821.0,30819821.0,16.243668579922442,positive,0.0585918386816566,True,True,positive,False,False
theta_local:794:40869522:1,794,40869522.0,1.0,40869523.0,40869523.0,16.525895184319918,positive,0.0579407179303479,True,True,positive,False,False
theta_local:795:109516810:1,795,109516810.0,1.0,109516811.0,109516811.0,17.51158862055121,positive,0.0550972136041918,True,True,positive,False,False
theta_local:796:109773006:1,796,109773006.0,1.0,109773007.0,109773007.0,17.51392521892955,positive,0.0537023351121069,True,True,positive,False,False
theta_local:797:33411430:1,797,33411430.0,1.0,33411431.0,33411431.0,16.324408644903276,positive,0.0588318641221281,True,True,positive,False,False
theta_local:798:3280792:1,798,3280792.0,1.0,3280793.0,3280793.0,14.003595719431765,positive,0.0676751651816931,True,True,positive,False,False
theta_local:799:109494366:1,799,109494366.0,1.0,109494367.0,109494367.0,17.511383662975224,positive,0.0544354326344731,True,True,positive,False,False
theta_local:800:109588942:1,800,109588942.0,1.0,109588943.0,109588943.0,17.512247042352456,positive,0.0551859703215391,True,True,positive,False,False
theta_local:801:12776242:1,801,12776242.0,1.0,12776243.0,12776243.0,15.363097988733678,positive,0.0615826442165738,True,True,positive,False,False
theta_local:802:30417552:1,802,30417552.0,1.0,30417553.0,30417553.0,16.23053040106024,positive,0.0580181511169566,True,True,positive,False,False
theta_local:803:33925470:1,803,33925470.0,1.0,33925471.0,33925471.0,16.33967664715552,positive,0.0580579226831622,True,True,positive,False,False
theta_local:804:178898002:1,804,178898002.0,1.0,178898003.0,178898003.0,18.00232638575594,positive,0.0527469382777879,True,True,positive,False,False
theta_local:805:109709982:1,805,109709982.0,1.0,109709983.0,109709983.0,17.51335092383969,positive,0.0550647003640815,True,True,positive,False,False
theta_local:806:108585226:1,806,108585226.0,1.0,108585227.0,108585227.0,17.50304592490346,positive,0.0543407069590195,True,True,positive,False,False
theta_local:807:109720098:1,807,109720098.0,1.0,109720099.0,109720099.0,17.513443126330024,positive,0.0549238276792854,True,True,positive,False,False
theta_local:808:604691686:1,808,604691686.0,1.0,604691687.0,604691687.0,19.22022927783623,positive,0.0491088496551064,True,True,positive,False,True
theta_local:809:33492970:1,809,33492970.0,1.0,33492971.0,33492971.0,16.32684615388429,positive,0.0587843967905765,True,True,positive,False,False
theta_local:810:604693768:1,810,604693768.0,1.0,604693769.0,604693769.0,19.22023272090724,positive,0.0503376269382549,True,True,positive,False,True
theta_local:811:33844120:1,811,33844120.0,1.0,33844121.0,33844121.0,16.33727586424765,positive,0.0585494753453541,True,True,positive,False,False
theta_local:812:30419106:1,812,30419106.0,1.0,30419107.0,30419107.0,16.230581488677487,positive,0.0587260679523749,True,True,positive,False,False
theta_local:813:40395412:1,813,40395412.0,1.0,40395413.0,40395413.0,16.51422679688131,positive,0.0577659682430466,True,True,positive,False,False
theta_local:814:17640282:1,814,17640282.0,1.0,17640283.0,17640283.0,15.68569565149813,positive,0.0603442256773584,True,True,positive,False,False
theta_local:815:179434152:1,815,179434152.0,1.0,179434153.0,179434153.0,18.005318862937354,positive,0.0538741721336456,True,True,positive,False,False
theta_local:816:3454792:1,816,3454792.0,1.0,3454793.0,3454793.0,14.055273100219722,positive,0.0663843003850636,True,True,positive,False,False
theta_local:817:30802216:1,817,30802216.0,1.0,30802217.0,30802217.0,16.24309722587281,positive,0.0585321383384456,True,True,positive,False,False
theta_local:818:31020078:1,818,31020078.0,1.0,31020079.0,31020079.0,16.25014526245346,positive,0.0594310936382445,True,True,positive,False,False
theta_local:819:1185748:1,819,1185748.0,1.0,1185749.0,1185749.0,12.98588520039138,positive,0.0716117424653728,True,True,positive,False,False
theta_local:820:33904330:1,820,33904330.0,1.0,33904331.0,33904331.0,16.3390533223024,positive,0.0579569097919857,True,True,positive,False,False
theta_local:821:179381038:1,821,179381038.0,1.0,179381039.0,179381039.0,18.0050228108104,positive,0.0529985614028999,True,True,positive,False,False
theta_local:822:179603470:1,822,179603470.0,1.0,179603471.0,179603471.0,18.00626203992625,positive,0.0536815582664552,True,True,positive,False,False
theta_local:823:30406000:1,823,30406000.0,1.0,30406001.0,30406001.0,16.230150548211164,positive,0.0593466964714865,True,True,positive,False,False
theta_local:824:179394232:1,824,179394232.0,1.0,179394233.0,179394233.0,18.00509636102991,positive,0.0535472114495682,True,True,positive,False,False
theta_local:825:179410590:1,825,179410590.0,1.0,179410591.0,179410591.0,18.005187541520904,positive,0.0534232251378626,True,True,positive,False,False
theta_local:826:604810680:1,826,604810680.0,1.0,604810681.0,604810681.0,19.22042604305725,positive,0.0501523170498039,True,True,positive,False,True
theta_local:827:31018846:1,827,31018846.0,1.0,31018847.0,31018847.0,16.25010554545384,positive,0.0593598199872785,True,True,positive,False,False
theta_local:828:30355396:1,828,30355396.0,1.0,30355397.0,30355397.0,16.2284848850314,positive,0.0592740371209023,True,True,positive,False,False
theta_local:829:1507090:1,829,1507090.0,1.0,1507091.0,1507091.0,13.225691860656145,positive,0.069946484813987,True,True,positive,False,False
theta_local:830:108592872:1,830,108592872.0,1.0,108592873.0,108592873.0,17.503116337159607,positive,0.0539425138851413,True,True,positive,False,False
theta_local:831:108531678:1,831,108531678.0,1.0,108531679.0,108531679.0,17.502552660679388,positive,0.0537885048618473,True,True,positive,False,False
theta_local:832:179380632:1,832,179380632.0,1.0,179380633.0,179380633.0,18.0050205474694,positive,0.0536472988717289,True,True,positive,False,False
theta_local:833:187449622:1,833,187449622.0,1.0,187449623.0,187449623.0,18.049020689941184,positive,0.0533469583478093,True,True,positive,False,False
theta_local:834:3439332:1,834,3439332.0,1.0,3439333.0,3439333.0,14.05078811520061,positive,0.0667417119043933,True,True,positive,False,False
theta_local:835:30811942:1,835,30811942.0,1.0,30811943.0,30811943.0,16.243412932524684,positive,0.0585590592521217,True,True,positive,False,False
theta_local:836:1189552:1,836,1189552.0,1.0,1189553.0,1189553.0,12.989088164268896,positive,0.0738165199461072,True,True,positive,False,False
theta_local:837:30775180:1,837,30775180.0,1.0,30775181.0,30775181.0,16.242219111414734,positive,0.0575277906754467,True,True,positive,False,False
theta_local:838:31040292:1,838,31040292.0,1.0,31040293.0,31040293.0,16.25079669266773,positive,0.0583320902109802,True,True,positive,False,False
theta_local:839:109706110:1,839,109706110.0,1.0,109706111.0,109706111.0,17.513315630166108,positive,0.0544823672840614,True,True,positive,False,False
theta_local:840:3293166:1,840,3293166.0,1.0,3293167.0,3293167.0,14.007360273707592,positive,0.0681897010081382,True,True,positive,False,False
theta_local:841:109442428:1,841,109442428.0,1.0,109442429.0,109442429.0,17.51090920640216,positive,0.0545916136692518,True,True,positive,False,False
theta_local:842:179148028:1,842,179148028.0,1.0,179148029.0,179148029.0,18.003722999701044,positive,0.0529334073685359,True,True,positive,False,False
theta_local:843:1518426:1,843,1518426.0,1.0,1518427.0,1518427.0,13.233185488555364,positive,0.0720703082374865,True,True,positive,False,False
theta_local:844:7108612:1,844,7108612.0,1.0,7108613.0,7108613.0,14.776817705393524,positive,0.0639845617092927,True,True,positive,False,False
theta_local:845:30819510:1,845,30819510.0,1.0,30819511.0,30819511.0,16.243658521409802,positive,0.0584555384497958,True,True,positive,False,False
theta_local:846:1510390:1,846,1510390.0,1.0,1510391.0,1510391.0,13.22787911566918,positive,0.0698496571702368,True,True,positive,False,False
theta_local:847:17594218:1,847,17594218.0,1.0,17594219.0,17594219.0,15.683080940142546,positive,0.0602853522506817,True,True,positive,False,False
theta_local:848:187509780:1,848,187509780.0,1.0,187509781.0,187509781.0,18.049341567347508,positive,0.0535126337722001,True,True,positive,False,False
theta_local:849:30405576:1,849,30405576.0,1.0,30405577.0,30405577.0,16.230136603498202,positive,0.0584289519707461,True,True,positive,False,False
theta_local:850:30419422:1,850,30419422.0,1.0,30419423.0,30419423.0,16.230591876831177,positive,0.0588391093536454,True,True,positive,False,False
theta_local:851:109638390:1,851,109638390.0,1.0,109638391.0,109638391.0,17.51269815399019,positive,0.0552138610279271,True,True,positive,False,False
theta_local:852:40840828:1,852,40840828.0,1.0,40840829.0,40840829.0,16.52519284978146,positive,0.0581785538517203,True,True,positive,False,False
theta_local:853:108531432:1,853,108531432.0,1.0,108531433.0,108531433.0,17.5025503940575,positive,0.0552671935291183,True,True,positive,False,False
theta_local:854:109722042:1,854,109722042.0,1.0,109722043.0,109722043.0,17.51346084398428,positive,0.0547359397556698,True,True,positive,False,False
theta_local:855:17590230:1,855,17590230.0,1.0,17590231.0,17590231.0,15.682854249089136,positive,0.0613662107477397,True,True,positive,False,False
theta_local:856:12895818:1,856,12895818.0,1.0,12895819.0,12895819.0,15.372413708270248,positive,0.0616168261681965,True,True,positive,False,False
theta_local:857:604712202:1,857,604712202.0,1.0,604712203.0,604712203.0,19.220263205294494,positive,0.0492150762316946,True,True,positive,False,True
theta_local:858:179382756:1,858,179382756.0,1.0,179382757.0,179382757.0,18.005032388142443,positive,0.0535747962963188,True,True,positive,False,False
theta_local:859:1509018:1,859,1509018.0,1.0,1509019.0,1509019.0,13.226970328790664,positive,0.0709615737150018,True,True,positive,False,False
theta_local:860:7102488:1,860,7102488.0,1.0,7102489.0,7102489.0,14.77595584395884,positive,0.0636864195243564,True,True,positive,False,False
theta_local:861:30402012:1,861,30402012.0,1.0,30402013.0,30402013.0,16.23001938128946,positive,0.0584739115607995,True,True,positive,False,False
theta_local:862:39641178:1,862,39641178.0,1.0,39641179.0,39641179.0,16.495379009667914,positive,0.0577647807069204,True,True,positive,False,False
theta_local:863:109726416:1,863,109726416.0,1.0,109726417.0,109726417.0,17.513500707558627,positive,0.0547346133640878,True,True,positive,False,False
theta_local:864:12830302:1,864,12830302.0,1.0,12830303.0,12830303.0,15.367320352836725,positive,0.061618925562123,True,True,positive,False,False
theta_local:865:33864066:1,865,33864066.0,1.0,33864067.0,33864067.0,16.337865039683184,positive,0.0578379832097438,True,True,positive,False,False
theta_local:866:31025142:1,866,31025142.0,1.0,31025143.0,31025143.0,16.250308498230464,positive,0.0595441933396197,True,True,positive,False,False
theta_local:867:30801876:1,867,30801876.0,1.0,30801877.0,30801877.0,16.243086187645382,positive,0.0578221710482515,True,True,positive,False,False
theta_local:868:359166:1,868,359166.0,1.0,359167.0,359167.0,11.791542740365744,positive,0.0770398696559618,True,True,positive,False,False
theta_local:869:33388840:1,869,33388840.0,1.0,33388841.0,33388841.0,16.323732300326082,positive,0.0589455636856937,True,True,positive,False,False
theta_local:870:604866472:1,870,604866472.0,1.0,604866473.0,604866473.0,19.220518285850886,positive,0.0491519986144946,True,True,positive,False,True
theta_local:871:33921258:1,871,33921258.0,1.0,33921259.0,33921259.0,16.33955248494445,positive,0.0589072212043223,True,True,positive,False,False
theta_local:872:604685566:1,872,604685566.0,1.0,604685567.0,604685567.0,19.22021915692486,positive,0.0499192156985863,True,True,positive,False,True
theta_local:873:30649620:1,873,30649620.0,1.0,30649621.0,30649621.0,16.238130854854056,positive,0.0590986334793916,True,True,positive,False,False
theta_local:874:40884702:1,874,40884702.0,1.0,40884703.0,40884703.0,16.526266541273976,positive,0.0579413878612287,True,True,positive,False,False
theta_local:875:39693496:1,875,39693496.0,1.0,39693497.0,39693497.0,16.496697928713708,positive,0.0577138689826572,True,True,positive,False,False
theta_local:876:108532476:1,876,108532476.0,1.0,108532477.0,108532477.0,17.502560013344283,positive,0.0539817996673655,True,True,positive,False,False
theta_local:877:30341052:1,877,30341052.0,1.0,30341053.0,30341053.0,16.228012237940277,positive,0.0589348047105401,True,True,positive,False,False
theta_local:878:180627000:1,878,180627000.0,1.0,180627001.0,180627001.0,18.0119446949703,positive,0.0533332629001659,True,True,positive,False,False
theta_local:879:30781942:1,879,30781942.0,1.0,30781943.0,30781943.0,16.24243880978879,positive,0.058586881232034,True,True,positive,False,False
theta_local:880:18002110:1,880,18002110.0,1.0,18002111.0,18002111.0,15.705999586761717,positive,0.0611464846554823,True,True,positive,False,False
theta_local:881:179149096:1,881,179149096.0,1.0,179149097.0,179149097.0,18.00372896123365,positive,0.0523875652398403,True,True,positive,False,False
theta_local:882:178894492:1,882,178894492.0,1.0,178894493.0,178894493.0,18.002306765445063,positive,0.0529924606807178,True,True,positive,False,False
theta_local:883:180640972:1,883,180640972.0,1.0,180640973.0,180640973.0,18.012022044755017,positive,0.0538739677253463,True,True,positive,False,False
theta_local:884:179412252:1,884,179412252.0,1.0,179412253.0,179412253.0,18.00519680514516,positive,0.0527759043101292,True,True,positive,False,False
theta_local:885:17998068:1,885,17998068.0,1.0,17998069.0,17998069.0,15.705775032327988,positive,0.0605791328840376,True,True,positive,False,False
theta_local:886:59182:1,886,59182.0,1.0,59183.0,59183.0,9.988389617470986,positive,0.0905353629639327,True,True,positive,False,False
theta_local:887:7113298:1,887,7113298.0,1.0,7113299.0,7113299.0,14.77747668854144,positive,0.0652555822922497,True,True,positive,False,False
theta_local:888:109814218:1,888,109814218.0,1.0,109814219.0,109814219.0,17.51430057774468,positive,0.0543812614326261,True,True,positive,False,False
theta_local:889:33868032:1,889,33868032.0,1.0,33868033.0,33868033.0,16.337982148114918,positive,0.0580902158457348,True,True,positive,False,False
theta_local:890:7102800:1,890,7102800.0,1.0,7102801.0,7102801.0,14.775999771256355,positive,0.064466073133591,True,True,positive,False,False
theta_local:891:30642760:1,891,30642760.0,1.0,30642761.0,30642761.0,16.237907009742973,positive,0.0578939114446271,True,True,positive,False,False
theta_local:892:30776286:1,892,30776286.0,1.0,30776287.0,30776287.0,16.24225504881919,positive,0.0591546579044083,True,True,positive,False,False
theta_local:893:179662078:1,893,179662078.0,1.0,179662079.0,179662079.0,18.00658830555633,positive,0.0534604288438405,True,True,positive,False,False
theta_local:894:33844360:1,894,33844360.0,1.0,33844361.0,33844361.0,16.337282955557516,positive,0.0585939985010802,True,True,positive,False,False
theta_local:895:604814920:1,895,604814920.0,1.0,604814921.0,604814921.0,19.220433053490883,positive,0.0492165780619318,True,True,positive,False,True
theta_local:896:18002050:1,896,18002050.0,1.0,18002051.0,18002051.0,15.705996253813709,positive,0.060904601565583,True,True,positive,False,False
theta_local:897:3437476:1,897,3437476.0,1.0,3437477.0,3437477.0,14.05024833002549,positive,0.0654695768526705,True,True,positive,False,False
theta_local:898:178011802:1,898,178011802.0,1.0,178011803.0,178011803.0,17.99736041504677,positive,0.0534994171955925,True,True,positive,False,False
theta_local:899:40864176:1,899,40864176.0,1.0,40864177.0,40864177.0,16.5257643692459,positive,0.0577574596493002,True,True,positive,False,False
theta_local:900:1197738:1,900,1197738.0,1.0,1197739.0,1197739.0,12.995946170816742,positive,0.0724750996658737,True,True,positive,False,False
theta_local:901:112219776:1,901,112219776.0,1.0,112219777.0,112219777.0,17.535969801117066,positive,0.0552387382691653,True,True,positive,False,False
theta_local:902:179662260:1,902,179662260.0,1.0,179662261.0,179662261.0,18.0065893185687,positive,0.0527959244485922,True,True,positive,False,False
theta_local:903:604435092:1,903,604435092.0,1.0,604435093.0,604435093.0,19.21980484921865,positive,0.0491846653022056,True,True,positive,False,True
theta_local:904:108532546:1,904,108532546.0,1.0,108532547.0,108532547.0,17.50256065831231,positive,0.0540662185454775,True,True,positive,False,False
theta_local:905:179151460:1,905,179151460.0,1.0,179151461.0,179151461.0,18.00374215685921,positive,0.0532813829057262,True,True,positive,False,False
theta_local:906:604712502:1,906,604712502.0,1.0,604712503.0,604712503.0,19.22026370139813,positive,0.0496511704472867,True,True,positive,False,True
theta_local:907:108595960:1,907,108595960.0,1.0,108595961.0,108595961.0,17.503144773243942,positive,0.0547479999666079,True,True,positive,False,False
theta_local:908:109527330:1,908,109527330.0,1.0,109527331.0,109527331.0,17.511684674249903,positive,0.0546177716113432,True,True,positive,False,False
theta_local:909:7103476:1,909,7103476.0,1.0,7103477.0,7103477.0,14.776094940448528,positive,0.0625995472242675,True,True,positive,False,False
theta_local:910:33486916:1,910,33486916.0,1.0,33486917.0,33486917.0,16.326665383202304,positive,0.0589292298645833,True,True,positive,False,False
theta_local:911:179436232:1,911,179436232.0,1.0,179436233.0,179436233.0,18.005330454866257,positive,0.0536850831213623,True,True,positive,False,False
theta_local:912:187510060:1,912,187510060.0,1.0,187510061.0,187510061.0,18.04934306060183,positive,0.0524473870154861,True,True,positive,False,False
theta_local:913:109594996:1,913,109594996.0,1.0,109594997.0,109594997.0,17.51230228362608,positive,0.054632572985037,True,True,positive,False,False
theta_local:914:604814238:1,914,604814238.0,1.0,604814239.0,604814239.0,19.220431925872564,positive,0.0493688680772857,True,True,positive,False,True
theta_local:915:179143048:1,915,179143048.0,1.0,179143049.0,179143049.0,18.00369520107414,positive,0.0536214877934271,True,True,positive,False,False
theta_local:916:604811352:1,916,604811352.0,1.0,604811353.0,604811353.0,19.220427154148123,positive,0.0502642768158267,True,True,positive,False,True
theta_local:917:617646:1,917,617646.0,1.0,617647.0,617647.0,12.333672375833435,positive,0.0774150599023891,True,True,positive,False,False
theta_local:918:39641050:1,918,39641050.0,1.0,39641051.0,39641051.0,16.495375780697184,positive,0.0584684694230504,True,True,positive,False,False
theta_local:919:108548718:1,919,108548718.0,1.0,108548719.0,108548719.0,17.502709653205585,positive,0.0545307991961619,True,True,positive,False,False
theta_local:920:33920958:1,920,33920958.0,1.0,33920959.0,33920959.0,16.33954364089398,positive,0.0581434284620721,True,True,positive,False,False
theta_local:921:108540462:1,921,108540462.0,1.0,108540463.0,108540463.0,17.502633592298928,positive,0.0549539576212059,True,True,positive,False,False
theta_local:922:30808090:1,922,30808090.0,1.0,30808091.0,30808091.0,16.24328790825076,positive,0.0588642345773177,True,True,positive,False,False
theta_local:923:3291646:1,923,3291646.0,1.0,3291647.0,3291647.0,14.006898605381958,positive,0.0684103219780649,True,True,positive,False,False
theta_local:924:109683780:1,924,109683780.0,1.0,109683781.0,109683781.0,17.51311206563655,positive,0.0551290948259741,True,True,positive,False,False
theta_local:925:109773100:1,925,109773100.0,1.0,109773101.0,109773193.0,17.513926075241702,positive,0.0550956797823624,True,True,positive,False,False
theta_local:926:111004818:1,926,111004818.0,1.0,111004819.0,111004819.0,17.525084172748645,positive,0.0553538355119092,True,True,positive,False,False
theta_local:927:39639400:1,927,39639400.0,1.0,39639401.0,39639401.0,16.495334156312897,positive,0.0580108520218464,True,True,positive,False,False
theta_local:928:33489930:1,928,33489930.0,1.0,33489931.0,33489931.0,16.32675538445175,positive,0.0578008375393387,True,True,positive,False,False
theta_local:929:109769446:1,929,109769446.0,1.0,109769447.0,109769447.0,17.513892787844487,positive,0.0550907910074587,True,True,positive,False,False
theta_local:930:604143750:1,930,604143750.0,1.0,604143751.0,604143751.0,19.219322725926347,positive,0.0499265506780113,True,True,positive,False,True
theta_local:931:40884760:1,931,40884760.0,1.0,40884761.0,40884761.0,16.526267959896458,positive,0.0572384388419331,True,True,positive,False,False
theta_local:932:108810702:1,932,108810702.0,1.0,108810703.0,108810703.0,17.50512026070956,positive,0.0547312475022079,True,True,positive,False,False
theta_local:933:108532726:1,933,108532726.0,1.0,108532727.0,108532727.0,17.502562316799608,positive,0.0549057081271222,True,True,positive,False,False
theta_local:934:7118442:1,934,7118442.0,1.0,7118443.0,7118443.0,14.778199579698969,positive,0.0639860467502799,True,True,positive,False,False
theta_local:935:177978790:1,935,177978790.0,1.0,177978791.0,177978791.0,17.99717494947184,positive,0.0526763305513066,True,True,positive,False,False
theta_local:936:39649186:1,936,39649186.0,1.0,39649187.0,39649187.0,16.495581001421293,positive,0.0585131648548839,True,True,positive,False,False
theta_local:937:604698078:1,937,604698078.0,1.0,604698079.0,604698079.0,19.22023984845652,positive,0.0500423855703042,True,True,positive,False,True
theta_local:938:39693568:1,938,39693568.0,1.0,39693569.0,39693569.0,16.496699742611202,positive,0.0571426503152974,True,True,positive,False,False
theta_local:939:3269008:1,939,3269008.0,1.0,3269009.0,3269009.0,13.999997438838074,positive,0.0682460248436658,True,True,positive,False,False
theta_local:940:3277530:1,940,3277530.0,1.0,3277531.0,3277531.0,14.002600953003942,positive,0.0659166392050288,True,True,positive,False,False
theta_local:941:178299292:1,941,178299292.0,1.0,178299293.0,178299293.0,17.99897411759836,positive,0.0537060290310206,True,True,positive,False,False
theta_local:942:178037382:1,942,178037382.0,1.0,178037383.0,178037383.0,17.99750410305984,positive,0.0532726980772996,True,True,positive,False,False
theta_local:943:3291162:1,943,3291162.0,1.0,3291163.0,3291163.0,14.006751555717493,positive,0.0663088578637002,True,True,positive,False,False
theta_local:944:109489840:1,944,109489840.0,1.0,109489841.0,109489841.0,17.51134232666114,positive,0.0553662236802841,True,True,positive,False,False
theta_local:945:180620700:1,945,180620700.0,1.0,180620701.0,180620701.0,18.011909815855688,positive,0.0532484287553092,True,True,positive,False,False
theta_local:946:109592772:1,946,109592772.0,1.0,109592773.0,109592773.0,17.512281990523043,positive,0.053857183474842,True,True,positive,False,False
theta_local:947:33415720:1,947,33415720.0,1.0,33415721.0,33415721.0,16.32453703583054,positive,0.0578975849812232,True,True,positive,False,False
theta_local:948:33488536:1,948,33488536.0,1.0,33488537.0,33488537.0,16.32671375913419,positive,0.0578979058425053,True,True,positive,False,False
theta_local:949:178912930:1,949,178912930.0,1.0,178912931.0,178912931.0,18.00240982647052,positive,0.0530418844504978,True,True,positive,False,False
theta_local:950:604715536:1,950,604715536.0,1.0,604715537.0,604715537.0,19.22026871864579,positive,0.050292038029149,True,True,positive,False,True
theta_local:951:179378932:1,951,179378932.0,1.0,179378933.0,179378933.0,18.00501107037019,positive,0.0528374174512601,True,True,positive,False,False
theta_local:952:31034410:1,952,31034410.0,1.0,31034411.0,31034411.0,16.250607179077214,positive,0.0595614854614243,True,True,positive,False,False
theta_local:953:39646560:1,953,39646560.0,1.0,39646561.0,39646561.0,16.495514768361712,positive,0.058083894710532,True,True,positive,False,False
theta_local:954:178037700:1,954,178037700.0,1.0,178037701.0,178037701.0,17.99750588919997,positive,0.0531012747989439,True,True,positive,False,False
theta_local:955:604170576:1,955,604170576.0,1.0,604170577.0,604170577.0,19.21936712827992,positive,0.0492397505590195,True,True,positive,False,True
theta_local:956:109706542:1,956,109706542.0,1.0,109706543.0,109706543.0,17.51331956795176,positive,0.0555431705366381,True,True,positive,False,False
theta_local:957:18001722:1,957,18001722.0,1.0,18001723.0,18001723.0,15.70597803350158,positive,0.0603358846572112,True,True,positive,False,False
theta_local:958:187422898:1,958,187422898.0,1.0,187422899.0,187422899.0,18.048878113473307,positive,0.0523554099310386,True,True,positive,False,False
theta_local:959:108582036:1,959,108582036.0,1.0,108582037.0,108582037.0,17.50301654662663,positive,0.0549312559663093,True,True,positive,False,False
theta_local:960:1197766:1,960,1197766.0,1.0,1197767.0,1197767.0,12.99596954792371,positive,0.0705694820952203,True,True,positive,False,False
theta_local:961:604811016:1,961,604811016.0,1.0,604811017.0,604811017.0,19.22042659860284,positive,0.0501190700615863,True,True,positive,False,True
theta_local:962:109773066:1,962,109773066.0,1.0,109773067.0,109773067.0,17.51392576551186,positive,0.05489917504497,True,True,positive,False,False
theta_local:963:179667316:1,963,179667316.0,1.0,179667317.0,179667317.0,18.00661745986466,positive,0.0531647891908394,True,True,positive,False,False
theta_local:964:1198186:1,964,1198186.0,1.0,1198187.0,1198187.0,12.99632013896536,positive,0.0725736917080832,True,True,positive,False,False
theta_local:965:12772480:1,965,12772480.0,1.0,12772481.0,12772481.0,15.36280349261503,positive,0.0615028587662349,True,True,positive,False,False
theta_local:966:179394642:1,966,179394642.0,1.0,179394643.0,179394643.0,18.00509864649653,positive,0.0535599774174267,True,True,positive,False,False
theta_local:967:12772690:1,967,12772690.0,1.0,12772691.0,12772691.0,15.362819934078022,positive,0.0621562171320395,True,True,positive,False,False
theta_local:968:7055802:1,968,7055802.0,1.0,7055803.0,7055803.0,14.769360956777874,positive,0.0640608430714085,True,True,positive,False,False
theta_local:969:30848668:1,969,30848668.0,1.0,30848669.0,30848669.0,16.24460416313858,positive,0.0582469097724379,True,True,positive,False,False
theta_local:970:33478230:1,970,33478230.0,1.0,33478231.0,33478231.0,16.326405964674663,positive,0.0580317043722804,True,True,positive,False,False
theta_local:971:39651990:1,971,39651990.0,1.0,39651991.0,39651991.0,16.495651719160218,positive,0.0576970160239945,True,True,positive,False,False
theta_local:972:1186032:1,972,1186032.0,1.0,1186033.0,1186033.0,12.986124682773283,positive,0.0726904701419275,True,True,positive,False,False
theta_local:973:179471338:1,973,179471338.0,1.0,179471339.0,179471339.0,18.0055260818346,positive,0.0533847122027223,True,True,positive,False,False
theta_local:974:30364122:1,974,30364122.0,1.0,30364123.0,30364123.0,16.22877230496028,positive,0.0580150846827492,True,True,positive,False,False
theta_local:975:17642868:1,975,17642868.0,1.0,17642869.0,17642869.0,15.685842237041545,positive,0.0601273708835792,True,True,positive,False,False
theta_local:976:604830076:1,976,604830076.0,1.0,604830077.0,604830077.0,19.220458112082497,positive,0.0493076414475111,True,True,positive,False,True
theta_local:977:7108572:1,977,7108572.0,1.0,7108573.0,7108573.0,14.776812078400951,positive,0.0629207767537194,True,True,positive,False,False
theta_local:978:604872286:1,978,604872286.0,1.0,604872287.0,604872287.0,19.22052789784348,positive,0.0506320408823422,True,True,positive,False,True
theta_local:979:1516870:1,979,1516870.0,1.0,1516871.0,1516871.0,13.232160218459114,positive,0.0706981135254867,True,True,positive,False,False
theta_local:980:30399132:1,980,30399132.0,1.0,30399133.0,30399133.0,16.229924646232913,positive,0.0593702946236736,True,True,positive,False,False
theta_local:981:179471008:1,981,179471008.0,1.0,179471009.0,179471009.0,18.0055242430992,positive,0.0531997381477983,True,True,positive,False,False
theta_local:982:33489430:1,982,33489430.0,1.0,33489431.0,33489431.0,16.32674045447974,positive,0.0589451733440807,True,True,positive,False,False
theta_local:983:109559206:1,983,109559206.0,1.0,109559207.0,109559207.0,17.511975664289874,positive,0.05444012530015,True,True,positive,False,False
theta_local:984:108834898:1,984,108834898.0,1.0,108834899.0,108834899.0,17.50534260382036,positive,0.0545411270878509,True,True,positive,False,False
theta_local:985:17591830:1,985,17591830.0,1.0,17591831.0,17591831.0,15.682945204531208,positive,0.059811529361056,True,True,positive,False,False
theta_local:986:108830362:1,986,108830362.0,1.0,108830363.0,108830363.0,17.50530092514403,positive,0.0544065484650341,True,True,positive,False,False
theta_local:987:604692162:1,987,604692162.0,1.0,604692163.0,604692163.0,19.220230065013933,positive,0.0497842615972893,True,True,positive,False,True
theta_local:988:112219398:1,988,112219398.0,1.0,112219399.0,112219399.0,17.535966432721164,positive,0.0547956749890023,True,True,positive,False,False
theta_local:989:187492558:1,989,187492558.0,1.0,187492559.0,187492559.0,18.04924971725392,positive,0.0534997227519696,True,True,positive,False,False
theta_local:990:109527280:1,990,109527280.0,1.0,109527281.0,109527281.0,17.51168421774274,positive,0.0546979058091081,True,True,positive,False,False
theta_local:991:39651918:1,991,39651918.0,1.0,39651919.0,39651919.0,16.49564990336072,positive,0.0575033334265888,True,True,positive,False,False
theta_local:992:109769280:1,992,109769280.0,1.0,109769281.0,109769281.0,17.513891275582832,positive,0.0545327978215142,True,True,positive,False,False
theta_local:993:179434018:1,993,179434018.0,1.0,179434019.0,179434019.0,18.00531811614502,positive,0.0530179853254557,True,True,positive,False,False
theta_local:994:30402600:1,994,30402600.0,1.0,30402601.0,30402601.0,16.230038721926995,positive,0.0583838509096424,True,True,positive,False,False
theta_local:995:40835356:1,995,40835356.0,1.0,40835357.0,40835357.0,16.525058857236605,positive,0.0577954298990485,True,True,positive,False,False
theta_local:996:40844952:1,996,40844952.0,1.0,40844953.0,40844953.0,16.525293822065805,positive,0.0576823253845206,True,True,positive,False,False
theta_local:997:31027888:1,997,31027888.0,1.0,31027889.0,31027889.0,16.25039700317255,positive,0.0582113431712301,True,True,positive,False,False
theta_local:998:40861602:1,998,40861602.0,1.0,40861603.0,40861603.0,16.525701378106486,positive,0.0582342885153666,True,True,positive,False,False
theta_local:999:3260946:1,999,3260946.0,1.0,3260947.0,3260947.0,13.997528201956154,positive,0.0679057846689434,True,True,positive,False,False
theta_local:1000:30784336:1,1000,30784336.0,1.0,30784337.0,30784337.0,16.242516579632973,positive,0.0582834135511458,True,True,positive,False,False
theta_local:1001:179650266:1,1001,179650266.0,1.0,179650267.0,179650267.0,18.00652255774591,positive,0.0525808654579029,True,True,positive,False,False
theta_local:1002:12847992:1,1002,12847992.0,1.0,12847993.0,12847993.0,15.36869817033665,positive,0.0623766146835073,True,True,positive,False,False
theta_local:1003:108811210:1,1003,108811210.0,1.0,108811211.0,108811211.0,17.50512492935704,positive,0.0539684199046391,True,True,positive,False,False
theta_local:1004:178899658:1,1004,178899658.0,1.0,178899659.0,178899659.0,18.00233564238434,positive,0.0536210536138784,True,True,positive,False,False
theta_local:1005:3459226:1,1005,3459226.0,1.0,3459227.0,3459227.0,14.05655571166946,positive,0.0670937609135922,True,True,positive,False,False
theta_local:1006:33827928:1,1006,33827928.0,1.0,33827929.0,33827929.0,16.336797321029024,positive,0.0585224770074963,True,True,positive,False,False
theta_local:1007:39651162:1,1007,39651162.0,1.0,39651163.0,39651163.0,16.495630837266923,positive,0.0572648554389082,True,True,positive,False,False
theta_local:1008:39640806:1,1008,39640806.0,1.0,39640807.0,39640807.0,16.49536962544285,positive,0.0581475215926058,True,True,positive,False,False
theta_local:1009:604365196:1,1009,604365196.0,1.0,604365197.0,604365197.0,19.21968920397824,positive,0.0494720464864998,True,True,positive,False,True
theta_local:1010:33496498:1,1010,33496498.0,1.0,33496499.0,33496499.0,16.326951483871323,positive,0.0583219062948139,True,True,positive,False,False
theta_local:1011:180643146:1,1011,180643146.0,1.0,180643147.0,180643147.0,18.012034079604486,positive,0.0534756590852837,True,True,positive,False,False
theta_local:1012:109719780:1,1012,109719780.0,1.0,109719781.0,109719781.0,17.51344022804189,positive,0.0542528835115265,True,True,positive,False,False
theta_local:1013:12842436:1,1013,12842436.0,1.0,12842437.0,12842437.0,15.368265635724608,positive,0.0613526555481265,True,True,positive,False,False
theta_local:1014:604691862:1,1014,604691862.0,1.0,604691863.0,604691863.0,19.220229568893604,positive,0.0502046222580501,True,True,positive,False,True
theta_local:1015:109511376:1,1015,109511376.0,1.0,109511377.0,109511377.0,17.511539001367023,positive,0.0545448919648038,True,True,positive,False,False
theta_local:1016:33865878:1,1016,33865878.0,1.0,33865879.0,33865879.0,16.337918546296063,positive,0.0571409787010661,True,True,positive,False,False
theta_local:1017:39641610:1,1017,39641610.0,1.0,39641611.0,39641611.0,16.49538990736715,positive,0.0579249643167587,True,True,positive,False,False
theta_local:1018:187509190:1,1018,187509190.0,1.0,187509191.0,187509191.0,18.04933842084003,positive,0.0528718226933726,True,True,positive,False,False
theta_local:1019:178014460:1,1019,178014460.0,1.0,178014461.0,178014461.0,17.99737534652948,positive,0.0538922776913126,True,True,positive,False,False
theta_local:1020:40847532:1,1020,40847532.0,1.0,40847533.0,40847533.0,16.52535698576977,positive,0.0569461819823584,True,True,positive,False,False
theta_local:1021:178037982:1,1021,178037982.0,1.0,178037983.0,178037983.0,17.997507473132902,positive,0.0532913830085584,True,True,positive,False,False
theta_local:1022:604871248:1,1022,604871248.0,1.0,604871249.0,604871249.0,19.22052618177728,positive,0.0498206641871817,True,True,positive,False,True
theta_local:1023:12828756:1,1023,12828756.0,1.0,12828757.0,12828757.0,15.367199849591334,positive,0.0619647852683792,True,True,positive,False,False
theta_local:1024:179667048:1,1024,179667048.0,1.0,179667049.0,179667049.0,18.00661596821774,positive,0.0539139775736893,True,True,positive,False,False
theta_local:1025:178913808:1,1025,178913808.0,1.0,178913809.0,178913809.0,18.002414733873472,positive,0.0539057463052351,True,True,positive,False,False
theta_local:1026:40840900:1,1026,40840900.0,1.0,40840901.0,40840901.0,16.525194612721595,positive,0.0569264558814041,True,True,positive,False,False
theta_local:1027:179380542:1,1027,179380542.0,1.0,179380543.0,179380543.0,18.00502004574287,positive,0.0535322410820112,True,True,positive,False,False
theta_local:1028:618376:1,1028,618376.0,1.0,618377.0,618377.0,12.334853582808185,positive,0.0742407126876558,True,True,positive,False,False
theta_local:1029:179439250:1,1029,179439250.0,1.0,179439251.0,179439251.0,18.005347274070324,positive,0.0528225922871366,True,True,positive,False,False
theta_local:1030:31036050:1,1030,31036050.0,1.0,31036051.0,31036051.0,16.250660022247622,positive,0.0583362442918414,True,True,positive,False,False
theta_local:1031:39640528:1,1031,39640528.0,1.0,39640529.0,39640529.0,16.49536261244297,positive,0.0573762923742834,True,True,positive,False,False
theta_local:1032:180641368:1,1032,180641368.0,1.0,180641369.0,180641369.0,18.012024236946296,positive,0.0526777806841792,True,True,positive,False,False
theta_local:1033:30819868:1,1033,30819868.0,1.0,30819869.0,30819869.0,16.243670137360514,positive,0.0588432889266009,True,True,positive,False,False
theta_local:1034:604866090:1,1034,604866090.0,1.0,604866091.0,604866091.0,19.22051765430634,positive,0.0496337461663637,True,True,positive,False,True
theta_local:1035:12772338:1,1035,12772338.0,1.0,12772339.0,12772339.0,15.362792374901147,positive,0.0617667099828097,True,True,positive,False,False
theta_local:1036:109467516:1,1036,109467516.0,1.0,109467517.0,109467517.0,17.51113841481016,positive,0.0540584124171681,True,True,positive,False,False
theta_local:1037:179472078:1,1037,179472078.0,1.0,179472079.0,179472079.0,18.00553020504713,positive,0.052754244206941,True,True,positive,False,False
theta_local:1038:187417902:1,1038,187417902.0,1.0,187417903.0,187417903.0,18.04885145682348,positive,0.0531407114795376,True,True,positive,False,False
theta_local:1039:7055562:1,1039,7055562.0,1.0,7055563.0,7055563.0,14.769326941644254,positive,0.0636332271852552,True,True,positive,False,False
theta_local:1040:30400788:1,1040,30400788.0,1.0,30400789.0,30400789.0,16.22997911998702,positive,0.058155166661356,True,True,positive,False,False
theta_local:1041:33929476:1,1041,33929476.0,1.0,33929477.0,33929477.0,16.339794722553787,positive,0.0581526512748014,True,True,positive,False,False
theta_local:1042:40836820:1,1042,40836820.0,1.0,40836821.0,40836821.0,16.525094707878427,positive,0.0576029681021219,True,True,positive,False,False
theta_local:1043:30776352:1,1043,30776352.0,1.0,30776353.0,30776353.0,16.242257193325095,positive,0.0581186934414031,True,True,positive,False,False
theta_local:1044:3454222:1,1044,3454222.0,1.0,3454223.0,3454223.0,14.05510809843038,positive,0.0663552024669976,True,True,positive,False,False
theta_local:1045:178016202:1,1045,178016202.0,1.0,178016203.0,178016203.0,17.99738513220344,positive,0.0535819133808564,True,True,positive,False,False
theta_local:1046:109816380:1,1046,109816380.0,1.0,109816381.0,109816381.0,17.514320265347404,positive,0.0544962849282872,True,True,positive,False,False
theta_local:1047:179661672:1,1047,179661672.0,1.0,179661673.0,179661673.0,18.00658604575582,positive,0.0530176351764428,True,True,positive,False,False
theta_local:1048:30776716:1,1048,30776716.0,1.0,30776717.0,30776717.0,16.242269020517465,positive,0.0582514018082677,True,True,positive,False,False
theta_local:1049:604141168:1,1049,604141168.0,1.0,604141169.0,604141169.0,19.219318452099937,positive,0.0498451115752558,True,True,positive,False,True
theta_local:1050:17591568:1,1050,17591568.0,1.0,17591569.0,17591569.0,15.682930311143984,positive,0.0600975242305102,True,True,positive,False,False
theta_local:1051:108835252:1,1051,108835252.0,1.0,108835253.0,108835253.0,17.50534585644821,positive,0.0545099643960911,True,True,positive,False,False
theta_local:1052:39640758:1,1052,39640758.0,1.0,39640759.0,39640759.0,16.495368414568688,positive,0.0574714944854633,True,True,positive,False,False
theta_local:1053:30336772:1,1053,30336772.0,1.0,30336773.0,30336773.0,16.227871164988613,positive,0.0583789727930857,True,True,positive,False,False
theta_local:1054:33865668:1,1054,33865668.0,1.0,33865669.0,33865669.0,16.337912345345213,positive,0.0588976206745489,True,True,positive,False,False
theta_local:1055:179400046:1,1055,179400046.0,1.0,179400047.0,179400047.0,18.00512876957333,positive,0.0526726107882914,True,True,positive,False,False
theta_local:1056:179379172:1,1056,179379172.0,1.0,179379173.0,179379173.0,18.00501240831905,positive,0.053722866414157,True,True,positive,False,False
theta_local:1057:31034302:1,1057,31034302.0,1.0,31034303.0,31034303.0,16.250603699063113,positive,0.0577357907455695,True,True,positive,False,False
theta_local:1058:604357392:1,1058,604357392.0,1.0,604357393.0,604357393.0,19.219676291172497,positive,0.0502046417587178,True,True,positive,False,True
theta_local:1059:109594402:1,1059,109594402.0,1.0,109594403.0,109594403.0,17.51229686365595,positive,0.0544968190492292,True,True,positive,False,False
theta_local:1060:40846572:1,1060,40846572.0,1.0,40846573.0,40846573.0,16.52533348346227,positive,0.0569631998944803,True,True,positive,False,False
theta_local:1061:33914128:1,1061,33914128.0,1.0,33914129.0,33914129.0,16.339342270180843,positive,0.0587143832589468,True,True,positive,False,False
theta_local:1062:604361010:1,1062,604361010.0,1.0,604361011.0,604361011.0,19.219682277678515,positive,0.0497861772683231,True,True,positive,False,True
theta_local:1063:108592612:1,1063,108592612.0,1.0,108592613.0,108592613.0,17.5031139428928,positive,0.0545203554621977,True,True,positive,False,False
theta_local:1064:40882468:1,1064,40882468.0,1.0,40882469.0,40882469.0,16.52621189831774,positive,0.0567934646373467,True,True,positive,False,False
theta_local:1065:109589026:1,1065,109589026.0,1.0,109589027.0,109589027.0,17.512247808852848,positive,0.0543602998727245,True,True,positive,False,False
theta_local:1066:7114116:1,1066,7114116.0,1.0,7114117.0,7114117.0,14.77759167779893,positive,0.06364220805078,True,True,positive,False,False
theta_local:1067:108591990:1,1067,108591990.0,1.0,108591991.0,108591991.0,17.50310821504664,positive,0.0549443196533628,True,True,positive,False,False
theta_local:1068:109706758:1,1068,109706758.0,1.0,109706759.0,109706759.0,17.513321536838767,positive,0.0547005126306362,True,True,positive,False,False
theta_local:1069:40861278:1,1069,40861278.0,1.0,40861279.0,40861279.0,16.525693448870705,positive,0.0570760752474639,True,True,positive,False,False
theta_local:1070:31039138:1,1070,31039138.0,1.0,31039139.0,31039139.0,16.250759514492515,positive,0.0582970257036431,True,True,positive,False,False
theta_local:1071:30780076:1,1071,30780076.0,1.0,30780077.0,30780077.0,16.24237818799631,positive,0.0583531546770101,True,True,positive,False,False
theta_local:1072:17594910:1,1072,17594910.0,1.0,17594911.0,17594911.0,15.683120270469844,positive,0.0604306117113545,True,True,positive,False,False
theta_local:1073:187494022:1,1073,187494022.0,1.0,187494023.0,187494023.0,18.04925752553332,positive,0.0528184107877725,True,True,positive,False,False
theta_local:1074:604884330:1,1074,604884330.0,1.0,604884331.0,604884331.0,19.22054780928653,positive,0.0500412215505364,True,True,positive,False,True
theta_local:1075:604361110:1,1075,604361110.0,1.0,604361111.0,604361111.0,19.21968244314252,positive,0.0501998774771426,True,True,positive,False,True
theta_local:1076:30399820:1,1076,30399820.0,1.0,30399821.0,30399821.0,16.22994727820122,positive,0.0579107278753571,True,True,positive,False,False
theta_local:1077:187494156:1,1077,187494156.0,1.0,187494157.0,187494157.0,18.049258240222507,positive,0.0524179537194175,True,True,positive,False,False
theta_local:1078:109527766:1,1078,109527766.0,1.0,109527767.0,109527767.0,17.511688654983555,positive,0.0542052505928554,True,True,positive,False,False
theta_local:1079:30781768:1,1079,30781768.0,1.0,30781769.0,30781769.0,16.2424331571082,positive,0.0582198634934368,True,True,positive,False,False
theta_local:1080:179663628:1,1080,179663628.0,1.0,179663629.0,179663629.0,18.00659693282661,positive,0.0528439772376782,True,True,positive,False,False
theta_local:1081:17999010:1,1081,17999010.0,1.0,17999011.0,17999011.0,15.705827369906494,positive,0.0591723335658698,True,True,positive,False,False
theta_local:1082:179380960:1,1082,179380960.0,1.0,179380961.0,179380961.0,18.00502237598173,positive,0.0521747116325183,True,True,positive,False,False
theta_local:1083:109603308:1,1083,109603308.0,1.0,109603309.0,109603309.0,17.51237812362827,positive,0.054542461859309,True,True,positive,False,False
theta_local:1084:179408590:1,1084,179408590.0,1.0,179408591.0,179408591.0,18.005176393844856,positive,0.0534419489733958,True,True,positive,False,False
theta_local:1085:33412188:1,1085,33412188.0,1.0,33412189.0,33412189.0,16.32443133149224,positive,0.0583910982497657,True,True,positive,False,False
theta_local:1086:12772056:1,1086,12772056.0,1.0,12772057.0,12772057.0,15.362770295694418,positive,0.06227170973379,True,True,positive,False,False
theta_local:1087:108548850:1,1087,108548850.0,1.0,108548851.0,108548851.0,17.50271086924868,positive,0.0542782829612496,True,True,positive,False,False
theta_local:1088:108811248:1,1088,108811248.0,1.0,108811249.0,108811249.0,17.50512527858569,positive,0.0542851518691058,True,True,positive,False,False
theta_local:1089:108537412:1,1089,108537412.0,1.0,108537413.0,108537413.0,17.50260549178444,positive,0.0539085459451573,True,True,positive,False,False
theta_local:1090:179149560:1,1090,179149560.0,1.0,179149561.0,179149561.0,18.003731551251725,positive,0.0533156574202763,True,True,positive,False,False
theta_local:1091:30336528:1,1091,30336528.0,1.0,30336529.0,30336529.0,16.22786312191227,positive,0.0581716915777917,True,True,positive,False,False
theta_local:1092:108833028:1,1092,108833028.0,1.0,108833029.0,108833029.0,17.505325421684084,positive,0.054911741915113,True,True,positive,False,False
theta_local:1093:30781630:1,1093,30781630.0,1.0,30781631.0,30781631.0,16.24242867392501,positive,0.0581949055190804,True,True,positive,False,False
theta_local:1094:76020618:1,1094,76020618.0,1.0,76020619.0,76020619.0,17.14651516408628,positive,0.0560191245093466,True,True,positive,False,False
theta_local:1095:108532336:1,1095,108532336.0,1.0,108532337.0,108532337.0,17.502558723406985,positive,0.0551289746581206,True,True,positive,False,False
theta_local:1096:33489282:1,1096,33489282.0,1.0,33489283.0,33489283.0,16.326736035165272,positive,0.0577474700715806,True,True,positive,False,False
theta_local:1097:180619782:1,1097,180619782.0,1.0,180619783.0,180619783.0,18.011904733368866,positive,0.0532369055469006,True,True,positive,False,False
theta_local:1098:30804736:1,1098,30804736.0,1.0,30804737.0,30804737.0,16.243179034819295,positive,0.058989272338129,True,True,positive,False,False
theta_local:1099:33920712:1,1099,33920712.0,1.0,33920713.0,33920713.0,16.33953638871423,positive,0.0585467889999367,True,True,positive,False,False
theta_local:1100:179407896:1,1100,179407896.0,1.0,179407897.0,179407897.0,18.005172525572227,positive,0.0531144456911841,True,True,positive,False,False
theta_local:1101:33866148:1,1101,33866148.0,1.0,33866149.0,33866149.0,16.33792651889065,positive,0.0581857775751032,True,True,positive,False,False
theta_local:1102:18001810:1,1102,18001810.0,1.0,18001811.0,18001811.0,15.705982921910593,positive,0.0615526936475914,True,True,positive,False,False
theta_local:1103:33902460:1,1103,33902460.0,1.0,33902461.0,33902461.0,16.33899816558593,positive,0.0586781115263028,True,True,positive,False,False
theta_local:1104:108583632:1,1104,108583632.0,1.0,108583633.0,108583633.0,17.503031245082425,positive,0.055383249382152,True,True,positive,False,False
theta_local:1105:30799542:1,1105,30799542.0,1.0,30799543.0,30799543.0,16.243010410171387,positive,0.0589063417634296,True,True,positive,False,False
theta_local:1106:108548932:1,1106,108548932.0,1.0,108548933.0,108548933.0,17.50271162466864,positive,0.054595234329025,True,True,positive,False,False
theta_local:1107:178014148:1,1107,178014148.0,1.0,178014149.0,178014149.0,17.99737359386134,positive,0.0522691062283668,True,True,positive,False,False
theta_local:1108:33930190:1,1108,33930190.0,1.0,33930191.0,33930191.0,16.339815765981232,positive,0.0590885232164182,True,True,positive,False,False
theta_local:1109:187509858:1,1109,187509858.0,1.0,187509859.0,187509859.0,18.04934198332572,positive,0.0532746905385066,True,True,positive,False,False
theta_local:1110:108549030:1,1110,108549030.0,1.0,108549031.0,108549031.0,17.50271252748687,positive,0.0548105176332126,True,True,positive,False,False
theta_local:1111:179400082:1,1111,179400082.0,1.0,179400083.0,179400083.0,18.00512897024215,positive,0.0529513872404459,True,True,positive,False,False
theta_local:1112:30775300:1,1112,30775300.0,1.0,30775301.0,30775301.0,16.242223010653085,positive,0.0575445522104413,True,True,positive,False,False
theta_local:1113:108547792:1,1113,108547792.0,1.0,108547793.0,108547793.0,17.50270112243748,positive,0.0551923003132832,True,True,positive,False,False
theta_local:1114:604357542:1,1114,604357542.0,1.0,604357543.0,604357543.0,19.219676539369978,positive,0.0502820747847901,True,True,positive,False,True
theta_local:1115:109467442:1,1115,109467442.0,1.0,109467443.0,109467443.0,17.511137738810312,positive,0.05439436807557,True,True,positive,False,False
theta_local:1116:33921492:1,1116,33921492.0,1.0,33921493.0,33921493.0,16.33955938324952,positive,0.0575180001629738,True,True,positive,False,False
theta_local:1117:179604478:1,1117,179604478.0,1.0,179604479.0,179604479.0,18.0062676522742,positive,0.0533605890133977,True,True,positive,False,False
theta_local:1118:17590162:1,1118,17590162.0,1.0,17590163.0,17590163.0,15.682850383299574,positive,0.0601487557243022,True,True,positive,False,False
theta_local:1119:30802270:1,1119,30802270.0,1.0,30802271.0,30802271.0,16.243098978991835,positive,0.0582828772431081,True,True,positive,False,False
theta_local:1120:178894408:1,1120,178894408.0,1.0,178894409.0,178894409.0,18.00230629589445,positive,0.0527444806986635,True,True,positive,False,False
theta_local:1121:178036588:1,1121,178036588.0,1.0,178036589.0,178036589.0,17.99749964331236,positive,0.0530767721992064,True,True,positive,False,False
theta_local:1122:187494078:1,1122,187494078.0,1.0,187494079.0,187494079.0,18.04925782420945,positive,0.0522201061251438,True,True,positive,False,False
theta_local:1123:187420816:1,1123,187420816.0,1.0,187420817.0,187420817.0,18.048867004843707,positive,0.053034220917429,True,True,positive,False,False
theta_local:1124:3241150:1,1124,3241150.0,1.0,3241151.0,3241151.0,13.991439071596847,positive,0.0669522536547854,True,True,positive,False,False
theta_local:1125:178014072:1,1125,178014072.0,1.0,178014073.0,178014073.0,17.99737316692889,positive,0.0528549473289295,True,True,positive,False,False
theta_local:1126:109494268:1,1126,109494268.0,1.0,109494269.0,109494269.0,17.51138276795161,positive,0.0541033015819134,True,True,positive,False,False
theta_local:1127:604676356:1,1127,604676356.0,1.0,604676357.0,604676357.0,19.220203925752426,positive,0.049416511214896,True,True,positive,False,True
theta_local:1128:12830346:1,1128,12830346.0,1.0,12830347.0,12830347.0,15.367323782212054,positive,0.0604191265689465,True,True,positive,False,False
theta_local:1129:1510668:1,1129,1510668.0,1.0,1510669.0,1510669.0,13.228063157032665,positive,0.0696682143827288,True,True,positive,False,False
theta_local:1130:180642732:1,1130,180642732.0,1.0,180642733.0,180642733.0,18.01203178779059,positive,0.0527576768807692,True,True,positive,False,False
theta_local:1131:604713502:1,1131,604713502.0,1.0,604713503.0,604713503.0,19.22026535507516,positive,0.0496773189685459,True,True,positive,False,True
theta_local:1132:178013496:1,1132,178013496.0,1.0,178013497.0,178013497.0,17.997369931224423,positive,0.0533559352645015,True,True,positive,False,False
theta_local:1133:178037772:1,1133,178037772.0,1.0,178037773.0,178037773.0,17.997506293608623,positive,0.0532612509449289,True,True,positive,False,False
theta_local:1134:604432770:1,1134,604432770.0,1.0,604432771.0,604432771.0,19.219801007607728,positive,0.0500841735521508,True,True,positive,False,True
theta_local:1135:30372630:1,1135,30372630.0,1.0,30372631.0,30372631.0,16.229052464813922,positive,0.0598227360923421,True,True,positive,False,False
theta_local:1136:5896:1,1136,5896.0,1.0,5897.0,5897.0,7.682199026000504,positive,0.1166604661931528,True,True,positive,False,False
theta_local:1137:40397050:1,1137,40397050.0,1.0,40397051.0,40397051.0,16.514267345217604,positive,0.0579228585683904,True,True,positive,False,False
theta_local:1138:33489318:1,1138,33489318.0,1.0,33489319.0,33489319.0,16.326737110135454,positive,0.0576878486927585,True,True,positive,False,False
theta_local:1139:33921132:1,1139,33921132.0,1.0,33921133.0,33921133.0,16.33954877045278,positive,0.0577584668244067,True,True,positive,False,False
theta_local:1140:109452438:1,1140,109452438.0,1.0,109452439.0,109452439.0,17.51100066583287,positive,0.054684290006421,True,True,positive,False,False
theta_local:1141:179380800:1,1141,179380800.0,1.0,179380801.0,179380801.0,18.00502148402492,positive,0.0527310857325823,True,True,positive,False,False
theta_local:1142:109507312:1,1142,109507312.0,1.0,109507313.0,109507313.0,17.51150189037892,positive,0.0546230160820673,True,True,positive,False,False
theta_local:1143:109709488:1,1143,109709488.0,1.0,109709489.0,109709489.0,17.5133464210488,positive,0.0541159908639181,True,True,positive,False,False
theta_local:1144:30402076:1,1144,30402076.0,1.0,30402077.0,30402077.0,16.230021486411005,positive,0.059307463297189,True,True,positive,False,False
theta_local:1145:30402172:1,1145,30402172.0,1.0,30402173.0,30402173.0,16.230024644085017,positive,0.0583819238538428,True,True,positive,False,False
theta_local:1146:604814008:1,1146,604814008.0,1.0,604814009.0,604814009.0,19.22043154559044,positive,0.0494756295158382,True,True,positive,False,True
theta_local:1147:1518088:1,1147,1518088.0,1.0,1518089.0,1518089.0,13.232962864995075,positive,0.0696981157976294,True,True,positive,False,False
theta_local:1148:33916498:1,1148,33916498.0,1.0,33916499.0,33916499.0,16.339412150117706,positive,0.0585439458953165,True,True,positive,False,False
theta_local:1149:604692526:1,1149,604692526.0,1.0,604692527.0,604692527.0,19.22023066697293,positive,0.0502751394000731,True,True,positive,False,True
theta_local:1150:33822052:1,1150,33822052.0,1.0,33822053.0,33822053.0,16.336623603317918,positive,0.0572889911098015,True,True,positive,False,False
theta_local:1151:30405100:1,1151,30405100.0,1.0,30405101.0,30405101.0,16.230120948352898,positive,0.0583189578507988,True,True,positive,False,False
theta_local:1152:109688262:1,1152,109688262.0,1.0,109688263.0,109688263.0,17.51315292772562,positive,0.0536493335791564,True,True,positive,False,False
theta_local:1153:604205808:1,1153,604205808.0,1.0,604205809.0,604205809.0,19.219425441236734,positive,0.0500916480596878,True,True,positive,False,True
theta_local:1154:179151250:1,1154,179151250.0,1.0,179151251.0,179151251.0,18.003740984666017,positive,0.0531896390827967,True,True,positive,False,False
theta_local:1155:179408682:1,1155,179408682.0,1.0,179408683.0,179408683.0,18.00517690664068,positive,0.0532792716347628,True,True,positive,False,False
theta_local:1156:31018762:1,1156,31018762.0,1.0,31018763.0,31018763.0,16.25010283741915,positive,0.0577392055749262,True,True,positive,False,False
theta_local:1157:179149626:1,1157,179149626.0,1.0,179149627.0,179149627.0,18.003731919658925,positive,0.052449097351866,True,True,positive,False,False
theta_local:1158:108625470:1,1158,108625470.0,1.0,108625471.0,108625471.0,17.50341647755884,positive,0.0548992148437754,True,True,positive,False,False
theta_local:1159:179471160:1,1159,179471160.0,1.0,179471161.0,179471161.0,18.00552509003229,positive,0.0528393789272466,True,True,positive,False,False
theta_local:1160:604676122:1,1160,604676122.0,1.0,604676123.0,604676123.0,19.22020353876848,positive,0.0495283809568822,True,True,positive,False,True
theta_local:1161:33876412:1,1161,33876412.0,1.0,33876413.0,33876413.0,16.338229548471332,positive,0.0585377659146537,True,True,positive,False,False
theta_local:1162:40835592:1,1162,40835592.0,1.0,40835593.0,40835593.0,16.52506463652532,positive,0.0573022479213347,True,True,positive,False,False
theta_local:1163:33925348:1,1163,33925348.0,1.0,33925349.0,33925349.0,16.339673051030964,positive,0.0586968995381285,True,True,positive,False,False
theta_local:1164:604356978:1,1164,604356978.0,1.0,604356979.0,604356979.0,19.21967560614713,positive,0.0497916518374952,True,True,positive,False,True
theta_local:1165:179410000:1,1165,179410000.0,1.0,179410001.0,179410001.0,18.0051842529694,positive,0.0523424802961385,True,True,positive,False,False
theta_local:1166:109568140:1,1166,109568140.0,1.0,109568141.0,109568141.0,17.512057205914747,positive,0.0550760585666167,True,True,positive,False,False
theta_local:1167:180641136:1,1167,180641136.0,1.0,180641137.0,180641137.0,18.0120229526328,positive,0.0527240326383938,True,True,positive,False,False
theta_local:1168:604866190:1,1168,604866190.0,1.0,604866191.0,604866191.0,19.22051781963217,positive,0.0499181365283003,True,True,positive,False,True
theta_local:1169:179436910:1,1169,179436910.0,1.0,179436911.0,179436911.0,18.0053342333602,positive,0.0526897268156398,True,True,positive,False,False
theta_local:1170:40835406:1,1170,40835406.0,1.0,40835407.0,40835407.0,16.525060081664968,positive,0.0577275682750923,True,True,positive,False,False
theta_local:1171:109710486:1,1171,109710486.0,1.0,109710487.0,109710487.0,17.5133555177593,positive,0.053558207608188,True,True,positive,False,False
theta_local:1172:108553852:1,1172,108553852.0,1.0,108553853.0,108553853.0,17.50275694882216,positive,0.0549840791501077,True,True,positive,False,False
theta_local:1173:76018252:1,1173,76018252.0,1.0,76018253.0,76018253.0,17.146484040466788,positive,0.0557750751240321,True,True,positive,False,False
theta_local:1174:604873348:1,1174,604873348.0,1.0,604873349.0,604873349.0,19.220529653584467,positive,0.0492944218218632,True,True,positive,False,True
theta_local:1175:17586112:1,1175,17586112.0,1.0,17586113.0,17586113.0,15.682620114466232,positive,0.0608489823387839,True,True,positive,False,False
theta_local:1176:108582376:1,1176,108582376.0,1.0,108582377.0,108582377.0,17.50301967789472,positive,0.0551686357806357,True,True,positive,False,False
theta_local:1177:109526146:1,1177,109526146.0,1.0,109526147.0,109526147.0,17.511673864104264,positive,0.0541493262269027,True,True,positive,False,False
theta_local:1178:33388546:1,1178,33388546.0,1.0,33388547.0,33388547.0,16.323723494950226,positive,0.0581067238097937,True,True,positive,False,False
theta_local:1179:179642422:1,1179,179642422.0,1.0,179642423.0,179642423.0,18.00647889418013,positive,0.0534641342034545,True,True,positive,False,False
theta_local:1180:178911826:1,1180,178911826.0,1.0,178911827.0,178911827.0,18.00240365585222,positive,0.0531932038027157,True,True,positive,False,False
theta_local:1181:604810846:1,1181,604810846.0,1.0,604810847.0,604810847.0,19.220426317523263,positive,0.0504180546017721,True,True,positive,False,True
theta_local:1182:39693150:1,1182,39693150.0,1.0,39693151.0,39693151.0,16.496689211882636,positive,0.0581312364374822,True,True,positive,False,False
theta_local:1183:108591870:1,1183,108591870.0,1.0,108591871.0,108591871.0,17.50310710999216,positive,0.0542251619253325,True,True,positive,False,False
theta_local:1184:33902968:1,1184,33902968.0,1.0,33902969.0,33902969.0,16.33901314963662,positive,0.0587979559752038,True,True,positive,False,False
theta_local:1185:178906096:1,1185,178906096.0,1.0,178906097.0,178906097.0,18.002371628390115,positive,0.0527304486763606,True,True,positive,False,False
theta_local:1186:180640560:1,1186,180640560.0,1.0,180640561.0,180640561.0,18.01201976398525,positive,0.0532380313320722,True,True,positive,False,False
theta_local:1187:108593896:1,1187,108593896.0,1.0,108593897.0,108593897.0,17.503125766831587,positive,0.0546529133139765,True,True,positive,False,False
theta_local:1188:30776232:1,1188,30776232.0,1.0,30776233.0,30776233.0,16.242253294220024,positive,0.0579233664053522,True,True,positive,False,False
theta_local:1189:33863146:1,1189,33863146.0,1.0,33863147.0,33863147.0,16.337837871874388,positive,0.0579572781844086,True,True,positive,False,False
theta_local:1190:109814500:1,1190,109814500.0,1.0,109814501.0,109814501.0,17.51430314571484,positive,0.0546547784088785,True,True,positive,False,False
theta_local:1191:179382942:1,1191,179382942.0,1.0,179382943.0,179382943.0,18.005033425030863,positive,0.0537636723765154,True,True,positive,False,False
theta_local:1192:179662362:1,1192,179662362.0,1.0,179662363.0,179662363.0,18.006589886300457,positive,0.0537690815764019,True,True,positive,False,False
theta_local:1193:604692298:1,1193,604692298.0,1.0,604692299.0,604692299.0,19.220230289921734,positive,0.0501551319285789,True,True,positive,False,True
theta_local:1194:30418692:1,1194,30418692.0,1.0,30418693.0,30418693.0,16.23056787871789,positive,0.0576454444892701,True,True,positive,False,False
theta_local:1195:187449670:1,1195,187449670.0,1.0,187449671.0,187449671.0,18.04902094600996,positive,0.0531234516953333,True,True,positive,False,False
theta_local:1196:108596062:1,1196,108596062.0,1.0,108596063.0,108596063.0,17.50314571250496,positive,0.0546575804301915,True,True,positive,False,False
theta_local:1197:31020190:1,1197,31020190.0,1.0,31020191.0,31020191.0,16.25014887301157,positive,0.0591767793252844,True,True,positive,False,False
theta_local:1198:108595630:1,1198,108595630.0,1.0,108595631.0,108595631.0,17.503141734452274,positive,0.0540053006478409,True,True,positive,False,False
theta_local:1199:354352:1,1199,354352.0,1.0,354353.0,354353.0,11.778048870408291,positive,0.0773429809248389,True,True,positive,False,False
theta_local:1200:2274948:1,1200,2274948.0,1.0,2274949.0,2274949.0,13.637468192533492,positive,0.0676804907283951,True,True,positive,False,False
theta_local:1201:112219462:1,1201,112219462.0,1.0,112219463.0,112219463.0,17.53596700303238,positive,0.0541123728605688,True,True,positive,False,False
theta_local:1202:604864276:1,1202,604864276.0,1.0,604864277.0,604864277.0,19.220514655290945,positive,0.0500681122179068,True,True,positive,False,True
theta_local:1203:187422076:1,1203,187422076.0,1.0,187422077.0,187422077.0,18.048873727660222,positive,0.0534687166989851,True,True,positive,False,False
theta_local:1204:109588860:1,1204,109588860.0,1.0,109588861.0,109588861.0,17.512246294101505,positive,0.0533838541467366,True,True,positive,False,False
theta_local:1205:30387078:1,1205,30387078.0,1.0,30387079.0,30387079.0,16.22952804312963,positive,0.0588391431046485,True,True,positive,False,False
theta_local:1206:33471576:1,1206,33471576.0,1.0,33471577.0,33471577.0,16.326207188898582,positive,0.0576972499092111,True,True,positive,False,False
theta_local:1207:39638068:1,1207,39638068.0,1.0,39638069.0,39638069.0,16.495300552818737,positive,0.0585308390628215,True,True,positive,False,False
theta_local:1208:30802308:1,1208,30802308.0,1.0,30802309.0,30802309.0,16.243100212666345,positive,0.0583791167720737,True,True,positive,False,False
theta_local:1209:109593480:1,1209,109593480.0,1.0,109593481.0,109593481.0,17.51228845078218,positive,0.0552477469879636,True,True,positive,False,False
theta_local:1210:604170642:1,1210,604170642.0,1.0,604170643.0,604170643.0,19.21936723752058,positive,0.0502961014855357,True,True,positive,False,True
theta_local:1211:109590112:1,1211,109590112.0,1.0,109590113.0,109590113.0,17.51225771855502,positive,0.0544964114389901,True,True,positive,False,False
theta_local:1212:7103100:1,1212,7103100.0,1.0,7103101.0,7103101.0,14.776042007222792,positive,0.0628547651992971,True,True,positive,False,False
theta_local:1213:3241200:1,1213,3241200.0,1.0,3241201.0,3241201.0,13.991454498096363,positive,0.0680971441582546,True,True,positive,False,False
theta_local:1214:604810752:1,1214,604810752.0,1.0,604810753.0,604810753.0,19.22042616210276,positive,0.0492954387906353,True,True,positive,False,True
theta_local:1215:30386868:1,1215,30386868.0,1.0,30386869.0,30386869.0,16.229521132273682,positive,0.0588988442425862,True,True,positive,False,False
theta_local:1216:112219518:1,1216,112219518.0,1.0,112219519.0,112219519.0,17.535967502054422,positive,0.0541406508320508,True,True,positive,False,False
theta_local:1217:178039548:1,1217,178039548.0,1.0,178039549.0,178039549.0,17.9975162689701,positive,0.0534149386688814,True,True,positive,False,False
theta_local:1218:109705302:1,1218,109705302.0,1.0,109705303.0,109705303.0,17.51330826500688,positive,0.0547102046489548,True,True,positive,False,False
theta_local:1219:109726282:1,1219,109726282.0,1.0,109726283.0,109726283.0,17.513499486338745,positive,0.0543187954462519,True,True,positive,False,False
theta_local:1220:17640166:1,1220,17640166.0,1.0,17640167.0,17640167.0,15.685689075618289,positive,0.0599169349585089,True,True,positive,False,False
theta_local:1221:76024138:1,1221,76024138.0,1.0,76024139.0,76024139.0,17.146561466241604,positive,0.0557012615372335,True,True,positive,False,False
theta_local:1222:109591462:1,1222,109591462.0,1.0,109591463.0,109591463.0,17.512270037108657,positive,0.0544056248012128,True,True,positive,False,False
theta_local:1223:604432650:1,1223,604432650.0,1.0,604432651.0,604432651.0,19.21980080907446,positive,0.0500016508242014,True,True,positive,False,True
theta_local:1224:12784632:1,1224,12784632.0,1.0,12784633.0,12784633.0,15.363754460781138,positive,0.0605715274214732,True,True,positive,False,False
theta_local:1225:178013448:1,1225,178013448.0,1.0,178013449.0,178013449.0,17.99736966158191,positive,0.0528018279129453,True,True,positive,False,False
theta_local:1226:179412328:1,1226,179412328.0,1.0,179412329.0,179412329.0,18.005197228750472,positive,0.0530676064879347,True,True,positive,False,False
theta_local:1227:2275548:1,1227,2275548.0,1.0,2275549.0,2275549.0,13.637731899935837,positive,0.0675544847184339,True,True,positive,False,False
theta_local:1228:108624220:1,1228,108624220.0,1.0,108624221.0,108624221.0,17.503404970062665,positive,0.0550486957228522,True,True,positive,False,False
theta_local:1229:604693458:1,1229,604693458.0,1.0,604693459.0,604693459.0,19.22023220825092,positive,0.0497381509976261,True,True,positive,False,True
theta_local:1230:109670842:1,1230,109670842.0,1.0,109670843.0,109670843.0,17.5129941014033,positive,0.0544253157005279,True,True,positive,False,False
theta_local:1231:604325338:1,1231,604325338.0,1.0,604325339.0,604325339.0,19.21962325161272,positive,0.0497866222158572,True,True,positive,False,True
theta_local:1232:604813788:1,1232,604813788.0,1.0,604813789.0,604813789.0,19.220431181842184,positive,0.0497481806740492,True,True,positive,False,True
theta_local:1233:187505430:1,1233,187505430.0,1.0,187505431.0,187505431.0,18.049318368288585,positive,0.0533554619999509,True,True,positive,False,False
theta_local:1234:109507156:1,1234,109507156.0,1.0,109507157.0,109507157.0,17.511500465815505,positive,0.054893244927348,True,True,positive,False,False
theta_local:1235:108832938:1,1235,108832938.0,1.0,108832939.0,108832939.0,17.505324594728904,positive,0.0548802733348801,True,True,positive,False,False
theta_local:1236:180641080:1,1236,180641080.0,1.0,180641081.0,180641081.0,18.012022642625844,positive,0.0526178784625598,True,True,positive,False,False
theta_local:1237:604691158:1,1237,604691158.0,1.0,604691159.0,604691159.0,19.2202284046636,positive,0.0499289457582351,True,True,positive,False,True
theta_local:1238:109710066:1,1238,109710066.0,1.0,109710067.0,109710067.0,17.513351689494424,positive,0.0541693985501834,True,True,positive,False,False
theta_local:1239:108596262:1,1239,108596262.0,1.0,108596263.0,108596263.0,17.503147554190647,positive,0.0540306422510587,True,True,positive,False,False
theta_local:1240:604674856:1,1240,604674856.0,1.0,604674857.0,604674857.0,19.22020144508348,positive,0.0497429223679394,True,True,positive,False,True
theta_local:1241:40844980:1,1241,40844980.0,1.0,40844981.0,40844981.0,16.525294507584782,positive,0.0568777991674119,True,True,positive,False,False
theta_local:1242:33915442:1,1242,33915442.0,1.0,33915443.0,33915443.0,16.339381014343942,positive,0.0574527273383092,True,True,positive,False,False
theta_local:1243:180643422:1,1243,180643422.0,1.0,180643423.0,180643423.0,18.0120356074775,positive,0.0534700948311592,True,True,positive,False,False
theta_local:1244:108531718:1,1244,108531718.0,1.0,108531719.0,108531719.0,17.502553029235305,positive,0.0541241277962125,True,True,positive,False,False
theta_local:1245:108835756:1,1245,108835756.0,1.0,108835757.0,108835757.0,17.50535048728996,positive,0.0544483994163014,True,True,positive,False,False
theta_local:1246:109496896:1,1246,109496896.0,1.0,109496897.0,109496897.0,17.51140676891976,positive,0.0538157413221827,True,True,positive,False,False
theta_local:1247:108555592:1,1247,108555592.0,1.0,108555593.0,108555593.0,17.50277297760425,positive,0.053939505601574,True,True,positive,False,False
theta_local:1248:109683106:1,1248,109683106.0,1.0,109683107.0,109683107.0,17.51310592067998,positive,0.053791839156681,True,True,positive,False,False
theta_local:1249:30348052:1,1249,30348052.0,1.0,30348053.0,30348053.0,16.228242921846906,positive,0.0588533961673744,True,True,positive,False,False
theta_local:1250:30650056:1,1250,30650056.0,1.0,30650057.0,30650057.0,16.238145080051126,positive,0.0582871795959794,True,True,positive,False,False
theta_local:1251:30422962:1,1251,30422962.0,1.0,30422963.0,30422963.0,16.230708243076382,positive,0.0576765885135855,True,True,positive,False,False
theta_local:1252:108804460:1,1252,108804460.0,1.0,108804461.0,108804461.0,17.5050628933838,positive,0.0549550380031999,True,True,positive,False,False
theta_local:1253:604828962:1,1253,604828962.0,1.0,604828963.0,604828963.0,19.22045627024118,positive,0.0501964922524844,True,True,positive,False,True
theta_local:1254:604838292:1,1254,604838292.0,1.0,604838293.0,604838293.0,19.22047169597078,positive,0.0499339613526072,True,True,positive,False,True
theta_local:1255:112219650:1,1255,112219650.0,1.0,112219651.0,112219651.0,17.53596867831969,positive,0.0541834620826938,True,True,positive,False,False
theta_local:1256:179380468:1,1256,179380468.0,1.0,179380469.0,179380469.0,18.00501963321198,positive,0.0526369272801094,True,True,positive,False,False
theta_local:1257:30784290:1,1257,30784290.0,1.0,30784291.0,30784291.0,16.24251508536547,positive,0.0583171498986228,True,True,positive,False,False
theta_local:1258:178878052:1,1258,178878052.0,1.0,178878053.0,178878053.0,18.002214863480003,positive,0.0539744023408078,True,True,positive,False,False
theta_local:1259:33902220:1,1259,33902220.0,1.0,33902221.0,33902221.0,16.338991086428774,positive,0.058713318484109,True,True,positive,False,False
theta_local:1260:108563908:1,1260,108563908.0,1.0,108563909.0,108563909.0,17.50284958058028,positive,0.0547342177082776,True,True,positive,False,False
theta_local:1261:30423016:1,1261,30423016.0,1.0,30423017.0,30423017.0,16.230710018049844,positive,0.0579399010587369,True,True,positive,False,False
theta_local:1262:604871020:1,1262,604871020.0,1.0,604871021.0,604871021.0,19.22052580483748,positive,0.049249868910108,True,True,positive,False,True
theta_local:1263:178039642:1,1263,178039642.0,1.0,178039643.0,178039643.0,17.99751679694253,positive,0.052871240885929,True,True,positive,False,False
theta_local:1264:108592368:1,1264,108592368.0,1.0,108592369.0,108592369.0,17.503111695960275,positive,0.0539675224819918,True,True,positive,False,False
theta_local:1265:109588132:1,1265,109588132.0,1.0,109588133.0,109588133.0,17.512239651068523,positive,0.0544460077514335,True,True,positive,False,False
theta_local:1266:40841068:1,1266,40841068.0,1.0,40841069.0,40841069.0,16.525198726236486,positive,0.0577216447970325,True,True,positive,False,False
theta_local:1267:604150828:1,1267,604150828.0,1.0,604150829.0,604150829.0,19.219334441612435,positive,0.049805640280033,True,True,positive,False,True
theta_local:1268:109594686:1,1268,109594686.0,1.0,109594687.0,109594687.0,17.512299455025804,positive,0.0545606120733685,True,True,positive,False,False
theta_local:1269:604160736:1,1269,604160736.0,1.0,604160737.0,604160737.0,19.219350841356142,positive,0.0497996713554166,True,True,positive,False,True
theta_local:1270:109813800:1,1270,109813800.0,1.0,109813801.0,109813801.0,17.514296771308683,positive,0.0550705480955389,True,True,positive,False,False
theta_local:1271:30982810:1,1271,30982810.0,1.0,30982811.0,30982811.0,16.24894312479542,positive,0.059271953542285,True,True,positive,False,False
theta_local:1272:109682932:1,1272,109682932.0,1.0,109682933.0,109682933.0,17.5131043342904,positive,0.0544393555110509,True,True,positive,False,False
theta_local:1273:109684062:1,1273,109684062.0,1.0,109684063.0,109684063.0,17.51311463666059,positive,0.0544678837576993,True,True,positive,False,False
theta_local:1274:33862222:1,1274,33862222.0,1.0,33862223.0,33862223.0,16.33781058520176,positive,0.057251626550972,True,True,positive,False,False
theta_local:1275:1516680:1,1275,1516680.0,1.0,1516681.0,1516681.0,13.23203495276382,positive,0.0696452439290524,True,True,positive,False,False
theta_local:1276:604849312:1,1276,604849312.0,1.0,604849313.0,604849313.0,19.220489915550687,positive,0.050311318429549,True,True,positive,False,True
theta_local:1277:604150786:1,1277,604150786.0,1.0,604150787.0,604150787.0,19.219334372093368,positive,0.0496766761936376,True,True,positive,False,True
theta_local:1278:152980:1,1278,152980.0,1.0,152981.0,152981.0,10.938069009656688,positive,0.0849231420569244,True,True,positive,False,False
theta_local:1279:7048672:1,1279,7048672.0,1.0,7048673.0,7048673.0,14.76834993012118,positive,0.0645048251789462,True,True,positive,False,False
theta_local:1280:109590288:1,1280,109590288.0,1.0,109590289.0,109590289.0,17.51225932453802,positive,0.0551190930242849,True,True,positive,False,False
theta_local:1281:108548680:1,1281,108548680.0,1.0,108548681.0,108548681.0,17.5027093031323,positive,0.0536516899731995,True,True,positive,False,False
theta_local:1282:604872802:1,1282,604872802.0,1.0,604872803.0,604872803.0,19.22052875091576,positive,0.0496609063716962,True,True,positive,False,True
theta_local:1283:187509378:1,1283,187509378.0,1.0,187509379.0,187509379.0,18.04933942345705,positive,0.0529500676287697,True,True,positive,False,False
theta_local:1284:604150566:1,1284,604150566.0,1.0,604150567.0,604150567.0,19.2193340079458,positive,0.049787894958497,True,True,positive,False,True
theta_local:1285:30801558:1,1285,30801558.0,1.0,30801559.0,30801559.0,16.24307586354593,positive,0.0587082727437811,True,True,positive,False,False
theta_local:1286:604365232:1,1286,604365232.0,1.0,604365233.0,604365233.0,19.21968926354487,positive,0.0496823151673968,True,True,positive,False,True
theta_local:1287:179150140:1,1287,179150140.0,1.0,179150141.0,179150141.0,18.003734788764884,positive,0.0525817042568226,True,True,positive,False,False
theta_local:1288:604848940:1,1288,604848940.0,1.0,604848941.0,604848941.0,19.22048930052128,positive,0.0501959749673639,True,True,positive,False,True
theta_local:1289:179433658:1,1289,179433658.0,1.0,179433659.0,179433659.0,18.00531610983449,positive,0.0536015516780141,True,True,positive,False,False
theta_local:1290:7112602:1,1290,7112602.0,1.0,7112603.0,7112603.0,14.77737883885844,positive,0.0644944161361092,True,True,positive,False,False
theta_local:1291:179403040:1,1291,179403040.0,1.0,179403041.0,179403041.0,18.005145458392903,positive,0.0532051415742351,True,True,positive,False,False
theta_local:1292:33903360:1,1292,33903360.0,1.0,33903361.0,33903361.0,16.339024711978958,positive,0.0580245314114383,True,True,positive,False,False
theta_local:1293:604863730:1,1293,604863730.0,1.0,604863731.0,604863731.0,19.220513752608696,positive,0.0499184438155427,True,True,positive,False,True
theta_local:1294:3439282:1,1294,3439282.0,1.0,3439283.0,3439283.0,14.050773577392423,positive,0.0679278337612325,True,True,positive,False,False
theta_local:1295:179471218:1,1295,179471218.0,1.0,179471219.0,179471219.0,18.005525413203934,positive,0.0526245268308028,True,True,positive,False,False
theta_local:1296:178913220:1,1296,178913220.0,1.0,178913221.0,178913221.0,18.002411447369376,positive,0.0522538393662541,True,True,positive,False,False
theta_local:1297:187418040:1,1297,187418040.0,1.0,187418041.0,187418041.0,18.04885219314561,positive,0.0529970796372931,True,True,positive,False,False
theta_local:1298:179403502:1,1298,179403502.0,1.0,179403503.0,179403503.0,18.00514803359677,positive,0.0521564528207961,True,True,positive,False,False
theta_local:1299:604872720:1,1299,604872720.0,1.0,604872721.0,604872721.0,19.22052861535005,positive,0.0495427167337329,True,True,positive,False,True
theta_local:1300:179147950:1,1300,179147950.0,1.0,179147951.0,179147951.0,18.00372256430682,positive,0.0520211942136487,True,True,positive,False,False
theta_local:1301:109707978:1,1301,109707978.0,1.0,109707979.0,109707979.0,17.5133326573315,positive,0.054225219869463,True,True,positive,False,False
theta_local:1302:179412286:1,1302,179412286.0,1.0,179412287.0,179412287.0,18.00519699465282,positive,0.0527055774267524,True,True,positive,False,False
theta_local:1303:30336850:1,1303,30336850.0,1.0,30336851.0,30336851.0,16.227873736122326,positive,0.0592436076200475,True,True,positive,False,False
theta_local:1304:604157050:1,1304,604157050.0,1.0,604157051.0,604157051.0,19.21934474031213,positive,0.0505596791837698,True,True,positive,False,True
theta_local:1305:33840966:1,1305,33840966.0,1.0,33840967.0,33840967.0,16.337182667944138,positive,0.0584477315502231,True,True,positive,False,False
theta_local:1306:3281350:1,1306,3281350.0,1.0,3281351.0,3281351.0,14.003765785800727,positive,0.0683376306427934,True,True,positive,False,False
theta_local:1307:604693020:1,1307,604693020.0,1.0,604693021.0,604693021.0,19.22023148391672,positive,0.0498401401261492,True,True,positive,False,True
theta_local:1308:30786756:1,1308,30786756.0,1.0,30786757.0,30786757.0,16.24259518794879,positive,0.0583182528591598,True,True,positive,False,False
theta_local:1309:3279762:1,1309,3279762.0,1.0,3279763.0,3279763.0,14.003281721652169,positive,0.0663858194344287,True,True,positive,False,False
theta_local:1310:30788370:1,1310,30788370.0,1.0,30788371.0,30788371.0,16.242647611713153,positive,0.0595914878654254,True,True,positive,False,False
theta_local:1311:179156686:1,1311,179156686.0,1.0,179156687.0,179156687.0,18.003771327281537,positive,0.0535436359751333,True,True,positive,False,False
theta_local:1312:108530110:1,1312,108530110.0,1.0,108530111.0,108530111.0,17.50253821318036,positive,0.0541566545571068,True,True,positive,False,False
theta_local:1313:604814332:1,1313,604814332.0,1.0,604814333.0,604814333.0,19.220432081292174,positive,0.0503872665449815,True,True,positive,False,True
theta_local:1314:33925036:1,1314,33925036.0,1.0,33925037.0,33925037.0,16.33966385432573,positive,0.0578964651790368,True,True,positive,False,False
theta_local:1315:22052802:1,1315,22052802.0,1.0,22052803.0,22052803.0,15.908950271959448,positive,0.0601179768373061,True,True,positive,False,False
theta_local:1316:39692818:1,1316,39692818.0,1.0,39692819.0,39692819.0,16.496680847684278,positive,0.0573527406205413,True,True,positive,False,False
theta_local:1317:187422726:1,1317,187422726.0,1.0,187422727.0,187422727.0,18.048877195762188,positive,0.0529843065624039,True,True,positive,False,False
theta_local:1318:604692972:1,1318,604692972.0,1.0,604692973.0,604692973.0,19.22023140453759,positive,0.0494478777454631,True,True,positive,False,True
theta_local:1319:604141756:1,1319,604141756.0,1.0,604141757.0,604141757.0,19.21931942538192,positive,0.0503036784341892,True,True,positive,False,True
theta_local:1320:179378608:1,1320,179378608.0,1.0,179378609.0,179378609.0,18.005009264136387,positive,0.0526234060396044,True,True,positive,False,False
theta_local:1321:30784866:1,1321,30784866.0,1.0,30784867.0,30784867.0,16.242533796032262,positive,0.0572404470284414,True,True,positive,False,False
theta_local:1322:30981372:1,1322,30981372.0,1.0,30981373.0,30981373.0,16.24889671088637,positive,0.0585806801571067,True,True,positive,False,False
theta_local:1323:109814590:1,1323,109814590.0,1.0,109814591.0,109814591.0,17.5143039652784,positive,0.0549911817700453,True,True,positive,False,False
theta_local:1324:108830326:1,1324,108830326.0,1.0,108830327.0,108830327.0,17.505300594353937,positive,0.0538629340791559,True,True,positive,False,False
theta_local:1325:76024180:1,1325,76024180.0,1.0,76024181.0,76024181.0,17.14656201869756,positive,0.0558149218049393,True,True,positive,False,False
theta_local:1326:108548646:1,1326,108548646.0,1.0,108548647.0,108548647.0,17.50270898990873,positive,0.0538273325308029,True,True,positive,False,False
theta_local:1327:604811068:1,1327,604811068.0,1.0,604811069.0,604811069.0,19.220426684580108,positive,0.0499183874873,True,True,positive,False,True
theta_local:1328:604872760:1,1328,604872760.0,1.0,604872761.0,604872761.0,19.220528681479667,positive,0.0494935673334156,True,True,positive,False,True
theta_local:1329:604435822:1,1329,604435822.0,1.0,604435823.0,604435823.0,19.219806056957204,positive,0.049709562660962,True,True,positive,False,True
theta_local:1330:109707928:1,1330,109707928.0,1.0,109707929.0,109707929.0,17.51333220157603,positive,0.0545746808720723,True,True,positive,False,False
theta_local:1331:30820780:1,1331,30820780.0,1.0,30820781.0,30820781.0,16.24369972822304,positive,0.0585632845316376,True,True,positive,False,False
theta_local:1332:179472172:1,1332,179472172.0,1.0,179472173.0,179472173.0,18.00553072880534,positive,0.0527462500459147,True,True,positive,False,False
theta_local:1333:179436142:1,1333,179436142.0,1.0,179436143.0,179436143.0,18.005329953295192,positive,0.052928728109095,True,True,positive,False,False
theta_local:1334:109670908:1,1334,109670908.0,1.0,109670909.0,109670909.0,17.512994703203912,positive,0.0547446275199418,True,True,positive,False,False
theta_local:1335:179142280:1,1335,179142280.0,1.0,179142281.0,179142281.0,18.0036909139882,positive,0.0529566148345837,True,True,positive,False,False
theta_local:1336:40869426:1,1336,40869426.0,1.0,40869427.0,40869427.0,16.525892835378563,positive,0.0564929886994933,True,True,positive,False,False
theta_local:1337:109814086:1,1337,109814086.0,1.0,109814087.0,109814087.0,17.514299375713826,positive,0.0541177557023,True,True,positive,False,False
theta_local:1338:604693498:1,1338,604693498.0,1.0,604693499.0,604693499.0,19.22023227440014,positive,0.0494467000853943,True,True,positive,False,True
theta_local:1339:604724506:1,1339,604724506.0,1.0,604724507.0,604724507.0,19.220283551956538,positive,0.0494887973511942,True,True,positive,False,True
theta_local:1340:179470366:1,1340,179470366.0,1.0,179470367.0,179470367.0,18.00552066591338,positive,0.0527362003664106,True,True,positive,False,False
theta_local:1341:109670988:1,1341,109670988.0,1.0,109670989.0,109670989.0,17.51299543265871,positive,0.0541830118855111,True,True,positive,False,False
theta_local:1342:178013932:1,1342,178013932.0,1.0,178013933.0,178013933.0,17.99737238047391,positive,0.05302054803335,True,True,positive,False,False
theta_local:1343:108546582:1,1343,108546582.0,1.0,108546583.0,108546583.0,17.50268997521181,positive,0.0543539863466006,True,True,positive,False,False
theta_local:1344:12783678:1,1344,12783678.0,1.0,12783679.0,12783679.0,15.363679837161056,positive,0.0616775499862131,True,True,positive,False,False
theta_local:1345:604872870:1,1345,604872870.0,1.0,604872871.0,604872871.0,19.22052886333608,positive,0.0498183210010096,True,True,positive,False,True
theta_local:1346:604829736:1,1346,604829736.0,1.0,604829737.0,604829737.0,19.22045754994098,positive,0.049331855490779,True,True,positive,False,True
theta_local:1347:31019040:1,1347,31019040.0,1.0,31019041.0,31019041.0,16.25011179969641,positive,0.0577898285461326,True,True,positive,False,False
theta_local:1348:108547720:1,1348,108547720.0,1.0,108547721.0,108547721.0,17.502700459134967,positive,0.0547403112391326,True,True,positive,False,False
theta_local:1349:179471076:1,1349,179471076.0,1.0,179471077.0,179471077.0,18.005524621990407,positive,0.053549907961841,True,True,positive,False,False
theta_local:1350:187494556:1,1350,187494556.0,1.0,187494557.0,187494557.0,18.049260373620047,positive,0.0521716934346017,True,True,positive,False,False
theta_local:1351:108810832:1,1351,108810832.0,1.0,108810833.0,108810833.0,17.505121455444257,positive,0.0544069612487653,True,True,positive,False,False
theta_local:1352:604365312:1,1352,604365312.0,1.0,604365313.0,604365313.0,19.21968939591515,positive,0.050155433312829,True,True,positive,False,True
theta_local:1353:178014228:1,1353,178014228.0,1.0,178014229.0,178014229.0,17.99737404326372,positive,0.0537108569243626,True,True,positive,False,False
theta_local:1354:179471602:1,1354,179471602.0,1.0,179471603.0,179471603.0,18.00552755282048,positive,0.0527741458847167,True,True,positive,False,False
theta_local:1355:33926016:1,1355,33926016.0,1.0,33926017.0,33926017.0,16.33969274112829,positive,0.0584126910881438,True,True,positive,False,False
theta_local:1356:604325296:1,1356,604325296.0,1.0,604325297.0,604325297.0,19.21962318211373,positive,0.0493727444809386,True,True,positive,False,True
theta_local:1357:604203810:1,1357,604203810.0,1.0,604203811.0,604203811.0,19.219422134411023,positive,0.0502871937555969,True,True,positive,False,True
theta_local:1358:109496248:1,1358,109496248.0,1.0,109496249.0,109496249.0,17.51140085092633,positive,0.0535116384711465,True,True,positive,False,False
theta_local:1359:178894522:1,1359,178894522.0,1.0,178894523.0,178894523.0,18.00230693314166,positive,0.0521002272389071,True,True,positive,False,False
theta_local:1360:179403112:1,1360,179403112.0,1.0,179403113.0,179403113.0,18.00514585972381,positive,0.0529308585804796,True,True,positive,False,False
theta_local:1361:187420866:1,1361,187420866.0,1.0,187420867.0,187420867.0,18.048867271623,positive,0.0522054063825808,True,True,positive,False,False
theta_local:1362:187422142:1,1362,187422142.0,1.0,187422143.0,187422143.0,18.04887407980652,positive,0.0521111993927147,True,True,positive,False,False
theta_local:1363:604193620:1,1363,604193620.0,1.0,604193621.0,604193621.0,19.219405269098782,positive,0.0499190291734341,True,True,positive,False,True
theta_local:1364:604322440:1,1364,604322440.0,1.0,604322441.0,604322441.0,19.21961845617099,positive,0.0507092541027113,True,True,positive,False,True
theta_local:1365:178911906:1,1365,178911906.0,1.0,178911907.0,178911907.0,18.00240410299975,positive,0.0531472480322193,True,True,positive,False,False
theta_local:1366:40860822:1,1366,40860822.0,1.0,40860823.0,40860823.0,16.52568228909902,positive,0.0582185007319345,True,True,positive,False,False
theta_local:1367:109816296:1,1367,109816296.0,1.0,109816297.0,109816297.0,17.514319500433903,positive,0.0545469035286039,True,True,positive,False,False
theta_local:1368:108835806:1,1368,108835806.0,1.0,108835807.0,108835807.0,17.50535094669769,positive,0.0548551884607386,True,True,positive,False,False
theta_local:1369:3457108:1,1369,3457108.0,1.0,3457109.0,3457109.0,14.055943248635216,positive,0.0653525952476683,True,True,positive,False,False
theta_local:1370:30400860:1,1370,30400860.0,1.0,30400861.0,30400861.0,16.2299814883438,positive,0.0575329823642898,True,True,positive,False,False
theta_local:1371:108540832:1,1371,108540832.0,1.0,108540833.0,108540833.0,17.502637001160096,positive,0.0545025391870085,True,True,positive,False,False
theta_local:1372:7113888:1,1372,7113888.0,1.0,7113889.0,7113889.0,14.777559628332542,positive,0.0641203855136659,True,True,positive,False,False
theta_local:1373:178011432:1,1373,178011432.0,1.0,178011433.0,178011433.0,17.99735833653076,positive,0.052388894647438,True,True,positive,False,False
theta_local:1374:108526072:1,1374,108526072.0,1.0,108526073.0,108526073.0,17.50250100622384,positive,0.0535427410084577,True,True,positive,False,False
theta_local:1375:604150990:1,1375,604150990.0,1.0,604150991.0,604150991.0,19.21933470975736,positive,0.0504467663969889,True,True,positive,False,True
theta_local:1376:179660890:1,1376,179660890.0,1.0,179660891.0,179660891.0,18.006581693120733,positive,0.053207259258924,True,True,positive,False,False
theta_local:1377:604687078:1,1377,604687078.0,1.0,604687079.0,604687079.0,19.22022165739484,positive,0.0502780299133259,True,True,positive,False,True
theta_local:1378:39699376:1,1378,39699376.0,1.0,39699377.0,39699377.0,16.49684605283907,positive,0.0571017256961637,True,True,positive,False,False
theta_local:1379:604872550:1,1379,604872550.0,1.0,604872551.0,604872551.0,19.22052833429916,positive,0.0499198517893476,True,True,positive,False,True
theta_local:1380:178912812:1,1380,178912812.0,1.0,178912813.0,178912813.0,18.002409166931614,positive,0.0534990594965381,True,True,positive,False,False
theta_local:1381:604713540:1,1381,604713540.0,1.0,604713541.0,604713541.0,19.220265417914835,positive,0.0495332491346926,True,True,positive,False,True
theta_local:1382:40395268:1,1382,40395268.0,1.0,40395269.0,40395269.0,16.51422323211378,positive,0.057959605317554,True,True,positive,False,False
theta_local:1383:604813830:1,1383,604813830.0,1.0,604813831.0,604813831.0,19.22043125128504,positive,0.0494505928271106,True,True,positive,False,True
theta_local:1384:604676182:1,1384,604676182.0,1.0,604676183.0,604676183.0,19.220203637995144,positive,0.0498626558030613,True,True,positive,False,True
theta_local:1385:17998470:1,1385,17998470.0,1.0,17998471.0,17998471.0,15.70579736780801,positive,0.0602674255775238,True,True,positive,False,False
theta_local:1386:178896670:1,1386,178896670.0,1.0,178896671.0,178896671.0,18.00231894014483,positive,0.0521533774390629,True,True,positive,False,False
theta_local:1387:604150726:1,1387,604150726.0,1.0,604150727.0,604150727.0,19.219334272780408,positive,0.0494292859872481,True,True,positive,False,True
theta_local:1388:12836826:1,1388,12836826.0,1.0,12836827.0,12836827.0,15.36782870730725,positive,0.0603526687466683,True,True,positive,False,False
theta_local:1389:604673086:1,1389,604673086.0,1.0,604673087.0,604673087.0,19.22019851788621,positive,0.0502840921991392,True,True,positive,False,True
theta_local:1390:179382868:1,1390,179382868.0,1.0,179382869.0,179382869.0,18.00503301250549,positive,0.0527625272092595,True,True,positive,False,False
theta_local:1391:108596122:1,1391,108596122.0,1.0,108596123.0,108596123.0,17.50314626501102,positive,0.0546489093154635,True,True,positive,False,False
theta_local:1392:109592380:1,1392,109592380.0,1.0,109592381.0,109592381.0,17.51227841363845,positive,0.054215024139045,True,True,positive,False,False
theta_local:1393:109684086:1,1393,109684086.0,1.0,109684087.0,109684087.0,17.51311485547084,positive,0.0533278670073051,True,True,positive,False,False
theta_local:1394:179425096:1,1394,179425096.0,1.0,179425097.0,179425097.0,18.00526839189612,positive,0.0525931316567972,True,True,positive,False,False
theta_local:1395:179403640:1,1395,179403640.0,1.0,179403641.0,179403641.0,18.00514880281223,positive,0.0523502186813132,True,True,positive,False,False
theta_local:1396:178899730:1,1396,178899730.0,1.0,178899731.0,178899731.0,18.0023360448445,positive,0.0521962848702515,True,True,positive,False,False
theta_local:1397:33929662:1,1397,33929662.0,1.0,33929663.0,33929663.0,16.339800204497706,positive,0.0574088068820105,True,True,positive,False,False
theta_local:1398:604811166:1,1398,604811166.0,1.0,604811167.0,604811167.0,19.220426846614167,positive,0.0502199766170714,True,True,positive,False,True
theta_local:1399:180643362:1,1399,180643362.0,1.0,180643363.0,180643363.0,18.01203527533139,positive,0.052325014209861,True,True,positive,False,False
theta_local:1400:108547468:1,1400,108547468.0,1.0,108547469.0,108547469.0,17.502698137572708,positive,0.0535894655450915,True,True,positive,False,False
theta_local:1401:33486546:1,1401,33486546.0,1.0,33486547.0,33486547.0,16.326654334050062,positive,0.0592177389534237,True,True,positive,False,False
theta_local:1402:179145996:1,1402,179145996.0,1.0,179145997.0,179145997.0,18.003711657061466,positive,0.0523024872089549,True,True,positive,False,False
theta_local:1403:604864228:1,1403,604864228.0,1.0,604864229.0,604864229.0,19.22051457593429,positive,0.0493544655854132,True,True,positive,False,True
theta_local:1404:604675732:1,1404,604675732.0,1.0,604675733.0,604675733.0,19.22020289379489,positive,0.0496569007754921,True,True,positive,False,True
theta_local:1405:178897450:1,1405,178897450.0,1.0,178897451.0,178897451.0,18.0023233001941,positive,0.0522144979610413,True,True,positive,False,False
theta_local:1406:179151280:1,1406,179151280.0,1.0,179151281.0,179151281.0,18.00374115212227,positive,0.0523720329466571,True,True,positive,False,False
theta_local:1407:109713726:1,1407,109713726.0,1.0,109713727.0,109713727.0,17.51338504959575,positive,0.0533645039148469,True,True,positive,False,False
theta_local:1408:604672950:1,1408,604672950.0,1.0,604672951.0,604672951.0,19.220198292971265,positive,0.0499414648158332,True,True,positive,False,True
theta_local:1409:604872472:1,1409,604872472.0,1.0,604872473.0,604872473.0,19.22052820534636,positive,0.0499151844057618,True,True,positive,False,True
theta_local:1410:179379502:1,1410,179379502.0,1.0,179379503.0,179379503.0,18.005014247995817,positive,0.0533045157066953,True,True,positive,False,False
theta_local:1411:604143796:1,1411,604143796.0,1.0,604143797.0,604143797.0,19.21932280206716,positive,0.0496227945278836,True,True,positive,False,True
theta_local:1412:109683682:1,1412,109683682.0,1.0,109683683.0,109683683.0,17.513111172158567,positive,0.0546243496582797,True,True,positive,False,False
theta_local:1413:187493986:1,1413,187493986.0,1.0,187493987.0,187493987.0,18.049257333527173,positive,0.0522420246474967,True,True,positive,False,False
theta_local:1414:30363466:1,1414,30363466.0,1.0,30363467.0,30363467.0,16.228750700282735,positive,0.0585629651697203,True,True,positive,False,False
theta_local:1415:179400790:1,1415,179400790.0,1.0,179400791.0,179400791.0,18.005132916720832,positive,0.0523464165203712,True,True,positive,False,False
theta_local:1416:604872576:1,1416,604872576.0,1.0,604872577.0,604872577.0,19.22052837728341,positive,0.0490823007042159,True,True,positive,False,True
theta_local:1417:604141326:1,1417,604141326.0,1.0,604141327.0,604141327.0,19.219318713628184,positive,0.0501598206296204,True,True,positive,False,True
theta_local:1418:108595828:1,1418,108595828.0,1.0,108595829.0,108595829.0,17.503143557728382,positive,0.0547353567679747,True,True,positive,False,False
theta_local:1419:604432680:1,1419,604432680.0,1.0,604432681.0,604432681.0,19.21980085870778,positive,0.0489909092562281,True,True,positive,False,True
theta_local:1420:604686096:1,1420,604686096.0,1.0,604686097.0,604686097.0,19.220220033413064,positive,0.0500409639404426,True,True,positive,False,True
theta_local:1421:187505490:1,1421,187505490.0,1.0,187505491.0,187505491.0,18.049318688279264,positive,0.0526943886600028,True,True,positive,False,False
theta_local:1422:33902610:1,1422,33902610.0,1.0,33902611.0,33902611.0,16.339002590033708,positive,0.0569716522815128,True,True,positive,False,False
theta_local:1423:187500432:1,1423,187500432.0,1.0,187500433.0,187500433.0,18.049291712705408,positive,0.0534779811979873,True,True,positive,False,False
theta_local:1424:604884126:1,1424,604884126.0,1.0,604884127.0,604884127.0,19.220547472031907,positive,0.0501105033314959,True,True,positive,False,True
theta_local:1425:179436492:1,1425,179436492.0,1.0,179436493.0,179436493.0,18.00533190384792,positive,0.0519436214565968,True,True,positive,False,False
theta_local:1426:12785052:1,1426,12785052.0,1.0,12785053.0,12785053.0,15.36378731218182,positive,0.0615266506044893,True,True,positive,False,False
theta_local:1427:3281206:1,1427,3281206.0,1.0,3281207.0,3281207.0,14.003721900474298,positive,0.0669272457595592,True,True,positive,False,False
theta_local:1428:109707456:1,1428,109707456.0,1.0,109707457.0,109707457.0,17.513327899234174,positive,0.0548208182936068,True,True,positive,False,False
theta_local:1429:178906060:1,1429,178906060.0,1.0,178906061.0,178906061.0,18.002371427167216,positive,0.0523728581014615,True,True,positive,False,False
theta_local:1430:109682178:1,1430,109682178.0,1.0,109682179.0,109682179.0,17.51309745990648,positive,0.0544808491312744,True,True,positive,False,False
theta_local:1431:604150626:1,1431,604150626.0,1.0,604150627.0,604150627.0,19.219334107258785,positive,0.0501342683893616,True,True,positive,False,True
theta_local:1432:108540778:1,1432,108540778.0,1.0,108540779.0,108540779.0,17.502636503651352,positive,0.054584664384824,True,True,positive,False,False
theta_local:1433:40862286:1,1433,40862286.0,1.0,40862287.0,40862287.0,16.525718117397776,positive,0.057360352413953,True,True,positive,False,False
theta_local:1434:179380828:1,1434,179380828.0,1.0,179380829.0,179380829.0,18.00502164011742,positive,0.0520554984603305,True,True,positive,False,False
theta_local:1435:108624418:1,1435,108624418.0,1.0,108624419.0,108624419.0,17.50340679285889,positive,0.0553402851877227,True,True,positive,False,False
theta_local:1436:108596008:1,1436,108596008.0,1.0,108596009.0,108596009.0,17.50314521524924,positive,0.0545561364046841,True,True,positive,False,False
theta_local:1437:30780142:1,1437,30780142.0,1.0,30780143.0,30780143.0,16.24238033223816,positive,0.0585878366316364,True,True,positive,False,False
theta_local:1438:604849350:1,1438,604849350.0,1.0,604849351.0,604849351.0,19.22048997837625,positive,0.0494672848288116,True,True,positive,False,True
theta_local:1439:109567150:1,1439,109567150.0,1.0,109567151.0,109567151.0,17.512048170400742,positive,0.0547128295829155,True,True,positive,False,False
theta_local:1440:179403070:1,1440,179403070.0,1.0,179403071.0,179403071.0,18.00514562561414,positive,0.0526403019342879,True,True,positive,False,False
theta_local:1441:178013242:1,1441,178013242.0,1.0,178013243.0,178013243.0,17.997368504365305,positive,0.0536823404322602,True,True,positive,False,False
theta_local:1442:179433102:1,1442,179433102.0,1.0,179433103.0,179433103.0,18.00531301119144,positive,0.0528019141795445,True,True,positive,False,False
theta_local:1443:30799498:1,1443,30799498.0,1.0,30799499.0,30799499.0,16.24300898157774,positive,0.0582339848437294,True,True,positive,False,False
theta_local:1444:604685980:1,1444,604685980.0,1.0,604685981.0,604685981.0,19.22021984157797,positive,0.0494059779892558,True,True,positive,False,True
theta_local:1445:604207242:1,1445,604207242.0,1.0,604207243.0,604207243.0,19.219427814597392,positive,0.0494597084037629,True,True,positive,False,True
theta_local:1446:604678228:1,1446,604678228.0,1.0,604678229.0,604678229.0,19.220207021618634,positive,0.0499229061268175,True,True,positive,False,True
theta_local:1447:109705722:1,1447,109705722.0,1.0,109705723.0,109705723.0,17.513312093438003,positive,0.0542159663791598,True,True,positive,False,False
theta_local:1448:604141552:1,1448,604141552.0,1.0,604141553.0,604141553.0,19.21931908771277,positive,0.050148948967567,True,True,positive,False,True
theta_local:1449:76021660:1,1449,76021660.0,1.0,76021661.0,76021661.0,17.146528870799965,positive,0.0547061389693303,True,True,positive,False,False
theta_local:1450:109548990:1,1450,109548990.0,1.0,109548991.0,109548991.0,17.511882413557128,positive,0.0547160509000266,True,True,positive,False,False
theta_local:1451:39674472:1,1451,39674472.0,1.0,39674473.0,39674473.0,16.496218541364772,positive,0.0571186298906732,True,True,positive,False,False
theta_local:1452:180619890:1,1452,180619890.0,1.0,180619891.0,180619891.0,18.01190533130984,positive,0.0527177038476254,True,True,positive,False,False
theta_local:1453:30370902:1,1453,30370902.0,1.0,30370903.0,30370903.0,16.228995569869337,positive,0.0581011027814519,True,True,positive,False,False
theta_local:1454:33913336:1,1454,33913336.0,1.0,33913337.0,33913337.0,16.33931891680951,positive,0.0580626759467249,True,True,positive,False,False
theta_local:1455:604873176:1,1455,604873176.0,1.0,604873177.0,604873177.0,19.22052936922738,positive,0.0502486490880784,True,True,positive,False,True
theta_local:1456:33453966:1,1456,33453966.0,1.0,33453967.0,33453967.0,16.32568093242448,positive,0.0588258697641753,True,True,positive,False,False
theta_local:1457:109497232:1,1457,109497232.0,1.0,109497233.0,109497233.0,17.51140983749516,positive,0.0535318452011645,True,True,positive,False,False
theta_local:1458:180642772:1,1458,180642772.0,1.0,180642773.0,180642773.0,18.012032009222114,positive,0.0520568223877897,True,True,positive,False,False
theta_local:1459:30801732:1,1459,30801732.0,1.0,30801733.0,30801733.0,16.243081512594685,positive,0.0574062037622427,True,True,positive,False,False
theta_local:1460:40882900:1,1460,40882900.0,1.0,40882901.0,40882901.0,16.52622246513839,positive,0.0576070126058503,True,True,positive,False,False
theta_local:1461:109683838:1,1461,109683838.0,1.0,109683839.0,109683839.0,17.51311259442927,positive,0.054191893146005,True,True,positive,False,False
theta_local:1462:179381722:1,1462,179381722.0,1.0,179381723.0,179381723.0,18.00502662391517,positive,0.0520888394763615,True,True,positive,False,False
theta_local:1463:109595638:1,1463,109595638.0,1.0,109595639.0,109595639.0,17.512308141540554,positive,0.0546729446820717,True,True,positive,False,False
theta_local:1464:30775566:1,1464,30775566.0,1.0,30775567.0,30775567.0,16.24223165391056,positive,0.0589963664252072,True,True,positive,False,False
theta_local:1465:108531328:1,1465,108531328.0,1.0,108531329.0,108531329.0,17.502549435809307,positive,0.0535686467311318,True,True,positive,False,False
theta_local:1466:109527672:1,1466,109527672.0,1.0,109527673.0,109527673.0,17.51168779675333,positive,0.0541881378018258,True,True,positive,False,False
theta_local:1467:108548058:1,1467,108548058.0,1.0,108548059.0,108548059.0,17.50270357296795,positive,0.0551453136707533,True,True,positive,False,False
theta_local:1468:604814518:1,1468,604814518.0,1.0,604814519.0,604814519.0,19.22043238882452,positive,0.0500539236422512,True,True,positive,False,True
B3_tail:0:109816669:285948,0,109816669.0,285948.0,110102617.0,110312593.0,,negative,1.1611207216949435,True,True,negative,True,False
