block_id,p_star,y,h,theta_local_error,theta_local_norm,theta_local_norm_pos,Q_max,D_start_norm,D_end_norm,delta_D_norm,prime_minus_repay_norm,repay_minus_prime_norm,cp_residual_norm,cp_obstruction_norm,canonical_response_norm,k4_sym_all_norm,k4_sym_comp_norm,is_tail,scale_bin,depth_bin,mu_bin
34,127,126,1,3.844187086458591,0.1638184076850698,0.1638184076850698,0.2157084836048593,-0.6467248915853149,-1.0478843074853785,-0.40115941590006365,0.19265355863346534,-0.19265355863346534,-0.2157084836048593,0.2157084836048593,1.1905211577477515,0.015432257878128127,0.015432257878128127,False,p<100M,0.50-0.55,0.50-1.00
11,211,210,1,4.351858133476067,0.1519376986384418,0.1519376986384418,0.1912764152417241,-0.4606108930177421,-0.80678766479914,-0.3461767717813979,0.1755617761599286,-0.1755617761599286,-0.19127641524172412,0.19127641524172412,0.9753707955937742,0.012643348290318572,0.012643348290318572,False,p<100M,0.60-0.65,0.50-1.00
59,293,292,1,4.680172609017068,0.1450570376438435,0.1450570376438435,0.1707575979731007,-0.6085539026973636,-0.9215028172174199,-0.3129489145200563,0.16602909215822045,-0.16602909215822045,-0.17075759797310078,0.17075759797310078,0.8658763280097976,0.011224014539727396,0.011224014539727396,False,p<100M,0.50-0.55,0.25-0.50
106,479,478,1,5.171700597410915,0.135776208151487,0.135776208151487,0.1648068982246287,-0.4234435554586279,-0.6906615118560081,-0.2672179563973802,0.15354076367626826,-0.15354076367626826,-0.1648068982246287,0.1648068982246287,0.7334478410772306,0.009507396109677864,0.009507396109677864,False,p<100M,0.50-0.55,>=1.00
202,673,672,1,5.511745329644728,0.1299853261832927,0.1299853261832927,0.1551610461475472,-0.4308700628058095,-0.6694151699238996,-0.2385451071180901,0.1459429870062299,-0.1459429870062299,-0.15516104614754728,0.15516104614754728,0.6588463112909868,0.008540365798396237,0.008540365798396237,False,p<100M,0.50-0.55,0.50-1.00
37,1657,1656,1,6.412764017426562,0.1167037763024239,0.1167037763024239,0.1389495863976313,-0.6022570675485369,-0.7764173343859431,-0.1741602668374061,0.12901790519204107,-0.12901790519204107,-0.13894958639763133,0.13894958639763133,0.5084152674823367,0.0065903872987928235,0.0065903872987928235,False,p<100M,0.55-0.60,0.50-1.00
137,2819,2818,1,6.944137491114112,0.1100334695184228,0.1100334695184228,0.1252023670442801,-0.5431934857752794,-0.686726666716912,-0.14353318094163264,0.12075533959843474,-0.12075533959843474,-0.12520236704428017,0.12520236704428017,0.4426754416413774,0.005738227772993055,0.005738227772993055,False,p<100M,0.50-0.55,0.50-1.00
76,2879,2878,1,6.965198290612176,0.1097843161595848,0.1097843161595848,0.1282261417306278,-0.4754420603135719,-0.617864222748547,-0.14242216243497505,0.12044956175546778,-0.12044956175546778,-0.1282261417306278,0.1282261417306278,0.4403375781593106,0.005707922967484713,0.005707922967484713,False,p<100M,0.50-0.55,>=1.00
1136,5897,5896,1,7.682199026000504,0.1019121772932965,0.1019121772932965,0.1166604661931528,-0.4608777997195147,-0.5697284214537426,-0.1088506217342279,0.1108886263423026,-0.1108886263423026,-0.11666046619315289,0.11666046619315289,0.37061198442871585,0.004804097498988401,0.004804097498988401,False,p<100M,0.50-0.55,0.50-1.00
100,6421,6420,1,7.767329147794049,0.1010501788281202,0.1010501788281202,0.1159896775054861,-0.6458832445091631,-0.7512602404968669,-0.10537699598770377,0.1098531528794008,-0.1098531528794008,-0.11598967750548612,0.11598967750548612,0.36344969644547964,0.0047112555747307735,0.0047112555747307735,False,p<100M,0.50-0.55,0.50-1.00
2,24317,24178,3,17.186562246627208,0.0972921006486078,0.0972921006486078,0.1157979799474991,-0.7899034104269596,-0.9152078611802413,-0.1253044507532818,0.1106139903704657,-0.1106139903704657,-0.11579797994749914,0.11579797994749914,0.1554664224663298,-0.006060952688088646,0.0041000570480796,False,p<100M,>=0.70,0.25-0.50
85,10357,10356,1,8.24541789858888,0.0964627367254228,0.0964627367254228,0.1086725867349362,-0.5116194437080099,-0.5992889443167494,-0.08766950060873936,0.10437883089286956,-0.10437883089286956,-0.10867258673493625,0.10867258673493625,0.32683295502544285,0.004236607146541754,0.004236607146541754,False,p<100M,0.50-0.55,0.50-1.00
86,15859,15858,1,8.6714924414986,0.0927057894159821,0.0927057894159821,0.1069835705399953,-0.4812308744670565,-0.5554622346963843,-0.07423136022932789,0.09993976520569149,-0.09993976520569149,-0.10698357053999535,0.10698357053999535,0.2986702323041991,0.003871544840209741,0.003871544840209741,False,p<100M,0.50-0.55,>=1.00
376,15937,15936,1,8.676398728859631,0.092664202109152,0.092664202109152,0.1034376505744083,-0.48729872596557733,-0.561387073375743,-0.07408834741016565,0.09989084397905897,-0.09989084397905897,-0.10343765057440836,0.10343765057440836,0.29836743566860907,0.0038676198064254656,0.0038676198064254656,False,p<100M,0.50-0.55,0.50-1.00
678,16183,16182,1,8.691716587516886,0.0925345985959794,0.0925345985959794,0.1069747307954135,-0.43653796406380707,-0.5101814531608608,-0.07364348909705377,0.09973841495317017,-0.09973841495317017,-0.10697473079541357,0.10697473079541357,0.29742503533667786,0.0038554038412977987,0.0038554038412977987,False,p<100M,0.50-0.55,>=1.00
143,42533,42532,1,9.658035524203411,0.0850226176164053,0.0850226176164053,0.0954963866947735,-0.5038835113471808,-0.5539946481583545,-0.05011113681117376,0.09097937233526061,-0.09097937233526061,-0.09549638669477349,0.09549638669477349,0.24593741635001146,0.0031879900716540706,0.0031879900716540706,False,p<100M,0.50-0.55,>=1.00
13,42899,42898,1,9.666603794621116,0.0849613864787405,0.0849613864787405,0.0968247715409328,-0.5844225343570068,-0.6343608159734115,-0.04993828161640477,0.09090857515635443,-0.09090857515635443,-0.09682477154093279,0.09682477154093279,0.24554246178520972,0.0031828704308526465,0.0031828704308526465,False,p<100M,0.60-0.65,>=1.00
83,42923,42922,1,9.66716309178561,0.0849573926179324,0.0849573926179324,0.0952612074725035,-0.5184858524534938,-0.5684128704413194,-0.04992701798782561,0.09090395766983898,-0.09090395766983898,-0.0952612074725035,0.0952612074725035,0.24551671405805756,0.003182536673184753,0.003182536673184753,False,p<100M,0.50-0.55,0.50-1.00
15,43133,43132,1,9.672043644375696,0.0849225570081055,0.0849225570081055,0.0943896668138165,-0.7004792354578507,-0.7503080660626523,-0.04982883060480158,0.09086368432228856,-0.09086368432228856,-0.09438966681381654,0.09438966681381654,0.24529220537343008,0.0031796264553406576,0.0031796264553406576,False,p<100M,0.60-0.65,0.50-1.00
16,58309,58308,1,9.973511734352114,0.0828241215201216,0.0828241215201216,0.0939517191622745,-0.5912710920818214,-0.6353761507131253,-0.04410505863130394,0.0884432993920433,-0.0884432993920433,-0.0939517191622745,0.0939517191622745,0.23199983095781132,0.0030073226298609557,0.0030073226298609557,False,p<100M,0.60-0.65,>=1.00
20,58511,58510,1,9.97697004973177,0.0828006431181152,0.0828006431181152,0.0923670994574258,-0.6357938202172171,-0.67983697717624,-0.04404315695902289,0.08841628088234174,-0.08841628088234174,-0.09236709945742581,0.09236709945742581,0.2318536700058786,0.00300542800288414,0.00300542800288414,False,p<100M,0.55-0.60,0.50-1.00
476,59141,59140,1,9.987679702292931,0.0827280189182493,0.0827280189182493,0.091902998374857,-0.491460687085192,-0.5353126692657626,-0.04385198218057056,0.08833271493296634,-0.08833271493296634,-0.09190299837485706,0.09190299837485706,0.2314019163695939,0.00299957209804183,0.00299957209804183,False,p<100M,0.50-0.55,0.50-1.00
886,59183,59182,1,9.988389617470986,0.0827232092941124,0.0827232092941124,0.0905353629639327,-0.49007415243013047,-0.5339134899314986,-0.043839337501368016,0.08832718113897783,-0.08832718113897783,-0.0905353629639327,0.0905353629639327,0.2313720174614215,0.0029991845302458375,0.0029991845302458375,False,p<100M,0.50-0.55,0.50-1.00
17,59333,59332,1,9.990920922612805,0.0827060643791465,0.0827060643791465,0.0929815072257821,-0.6597310130682591,-0.7035252922304286,-0.0437942791621695,0.08830745523387654,-0.08830745523387654,-0.09298150722578219,0.09298150722578219,0.23126545573856488,0.0029978032125125413,0.0029978032125125413,False,p<100M,0.55-0.60,0.50-1.00
4,59921,59920,1,10.0007823069704,0.082639338604307,0.082639338604307,0.0921982535693211,-0.9770199397789744,-1.0206390997778156,-0.04361915999884127,0.08823069149837741,-0.08823069149837741,-0.09219825356932113,0.09219825356932113,0.23085101696668542,0.0029924310055923064,0.0029924310055923064,False,p<100M,>=0.70,0.25-0.50
158,60127,60126,1,10.00421427088809,0.0826161416033808,0.0826161416033808,0.0919654214564058,-0.5079332089658604,-0.551491579586009,-0.04355837062014862,0.0882040074099491,-0.0882040074099491,-0.09196542145640588,0.09196542145640588,0.23070704506733217,0.002990564754443754,0.002990564754443754,False,p<100M,0.50-0.55,0.50-1.00
22,60209,60208,1,10.005577121783782,0.0826069335200711,0.0826069335200711,0.0940510554686493,-0.5535494336762468,-0.5970836867752664,-0.04353425309901952,0.08819341549073223,-0.08819341549073223,-0.09405105546864928,0.09405105546864928,0.23064991042880661,0.002989824140579177,0.002989824140579177,False,p<100M,0.55-0.60,>=1.00
26,230647,230560,3,21.69655017143579,0.0821469680902342,0.0821469680902342,0.0944180902326222,-0.766642832802324,-0.8167198517460714,-0.050077018943747345,0.09105697672258141,-0.09105697672258141,-0.09441809023262228,0.09441809023262228,0.1039797658836044,-0.0040537150507109505,0.0027422190109088504,False,p<100M,0.55-0.60,0.25-0.50
23,354619,354550,3,22.55722059933116,0.0797526025198991,0.0797526025198991,0.0920232096308952,-0.6026279368134609,-0.644459279169331,-0.04183134235587003,0.08807285582027806,-0.08807285582027806,-0.09202320963089526,0.09202320963089526,0.09709732338036609,-0.003785398806848804,0.00256071095994989,False,p<100M,0.55-0.60,0.50-1.00
53,356243,356170,3,22.56633807844032,0.0797278138309229,0.0797278138309229,0.0917954514179663,-0.548319768917063,-0.5900709300975293,-0.041751161180466366,0.08804212044408564,-0.08804212044408564,-0.0917954514179663,0.0917954514179663,0.09702792556330679,-0.003782693290348573,0.0025588807575882533,False,p<100M,0.55-0.60,0.50-1.00
114,359477,359416,3,22.58448267109209,0.07967922224676,0.07967922224676,0.0897827713986883,-0.6068931940393465,-0.6484863887567077,-0.041593194717361254,0.08798178582913603,-0.08798178582913603,-0.0897827713986883,0.0897827713986883,0.09689088443896163,-0.003777350657988146,0.0025552666238871083,False,p<100M,0.50-0.55,0.25-0.50
1278,152981,152980,1,10.938069009656688,0.0767489581859055,0.0767489581859055,0.0849231420569244,-0.48913397661891966,-0.5188294297976743,-0.02969545317875469,0.08149679599182562,-0.08149679599182562,-0.08492314205692449,0.08492314205692449,0.19602468430348322,0.0025409909424650217,0.0025409909424650217,False,p<100M,0.50-0.55,0.50-1.00
253,153059,153058,1,10.938578746956969,0.0767459808386534,0.0767459808386534,0.0867976721097067,-0.48405187950577694,-0.5137410681265461,-0.029689188620769153,0.08149341321970513,-0.08149341321970513,-0.08679767210970679,0.08679767210970679,0.19600794546675313,0.002540773963503062,0.002540773963503062,False,p<100M,0.50-0.55,>=1.00
303,155849,155848,1,10.956642868748848,0.0766406167450937,0.0766406167450937,0.0823330539773264,-0.551034412737785,-0.580502411924554,-0.02946799918676902,0.08137371510014209,-0.08137371510014209,-0.08233305397732642,0.08233305397732642,0.19541613440729064,0.0025331025493284236,0.0025331025493284236,False,p<100M,0.50-0.55,0.10-0.25
38,156007,155920,1,10.957104747706284,0.0766308585381272,0.0766308585381272,0.0868104441327406,-0.5549762981009645,-0.584430540661439,-0.029454242560474422,0.08136315476443405,-0.08136315476443405,-0.08681044413274058,0.08681044413274058,0.1953830167988596,0.0025326732587859684,0.0025326732587859684,False,p<100M,0.55-0.60,>=1.00
455,230891,230890,1,11.349701016670412,0.0744168930515604,0.0744168930515604,0.0812431088851837,-0.49922769853906485,-0.5242559419987586,-0.025028243459693744,0.07885350206639534,-0.07885350206639534,-0.08124310888518375,0.08124310888518375,0.1831749350044314,0.0023744246924141516,0.0023744246924141516,False,p<100M,0.50-0.55,0.50-1.00
214,231107,231106,1,11.350636085721526,0.0744117553076697,0.0744117553076697,0.081042286548022,-0.5463027174844646,-0.5713212071897421,-0.025018489705277477,0.07884769255487908,-0.07884769255487908,-0.08104228654802208,0.08104228654802208,0.18314719963475382,0.0023740651697173694,0.0023740651697173694,False,p<100M,0.50-0.55,0.50-1.00
601,231131,231130,1,11.35073992833084,0.0744111847870341,0.0744111847870341,0.0819644318764493,-0.4950125369957981,-0.5200299437385618,-0.025017406742763763,0.07884704744156883,-0.07884704744156883,-0.08196443187644933,0.08196443187644933,0.18314411991592613,0.002374025248532574,0.002374025248532574,False,p<100M,0.50-0.55,0.50-1.00
107,231701,231700,1,11.35320302633692,0.0743976548454212,0.0743976548454212,0.0810551545684911,-0.5987701514374232,-0.6237618840095346,-0.024991732572111403,0.07883174874813109,-0.07883174874813109,-0.08105515456849113,0.08105515456849113,0.18307109319675802,0.002373078631872415,0.002373078631872415,False,p<100M,0.50-0.55,0.50-1.00
58,1188511,1188358,3,24.97616952660599,0.0736954721948265,0.0736954721948265,0.0833294497303515,-0.567923615967328,-0.5929921880540032,-0.025068572086675223,0.08063919288629051,-0.08063919288629051,-0.08332944973035153,0.08332944973035153,0.08103319318552225,-0.0031591288245884563,0.0021370577344569123,False,p<100M,0.55-0.60,0.50-1.00
61,1190143,1190068,3,24.97904537377347,0.0736894995793346,0.0736894995793346,0.0832943901091022,-0.6155224430825692,-0.6405764575867605,-0.025054014504191303,0.08063185815170103,-0.08063185815170103,-0.08329439010910226,0.08329439010910226,0.08101729726099247,-0.003158509112204734,0.002136638517255618,False,p<100M,0.55-0.60,0.25-0.50
172,1198397,1198360,3,24.99293236459349,0.0736576698291679,0.0736576698291679,0.0829932104381138,-0.5363700714006937,-0.561350342145027,-0.024980270744333333,0.08059317392706945,-0.08059317392706945,-0.08299321043811389,0.08299321043811389,0.08093730557085896,-0.0031553905870204393,0.0021345289266871737,False,p<100M,0.50-0.55,0.50-1.00
80,1198607,1198510,3,24.993182690643494,0.073656563386218,0.073656563386218,0.0831464357639209,-0.5538099065562926,-0.5787882175389333,-0.024978310982640736,0.08059189383959263,-0.08059189383959263,-0.08314643576392096,0.08314643576392096,0.08093527913990575,-0.003155311585364723,0.002134475484390612,False,p<100M,0.50-0.55,0.50-1.00
149,1511863,1511818,3,25.45764956203124,0.0725968668312942,0.0725968668312942,0.0810451897299419,-0.5843310754404843,-0.6069493564838048,-0.022618281043320355,0.07930770621417005,-0.07930770621417005,-0.08104518972994199,0.08104518972994199,0.07831546922762063,-0.0030531766863758844,0.0020653842291243688,False,p<100M,0.50-0.55,0.25-0.50
187,338531,338530,1,11.732370947643444,0.0723714409769057,0.0723714409769057,0.079871308359875,-0.5233321087409781,-0.5446595273556811,-0.021327418614702907,0.0765453740251714,-0.0765453740251714,-0.07987130835987508,0.07987130835987508,0.17232979337877258,0.002233843383797501,0.002233843383797501,False,p<100M,0.50-0.55,>=1.00
212,338609,338608,1,11.73260132836337,0.0723702431147862,0.0723702431147862,0.0799255305017518,-0.5082604065003059,-0.5295857644538456,-0.021325357953539757,0.07654402512007549,-0.07654402512007549,-0.07992553050175187,0.07992553050175187,0.17232355724498266,0.002233762547246061,0.002233762547246061,False,p<100M,0.50-0.55,>=1.00
1199,354353,354352,1,11.778048870408291,0.0721347053940645,0.0721347053940645,0.0773429809248389,-0.4957357455913206,-0.5166583224743276,-0.020922576883007034,0.07627885051123859,-0.07627885051123859,-0.077342980924839,0.077342980924839,0.17109993464581047,0.0022179012083920297,0.0022179012083920297,False,p<100M,0.50-0.55,0.25-0.50
35,354953,354952,1,11.779740665326448,0.0721259667898836,0.0721259667898836,0.080127585396028,-0.5687954579883777,-0.5897031836336452,-0.020907725645267435,0.07626901476748829,-0.07626901476748829,-0.08012758539602806,0.08012758539602806,0.1710546368815427,0.0022173140312764165,0.0022173140312764165,False,p<100M,0.55-0.60,>=1.00
508,356287,356286,1,11.78349186482108,0.0721065982574651,0.0721065982574651,0.079146666755995,-0.4978697588669434,-0.5187445912316013,-0.02087483236465788,0.07624721511227432,-0.07624721511227432,-0.07914666675599509,0.07914666675599509,0.17095426275379244,0.0022160129209066815,0.0022160129209066815,False,p<100M,0.50-0.55,0.50-1.00
868,359167,359166,1,11.791542740365744,0.0720650640478474,0.0720650640478474,0.0770398696559618,-0.4973738522244754,-0.518178256830106,-0.02080440460563063,0.07620047041302289,-0.07620047041302289,-0.07703986965596182,0.07703986965596182,0.17073913649479444,0.0022132243237586104,0.0022132243237586104,False,p<100M,0.50-0.55,0.25-0.50
267,359207,359206,1,11.791654102970854,0.0720644898643484,0.0720644898643484,0.0800494306768673,-0.5017418414241227,-0.5225452734547593,-0.020803432030636587,0.07619982422513463,-0.07619982422513463,-0.08004943067686728,0.08004943067686728,0.17073616363888158,0.0022131857877957816,0.0022131857877957816,False,p<100M,0.50-0.55,>=1.00
136,359539,359538,1,11.792577934264838,0.0720597269572932,0.0720597269572932,0.0782047695913046,-0.5508318024033914,-0.5716271679279122,-0.0207953655245209,0.07619446406342628,-0.07619446406342628,-0.07820476959130461,0.07820476959130461,0.17071150469735882,0.002212866143628096,0.002212866143628096,False,p<100M,0.50-0.55,0.50-1.00
148,359701,359700,1,11.793028409774374,0.0720574047109464,0.0720574047109464,0.0779234045557953,-0.5974295549340907,-0.618220988189125,-0.020791433255034266,0.07619185063270119,-0.07619185063270119,-0.07792340455579536,0.07792340455579536,0.1706994825247111,0.002212710304928928,0.002212710304928928,False,p<100M,0.50-0.55,0.25-0.50
169,359837,359836,1,11.793406430119706,0.072055456092731,0.072055456092731,0.0800334901917534,-0.5197669825168914,-0.5405551165274881,-0.020788134010596787,0.07618965768838006,-0.07618965768838006,-0.08003349019175345,0.08003349019175345,0.17068939499652264,0.002212579544265546,0.002212579544265546,False,p<100M,0.50-0.55,>=1.00
367,444929,444928,1,12.005669997857035,0.0709775397104111,0.0709775397104111,0.0781852146270972,-0.5006186369883269,-0.5196317551849978,-0.01901311819667086,0.07497789517912591,-0.07497789517912591,-0.07818521462709724,0.07818521462709724,0.16516327008448037,0.002140946558867185,0.002140946558867185,False,p<100M,0.50-0.55,>=1.00
333,445001,445000,1,12.005831808336865,0.0709767302044906,0.0709767302044906,0.0776707266078231,-0.5031784827253998,-0.5221903052872983,-0.019011822561898574,0.07497698613394928,-0.07497698613394928,-0.07767072660782315,0.07767072660782315,0.16515916039243955,0.0021408932865444206,0.0021408932865444206,False,p<100M,0.50-0.55,0.50-1.00
144,445069,445068,1,12.005984605308186,0.0709759658081862,0.0709759658081862,0.0786725939660381,-0.51523394540938,-0.5342445445868952,-0.019010599177515207,0.07497612774654469,-0.07497612774654469,-0.0786725939660381,0.0786725939660381,0.16515527976793903,0.0021408429835341547,0.0021408429835341547,False,p<100M,0.50-0.55,>=1.00
204,445141,445140,1,12.006146364893356,0.0709751565924715,0.0709751565924715,0.078849161619478,-0.5073750928028168,-0.5263843969186539,-0.019009304115837053,0.07497521903010237,-0.07497521903010237,-0.07884916161947805,0.07884916161947805,0.16515117166663643,0.0021407897318315044,0.0021407897318315044,False,p<100M,0.50-0.55,>=1.00
401,617429,617428,1,12.333319361116503,0.0693750668047255,0.0693750668047255,0.0738358982563811,-0.5435320061617843,-0.5600890485113041,-0.01655704234951981,0.07318123066617822,-0.07318123066617822,-0.0738358982563812,0.0738358982563812,0.15714565236796954,0.0020370173314324387,0.0020370173314324387,False,p<100M,0.50-0.55,0.10-0.25
84,617579,617578,1,12.33356227452393,0.0693739053920691,0.0693739053920691,0.0752538383487422,-0.5802814131298344,-0.5968367537421125,-0.01655534061227808,0.07317993057193176,-0.07317993057193176,-0.0752538383487422,0.0752538383487422,0.1571399266005605,0.0020369431105598137,0.0020369431105598137,False,p<100M,0.50-0.55,0.50-1.00
917,617647,617646,1,12.333672375833435,0.0693733789906287,0.0693733789906287,0.0774150599023891,-0.486338289479878,-0.5028928588297983,-0.016554569349920206,0.07317934131509553,-0.07317934131509553,-0.07741505990238919,0.07741505990238919,0.15713733148051032,0.0020369094710385176,0.0020369094710385176,False,p<100M,0.50-0.55,>=1.00
46,618029,618028,1,12.3342906609052,0.0693704230771723,0.0693704230771723,0.0748436752518515,-0.6951584233926933,-0.7117086622859699,-0.016550238893276618,0.07317603245970992,-0.07317603245970992,-0.07484367525185157,0.07484367525185157,0.15712275951469937,0.0020367205803726762,0.0020367205803726762,False,p<100M,0.55-0.60,0.25-0.50
94,618119,618118,1,12.334436274537484,0.0693697269600696,0.0693697269600696,0.0765541684740735,-0.5372756660339395,-0.5538248852115439,-0.016549219177604522,0.07317525322764608,-0.07317525322764608,-0.07655416847407359,0.07655416847407359,0.15711932793494088,0.0020366760981529205,0.0020366760981529205,False,p<100M,0.50-0.55,>=1.00
1028,618377,618376,1,12.334853582808185,0.069367732062761,0.069367732062761,0.0742407126876558,-0.497239228439814,-0.5137855255916998,-0.016546297151885783,0.07317302014958368,-0.07317302014958368,-0.07424071268765581,0.07424071268765581,0.15710949413081562,0.002036548626414853,0.002036548626414853,False,p<100M,0.50-0.55,0.25-0.50
581,618463,618462,1,12.3349926468749,0.0693670673072352,0.0693670673072352,0.0758472344787391,-0.4983249526782549,-0.5148702762033146,-0.016545323525059705,0.07317227602752345,-0.07317227602752345,-0.07584723447873913,0.07584723447873913,0.1571062173129231,0.002036506150312343,0.002036506150312343,False,p<100M,0.50-0.55,0.50-1.00
65,3439001,3438886,3,27.10131744255433,0.0690743589894426,0.0690743589894426,0.0792717980142518,-0.5421338867855626,-0.5580170585872734,-0.015883171801710675,0.07507232127945757,-0.07507232127945757,-0.07927179801425181,0.07927179801425181,0.0699961963531924,-0.0027288447219663923,0.001845983194289588,False,p<100M,0.50-0.55,>=1.00
408,910277,910276,1,12.721504227778484,0.0675670595173661,0.0675670595173661,0.0749287563478817,-0.49760049003519996,-0.5116434347414045,-0.014042944706204513,0.07116091489892835,-0.07116091489892835,-0.07492875634788175,0.07492875634788175,0.1483800406417988,0.0019233921516215034,0.0019233921516215034,False,p<100M,0.50-0.55,>=1.00
647,1184527,1184526,1,12.984854096749215,0.0663928320911218,0.0663928320911218,0.0713029062187651,-0.5095677990923373,-0.5221201777676842,-0.01255237867534689,0.06985260955062923,-0.06985260955062923,-0.07130290621876516,0.07130290621876516,0.14284434557022366,0.0018516351120063106,0.0018516351120063106,False,p<100M,0.50-0.55,0.50-1.00
157,1184609,1184608,1,12.984923320297408,0.0663925287642978,0.0663925287642978,0.072561666975567,-0.5259681641179909,-0.5385201719421125,-0.012552007824121627,0.06985227197299464,-0.06985227197299464,-0.07256166697556707,0.07256166697556707,0.14284293145192775,0.0018516167813466071,0.0018516167813466071,False,p<100M,0.50-0.55,>=1.00
819,1185749,1185748,1,12.98588520039138,0.0663883142401065,0.0663883142401065,0.0716117424653728,-0.507342510207868,-0.5198893660533848,-0.012546855845516732,0.06984758157707448,-0.06984758157707448,-0.07161174246537282,0.07161174246537282,0.1428232840652104,0.0018513620999942597,0.0018513620999942597,False,p<100M,0.50-0.55,0.50-1.00
239,1185979,1185978,1,12.986079151806315,0.0663874644969639,0.0663874644969639,0.0720020312883792,-0.5190175515357226,-0.5315633687961302,-0.012545817260407592,0.06984663589208322,-0.06984663589208322,-0.07200203128837925,0.07200203128837925,0.1428193228998745,0.0018513107529647983,0.0018513107529647983,False,p<100M,0.50-0.55,0.50-1.00
972,1186033,1186032,1,12.986124682773283,0.0663872650190701,0.0663872650190701,0.0726904701419275,-0.4956300087490975,-0.5081755822090733,-0.012545573459975867,0.0698464138919876,-0.0698464138919876,-0.07269047014192756,0.07269047014192756,0.14281839302238006,0.0018512986993282912,0.0018512986993282912,False,p<100M,0.50-0.55,>=1.00
74,1186291,1186290,1,12.986342191006576,0.0663863120997883,0.0663863120997883,0.0716803042452162,-0.5998619326211354,-0.6124063414734684,-0.012544408852332963,0.06984535338381723,-0.06984535338381723,-0.07168030424521626,0.07168030424521626,0.14281395098394334,0.001851241118929813,0.001851241118929813,False,p<100M,0.50-0.55,0.50-1.00
89,1188149,1188148,1,12.987907191915609,0.066379456518596,0.066379456518596,0.0739495641263946,-0.5238938669119316,-0.5364298993491927,-0.012536032437261136,0.06983772383410335,-0.06983772383410335,-0.07394956412639468,0.07394956412639468,0.14278199603071634,0.0018508268994298289,0.0018508268994298289,False,p<100M,0.50-0.55,>=1.00
584,1188223,1188222,1,12.987969471727038,0.0663791837272039,0.0663791837272039,0.0716596292835551,-0.5093207227593013,-0.5218564219662566,-0.012535699206955301,0.06983742024771178,-0.06983742024771178,-0.07165962928355515,0.07165962928355515,0.14278072459299834,0.0018508104182823816,0.0018508104182823816,False,p<100M,0.50-0.55,0.50-1.00
591,1188553,1188552,1,12.988247158814184,0.0663779674589157,0.0663779674589157,0.0720415041049189,-0.49996421528632257,-0.5124984288234439,-0.012534213537121322,0.06983606667871887,-0.06983606667871887,-0.07204150410491895,0.07204150410491895,0.14277505583843264,0.001850736936444838,0.001850736936444838,False,p<100M,0.50-0.55,0.50-1.00
93,1188839,1188838,1,12.988487758598636,0.0663769136686477,0.0663769136686477,0.0717695715648134,-0.5862646848695667,-0.5987976112979757,-0.012532926428408935,0.06983489393195133,-0.06983489393195133,-0.07176957156481345,0.07176957156481345,0.1427701444637606,0.0018506732722251963,0.0018506732722251963,False,p<100M,0.50-0.55,0.50-1.00
286,1188899,1188898,1,12.988538226732649,0.0663766926301531,0.0663766926301531,0.0732650773543473,-0.504218997299015,-0.5167516537601883,-0.012532656461173259,0.06983464794195784,-0.06983464794195784,-0.07326507735434731,0.07326507735434731,0.14276911428753086,0.0018506599184556025,0.0018506599184556025,False,p<100M,0.50-0.55,>=1.00
656,1189057,1189056,1,12.988671113968772,0.0663761106224701,0.0663761106224701,0.0719034765237246,-0.49940593681986384,-0.5119378824594863,-0.012531945639622488,0.06983400023597723,-0.06983400023597723,-0.07190347652372465,0.07190347652372465,0.1427664017921504,0.00185062475744403,0.00185062475744403,False,p<100M,0.50-0.55,0.50-1.00
237,1189109,1189108,1,12.988714845146502,0.0663759190947688,0.0663759190947688,0.0718770358244725,-0.5196956951869449,-0.5322274069145132,-0.012531711727568371,0.0698337870883699,-0.0698337870883699,-0.07187703582447251,0.07187703582447251,0.14276550916788855,0.0018506131867065362,0.0018506131867065362,False,p<100M,0.50-0.55,0.50-1.00
406,1189151,1189150,1,12.988750165086293,0.0663757644062332,0.0663757644062332,0.0720468489481977,-0.5034341069835973,-0.5159656297927597,-0.012531522809162454,0.06983361493844092,-0.06983361493844092,-0.07204684894819774,0.07204684894819774,0.14276478823674563,0.0018506038415594657,0.0018506038415594657,False,p<100M,0.50-0.55,0.50-1.00
132,1189387,1189386,1,12.988948606314286,0.0663748953188857,0.0663748953188857,0.0709787746513286,-0.6013402834644089,-0.6138707449075136,-0.012530461443104665,0.06983264774861815,-0.06983264774861815,-0.07097877465132861,0.07097877465132861,0.14276073786530633,0.001850551338186345,0.001850551338186345,False,p<100M,0.50-0.55,0.25-0.50
836,1189553,1189552,1,12.989088164268896,0.066374284128521,0.066374284128521,0.0738165199461072,-0.48916200105991603,-0.5016917161273431,-0.012529715067427078,0.06983196756813159,-0.06983196756813159,-0.07381651994610723,0.07381651994610723,0.14275788945989762,0.0018505144154264907,0.0018505144154264907,False,p<100M,0.50-0.55,>=1.00
134,1189751,1189750,1,12.989254599495716,0.0663735552444684,0.0663735552444684,0.0714970560553375,-0.5601507141394626,-0.572679539144176,-0.012528825004713473,0.0698311564099448,-0.0698311564099448,-0.0714970560553376,0.0714970560553376,0.14275449259551098,0.001850470383208457,0.001850470383208457,False,p<100M,0.50-0.55,0.50-1.00
325,1190201,1190200,1,12.989632758387462,0.0663718991999174,0.0663718991999174,0.0715945211420518,-0.5151995791074562,-0.5277263820212403,-0.012526802913784139,0.06982931344055088,-0.06982931344055088,-0.07159452114205184,0.07159452114205184,0.14274677500177352,0.0018503703430739495,0.0018503703430739495,False,p<100M,0.50-0.55,0.50-1.00
430,1190983,1190982,1,12.990289574516003,0.0663690230464318,0.0663690230464318,0.072546546180588,-0.5017824543451069,-0.5143057458850686,-0.012523291539961706,0.0698261126573121,-0.0698261126573121,-0.072546546180588,0.072546546180588,0.14273337196494076,0.001850196604775048,0.001850196604775048,False,p<100M,0.50-0.55,>=1.00
71,1191481,1191480,1,12.990707629107597,0.0663671925425114,0.0663671925425114,0.0710316103925829,-0.6738332128874879,-0.6863542699830179,-0.012521057095529892,0.06982407555474988,-0.06982407555474988,-0.07103161039258299,0.07103161039258299,0.14272484209617298,0.0018500860354385567,0.0018500860354385567,False,p<100M,0.50-0.55,0.25-0.50
68,1192069,1192068,1,12.991201010838148,0.0663650323383584,0.0663650323383584,0.0712244136304279,-0.6566448198408031,-0.6691632403765071,-0.012518420535703971,0.06982167154981855,-0.06982167154981855,-0.0712244136304279,0.0712244136304279,0.14271477625723114,0.0018499555559243549,0.0018499555559243549,False,p<100M,0.50-0.55,0.25-0.50
447,1192097,1192096,1,12.991224499135525,0.0663649295015562,0.0663649295015562,0.072182493775885,-0.5023448760804833,-0.514863171111599,-0.012518295031115623,0.0698215571070981,-0.0698215571070981,-0.07218249377588509,0.07218249377588509,0.14271429708197508,0.0018499493445638326,0.0018499493445638326,False,p<100M,0.50-0.55,0.50-1.00
66,1196077,1196076,1,12.994557592691232,0.0663503397116,0.0663503397116,0.0711424243631883,-0.6772153858375256,-0.6897158835887194,-0.012500497751193773,0.06980532097839838,-0.06980532097839838,-0.0711424243631883,0.0711424243631883,0.14264632444986725,0.0018490682420479162,0.0018490682420479162,False,p<100M,0.50-0.55,0.25-0.50
292,1196119,1196118,1,12.994592706870844,0.0663501860419012,0.0663501860419012,0.072507583675384,-0.5061053891196698,-0.5186056995071036,-0.012500310387433735,0.06980514997076274,-0.06980514997076274,-0.072507583675384,0.072507583675384,0.142645608615905,0.0018490589629735952,0.0018490589629735952,False,p<100M,0.50-0.55,>=1.00
490,1196177,1196176,1,12.994641195853822,0.0663499738413972,0.0663499738413972,0.0723425694553522,-0.5088679943812622,-0.5213680460435619,-0.01250005166229976,0.06980491382860941,-0.06980491382860941,-0.0723425694553522,0.0723425694553522,0.14264462013346965,0.001849046149664272,0.001849046149664272,False,p<100M,0.50-0.55,0.50-1.00
396,1196399,1196398,1,12.994826769896724,0.0663491617331757,0.0663491617331757,0.073189163234131,-0.5006139510299951,-0.5131130125634413,-0.012499061533446315,0.0698040100946836,-0.0698040100946836,-0.07318916323413106,0.07318916323413106,0.14264083716940934,0.0018489971125879104,0.0018489971125879104,False,p<100M,0.50-0.55,>=1.00
168,1196593,1196592,1,12.994988910012886,0.0663484521925499,0.0663484521925499,0.0735589050981222,-0.5119984452349848,-0.5244966417334235,-0.012498196498438698,0.06980322050165168,-0.06980322050165168,-0.07355890509812221,0.07355890509812221,0.1426375320338237,0.0018489542694142738,0.0018489542694142738,False,p<100M,0.50-0.55,>=1.00
365,1196653,1196652,1,12.995039051118322,0.0663482327733369,0.0663482327733369,0.071617662491785,-0.5138551230053634,-0.5263530520073603,-0.012497929001996873,0.06980297632715313,-0.06980297632715313,-0.07161766249178503,0.07161766249178503,0.1426365099586877,0.001848941020655974,0.001848941020655974,False,p<100M,0.50-0.55,0.50-1.00
423,1197103,1197102,1,12.995415029292625,0.0663465875257503,0.0663465875257503,0.0725973533181587,-0.5019232280247123,-0.5144191514078604,-0.012495923383148056,0.06980114546295971,-0.06980114546295971,-0.07259735331815875,0.07259735331815875,0.1426288463782728,0.0018488416806749389,0.0018488416806749389,False,p<100M,0.50-0.55,>=1.00
249,1197167,1197166,1,12.99546849026404,0.066346353591798,0.066346353591798,0.0733451964419051,-0.5058626907141592,-0.5183583289403467,-0.012495638226187529,0.06980088513708296,-0.06980088513708296,-0.07334519644190514,0.07334519644190514,0.14262775673098857,0.0018488275560054385,0.0018488275560054385,False,p<100M,0.50-0.55,>=1.00
900,1197739,1197738,1,12.995946170816742,0.0663442634350069,0.0663442634350069,0.0724750996658737,-0.49638419095970554,-0.5088772815526593,-0.012493090592953837,0.06979855917853105,-0.06979855917853105,-0.07247509966587379,0.07247509966587379,0.1426180211486721,0.0018487013574780757,0.0018487013574780757,False,p<100M,0.50-0.55,>=1.00
960,1197767,1197766,1,12.99596954792371,0.066344161148625,0.066344161148625,0.0705694820952203,-0.49865530098596006,-0.5111482669137741,-0.012492965927814096,0.06979844535291631,-0.06979844535291631,-0.07056948209522035,0.07056948209522035,0.142617544726665,0.0018486951818068376,0.0018486951818068376,False,p<100M,0.50-0.55,0.25-0.50
426,1198103,1198102,1,12.996250030589469,0.0663429339229389,0.0663429339229389,0.0716439824546732,-0.5034878545487286,-0.515979324816291,-0.012491470267562444,0.06979707968198551,-0.06979707968198551,-0.07164398245467321,0.07164398245467321,0.14261182871727296,0.001848621087423552,0.001848621087423552,False,p<100M,0.50-0.55,0.50-1.00
964,1198187,1198186,1,12.99632013896536,0.0663426271773368,0.0663426271773368,0.0725736917080832,-0.4959981718763288,-0.508489268321519,-0.012491096445190185,0.06979673833243832,-0.06979673833243832,-0.07257369170808321,0.07257369170808321,0.14261040001907882,0.001848602567770358,0.001848602567770358,False,p<100M,0.50-0.55,>=1.00
373,1198289,1198288,1,12.996405263957271,0.06634225473323,0.06634225473323,0.0723746919761434,-0.5036354443880318,-0.5161260869558834,-0.012490642567851559,0.06979632387321663,-0.06979632387321663,-0.07237469197614346,0.07237469197614346,0.1426086653347791,0.0018485800817395332,0.0018485800817395332,False,p<100M,0.50-0.55,>=1.00
162,1198751,1198750,1,12.996790739381732,0.0663405682293933,0.0663405682293933,0.0719876878780127,-0.5353020849493474,-0.5477906724038923,-0.012488587454544975,0.06979444711999212,-0.06979444711999212,-0.07198768787801277,0.07198768787801277,0.14260081048006973,0.001848478262344992,0.001848478262344992,False,p<100M,0.50-0.55,0.50-1.00
451,1199767,1199766,1,12.997637929238774,0.0663368619655992,0.0663368619655992,0.073442667720498,-0.4978469885817287,-0.5103310605043203,-0.012484071922591643,0.0697903227852879,-0.0697903227852879,-0.07344266772049801,0.07344266772049801,0.14258354952434013,0.0018482545153596416,0.0018482545153596416,False,p<100M,0.50-0.55,>=1.00
193,1199993,1199992,1,12.997826281407882,0.0663360380233858,0.0663360380233858,0.0715987515628432,-0.53337846100367,-0.5458615292223296,-0.012483068218659594,0.06978940590543624,-0.06978940590543624,-0.07159875156284327,0.07159875156284327,0.14257971239425898,0.00184820477615044,0.00184820477615044,False,p<100M,0.50-0.55,0.50-1.00
290,1200061,1200060,1,12.997882946799592,0.0663357901459158,0.0663357901459158,0.0734962713434768,-0.5017145022214449,-0.5141972684930136,-0.012482766271568716,0.06978913006858825,-0.06978913006858825,-0.07349627134347683,0.07349627134347683,0.14257855803128416,0.0018481898125968768,0.0018481898125968768,False,p<100M,0.50-0.55,>=1.00
138,7048303,7048210,3,28.53656905120186,0.0662630653379214,0.0662630653379214,0.0741760381642046,-0.5553469765516903,-0.5669821746677235,-0.011635198116033146,0.07172752263710584,-0.07172752263710584,-0.07417603816420465,0.07417603816420465,0.0637701952064799,-0.002486120241895876,0.0016817872224629232,False,p<100M,0.50-0.55,0.50-1.00
829,1507091,1507090,1,13.225691860656145,0.0653539144729697,0.0653539144729697,0.069946484813987,-0.4992225517910722,-0.5105470306009599,-0.01132447880988763,0.06869753705589748,-0.06869753705589748,-0.069946484813987,0.069946484813987,0.1380486419378325,0.0017894702905913377,0.0017894702905913377,False,p<100M,0.50-0.55,0.50-1.00
211,1507291,1507290,1,13.225824557839376,0.0653533509504995,0.0653533509504995,0.071217737590593,-0.5412984687267401,-0.5526223042827669,-0.01132383555602679,0.06869691115570996,-0.06869691115570996,-0.071217737590593,0.071217737590593,0.13804606653977072,0.0017894369067184264,0.0017894369067184264,False,p<100M,0.50-0.55,0.50-1.00
859,1509019,1509018,1,13.226970328790664,0.0653484856294332,0.0653484856294332,0.0709615737150018,-0.49782325739991684,-0.5091415402711038,-0.01131828287118693,0.06869150730819647,-0.06869150730819647,-0.07096157371500186,0.07096157371500186,0.13802383231839563,0.0017891486932450694,0.0017891486932450694,False,p<100M,0.50-0.55,0.50-1.00
727,1509097,1509096,1,13.227022016664836,0.0653482661626475,0.0653482661626475,0.0701254608877874,-0.4997926191281197,-0.5111106515696742,-0.011318032441554451,0.06869126355054078,-0.06869126355054078,-0.07012546088778744,0.07012546088778744,0.13802282941764668,0.0017891356930368133,0.0017891356930368133,False,p<100M,0.50-0.55,0.50-1.00
846,1510391,1510390,1,13.22787911566918,0.0653446271325235,0.0653446271325235,0.0698496571702368,-0.49918342447047265,-0.5104973050210053,-0.011313880550532623,0.06868722176278803,-0.06868722176278803,-0.06984965717023686,0.06984965717023686,0.13800620070362854,0.0017889201415522895,0.0017889201415522895,False,p<100M,0.50-0.55,0.25-0.50
101,1510643,1510642,1,13.228045945966745,0.0653439188591991,0.0653439188591991,0.070535407834942,-0.5699511682114232,-0.5812642407879605,-0.011313072576537266,0.06868643510304373,-0.06868643510304373,-0.07053540783494208,0.07053540783494208,0.1380029643518997,0.0017888781899967553,0.0017888781899967553,False,p<100M,0.50-0.55,0.50-1.00
1129,1510669,1510668,1,13.228063157032665,0.0653438457909719,0.0653438457909719,0.0696682143827288,-0.4980789729509211,-0.5093919621759235,-0.011312989225002472,0.06868635394823047,-0.06868635394823047,-0.06966821438272884,0.06966821438272884,0.13800263047979716,0.0017888738621439058,0.0017888738621439058,False,p<100M,0.50-0.55,0.25-0.50
412,1511563,1511562,1,13.228654772782928,0.0653413342314997,0.0653413342314997,0.0706974408897726,-0.503871827390635,-0.5151819518403293,-0.011310124449694389,0.06868356443706232,-0.06868356443706232,-0.07069744088977262,0.07069744088977262,0.13799115464687872,0.0017887251054319307,0.0017887251054319307,False,p<100M,0.50-0.55,0.50-1.00
450,1511597,1511596,1,13.228677265803476,0.0653412387466855,0.0653412387466855,0.0712006740325232,-0.5022271309372823,-0.5135371464831499,-0.011310015545867516,0.0686834583853081,-0.0686834583853081,-0.07120067403252325,0.07120067403252325,0.13799071836803628,0.001788719450120759,0.001788719450120759,False,p<100M,0.50-0.55,>=1.00
81,1512197,1512196,1,13.22907411823977,0.0653395541194198,0.0653395541194198,0.0705955645536329,-0.5828086275009947,-0.5941167217851349,-0.011308094284140204,0.0686815873299589,-0.0686815873299589,-0.07059556455363296,0.07059556455363296,0.13798302128407242,0.0017886196758463862,0.0017886196758463862,False,p<100M,0.50-0.55,0.50-1.00
52,1512479,1512478,1,13.229260584493224,0.0653387626052911,0.0653387626052911,0.0713499660129912,-0.5796979702725139,-0.5910051619364899,-0.01130719166397596,0.06868070822556865,-0.06868070822556865,-0.0713499660129913,0.0713499660129913,0.13797940493193894,0.0017885727984949516,0.0017885727984949516,False,p<100M,0.55-0.60,0.50-1.00
420,1512517,1512516,1,13.229285708493393,0.0653386559600982,0.0653386559600982,0.0708371017721546,-0.5036318739923741,-0.5149389440449019,-0.01130707005252782,0.06868058977894423,-0.06868058977894423,-0.07083710177215463,0.07083710177215463,0.13797891768449685,0.0017885664824978543,0.0017885664824978543,False,p<100M,0.50-0.55,0.50-1.00
722,1512547,1512546,1,13.2293055427845,0.0653385717686617,0.0653385717686617,0.0702608961700486,-0.49972290646475875,-0.5110298805113045,-0.011306974046545779,0.06868049627084158,-0.06868049627084158,-0.0702608961700486,0.0702608961700486,0.13797853302593366,0.001788561496320075,0.001788561496320075,False,p<100M,0.50-0.55,0.50-1.00
140,1512661,1512660,1,13.229380909503124,0.0653382518583966,0.0653382518583966,0.0706156379648199,-0.5458813978359515,-0.557188007084355,-0.01130660924840354,0.06868014095928714,-0.06868014095928714,-0.07061563796481997,0.07061563796481997,0.1379770714076382,0.0017885425499365455,0.0017885425499365455,False,p<100M,0.50-0.55,0.50-1.00
259,1512751,1512750,1,13.22944040553211,0.0653379993168888,0.0653379993168888,0.0718102487098728,-0.5075074576255882,-0.5188137789029563,-0.011306321277367982,0.068679860471675,-0.068679860471675,-0.07181024870987285,0.07181024870987285,0.13797591759266808,0.0017885275934865516,0.0017885275934865516,False,p<100M,0.50-0.55,>=1.00
282,1512877,1512876,1,13.229523694026316,0.0653376457872757,0.0653376457872757,0.0708017239099497,-0.5157353942993924,-0.5270413124580646,-0.011305918158672292,0.06867946782089697,-0.06867946782089697,-0.07080172390994978,0.07080172390994978,0.13797430239134045,0.001788506656266536,0.001788506656266536,False,p<100M,0.50-0.55,0.50-1.00
119,1513271,1513270,1,13.2297840910738,0.0653365405202554,0.0653365405202554,0.0705260023814927,-0.5578930496337888,-0.5691977075533939,-0.011304657919605122,0.06867824024806729,-0.06867824024806729,-0.07052600238149272,0.07052600238149272,0.1379692527332417,0.001788441199533181,0.001788441199533181,False,p<100M,0.50-0.55,0.50-1.00
220,1513319,1513318,1,13.229815809938929,0.0653364058906387,0.0653364058906387,0.0718988838707155,-0.5104301642125183,-0.5217346686322101,-0.011304504419691839,0.06867809072088515,-0.06867809072088515,-0.07189888387071551,0.07189888387071551,0.13796863765525333,0.0017884332265189508,0.0017884332265189508,False,p<100M,0.50-0.55,>=1.00
543,1513361,1513360,1,13.229843563120635,0.0653362880936789,0.0653362880936789,0.0719137564642965,-0.4983506702422125,-0.5096550403551356,-0.011304370112923144,0.06867795988902575,-0.06867795988902575,-0.07191375646429655,0.07191375646429655,0.13796809948139085,0.0017884262503826808,0.0017884262503826808,False,p<100M,0.50-0.55,>=1.00
1275,1516681,1516680,1,13.23203495276382,0.0653269881841982,0.0653269881841982,0.0696452439290524,-0.49767266406342836,-0.5089664342152688,-0.011293770151840389,0.0686676309852783,-0.0686676309852783,-0.06964524392905246,0.06964524392905246,0.13792561524233093,0.0017878755438885863,0.0017878755438885863,False,p<100M,0.50-0.55,0.25-0.50
311,1516759,1516758,1,13.232086379526844,0.0653267699687681,0.0653267699687681,0.0704701582316363,-0.5231068898760127,-0.5344004113877208,-0.01129352151170802,0.06866738862747963,-0.06866738862747963,-0.07047015823163637,0.07047015823163637,0.1379246184727884,0.001787862623156749,0.001787862623156749,False,p<100M,0.50-0.55,0.50-1.00
533,1516817,1516816,1,13.232124618225994,0.0653266077142255,0.0653266077142255,0.0719952590113774,-0.49778783759173795,-0.5090811742289306,-0.011293336637192715,0.06866720842189365,-0.06866720842189365,-0.0719952590113774,0.0719952590113774,0.13792387732541264,0.0017878530159545975,0.0017878530159545975,False,p<100M,0.50-0.55,>=1.00
979,1516871,1516870,1,13.232160218459114,0.0653264566559481,0.0653264566559481,0.0706981135254867,-0.4975425594600865,-0.5088357239817288,-0.0112931645216423,0.06866704065132334,-0.06866704065132334,-0.07069811352548679,0.07069811352548679,0.1379231873224941,0.0017878440717179439,0.0017878440717179439,False,p<100M,0.50-0.55,0.50-1.00
145,1517807,1517806,1,13.232777087879647,0.0653238392767546,0.0653238392767546,0.070706350398406,-0.5449958975272027,-0.5562860800905356,-0.011290182563332916,0.06866413370679166,-0.06866413370679166,-0.07070635039840602,0.07070635039840602,0.13791123199538427,0.0017876890995112131,0.0017876890995112131,False,p<100M,0.50-0.55,0.50-1.00
410,1517917,1517916,1,13.232849558236008,0.0653235317984444,0.0653235317984444,0.0705537248388434,-0.5196691491909443,-0.5309589814814514,-0.01128983229050707,0.06866379221256502,-0.06866379221256502,-0.07055372483884349,0.07055372483884349,0.13790982757518813,0.0017876708945641655,0.0017876708945641655,False,p<100M,0.50-0.55,0.50-1.00
146,1518061,1518060,1,13.232944420583566,0.0653231293194047,0.0653231293194047,0.0707800350270976,-0.5521831413170079,-0.5634725151228648,-0.011289373805856954,0.0686633452081087,-0.0686633452081087,-0.07078003502709763,0.07078003502709763,0.13790798924771192,0.0017876470650475768,0.0017876470650475768,False,p<100M,0.50-0.55,0.50-1.00
1147,1518089,1518088,1,13.232962864995075,0.065323051064597,0.065323051064597,0.0696981157976294,-0.49799221138159766,-0.5092814960448131,-0.01128928466321541,0.06866325829617478,-0.06866325829617478,-0.06969811579762948,0.06969811579762948,0.13790763181966548,0.0017876424318482844,0.0017876424318482844,False,p<100M,0.50-0.55,0.25-0.50
207,1518191,1518190,1,13.233030052474517,0.0653227660072921,0.0653227660072921,0.0719532466962552,-0.5113365657738542,-0.522625525722849,-0.011288959948994827,0.06866294170383187,-0.06866294170383187,-0.07195324669625523,0.07195324669625523,0.13790632982785145,0.0017876255546400985,0.0017876255546400985,False,p<100M,0.50-0.55,>=1.00
343,1518239,1518238,1,13.233061668549976,0.0653226318701599,0.0653226318701599,0.07170621495335,-0.5035853826180988,-0.5148741897710908,-0.011288807152991914,0.06866279272756931,-0.06866279272756931,-0.07170621495335004,0.07170621495335004,0.1379057171624687,0.0017876176128995272,0.0017876176128995272,False,p<100M,0.50-0.55,>=1.00
843,1518427,1518426,1,13.233185488555364,0.0653221065458227,0.0653221065458227,0.0720703082374865,-0.49476959854916513,-0.5060578073170026,-0.011288208767837468,0.06866220928877309,-0.06866220928877309,-0.07207030823748654,0.07207030823748654,0.1379033177821779,0.001787586510675804,0.001787586510675804,False,p<100M,0.50-0.55,>=1.00
402,1518623,1518622,1,13.233314561175357,0.0653215589454404,0.0653215589454404,0.0714560474941763,-0.5024968072279784,-0.5137843922591551,-0.01128758503117663,0.06866160111025124,-0.06866160111025124,-0.07145604749417638,0.07145604749417638,0.13790081668354068,0.001787554089917133,0.001787554089917133,False,p<100M,0.50-0.55,>=1.00
131,12786847,12786580,3,29.727813795617536,0.0640954564687434,0.0640954564687434,0.071246224678351,-0.5286511273960031,-0.5376226819361374,-0.008971554540134317,0.0691693522625108,-0.0691693522625108,-0.07124622467835103,0.07124622467835103,0.05921234397307703,-0.0023084296111245254,0.0015615847369382934,False,p<100M,0.50-0.55,0.50-1.00
1200,2274949,2274948,1,13.637468192533492,0.0636505003522946,0.0636505003522946,0.0676804907283951,-0.49833902736250607,-0.5078293016460999,-0.009490274283593716,0.0668086457146189,-0.0668086457146189,-0.06768049072839522,0.06768049072839522,0.13039081639693936,0.0016902049077262829,0.0016902049077262829,False,p<100M,0.50-0.55,0.25-0.50
358,2275027,2275026,1,13.63750247842863,0.0636503621940717,0.0636503621940717,0.0701677034244439,-0.5022884306854078,-0.5117785650103139,-0.009490134324905999,0.06680849276156148,-0.06680849276156148,-0.07016770342444388,0.07016770342444388,0.1303902055604078,0.001690196989692391,0.001690196989692391,False,p<100M,0.50-0.55,>=1.00
308,2275513,2275512,1,13.637716079452618,0.0636495014821801,0.0636495014821801,0.0691152327817433,-0.5130162421357849,-0.5225055045637439,-0.009489262427959002,0.06680753988023627,-0.06680753988023627,-0.06911523278174334,0.06911523278174334,0.13038640014731429,0.0016901476616180346,0.0016901476616180346,False,p<100M,0.50-0.55,0.50-1.00
1227,2275549,2275548,1,13.637731899935837,0.0636494377339767,0.0636494377339767,0.0675544847184339,-0.49832590476843286,-0.5078151026219431,-0.009489197853510262,0.06680746930561109,-0.06680746930561109,-0.06755448471843392,0.06755448471843392,0.13038611830382174,0.0016901440081916086,0.0016901440081916086,False,p<100M,0.50-0.55,0.25-0.50
142,2275961,2275960,1,13.637912938756417,0.0636487082520479,0.0636487082520479,0.0680251836107398,-0.587430405925057,-0.5969188648630749,-0.009488458938017868,0.0668066617083422,-0.0668066617083422,-0.06802518361073982,0.06802518361073982,0.13038289314416876,0.0016901022017145552,0.0016901022017145552,False,p<100M,0.50-0.55,0.25-0.50
200,17591099,17590930,3,30.365788199920942,0.0629913115465854,0.0629913115465854,0.0690704028270101,-0.5642261438893665,-0.5720272233997238,-0.007801079510357187,0.06787303713519106,-0.06787303713519106,-0.0690704028270101,0.0690704028270101,0.056969718434037295,-0.002220999476568642,0.0015024408223852364,False,p<100M,0.50-0.55,0.25-0.50
170,17641879,17641576,3,30.3715381206486,0.0629814730951112,0.0629814730951112,0.0694300887821649,-0.5434863075242596,-0.5512775206711352,-0.007791213146875558,0.06786151215860352,-0.06786151215860352,-0.06943008878216496,0.06943008878216496,0.056950036692610735,-0.002220232171786249,0.0015019217632677314,False,p<100M,0.50-0.55,0.25-0.50
227,17642453,17642326,3,30.371623145248783,0.062981403794995,0.062981403794995,0.0713316310686374,-0.5198014686458206,-0.5275925752900344,-0.007791106644213787,0.06786142382732466,-0.06786142382732466,-0.07133163106863746,0.07133163106863746,0.05694981459900787,-0.002220223513330682,0.0015019159060772008,False,p<100M,0.50-0.55,>=1.00
217,3236683,3236682,1,13.99005959793064,0.0622605346145852,0.0622605346145852,0.0666226148249239,-0.5447859733785343,-0.5529383194549273,-0.008152346076392968,0.06527185750460765,-0.06527185750460765,-0.06662261482492397,0.06662261482492397,0.12432893518738854,0.0016116271240022672,0.0016116271240022672,False,p<100M,0.50-0.55,0.50-1.00
127,3236861,3236860,1,13.990114590991642,0.0622603225307891,0.0622603225307891,0.0687664195967628,-0.5211925216544617,-0.5293446741392148,-0.00815215248475313,0.06527162332604247,-0.06527162332604247,-0.06876641959676288,0.06876641959676288,0.12432802295738071,0.0016116152991231935,0.0016116152991231935,False,p<100M,0.50-0.55,>=1.00
623,3236923,3236922,1,13.990133745167933,0.062260248661981,0.062260248661981,0.0665491911550268,-0.5076863932426825,-0.5158384783001922,-0.008152085057509752,0.06527154176164625,-0.06527154176164625,-0.06654919115502686,0.06654919115502686,0.12432770522848133,0.0016116111805283423,0.0016116111805283423,False,p<100M,0.50-0.55,0.50-1.00
755,3236957,3236956,1,13.9901442489153,0.0622602081539544,0.0622602081539544,0.0674403172566828,-0.4995120469487398,-0.5076640950307983,-0.008152048082058582,0.06527149703353297,-0.06527149703353297,-0.06744031725668283,0.06744031725668283,0.12432753099315348,0.001611608921984264,0.001611608921984264,False,p<100M,0.50-0.55,0.50-1.00
1124,3241151,3241150,1,13.991439071596847,0.0622552150315636,0.0622552150315636,0.0669522536547854,-0.49831752433946885,-0.5064650156194059,-0.008147491279937077,0.0652659837587084,-0.0652659837587084,-0.06695225365478544,0.06695225365478544,0.12430605538240994,0.00161133054208238,0.00161133054208238,False,p<100M,0.50-0.55,0.50-1.00
1213,3241201,3241200,1,13.991454498096363,0.0622551555483715,0.0622551555483715,0.0680971441582546,-0.49593978875862227,-0.5040872257638562,-0.008147437005233972,0.06526591807923998,-0.06526591807923998,-0.06809714415825463,0.06809714415825463,0.12430579955582327,0.0016113272259028802,0.0016113272259028802,False,p<100M,0.50-0.55,>=1.00
446,3242093,3242092,1,13.99172966686262,0.0622540945413876,0.0622540945413876,0.0681785423845579,-0.5018282615148448,-0.5099747304592783,-0.008146468944433528,0.06526474654995804,-0.06526474654995804,-0.06817854238455798,0.06817854238455798,0.12430123640529289,0.0016112680755759302,0.0016112680755759302,False,p<100M,0.50-0.55,>=1.00
999,3260947,3260946,1,13.997528201956154,0.062231744670559,0.062231744670559,0.0679057846689434,-0.49722466582276836,-0.5053507612249117,-0.00812609540214341,0.06524006909603758,-0.06524006909603758,-0.06790578466894343,0.06790578466894343,0.12420513713665603,0.0016100223785248092,0.0016100223785248092,False,p<100M,0.50-0.55,>=1.00
399,3266671,3266670,1,13.999281981502422,0.0622249880453117,0.0622249880453117,0.0678918946863361,-0.5079682507424971,-0.516088193914349,-0.008119943171851916,0.0652326090198635,-0.0652326090198635,-0.06789189468633611,0.06789189468633611,0.12417609365382674,0.0016096458992713465,0.0016096458992713465,False,p<100M,0.50-0.55,>=1.00
939,3269009,3269008,1,13.999997438838074,0.06222223208744,0.06222223208744,0.0682460248436658,-0.4964274196445459,-0.5045448543082126,-0.008117434663666705,0.06522956615885349,-0.06522956615885349,-0.06824602484366589,0.06824602484366589,0.12416424824135822,0.0016094923518449127,0.0016094923518449127,False,p<100M,0.50-0.55,>=1.00
123,3277217,3277216,1,14.0025051445914,0.062212574263746,0.062212574263746,0.0681011679331808,-0.528101162071341,-0.5362098102810988,-0.008108648209757817,0.06521890305256323,-0.06521890305256323,-0.06810116793318087,0.06810116793318087,0.12412274298956766,0.0016089543355780366,0.0016089543355780366,False,p<100M,0.50-0.55,>=1.00
394,3277457,3277456,1,14.002578374778016,0.0622122922801366,0.0622122922801366,0.0667620359967211,-0.5113179066068863,-0.5194262983734588,-0.008108391766572486,0.06521859172020142,-0.06521859172020142,-0.06676203599672116,0.06676203599672116,0.12412153126326014,0.001608938628446136,0.001608938628446136,False,p<100M,0.50-0.55,0.50-1.00
940,3277531,3277530,1,14.002600953003942,0.0622122053398678,0.0622122053398678,0.0659166392050288,-0.4996871141978562,-0.5077954268998291,-0.008108312701972977,0.0652184957312538,-0.0652184957312538,-0.06591663920502881,0.06591663920502881,0.1241211576691247,0.001608933785692185,0.001608933785692185,False,p<100M,0.50-0.55,0.25-0.50
1309,3279763,3279762,1,14.003281721652169,0.0622095840689042,0.0622095840689042,0.0663858194344287,-0.49818421748607844,-0.5062901466203646,-0.00810592913428622,0.06521560164773493,-0.06521560164773493,-0.0663858194344287,0.0663858194344287,0.12410989401664364,0.0016087877793918301,0.0016087877793918301,False,p<100M,0.50-0.55,0.50-1.00
603,3279949,3279948,1,14.003338431458957,0.0622093657200932,0.0622093657200932,0.0689578925494887,-0.4920830236718791,-0.5001887542795823,-0.008105730607703183,0.06521536057460058,-0.06521536057460058,-0.0689578925494887,0.0689578925494887,0.12410895579414866,0.0016087756175823607,0.0016087756175823607,False,p<100M,0.50-0.55,>=1.00
380,3280747,3280746,1,14.00358169833306,0.0622084290910443,0.0622084290910443,0.0681975726185681,-0.5035957806965927,-0.5117006597427485,-0.00810487904615586,0.06521432646842155,-0.06521432646842155,-0.06819757261856818,0.06819757261856818,0.12410493124140255,0.001608723448886813,0.001608723448886813,False,p<100M,0.50-0.55,>=1.00
798,3280793,3280792,1,14.003595719431765,0.0622083751076957,0.0622083751076957,0.0676751651816931,-0.4986461575026125,-0.506750987470234,-0.008104829967621508,0.0652142668669576,-0.0652142668669576,-0.06767516518169313,0.06767516518169313,0.12410469928544879,0.0016087204421329458,0.0016087204421329458,False,p<100M,0.50-0.55,>=1.00
602,3281137,3281136,1,14.003700566633828,0.0622079714330779,0.0622079714330779,0.0679109811235516,-0.5001662568893661,-0.5082707198659029,-0.008104462976536813,0.06521382118160565,-0.06521382118160565,-0.06791098112355165,0.06791098112355165,0.12410296478202273,0.0016086979584467153,0.0016086979584467153,False,p<100M,0.50-0.55,>=1.00
759,3281171,3281170,1,14.00371092884176,0.0622079315375862,0.0622079315375862,0.0668113902823667,-0.5001573473307053,-0.5082617740378367,-0.008104426707131449,0.06521377713417731,-0.06521377713417731,-0.0668113902823667,0.0668113902823667,0.12410279336039405,0.0016086957363755136,0.0016086957363755136,False,p<100M,0.50-0.55,0.50-1.00
1427,3281207,3281206,1,14.003721900474298,0.0622078892958069,0.0622078892958069,0.0669272457595592,-0.4975031406331143,-0.505607528937928,-0.008104388304813704,0.06521373049628576,-0.06521373049628576,-0.06692724575955923,0.06692724575955923,0.12410261185746337,0.001608693383624356,0.001608693383624356,False,p<100M,0.50-0.55,0.50-1.00
792,3281233,3281232,1,14.003729824356268,0.062207858788179,0.062207858788179,0.0668612257977394,-0.4998183960499975,-0.5079227566201765,-0.008104360570178961,0.06521369681372402,-0.06521369681372402,-0.06686122579773945,0.06686122579773945,0.12410248077349953,0.0016086916844344507,0.0016086916844344507,False,p<100M,0.50-0.55,0.50-1.00
1306,3281351,3281350,1,14.003765785800727,0.0622077203338946,0.0622077203338946,0.0683376306427934,-0.4949230255830174,-0.503027260284548,-0.008104234701530703,0.06521354395050419,-0.06521354395050419,-0.06833763064279343,0.06833763064279343,0.12410188586963539,0.0016086839729294643,0.0016086839729294643,False,p<100M,0.50-0.55,>=1.00
222,3281627,3281626,1,14.003849893960211,0.0622073965135036,0.0622073965135036,0.0684583966021968,-0.5109497249414049,-0.5190536652634173,-0.008103940322012502,0.06521318643028444,-0.06521318643028444,-0.06845839660219682,0.06845839660219682,0.12410049449981679,0.0016086659371493317,0.0016086659371493317,False,p<100M,0.50-0.55,>=1.00
261,3284137,3284136,1,14.004614466102092,0.0622044530282987,0.0622044530282987,0.0686459109048948,-0.5060534719265,-0.5141547367154579,-0.00810126478895795,0.06520993662802156,-0.06520993662802156,-0.06864591090489486,0.06864591090489486,0.12408784754195423,0.0016085019996049724,0.0016085019996049724,False,p<100M,0.50-0.55,>=1.00
557,3290149,3290148,1,14.00644341046985,0.0621974129969924,0.0621974129969924,0.0675498915325295,-0.501223072248781,-0.5093179403496201,-0.008094868100839026,0.06520216404108138,-0.06520216404108138,-0.06754989153252955,0.06754989153252955,0.12405760240876011,0.001608109943830094,0.001608109943830094,False,p<100M,0.50-0.55,>=1.00
943,3291163,3291162,1,14.006751555717493,0.0621962270303515,0.0621962270303515,0.0663088578637002,-0.4994295360035839,-0.507523326858885,-0.008093790855301089,0.06520085467794884,-0.06520085467794884,-0.06630885786370026,0.06630885786370026,0.12405250771948059,0.0016080439033752405,0.0016080439033752405,False,p<100M,0.50-0.55,0.25-0.50
152,3291539,3291538,1,14.006865794521072,0.0621957873679162,0.0621957873679162,0.0668271319376652,-0.5504824333772321,-0.55857582490041,-0.008093391523177864,0.06520036927061702,-0.06520036927061702,-0.06682713193766528,0.06682713193766528,0.12405061904314842,0.00160801942120622,0.00160801942120622,False,p<100M,0.50-0.55,0.50-1.00
923,3291647,3291646,1,14.006898605381958,0.0621956610923246,0.0621956610923246,0.0684103219780649,-0.4955900134071391,-0.5036832902405215,-0.008093276833382398,0.06520022985669274,-0.06520022985669274,-0.06841032197806493,0.06841032197806493,0.12405007659886842,0.0016080123897142058,0.0016080123897142058,False,p<100M,0.50-0.55,>=1.00
840,3293167,3293166,1,14.007360273707592,0.0621938843736947,0.0621938843736947,0.0681897010081382,-0.49711662591829997,-0.5052082891660765,-0.008091663247776574,0.06519826828304924,-0.06519826828304924,-0.06818970100813827,0.06818970100813827,0.12404244446247384,0.0016079134573296482,0.0016079134573296482,False,p<100M,0.50-0.55,>=1.00
599,3293281,3293280,1,14.007394890241423,0.0621937511569249,0.0621937511569249,0.0680363504019927,-0.49960736981492054,-0.5076989120864457,-0.00809154227152514,0.06519812120628088,-0.06519812120628088,-0.06803635040199271,0.06803635040199271,0.12404187222264747,0.0016079060396096763,0.0016079060396096763,False,p<100M,0.50-0.55,>=1.00
897,3437477,3437476,1,14.05024833002549,0.0620292697604796,0.0620292697604796,0.0654695768526705,-0.5063044656834227,-0.5142475904846624,-0.00794312480123977,0.0650165551354885,-0.0650165551354885,-0.06546957685267059,0.06546957685267059,0.12333649473668605,0.0015987625084813628,0.0015987625084813628,False,p<100M,0.50-0.55,0.10-0.25
407,3439063,3439062,1,14.050709608525468,0.0620275039719135,0.0620275039719135,0.0681046044048134,-0.5023217393944712,-0.510263281149191,-0.007941541754719767,0.06501460623935655,-0.06501460623935655,-0.06810460440481345,0.06810460440481345,0.12332893474743159,0.001598664511311828,0.001598664511311828,False,p<100M,0.50-0.55,>=1.00
1294,3439283,3439282,1,14.050773577392423,0.0620272591049753,0.0620272591049753,0.0679278337612325,-0.49544607894697273,-0.503387401193337,-0.007941322246364318,0.06501433598088063,-0.06501433598088063,-0.06792783376123251,0.06792783376123251,0.12332788640325011,0.001598650922038216,0.001598650922038216,False,p<100M,0.50-0.55,>=1.00
834,3439333,3439332,1,14.05078811520061,0.062027203455851,0.062027203455851,0.0667417119043933,-0.49953445707694993,-0.5074757294378351,-0.007941272360885198,0.06501427456122384,-0.06501427456122384,-0.06674171190439333,0.06674171190439333,0.12332764815442523,0.001598647833712334,0.001598647833712334,False,p<100M,0.50-0.55,0.50-1.00
392,3439379,3439378,1,14.050801489797482,0.0620271522594587,0.0620271522594587,0.0675932165846349,-0.5042592412756469,-0.5122004677428018,-0.0079412264671549,0.06501421805603114,-0.06501421805603114,-0.06759321658463499,0.06759321658463499,0.12332742896917516,0.0015986449925000797,0.0015986449925000797,False,p<100M,0.50-0.55,>=1.00
545,3439529,3439528,1,14.050845101370722,0.0620269853200418,0.0620269853200418,0.067250622654454,-0.5112537378382943,-0.5191948146580417,-0.007941076819747372,0.0650140338058985,-0.0650140338058985,-0.06725062265445407,0.06725062265445407,0.12332671425908781,0.0015986357279941074,0.0015986357279941074,False,p<100M,0.50-0.55,0.50-1.00
512,3440893,3440892,1,14.051241588684398,0.0620254676592705,0.0620254676592705,0.0667862835392073,-0.5029618317683795,-0.5109015482199443,-0.007939716451564861,0.0650123587745575,-0.0650123587745575,-0.06678628353920733,0.06678628353920733,0.12332021687701976,0.001598551504983912,0.001598551504983912,False,p<100M,0.50-0.55,0.50-1.00
494,3440929,3440928,1,14.05125205102998,0.0620254276128566,0.0620254276128566,0.067330432211459,-0.5026258751304027,-0.5105655556882047,-0.007939680557801984,0.06501231457568117,-0.06501231457568117,-0.06733043221145907,0.06733043221145907,0.12332004543370421,0.0015985492826315918,0.0015985492826315918,False,p<100M,0.50-0.55,>=1.00
362,3441017,3441016,1,14.051277625191709,0.062025329723603,0.062025329723603,0.0664152882950914,-0.518114601637265,-0.5260541944570047,-0.007939592819739789,0.06501220653618439,-0.06501220653618439,-0.06641528829509144,0.06641528829509144,0.12331962635909992,0.0015985438503321981,0.0015985438503321981,False,p<100M,0.50-0.55,0.50-1.00
221,3452881,3452880,1,14.05471951299229,0.062012158141505,0.062012158141505,0.0679598564990468,-0.5118702726059854,-0.5197980658591586,-0.007927793253173101,0.06499766935977369,-0.06499766935977369,-0.06795985649904689,0.06795985649904689,0.1232632448639907,0.0015978129991697323,0.0015978129991697323,False,p<100M,0.50-0.55,>=1.00
521,3452957,3452956,1,14.054741523355116,0.0620120739290835,0.0620120739290835,0.0671528393559398,-0.5024265478074655,-0.5103542656592217,-0.007927717851756116,0.06499757641759275,-0.06499757641759275,-0.06715283935593987,0.06715283935593987,0.12326288443711056,0.0015978083270977374,0.0015978083270977374,False,p<100M,0.50-0.55,0.50-1.00
115,3453551,3453550,1,14.054913535029169,0.0620114158142077,0.0620114158142077,0.0680235969848095,-0.5311583072734629,-0.5390854358848788,-0.00792712861141588,0.06499685008069155,-0.06499685008069155,-0.06802359698480959,0.06802359698480959,0.12326006774421833,0.001597771815414771,0.001597771815414771,False,p<100M,0.50-0.55,>=1.00
92,3453943,3453942,1,14.055027034946916,0.0620109815723074,0.0620109815723074,0.0687276505309807,-0.5253746316491715,-0.5333013714805417,-0.007926739831370223,0.06499637082455596,-0.06499637082455596,-0.06872765053098075,0.06872765053098075,0.12325820923479382,0.0015977477242875187,0.0015977477242875187,False,p<100M,0.50-0.55,>=1.00
1044,3454223,3454222,1,14.05510809843038,0.0620106714333952,0.0620106714333952,0.0663552024669976,-0.498818909516888,-0.5067453716866237,-0.007926462169735672,0.0649960285363692,-0.0649960285363692,-0.06635520246699765,0.06635520246699765,0.12325688188292883,0.0015977305183469588,0.0015977305183469588,False,p<100M,0.50-0.55,0.50-1.00
502,3454387,3454386,1,14.05515557541925,0.0620104897937103,0.0620104897937103,0.0679790673252031,-0.5010254583858808,-0.5089517579400872,-0.007926299554206474,0.06499582806784604,-0.06499582806784604,-0.06797906732520315,0.06797906732520315,0.1232561044939005,0.0015977204413585083,0.0015977204413585083,False,p<100M,0.50-0.55,>=1.00
613,3454541,3454540,1,14.055200155417774,0.0620103192384295,0.0620103192384295,0.0671373968539844,-0.5009779096528314,-0.5089040565170802,-0.00792614686424874,0.06499563983280318,-0.06499563983280318,-0.06713739685398447,0.06713739685398447,0.12325537454693676,0.0015977109793428956,0.0015977109793428956,False,p<100M,0.50-0.55,0.50-1.00
337,3454739,3454738,1,14.055257469638663,0.0620100999656106,0.0620100999656106,0.0678335682776829,-0.5050761524138792,-0.5130021029766847,-0.007925950562805534,0.0649953978302506,-0.0649953978302506,-0.06783356827768293,0.06783356827768293,0.12325443610103762,0.001597698814637526,0.001597698814637526,False,p<100M,0.50-0.55,>=1.00
816,3454793,3454792,1,14.055273100219722,0.0620100401663813,0.0620100401663813,0.0663843003850636,-0.49997107896679,-0.5078969759956137,-0.00792589702882367,0.06499533183227411,-0.06499533183227411,-0.06638430038506363,0.06638430038506363,0.12325418017244152,0.001597695497135718,0.001597695497135718,False,p<100M,0.50-0.55,0.50-1.00
570,3457007,3457006,1,14.055913743778772,0.0620075893010592,0.0620075893010592,0.0670021121055387,-0.50165671444357,-0.509580417602703,-0.007923703159133065,0.06499262691831409,-0.06499262691831409,-0.06700211210553876,0.06700211210553876,0.12324369122862282,0.0015975595330792825,0.0015975595330792825,False,p<100M,0.50-0.55,0.50-1.00
1369,3457109,3457108,1,14.055943248635216,0.0620074764310298,0.0620074764310298,0.0653525952476683,-0.49856539173955633,-0.5064889938742294,-0.007923602134673148,0.06499250234884901,-0.06499250234884901,-0.06535259524766833,0.06535259524766833,0.12324320819228368,0.0015975532716690577,0.0015975532716690577,False,p<100M,0.50-0.55,0.10-0.25
240,3458053,3458052,1,14.056216271886404,0.062006432007354,0.062006432007354,0.0681051918998026,-0.5090914479619623,-0.5170141153261778,-0.007922667364215505,0.06499134966768277,-0.06499134966768277,-0.06810519189980269,0.06810519189980269,0.12323873854922092,0.0015974953334426608,0.0015974953334426608,False,p<100M,0.50-0.55,>=1.00
147,3458821,3458820,1,14.056438337519856,0.0620055825428418,0.0620055825428418,0.0670028543786573,-0.5432278689349815,-0.5511497760755275,-0.007921907140545963,0.06499041215542233,-0.06499041215542233,-0.06700285437865733,0.06700285437865733,0.12323510330878605,0.001597448211249599,0.001597448211249599,False,p<100M,0.50-0.55,0.50-1.00
112,3459077,3459076,1,14.056512348440547,0.0620052994350594,0.0620052994350594,0.067178289113327,-0.5474948438672615,-0.5554164976532368,-0.00792165378597512,0.0649900997036011,-0.0649900997036011,-0.06717828911332703,0.06717828911332703,0.12323389177708076,0.0015974325066402503,0.0015974325066402503,False,p<100M,0.50-0.55,0.50-1.00
192,3459179,3459178,1,14.056541835640791,0.0620051866408554,0.0620051866408554,0.068254632757475,-0.5132744979748817,-0.5211960508223202,-0.007921552847438623,0.06498997521835746,-0.06498997521835746,-0.06825463275747502,0.06825463275747502,0.12323340908737354,0.0015974262497232786,0.0015974262497232786,False,p<100M,0.50-0.55,>=1.00
1005,3459227,3459226,1,14.05655571166946,0.062005133562522,0.062005133562522,0.0670937609135922,-0.4982404582073776,-0.5061619635557923,-0.00792150534841474,0.0649899166385012,-0.0649899166385012,-0.06709376091359229,0.06709376091359229,0.12323318194518212,0.001597423305368321,0.001597423305368321,False,p<100M,0.50-0.55,0.50-1.00
587,3459373,3459372,1,14.056597916739856,0.0620049721210069,0.0620049721210069,0.0670778427952545,-0.5012894895120092,-0.5092108503899848,-0.007921360877975592,0.06498973846374993,-0.06498973846374993,-0.06707784279525453,0.06707784279525453,0.1232324910775826,0.0015974143499231483,0.0015974143499231483,False,p<100M,0.50-0.55,0.50-1.00
310,3459473,3459472,1,14.056626823294508,0.0620048615490405,0.0620048615490405,0.0675533283624984,-0.5069785187007447,-0.5148997806313659,-0.0079212619306211,0.06498961643115185,-0.06498961643115185,-0.06755332836249847,0.06755332836249847,0.12323201790077346,0.0015974082163181357,0.0015974082163181357,False,p<100M,0.50-0.55,>=1.00
33,1197697,1197615,4,23.99169028406876,0.0612390577643984,0.0612390577643984,0.0726584885625681,-0.6606821858820323,-0.6855373047424573,-0.02485511886042503,0.0694315688925841,-0.0694315688925841,-0.07265848856256812,0.07265848856256812,0.23081179940704477,5.358581520020663e-05,0.004635173007151447,False,p<100M,0.55-0.60,0.25-0.50
225,30422863,30422680,3,31.461398013179057,0.0611802570819427,0.0611802570819427,0.0672912160005141,-0.5372192320666266,-0.5433498672139848,-0.006130635147358181,0.06575651561238693,-0.06575651561238693,-0.06729121600051413,0.06729121600051413,0.05340491906576336,-0.0020820235829078102,0.001408427717849579,False,p<100M,0.50-0.55,0.25-0.50
197,30786629,30786460,3,31.48517121172168,0.0611421036523717,0.0611421036523717,0.06834819426233,-0.5212226113518581,-0.5273212045220618,-0.006098593170203712,0.0657120551260068,-0.0657120551260068,-0.06834819426233005,0.06834819426233005,0.053331315737587745,-0.0020791541119354246,0.0014064866051329609,False,p<100M,0.50-0.55,0.50-1.00
182,30788077,30787786,3,31.485257351625947,0.0611419373783866,0.0611419373783866,0.0676460987104531,-0.5255596531576513,-0.5316581184384501,-0.0060984652807988165,0.0657118639213774,-0.0657118639213774,-0.06764609871045318,0.06764609871045318,0.053331024797074765,-0.0020791427694407663,0.001406478932268927,False,p<100M,0.50-0.55,0.50-1.00
173,30850439,30850276,3,31.489312639240573,0.0611354627286083,0.0611354627286083,0.0687690106203953,-0.5277589571172182,-0.5338519855844112,-0.006093028467192963,0.06570431687096066,-0.06570431687096066,-0.06876901062039532,0.06876901062039532,0.053318509885833885,-0.002078654867936612,0.0014061488812514102,False,p<100M,0.50-0.55,0.50-1.00
345,31018529,31018450,3,31.500185622358515,0.0611180498705839,0.0611180498705839,0.0692098295960013,-0.5074904093595639,-0.5135688585434924,-0.006078449183928521,0.06568402610130883,-0.06568402610130883,-0.06920982959600137,0.06920982959600137,0.05328492466844651,-0.002077345527601289,0.0014052631510245723,False,p<100M,0.50-0.55,>=1.00
513,33413579,33413518,3,31.64894233292109,0.0608805422645447,0.0608805422645447,0.0672557489636599,-0.5041742959584303,-0.510056580903124,-0.005882284944693704,0.06540739724407679,-0.06540739724407679,-0.0672557489636599,0.0672557489636599,0.05282837982076614,-0.0020595468462035497,0.0013932228665496057,False,p<100M,0.50-0.55,0.50-1.00
328,33489013,33488866,3,31.65344728612889,0.0608733598856568,0.0608733598856568,0.0671490711147243,-0.5102387937678537,-0.5161152285194516,-0.005876434751597822,0.06539903661876094,-0.06539903661876094,-0.06714907111472432,0.06714907111472432,0.05281462968959442,-0.0020590107888914452,0.0013928602395443584,False,p<100M,0.50-0.55,0.50-1.00
315,33926539,33926350,3,31.67940523101436,0.0608321023847929,0.0608321023847929,0.0662381750517639,-0.5318848400880953,-0.5377277163855132,-0.0058428762974178546,0.06535100599393698,-0.06535100599393698,-0.06623817505176396,0.06623817505176396,0.052735587359592585,-0.002055929275091025,0.0013907756860911287,False,p<100M,0.50-0.55,0.25-0.50
417,4991237,4991236,1,14.4231943327982,0.0606335217054048,0.0606335217054048,0.0657125416893429,-0.5085781544425456,-0.5153369354061117,-0.006758780963566065,0.06347808356695397,-0.06347808356695397,-0.065712541689343,0.065712541689343,0.1174438478493388,0.0015223784427648597,0.0015223784427648597,False,p<100M,0.50-0.55,>=1.00
646,4994851,4994850,1,14.423918139790043,0.0606308735906759,0.0606308735906759,0.0655616696833343,-0.5009897545858036,-0.5077464138285975,-0.006756659242793886,0.06347516848173977,-0.06347516848173977,-0.06556166968333438,0.06556166968333438,0.11743282539928769,0.0015222355630768083,0.0015222355630768083,False,p<100M,0.50-0.55,0.50-1.00
386,4995779,4995778,1,14.42410391386088,0.0606301939561755,0.0606301939561755,0.0665766157119201,-0.502885747711376,-0.5096418624930515,-0.006756114781675554,0.06347442033200343,-0.06347442033200343,-0.06657661571192013,0.06657661571192013,0.1174299966005755,0.0015221988944708557,0.0015221988944708557,False,p<100M,0.50-0.55,>=1.00
151,39670973,39670780,3,31.992251009850825,0.0603392852582274,0.0603392852582274,0.0668468275799452,-0.5438574270112133,-0.5493104089639895,-0.005452981952776162,0.06477774856330634,-0.06477774856330634,-0.06684682757994523,0.06684682757994523,0.051796849327275366,-0.0020193319961203924,0.001366018703258014,False,p<100M,0.50-0.55,0.50-1.00
198,40839853,40839496,3,32.05032051862896,0.0602486503662876,0.0602486503662876,0.0664294699592638,-0.5233309086333897,-0.5287143757159969,-0.005383467082607206,0.06467241708001675,-0.06467241708001675,-0.06642946995926381,0.06642946995926381,0.05162534016398638,-0.0020126456060106674,0.001361495557007312,False,p<100M,0.50-0.55,0.50-1.00
499,7047823,7047822,1,14.768229332775425,0.0593967349560759,0.0593967349560759,0.0635363577559428,-0.5123148557963234,-0.518132632168036,-0.005817776371712522,0.06211817135455075,-0.06211817135455075,-0.06353635775594281,0.06353635775594281,0.11236034857759608,0.0014564830395842703,0.0014564830395842703,False,p<100M,0.50-0.55,0.50-1.00
1279,7048673,7048672,1,14.76834993012118,0.0593963114457756,0.0593963114457756,0.0645048251789462,-0.497433859001093,-0.5032513300030508,-0.005817471001957785,0.06211770621697162,-0.06211770621697162,-0.06450482517894623,0.06450482517894623,0.11235862990594689,0.0014564607611191414,0.0014564607611191414,False,p<100M,0.50-0.55,>=1.00
385,7048859,7048858,1,14.76837631771867,0.0593962187793685,0.0593962187793685,0.0650198321388196,-0.5040149461356735,-0.5098323503225445,-0.005817404186870987,0.06211760444233314,-0.06211760444233314,-0.06501983213881969,0.06501983213881969,0.11235825385304708,0.0014564558864931946,0.0014564558864931946,False,p<100M,0.50-0.55,>=1.00
397,7049759,7049758,1,14.76850398980699,0.0593957704321283,0.0593957704321283,0.0639775221679599,-0.5095396620268929,-0.5153567429504584,-0.005817080923565426,0.062117112027046666,-0.062117112027046666,-0.0639775221679599,0.0639775221679599,0.11235643440906622,0.001456432301755935,0.001456432301755935,False,p<100M,0.50-0.55,0.50-1.00
550,7049821,7049820,1,14.768512784395195,0.0593957395483403,0.0593957395483403,0.0635646765148008,-0.5070205021266616,-0.5128375607831431,-0.005817058656481525,0.06211707810770557,-0.06211707810770557,-0.06356467651480083,0.06356467651480083,0.11235630907977094,0.0014564306771615364,0.0014564306771615364,False,p<100M,0.50-0.55,0.50-1.00
778,7049899,7049898,1,14.768523848444696,0.0593957006949737,0.0593957006949737,0.0630278233070192,-0.5053240184250596,-0.5111410490685095,-0.005817030643450013,0.06211703543546328,-0.06211703543546328,-0.06302782330701921,0.06302782330701921,0.1123561514092951,0.0014564286333411244,0.0014564286333411244,False,p<100M,0.50-0.55,0.25-0.50
609,7050133,7050132,1,14.768557039858733,0.0593955841377564,0.0593955841377564,0.0632807219153433,-0.5067814994678534,-0.5125984460748602,-0.005816946607006623,0.0621169074219218,-0.0621169074219218,-0.06328072191534334,0.06328072191534334,0.1123556784103255,0.0014564225020413759,0.0014564225020413759,False,p<100M,0.50-0.55,0.50-1.00
496,7051189,7051188,1,14.768706813050487,0.0593950581897329,0.0593950581897329,0.0641413382477075,-0.5036107352211447,-0.5094273026362233,-0.0058165674150785635,0.062116329779191876,-0.062116329779191876,-0.06414133824770755,0.06414133824770755,0.11235354408328771,0.0014563948355988026,0.0014563948355988026,False,p<100M,0.50-0.55,0.50-1.00
349,7051327,7051326,1,14.768726384026335,0.0593949894643927,0.0593949894643927,0.0640096837074059,-0.5182384845282292,-0.5240550023957984,-0.005816517867569178,0.06211625429897413,-0.06211625429897413,-0.06400968370740587,0.06400968370740587,0.1123532651936577,0.0014563912204621358,0.0014563912204621358,False,p<100M,0.50-0.55,0.50-1.00
201,7051567,7051566,1,14.768760419593791,0.0593948699456424,0.0593948699456424,0.0648470887681662,-0.5174163071457758,-0.5232327388470559,-0.0058164317012800995,0.062116123032985825,-0.062116123032985825,-0.0648470887681662,0.0648470887681662,0.1123527801836877,0.0014563849334685098,0.0014563849334685098,False,p<100M,0.50-0.55,>=1.00
1039,7055563,7055562,1,14.769326941644254,0.059392880626198,0.059392880626198,0.0636332271852552,-0.4992169655276423,-0.5050319631742565,-0.005814997646614238,0.062113938191919495,-0.062113938191919495,-0.06363322718525521,0.06363322718525521,0.11234470765347723,0.0014562802924319971,0.0014562802924319971,False,p<100M,0.50-0.55,0.50-1.00
968,7055803,7055802,1,14.769360956777874,0.0593927611876397,0.0593927611876397,0.0640608430714085,-0.49918469295758006,-0.5049996045116457,-0.005814911554065665,0.06211380701451712,-0.06211380701451712,-0.06406084307140852,0.06406084307140852,0.11234422299006805,0.0014562740099307028,0.0014562740099307028,False,p<100M,0.50-0.55,0.50-1.00
341,7102457,7102456,1,14.775951338485887,0.0593696291556837,0.0593696291556837,0.0646932136535411,-0.5061071958148298,-0.5119054505591927,-0.005798254744362829,0.06208840203120991,-0.06208840203120991,-0.0646932136535411,0.0646932136535411,0.11225037931020464,0.0014550575511903772,0.0014550575511903772,False,p<100M,0.50-0.55,>=1.00
860,7102489,7102488,1,14.77595584395884,0.0593696133477467,0.0593696133477467,0.0636864195243564,-0.5000462667383359,-0.5058445101113509,-0.005798243373015096,0.062088384670358654,-0.062088384670358654,-0.0636864195243564,0.0636864195243564,0.11225031519478992,0.0014550567200874544,0.0014550567200874544,False,p<100M,0.50-0.55,0.50-1.00
890,7102801,7102800,1,14.775999771256355,0.0593694592245316,0.0593694592245316,0.064466073133591,-0.4989012322565828,-0.5046993647627857,-0.00579813250620292,0.06208821540666229,-0.06208821540666229,-0.06446607313359105,0.06446607313359105,0.11224969008751326,0.0014550486170675021,0.0014550486170675021,False,p<100M,0.50-0.55,>=1.00
257,7103077,7103076,1,14.776038628411124,0.0593693228910712,0.0593693228910712,0.0630835742905236,-0.5513570818682024,-0.557155116305705,-0.005798034437502544,0.06208806568035948,-0.06208806568035948,-0.06308357429052365,0.06308357429052365,0.11224913713524028,0.0014550414493645046,0.0014550414493645046,False,p<100M,0.50-0.55,0.25-0.50
1212,7103101,7103100,1,14.776042007222792,0.0593693110362675,0.0593693110362675,0.0628547651992971,-0.49916107201882187,-0.504959097928868,-0.005798025910046049,0.06208805266098926,-0.06208805266098926,-0.06285476519929718,0.06285476519929718,0.11224908905364248,0.0014550408261016488,0.0014550408261016488,False,p<100M,0.50-0.55,0.25-0.50
909,7103477,7103476,1,14.776094940448528,0.0593691253168531,0.0593691253168531,0.0625995472242675,-0.5049037195864364,-0.5107016119050294,-0.005797892318592943,0.06208784869732441,-0.06208784869732441,-0.06259954722426758,0.06259954722426758,0.11224833580051818,0.0014550310619774367,0.0014550310619774367,False,p<100M,0.50-0.55,0.25-0.50
277,7103683,7103682,1,14.776123939910772,0.0593690235709812,0.0593690235709812,0.0630902209402763,-0.5369381365050699,-0.5427359556368752,-0.005797819131805244,0.06208773695641923,-0.06208773695641923,-0.06309022094027633,0.06309022094027633,0.11224792313408673,0.0014550257127446686,0.0014550257127446686,False,p<100M,0.50-0.55,0.25-0.50
244,7108399,7108398,1,14.776787600614824,0.0593666951834059,0.0593666951834059,0.0646375517059872,-0.5139134910948473,-0.5197096355736931,-0.0057961444788458515,0.06208517984480417,-0.06208517984480417,-0.06463755170598724,0.06463755170598724,0.11223847977074165,0.0014549033021369869,0.0014549033021369869,False,p<100M,0.50-0.55,>=1.00
977,7108573,7108572,1,14.776812078400951,0.0593666093090015,0.0593666093090015,0.0629207767537194,-0.4999347885066158,-0.5057308712283117,-0.005796082721695946,0.062085085534928065,-0.062085085534928065,-0.06292077675371946,0.06292077675371946,0.11223813149412425,0.0014548987875640726,0.0014548987875640726,False,p<100M,0.50-0.55,0.25-0.50
844,7108613,7108612,1,14.776817705393524,0.0593665895680912,0.0593665895680912,0.0639845617092927,-0.4998296832986658,-0.5056257518236204,-0.005796068524954541,0.06208506385486241,-0.06208506385486241,-0.06398456170929279,0.06398456170929279,0.11223805143196831,0.0014548977497498108,0.0014548977497498108,False,p<100M,0.50-0.55,0.50-1.00
1290,7112603,7112602,1,14.77737883885844,0.0593646210358404,0.0593646210358404,0.0644944161361092,-0.49740139660069355,-0.5031960495727258,-0.005794652972032215,0.06208290195718853,-0.06208290195718853,-0.06449441613610926,0.06449441613610926,0.112230067925029,0.0014547942626869747,0.0014547942626869747,False,p<100M,0.50-0.55,>=1.00
180,7112887,7112886,1,14.777418767184288,0.0593644809668104,0.0593644809668104,0.0641352518065375,-0.5287972345238069,-0.5345917867828507,-0.00579455225904384,0.06208274812972674,-0.06208274812972674,-0.06413525180653763,0.06413525180653763,0.11222949987861817,0.0014547868993246005,0.0014547868993246005,False,p<100M,0.50-0.55,0.50-1.00
887,7113299,7113298,1,14.77747668854144,0.0593642777791867,0.0593642777791867,0.0652555822922497,-0.49587771315393175,-0.5016721193184085,-0.00579440616447677,0.06208252498385044,-0.06208252498385044,-0.06525558229224972,0.06525558229224972,0.11222867585927183,0.001454776217885664,0.001454776217885664,False,p<100M,0.50-0.55,>=1.00
1372,7113889,7113888,1,14.777559628332542,0.0593639868295205,0.0593639868295205,0.0641203855136659,-0.4978441910578205,-0.5036383880302095,-0.005794196972389101,0.062082205455586,-0.062082205455586,-0.0641203855136659,0.0641203855136659,0.11222749593047616,0.0014547609229324124,0.0014547609229324124,False,p<100M,0.50-0.55,>=1.00
236,7114039,7114038,1,14.777580713623388,0.059363912863566,0.059363912863566,0.0641316326651891,-0.5198848985223411,-0.5256790423142449,-0.005794143791903879,0.06208212422433712,-0.06208212422433712,-0.06413163266518913,0.06413163266518913,0.11222719596714789,0.0014547570346256772,0.0014547570346256772,False,p<100M,0.50-0.55,0.50-1.00
1066,7114117,7114116,1,14.77759167779893,0.0593638744019584,0.0593638744019584,0.06364220805078,-0.49913093522636537,-0.5049250513650485,-0.005794116138683159,0.06208208198484801,-0.06208208198484801,-0.06364220805078005,0.06364220805078005,0.11222703998919198,0.001454755012744736,0.001454755012744736,False,p<100M,0.50-0.55,0.50-1.00
245,7114351,7114350,1,14.77762456960429,0.0593637590199632,0.0593637590199632,0.0631548657549673,-0.5429470910855525,-0.5487411242671673,-0.0057940331816147255,0.0620819552695042,-0.0620819552695042,-0.0631548657549673,0.0631548657549673,0.11222657206753603,0.0014547489472602091,0.0014547489472602091,False,p<100M,0.50-0.55,0.25-0.50
594,7117519,7117518,1,14.778069767607407,0.0593621973425256,0.0593621973425256,0.0629010542370778,-0.5116032264170682,-0.5173961368703013,-0.005792910453233099,0.062080240199606014,-0.062080240199606014,-0.06290105423707791,0.06290105423707791,0.11222023893025979,0.0014546668532906997,0.0014546668532906997,False,p<100M,0.50-0.55,0.25-0.50
262,7118317,7118316,1,14.77818187904236,0.0593618040879245,0.0593618040879245,0.0645287401420676,-0.5135664963448529,-0.5193591241019386,-0.005792627757085761,0.062079808319185116,-0.062079808319185116,-0.06452874014206766,0.06452874014206766,0.11221864418031764,0.0014546461811739565,0.0014546461811739565,False,p<100M,0.50-0.55,>=1.00
934,7118443,7118442,1,14.778199579698969,0.0593617419995965,0.0593617419995965,0.0639860467502799,-0.4993532492475733,-0.5051458323725554,-0.005792583124982093,0.062079740132514584,-0.062079740132514584,-0.06398604675027988,0.06398604675027988,0.11221839239714532,0.0014546429174076476,0.0014546429174076476,False,p<100M,0.50-0.55,0.50-1.00
720,7118591,7118590,1,14.778220370546276,0.0593616690720179,0.0593616690720179,0.0652064611469634,-0.49746992736731105,-0.503262458068721,-0.005792530701410017,0.06207966004196716,-0.06207966004196716,-0.0652064611469634,0.0652064611469634,0.1122180966586058,0.0014546390838651886,0.0014546390838651886,False,p<100M,0.50-0.55,>=1.00
60,3291137,3290975,8,37.02008815604045,0.0581191865376321,0.0581191865376321,0.0730965487832678,-0.5496588474414532,-0.5735686972058855,-0.023909849764432344,0.06809761570439705,-0.06809761570439705,-0.07309654878326784,0.07309654878326784,0.1302102603582425,-0.000612474318555047,0.002600955962721254,False,p<100M,0.55-0.60,0.50-1.00
560,12421481,12421480,1,15.334937870516908,0.0574707740894504,0.0574707740894504,0.0622752181913237,-0.502313996549119,-0.5068570485890157,-0.004543052039896647,0.060006656261284486,-0.060006656261284486,-0.06227521819132375,0.06227521819132375,0.10469934367698276,0.001357176443928691,0.001357176443928691,False,p<100M,0.50-0.55,>=1.00
229,12421837,12421836,1,15.334966530134755,0.0574706798325747,0.0574706798325747,0.0618751942454069,-0.5226600103482606,-0.5272030054191834,-0.00454299507092282,0.0600065531060309,-0.0600065531060309,-0.06187519424540699,0.06187519424540699,0.10469897628834551,0.0013571716816141747,0.0013571716816141747,False,p<100M,0.50-0.55,0.50-1.00
296,12422077,12422076,1,15.334985850761935,0.0574706162903115,0.0574706162903115,0.0608018746772307,-0.5411757171553494,-0.5457186738215389,-0.004542956666189464,0.06000648356503187,-0.06000648356503187,-0.06080187467723071,0.06080187467723071,0.10469872861764544,0.0013571684711562273,0.0013571684711562273,False,p<100M,0.50-0.55,0.25-0.50
752,12422119,12422118,1,15.334989231833312,0.0574706051705561,0.0574706051705561,0.0619481415866009,-0.5006657825619218,-0.5052087325073922,-0.0045429499454703575,0.060006471395512455,-0.060006471395512455,-0.061948141586600905,0.061948141586600905,0.10469868527585528,0.0013571679093336354,0.0013571679093336354,False,p<100M,0.50-0.55,>=1.00
480,12422209,12422208,1,15.334996476947772,0.0574705813426497,0.0574705813426497,0.0626318690183186,-0.5030047464643,-0.5075476820083382,-0.004542935544038178,0.06000644531812415,-0.06000644531812415,-0.06263186901831864,0.06263186901831864,0.10469859240117466,0.0013571667054356514,0.0013571667054356514,False,p<100M,0.50-0.55,>=1.00
1086,12772057,12772056,1,15.362770295694418,0.0573793824249436,0.0573793824249436,0.06227170973379,-0.49848330696259696,-0.5029713627015743,-0.004488055738977309,0.05990664506318454,-0.05990664506318454,-0.06227170973379007,0.06227170973379007,0.10434346771394482,0.0013525633636835496,0.0013525633636835496,False,p<100M,0.50-0.55,>=1.00
1035,12772339,12772338,1,15.362792374901147,0.057379310039601,0.057379310039601,0.0617667099828097,-0.4993186319735008,-0.5038066443444013,-0.004488012370900502,0.05990656585750024,-0.05990656585750024,-0.061766709982809705,0.061766709982809705,0.1043431861214895,0.001352559713511221,0.001352559713511221,False,p<100M,0.50-0.55,0.50-1.00
965,12772481,12772480,1,15.36280349261503,0.0573792735909179,0.0573792735909179,0.0615028587662349,-0.49988829685237784,-0.5043762873859704,-0.0044879905335925285,0.05990652597452841,-0.05990652597452841,-0.0615028587662349,0.0615028587662349,0.10434304432949218,0.0013525578755172855,0.0013525578755172855,False,p<100M,0.50-0.55,0.50-1.00
615,12772597,12772596,1,15.362812574599436,0.0573792438162723,0.0573792438162723,0.0613475132513681,-0.5118378462238974,-0.5163258189188195,-0.004487972694922065,0.0599064933944401,-0.0599064933944401,-0.06134751325136816,0.06134751325136816,0.10434292850079413,0.001352556374075395,0.001352556374075395,False,p<100M,0.50-0.55,0.50-1.00
967,12772691,12772690,1,15.362819934078022,0.0573792196887631,0.0573792196887631,0.0621562171320395,-0.49911100636877853,-0.5035989646083963,-0.004487958239617712,0.05990646699357838,-0.05990646699357838,-0.062156217132039525,0.062156217132039525,0.10434283464052084,0.0013525551574015606,0.0013525551574015606,False,p<100M,0.50-0.55,>=1.00
689,12776207,12776206,1,15.36309517099996,0.057378317359259,0.057378317359259,0.0616763461067941,-0.5015689105087973,-0.5060563281676645,-0.004487417658867284,0.05990547964520548,-0.05990547964520548,-0.061676346106794136,0.061676346106794136,0.10433932445387249,0.0013525096562315856,0.0013525096562315856,False,p<100M,0.50-0.55,0.50-1.00
801,12776243,12776242,1,15.363097988733678,0.0573783081218207,0.0573783081218207,0.0615826442165738,-0.5006790650558869,-0.5051664771808971,-0.004487412125010258,0.0599054695374101,-0.0599054695374101,-0.061582644216573806,0.061582644216573806,0.1043392885193071,0.0013525091904259372,0.0013525091904259372,False,p<100M,0.50-0.55,0.50-1.00
250,12777763,12777762,1,15.363216952468896,0.0573779181230985,0.0573779181230985,0.0613798520197853,-0.5310495605784249,-0.535536739072015,-0.004487178493590154,0.05990504279292246,-0.05990504279292246,-0.06137985201978535,0.06137985201978535,0.10433777139142114,0.0013524895244934017,0.0013524895244934017,False,p<100M,0.50-0.55,0.50-1.00
348,12783283,12783282,1,15.363648859683163,0.0573765022463558,0.0573765022463558,0.0626209646339798,-0.5059771543546078,-0.5104634847310867,-0.0044863303764789515,0.05990349351451766,-0.05990349351451766,-0.06262096463397983,0.06262096463397983,0.10433226361722589,0.001352418129381133,0.001352418129381133,False,p<100M,0.50-0.55,>=1.00
317,12783493,12783492,1,15.36366528725307,0.0573764483949254,0.0573764483949254,0.0614653493746613,-0.5179689625079356,-0.522455260629422,-0.004486298121486465,0.059903434589369677,-0.059903434589369677,-0.061465349374661374,0.061465349374661374,0.10433205413791136,0.0013524154139831067,0.0013524154139831067,False,p<100M,0.50-0.55,0.50-1.00
364,12783557,12783556,1,15.36367029369691,0.0573764319832568,0.0573764319832568,0.0625314742892232,-0.5059207132813243,-0.5104070015728682,-0.004486288291543932,0.05990341663144509,-0.05990341663144509,-0.06253147428922326,0.06253147428922326,0.10433199029740609,0.001352414586443727,0.001352414586443727,False,p<100M,0.50-0.55,>=1.00
389,12783647,12783646,1,15.363677333966155,0.0573764089045026,0.0573764089045026,0.0620305679197299,-0.5085069257652696,-0.5129932002335759,-0.004486274468306313,0.05990339137828413,-0.05990339137828413,-0.06203056791972995,0.06203056791972995,0.1043319005223354,0.0013524134227247686,0.0013524134227247686,False,p<100M,0.50-0.55,>=1.00
1344,12783679,12783678,1,15.363679837161056,0.057376400698767,0.057376400698767,0.0616775499862131,-0.4985692381152127,-0.5030555076686236,-0.004486269553410908,0.059903382399430646,-0.059903382399430646,-0.06167754998621317,0.06167754998621317,0.1043318686024905,0.001352413008960364,0.001352413008960364,False,p<100M,0.50-0.55,0.50-1.00
457,12783817,12783816,1,15.363690632117276,0.057376365311794,0.057376365311794,0.0622910070873101,-0.5041660080448684,-0.5086522564029942,-0.00448624835812568,0.05990334367841135,-0.05990334367841135,-0.06229100708731015,0.06229100708731015,0.10433173094924249,0.0013524112246154094,0.0013524112246154094,False,p<100M,0.50-0.55,>=1.00
218,12784091,12784090,1,15.3637120652357,0.0573762950519638,0.0573762950519638,0.0613983378884961,-0.5310529194906517,-0.535539125766354,-0.00448620627570225,0.059903266798934415,-0.059903266798934415,-0.06139833788849615,0.06139833788849615,0.10433145764293257,0.0013524076818531268,0.0013524076818531268,False,p<100M,0.50-0.55,0.50-1.00
203,12784609,12784608,1,15.363752583525644,0.0573761622295676,0.0573761622295676,0.0615986076879811,-0.5316758163420611,-0.5361619430640019,-0.004486126721940838,0.05990312146248465,-0.05990312146248465,-0.06159860768798114,0.06159860768798114,0.10433094097329998,0.001352400984467737,0.001352400984467737,False,p<100M,0.50-0.55,0.50-1.00
1224,12784633,12784632,1,15.363754460781138,0.0573761560757795,0.0573761560757795,0.0605715274214732,-0.4994573244098209,-0.503943447445985,-0.004486123036164042,0.059903114728909336,-0.059903114728909336,-0.06057152742147325,0.06057152742147325,0.10433091703553911,0.0013524006741719508,0.0013524006741719508,False,p<100M,0.50-0.55,0.25-0.50
498,12784687,12784686,1,15.363758684593112,0.0573761422298032,0.0573761422298032,0.0623343985337305,-0.5034217119098988,-0.5079078266531007,-0.004486114743201945,0.05990309957841611,-0.05990309957841611,-0.062334398533730524,0.062334398533730524,0.10433086317577152,0.001352399976008951,0.001352399976008951,False,p<100M,0.50-0.55,>=1.00
648,12784897,12784896,1,15.363775110358976,0.0573760883849591,0.0573760883849591,0.0624796157859059,-0.500865502145977,-0.5053515846392475,-0.0044860824932703375,0.059903040660513975,-0.059903040660513975,-0.062479615785905974,0.062479615785905974,0.10433065372367879,0.0013523972609637903,0.0013523972609637903,False,p<100M,0.50-0.55,>=1.00
1426,12785053,12785052,1,15.36378731218182,0.0573760483865698,0.0573760483865698,0.0615266506044893,-0.4984841349781043,-0.5029701935147722,-0.004486058536668015,0.059902996893631676,-0.059902996893631676,-0.061526650604489364,0.061526650604489364,0.10433049813333102,0.0013523952441072613,0.0013523952441072613,False,p<100M,0.50-0.55,0.50-1.00
312,12785933,12785932,1,15.363856140188712,0.0573758227648104,0.0573758227648104,0.0626516042594357,-0.5072045907548539,-0.5116905141595373,-0.004485923404683297,0.05990275001472292,-0.05990275001472292,-0.06265160425943572,0.06265160425943572,0.10432962048626772,0.001352383867513306,0.001352383867513306,False,p<100M,0.50-0.55,>=1.00
528,12787051,12787050,1,15.363943576211096,0.0573755361475623,0.0573755361475623,0.0623841782535297,-0.5025242587809765,-0.5070100105257793,-0.004485751744802781,0.05990243639373076,-0.05990243639373076,-0.06238417825352976,0.06238417825352976,0.10432850557865163,0.0013523694154040512,0.0013523694154040512,False,p<100M,0.50-0.55,>=1.00
611,12787499,12787498,1,15.363978611040649,0.0573754213034026,0.0573754213034026,0.0624350554689092,-0.5012345900028244,-0.5057202729668594,-0.004485682964035031,0.059902310729533656,-0.059902310729533656,-0.06243505546890922,0.06243505546890922,0.10432805885018977,0.00135236362463857,0.00135236362463857,False,p<100M,0.50-0.55,>=1.00
673,12799261,12799260,1,15.364897992848151,0.0573724077336704,0.0573724077336704,0.0616151003010251,-0.5017687351706437,-0.5062526135633438,-0.0044838783927001165,0.05989901324591329,-0.05989901324591329,-0.06161510030102519,0.06161510030102519,0.10431633685533977,0.0013522116770262205,0.0013522116770262205,False,p<100M,0.50-0.55,0.50-1.00
141,12799573,12799572,1,15.36492236895841,0.0573723278374118,0.0573723278374118,0.0616477751710293,-0.541539735364495,-0.5460235659212147,-0.004483830556719725,0.05989892582272951,-0.05989892582272951,-0.061647775171029366,0.061647775171029366,0.10431602609008495,0.001352207648698357,0.001352207648698357,False,p<100M,0.50-0.55,0.50-1.00
569,12801863,12801862,1,15.365101265173926,0.0573717414857354,0.0573717414857354,0.0618257782739292,-0.5027130178063173,-0.5071964973101891,-0.004483479503871817,0.059898284232000595,-0.059898284232000595,-0.061825778273929266,0.061825778273929266,0.10431374542710807,0.001352178085360517,0.001352178085360517,False,p<100M,0.50-0.55,>=1.00
775,12802243,12802242,1,15.365130947913094,0.0573716441985041,0.0573716441985041,0.0616732137971503,-0.5007741753394843,-0.5052575965987246,-0.004483421259240279,0.059898177779595226,-0.059898177779595226,-0.06167321379715038,0.06167321379715038,0.10431336702318345,0.0013521731802591593,0.0013521731802591593,False,p<100M,0.50-0.55,0.50-1.00
387,12802553,12802552,1,15.365155162126715,0.0573715648349869,0.0573715648349869,0.061787082836556,-0.5091028080328652,-0.5135861817785778,-0.00448337374571256,0.05989809093946281,-0.05989809093946281,-0.06178708283655603,0.06178708283655603,0.10431305833508864,0.0013521691788567047,0.0013521691788567047,False,p<100M,0.50-0.55,0.50-1.00
251,12802759,12802758,1,15.365171252537955,0.0573715120978332,0.0573715120978332,0.0619768263150305,-0.5195641351352475,-0.5240474773083634,-0.004483342173115976,0.05989803323409752,-0.05989803323409752,-0.06197682631503051,0.06197682631503051,0.10431285321176237,0.0013521665199236422,0.0013521665199236422,False,p<100M,0.50-0.55,>=1.00
205,12807857,12807856,1,15.365569368699422,0.0573702072822844,0.0573702072822844,0.0621526059796389,-0.5205831917855427,-0.525065752844702,-0.0044825610591593,0.05989660549747715,-0.05989660549747715,-0.062152605979638974,0.062152605979638974,0.10430777815123074,0.0013521007339085333,0.0013521007339085333,False,p<100M,0.50-0.55,>=1.00
391,12807943,12807942,1,15.36557608330525,0.0573701852758419,0.0573701852758419,0.0627475897600344,-0.5040711660230388,-0.5085537139091153,-0.0044825478860765445,0.05989658141793067,-0.05989658141793067,-0.06274758976003443,0.06274758976003443,0.10430769255870803,0.0013520996244063004,0.0013520996244063004,False,p<100M,0.50-0.55,>=1.00
760,12808039,12808038,1,15.365583578625944,0.057370160710705,0.057370160710705,0.0611901506330895,-0.5043727153404496,-0.5088552485218388,-0.004482533181389305,0.05989655453865141,-0.05989655453865141,-0.06119015063308951,0.06119015063308951,0.10430759701436965,0.001352098385902592,0.001352098385902592,False,p<100M,0.50-0.55,0.50-1.00
765,12808583,12808582,1,15.36562605104874,0.0573700215121359,0.0573700215121359,0.0624356832554669,-0.4995749530225053,-0.504057402880308,-0.004482449857802729,0.059896402226996784,-0.059896402226996784,-0.062435683255466896,0.062435683255466896,0.10430705561245825,0.0013520913679223921,0.0013520913679223921,False,p<100M,0.50-0.55,>=1.00
1023,12828757,12828756,1,15.367199849591334,0.057364864039046,0.057364864039046,0.0619647852683792,-0.4991380663696333,-0.5036174297750945,-0.004479363405461144,0.05989075892576755,-0.05989075892576755,-0.06196478526837922,0.06196478526837922,0.10428699715392646,0.0013518313580076706,0.0013518313580076706,False,p<100M,0.50-0.55,>=1.00
864,12830303,12830302,1,15.367320352836725,0.0573644691775874,0.0573644691775874,0.061618925562123,-0.5002676347864412,-0.5047467619530013,-0.00447912716656008,0.05989032687099888,-0.05989032687099888,-0.06161892556212302,0.06161892556212302,0.1042854615482101,0.0013518114525542819,0.0013518114525542819,False,p<100M,0.50-0.55,0.50-1.00
1128,12830347,12830346,1,15.367323782212054,0.0573644579403913,0.0573644579403913,0.0604191265689465,-0.5032726106684156,-0.5077517311120834,-0.004479120443667771,0.05989031457533751,-0.05989031457533751,-0.06041912656894656,0.06041912656894656,0.10428541784724148,0.0013518108860758006,0.0013518108860758006,False,p<100M,0.50-0.55,0.25-0.50
439,12830437,12830436,1,15.367330796806776,0.057364434955351,0.057364434955351,0.0626960586435312,-0.5031412694892433,-0.5076203761816431,-0.004479106692399842,0.05989028942527035,-0.05989028942527035,-0.06269605864353128,0.06269605864353128,0.10428532845944893,0.0013518097273769764,0.0013518097273769764,False,p<100M,0.50-0.55,>=1.00
1388,12836827,12836826,1,15.36782870730725,0.0573628034762886,0.0573628034762886,0.0603526687466683,-0.4991938759159623,-0.5036720066204706,-0.004478130704508286,0.05988850427520446,-0.05988850427520446,-0.06035266874666836,0.06035266874666836,0.10427898382189969,0.0013517274843339476,0.0013517274843339476,False,p<100M,0.50-0.55,0.10-0.25
216,12837191,12837190,1,15.367857062822154,0.0573627105679347,0.0573627105679347,0.062888385067126,-0.5126135882964079,-0.5170916634256336,-0.004478075129225703,0.05988840261586013,-0.05988840261586013,-0.062888385067126,0.062888385067126,0.10427862251843677,0.0013517228008991546,0.0013517228008991546,False,p<100M,0.50-0.55,>=1.00
438,12837337,12837336,1,15.367868435962098,0.0573626733033204,0.0573626733033204,0.0612899637796794,-0.5117024544636635,-0.516180507302337,-0.004478052838673611,0.05988836184131513,-0.05988836184131513,-0.061289963779679435,0.061289963779679435,0.10427847760342111,0.0013517209224227602,0.0013517209224227602,False,p<100M,0.50-0.55,0.50-1.00
742,12837437,12837436,1,15.367876225709342,0.0573626477798844,0.0573626477798844,0.0627022450990248,-0.49906852959658693,-0.5035465671679682,-0.004478037571381248,0.05988833391384475,-0.05988833391384475,-0.06270224509902483,0.06270224509902483,0.10427837834768644,0.0013517196358096802,0.0013517196358096802,False,p<100M,0.50-0.55,>=1.00
669,12837637,12837636,1,15.367891805021792,0.0573625967336766,0.0573625967336766,0.0620429187160608,-0.5013669966022912,-0.5058450036395972,-0.004478007037305945,0.05988827805963436,-0.05988827805963436,-0.062042918716060894,0.062042918716060894,0.10427817983896165,0.0013517170626190973,0.0013517170626190973,False,p<100M,0.50-0.55,>=1.00
738,12842237,12842236,1,15.36825006223514,0.0573614229152804,0.0573614229152804,0.0614714067975274,-0.5012416347409994,-0.5057189396821132,-0.004477304941113905,0.059886993681629544,-0.059886993681629544,-0.06147140679752748,0.06147140679752748,0.1042736151480335,0.0013516578923245765,0.0013516578923245765,False,p<100M,0.50-0.55,0.50-1.00
1013,12842437,12842436,1,15.368265635724608,0.0573613718903203,0.0573613718903203,0.0613526555481265,-0.49974630088934924,-0.504223575312693,-0.004477274423343807,0.05988693785079308,-0.05988693785079308,-0.06135265554812653,0.06135265554812653,0.10427341672709986,0.0013516553202719956,0.0013516553202719956,False,p<100M,0.50-0.55,0.50-1.00
336,12842771,12842770,1,15.368291642911316,0.0573612866806101,0.0573612866806101,0.0614933608736022,-0.5170621943518398,-0.521539417812021,-0.004477223460181255,0.059886844615466804,-0.059886844615466804,-0.06149336087360226,0.06149336087360226,0.10427308537229237,0.0013516510250498525,0.0013516510250498525,False,p<100M,0.50-0.55,0.50-1.00
1002,12847993,12847992,1,15.36869817033665,0.0573599547705932,0.0573599547705932,0.0623766146835073,-0.4984460596646547,-0.5029224865757033,-0.004476426911048606,0.05988538725921077,-0.05988538725921077,-0.06237661468350734,0.06237661468350734,0.10426790605478077,0.0013515838875924867,0.0013515838875924867,False,p<100M,0.50-0.55,>=1.00
489,12883709,12883708,1,15.371474203024786,0.0573508612709631,0.0573508612709631,0.0626855439789416,-0.5023540635484707,-0.5068250548158465,-0.004470991267375857,0.05987543738114247,-0.05987543738114247,-0.06268554397894166,0.06268554397894166,0.10423254863106672,0.0013511255632047928,0.0013511255632047928,False,p<100M,0.50-0.55,>=1.00
288,108533687,108533470,3,34.005138362130026,0.0573481948942701,0.0573481948942701,0.06296609300304,-0.5284158702782985,-0.5319058503059005,-0.003489980027602066,0.06131693332880472,-0.06131693332880472,-0.06296609300304006,0.06296609300304006,0.04631516193401714,-0.0018056250450278932,0.001221452236342411,False,100M<=p<500M,0.50-0.55,0.50-1.00
856,12895819,12895818,1,15.372413708270248,0.0573477843667492,0.0573477843667492,0.0616168261681965,-0.5003235244464123,-0.5047926775694294,-0.004469153123017053,0.05987207074757188,-0.05987207074757188,-0.061616826168196526,0.061616826168196526,0.1042205865321072,0.0013509705032172354,0.0013509705032172354,False,p<100M,0.50-0.55,0.50-1.00
478,12895963,12895962,1,15.372424874617732,0.0573477477986453,0.0573477477986453,0.0621454033244644,-0.5039027471608662,-0.5083718784413496,-0.004469131280483308,0.05987203073623294,-0.05987203073623294,-0.062145403324464416,0.062145403324464416,0.10422044437077235,0.001350968660435723,0.001350968660435723,False,p<100M,0.50-0.55,>=1.00
329,109452269,109452148,3,34.021996050826246,0.0573243900613778,0.0573243900613778,0.0627535154340644,-0.5254401565260729,-0.5289170721416026,-0.0034769156155296183,0.06128951543138168,-0.06128951543138168,-0.0627535154340644,0.0627535154340644,0.04627299748514229,-0.0018039812380817647,0.0012203402492906178,False,100M<=p<500M,0.50-0.55,0.50-1.00
327,109497203,109497076,3,34.02281684386655,0.0573232309088009,0.0573232309088009,0.0638594994842023,-0.51157612306371,-0.5150524036399532,-0.003476280576243207,0.0612881804444233,-0.0612881804444233,-0.06385949948420239,0.06385949948420239,0.046270945498615136,-0.0018039012401262187,0.001220286133026572,False,100M<=p<500M,0.50-0.55,0.50-1.00
487,109567891,109567750,3,34.02410731121271,0.0573214083021299,0.0573214083021299,0.062415968235633,-0.5152001606713443,-0.5186754429847122,-0.0034752823133678283,0.06128608139323365,-0.06128608139323365,-0.06241596823563301,0.06241596823563301,0.04626771939217618,-0.0018037754683845073,0.001220201052142473,False,100M<=p<500M,0.50-0.55,0.25-0.50
537,109705961,109705906,3,34.026627559532216,0.0573178555311768,0.0573178555311768,0.062945964652692,-0.5094201140073631,-0.512893449348926,-0.0034733353415628424,0.061281989259511144,-0.061281989259511144,-0.06294596465269207,0.06294596465269207,0.04626142503076206,-0.001803530078837387,0.0012200350533311858,False,100M<=p<500M,0.50-0.55,0.50-1.00
458,109709861,109709668,3,34.026696141718304,0.0573177509365859,0.0573177509365859,0.063077134089216,-0.5071217247622062,-0.5105950049153177,-0.003473280153111572,0.061281869441244224,-0.061281869441244224,-0.06307713408921606,0.06307713408921606,0.04626124737052407,-0.0018035231526438503,0.00122003036796497,False,100M<=p<500M,0.50-0.55,0.50-1.00
635,109814437,109814320,3,34.02860303138397,0.0573150637267435,0.0573150637267435,0.0633755060442757,-0.5030400113029876,-0.506511819232745,-0.0034718079297574723,0.06127877425264395,-0.06127877425264395,-0.06337550604427575,0.06337550604427575,0.046256486260027874,-0.0018033375378258276,0.001219904804999837,False,100M<=p<500M,0.50-0.55,0.50-1.00
243,30781319,30781182,7,44.727242683927344,0.0568626034847033,0.0568626034847033,0.0666639054628127,-0.5447759034535435,-0.5538403054236201,-0.009064401970076498,0.0639348107058532,-0.0639348107058532,-0.06666390546281271,0.06666390546281271,0.04982150233054611,-0.001777060997883219,0.0008251434671023969,False,p<100M,0.50-0.55,0.50-1.00
356,33821677,33821502,7,45.00982232048878,0.0566017416737003,0.0566017416737003,0.0654611569085146,-0.5141835520279456,-0.5228795346966648,-0.008695982668719206,0.06359730769159669,-0.06359730769159669,-0.06546115690851462,0.06546115690851462,0.04928158886830048,-0.001757803064840165,0.0008162014230986442,False,p<100M,0.50-0.55,0.25-0.50
475,17585857,17585856,1,15.682605557419812,0.0563495505512696,0.0563495505512696,0.0607320488763139,-0.5089637606068393,-0.5128648128497264,-0.003901052242887072,0.05878083785095931,-0.05878083785095931,-0.060732048876313956,0.060732048876313956,0.10038091966377914,0.0013011984106403656,0.0013011984106403656,False,p<100M,0.50-0.55,>=1.00
749,17585999,17585998,1,15.68261363205767,0.0563495250163588,0.0563495250163588,0.0611815204056907,-0.5001905130199766,-0.5040915514385856,-0.0039010384186089504,0.058780809962488564,-0.058780809962488564,-0.061181520405690755,0.061181520405690755,0.10038082249202945,0.0013011971510411642,0.0013011971510411642,False,p<100M,0.50-0.55,>=1.00
1175,17586113,17586112,1,15.682620114466232,0.0563495045166667,0.0563495045166667,0.0608489823387839,-0.49877950071980576,-0.5026805280401665,-0.0039010273203606894,0.058780787573335276,-0.058780787573335276,-0.060848982338783934,0.060848982338783934,0.10038074448157638,0.00130119613982232,0.00130119613982232,False,p<100M,0.50-0.55,>=1.00
1118,17590163,17590162,1,15.682850383299574,0.0563487763339691,0.0563487763339691,0.0601487557243022,-0.5022378899609251,-0.5061385230681608,-0.0039006331072356923,0.058779992274427866,-0.058779992274427866,-0.06014875572430228,0.06014875572430228,0.10037797344462901,0.0013011602199594237,0.0013011602199594237,False,p<100M,0.50-0.55,0.50-1.00
855,17590231,17590230,1,15.682854249089136,0.0563487641092828,0.0563487641092828,0.0613662107477397,-0.4991093305655613,-0.503009957055018,-0.0039006264894567463,0.05877997892300748,-0.05877997892300748,-0.06136621074773977,0.06136621074773977,0.10037792692500218,0.001301159616943784,0.001301159616943784,False,p<100M,0.50-0.55,>=1.00
763,17591191,17591190,1,15.68290882334712,0.0563485915310821,0.0563485915310821,0.0608443000978966,-0.5007457588521228,-0.5046462919180187,-0.0039005330658958394,0.058779790438525534,-0.058779790438525534,-0.060844300097896604,0.060844300097896604,0.10037727019996966,0.0013011511040752885,0.0013011511040752885,False,p<100M,0.50-0.55,>=1.00
1050,17591569,17591568,1,15.682930311143984,0.0563485235812886,0.0563485235812886,0.0600975242305102,-0.49984431486340536,-0.503744811145775,-0.003900496282369603,0.05877971622591274,-0.05877971622591274,-0.06009752423051023,0.06009752423051023,0.10037701162609054,0.0013011477522837163,0.0013011477522837163,False,p<100M,0.50-0.55,0.50-1.00
231,17591797,17591796,1,15.682943271814093,0.0563484825964836,0.0563484825964836,0.0608439203610845,-0.5180694463063166,-0.5219699204023444,-0.0039004740960277644,0.05877967146361371,-0.05877967146361371,-0.060843920361084505,0.060843920361084505,0.10037685566406303,0.0013011457306092485,0.0013011457306092485,False,p<100M,0.50-0.55,>=1.00
985,17591831,17591830,1,15.682945204531208,0.056348476484765,0.056348476484765,0.059811529361056,-0.500248022099329,-0.5041484928869021,-0.0039004707875731786,0.05877966478858951,-0.05877966478858951,-0.059811529361056076,0.059811529361056076,0.10037683240677202,0.0013011454291341257,0.0013011454291341257,False,p<100M,0.50-0.55,0.50-1.00
283,17591999,17591998,1,15.682954754372712,0.0563484462858778,0.0563484462858778,0.0606328476734683,-0.5150664738931128,-0.5189669283331632,-0.003900454440050424,0.05877963180632679,-0.05877963180632679,-0.060632847673468396,0.060632847673468396,0.10037671748917142,0.001301143939502433,0.001301143939502433,False,p<100M,0.50-0.55,>=1.00
847,17594219,17594218,1,15.683080940142546,0.0563480472592618,0.0563480472592618,0.0602853522506817,-0.500690750187457,-0.5045909886276412,-0.003900238440184183,0.05877919600234784,-0.05877919600234784,-0.06028535225068179,0.06028535225068179,0.1003751990567531,0.0013011242566597575,0.0013011242566597575,False,p<100M,0.50-0.55,0.50-1.00
213,17594719,17594718,1,15.683109358164144,0.0563479573961253,0.0563479573961253,0.0598206042552528,-0.5478021933480852,-0.5517023831450298,-0.0039001897969445825,0.05877909785677801,-0.05877909785677801,-0.059820604255252825,0.059820604255252825,0.10037485709865833,0.0013011198239913687,0.0013011198239913687,False,p<100M,0.50-0.55,0.50-1.00
462,17594867,17594866,1,15.68311776974364,0.0563479307971814,0.0563479307971814,0.0600786871028681,-0.5107203643191736,-0.5146205397180983,-0.003900175398924754,0.058779068806286965,-0.058779068806286965,-0.06007868710286815,0.06007868710286815,0.10037475588126138,0.0013011185119500318,0.0013011185119500318,False,p<100M,0.50-0.55,0.50-1.00
1072,17594911,17594910,1,15.683120270469844,0.0563479228894353,0.0563479228894353,0.0604306117113545,-0.49951981368202186,-0.5034199848004877,-0.0039001711184657984,0.05877906016970699,-0.05877906016970699,-0.06043061171135453,0.06043061171135453,0.10037472578979655,0.0013011181218861995,0.0013011181218861995,False,p<100M,0.50-0.55,0.50-1.00
1220,17640167,17640166,1,15.685689075618289,0.0563398010319484,0.0563398010319484,0.0599169349585089,-0.4994179421693444,-0.5033137187310237,-0.00389577656167932,0.058770189810050014,-0.058770189810050014,-0.05991693495850898,0.05991693495850898,0.10034382226961157,0.0013007175316995128,0.0013007175316995128,False,p<100M,0.50-0.55,0.50-1.00
814,17640283,17640282,1,15.68569565149813,0.0563397802438101,0.0563397802438101,0.0603442256773584,-0.5008533711346735,-0.5047491364529677,-0.0038957653182941374,0.05877016710626634,-0.05877016710626634,-0.060344225677358414,0.060344225677358414,0.10034374317805891,0.0013007165064667999,0.0013007165064667999,False,p<100M,0.50-0.55,0.50-1.00
642,17640383,17640382,1,15.685701320325355,0.0563397623231231,0.0563397623231231,0.0597908065041726,-0.5083598771290767,-0.5122556327548825,-0.003895755625805769,0.05877014753417266,-0.05877014753417266,-0.05979080650417262,0.05979080650417262,0.10034367499617841,0.001300715622651879,0.001300715622651879,False,p<100M,0.50-0.55,0.50-1.00
415,17640599,17640598,1,15.685713564882494,0.0563397236148247,0.0563397236148247,0.0611881261978987,-0.5051290577810048,-0.5090247924713037,-0.0038957346902988607,0.05877010525887329,-0.05877010525887329,-0.06118812619789876,0.06118812619789876,0.10034352772487279,0.001300713713631824,0.001300713713631824,False,p<100M,0.50-0.55,>=1.00
777,17640809,17640808,1,15.68572546916931,0.0563396859822619,0.0563396859822619,0.0603935734510648,-0.5060370252577608,-0.5099327395944461,-0.003895714336685272,0.05877006415844289,-0.05877006415844289,-0.06039357345106482,0.06039357345106482,0.10034338454647636,0.001300711857666542,0.001300711857666542,False,p<100M,0.50-0.55,0.50-1.00
556,17641999,17641998,1,15.685792924117932,0.0563394727404797,0.0563394727404797,0.0598426521833724,-0.5092092485352329,-0.5131048475413208,-0.0038955990060879474,0.058769831266325304,-0.058769831266325304,-0.059842652183372445,0.059842652183372445,0.10034257324021138,0.0013007013410222825,0.0013007013410222825,False,p<100M,0.50-0.55,0.50-1.00
307,17642591,17642590,1,15.68582647984297,0.056339366663129,0.056339366663129,0.0615114980157123,-0.5074263288348236,-0.511321870470507,-0.0038955416356833738,0.05876971541392912,-0.05876971541392912,-0.061511498015712304,0.061511498015712304,0.1003421696564374,0.0013006961095244339,0.0013006961095244339,False,p<100M,0.50-0.55,>=1.00
975,17642869,17642868,1,15.685842237041545,0.0563393168511439,0.0563393168511439,0.0601273708835792,-0.5001348678480289,-0.5040303825438303,-0.0038955146958014933,0.0587696610117686,-0.0587696610117686,-0.06012737088357921,0.06012737088357921,0.10034198014119163,0.001300693652912785,0.001300693652912785,False,p<100M,0.50-0.55,0.50-1.00
270,17643289,17643288,1,15.685866042410211,0.0563392415972818,0.0563392415972818,0.0599602263937145,-0.5510856205366595,-0.554981094533072,-0.0038954739964124773,0.05876957882327233,-0.05876957882327233,-0.059960226393714545,0.059960226393714545,0.10034169382987641,0.0013006899415717295,0.0013006899415717295,False,p<100M,0.50-0.55,0.50-1.00
700,17984893,17984892,1,15.705042685691884,0.0562786850641957,0.0562786850641957,0.0605582183755319,-0.5061005784498899,-0.5099634017608317,-0.0038628233109417845,0.0587034456555991,-0.0587034456555991,-0.06055821837553199,0.06055821837553199,0.1001114504898857,0.0012977053876439522,0.0012977053876439522,False,p<100M,0.50-0.55,>=1.00
515,17988973,17988972,1,15.70526951702647,0.0562779695453576,0.0562779695453576,0.0612996030095636,-0.5027011068298383,-0.5065635455419822,-0.0038624387121439395,0.05870266428832384,-0.05870266428832384,-0.06129960300956366,0.06129960300956366,0.1001087317956765,0.0012976701462793993,0.0012976701462793993,False,p<100M,0.50-0.55,>=1.00
679,17989039,17989038,1,15.705273185934022,0.0562779579722709,0.0562779579722709,0.0610495652145156,-0.5010279274668218,-0.5048903599585403,-0.003862432491718374,0.058702651650186524,-0.058702651650186524,-0.06104956521451562,0.06104956521451562,0.10010868782277789,0.0012976695762759965,0.0012976695762759965,False,p<100M,0.50-0.55,>=1.00
441,17992691,17992690,1,15.705476177842002,0.0562773176683551,0.0562773176683551,0.0612759643063083,-0.5041490370978419,-0.508011125443552,-0.0038620883457101004,0.058701952420658,-0.058701952420658,-0.061275964306308356,0.061275964306308356,0.1001062549522789,0.0012976380399318667,0.0012976380399318667,False,p<100M,0.50-0.55,>=1.00
624,17992787,17992786,1,15.705481513327612,0.0562773008386565,0.0562773008386565,0.0602231644947032,-0.5051678658191375,-0.509029945119641,-0.0038620793005034143,0.05870193404217428,-0.05870193404217428,-0.060223164494703274,0.060223164494703274,0.10010619100735195,0.0012976372110389098,0.0012976372110389098,False,p<100M,0.50-0.55,0.50-1.00
306,17997751,17997750,1,15.705757363609788,0.0562764307389862,0.0562764307389862,0.0614815788836374,-0.5074477814368429,-0.5113093931188443,-0.0038616116820013565,0.058700983870679055,-0.058700983870679055,-0.061481578883637436,0.061481578883637436,0.10010288507006959,0.0012975943574731934,0.0012975943574731934,False,p<100M,0.50-0.55,>=1.00
363,17998027,17998026,1,15.70577269874159,0.0562763823689926,0.0562763823689926,0.0607228067308972,-0.5093441094431009,-0.5132056951307769,-0.003861585687675997,0.05870093104943167,-0.05870093104943167,-0.06072280673089725,0.06072280673089725,0.10010270129045527,0.0012975919752102807,0.0012975919752102807,False,p<100M,0.50-0.55,>=1.00
885,17998069,17998068,1,15.705775032327988,0.0562763750084137,0.0562763750084137,0.0605791328840376,-0.5001419318909179,-0.504003513622986,-0.003861581732068043,0.05870092301149537,-0.05870092301149537,-0.060579132884037684,0.060579132884037684,0.10010267332428366,0.0012975916126957891,0.0012975916126957891,False,p<100M,0.50-0.55,>=1.00
661,17998151,17998150,1,15.705779588361928,0.0562763606378147,0.0562763606378147,0.0608850796926477,-0.5015690788788765,-0.5054306528881285,-0.003861574009251942,0.058700907318440305,-0.058700907318440305,-0.0608850796926477,0.0608850796926477,0.10010261872388473,0.0012975909049322766,0.0012975909049322766,False,p<100M,0.50-0.55,>=1.00
477,17998327,17998326,1,15.705789367096394,0.0562763297938478,0.0562763297938478,0.060032945144278,-0.5103607981261115,-0.5142223555597331,-0.0038615574336215578,0.058700873636058123,-0.058700873636058123,-0.060032945144278024,0.060032945144278024,0.10010250153377538,0.0012975893858429462,0.0012975893858429462,False,p<100M,0.50-0.55,0.50-1.00
1385,17998471,17998470,1,15.70579736780801,0.0562763045581244,0.0562763045581244,0.0602674255775238,-0.49880331394559196,-0.5026648578175066,-0.0038615438719146644,0.05870084607801702,-0.05870084607801702,-0.06026742557752383,0.06026742557752383,0.10010240565196411,0.0012975881429647094,0.0012975881429647094,False,p<100M,0.50-0.55,0.50-1.00
1081,17999011,17999010,1,15.705827369906494,0.0562762099261601,0.0562762099261601,0.0591723335658698,-0.503113379846975,-0.5069748728638713,-0.003861493016896377,0.0587007427375652,-0.0587007427375652,-0.059172333565869865,0.059172333565869865,0.10010204610323066,0.0012975834822757848,0.0012975834822757848,False,p<100M,0.50-0.55,0.25-0.50
676,18001673,18001672,1,15.705975255985816,0.0562757434717453,0.0562757434717453,0.0597757164079624,-0.5078760668406497,-0.5117373091930342,-0.003861242352384546,0.058700233358021235,-0.058700233358021235,-0.05977571640796243,0.05977571640796243,0.10010027384709114,0.0012975605092159673,0.0012975605092159673,False,p<100M,0.50-0.55,0.50-1.00
957,18001723,18001722,1,15.70597803350158,0.0562757347111262,0.0562757347111262,0.0603358846572112,-0.5000657405353456,-0.5039269781800384,-0.0038612376446928473,0.058700223791215506,-0.058700223791215506,-0.06033588465721124,0.06033588465721124,0.10010024056199225,0.0012975600777543118,0.0012975600777543118,False,p<100M,0.50-0.55,0.50-1.00
1102,18001811,18001810,1,15.705982921910593,0.0562757192925024,0.0562757192925024,0.0615526936475914,-0.49696592265032064,-0.5008271520095217,-0.0038612293592010204,0.058700206953713155,-0.058700206953713155,-0.061552693647591444,0.061552693647591444,0.100100181980483,0.0012975593183852305,0.0012975593183852305,False,p<100M,0.50-0.55,>=1.00
896,18002051,18002050,1,15.705996253813709,0.0562756772421361,0.0562756772421361,0.060904601565583,-0.4997440772375579,-0.5036052840002577,-0.0038612067626997383,0.05870016103371567,-0.05870016103371567,-0.06090460156558301,0.06090460156558301,0.10010002221444748,0.0012975572474009022,0.0012975572474009022,False,p<100M,0.50-0.55,>=1.00
880,18002111,18002110,1,15.705999586761717,0.0562756667296418,0.0562756667296418,0.0611464846554823,-0.4993829996688934,-0.5032442007825352,-0.003861201113641812,0.05870014955382287,-0.05870014955382287,-0.061146484655482364,0.061146484655482364,0.10009998227333114,0.0012975567296599085,0.0012975567296599085,False,p<100M,0.50-0.55,>=1.00
350,178894987,178894798,3,35.0046169630778,0.0559695643377949,0.0559695643377949,0.0624748732312566,-0.5095789248594376,-0.512372006084177,-0.002793081224739423,0.059732301368142345,-0.059732301368142345,-0.062474873231256674,0.062474873231256674,0.04391112635673751,-0.0017119022409565665,0.0011580515159412112,False,100M<=p<500M,0.50-0.55,>=1.00
520,179378513,179378386,3,35.01001606420933,0.0559622974953533,0.0559622974953533,0.0607122453167207,-0.5157659019402374,-0.518555619283927,-0.0027897173436895696,0.05972396578991248,-0.05972396578991248,-0.060712245316720766,0.060712245316720766,0.04389865421428325,-0.001711416006819835,0.0011577225928487164,False,100M<=p<500M,0.50-0.55,0.25-0.50
370,179411909,179411668,3,35.01038711128105,0.0559617942763139,0.0559617942763139,0.0609062405598658,-0.5186544229881908,-0.5214439083802312,-0.0027894853920405432,0.059723388878991666,-0.059723388878991666,-0.06090624055986584,0.06090624055986584,0.04389779423031336,-0.0017113824798163763,0.001157699912816965,False,100M<=p<500M,0.50-0.55,0.25-0.50
559,179412683,179412616,3,35.01039767912757,0.0559617857622173,0.0559617857622173,0.0619950192191761,-0.5057751900075325,-0.5085646701715092,-0.0027894801639766413,0.0597233786571672,-0.0597233786571672,-0.06199501921917613,0.06199501921917613,0.04389777430115422,-0.0017113817028658622,0.0011576993872327937,False,100M<=p<500M,0.50-0.55,0.50-1.00
411,179436077,179435746,3,35.010655503905085,0.0559614300376416,0.0559614300376416,0.0608113493141144,-0.5098574698453658,-0.5126467874113082,-0.002789317565942426,0.059722971320921726,-0.059722971320921726,-0.06081134931411447,0.06081134931411447,0.04389717199315123,-0.0017113582215182944,0.001157683502791792,False,100M<=p<500M,0.50-0.55,0.25-0.50
486,179621809,179621500,3,35.01272485653976,0.0559586453495933,0.0559586453495933,0.0607185564329466,-0.5109463024140586,-0.5137343319088885,-0.0027880294948299414,0.059719777148564954,-0.059719777148564954,-0.060718556432946616,0.060718556432946616,0.043892393312893505,-0.0017111719217323235,0.001157557476465988,False,100M<=p<500M,0.50-0.55,0.25-0.50
453,180641999,180641716,3,35.02405233789855,0.0559434039389059,0.0559434039389059,0.0607003725406591,-0.5122039807061802,-0.5149849690441716,-0.002780988337991277,0.05970229522728795,-0.05970229522728795,-0.060700372540659096,0.060700372540659096,0.04386624656312582,-0.0017101525746275059,0.0011568679181303762,False,100M<=p<500M,0.50-0.55,0.25-0.50
633,22048451,22048450,1,15.908752907956416,0.0556433131401225,0.0556433131401225,0.059301344400477,-0.5052161720645503,-0.5087483045310305,-0.003532132466480135,0.05801000048747795,-0.05801000048747795,-0.05930134440047709,0.05930134440047709,0.0977137718419382,0.0012666252216484081,0.0012666252216484081,False,p<100M,0.50-0.55,0.50-1.00
248,22048823,22048822,1,15.90876977974763,0.0556432611084996,0.0556432611084996,0.0588375187079942,-0.5478933778080823,-0.5514254840710806,-0.003532106262998272,0.058009943732833975,-0.058009943732833975,-0.05883751870799421,0.05883751870799421,0.0977135768418813,0.001266622693939308,0.001266622693939308,False,p<100M,0.50-0.55,0.25-0.50
568,22049009,22049008,1,15.90877821553649,0.0556432350930537,0.0556432350930537,0.0601826318256086,-0.504326191422119,-0.5078582845836135,-0.0035320931614944815,0.05800991535591308,-0.05800991535591308,-0.06018263182560867,0.06018263182560867,0.09771347934330547,0.0012666214301035878,0.0012666214301035878,False,p<100M,0.50-0.55,>=1.00
538,22051937,22051936,1,15.9089110018039,0.05564282559169,0.05564282559169,0.0592227219681117,-0.5089038051646626,-0.5124356921039778,-0.003531886939315186,0.058009468683448494,-0.058009468683448494,-0.05922272196811173,0.05922272196811173,0.09771194465461384,0.00126660153653723,0.00126660153653723,False,p<100M,0.50-0.55,0.50-1.00
645,22052533,22052532,1,15.908938028542916,0.0556427422442994,0.0556427422442994,0.0601268944145263,-0.5019459921714974,-0.5054778371386948,-0.0035318449671973666,0.05800937777052357,-0.05800937777052357,-0.06012689441452639,0.06012689441452639,0.09771163229518454,0.001266597487544709,0.001266597487544709,False,p<100M,0.50-0.55,>=1.00
291,22052747,22052746,1,15.908947732596488,0.0556427123181621,0.0556427123181621,0.0591697378973292,-0.5255724216333233,-0.5291042515303912,-0.0035318298970678326,0.05800934512795801,-0.05800934512795801,-0.059169737897329246,0.059169737897329246,0.09771152014170731,0.0012665960337432615,0.0012665960337432615,False,p<100M,0.50-0.55,0.50-1.00
1315,22052803,22052802,1,15.908950271959448,0.0556427044870766,0.0556427044870766,0.0601179768373061,-0.49851143071915816,-0.5020432566726752,-0.0035318259535171083,0.05800933658603688,-0.05800933658603688,-0.060117976837306145,0.060117976837306145,0.09771149079334536,0.0012665956533119797,0.0012665956533119797,False,p<100M,0.50-0.55,>=1.00
381,22053061,22053060,1,15.908961971084082,0.055642668408432,0.055642668408432,0.0603424434897043,-0.507690245607043,-0.5112220533922439,-0.0035318077852008827,0.058009297232501464,-0.058009297232501464,-0.06034244348970439,0.06034244348970439,0.09771135558238263,0.0012665939006254094,0.0012665939006254094,False,p<100M,0.50-0.55,>=1.00
232,7103387,7103277,4,27.552134414332773,0.0553511856398291,0.0553511856398291,0.0636678531151053,-0.526168624338479,-0.5377105406535116,-0.011541916315032649,0.061799126802939856,-0.061799126802939856,-0.06366785311510535,0.06366785311510535,0.18166113893724992,4.217488113472602e-05,0.003648127217982264,False,p<100M,0.50-0.55,0.25-0.50
388,30333337,30333336,1,16.22775789669213,0.0546765369575494,0.0546765369575494,0.0585540342059468,-0.5109106210234158,-0.5139799247508692,-0.0030693037274534363,0.05695638827243182,-0.05695638827243182,-0.05855403420594685,0.05855403420594685,0.0941285596785265,0.0012201515254074767,0.0012201515254074767,False,p<100M,0.50-0.55,0.50-1.00
1091,30336529,30336528,1,16.22786312191227,0.0546762235806002,0.0546762235806002,0.0581716915777917,-0.4999881115101193,-0.5030572728622942,-0.003069161352174898,0.05695604704558345,-0.05695604704558345,-0.05817169157779178,0.05817169157779178,0.09412740983561264,0.0012201366204456872,0.0012201366204456872,False,p<100M,0.50-0.55,0.50-1.00
653,30336731,30336730,1,16.227869780529264,0.0546762037503313,0.0546762037503313,0.0590425078700368,-0.5034898448236085,-0.5065589971665412,-0.003069152342932687,0.05695602545299835,-0.05695602545299835,-0.059042507870036835,0.059042507870036835,0.09412733707464366,0.001220135677273842,0.001220135677273842,False,p<100M,0.50-0.55,>=1.00
1053,30336773,30336772,1,16.227871164988613,0.0546761996272244,0.0546761996272244,0.0583789727930857,-0.4999873177537976,-0.5030564682235323,-0.0030691504697346896,0.05695602096347233,-0.05695602096347233,-0.05837897279308577,0.05837897279308577,0.09412732194619682,0.0012201354811697312,0.0012201354811697312,False,p<100M,0.50-0.55,0.50-1.00
1303,30336851,30336850,1,16.227873736122326,0.0546761919700428,0.0546761919700428,0.0592436076200475,-0.49842066996852613,-0.5014898169594745,-0.00306914699094833,0.056956012625796255,-0.056956012625796255,-0.0592436076200475,0.0592436076200475,0.09412729385057499,0.0012201351169772274,0.0012201351169772274,False,p<100M,0.50-0.55,>=1.00
242,30338299,30338298,1,16.227921465711795,0.0546760498253001,0.0546760498253001,0.0582182910904303,-0.5327755741647686,-0.5358446565774972,-0.0030690824127286667,0.0569558578486832,-0.0569558578486832,-0.05821829109043032,0.05821829109043032,0.09412677229597204,0.0012201283562698869,0.0012201283562698869,False,p<100M,0.50-0.55,0.50-1.00
210,30339269,30339268,1,16.227953437988603,0.0546759546082353,0.0546759546082353,0.058274726799016,-0.5358404839704395,-0.5389095231253669,-0.003069039154927431,0.05695575416971929,-0.05695575416971929,-0.058274726799016,0.058274726799016,0.09412642292836582,0.0012201238275549133,0.0012201238275549133,False,p<100M,0.50-0.55,0.50-1.00
374,30339893,30339892,1,16.22797400518101,0.0546758933569793,0.0546758933569793,0.0584872273607094,-0.5133883504078136,-0.5164573617360894,-0.0030690113282758075,0.05695568747510233,-0.05695568747510233,-0.058487227360709486,0.058487227360709486,0.09412619818747697,0.0012201209143270972,0.0012201209143270972,False,p<100M,0.50-0.55,0.50-1.00
877,30341053,30341052,1,16.228012237940277,0.0546757794961756,0.0546757794961756,0.0589348047105401,-0.5003399743050626,-0.5034089339064859,-0.0030689596014232645,0.056955563495578156,-0.056955563495578156,-0.05893480471054018,0.05893480471054018,0.09412578041434874,0.001220115498898226,0.001220115498898226,False,p<100M,0.50-0.55,>=1.00
1249,30348053,30348052,1,16.228242921846906,0.0546750925075182,0.0546750925075182,0.0588533961673744,-0.49903119283169634,-0.5020998403484548,-0.003068647516758482,0.05695481545531473,-0.05695481545531473,-0.058853396167374485,0.058853396167374485,0.09412325976758636,0.001220082824744891,0.001220082824744891,False,p<100M,0.50-0.55,>=1.00
828,30355397,30355396,1,16.2284848850314,0.0546743719470557,0.0546743719470557,0.0592740371209023,-0.5001418121173089,-0.5032101323235262,-0.00306832020621728,0.05695403086076255,-0.05695403086076255,-0.05927403712090233,0.05927403712090233,0.09412061598272722,0.0012200485544008029,0.0012200485544008029,False,p<100M,0.50-0.55,>=1.00
435,30360047,30360046,1,16.228638058580096,0.0546739158097379,0.0546739158097379,0.0581421661772224,-0.5190047802373501,-0.522072893259035,-0.0030681130216849675,0.056953534188390456,-0.056953534188390456,-0.05814216617722247,0.05814216617722247,0.0941189424059048,0.0012200268604821904,0.0012200268604821904,False,p<100M,0.50-0.55,0.50-1.00
434,30360431,30360430,1,16.22865070670187,0.0546738781450856,0.0546738781450856,0.0588814400924941,-0.5089269136536485,-0.5119950095679335,-0.0030680959142850668,0.05695349317665311,-0.05695349317665311,-0.05888144009249411,0.05888144009249411,0.0941188042143043,0.0012200250691587842,0.0012200250691587842,False,p<100M,0.50-0.55,>=1.00
1414,30363467,30363466,1,16.228750700282735,0.0546735803775182,0.0546735803775182,0.0585629651697203,-0.4989183725725195,-0.5019863332423398,-0.003067960669820307,0.05695316894794423,-0.05695316894794423,-0.05856296516972038,0.05856296516972038,0.09411771170921059,0.0012200109074446226,0.0012200109074446226,False,p<100M,0.50-0.55,0.50-1.00
247,30364069,30364068,1,16.22877052654409,0.0546735213379358,0.0546735213379358,0.0580503951554774,-0.5375852956987885,-0.540653229553662,-0.003067933854873495,0.05695310466182652,-0.05695310466182652,-0.05805039515547742,0.05805039515547742,0.0941174950946502,0.0012200080995552086,0.0012200080995552086,False,p<100M,0.50-0.55,0.50-1.00
974,30364123,30364122,1,16.22877230496028,0.0546735160420898,0.0546735160420898,0.0580150846827492,-0.5004938808953808,-0.5035618123449641,-0.0030679314495832156,0.056953098895366046,-0.056953098895366046,-0.05801508468274928,0.05801508468274928,0.0941174756643547,0.0012200078476879244,0.0012200078476879244,False,p<100M,0.50-0.55,0.50-1.00
1453,30370903,30370902,1,16.228995569869337,0.0546728512021366,0.0546728512021366,0.0581011027814519,-0.4991108831779042,-0.5021785126786246,-0.0030676295007203884,0.056952374975059054,-0.056952374975059054,-0.058101102781451947,0.058101102781451947,0.09411503640509451,0.001219976228528794,0.001219976228528794,False,p<100M,0.50-0.55,0.50-1.00
416,30371023,30371022,1,16.228999521011747,0.0546728394365394,0.0546728394365394,0.0596340487654195,-0.5044965930170332,-0.5075642171743959,-0.003067624157362716,0.05695236216393294,-0.05695236216393294,-0.059634048765419535,0.059634048765419535,0.0941149932381226,0.0012199756689723023,0.0012199756689723023,False,p<100M,0.50-0.55,>=1.00
590,30372071,30372070,1,16.22903402699197,0.0546727366858481,0.0546727366858481,0.059405209494254,-0.5019535115745292,-0.5050210890678533,-0.0030675774933240233,0.05695225028248011,-0.05695225028248011,-0.05940520949425408,0.05940520949425408,0.09411461625507894,0.0012199707822892663,0.0012199707822892663,False,p<100M,0.50-0.55,>=1.00
530,30372257,30372256,1,16.229040151020538,0.0546727184499719,0.0546727184499719,0.0585621346261097,-0.505988104913491,-0.5090556741250799,-0.003067569211588849,0.05695223042610812,-0.05695223042610812,-0.05856213462610972,0.05856213462610972,0.09411454934937892,0.001219969915016972,0.001219969915016972,False,p<100M,0.50-0.55,0.50-1.00
651,30372383,30372382,1,16.229044299534714,0.0546727060967068,0.0546727060967068,0.0577692159185545,-0.5119779064212978,-0.5150454700227202,-0.0030675636014223856,0.05695221697509334,-0.05695221697509334,-0.05776921591855454,0.05776921591855454,0.09411450402643606,0.0012199693275134762,0.0012199693275134762,False,p<100M,0.50-0.55,0.25-0.50
586,30372487,30372486,1,16.229047723692176,0.0546726959004038,0.0546726959004038,0.0591456035531357,-0.5025713182440064,-0.5056388772148402,-0.0030675589708339386,0.05695220587271562,-0.05695220587271562,-0.05914560355313573,0.05914560355313573,0.09411446661718925,0.001219968842592112,0.001219968842592112,False,p<100M,0.50-0.55,>=1.00
1135,30372631,30372630,1,16.229052464813922,0.0546726817825096,0.0546726817825096,0.0598227360923421,-0.49627375123741063,-0.4993413037966981,-0.0030675525592874326,0.056952190500262345,-0.056952190500262345,-0.059822736092342114,0.059822736092342114,0.09411441482001891,0.0012199681711657496,0.0012199681711657496,False,p<100M,0.50-0.55,>=1.00
1215,30386869,30386868,1,16.229521132273682,0.054671286241943,0.054671286241943,0.0588988442425862,-0.4990576949965453,-0.5021246138291581,-0.003066918832612833,0.056950670949629106,-0.056950670949629106,-0.05889884424258623,0.05889884424258623,0.09410929479799661,0.0012199018023325075,0.0012199018023325075,False,p<100M,0.50-0.55,>=1.00
1205,30387079,30387078,1,16.22952804312963,0.0546712656641732,0.0546712656641732,0.0588391431046485,-0.5007994573734547,-0.5038663668622506,-0.0030669094887959404,0.05695064854331294,-0.05695064854331294,-0.05883914310464859,0.05883914310464859,0.0941092193025277,0.0012199008237144147,0.0012199008237144147,False,p<100M,0.50-0.55,>=1.00
980,30399133,30399132,1,16.229924646232913,0.0546700847643196,0.0546700847643196,0.0593702946236736,-0.499118278372862,-0.5021846516816032,-0.0030663733087412464,0.056949362709754835,-0.056949362709754835,-0.0593702946236736,0.0593702946236736,0.09410488688905264,0.0012198446643412303,0.0012198446643412303,False,p<100M,0.50-0.55,>=1.00
1076,30399821,30399820,1,16.22994727820122,0.0546700173783606,0.0546700173783606,0.0579107278753571,-0.5001551121884219,-0.5032214549030786,-0.00306634271465671,0.05694928933602118,-0.05694928933602118,-0.057910727875357164,0.057910727875357164,0.09410463967095214,0.0012198414597501535,0.0012198414597501535,False,p<100M,0.50-0.55,0.50-1.00
418,30400031,30400030,1,16.22995418611277,0.0546699968103086,0.0546699968103086,0.0580098213946896,-0.5176791841016545,-0.5207455174781981,-0.00306633337654366,0.05694926694033726,-0.05694926694033726,-0.05800982139468961,0.05800982139468961,0.09410456421324749,0.001219840481621584,0.001219840481621584,False,p<100M,0.50-0.55,0.50-1.00
789,30400081,30400080,1,16.229955830846585,0.0546699919131766,0.0546699919131766,0.0584791030093198,-0.5012381440815257,-0.5043044752347227,-0.003066331153197045,0.05694926160805868,-0.05694926160805868,-0.05847910300931985,0.05847910300931985,0.09410454624721752,0.0012198402487349983,0.0012198402487349983,False,p<100M,0.50-0.55,0.50-1.00
467,30400417,30400416,1,16.229966883387636,0.0546699590046811,0.0546699590046811,0.0588312415358487,-0.508377701967649,-0.5114440181800927,-0.0030663162124436724,0.05694922577538759,-0.05694922577538759,-0.058831241535848705,0.058831241535848705,0.09410442551639617,0.0012198386837488097,0.0012198386837488097,False,p<100M,0.50-0.55,>=1.00
284,30400757,30400756,1,16.229978067382206,0.0546699257048282,0.0546699257048282,0.0592359497084479,-0.5112202211765275,-0.5142865222705926,-0.0030663010940650197,0.05694918951658711,-0.05694918951658711,-0.05923594970844795,0.05923594970844795,0.09410430334989794,0.0012198371001525064,0.0012198371001525064,False,p<100M,0.50-0.55,>=1.00
1040,30400789,30400788,1,16.22997911998702,0.0546699225707457,0.0546699225707457,0.058155166661356,-0.5001434121910877,-0.5032097118622589,-0.0030662996711712308,0.05694918610401669,-0.05694918610401669,-0.058155166661356034,0.058155166661356034,0.09410429185195718,0.001219836951109219,0.001219836951109219,False,p<100M,0.50-0.55,0.50-1.00
1370,30400861,30400860,1,16.2299814883438,0.0546699155190733,0.0546699155190733,0.0575329823642898,-0.5018296372468032,-0.5048959337164713,-0.0030662964696681694,0.056949178425750036,-0.056949178425750036,-0.057532982364289845,0.057532982364289845,0.09410426598164241,0.001219836615762496,0.001219836615762496,False,p<100M,0.50-0.55,0.25-0.50
278,30401417,30401416,1,16.229999777132257,0.0546698610651157,0.0546698610651157,0.0591615064749945,-0.5132156708102232,-0.5162819425575389,-0.0030662717473156514,0.056949119133146216,-0.056949119133146216,-0.059161506474994574,0.059161506474994574,0.09410406620774546,0.0012198340261719834,0.0012198340261719834,False,p<100M,0.50-0.55,>=1.00
273,30401963,30401962,1,16.230017736660166,0.0546698075916202,0.0546698075916202,0.0584108084726998,-0.5219265542020238,-0.5249928016722641,-0.0030662474702403027,0.05694906090813245,-0.05694906090813245,-0.058410808472699804,0.058410808472699804,0.09410387003107884,0.0012198314832109539,0.0012198314832109539,False,p<100M,0.50-0.55,0.50-1.00
861,30402013,30402012,1,16.23001938128946,0.0546698026948331,0.0546698026948331,0.0584739115607995,-0.5008124392263814,-0.5038786844734777,-0.0030662452470962944,0.05694905557622953,-0.05694905557622953,-0.05847391156079956,0.05847391156079956,0.09410385206638938,0.0012198312503417447,0.0012198312503417447,False,p<100M,0.50-0.55,0.50-1.00
1144,30402077,30402076,1,16.230021486411005,0.0546697964269587,0.0546697964269587,0.059307463297189,-0.49874695428546517,-0.5018131966869446,-0.003066242401479383,0.056949048751407806,-0.056949048751407806,-0.059307463297189084,0.059307463297189084,0.0941038290716375,0.0012198309522698134,0.0012198309522698134,False,p<100M,0.50-0.55,>=1.00
1145,30402173,30402172,1,16.230024644085017,0.0546697870251745,0.0546697870251745,0.0583819238538428,-0.4996837471139965,-0.5027499852470666,-0.0030662381330701753,0.056949038514206414,-0.056949038514206414,-0.05838192385384281,0.05838192385384281,0.09410379457961623,0.0012198305051632976,0.0012198305051632976,False,p<100M,0.50-0.55,0.50-1.00
314,30402367,30402366,1,16.23003102518748,0.0546697680258361,0.0546697680258361,0.0585071691732537,-0.5172582961259247,-0.5203245256333101,-0.003066229507385471,0.056949017826637645,-0.056949017826637645,-0.05850716917325378,0.05850716917325378,0.09410372487738027,0.0012198296016406067,0.0012198296016406067,False,p<100M,0.50-0.55,0.50-1.00
994,30402601,30402600,1,16.230038721926995,0.0546697451092872,0.0546697451092872,0.0583838509096424,-0.5001837253396326,-0.5032499444429465,-0.0030662191033138863,0.05694899287378558,-0.05694899287378558,-0.058383850909642473,0.058383850909642473,0.09410364080424406,0.0012198285118335838,0.0012198285118335838,False,p<100M,0.50-0.55,0.50-1.00
1151,30405101,30405100,1,16.230120948352898,0.0546695002865641,0.0546695002865641,0.0583189578507988,-0.49967849437474654,-0.5027446023306117,-0.0030661079558651503,0.05694872629683948,-0.05694872629683948,-0.05831895785079883,0.05831895785079883,0.09410274263439285,0.0012198168692107944,0.0012198168692107944,False,p<100M,0.50-0.55,0.50-1.00
539,30405239,30405238,1,16.230125487054703,0.0546694867729997,0.0546694867729997,0.0586840450587244,-0.5055832322891634,-0.5086493341100706,-0.0030661018209072882,0.056948711582501796,-0.056948711582501796,-0.05868404505872445,0.05868404505872445,0.09410269305794233,0.0012198162265707507,0.0012198162265707507,False,p<100M,0.50-0.55,>=1.00
578,30405371,30405370,1,16.230129828402376,0.0546694738470451,0.0546694738470451,0.0588782474204922,-0.5046825638706183,-0.5077486598233424,-0.003066095952724166,0.0569486975079895,-0.0569486975079895,-0.05887824742049226,0.05887824742049226,0.09410264563723686,0.0012198156118747826,0.0012198156118747826,False,p<100M,0.50-0.55,>=1.00
531,30405521,30405520,1,16.230134761729122,0.0546694591585359,0.0546694591585359,0.0588415207934629,-0.5055226970491128,-0.5085887863334914,-0.0030660892843784975,0.05694868151430688,-0.05694868151430688,-0.05884152079346291,0.05884152079346291,0.09410259175036499,0.0012198149133604407,0.0012198149133604407,False,p<100M,0.50-0.55,>=1.00
849,30405577,30405576,1,16.230136603498202,0.0546694536748463,0.0546694536748463,0.0584289519707461,-0.5009259843681122,-0.503992071162987,-0.00306608679487487,0.056948675543354636,-0.056948675543354636,-0.05842895197074619,0.05842895197074619,0.09410257163267949,0.00121981465258279,0.00121981465258279,False,p<100M,0.50-0.55,0.50-1.00
230,30405923,30405922,1,16.23014798292479,0.0546694197937272,0.0546694197937272,0.0593788171181867,-0.5145668285578723,-0.517632899971317,-0.0030660714134447932,0.05694863865167222,-0.05694863865167222,-0.05937881711818679,0.05937881711818679,0.09410244733508749,0.0012198130413619555,0.0012198130413619555,False,p<100M,0.50-0.55,>=1.00
823,30406001,30406000,1,16.230150548211164,0.0546694121558461,0.0546694121558461,0.0593466964714865,-0.5000381176371274,-0.5031041855831165,-0.0030660679459891785,0.056948630335114055,-0.056948630335114055,-0.059346696471486514,0.059346696471486514,0.09410241931447244,0.001219812678141735,0.001219812678141735,False,p<100M,0.50-0.55,>=1.00
802,30417553,30417552,1,16.23053040106024,0.0546682812058003,0.0546682812058003,0.0580181511169566,-0.5036135128291365,-0.5066790673767736,-0.0030655545476371247,0.056947398893910615,-0.056947398893910615,-0.05801815111695667,0.05801815111695667,0.09409827032111664,0.0012197588963714704,0.0012197588963714704,False,p<100M,0.50-0.55,0.50-1.00
224,30417889,30417888,1,16.230541447252687,0.0546682483182569,0.0546682483182569,0.0595665514274872,-0.514264218799462,-0.5173297584186416,-0.0030655396191794915,0.056947363084164745,-0.056947363084164745,-0.059566551427487256,0.059566551427487256,0.09409814967171361,0.0012197573324406754,0.0012197573324406754,False,p<100M,0.50-0.55,>=1.00
122,30418643,30418642,1,16.230566234990423,0.0546681745185092,0.0546681745185092,0.0587452641225273,-0.5422397625809761,-0.545305268700846,-0.00306550611986986,0.05694728272699412,-0.05694728272699412,-0.058745264122527376,0.058745264122527376,0.09409787893440341,0.0012197538229793267,0.0012197538229793267,False,p<100M,0.50-0.55,0.50-1.00
1194,30418693,30418692,1,16.23056787871789,0.0546681696246984,0.0546681696246984,0.0576454444892701,-0.5021594110666826,-0.505224914965155,-0.0030655038984722964,0.056947277398347804,-0.056947277398347804,-0.05764544448927017,0.05764544448927017,0.09409786098127944,0.0012197535902600364,0.0012197535902600364,False,p<100M,0.50-0.55,0.25-0.50
403,30418939,30418938,1,16.230575965817664,0.0546681455472792,0.0546681455472792,0.0579128565004976,-0.522655088586224,-0.5257205815554963,-0.0030654929692723234,0.0569472511815487,-0.0569472511815487,-0.057912856500497684,0.057912856500497684,0.09409777265241415,0.0012197524452876697,0.0012197524452876697,False,p<100M,0.50-0.55,0.50-1.00
698,30419023,30419022,1,16.230578727251388,0.0546681373257709,0.0546681373257709,0.058411252820423,-0.5041070612556202,-0.5071725504929997,-0.003065489237379514,0.05694724222952686,-0.05694724222952686,-0.05841125282042306,0.05841125282042306,0.09409774249153029,0.001219752054323986,0.001219752054323986,False,p<100M,0.50-0.55,0.50-1.00
812,30419107,30419106,1,16.230581488677487,0.0546681291042877,0.0546681291042877,0.0587260679523749,-0.5009515123895627,-0.504016997895064,-0.0030654855055012864,0.056947233277529125,-0.056947233277529125,-0.058726067952374984,0.058726067952374984,0.0940977123307442,0.0012197516633615695,0.0012197516633615695,False,p<100M,0.50-0.55,>=1.00
640,30419219,30419218,1,16.23058517056709,0.0546681181423492,0.0546681181423492,0.058670038662687,-0.5043481688906304,-0.5074136494203171,-0.003065480529686765,0.05694722134157766,-0.05694722134157766,-0.058670038662687,0.058670038662687,0.09409767211651487,0.0012197511420803196,0.0012197511420803196,False,p<100M,0.50-0.55,>=1.00
850,30419423,30419422,1,16.230591876831177,0.0546680981760764,0.0546680981760764,0.0588391093536454,-0.5005666830646881,-0.5036321545313515,-0.0030654714666634056,0.05694719960121899,-0.05694719960121899,-0.0588391093536454,0.0588391093536454,0.0940975988696153,0.0012197501926095474,0.0012197501926095474,False,p<100M,0.50-0.55,>=1.00
1251,30422963,30422962,1,16.230708243076382,0.0546677517261495,0.0546677517261495,0.0576765885135855,-0.49969500491160923,-0.5027603191220296,-0.0030653142104202676,0.056946822367929396,-0.056946822367929396,-0.057676588513585585,0.057676588513585585,0.09409632791230646,0.001219733717689455,0.001219733717689455,False,p<100M,0.50-0.55,0.25-0.50
1261,30423017,30423016,1,16.230710018049844,0.0546677464416662,0.0546677464416662,0.0579399010587369,-0.4995745129351455,-0.5026398247469447,-0.0030653118117991754,0.05694681661390198,-0.05694681661390198,-0.057939901058736955,0.057939901058736955,0.0940963085261667,0.001219733466394544,0.001219733466394544,False,p<100M,0.50-0.55,0.50-1.00
785,30423473,30423472,1,16.230725006589036,0.0546677018175545,0.0546677018175545,0.0593544515613056,-0.5001977074688834,-0.5032629990259039,-0.0030652915570205195,0.05694676802478931,-0.05694676802478931,-0.05935445156130562,0.05935445156130562,0.09409614482259715,0.0012197313443695096,0.0012197313443695096,False,p<100M,0.50-0.55,>=1.00
891,30642761,30642760,1,16.237907009742973,0.0546463277876741,0.0546463277876741,0.0578939114446271,-0.5031191862061661,-0.506174787459806,-0.0030556012536398754,0.05692349528982501,-0.05692349528982501,-0.057893911444627154,0.057893911444627154,0.09401775270387082,0.0012187151781435468,0.0012187151781435468,False,p<100M,0.50-0.55,0.50-1.00
731,30649523,30649522,1,16.23812765741952,0.0546456713917394,0.0546456713917394,0.058857594872207,-0.501376405710711,-0.504431709732717,-0.00305530402200601,0.056922780598869765,-0.056922780598869765,-0.058857594872207014,0.058857594872207014,0.09401534586870476,0.0012186839792852056,0.0012186839792852056,False,p<100M,0.50-0.55,>=1.00
873,30649621,30649620,1,16.238130854854056,0.0546456618799349,0.0546456618799349,0.0590986334793916,-0.500116698550997,-0.503171998265989,-0.003055299714991985,0.056922770242319495,-0.056922770242319495,-0.059098633479391656,0.059098633479391656,0.09401531099161876,0.001218683527187247,0.001218683527187247,False,p<100M,0.50-0.55,>=1.00
1250,30650057,30650056,1,16.238145080051126,0.0546456195625194,0.0546456195625194,0.0582871795959794,-0.49945296080110485,-0.5025082413545184,-0.0030552805534136297,0.05692272416669322,-0.05692272416669322,-0.05828717959597943,0.05828717959597943,0.09401515582576207,0.0012186815158332287,0.0012186815158332287,False,p<100M,0.50-0.55,0.50-1.00
456,30775091,30775090,1,16.24221618697599,0.0546335114292263,0.0546335114292263,0.0592299076839352,-0.5046978495538064,-0.507747651105119,-0.0030498015513125325,0.05690954085352678,-0.05690954085352678,-0.05922990768393528,0.05922990768393528,0.09397076471475868,0.0012181060913075555,0.0012181060913075555,False,p<100M,0.50-0.55,>=1.00
837,30775181,30775180,1,16.242219111414734,0.0546335027333908,0.0546335027333908,0.0575277906754467,-0.5083153420491633,-0.5113651396681598,-0.003049797618996544,0.056909531385620576,-0.056909531385620576,-0.05752779067544678,0.05752779067544678,0.09397073283815162,0.0012181056781036261,0.0012181056781036261,False,p<100M,0.50-0.55,0.25-0.50
592,30775243,30775242,1,16.242221126023114,0.0546334967429427,0.0546334967429427,0.0592419667918848,-0.5022842573774496,-0.505334052287527,-0.003049794910077492,0.056909524863303425,-0.056909524863303425,-0.059241966791884836,0.059241966791884836,0.09397071087877487,0.0012181053934528557,0.0012181053934528557,False,p<100M,0.50-0.55,>=1.00
1112,30775301,30775300,1,16.242223010653085,0.0546334911389872,0.0546334911389872,0.0575445522104413,-0.5024459864559107,-0.505495778831845,-0.0030497923759344597,0.056909518761791976,-0.056909518761791976,-0.05754455221044132,0.05754455221044132,0.09397069033617912,0.0012181051271672606,0.0012181051271672606,False,p<100M,0.50-0.55,0.25-0.50
529,30775463,30775462,1,16.242228274600745,0.0546334754866218,0.0546334754866218,0.0589936799309258,-0.5051028941451303,-0.508152679442977,-0.0030497852978467665,0.056909501719713054,-0.056909501719713054,-0.05899367993092586,0.05899367993092586,0.09397063295882488,0.0012181043834071674,0.0012181043834071674,False,p<100M,0.50-0.55,>=1.00
1464,30775567,30775566,1,16.24223165391056,0.0546334654382379,0.0546334654382379,0.0589963664252072,-0.49841242386977364,-0.5014622046236911,-0.003049780753917454,0.05690949077917136,-0.05690949077917136,-0.05899636642520726,0.05899636642520726,0.09397059612416708,0.0012181039059339749,0.0012181039059339749,False,p<100M,0.50-0.55,>=1.00
295,30775879,30775878,1,16.242241791771498,0.0546334352933119,0.0546334352933119,0.0597981788803012,-0.5067191112577554,-0.5097688783800169,-0.00304976712226151,0.05690945795779282,-0.05690945795779282,-0.05979817888030128,0.05979817888030128,0.09397048562107044,0.0012181024735257622,0.0012181024735257622,False,p<100M,0.50-0.55,>=1.00
1188,30776233,30776232,1,16.242253294220024,0.0546334010908253,0.0546334010908253,0.0579233664053522,-0.4997807786025769,-0.5028305302583916,-0.0030497516558146975,0.05690942071859925,-0.05690942071859925,-0.057923366405352256,0.057923366405352256,0.09397036024414959,0.0012181008483140119,0.0012181008483140119,False,p<100M,0.50-0.55,0.50-1.00
892,30776287,30776286,1,16.24225504881919,0.0546333958735352,0.0546333958735352,0.0591546579044083,-0.49991657847179916,-0.5029663277683479,-0.0030497492965487548,0.05690941503808738,-0.05690941503808738,-0.05915465790440835,0.05915465790440835,0.09397034111900537,0.0012181006004022838,0.0012181006004022838,False,p<100M,0.50-0.55,>=1.00
1043,30776353,30776352,1,16.242257193325095,0.054633389496861,0.054633389496861,0.0581186934414031,-0.5001404556122073,-0.5031902020252167,-0.003049746413009353,0.05690940809525441,-0.05690940809525441,-0.05811869344140312,0.05811869344140312,0.09397031774388263,0.0012181002973997545,0.0012181002973997545,False,p<100M,0.50-0.55,0.50-1.00
493,30776687,30776686,1,16.24226804575415,0.0546333572272576,0.0546333572272576,0.0575172282560766,-0.530988086996032,-0.5340378188167203,-0.003049731820688344,0.05690937296055988,-0.05690937296055988,-0.05751722825607665,0.05751722825607665,0.09397019945249742,0.001218098764035018,0.001218098764035018,False,p<100M,0.50-0.55,0.25-0.50
1048,30776717,30776716,1,16.242269020517465,0.0546333543288092,0.0546333543288092,0.0582514018082677,-0.5000639914338993,-0.5031137219439114,-0.003049730510011926,0.056909369804769586,-0.056909369804769586,-0.05825140180826778,0.05825140180826778,0.09397018882759643,0.0012180986263086021,0.0012180986263086021,False,p<100M,0.50-0.55,0.50-1.00
1071,30780077,30780076,1,16.24237818799631,0.0546330297224053,0.0546330297224053,0.0583531546770101,-0.5019224013591562,-0.5049719850849952,-0.003049583725838903,0.05690901637797004,-0.05690901637797004,-0.05835315467701016,0.05835315467701016,0.0939689989156233,0.0012180832019473447,0.0012180832019473447,False,p<100M,0.50-0.55,0.50-1.00
1437,30780143,30780142,1,16.24238033223816,0.0546330233466014,0.0546330233466014,0.0585878366316364,-0.4988482259083409,-0.5018978067511493,-0.0030495808428083254,0.05690900943608867,-0.05690900943608867,-0.058587836631636435,0.058587836631636435,0.09396897554387952,0.0012180828989886156,0.0012180828989886156,False,p<100M,0.50-0.55,>=1.00
1093,30781631,30781630,1,16.24242867392501,0.0546328796052262,0.0546328796052262,0.0581949055190804,-0.4999438479906144,-0.5029933638365385,-0.0030495158459240106,0.056908852932606405,-0.056908852932606405,-0.05819490551908044,0.05819490551908044,0.09396844863290807,0.0012180760688487752,0.0012180760688487752,False,p<100M,0.50-0.55,0.50-1.00
1079,30781769,30781768,1,16.2424331571082,0.0546328662747631,0.0546328662747631,0.0582198634934368,-0.49997519940857554,-0.5030247092267909,-0.0030495098182152978,0.056908838418597445,-0.056908838418597445,-0.058219863493436844,0.058219863493436844,0.09396839976767997,0.0012180754354280282,0.0012180754354280282,False,p<100M,0.50-0.55,0.50-1.00
769,30781873,30781872,1,16.242436535725727,0.0546328562286608,0.0546328562286608,0.0591803064401032,-0.5005647114413778,-0.5036142167169976,-0.0030495052756197905,0.056908827480552475,-0.056908827480552475,-0.05918030644010328,0.05918030644010328,0.09396836294188093,0.0012180749580696683,0.0012180749580696683,False,p<100M,0.50-0.55,>=1.00
879,30781943,30781942,1,16.24243880978879,0.0546328494668824,0.0546328494668824,0.058586881232034,-0.5006359081869426,-0.5036854104050587,-0.0030495022181161132,0.05690882011843017,-0.05690882011843017,-0.05858688123203406,0.05858688123203406,0.09396833815536766,0.0012180746367718381,0.0012180746367718381,False,p<100M,0.50-0.55,0.50-1.00
1257,30784291,30784290,1,16.24251508536547,0.0546326226673866,0.0546326226673866,0.0583171498986228,-0.49939792753834056,-0.5024473272048153,-0.003049399666474773,0.056908573182592584,-0.056908573182592584,-0.05831714989862286,0.05831714989862286,0.09396750678322813,0.0012180638600215329,0.0012180638600215329,False,p<100M,0.50-0.55,0.50-1.00
1000,30784337,30784336,1,16.242516579632973,0.0546326182243171,0.0546326182243171,0.0582834135511458,-0.5002181352417617,-0.5032675328992448,-0.0030493976574830148,0.05690856834504563,-0.05690856834504563,-0.058283413551145864,0.058283413551145864,0.09396749049644244,0.001218063648902331,0.001218063648902331,False,p<100M,0.50-0.55,0.50-1.00
354,30784619,30784618,1,16.242525740093644,0.0546325909865302,0.0546325909865302,0.0583295511087164,-0.5162541745033388,-0.5193035598449229,-0.003049385341584157,0.056908538688966434,-0.056908538688966434,-0.05832955110871642,0.05832955110871642,0.09396739065198981,0.0012180623546579317,0.0012180623546579317,False,p<100M,0.50-0.55,0.50-1.00
1321,30784867,30784866,1,16.242533796032262,0.0546325670329603,0.0546325670329603,0.0572404470284414,-0.49963597217202677,-0.5026853466827412,-0.003049374510714492,0.05690851260869107,-0.05690851260869107,-0.057240447028441443,0.057240447028441443,0.09396730284640818,0.0012180612164686857,0.0012180612164686857,False,p<100M,0.50-0.55,0.10-0.25
768,30785057,30785056,1,16.242539967876812,0.0546325486815797,0.0546325486815797,0.0593828883794093,-0.500136203067646,-0.503185569280601,-0.0030493662129551244,0.05690849262799263,-0.05690849262799263,-0.059382888379409325,0.059382888379409325,0.09396723557656474,0.0012180603444761431,0.0012180603444761431,False,p<100M,0.50-0.55,>=1.00
1308,30786757,30786756,1,16.24259518794879,0.0546323844906027,0.0546323844906027,0.0583182528591598,-0.49926361015609627,-0.5023129021292088,-0.0030492919731125606,0.0569083138594443,-0.0569083138594443,-0.05831825285915982,0.05831825285915982,0.0939666337101813,0.0012180525427187556,0.0012180525427187556,False,p<100M,0.50-0.55,0.50-1.00
485,30788267,30788266,1,16.242644233808694,0.0546322386588088,0.0546322386588088,0.0592444114270652,-0.5041488333912691,-0.5071980594268596,-0.0030492260355904537,0.05690815508012955,-0.05690815508012955,-0.05924441142706521,0.05924441142706521,0.0939660991439355,0.0012180456133466025,0.0012180456133466025,False,p<100M,0.50-0.55,>=1.00
1310,30788371,30788370,1,16.242647611713153,0.0546322286150565,0.0546322286150565,0.0595914878654254,-0.4969912329983396,-0.5000404544927082,-0.0030492214943686445,0.05690814414465416,-0.05690814414465416,-0.0595914878654254,0.0595914878654254,0.09396606232726078,0.0012180451361065174,0.0012180451361065174,False,p<100M,0.50-0.55,>=1.00
709,30794947,30794946,1,16.242861176043185,0.0546315936172236,0.0546315936172236,0.0590213018912058,-0.5013889132779898,-0.5044378476720476,-0.003048934394057696,0.05690745276970799,-0.05690745276970799,-0.05902130189120582,0.05902130189120582,0.09396373467703321,0.0012180149636914132,0.0012180149636914132,False,p<100M,0.50-0.55,>=1.00
479,30795049,30795048,1,16.24286448826941,0.0546315837689884,0.0546315837689884,0.0587764106373514,-0.5064626288534485,-0.509511558795,-0.0030489299415514823,0.056907442047122336,-0.056907442047122336,-0.05877641063735146,0.05877641063735146,0.09396369857756531,0.0012180144957481985,0.0012180144957481985,False,p<100M,0.50-0.55,>=1.00
1443,30799499,30799498,1,16.24300898157774,0.054631154150782,0.054631154150782,0.0582339848437294,-0.49905505740588696,-0.5021037931165069,-0.003048735710619947,0.05690697428651224,-0.05690697428651224,-0.05823398484372946,0.05823398484372946,0.09396212378643717,0.0012179940823497171,0.0012179940823497171,False,p<100M,0.50-0.55,0.50-1.00
1105,30799543,30799542,1,16.243010410171387,0.0546311499032151,0.0546311499032151,0.0589063417634296,-0.4993663579326273,-0.5024150917229624,-0.0030487337903350557,0.056906969661838315,-0.056906969661838315,-0.05890634176342962,0.05890634176342962,0.09396210821680238,0.0012179938805266604,0.0012179938805266604,False,p<100M,0.50-0.55,>=1.00
393,30801247,30801246,1,16.243065734137215,0.0546309854117089,0.0546309854117089,0.0584941961271208,-0.5107762902397406,-0.513824949665705,-0.0030486594259643827,0.05690679056652781,-0.05690679056652781,-0.05849419612712087,0.05849419612712087,0.09396150526739595,0.0012179860647304715,0.0012179860647304715,False,p<100M,0.50-0.55,0.50-1.00
1285,30801559,30801558,1,16.24307586354593,0.0546309552946383,0.0546309552946383,0.0587082727437811,-0.4990290837345699,-0.5020777295451613,-0.0030486458105913423,0.05690675777562506,-0.05690675777562506,-0.058708272743781195,0.058708272743781195,0.09396139487245038,0.0012179846337241787,0.0012179846337241787,False,p<100M,0.50-0.55,>=1.00
371,30801703,30801702,1,16.243080538623037,0.0546309413945658,0.0546309413945658,0.0590182314704876,-0.5085654238389665,-0.5116140633656061,-0.0030486395266396613,0.056906742641486124,-0.056906742641486124,-0.05901823147048765,0.05901823147048765,0.09396134392137982,0.0012179839732654753,0.0012179839732654753,False,p<100M,0.50-0.55,>=1.00
1459,30801733,30801732,1,16.243081512594685,0.0546309384987265,0.0546309384987265,0.0574062037622427,-0.49932836206193765,-0.5023770002794261,-0.003048638217488422,0.05690673948855157,-0.05690673948855157,-0.05740620376224277,0.05740620376224277,0.09396133330660862,0.0012179838356703681,0.0012179838356703681,False,p<100M,0.50-0.55,0.25-0.50
867,30801877,30801876,1,16.243086187645382,0.0546309245987411,0.0546309245987411,0.0578221710482515,-0.5122775156986901,-0.5153261476322776,-0.0030486319335875324,0.05690672435450644,-0.05690672435450644,-0.05782217104825153,0.05782217104825153,0.09396128235587597,0.001217983175216045,0.001217983175216045,False,p<100M,0.50-0.55,0.50-1.00
469,30802151,30802150,1,16.243095083167603,0.0546308981503567,0.0546308981503567,0.0592880023223457,-0.504167878230221,-0.5072164982070579,-0.00304861997683699,0.056906695558002415,-0.056906695558002415,-0.05928800232234574,0.05928800232234574,0.09396118540872633,0.0012179819185282458,0.0012179819185282458,False,p<100M,0.50-0.55,>=1.00
817,30802217,30802216,1,16.24309722587281,0.054630891779617,0.054630891779617,0.0585321383384456,-0.5010348045010469,-0.5040834215978135,-0.0030486170967666108,0.0569066886216616,-0.0569066886216616,-0.058532138338445665,0.058532138338445665,0.09396116205664452,0.0012179816158243869,0.0012179816158243869,False,p<100M,0.50-0.55,0.50-1.00
1119,30802271,30802270,1,16.243098978991835,0.0546308865672048,0.0546308865672048,0.0582828772431081,-0.4998135668923834,-0.5028621816327353,-0.003048614740351981,0.05690668294648621,-0.05690668294648621,-0.058282877243108176,0.058282877243108176,0.09396114295043946,0.0012179813681581597,0.0012179813681581597,False,p<100M,0.50-0.55,0.50-1.00
1208,30802309,30802308,1,16.243100212666345,0.0546308828992171,0.0546308828992171,0.0583791167720737,-0.49949060604587825,-0.502539219128016,-0.003048613082137804,0.056906678952850474,-0.056906678952850474,-0.05837911677207373,0.05837911677207373,0.09396112950535576,0.0012179811938748237,0.0012179811938748237,False,p<100M,0.50-0.55,0.50-1.00
1098,30804737,30804736,1,16.243179034819295,0.0546306485445072,0.0546306485445072,0.058989272338129,-0.4992566224314331,-0.5023051295684892,-0.0030485071370560625,0.05690642379191455,-0.05690642379191455,-0.05898927233812907,0.05898927233812907,0.09396027047563989,0.0012179700586102261,0.0012179700586102261,False,p<100M,0.50-0.55,>=1.00
491,30805079,30805078,1,16.243190136946268,0.0546306155357277,0.0546306155357277,0.059199372758358,-0.5052479557079539,-0.5082964479228995,-0.0030484922149456787,0.05690638785259345,-0.05690638785259345,-0.05919937275835805,0.05919937275835805,0.09396014948195958,0.0012179684902167004,0.0012179684902167004,False,p<100M,0.50-0.55,>=1.00
922,30808091,30808090,1,16.24328790825076,0.0546303248443673,0.0546303248443673,0.0588642345773177,-0.5001091936173647,-0.5031575544232757,-0.003048360805911049,0.05690607135355773,-0.05690607135355773,-0.05886423457731774,0.05886423457731774,0.09395908395659232,0.0012179546782301297,0.0012179546782301297,False,p<100M,0.50-0.55,>=1.00
712,30808223,30808222,1,16.243292192830328,0.0546303121056258,0.0546303121056258,0.0583692107538644,-0.5038927288486666,-0.506941083896037,-0.0030483550473702705,0.056906057483870086,-0.056906057483870086,-0.05836921075386447,0.05836921075386447,0.09395903726305876,0.0012179540729602052,0.0012179540729602052,False,p<100M,0.50-0.55,0.50-1.00
835,30811943,30811942,1,16.243412932524684,0.0546299531296021,0.0546299531296021,0.0585590592521217,-0.5008629188107064,-0.5039111115864691,-0.0030481927757626285,0.056905666638070916,-0.056905666638070916,-0.05855905925212176,0.05855905925212176,0.093957721450955,0.001217937016605035,0.001217937016605035,False,p<100M,0.50-0.55,0.50-1.00
582,30816061,30816060,1,16.243546573069203,0.0546295558030208,0.0546295558030208,0.058953267494846,-0.5028472481712131,-0.5058952613467881,-0.003048013175575042,0.05690523403726073,-0.05690523403726073,-0.05895326749484606,0.05895326749484606,0.09395626507858457,0.0012179181382223694,0.0012179181382223694,False,p<100M,0.50-0.55,>=1.00
505,30816259,30816258,1,16.24355299826949,0.0546295367004087,0.0546295367004087,0.0592946600278837,-0.5036204209359324,-0.5066684254769108,-0.0030480045409784096,0.05690521323874709,-0.05690521323874709,-0.05929466002788375,0.05929466002788375,0.09395619505963791,0.0012179172305942822,0.0012179172305942822,False,p<100M,0.50-0.55,>=1.00
517,30819307,30819306,1,16.243651902204352,0.0546292426531201,0.0546292426531201,0.0592365302710272,-0.5035253969571744,-0.5065732685877273,-0.0030478716305530305,0.0569048930864643,-0.0569048930864643,-0.05923653027102727,0.05923653027102727,0.09395511725885661,0.0012179032594863434,0.0012179032594863434,False,p<100M,0.50-0.55,>=1.00
553,30819421,30819420,1,16.243655601177505,0.0546292316559138,0.0546292316559138,0.0587588750929464,-0.5050068994949839,-0.5080547661548432,-0.0030478666598594047,0.05690488111294889,-0.05690488111294889,-0.058758875092946486,0.058758875092946486,0.0939550769498378,0.0012179027369763745,0.0012179027369763745,False,p<100M,0.50-0.55,>=1.00
845,30819511,30819510,1,16.243658521409802,0.0546292229739406,0.0546292229739406,0.0584555384497958,-0.5008871689829155,-0.5039350317185614,-0.0030478627356458512,0.05690487166020727,-0.05690487166020727,-0.058455538449795875,0.058455538449795875,0.09395504512705184,0.0012179023244701071,0.0012179023244701071,False,p<100M,0.50-0.55,0.50-1.00
688,30819587,30819586,1,16.2436609873771,0.0546292156425185,0.0546292156425185,0.0590050793129095,-0.5016181961718866,-0.5046660555937652,-0.0030478594218785408,0.056904863677917854,-0.056904863677917854,-0.05900507931290955,0.05900507931290955,0.09395501825456201,0.0012179019761325825,0.0012179019761325825,False,p<100M,0.50-0.55,>=1.00
562,30819749,30819748,1,16.243666243760785,0.0546292000150804,0.0546292000150804,0.0580547828799747,-0.5080296733568672,-0.511077525715228,-0.0030478523583608113,0.0569048466631077,-0.0569048466631077,-0.05805478287997479,0.05805478287997479,0.09395496097398806,0.0012179012336270144,0.0012179012336270144,False,p<100M,0.50-0.55,0.50-1.00
793,30819821,30819820,1,16.243668579922442,0.0546291930695815,0.0546291930695815,0.0585918386816566,-0.5011336043858283,-0.5041814536048652,-0.0030478492190368902,0.0569048391010043,-0.0569048391010043,-0.05859183868165663,0.05859183868165663,0.09395493551606868,0.0012179009036260107,0.0012179009036260107,False,p<100M,0.50-0.55,>=1.00
1033,30819869,30819868,1,16.243670137360514,0.054629188439259,0.054629188439259,0.0588432889266009,-0.4996579526441799,-0.5027057997703397,-0.003047847126159869,0.05690483405961092,-0.05690483405961092,-0.05884328892660098,0.05884328892660098,0.0939549185441612,0.0012179006836258441,0.0012179006836258441,False,p<100M,0.50-0.55,>=1.00
318,30820421,30820420,1,16.24368804772401,0.0546291351911239,0.0546291351911239,0.0586821462517961,-0.5145316100424081,-0.5175794331008194,-0.003047823058411299,0.05690477608422532,-0.05690477608422532,-0.05868214625179614,0.05868214625179614,0.09395472336945555,0.0012178981536528411,0.0012178981536528411,False,p<100M,0.50-0.55,>=1.00
1331,30820781,30820780,1,16.24369972822304,0.0546291004646488,0.0546291004646488,0.0585632845316376,-0.49905686954552864,-0.5021046769079149,-0.0030478073623863115,0.05690473827481411,-0.05690473827481411,-0.058563284531637685,0.058563284531637685,0.09395459608381493,0.0012178965036991065,0.0012178965036991065,False,p<100M,0.50-0.55,0.50-1.00
511,30824461,30824460,1,16.24381912105483,0.0546287455086881,0.0546287455086881,0.0591672091169923,-0.503704142917191,-0.5067517898463895,-0.003047646929198467,0.05690435180682051,-0.05690435180682051,-0.05916720911699231,0.05916720911699231,0.09395329504181563,0.0012178796388029954,0.0012178796388029954,False,p<100M,0.50-0.55,>=1.00
671,30824513,30824512,1,16.24382080802532,0.0546287404933426,0.0546287404933426,0.0588239211504652,-0.501954281479651,-0.5050019261420553,-0.003047644662404233,0.05690434634622742,-0.05690434634622742,-0.05882392115046527,0.05882392115046527,0.09395327665883312,0.0012178794005116178,0.0012178794005116178,False,p<100M,0.50-0.55,>=1.00
969,30848669,30848668,1,16.24460416313858,0.0546264116859048,0.0546264116859048,0.0582469097724379,-0.5004120702487292,-0.5034586624902647,-0.0030465922415355315,0.05690181079968669,-0.05690181079968669,-0.058246909772437995,0.058246909772437995,0.09394474099082599,0.001217768756001866,0.001217768756001866,False,p<100M,0.50-0.55,0.50-1.00
302,30848879,30848878,1,16.24461097054039,0.0546263914492982,0.0546263914492982,0.0591459350334649,-0.5104195009504116,-0.5134660840479124,-0.0030465830975008523,0.05690178876662888,-0.05690178876662888,-0.059145935033464936,0.059145935033464936,0.09394466682046924,0.0012177677945606816,0.0012177677945606816,False,p<100M,0.50-0.55,>=1.00
630,30848971,30848970,1,16.24461395281611,0.0546263825837853,0.0546263825837853,0.058579513692382,-0.5045334816380788,-0.5075800607296498,-0.003046579091571043,0.056901779114104226,-0.056901779114104226,-0.05857951369238206,0.05857951369238206,0.09394463432697586,0.0012177673733602971,0.0012177673733602971,False,p<100M,0.50-0.55,0.50-1.00
500,30849131,30849130,1,16.244619139361394,0.0546263671655719,0.0546263671655719,0.0582246638945879,-0.5090398800676814,-0.5120864521924585,-0.0030465721247771196,0.05690176232717926,-0.05690176232717926,-0.058224663894587976,0.058224663894587976,0.09394457781682358,0.0012177666408414024,0.0012177666408414024,False,p<100M,0.50-0.55,0.50-1.00
384,30977831,30977830,1,16.248782377590423,0.0546139937653505,0.0546139937653505,0.0578287310274751,-0.5321596864840645,-0.5352006714092726,-0.0030409849252081155,0.056888290661737714,-0.056888290661737714,-0.05782873102747512,0.05782873102747512,0.09389923357758369,0.0012171788612889906,0.0012171788612889906,False,p<100M,0.50-0.55,0.50-1.00
357,30978317,30978316,1,16.24879806610611,0.0546139471486721,0.0546139471486721,0.058206963587266,-0.5183885224537181,-0.5214294863434764,-0.0030409638897583016,0.056888239907921884,-0.056888239907921884,-0.058206963587266076,0.058206963587266076,0.09389906276696562,0.0012171766471380796,0.0012171766471380796,False,p<100M,0.50-0.55,0.50-1.00
730,30981329,30981328,1,16.24889529067716,0.0546136582584466,0.0546136582584466,0.0588661597811044,-0.5014116394438008,-0.5044524729762567,-0.0030408335324558717,0.05688792537935591,-0.05688792537935591,-0.05886615978110447,0.05886615978110447,0.093898004233046,0.0012171629257788966,0.0012171629257788966,False,p<100M,0.50-0.55,>=1.00
1322,30981373,30981372,1,16.24889671088637,0.0546136540385013,0.0546136540385013,0.0585806801571067,-0.4990304567553043,-0.5020712883836049,-0.003040831628300593,0.056887920784901375,-0.056887920784901375,-0.058580680157106726,0.058580680157106726,0.09389798877063041,0.00121716272534568,0.00121716272534568,False,p<100M,0.50-0.55,>=1.00
1271,30982811,30982810,1,16.24894312479542,0.054613516126674,0.054613516126674,0.059271953542285,-0.4982437127142683,-0.5012844821134427,-0.003040769399174334,0.0568877706337781,-0.0568877706337781,-0.05927195354228501,0.05927195354228501,0.09389748344496311,0.0012171561750076543,0.0012171561750076543,False,p<100M,0.50-0.55,>=1.00
1156,31018763,31018762,1,16.25010283741915,0.054610070443239,0.054610070443239,0.0577392055749262,-0.49989979149189595,-0.5029390064203764,-0.003039214928480392,0.05688401916746956,-0.05688401916746956,-0.0577392055749262,0.0577392055749262,0.09388485854208851,0.0012169925233534362,0.0012169925233534362,False,p<100M,0.50-0.55,0.50-1.00
827,31018847,31018846,1,16.25010554545384,0.0546100623977608,0.0546100623977608,0.0593598199872785,-0.499808225000466,-0.5028474363000291,-0.0030392112995631143,0.05688401040803368,-0.05688401040803368,-0.05935981998727853,0.05935981998727853,0.09388482906476926,0.0012169921412505317,0.0012169921412505317,False,p<100M,0.50-0.55,>=1.00
1347,31019041,31019040,1,16.25011179969641,0.0546100438166294,0.0546100438166294,0.0577898285461326,-0.499416746286164,-0.5024559492047099,-0.0030392029185458682,0.05688399017800507,-0.05688399017800507,-0.057789828546132634,0.057789828546132634,0.09388476098655683,0.0012169912587794195,0.0012169912587794195,False,p<100M,0.50-0.55,0.50-1.00
383,31019393,31019392,1,16.250123147500577,0.0546100101027406,0.0546100101027406,0.0578361073290868,-0.525415485631075,-0.5284546733430185,-0.0030391877119435797,0.056883953472335484,-0.056883953472335484,-0.057836107329086894,0.057836107329086894,0.09388463746447845,0.001216989657611263,0.001216989657611263,False,p<100M,0.50-0.55,0.50-1.00
636,31019627,31019626,1,16.25013069114005,0.0546099876909013,0.0546099876909013,0.0592948192838186,-0.5016591967221447,-0.5046983743252906,-0.00303917760314598,0.056883929071664924,-0.056883929071664924,-0.05929481928381864,0.05929481928381864,0.09388455535128003,0.0012169885932101436,0.0012169885932101436,False,p<100M,0.50-0.55,>=1.00
818,31020079,31020078,1,16.25014526245346,0.0546099444001869,0.0546099444001869,0.0594310936382445,-0.49960555750543334,-0.5026447155824932,-0.0030391580770599553,0.056883881939324976,-0.056883881939324976,-0.05943109363824454,0.05943109363824454,0.09388439674151972,0.0012169865372141564,0.0012169865372141564,False,p<100M,0.50-0.55,>=1.00
1197,31020191,31020190,1,16.25014887301157,0.0546099336733923,0.0546099336733923,0.0591767793252844,-0.4986444800528326,-0.5016836332916333,-0.0030391532388007654,0.056883870260632956,-0.056883870260632956,-0.05917677932528449,0.05917677932528449,0.09388435744040562,0.00121698602776926,0.00121698602776926,False,p<100M,0.50-0.55,>=1.00
593,31020361,31020360,1,16.250154353298075,0.0546099173917325,0.0546099173917325,0.0594288049849526,-0.5016512148842213,-0.5046903607792836,-0.0030391458950624036,0.05688385253413798,-0.05688385253413798,-0.059428804984952635,0.059428804984952635,0.09388429778724718,0.0012169852545088115,0.0012169852545088115,False,p<100M,0.50-0.55,>=1.00
866,31025143,31025142,1,16.250308498230464,0.0546094594387327,0.0546094594387327,0.0595441933396197,-0.4989771443135999,-0.5020160836572459,-0.0030389393436460487,0.05688335394255746,-0.05688335394255746,-0.059544193339619744,0.059544193339619744,0.09388261993620148,0.0012169635051851226,0.0012169635051851226,False,p<100M,0.50-0.55,>=1.00
670,31025339,31025338,1,16.250314815667288,0.0546094406702662,0.0546094406702662,0.0580349191062369,-0.5068291300630544,-0.5098680609417435,-0.003038930878689139,0.05688333350859376,-0.05688333350859376,-0.05803491910623696,0.05803491910623696,0.0938825511725391,0.0012169626138287923,0.0012169626138287923,False,p<100M,0.50-0.55,0.50-1.00
997,31027889,31027888,1,16.25039700317255,0.0546091965006628,0.0546091965006628,0.0582113431712301,-0.5002446342897874,-0.5032834550446451,-0.0030388207548577317,0.05688306767164835,-0.05688306767164835,-0.05821134317123017,0.05821134317123017,0.09388165658973195,0.0012169510177034455,0.0012169510177034455,False,p<100M,0.50-0.55,0.50-1.00
707,31027937,31027936,1,16.250398550166704,0.0546091919047424,0.0546091919047424,0.0585998688638257,-0.5017937358839747,-0.5048325545660375,-0.0030388186820629,0.056883062667891914,-0.056883062667891914,-0.05859986886382576,0.05859986886382576,0.09388163975135379,0.001216950799434167,0.001216950799434167,False,p<100M,0.50-0.55,>=1.00
710,31028143,31028142,1,16.250405189322773,0.0546091721806733,0.0546091721806733,0.0591241272165089,-0.501181158587155,-0.5042199683735255,-0.003038809786370502,0.05688304119353492,-0.05688304119353492,-0.059124127216508914,0.059124127216508914,0.0938815674869946,0.0012169498626996796,0.0012169498626996796,False,p<100M,0.50-0.55,>=1.00
1057,31034303,31034302,1,16.250603699063113,0.0546085824406096,0.0546085824406096,0.0577357907455695,-0.5002267805510948,-0.5032653243694547,-0.0030385438183598095,0.05688239912109474,-0.05688239912109474,-0.057735790745569525,0.057735790745569525,0.09387940683236691,0.0012169218549829054,0.0012169218549829054,False,p<100M,0.50-0.55,0.50-1.00
952,31034411,31034410,1,16.250607179077214,0.0546085721021683,0.0546085721021683,0.0595614854614243,-0.49848129036390265,-0.5015198295198617,-0.0030385391559591174,0.0568823878652467,-0.0568823878652467,-0.05956148546142433,0.05956148546142433,0.0938793689552507,0.001216921363996734,0.001216921363996734,False,p<100M,0.50-0.55,>=1.00
1030,31036051,31036050,1,16.250660022247622,0.0546084151159238,0.0546084151159238,0.0583362442918414,-0.5000485155226528,-0.5030869838820511,-0.003038468359398266,0.05688221694846913,-0.05688221694846913,-0.05833624429184145,0.05833624429184145,0.09387879380324064,0.0012169139085272697,0.0012169139085272697,False,p<100M,0.50-0.55,0.50-1.00
576,31038971,31038970,1,16.2507541019566,0.0546081356265869,0.0546081356265869,0.0595944719958201,-0.5012755328256798,-0.5043138751459338,-0.0030383423202539725,0.05688191265812596,-0.05688191265812596,-0.05959447199582016,0.05959447199582016,0.09387776984040815,0.0012169006352995022,0.0012169006352995022,False,p<100M,0.50-0.55,>=1.00
1070,31039139,31039138,1,16.250759514492515,0.0546081195472651,0.0546081195472651,0.0582970257036431,-0.49994031027953567,-0.5029786453487392,-0.0030383350692034937,0.05688189515197968,-0.05688189515197968,-0.058297025703643195,0.058297025703643195,0.09387771093091829,0.0012168998716789374,0.0012168998716789374,False,p<100M,0.50-0.55,0.50-1.00
264,31039823,31039822,1,16.250781550943447,0.0546080540824504,0.0546080540824504,0.0576298658887291,-0.549565602584289,-0.5526039081319398,-0.0030383055476508737,0.05688182387804696,-0.05688182387804696,-0.05762986588872917,0.05762986588872917,0.09387747108900237,0.001216896762702442,0.001216896762702442,False,p<100M,0.50-0.55,0.25-0.50
468,31039963,31039962,1,16.250786061268272,0.0546080406834165,0.0546080406834165,0.0583303218485938,-0.5092779479219132,-0.5123162474272559,-0.0030382995053427233,0.05688180929003051,-0.05688180929003051,-0.05833032184859389,0.05833032184859389,0.09387742199931665,0.0012168961263721392,0.0012168961263721392,False,p<100M,0.50-0.55,0.50-1.00
838,31040293,31040292,1,16.25079669266773,0.0546080091002443,0.0546080091002443,0.0583320902109802,-0.5069567899278368,-0.5099950751907505,-0.0030382852629137276,0.05688177490428132,-0.05688177490428132,-0.05833209021098025,0.05833209021098025,0.09387730628894296,0.0012168946264640406,0.0012168946264640406,False,p<100M,0.50-0.55,0.50-1.00
1178,33388547,33388546,1,16.323723494950226,0.0543922147816867,0.0543922147816867,0.0581067238097937,-0.49961917142259954,-0.5025612868089561,-0.0029421153863564823,0.05664687736574257,-0.05664687736574257,-0.05810672380979371,0.05810672380979371,0.09308858880968789,0.0012066707917563247,0.0012066707917563247,False,p<100M,0.50-0.55,0.50-1.00
783,33388679,33388678,1,16.323727448393875,0.0543922031292692,0.0543922031292692,0.0577338441229788,-0.5036190741643002,-0.5065611844191075,-0.0029421102548072542,0.056646864684252375,-0.056646864684252375,-0.0577338441229788,0.0577338441229788,0.09308854632224407,0.0012066702410082888,0.0012066702410082888,False,p<100M,0.50-0.55,0.50-1.00
472,33388783,33388782,1,16.323730563217257,0.0543921939486125,0.0543921939486125,0.0589474946578349,-0.5043377686741738,-0.5072798748859627,-0.002942106211788977,0.05664685469281663,-0.05664685469281663,-0.05894749465783497,0.05894749465783497,0.09308851284742715,0.001206669807087393,0.001206669807087393,False,p<100M,0.50-0.55,>=1.00
869,33388841,33388840,1,16.323732300326082,0.0543921888286447,0.0543921888286447,0.0589455636856937,-0.500002630577473,-0.5029447345345096,-0.00294210395703665,0.05664684912068295,-0.05664684912068295,-0.05894556368569374,0.05894556368569374,0.09308849417883239,0.001206669565093736,0.001206669565093736,False,p<100M,0.50-0.55,>=1.00
797,33411431,33411430,1,16.324408644903276,0.0543901954384035,0.0543901954384035,0.0588318641221281,-0.5006400322600302,-0.5035812584565746,-0.002941226196544536,0.05664467969009007,-0.05664467969009007,-0.058831864122128145,0.058831864122128145,0.09308122597469902,0.0012065753502200508,0.0012065753502200508,False,p<100M,0.50-0.55,>=1.00
1085,33412189,33412188,1,16.32443133149224,0.0543901285767462,0.0543901285767462,0.0583910982497657,-0.49971383653706514,-0.502655033295397,-0.002941196758331808,0.056644606923878675,-0.056644606923878675,-0.05839109824976575,0.05839109824976575,0.09308098219248294,0.0012065721901669932,0.0012065721901669932,False,p<100M,0.50-0.55,>=1.00
561,33413669,33413668,1,16.32447562572338,0.0543899980337629,0.0543899980337629,0.0587642933105582,-0.5030082150630004,-0.5059493543457865,-0.0029411392827860404,0.056644464852667824,-0.056644464852667824,-0.058764293310558297,0.058764293310558297,0.09308050622479902,0.0012065660203849676,0.0012065660203849676,False,p<100M,0.50-0.55,>=1.00
702,33413759,33413758,1,16.32447831922821,0.0543899900955449,0.0543899900955449,0.0586290314487052,-0.5016793170687937,-0.5046204528565628,-0.0029411357877691426,0.056644456213427036,-0.056644456213427036,-0.058629031448705266,0.058629031448705266,0.09308047728161598,0.001206565645205861,0.001206565645205861,False,p<100M,0.50-0.55,>=1.00
947,33415721,33415720,1,16.32453703583054,0.0543898170482787,0.0543898170482787,0.0578975849812232,-0.5026026541759858,-0.505543713775741,-0.002941059599755244,0.05664426788444037,-0.05664426788444037,-0.0578975849812232,0.0578975849812232,0.09307984634295406,0.0012065574665959533,0.0012065574665959533,False,p<100M,0.50-0.55,0.50-1.00
331,33415939,33415938,1,16.324543559684656,0.0543897978214996,0.0543897978214996,0.0587411588277256,-0.5095370831007138,-0.51247813423553,-0.0029410511348162455,0.05664424695975741,-0.05664424695975741,-0.058741158827725626,0.058741158827725626,0.09307977624134105,0.0012065565578962946,0.0012065565578962946,False,p<100M,0.50-0.55,>=1.00
579,33453479,33453478,1,16.325666345109337,0.0543864890056183,0.0543864890056183,0.0580210470558037,-0.5073488992335905,-0.5102884938697096,-0.002939594636119179,0.05664064595533204,-0.05664064595533204,-0.05802104705580375,0.05802104705580375,0.09306771260953751,0.001206400181778384,0.001206400181778384,False,p<100M,0.50-0.55,0.50-1.00
483,33453599,33453598,1,16.325669932173774,0.0543864784352865,0.0543864784352865,0.0582047066805612,-0.508739755254524,-0.5116793452385702,-0.0029395899840462076,0.05664063445160982,-0.05664063445160982,-0.05820470668056119,0.05820470668056119,0.09306767407251713,0.0012063996822381344,0.0012063996822381344,False,p<100M,0.50-0.55,0.50-1.00
1456,33453967,33453966,1,16.32568093242448,0.0543864460198642,0.0543864460198642,0.0588258697641753,-0.49834091345317544,-0.5012804891710138,-0.0029395757178382583,0.05664059917381517,-0.05664059917381517,-0.058825869764175344,0.058825869764175344,0.09306755589333257,0.0012063981503278108,0.0012063981503278108,False,p<100M,0.50-0.55,>=1.00
1206,33471577,33471576,1,16.326207188898582,0.0543848952978074,0.0543848952978074,0.0576972499092111,-0.4997353655656788,-0.5026742588617615,-0.002938893296082678,0.0566389115210774,-0.0566389115210774,-0.057697249909211164,0.057697249909211164,0.09306190241597566,0.001206324866522721,0.001206324866522721,False,p<100M,0.50-0.55,0.50-1.00
748,33471629,33471628,1,16.32620874245429,0.0543848907200689,0.0543848907200689,0.0584436456897662,-0.5013879798368526,-0.5043268711185961,-0.00293889128174352,0.05663890653912571,-0.05663890653912571,-0.058443645689766205,0.058443645689766205,0.09306188572717254,0.0012063246501923248,0.0012063246501923248,False,p<100M,0.50-0.55,>=1.00
495,33475061,33475060,1,16.326311271795266,0.0543845886067494,0.0543845886067494,0.0589771353560745,-0.5039634834327967,-0.5069022417780783,-0.002938758345281634,0.05663857774937502,-0.05663857774937502,-0.05897713535607458,0.05897713535607458,0.0930607843334099,0.0012063103732578415,0.0012063103732578415,False,p<100M,0.50-0.55,>=1.00
970,33478231,33478230,1,16.326405964674663,0.0543843095873442,0.0543843095873442,0.0580317043722804,-0.5003942481153938,-0.5033328836899804,-0.002938635574586684,0.05663827409287674,-0.05663827409287674,-0.058031704372280404,0.058031704372280404,0.0930597671380879,0.0012062971877546528,0.0012062971877546528,False,p<100M,0.50-0.55,0.50-1.00
484,33486469,33486468,1,16.326652004753736,0.0543835846258156,0.0543835846258156,0.0590543775726441,-0.5038600370176156,-0.5067983536212121,-0.002938316603596495,0.056637485118789556,-0.056637485118789556,-0.059054377572644166,0.059054377572644166,0.09305712424205777,0.0012062629289321055,0.0012062629289321055,False,p<100M,0.50-0.55,>=1.00
1401,33486547,33486546,1,16.326654334050062,0.054383577762594,0.054383577762594,0.0592177389534237,-0.49753798823371714,-0.5004763018177326,-0.002938313584015413,0.056637477649565275,-0.056637477649565275,-0.0592177389534237,0.0592177389534237,0.09305709922192419,0.0012062626046059472,0.0012062626046059472,False,p<100M,0.50-0.55,>=1.00
910,33486917,33486916,1,16.326665383202304,0.0543835452065274,0.0543835452065274,0.0589292298645833,-0.4997590194749889,-0.5026973187354876,-0.0029382992604987585,0.056637442218890825,-0.056637442218890825,-0.05892922986458331,0.05892922986458331,0.0930569805376066,0.0012062610661477825,0.0012062610661477825,False,p<100M,0.50-0.55,>=1.00
461,33487507,33487506,1,16.3266830018682,0.0543834932936241,0.0543834932936241,0.0575407317020136,-0.5208513586274943,-0.5237896350482603,-0.0029382764207659525,0.05663738572223357,-0.05663738572223357,-0.057540731702013646,0.057540731702013646,0.09305679128741766,0.001206258612971961,0.001206258612971961,False,p<100M,0.50-0.55,0.50-1.00
948,33488537,33488536,1,16.32671375913419,0.0543834026684418,0.0543834026684418,0.0578979058425053,-0.5005631986512739,-0.503501435200668,-0.0029382365493942015,0.056637287095127296,-0.056637287095127296,-0.05789790584250533,0.05789790584250533,0.09305646091086948,0.0012062543304306092,0.0012062543304306092,False,p<100M,0.50-0.55,0.50-1.00
1096,33489283,33489282,1,16.326736035165272,0.0543833370331021,0.0543833370331021,0.0577474700715806,-0.5000285509873547,-0.5029667586601345,-0.002938207672779901,0.056637215664401865,-0.056637215664401865,-0.05774747007158069,0.05774747007158069,0.09305622163588097,0.0012062512288029711,0.0012062512288029711,False,p<100M,0.50-0.55,0.50-1.00
1138,33489319,33489318,1,16.326737110135454,0.054383333865754,0.054383333865754,0.0576878486927585,-0.4999106667689359,-0.5028488730482297,-0.002938206279293805,0.05663721221738835,-0.05663721221738835,-0.05768784869275853,0.05768784869275853,0.09305621008925682,0.0012062510791286205,0.0012062510791286205,False,p<100M,0.50-0.55,0.50-1.00
982,33489431,33489430,1,16.32674045447974,0.0543833240118063,0.0543833240118063,0.0589451733440807,-0.4994157471626454,-0.5023539491066623,-0.0029382019440169294,0.05663720149336869,-0.05663720149336869,-0.05894517334408072,0.05894517334408072,0.09305617416651933,0.0012062506134762922,0.0012062506134762922,False,p<100M,0.50-0.55,>=1.00
780,33489829,33489828,1,16.32675233875556,0.0543832889953948,0.0543832889953948,0.0580387605100748,-0.5033430178280478,-0.5062812043665175,-0.002938186538469631,0.056637163385128114,-0.056637163385128114,-0.05803876051007485,0.05803876051007485,0.09305604651364593,0.0012062489587622636,0.0012062489587622636,False,p<100M,0.50-0.55,0.50-1.00
928,33489931,33489930,1,16.32675538445175,0.0543832800214138,0.0543832800214138,0.0578008375393387,-0.5027162781538431,-0.5056544607441995,-0.0029381825903564565,0.05663715361877423,-0.05663715361877423,-0.057800837539338706,0.057800837539338706,0.09305601379887447,0.0012062485346935384,0.0012062485346935384,False,p<100M,0.50-0.55,0.50-1.00
809,33492971,33492970,1,16.32684615388429,0.0543830125754874,0.0543830125754874,0.0587843967905765,-0.500589651068056,-0.50352771599707,-0.0029380649290140738,0.056636862558360763,-0.056636862558360763,-0.05878439679057653,0.05878439679057653,0.0930550388240444,0.0012062358964779936,0.0012062358964779936,False,p<100M,0.50-0.55,>=1.00
1010,33496499,33496498,1,16.326951483871323,0.054382702231166,0.054382702231166,0.0583219062948139,-0.5017595362676429,-0.504697464666762,-0.0029379283991191663,0.056636524811957946,-0.056636524811957946,-0.05832190629481398,0.05832190629481398,0.09305390747023984,0.0012062212311832615,0.0012062212311832615,False,p<100M,0.50-0.55,>=1.00
1150,33822053,33822052,1,16.336623603317918,0.0543542193181911,0.0543542193181911,0.0572889911098015,-0.5000083527334281,-0.5029337705480488,-0.002925417814620652,0.05660552778080218,-0.05660552778080218,-0.05728899110980157,0.05728899110980157,0.09295010669966129,0.0012048757025892572,0.0012048757025892572,False,p<100M,0.50-0.55,0.25-0.50
1006,33827929,33827928,1,16.336797321029024,0.0543537080176778,0.0543537080176778,0.0585224770074963,-0.4998004738245406,-0.5027256674197702,-0.002925193595229553,0.056604971363514216,-0.056604971363514216,-0.058522477007496326,0.058522477007496326,0.09294824395666605,0.0012048515565838912,0.0012048515565838912,False,p<100M,0.50-0.55,>=1.00
1305,33840967,33840966,1,16.337182667944138,0.0543525738665597,0.0543525738665597,0.0584477315502231,-0.4990171195331703,-0.5019418158170811,-0.0029246962839107795,0.05660373713757182,-0.05660373713757182,-0.05844773155022311,0.05844773155022311,0.09294411215258797,0.001204797997631478,0.001204797997631478,False,p<100M,0.50-0.55,>=1.00
351,33843569,33843568,1,16.337259554044127,0.0543523475814136,0.0543523475814136,0.0573142485737193,-0.5351623908164517,-0.5380869878845741,-0.0029245970681224575,0.0566034908858585,-0.0566034908858585,-0.05731424857371931,0.05731424857371931,0.0929432877899564,0.0012047873117426698,0.0012047873117426698,False,p<100M,0.50-0.55,0.25-0.50
776,33843647,33843646,1,16.33726185876294,0.0543523407983747,0.0543523407983747,0.0580181471462947,-0.5033563952216097,-0.5062809893157152,-0.002924594094105417,0.056603483504310395,-0.056603483504310395,-0.05801814714629477,0.05801814714629477,0.09294326307923434,0.0012047869914272914,0.0012047869914272914,False,p<100M,0.50-0.55,0.50-1.00
355,33843947,33843946,1,16.337270723016555,0.054352314709925,0.054352314709925,0.0578346580287957,-0.5245234658831469,-0.5274480485388168,-0.0029245826556699136,0.05660345511391907,-0.05660345511391907,-0.0578346580287957,0.0578346580287957,0.0929431680386183,0.0012047857594531376,0.0012047857594531376,False,p<100M,0.50-0.55,0.50-1.00
811,33844121,33844120,1,16.33727586424765,0.0543522995787416,0.0543522995787416,0.0585494753453541,-0.5023650168758232,-0.5052895928972672,-0.002924576021443973,0.0566034386476207,-0.0566034386476207,-0.05854947534535417,0.05854947534535417,0.09294311291551377,0.001204785044913998,0.001204785044913998,False,p<100M,0.50-0.55,>=1.00
758,33844303,33844302,1,16.337281241828904,0.0543522837519638,0.0543522837519638,0.057322995670915,-0.5106776052498648,-0.5136021743321133,-0.002924569082248502,0.0566034214243512,-0.0566034214243512,-0.05732299567091506,0.05732299567091506,0.09294305525836935,0.0012047842975270947,0.0012047842975270947,False,p<100M,0.50-0.55,0.25-0.50
894,33844361,33844360,1,16.337282955557516,0.0543522787082852,0.0543522787082852,0.0585939985010802,-0.500288412502351,-0.5032129793732186,-0.0029245668708676753,0.05660341593563863,-0.05660341593563863,-0.05859399850108023,0.05859399850108023,0.09294303688419094,0.0012047840593498412,0.0012047840593498412,False,p<100M,0.50-0.55,>=1.00
507,33844543,33844542,1,16.337288333100634,0.0543522628816317,0.0543522628816317,0.0580375180528237,-0.5085453286810173,-0.5114698886127601,-0.002924559931742805,0.056603398712504874,-0.056603398712504874,-0.05803751805282372,0.05803751805282372,0.09294297922752615,0.0012047833119691552,0.0012047833119691552,False,p<100M,0.50-0.55,0.50-1.00
686,33844607,33844606,1,16.337290224097938,0.0543522573162375,0.0543522573162375,0.0589132052300743,-0.5014235592262231,-0.5043481167178469,-0.0029245574916237247,0.05660339265604442,-0.05660339265604442,-0.05891320523007435,0.05891320523007435,0.09294295895274143,0.0012047830491550891,0.0012047830491550891,False,p<100M,0.50-0.55,>=1.00
405,33844781,33844780,1,16.337295365228773,0.0543522421853809,0.0543522421853809,0.059041266201577,-0.5055865525417326,-0.5085111033993156,-0.0029245508575831062,0.056603376190102694,-0.056603376190102694,-0.059041266201577035,0.059041266201577035,0.09294290383089787,0.0012047823346322947,0.0012047823346322947,False,p<100M,0.50-0.55,>=1.00
1274,33862223,33862222,1,16.33781058520176,0.0543507258845843,0.0543507258845843,0.057251626550972,-0.4996842586759125,-0.5026081447760915,-0.0029238861001790626,0.0566017260994061,-0.0566017260994061,-0.057251626550972004,0.057251626550972004,0.0929373800274555,0.0012047107317391954,0.0012047107317391954,False,p<100M,0.50-0.55,0.25-0.50
466,33862469,33862468,1,16.337817849908106,0.0543507045050372,0.0543507045050372,0.0578902569502811,-0.5114235807493679,-0.5143474574773936,-0.0029238767280257314,0.05660170283347914,-0.05660170283347914,-0.0578902569502811,0.0578902569502811,0.09293730214422487,0.0012047097221694859,0.0012047097221694859,False,p<100M,0.50-0.55,0.50-1.00
701,33863117,33863116,1,16.337836985955153,0.0543506481890048,0.0543506481890048,0.0587001623650556,-0.5015111477778831,-0.5044349998187526,-0.002923852040869527,0.056601641548524824,-0.056601641548524824,-0.05870016236505564,0.05870016236505564,0.09293709699157447,0.0012047070628563063,0.0012047070628563063,False,p<100M,0.50-0.55,>=1.00
1189,33863147,33863146,1,16.337837871874388,0.05435064558181,0.05435064558181,0.0579572781844086,-0.4996681615215102,-0.5025920124194722,-0.002923850897961949,0.05660163871128849,-0.05660163871128849,-0.057957278184408656,0.057957278184408656,0.09293708749387812,0.0012047069397414013,0.0012047069397414013,False,p<100M,0.50-0.55,0.50-1.00
865,33864067,33864066,1,16.337865039683184,0.0543505656290784,0.0543505656290784,0.0578379832097438,-0.5030138076550289,-0.5059376235045322,-0.00292381584950337,0.05660155170411339,-0.05660155170411339,-0.05783798320974382,0.05783798320974382,0.09293679623598228,0.0012047031642797655,0.0012047031642797655,False,p<100M,0.50-0.55,0.50-1.00
1054,33865669,33865668,1,16.337912345345213,0.0543504264127823,0.0543504264127823,0.0588976206745489,-0.49911699378780444,-0.5020407486105318,-0.002923754822727375,0.05660140020441918,-0.05660140020441918,-0.05889762067454892,0.05889762067454892,0.09293628908949458,0.0012046965903391605,0.0012046965903391605,False,p<100M,0.50-0.55,>=1.00
1016,33865879,33865878,1,16.337918546296063,0.054350408163996,0.054350408163996,0.0571409787010661,-0.5027364969152682,-0.5056602437385377,-0.0029237468232694913,0.05660138034549988,-0.05660138034549988,-0.05714097870106612,0.05714097870106612,0.09293622261170414,0.0012046957286136895,0.0012046957286136895,False,p<100M,0.50-0.55,0.25-0.50
375,33866071,33866070,1,16.337924215703186,0.054350391479501,0.054350391479501,0.0578606794756717,-0.515709799634718,-0.5186335391442596,-0.002923739509541647,0.056601362188893646,-0.056601362188893646,-0.05786067947567171,0.05786067947567171,0.09293616183243326,0.001204694940755888,0.001204694940755888,False,p<100M,0.50-0.55,0.50-1.00
1101,33866149,33866148,1,16.33792651889065,0.0543503847014549,0.0543503847014549,0.0581857775751032,-0.5015547671146066,-0.5044785036529633,-0.002923736538356707,0.05660135481280546,-0.05660135481280546,-0.05818577757510328,0.05818577757510328,0.09293613714096989,0.0012046946206901526,0.0012046946206901526,False,p<100M,0.50-0.55,0.50-1.00
889,33868033,33868032,1,16.337982148114918,0.0543502209908248,0.0543502209908248,0.0580902158457348,-0.5007049091038719,-0.5036285738796639,-0.0029236647757919813,0.05660117665764191,-0.05660117665764191,-0.058090215845734886,0.058090215845734886,0.09293554076742683,0.001204686890134296,0.001204686890134296,False,p<100M,0.50-0.55,0.50-1.00
313,33868273,33868272,1,16.33798923441809,0.0543502001366919,0.0543502001366919,0.0584495095176475,-0.5126099007075369,-0.5155335563420118,-0.002923655634474935,0.05660115396350972,-0.05660115396350972,-0.05844950951764756,0.05844950951764756,0.09293546479906926,0.0012046859053863334,0.0012046859053863334,False,p<100M,0.50-0.55,>=1.00
747,33870209,33870208,1,16.338046395427412,0.05435003191934,0.05435003191934,0.058690891355918,-0.5010697558747482,-0.5039933377726606,-0.0029235818979124633,0.056600970904049856,-0.056600970904049856,-0.058690891355918,0.058690891355918,0.09293485201074335,0.001204677962052098,0.001204677962052098,False,p<100M,0.50-0.55,>=1.00
395,33870359,33870358,1,16.33805082408824,0.0543500188864154,0.0543500188864154,0.0592817646450739,-0.5049412590679266,-0.5078648352530313,-0.002923576185104595,0.05660095672121137,-0.05660095672121137,-0.0592817646450739,0.0592817646450739,0.09293480453402406,0.001204677346630045,0.001204677346630045,False,p<100M,0.50-0.55,>=1.00
766,33871373,33871372,1,16.338080761321024,0.0543499307855223,0.0543499307855223,0.0590450032161895,-0.5003204156647008,-0.5032439532321747,-0.0029235375674740377,0.056600860847046616,-0.056600860847046616,-0.059045003216189544,0.059045003216189544,0.09293448359787045,0.0012046731864608176,0.0012046731864608176,False,p<100M,0.50-0.55,>=1.00
571,33876299,33876298,1,16.338226183292385,0.0543495028339976,0.0543495028339976,0.0575605054459224,-0.5101415987027159,-0.5130649486897749,-0.0029233499870589966,0.05660039513695198,-0.05660039513695198,-0.05756050544592249,0.05756050544592249,0.09293292465418233,0.0012046529784864731,0.0012046529784864731,False,p<100M,0.50-0.55,0.50-1.00
1161,33876413,33876412,1,16.338229548471332,0.0543494929309417,0.0543494929309417,0.0585377659146537,-0.5007759840784096,-0.50369932972485,-0.002923345646440353,0.056600384360144654,-0.056600384360144654,-0.05853776591465379,0.05853776591465379,0.09293288857946198,0.0012046525108640508,0.0012046525108640508,False,p<100M,0.50-0.55,>=1.00
369,33877069,33877068,1,16.33824891278976,0.0543494359456534,0.0543494359456534,0.0580315698450999,-0.5174688399463576,-0.5203921606156102,-0.0029233206692526152,0.056600322347018964,-0.056600322347018964,-0.058031569845099905,0.058031569845099905,0.09293268099436491,0.001204649820020021,0.001204649820020021,False,p<100M,0.50-0.55,0.50-1.00
481,33877339,33877338,1,16.33825688275092,0.0543494124916978,0.0543494124916978,0.0574697978033588,-0.5161711439109333,-0.5190944543001423,-0.002923310389208968,0.056600296823710525,-0.056600296823710525,-0.057469797803358806,0.057469797803358806,0.09293259555674649,0.0012046487125257515,0.0012046487125257515,False,p<100M,0.50-0.55,0.50-1.00
265,33881387,33881386,1,16.338376365517014,0.0543490608809207,0.0543490608809207,0.0586131860322688,-0.5164477166560608,-0.5193708729348427,-0.0029231562787818627,0.05659991419031116,-0.05659991419031116,-0.05861318603226885,0.05861318603226885,0.09293131472109223,0.0012046321095565498,0.0012046321095565498,False,p<100M,0.50-0.55,>=1.00
1259,33902221,33902220,1,16.338991086428774,0.0543472519678123,0.0543472519678123,0.058713318484109,-0.4987947732851028,-0.501717136814986,-0.0029223635298831585,0.05659794568059649,-0.05659794568059649,-0.05871331848410909,0.05871331848410909,0.09292472543229563,0.0012045466951955527,0.0012045466951955527,False,p<100M,0.50-0.55,>=1.00
1103,33902461,33902460,1,16.33899816558593,0.0543472311369756,0.0543472311369756,0.0586781115263028,-0.4992651390695407,-0.5021874934713174,-0.0029223544017767406,0.05659792301193427,-0.05659792301193427,-0.05867811152630283,0.05867811152630283,0.09292464955379394,0.0012045457116123565,0.0012045457116123565,False,p<100M,0.50-0.55,>=1.00
788,33902543,33902542,1,16.339000584286474,0.0543472240198106,0.0543472240198106,0.0582634791934014,-0.5012097222622077,-0.504132073545236,-0.002922351283028303,0.05659791526684998,-0.05659791526684998,-0.05826347919340149,0.05826347919340149,0.09292462362878362,0.0012045453755566366,0.0012045453755566366,False,p<100M,0.50-0.55,0.50-1.00
1422,33902611,33902610,1,16.339002590033708,0.0543472181177857,0.0543472181177857,0.0569716522815128,-0.49945887185971144,-0.5023812205564687,-0.002922348696757311,0.05659790884411291,-0.05659790884411291,-0.05697165228151287,0.05697165228151287,0.09292460213005033,0.0012045450968770062,0.0012045450968770062,False,p<100M,0.50-0.55,0.10-0.25
728,33902807,33902806,1,16.339008371282635,0.0543472011061403,0.0543472011061403,0.0576533742965644,-0.506207617980011,-0.5091299592222642,-0.0029223412422531604,0.05659789033159752,-0.05659789033159752,-0.05765337429656449,0.05765337429656449,0.09292454016339627,0.0012045442936276232,0.0012045442936276232,False,p<100M,0.50-0.55,0.50-1.00
1184,33902969,33902968,1,16.33901314963662,0.0543471870455769,0.0543471870455769,0.0587979559752038,-0.49886510522284355,-0.5017874403037674,-0.0029223350809238716,0.05659787503052725,-0.05659787503052725,-0.05879795597520381,0.05879795597520381,0.09292448894637695,0.0012045436297215308,0.0012045436297215308,False,p<100M,0.50-0.55,>=1.00
1292,33903361,33903360,1,16.339024711978958,0.0543471530227931,0.0543471530227931,0.0580245314114383,-0.5012520263670066,-0.5041743465392095,-0.002922320172202771,0.05659783800605076,-0.05659783800605076,-0.05802453141143839,0.05802453141143839,0.09292436501502414,0.001204542023248111,0.001204542023248111,False,p<100M,0.50-0.55,0.50-1.00
470,33904141,33904140,1,16.33904771828289,0.0543470853256932,0.0543470853256932,0.0581891914296216,-0.5124891756824509,-0.5154114661900764,-0.002922290507625493,0.05659776433631444,-0.05659776433631444,-0.058189191429621624,0.058189191429621624,0.0929241184219239,0.0012045388267586667,0.0012045388267586667,False,p<100M,0.50-0.55,0.50-1.00
820,33904331,33904330,1,16.3390533223024,0.0543470688356353,0.0543470688356353,0.0579569097919857,-0.5051029197913482,-0.508025203073135,-0.0029222832817867805,0.05659774639140779,-0.05659774639140779,-0.05795690979198577,0.05795690979198577,0.09292405835538177,0.001204538048139688,0.001204538048139688,False,p<100M,0.50-0.55,0.50-1.00
682,33912811,33912810,1,16.339303406567062,0.0543463329625448,0.0543463329625448,0.0577269241070986,-0.506591094601006,-0.5095130554413003,-0.002921960840294316,0.05659694559587299,-0.05659694559587299,-0.0577269241070986,0.0577269241070986,0.09292137789277359,0.0012045033023563537,0.0012045033023563537,False,p<100M,0.50-0.55,0.50-1.00
558,33912947,33912946,1,16.33930741684292,0.0543463211624675,0.0543463211624675,0.0574866140386708,-0.5124849764358199,-0.5154069321058243,-0.0029219556700044785,0.05659693275474198,-0.05659693275474198,-0.057486614038670836,0.057486614038670836,0.09292133491062829,0.0012045027451956965,0.0012045027451956965,False,p<100M,0.50-0.55,0.50-1.00
280,33913261,33913260,1,16.339316675800756,0.0543462939183715,0.0543462939183715,0.058191274874661,-0.5184453333446999,-0.521367277077531,-0.002921943732831182,0.05659690310705417,-0.05659690310705417,-0.05819127487466109,0.05819127487466109,0.09292123567321217,0.0012045014588200728,0.0012045014588200728,False,p<100M,0.50-0.55,0.50-1.00
1454,33913337,33913336,1,16.33931891680951,0.0543462873243011,0.0543462873243011,0.0580626759467249,-0.49900042614742396,-0.5019223669910267,-0.002921940843602745,0.056596895931226285,-0.056596895931226285,-0.05806267594672495,0.05806267594672495,0.09292121165412698,0.0012045011474701114,0.0012045011474701114,False,p<100M,0.50-0.55,0.50-1.00
256,33913801,33913800,1,16.339332598648777,0.0543462470661212,0.0543462470661212,0.0584800149533509,-0.5172081867834588,-0.5201301099877635,-0.002921923204304712,0.05659685212130066,-0.05659685212130066,-0.05848001495335095,0.05848001495335095,0.0929210650126604,0.001204499246614412,0.001204499246614412,False,p<100M,0.50-0.55,>=1.00
522,33913889,33913888,1,16.339335193459245,0.0543462394310179,0.0543462394310179,0.0584378328293779,-0.5057638743857008,-0.5086857942446604,-0.0029219198589596723,0.056596843812596,-0.056596843812596,-0.05843783282937792,0.05843783282937792,0.09292103720161325,0.001204498886110738,0.001204498886110738,False,p<100M,0.50-0.55,>=1.00
761,33914047,33914046,1,16.339339852306598,0.0543462257225922,0.0543462257225922,0.0586737719164166,-0.5010422071716351,-0.503964121024211,-0.0029219138525759056,0.05659682889475671,-0.05659682889475671,-0.05867377191641664,0.05867377191641664,0.09292098726835471,0.001204498238845532,0.001204498238845532,False,p<100M,0.50-0.55,>=1.00
1061,33914129,33914128,1,16.339342270180843,0.0543462186081207,0.0543462186081207,0.0587143832589468,-0.4993782454737767,-0.5023001562091313,-0.0029219107353545804,0.056596821152617646,-0.056596821152617646,-0.05871438325894684,0.05871438325894684,0.09292096135373316,0.0012044979029244777,0.0012044979029244777,False,p<100M,0.50-0.55,>=1.00
1242,33915443,33915442,1,16.339381014343942,0.0543461046056518,0.0543461046056518,0.0574527273383092,-0.4996917119893698,-0.5026135727746267,-0.0029218607852568457,0.0565966970923952,-0.0565966970923952,-0.05745272733830922,0.05745272733830922,0.0929205460977495,0.0012044925201243621,0.0012044925201243621,False,p<100M,0.50-0.55,0.50-1.00
662,33915647,33915558,1,16.33938443460891,0.0543460782769807,0.0543460782769807,0.0590007255143094,-0.5023164525439355,-0.5052383051290952,-0.0029218525851596898,0.05659666920228852,-0.05659666920228852,-0.0590007255143094,0.0590007255143094,0.09292048163047636,0.001204491684460437,0.001204491684460437,False,p<100M,0.50-0.55,>=1.00
1148,33916499,33916498,1,16.339412150117706,0.0543460129907755,0.0543460129907755,0.0585439458953165,-0.4993440318309917,-0.5022658524757145,-0.002921820644722893,0.05659659739490544,-0.05659659739490544,-0.05854394589531658,0.05854394589531658,0.09292021238972309,0.0012044881943983673,0.0012044881943983673,False,p<100M,0.50-0.55,>=1.00
564,33919969,33919968,1,16.339514454972466,0.054345711967931,0.054345711967931,0.0572929033583325,-0.5171831215231422,-0.520104810279293,-0.0029216887561508624,0.056596269814798844,-0.056596269814798844,-0.05729290335833253,0.05729290335833253,0.09291911591602263,0.0012044739812407162,0.0012044739812407162,False,p<100M,0.50-0.55,0.25-0.50
1099,33920713,33920712,1,16.33953638871423,0.0543456474302986,0.0543456474302986,0.0585467889999367,-0.49946455300725767,-0.5023862134878001,-0.002921660480542462,0.05659619958345718,-0.05659619958345718,-0.05854678899993676,0.05854678899993676,0.09291888083907958,0.0012044709340306916,0.0012044709340306916,False,p<100M,0.50-0.55,>=1.00
920,33920959,33920958,1,16.33954364089398,0.0543456260915877,0.0543456260915877,0.0581434284620721,-0.5005222608150179,-0.5034439119465629,-0.00292165113154496,0.056596176362181824,-0.056596176362181824,-0.05814342846207217,0.05814342846207217,0.09291880311335635,0.0012044699265026885,0.0012044699265026885,False,p<100M,0.50-0.55,0.50-1.00
501,33921049,33921048,1,16.339546294117334,0.0543456182847851,0.0543456182847851,0.0589798781115919,-0.5037761940750003,-0.5066978417862046,-0.002921647711204311,0.05659616786664027,-0.05659616786664027,-0.05897987811159195,0.05897987811159195,0.09291877467728132,0.0012044695578970236,0.0012044695578970236,False,p<100M,0.50-0.55,>=1.00
1139,33921133,33921132,1,16.33954877045278,0.0543456109984567,0.0543456109984567,0.0577584668244067,-0.5039527335308411,-0.5068743780497392,-0.0029216445188980796,0.05659615993749024,-0.05659615993749024,-0.05775846682440673,0.05775846682440673,0.09291874813702447,0.0012044692138661048,0.0012044692138661048,False,p<100M,0.50-0.55,0.50-1.00
871,33921259,33921258,1,16.33955248494445,0.0543456000690016,0.0543456000690016,0.0589072212043223,-0.4999322411230255,-0.5028538808534855,-0.0029216397304600394,0.05659614804380738,-0.05659614804380738,-0.0589072212043223,0.0589072212043223,0.0929187083267838,0.0012044686978216008,0.0012044686978216008,False,p<100M,0.50-0.55,>=1.00
1116,33921493,33921492,1,16.33955938324952,0.0543455797715613,0.0543455797715613,0.0575180001629738,-0.5000336043123299,-0.5029552351500439,-0.0029216308377140936,0.05659612595566802,-0.05659612595566802,-0.057518000162973815,0.057518000162973815,0.09291863439393981,0.0012044677394592008,0.0012044677394592008,False,p<100M,0.50-0.55,0.50-1.00
684,33924533,33924532,1,16.339648997930915,0.0543453160924176,0.0543453160924176,0.0593030599397281,-0.49998874698537304,-0.5029102623013876,-0.0029215153160145634,0.0565958390140637,-0.0565958390140637,-0.059303059939728134,0.059303059939728134,0.0929176739532411,0.0012044552896438886,0.0012044552896438886,False,p<100M,0.50-0.55,>=1.00
617,33924949,33924948,1,16.33966126036794,0.0543452800120445,0.0543452800120445,0.0587249591196037,-0.5023938298011004,-0.5053153293100365,-0.0029214995089361768,0.05659579975059635,-0.05659579975059635,-0.05872495911960371,0.05872495911960371,0.09291754253236668,0.0012044535860867437,0.0012044535860867437,False,p<100M,0.50-0.55,>=1.00
718,33924997,33924996,1,16.339662675254843,0.0543452758489561,0.0543452758489561,0.0584408196615828,-0.5016315422123404,-0.5045530398974007,-0.0029214976850603816,0.056595795220230484,-0.056595795220230484,-0.05844081966158284,0.05844081966158284,0.0929175273685413,0.0012044533895240346,0.0012044533895240346,False,p<100M,0.50-0.55,>=1.00
1314,33925037,33925036,1,16.33966385432573,0.0543452723797207,0.0543452723797207,0.0578964651790368,-0.49935099204769595,-0.5022724882128626,-0.0029214961651667,0.05659579144493085,-0.05659579144493085,-0.05789646517903683,0.05789646517903683,0.09291751473203935,0.0012044532257220264,0.0012044532257220264,False,p<100M,0.50-0.55,0.50-1.00
514,33925271,33925270,1,16.339670751862588,0.0543452520847846,0.0543452520847846,0.0576781537726849,-0.5109539031863098,-0.5138753904601501,-0.002921487273840277,0.056595769359529986,-0.056595769359529986,-0.05767815377268494,0.05767815377268494,0.09291744080885316,0.0012044522674848164,0.0012044522674848164,False,p<100M,0.50-0.55,0.50-1.00
1163,33925349,33925348,1,16.339673051030964,0.0543452453198404,0.0543452453198404,0.0586968995381285,-0.499060781506402,-0.5019822658164864,-0.002921484310084435,0.056595761997769285,-0.056595761997769285,-0.05869689953812853,0.05869689953812853,0.09291741616792402,0.0012044519480741362,0.0012044519480741362,False,p<100M,0.50-0.55,>=1.00
803,33925471,33925470,1,16.33967664715552,0.0543452347388083,0.0543452347388083,0.0580579226831622,-0.5050396130918589,-0.5079610927663446,-0.0029214796744857917,0.05659575048325445,-0.05659575048325445,-0.05805792268316225,0.05805792268316225,0.0929173776271168,0.0012044514484847993,0.0012044514484847993,False,p<100M,0.50-0.55,0.50-1.00
634,33925711,33925710,1,16.33968372146117,0.0543452139237862,0.0543452139237862,0.0587468552079326,-0.5034258797631636,-0.5063473503185084,-0.002921470555344885,0.05659572783188499,-0.05659572783188499,-0.0587468552079326,0.0587468552079326,0.09291730180960987,0.0012044504656922542,0.0012044504656922542,False,p<100M,0.50-0.55,>=1.00
1355,33926017,33926016,1,16.33969274112829,0.0543451873848696,0.0543451873848696,0.0584126910881438,-0.4989738656818229,-0.5018953246103974,-0.0029214589285745224,0.05659569895164924,-0.05659569895164924,-0.058412691088143884,0.058412691088143884,0.09291720514320102,0.0012044492126435874,0.0012044492126435874,False,p<100M,0.50-0.55,>=1.00
234,33928207,33928206,1,16.33975729127334,0.0543449974572264,0.0543449974572264,0.0577100468058422,-0.5416320243437447,-0.5445534000655068,-0.00292137572176215,0.056595492268226,-0.056595492268226,-0.057710046805842206,0.057710046805842206,0.09291651334483213,0.0012044402451332169,0.0012044402451332169,False,p<100M,0.50-0.55,0.50-1.00
1041,33929477,33929476,1,16.339794722553787,0.0543448873227598,0.0543448873227598,0.0581526512748014,-0.49995374839670775,-0.5028750758696442,-0.0029213274729364886,0.056595372417519725,-0.056595372417519725,-0.05815265127480142,0.05815265127480142,0.09291611218895098,0.0012044350451071888,0.0012044350451071888,False,p<100M,0.50-0.55,0.50-1.00
1397,33929663,33929662,1,16.339800204497706,0.0543448711932135,0.0543448711932135,0.0574088068820105,-0.49938360909295315,-0.5023049294997434,-0.002921320406790197,0.05659535486500044,-0.05659535486500044,-0.057408806882010534,0.057408806882010534,0.09291605343846601,0.0012044342835477418,0.0012044342835477418,False,p<100M,0.50-0.55,0.25-0.50
1108,33930191,33930190,1,16.339815765981232,0.0543448254066478,0.0543448254066478,0.0590885232164182,-0.4984424280823886,-0.5013637284307441,-0.0029213003483554807,0.056595305039078066,-0.056595305039078066,-0.059088523216418255,0.059088523216418255,0.09291588666495404,0.0012044321217282502,0.0012044321217282502,False,p<100M,0.50-0.55,>=1.00
440,39623959,39623958,1,16.494944518523248,0.0538921760737262,0.0538921760737262,0.0579331348020495,-0.5071526366676229,-0.5098805570469035,-0.002727920379280613,0.05610292236610309,-0.05610292236610309,-0.057933134802049556,0.057933134802049556,0.09127541035584877,0.0011831672720610958,0.0011831672720610958,False,p<100M,0.50-0.55,>=1.00
600,39634897,39634896,1,16.49522052553676,0.0538913774062018,0.0538913774062018,0.0573656258538636,-0.5070364608767957,-0.5097640486605538,-0.0027275877837581557,0.05610205394505108,-0.05610205394505108,-0.057365625853863636,0.057365625853863636,0.09127253043162477,0.0011831299407352267,0.0011831299407352267,False,p<100M,0.50-0.55,0.50-1.00
1207,39638069,39638068,1,16.495300552818737,0.0538911458397151,0.0538911458397151,0.0585308390628215,-0.4984304837065344,-0.5011579750628194,-0.0027274913562850387,0.056101802154388314,-0.056101802154388314,-0.05853083906282152,0.05853083906282152,0.09127169543301449,0.0011831191169764065,0.0011831191169764065,False,p<100M,0.50-0.55,>=1.00
782,39638461,39638460,1,16.495310442252595,0.0538911172238432,0.0538911172238432,0.058224590403179,-0.5008165119491529,-0.5035439913895701,-0.002727479440417214,0.05610177103931718,-0.05610177103931718,-0.058224590403179025,0.058224590403179025,0.09127159224820469,0.00118311777943227,0.00118311777943227,False,p<100M,0.50-0.55,>=1.00
544,39639179,39639178,1,16.495328555808953,0.0538910648108903,0.0538910648108903,0.0572991505271071,-0.5115945302501232,-0.5143219878654862,-0.0027274576153629446,0.05610171404882345,-0.05610171404882345,-0.05729915052710713,0.05729915052710713,0.09127140325463777,0.0011831153295829388,0.0011831153295829388,False,p<100M,0.50-0.55,0.50-1.00
927,39639401,39639400,1,16.495334156312897,0.0538910486054268,0.0538910486054268,0.0580108520218464,-0.5002815372060787,-0.5030089880734199,-0.0027274508673411895,0.05610169642804081,-0.05610169642804081,-0.058010852021846415,0.058010852021846415,0.09127134482011261,0.0011831145721191547,0.0011831145721191547,False,p<100M,0.50-0.55,>=1.00
616,39639547,39639546,1,16.495337839510107,0.0538910379478344,0.0538910379478344,0.058118617673595,-0.502631674457752,-0.5053591208872347,-0.002727446429482572,0.05610168483965843,-0.05610168483965843,-0.058118617673595024,0.058118617673595024,0.0912713063904086,0.0011831140739700051,0.0011831140739700051,False,p<100M,0.50-0.55,>=1.00
694,39640409,39640408,1,16.49535958523358,0.0538909750251262,0.0538909750251262,0.0587946146469265,-0.5000886532637845,-0.5028160734921409,-0.0027274202283563646,0.0561016164215395,-0.0561016164215395,-0.0587946146469265,0.0587946146469265,0.09127107950060431,0.0011831111328866424,0.0011831111328866424,False,p<100M,0.50-0.55,>=1.00
1031,39640529,39640528,1,16.49536261244297,0.0538909662657046,0.0538909662657046,0.0573762923742834,-0.5002187735507413,-0.502946190131674,-0.0027274165809326053,0.05610160689710692,-0.05610160689710692,-0.05737629237428343,0.05737629237428343,0.09127104791547501,0.0011831107234610246,0.0011831107234610246,False,p<100M,0.50-0.55,0.50-1.00
751,39640607,39640606,1,16.49536458012416,0.0538909605720963,0.0538909605720963,0.0581314530842754,-0.5011695658304931,-0.5038969800406087,-0.0027274142101155955,0.05610160070624177,-0.05610160070624177,-0.058131453084275427,0.058131453084275427,0.09127102738520103,0.0011831104573351518,0.0011831104573351518,False,p<100M,0.50-0.55,>=1.00
574,39640721,39640720,1,16.495367455958934,0.0538909522506911,0.0538909522506911,0.0571320591561566,-0.5095900751367085,-0.5123174858817959,-0.0027274107450874913,0.0561015916580808,-0.0561015916580808,-0.05713205915615668,0.05713205915615668,0.09127099737950113,0.0011831100683830566,0.0011831100683830566,False,p<100M,0.50-0.55,0.50-1.00
1052,39640759,39640758,1,16.495368414568688,0.0538909494768952,0.0538909494768952,0.0574714944854633,-0.5001158401476183,-0.5028432497376996,-0.0027274095900812778,0.05610158864203313,-0.05610158864203313,-0.05747149448546331,0.05747149448546331,0.09127098737762361,0.0011831099387326492,0.0011831099387326492,False,p<100M,0.50-0.55,0.50-1.00
1008,39640807,39640806,1,16.49536962544285,0.0538909459731573,0.0538909459731573,0.0581475215926058,-0.4997910788864721,-0.5025184870176004,-0.00272740813112831,0.05610158483229292,-0.05610158483229292,-0.05814752159260582,0.05814752159260582,0.09127097474368916,0.0011831097749639221,0.0011831097749639221,False,p<100M,0.50-0.55,>=1.00
691,39640879,39640878,1,16.49537144175135,0.0538909407175592,0.0538909407175592,0.0579616447381054,-0.501927297646465,-0.5046547035891688,-0.002727405942703758,0.05610157911769525,-0.05610157911769525,-0.05796164473810543,0.05796164473810543,0.09127095579282103,0.0011831095293112666,0.0011831095293112666,False,p<100M,0.50-0.55,>=1.00
632,39640963,39640962,1,16.49537356077376,0.0538909345860414,0.0538909345860414,0.0580400668049056,-0.5025486312165361,-0.505276034606085,-0.002727403389548828,0.056101572450676006,-0.056101572450676006,-0.05804006680490567,0.05804006680490567,0.09127093368352586,0.0011831092427171625,0.0011831092427171625,False,p<100M,0.50-0.55,>=1.00
918,39641051,39641050,1,16.495375780697184,0.0538909281625621,0.0538909281625621,0.0584684694230504,-0.4995729437144931,-0.5023003444293165,-0.0027274007148233663,0.05610156546619704,-0.05610156546619704,-0.05846846942305046,0.05846846942305046,0.09127091052146598,0.0011831089424764833,0.0011831089424764833,False,p<100M,0.50-0.55,>=1.00
862,39641179,39641178,1,16.495379009667914,0.0538909188193475,0.0538909188193475,0.0577647807069204,-0.5008125419899788,-0.5035399388143079,-0.0027273968243290273,0.05610155530698658,-0.05610155530698658,-0.05776478070692048,0.05776478070692048,0.09127087683130457,0.0011831085057641614,0.0011831085057641614,False,p<100M,0.50-0.55,>=1.00
740,39641299,39641298,1,16.495382036818505,0.0538909100601142,0.0538909100601142,0.0573304417021529,-0.5037398981024893,-0.5064672912794962,-0.002727393177006893,0.05610154578276021,-0.05610154578276021,-0.05733044170215297,0.05733044170215297,0.09127084524689398,0.0011831080963478602,0.0011831080963478602,False,p<100M,0.50-0.55,0.50-1.00
626,39641387,39641386,1,16.49538425672311,0.0538909036366951,0.0538909036366951,0.058475346315823,-0.5019020158477295,-0.5046294063500435,-0.002727390502313971,0.05610153879834616,-0.05610153879834616,-0.058475346315823046,0.058475346315823046,0.09127082208506411,0.0011831077961101625,0.0011831077961101625,False,p<100M,0.50-0.55,>=1.00
1017,39641611,39641610,1,16.49538990736715,0.053890887286245,0.053890887286245,0.0579249643167587,-0.5014340866344077,-0.504161470328451,-0.0027273836940433214,0.0561015210199192,-0.0561015210199192,-0.05792496431675873,0.05792496431675873,0.09127076312795068,0.0011831070318722718,0.0011831070318722718,False,p<100M,0.50-0.55,>=1.00
652,39644461,39644460,1,16.49546179893472,0.0538906792648927,0.0538906792648927,0.0588197708884661,-0.5000979425081866,-0.5028252395839595,-0.002727297075772845,0.056101294830930064,-0.056101294830930064,-0.058819770888466134,0.058819770888466134,0.09127001303803267,0.0011830973087514594,0.0011830973087514594,False,p<100M,0.50-0.55,>=1.00
442,39646073,39646072,1,16.49550245952606,0.0538905616124254,0.0538905616124254,0.0571023960704463,-0.5159521627566636,-0.5186794108438807,-0.0027272480872171426,0.056101166903269974,-0.056101166903269974,-0.057102396070446315,0.057102396070446315,0.09126958880461633,0.0011830918095804125,0.0011830918095804125,False,p<100M,0.50-0.55,0.50-1.00
953,39646561,39646560,1,16.495514768361712,0.0538905259965936,0.0538905259965936,0.058083894710532,-0.5000909482796309,-0.5028181815371291,-0.0027272332574981907,0.0561011281769306,-0.0561011281769306,-0.05808389471053208,0.05808389471053208,0.09126946038061873,0.0011830901448706037,0.0011830901448706037,False,p<100M,0.50-0.55,>=1.00
226,39648883,39648882,1,16.495573334147675,0.0538903565361072,0.0538903565361072,0.0582681497791033,-0.5184865554629012,-0.5212137181612643,-0.0027271626983630466,0.05610094391665008,-0.05610094391665008,-0.058268149779103336,0.058268149779103336,0.09126884933934183,0.0011830822241826783,0.0011830822241826783,False,p<100M,0.50-0.55,>=1.00
936,39649187,39649186,1,16.495581001421293,0.0538903343508792,0.0538903343508792,0.0585131648548839,-0.49947880005125433,-0.50220595351234,-0.002727153461085701,0.056100919793884305,-0.056100919793884305,-0.05851316485488399,0.05851316485488399,0.09126876934393188,0.0011830811872336185,0.0011830811872336185,False,p<100M,0.50-0.55,>=1.00
189,39649783,39649782,1,16.495596033142387,0.0538902908567023,0.0538902908567023,0.0574888285914167,-0.5388620164730067,-0.5415891518244614,-0.002727135351454762,0.0561008725011637,-0.0561008725011637,-0.057488828591416734,0.057488828591416734,0.0912686125129107,0.0011830791542947272,0.0011830791542947272,False,p<100M,0.50-0.55,0.50-1.00
1007,39651163,39651162,1,16.495630837266923,0.0538901901514865,0.0538901901514865,0.0572648554389082,-0.5003913786281736,-0.5031184720494312,-0.0027270934212575413,0.05610076300091947,-0.05610076300091947,-0.057264855438908246,0.057264855438908246,0.09126824939128036,0.0011830744472917448,0.0011830744472917448,False,p<100M,0.50-0.55,0.50-1.00
991,39651919,39651918,1,16.49564990336072,0.0538901349841871,0.0538901349841871,0.0575033334265888,-0.5003375438890012,-0.5030646143406902,-0.0027270704516889773,0.056100703015626766,-0.056100703015626766,-0.05750333342658885,0.05750333342658885,0.09126805047005537,0.0011830718687540836,0.0011830718687540836,False,p<100M,0.50-0.55,0.50-1.00
971,39651991,39651990,1,16.495651719160218,0.0538901297302193,0.0538901297302193,0.0576970160239945,-0.5020013380948886,-0.5047284063590324,-0.0027270682641437477,0.05610069730280756,-0.05610069730280756,-0.057697016023994595,0.057697016023994595,0.09126803152540852,0.001183071623182072,0.001183071623182072,False,p<100M,0.50-0.55,0.50-1.00
770,39655523,39655522,1,16.49574079016558,0.0538898720068749,0.0538898720068749,0.0581089872552633,-0.502381777220326,-0.5051087381802176,-0.002726960959891698,0.05610041707147491,-0.05610041707147491,-0.05810898725526333,0.05810898725526333,0.09126710223470519,0.0011830595771519076,0.0011830595771519076,False,p<100M,0.50-0.55,>=1.00
322,39669379,39669378,1,16.496090138221277,0.0538888612061281,0.0538888612061281,0.0582727770264986,-0.5108371549967816,-0.5135636951355004,-0.0027265401387188025,0.0560993179947859,-0.0560993179947859,-0.05827277702649864,0.05827277702649864,0.09126345757282407,0.0011830123328323405,0.0011830123328323405,False,p<100M,0.50-0.55,>=1.00
1451,39674473,39674472,1,16.496218541364772,0.0538884896950351,0.0538884896950351,0.0571186298906732,-0.49926298310668715,-0.5019893685883019,-0.0027263854816147507,0.056098914039133155,-0.056098914039133155,-0.05711862989067324,0.05711862989067324,0.0912621180294467,0.001182994968857997,0.001182994968857997,False,p<100M,0.50-0.55,0.50-1.00
726,39674683,39674682,1,16.496223834426743,0.0538884743806344,0.0538884743806344,0.0568285448518926,-0.5186206153970341,-0.5213469945035254,-0.0027263791064913484,0.05609889738731067,-0.05609889738731067,-0.056828544851892655,0.056828544851892655,0.0912620628111347,0.00118299425308472,0.00118299425308472,False,p<100M,0.50-0.55,0.25-0.50
610,39690817,39690816,1,16.496630409077497,0.0538872980652975,0.0538872980652975,0.0572432765201052,-0.5071186513863067,-0.5098445408458073,-0.0027258894595005253,0.056097618344591295,-0.056097618344591295,-0.057243276520105295,0.057243276520105295,0.09125782149045311,0.0011829392745116168,0.0011829392745116168,False,p<100M,0.50-0.55,0.50-1.00
431,39691187,39691186,1,16.496639731089576,0.053887271095141,0.053887271095141,0.0580269088590896,-0.507229747427683,-0.5099556256614882,-0.0027258782338052817,0.05609758901916903,-0.05609758901916903,-0.058026908859089614,0.058026908859089614,0.09125772424820536,0.0011829380139985765,0.0011829380139985765,False,p<100M,0.50-0.55,>=1.00
715,39691237,39691236,1,16.49664099081427,0.0538872674505467,0.0538872674505467,0.0578619642067515,-0.5017657698346051,-0.5044916465514359,-0.0027258767168308043,0.056097585056296,-0.056097585056296,-0.05786196420675152,0.05786196420675152,0.09125771110744255,0.001182937843660033,0.001182937843660033,False,p<100M,0.50-0.55,>=1.00
474,39691573,39691572,1,16.49664945612307,0.0538872429590042,0.0538872429590042,0.0584362579013333,-0.5042842549102777,-0.5070101214331121,-0.002725866522834405,0.05609755842594374,-0.05609755842594374,-0.058436257901333326,0.058436257901333326,0.0912576228020193,0.0011829366989915364,0.0011829366989915364,False,p<100M,0.50-0.55,>=1.00
398,39691853,39691852,1,16.49665651049233,0.0538872225495607,0.0538872225495607,0.0570431336777607,-0.5211078091066043,-0.523833667134536,-0.002725858027931799,0.0560975362341721,-0.0560975362341721,-0.057043133677760774,0.057043133677760774,0.0912575492148355,0.0011829357451097935,0.0011829357451097935,False,p<100M,0.50-0.55,0.50-1.00
1316,39692819,39692818,1,16.496680847684278,0.0538871521382042,0.0538871521382042,0.0573527406205413,-0.49942248876884787,-0.5021483174900256,-0.0027258287211777473,0.05609745967390173,-0.05609745967390173,-0.057352740620541375,0.057352740620541375,0.09125729534371942,0.0011829324542782902,0.0011829324542782902,False,p<100M,0.50-0.55,0.50-1.00
1182,39693151,39693150,1,16.496689211882636,0.053887127939294,0.053887127939294,0.0581312364374822,-0.49914515812517246,-0.5018709767742859,-0.002725818649113455,0.05609743336174263,-0.05609743336174263,-0.058131236437482255,0.058131236437482255,0.0912572080936199,0.0011829313232895405,0.0011829313232895405,False,p<100M,0.50-0.55,>=1.00
263,39693439,39693438,1,16.496696467516113,0.0538871069476497,0.0538871069476497,0.0588645021490785,-0.5097621071928174,-0.5124879171048162,-0.0027258099119987786,0.05609741053693262,-0.05609741053693262,-0.058864502149078596,0.058864502149078596,0.09125713240747903,0.001182930342199842,0.001182930342199842,False,p<100M,0.50-0.55,>=1.00
875,39693497,39693496,1,16.496697928713708,0.0538871027201862,0.0538871027201862,0.0577138689826572,-0.5007793054442604,-0.5035051135967124,-0.0027258081524519353,0.05609740594029275,-0.05609740594029275,-0.057713868982657276,0.057713868982657276,0.09125711716520905,0.0011829301446202867,0.0011829301446202867,False,p<100M,0.50-0.55,0.50-1.00
938,39693569,39693568,1,16.496699742611202,0.05388709747231,0.05388709747231,0.0571426503152974,-0.5026868944686496,-0.5054127004368417,-0.0027258059681921506,0.0560974002341289,-0.0560974002341289,-0.05714265031529749,0.05714265031529749,0.09125709824380672,0.0011829298993495847,0.0011829298993495847,False,p<100M,0.50-0.55,0.50-1.00
540,39693659,39693658,1,16.49670200997844,0.0538870909124795,0.0538870909124795,0.0578586689500238,-0.5053759671495625,-0.5081017703874378,-0.0027258032378752782,0.05609739310143946,-0.05609739310143946,-0.05785866895002382,0.05785866895002382,0.09125707459211041,0.0011829295927619408,0.0011829295927619408,False,p<100M,0.50-0.55,>=1.00
1378,39699377,39699376,1,16.49684605283907,0.0538866741783313,0.0538866741783313,0.0571017256961637,-0.4994256441269551,-0.5021512739168975,-0.002725629789942359,0.056096939974795965,-0.056096939974795965,-0.057101725696163785,0.057101725696163785,0.09125557204977452,0.0011829101158961587,0.0011829101158961587,False,p<100M,0.50-0.55,0.50-1.00
1382,40395269,40395268,1,16.51422323211378,0.0538364468610178,0.0538364468610178,0.057959605317554,-0.4988608303723111,-0.5015656149649494,-0.00270478459263842,0.05604232889113954,-0.05604232889113954,-0.05795960531755406,0.05795960531755406,0.09107457883800761,0.0011805639720246278,0.0011805639720246278,False,p<100M,0.50-0.55,>=1.00
813,40395413,40395412,1,16.51422679688131,0.0538364365669145,0.0538364365669145,0.0577659682430466,-0.5041966322923797,-0.506901412624932,-0.002704780332552363,0.05604231769908596,-0.05604231769908596,-0.05776596824304663,0.05776596824304663,0.09107454176418503,0.0011805634914512362,0.0011805634914512362,False,p<100M,0.50-0.55,>=1.00
1137,40397051,40397050,1,16.514267345217604,0.0538363194743474,0.0538363194743474,0.0579228585683904,-0.4994632208171725,-0.5021679526927794,-0.002704731875606857,0.05604219039259316,-0.05604219039259316,-0.057922858568390405,0.057922858568390405,0.09107412006034783,0.0011805580250701297,0.0011805580250701297,False,p<100M,0.50-0.55,>=1.00
767,40833493,40833382,1,16.525010515606738,0.0538052974386792,0.0538052974386792,0.0583978036622422,-0.5018844156576334,-0.5045763353819015,-0.0026919197242680297,0.056008464025482374,-0.056008464025482374,-0.058397803662242266,0.058397803662242266,0.09096246592656533,0.0011791106964153828,0.0011791106964153828,False,p<100M,0.50-0.55,>=1.00
672,40834943,40834942,1,16.525048718912146,0.0538052037863431,0.0538052037863431,0.0579663029192045,-0.5020141035731053,-0.5047059814819235,-0.002691877908818173,0.056008361444996026,-0.056008361444996026,-0.05796630291920458,0.05796630291920458,0.09096209730876242,0.0011791059181676753,0.0011791059181676753,False,p<100M,0.50-0.55,>=1.00
332,40835099,40835098,1,16.525052539162417,0.053805192767221,0.053805192767221,0.0578586384299054,-0.5115196506722057,-0.5142115240370314,-0.0026918733648257052,0.056008349465350084,-0.056008349465350084,-0.05785863842990548,0.05785863842990548,0.09096205765148457,0.0011791054041059683,0.0011791054041059683,False,p<100M,0.50-0.55,>=1.00
659,40835243,40835242,1,16.525056065534326,0.053805182595765,0.053805182595765,0.0569943124153184,-0.508602046886595,-0.5112939160569883,-0.002691869170393241,0.05600833840726253,-0.05600833840726253,-0.05699431241531846,0.05699431241531846,0.09096202104492407,0.0011791049295895113,0.0011791049295895113,False,p<100M,0.50-0.55,0.50-1.00
995,40835357,40835356,1,16.525058857236605,0.0538051745433905,0.0538051745433905,0.0577954298990485,-0.5015304323208214,-0.5042222981706374,-0.002691865849815964,0.05600832965297224,-0.05600832965297224,-0.05779542989904851,0.05779542989904851,0.09096199206483753,0.001179104553932039,0.001179104553932039,False,p<100M,0.50-0.55,>=1.00
1170,40835407,40835406,1,16.525060081664968,0.0538051710116552,0.0538051710116552,0.0577275682750923,-0.4995439748597246,-0.5022358392531513,-0.002691864393426631,0.05600832581337931,-0.05600832581337931,-0.05772756827509235,0.05772756827509235,0.09096197935430317,0.0011791043891703774,0.0011791043891703774,False,p<100M,0.50-0.55,>=1.00
1162,40835593,40835592,1,16.52506463652532,0.0538051578736417,0.0538051578736417,0.0573022479213347,-0.49979391817977664,-0.5024857771554572,-0.0026918589756805594,0.056008311530142164,-0.056008311530142164,-0.05730224792133478,0.05730224792133478,0.09096193207127531,0.0011791037762590702,0.0011791037762590702,False,p<100M,0.50-0.55,0.50-1.00
334,40836461,40836460,1,16.525085892265995,0.0538050965637877,0.0538050965637877,0.0572224328808061,-0.5220001654714828,-0.5246919991648166,-0.002691833693333792,0.05600824487599082,-0.05600824487599082,-0.057222432880806126,0.057222432880806126,0.09096171142048037,0.001179100916049534,0.001179100916049534,False,p<100M,0.50-0.55,0.50-1.00
294,40836767,40836766,1,16.525093385541517,0.053805074950289,0.053805074950289,0.0575917731273201,-0.5169498987368941,-0.5196417235175106,-0.0026918247806164827,0.05600822137847416,-0.05600822137847416,-0.05759177312732016,0.05759177312732016,0.0909616336347585,0.001179099907743792,0.001179099907743792,False,p<100M,0.50-0.55,0.50-1.00
1042,40836821,40836820,1,16.525094707878427,0.0538050711361608,0.0538050711361608,0.0576029681021219,-0.5000210916874016,-0.5027129148951957,-0.0026918232077939885,0.0560082172318745,-0.0560082172318745,-0.057602968102121975,0.057602968102121975,0.09096161990793727,0.0011790997298084032,0.0011790997298084032,False,p<100M,0.50-0.55,0.50-1.00
536,40837523,40837522,1,16.52511189809914,0.0538050215530019,0.0538050215530019,0.0582862399690892,-0.5032143023791886,-0.5059061051405612,-0.0026918027613725658,0.056008163326624706,-0.056008163326624706,-0.05828623996908923,0.05828623996908923,0.09096144146119584,0.0011790974166734258,0.0011790974166734258,False,p<100M,0.50-0.55,>=1.00
852,40840829,40840828,1,16.52519284978146,0.0538047880586703,0.0538047880586703,0.0581785538517203,-0.5003559177676528,-0.5030476242453903,-0.002691706477737565,0.05600790947900973,-0.05600790947900973,-0.05817855385172033,0.05817855385172033,0.09096060113210283,0.001179086523817653,0.001179086523817653,False,p<100M,0.50-0.55,>=1.00
1026,40840901,40840900,1,16.525194612721595,0.0538047829737271,0.0538047829737271,0.0569264558814041,-0.5023605264302982,-0.5050522308112388,-0.0026917043809406437,0.05600790395082171,-0.05600790395082171,-0.0569264558814041,0.0569264558814041,0.0909605828318112,0.0011790862865981649,0.0011790862865981649,False,p<100M,0.50-0.55,0.50-1.00
1266,40841069,40841068,1,16.525198726236486,0.0538047711088981,0.0538047711088981,0.0577216447970325,-0.4992870737064758,-0.5019787731949109,-0.002691699488435105,0.0560078910517598,-0.0560078910517598,-0.05772164479703252,0.05772164479703252,0.09096054013127766,0.0011790857330879305,0.0011790857330879305,False,p<100M,0.50-0.55,>=1.00
409,40841363,40841362,1,16.52520592484683,0.0538047503455773,0.0538047503455773,0.0586737489929136,-0.5046308401550722,-0.5073225310816922,-0.0026916909266200104,0.05600786847854237,-0.05600786847854237,-0.058673748992913694,0.058673748992913694,0.09096046540583894,0.0011790847644514363,0.0011790847644514363,False,p<100M,0.50-0.55,>=1.00
618,40841677,40841676,1,16.525213613101332,0.0538047281699684,0.0538047281699684,0.0573691069320696,-0.5066784872336207,-0.5093701690160868,-0.00269168178246614,0.056007844369933134,-0.056007844369933134,-0.05736910693206963,0.05736910693206963,0.09096038559773277,0.0011790837299303217,0.0011790837299303217,False,p<100M,0.50-0.55,0.50-1.00
638,40844891,40844890,1,16.525292304129255,0.0538045011986305,0.0538045011986305,0.0565828693332161,-0.5155691643302505,-0.5182607525219834,-0.0026915881917329953,0.056007597614037175,-0.056007597614037175,-0.05658286933321617,0.05658286933321617,0.09095956874971117,0.0011790731414504493,0.0011790731414504493,False,p<100M,0.50-0.55,0.25-0.50
996,40844953,40844952,1,16.525293822065805,0.0538044968204107,0.0538044968204107,0.0576823253845206,-0.5001226153310454,-0.5028142017174603,-0.002691586386414903,0.056007592854178105,-0.056007592854178105,-0.05768232538452069,0.05768232538452069,0.0909595529929599,0.0011790729372018751,0.0011790729372018751,False,p<100M,0.50-0.55,>=1.00
1241,40844981,40844980,1,16.525294507584782,0.0538044948431526,0.0538044948431526,0.0568777991674119,-0.4997485058351325,-0.5024400914062439,-0.0026915855711114657,0.05600759070456871,-0.05600759070456871,-0.05687779916741199,0.05687779916741199,0.09095954587701689,0.0011790728449607025,0.0011790728449607025,False,p<100M,0.50-0.55,0.50-1.00
346,40845443,40845352,1,16.525303615149454,0.0538044550444978,0.0538044550444978,0.0574305097109247,-0.5209376303648873,-0.523629202138837,-0.0026915717739498008,0.056007548062116934,-0.056007548062116934,-0.05743050971092474,0.05743050971092474,0.09095942846478197,0.001179071322992046,0.001179071322992046,False,p<100M,0.50-0.55,0.50-1.00
1060,40846573,40846572,1,16.52533348346227,0.053804382424372,0.053804382424372,0.0569631998944803,-0.5002842578260662,-0.5029757970426646,-0.0026915392165984043,0.05600746848654377,-0.05600746848654377,-0.05696319989448039,0.05696319989448039,0.09095914129422507,0.001179067600512978,0.001179067600512978,False,p<100M,0.50-0.55,0.50-1.00
126,40847383,40847382,1,16.525353313570633,0.0538043252282356,0.0538043252282356,0.057385037625347,-0.5551976927343808,-0.5578892083670771,-0.0026915156326963196,0.05600740630478425,-0.05600740630478425,-0.057385037625347045,0.057385037625347045,0.09095893545202881,0.0011790649322614868,0.0011790649322614868,False,p<100M,0.50-0.55,0.50-1.00
1020,40847533,40847532,1,16.52535698576977,0.0538043146364962,0.0538043146364962,0.0569461819823584,-0.5043190823490019,-0.5070105936143826,-0.002691511265380622,0.05600739478979347,-0.05600739478979347,-0.05694618198235846,0.05694618198235846,0.0909588973336282,0.0011790644381476406,0.0011790644381476406,False,p<100M,0.50-0.55,0.50-1.00
1366,40860823,40860822,1,16.52568228909902,0.0538033763792191,0.0538033763792191,0.0582185007319345,-0.4984626744823523,-0.5011537988948392,-0.002691124412486947,0.056006374748235714,-0.056006374748235714,-0.058218500731934526,0.058218500731934526,0.0909555206939027,0.0011790206680939407,0.0011790206680939407,False,p<100M,0.50-0.55,>=1.00
1069,40861279,40861278,1,16.525693448870705,0.0538033441921863,0.0538033441921863,0.0570760752474639,-0.5001991293271977,-0.502890240469379,-0.0026911111421813335,0.05600633975561421,-0.05600633975561421,-0.057076075247463935,0.057076075247463935,0.09095540485911144,0.0011790191665730662,0.0011790191665730662,False,p<100M,0.50-0.55,0.50-1.00
998,40861603,40861602,1,16.525701378106486,0.053803321322694,0.053803321322694,0.0582342885153666,-0.4995273968738321,-0.5022184985872411,-0.002691101713409029,0.056006314892699235,-0.056006314892699235,-0.058234288515366675,0.058234288515366675,0.09095532255636393,0.0011790180997148963,0.0011790180997148963,False,p<100M,0.50-0.55,>=1.00
459,40861831,40861830,1,16.52570695790138,0.053803305229468,0.053803305229468,0.0574831963320775,-0.5125227307076966,-0.5152138257861081,-0.002691095078411397,0.05600629739670557,-0.05600629739670557,-0.057483196332077505,0.057483196332077505,0.09095526464007389,0.0011790173489687904,0.0011790173489687904,False,p<100M,0.50-0.55,0.50-1.00
525,40862021,40862020,1,16.52571160770668,0.0538032918185222,0.0538032918185222,0.0578255929598368,-0.5056261010384364,-0.5083171905877234,-0.0026910895492870484,0.05600628281679198,-0.05600628281679198,-0.05782559295983684,0.05782559295983684,0.09095521637678795,0.0011790167233507829,0.0011790167233507829,False,p<100M,0.50-0.55,>=1.00
1433,40862287,40862286,1,16.525718117397776,0.053803273043314,0.053803273043314,0.057360352413953,-0.49914967387948495,-0.5018407556880601,-0.0026910818085750963,0.05600626240504147,-0.05600626240504147,-0.05736035241395305,0.05736035241395305,0.09095514880862916,0.0011790158474912955,0.0011790158474912955,False,p<100M,0.50-0.55,0.50-1.00
899,40864177,40864176,1,16.5257643692459,0.0538031396444139,0.0538031396444139,0.0577574596493002,-0.5005499095916076,-0.5032409364024684,-0.0026910268108607262,0.05600611737843852,-0.05600611737843852,-0.05775745964930024,0.05775745964930024,0.090954668733913,0.0011790096244714253,0.0011790096244714253,False,p<100M,0.50-0.55,>=1.00
492,40864429,40864428,1,16.525770535997356,0.0538031218584098,0.0538031218584098,0.0574003500361583,-0.5157161917319436,-0.5184072112100513,-0.002691019478107711,0.05600609804212176,-0.05600609804212176,-0.057400350036158385,0.057400350036158385,0.09095460472591561,0.001179008794760911,0.001179008794760911,False,p<100M,0.50-0.55,0.50-1.00
433,40864661,40864660,1,16.52577621329047,0.0538031054841006,0.0538031054841006,0.0575819322666712,-0.5094009210519134,-0.5120919337792901,-0.0026910127273766446,0.05600608024055099,-0.05600608024055099,-0.05758193226667121,0.05758193226667121,0.09095454579832676,0.0011790080309057361,0.0011790080309057361,False,p<100M,0.50-0.55,0.50-1.00
465,40864853,40864852,1,16.52578091171557,0.0538030919330261,0.0538030919330261,0.0570730258776849,-0.513258566745504,-0.5159495738861102,-0.002691007140606197,0.05600606550829945,-0.05600606550829945,-0.05707302587768499,0.05707302587768499,0.09095449703096331,0.0011790073987535698,0.0011790073987535698,False,p<100M,0.50-0.55,0.50-1.00
643,40865009,40865008,1,16.52578472916971,0.0538030809228299,0.0538030809228299,0.0577667541715999,-0.5040875632544369,-0.5067785658558199,-0.00269100260138303,0.05600605353840388,-0.05600605353840388,-0.05776675417159993,0.05776675417159993,0.09095445740767812,0.0011790068851324964,0.0011790068851324964,False,p<100M,0.50-0.55,>=1.00
1336,40869427,40869426,1,16.525892835378563,0.0538027691277393,0.0538027691277393,0.0564929886994933,-0.49964283027560685,-0.5023337043341785,-0.00269087405857156,0.05600571456589194,-0.05600571456589194,-0.05649298869949336,0.05649298869949336,0.09095333532946674,0.0011789923400736331,0.0011789923400736331,False,p<100M,0.50-0.55,0.25-0.50
794,40869523,40869522,1,16.525895184319918,0.0538027623530677,0.0538027623530677,0.0579407179303479,-0.5010237690457169,-0.5037146403113657,-0.002690871265648808,0.05600570720071298,-0.05600570720071298,-0.05794071793034793,0.05794071793034793,0.09095331094908171,0.0011789920240402837,0.0011789920240402837,False,p<100M,0.50-0.55,>=1.00
552,40874503,40874502,1,16.526017028086365,0.0538024109411302,0.0538024109411302,0.0570161561593372,-0.5174990062919402,-0.5201897326876265,-0.0026907263956862924,0.056005325158408746,-0.056005325158408746,-0.05701615615933726,0.05701615615933726,0.09095204630858333,0.0011789756310025229,0.0011789756310025229,False,p<100M,0.50-0.55,0.50-1.00
266,40875397,40875396,1,16.526038899672752,0.0538023478613534,0.0538023478613534,0.0570659692284134,-0.5397841302788374,-0.5424748306704273,-0.002690700391589985,0.056005256580390204,-0.056005256580390204,-0.057065969228413435,0.057065969228413435,0.090951819301864,0.0011789726884036365,0.0011789726884036365,False,p<100M,0.50-0.55,0.50-1.00
675,40882381,40882380,1,16.52620974580355,0.0538018551296089,0.0538018551296089,0.0579261844879289,-0.5020527015741236,-0.5047431988476921,-0.002690497273568471,0.056004720900786585,-0.056004720900786585,-0.05792618448792895,0.05792618448792895,0.09095004610721373,0.001178949703178273,0.001178949703178273,False,p<100M,0.50-0.55,>=1.00
1064,40882469,40882468,1,16.52621189831774,0.0538018489216704,0.0538018489216704,0.0567934646373467,-0.5023176437505493,-0.5050081384651018,-0.0026904947145525117,0.056004714151750346,-0.056004714151750346,-0.056793464637346795,0.056793464637346795,0.0909500237668182,0.0011789494135885058,0.0011789494135885058,False,p<100M,0.50-0.55,0.25-0.50
340,40882771,40882770,1,16.526219285319847,0.0538018276172665,0.0538018276172665,0.0576333796617081,-0.5133338093418733,-0.5160242952744076,-0.0026904859325343764,0.05600469099040612,-0.05600469099040612,-0.057633379661708194,0.057633379661708194,0.09094994709907092,0.001178948419774629,0.001178948419774629,False,p<100M,0.50-0.55,0.50-1.00
1460,40882901,40882900,1,16.52622246513839,0.0538018184465503,0.0538018184465503,0.0576070126058503,-0.4989623916658924,-0.5016528738181166,-0.002690482152224169,0.056004681020350014,-0.056004681020350014,-0.05760701260585032,0.05760701260585032,0.09094991409660247,0.001178947991976601,0.001178947991976601,False,p<100M,0.50-0.55,0.50-1.00
874,40884703,40884702,1,16.526266541273976,0.0538016913296386,0.0538016913296386,0.0579413878612287,-0.5005341297763762,-0.5032245595294608,-0.0026904297530844718,0.0560045428236628,-0.0560045428236628,-0.05794138786122879,0.05794138786122879,0.09094945664427567,0.0011789420622018733,0.0011789420622018733,False,p<100M,0.50-0.55,>=1.00
931,40884761,40884760,1,16.526267959896458,0.0538016872382983,0.0538016872382983,0.0572384388419331,-0.5007033179332395,-0.5033937459998362,-0.002690428066596719,0.05600453837571349,-0.05600453837571349,-0.05723843884193312,0.05723843884193312,0.09094944192089713,0.0011789418713485037,0.0011789418713485037,False,p<100M,0.50-0.55,0.50-1.00
608,604715411,604715326,3,37.44053674605736,0.0528697920195814,0.0528697920195814,0.0575299398750813,-0.509074697540643,-0.5106929277120277,-0.0016182301713846,0.05619288739961062,-0.05619288739961062,-0.05752993987508136,0.05752993987508136,0.0387805100252934,-0.001511882010914354,0.0010227437132655933,True,p>=500M,0.50-0.55,0.50-1.00
680,604865039,604864888,3,37.441031337481846,0.0528691966638168,0.0528691966638168,0.0585344103602869,-0.5040017892082542,-0.5056198393233129,-0.0016180501150586703,0.05619221072597037,-0.05619221072597037,-0.058534410360286976,0.058534410360286976,0.03877956104600709,-0.0015118450143738037,0.0010227186861940444,True,p>=500M,0.50-0.55,>=1.00
305,30386821,30386676,13,55.9180601763964,0.0522437191890102,0.0522437191890102,0.0656901337841472,-0.5111920249217934,-0.5232260360086086,-0.012034011086815243,0.06197763933326081,-0.06197763933326081,-0.06569013378414729,0.06569013378414729,0.051184949796178505,-0.0020084527728159722,-9.609655288143662e-05,False,p<100M,0.50-0.55,0.50-1.00
186,22052431,22052337,4,29.817858553351044,0.0521451627532467,0.0521451627532467,0.0607248084445193,-0.5333668008600339,-0.540399900530128,-0.0070330996700941366,0.05775805834054687,-0.05775805834054687,-0.06072480844451938,0.06072480844451938,0.15813497352578568,3.6712990738847004e-05,0.003175673698894735,False,p<100M,0.50-0.55,0.50-1.00
1173,76018253,76018252,1,17.146484040466788,0.0520703021032276,0.0520703021032276,0.0557750751240321,-0.499752710592821,-0.5017969188081666,-0.0020442082153455834,0.05412514707613654,-0.05412514707613654,-0.05577507512403219,0.05577507512403219,0.08483868943551486,0.0010997305884829097,0.0010997305884829097,False,p<100M,0.50-0.55,>=1.00
1094,76020619,76020618,1,17.14651516408628,0.0520702180044094,0.0520702180044094,0.0560191245093466,-0.4997941926647452,-0.5018383726383988,-0.0020441799736536335,0.0541250559286734,-0.0541250559286734,-0.056019124509346624,0.056019124509346624,0.08483839841712373,0.0010997268161258794,0.0010997268161258794,False,p<100M,0.50-0.55,>=1.00
1449,76021661,76021660,1,17.146528870799965,0.0520701809677225,0.0520701809677225,0.0547061389693303,-0.499540782448725,-0.5015849499849757,-0.0020441675362507005,0.054125015787804244,-0.054125015787804244,-0.05470613896933034,0.05470613896933034,0.08483827025429923,0.001099725154801555,0.001099725154801555,False,p<100M,0.50-0.55,0.25-0.50
1221,76024139,76024138,1,17.146561466241604,0.0520700928923235,0.0520700928923235,0.0557012615372335,-0.49969055320695627,-0.5017346911665665,-0.0020441379596102993,0.054124920330489844,-0.054124920330489844,-0.05570126153723356,0.05570126153723356,0.08483796547607353,0.001099721204081197,0.001099721204081197,False,p<100M,0.50-0.55,>=1.00
1325,76024181,76024180,1,17.14656201869756,0.0520700913995474,0.0520700913995474,0.0558149218049393,-0.4993598822125455,-0.5014040196708687,-0.002044137458323169,0.0541249187125969,-0.0541249187125969,-0.05581492180493938,0.05581492180493938,0.08483796031044064,0.001099721137121128,0.001099721137121128,False,p<100M,0.50-0.55,>=1.00
124,30340987,30340827,4,30.456009776270783,0.0513065454645731,0.0513065454645731,0.0597199396392292,-0.537091951122418,-0.5432037842421444,-0.006111833119726401,0.056713455670736324,-0.056713455670736324,-0.05971993963922924,0.05971993963922924,0.15233164219953355,3.5365675565626556e-05,0.003059130936418809,False,p<100M,0.50-0.55,0.50-1.00
298,30423359,30423255,4,30.461435879304556,0.0512995389049249,0.0512995389049249,0.0588683256744303,-0.516923110978519,-0.5230276482695244,-0.006104537291005477,0.05670474772619713,-0.05670474772619713,-0.05886832567443034,0.05886832567443034,0.1522837082142182,3.535454709783876e-05,0.003058168323955196,False,p<100M,0.50-0.55,0.50-1.00
400,31019993,31019925,4,30.5002807892536,0.0512493625927221,0.0512493625927221,0.058517488803213,-0.5189066693004268,-0.5249591891688861,-0.006052519868459248,0.056642407257912177,-0.056642407257912177,-0.05851748880321309,0.05851748880321309,0.15194100123345686,3.5274983431871644e-05,0.003051286066849345,False,p<100M,0.50-0.55,0.50-1.00
1374,108526073,108526072,1,17.50250100622384,0.0511256965845808,0.0511256965845808,0.0535427410084577,-0.4997917653261109,-0.5015368100073583,-0.0017450446812473587,0.0531022254965633,-0.0531022254965633,-0.053542741008457705,0.053542741008457705,0.08160524260217313,0.0010578166879674858,0.0010578166879674858,False,100M<=p<500M,0.50-0.55,0.25-0.50
1312,108530111,108530110,1,17.50253821318036,0.0511255996493196,0.0511255996493196,0.0541566545571068,-0.4997705837230964,-0.5015155995122316,-0.0017450157891351792,0.05310212061206202,-0.05310212061206202,-0.05415665455710686,0.05415665455710686,0.0816049144007528,0.0010578124336214616,0.0010578124336214616,False,100M<=p<500M,0.50-0.55,0.50-1.00
339,108530069,108529950,1,17.50253673893403,0.0511255974816211,0.0511255974816211,0.0549969698681508,-0.5106029717091791,-0.5123479876944531,-0.0017450159852739925,0.05310211852704318,-0.05310211852704318,-0.05499696986815082,0.05499696986815082,0.08160491781436469,0.0010578124778707707,0.0010578124778707707,False,100M<=p<500M,0.50-0.55,>=1.00
368,108530371,108530370,1,17.50254060882601,0.051125593407958,0.051125593407958,0.0550780849806609,-0.5090502217627416,-0.5107952356916156,-0.0017450139288739124,0.05310211385887608,-0.05310211385887608,-0.05507808498066088,0.05507808498066088,0.08160489326890395,0.00105781215969761,0.00105781215969761,False,100M<=p<500M,0.50-0.55,>=1.00
1465,108531329,108531328,1,17.502549435809307,0.0511255704110831,0.0511255704110831,0.0535686467311318,-0.49960042099281465,-0.5013454280673963,-0.001745007074581636,0.05310208897612838,-0.05310208897612838,-0.05356864673113185,0.05356864673113185,0.08160481540667633,0.001057811150400154,0.001057811150400154,False,100M<=p<500M,0.50-0.55,0.25-0.50
853,108531433,108531432,1,17.5025503940575,0.0511255679145674,0.0511255679145674,0.0552671935291183,-0.5005974026319069,-0.5023424089623952,-0.0017450063304883412,0.053102086274884504,-0.053102086274884504,-0.05526719352911828,0.05526719352911828,0.08160480695403999,0.0010578110408319512,0.0010578110408319512,False,100M<=p<500M,0.50-0.55,>=1.00
831,108531679,108531678,1,17.502552660679388,0.0511255620093579,0.0511255620093579,0.0537885048618473,-0.5055348519164837,-0.5072798564869094,-0.0017450045704256744,0.0531020798854151,-0.0531020798854151,-0.05378850486184733,0.05378850486184733,0.08160478696034143,0.0010578107816614946,0.0010578107816614946,False,100M<=p<500M,0.50-0.55,0.25-0.50
1244,108531719,108531718,1,17.502553029235305,0.0511255610491626,0.0511255610491626,0.0541241277962125,-0.4999374170230458,-0.5016824213072829,-0.0017450042842371075,0.05310207884647984,-0.05310207884647984,-0.05412412779621253,0.05412412779621253,0.08160478370933853,0.0010578107395200218,0.0010578107395200218,False,100M<=p<500M,0.50-0.55,0.50-1.00
1095,108532337,108532336,1,17.502558723406985,0.0511255462141953,0.0511255462141953,0.0551289746581206,-0.49977621100794756,-0.5015212108705913,-0.0017449998626437263,0.053102062794964044,-0.053102062794964044,-0.05512897465812065,0.05512897465812065,0.08160473348152045,0.001057810088436556,0.001057810088436556,False,100M<=p<500M,0.50-0.55,>=1.00
876,108532477,108532476,1,17.502560013344283,0.051125542853536,0.051125542853536,0.0539817996673655,-0.5038746522494267,-0.50561965111042,-0.0017449988609932925,0.05310205915871218,-0.05310205915871218,-0.05398179966736554,0.05398179966736554,0.08160472210309651,0.0010578099409425184,0.0010578099409425184,False,100M<=p<500M,0.50-0.55,0.50-1.00
904,108532547,108532546,1,17.50256065831231,0.0511255411732081,0.0511255411732081,0.0540662185454775,-0.5024048811106518,-0.5041498794708207,-0.0017449983601687887,0.05310205734058872,-0.05310205734058872,-0.05406621854547749,0.05406621854547749,0.08160471641389094,0.0010578098671955825,0.0010578098671955825,False,100M<=p<500M,0.50-0.55,0.50-1.00
933,108532727,108532726,1,17.502562316799608,0.0511255368523705,0.0511255368523705,0.0549057081271222,-0.5006300705697774,-0.5023750676421138,-0.001744997072336442,0.05310205266541876,-0.05310205266541876,-0.05490570812712231,0.05490570812712231,0.08160470178452477,0.0010578096775608584,0.0010578096775608584,False,100M<=p<500M,0.50-0.55,>=1.00
705,108532859,108532858,1,17.50256353302188,0.0511255336837613,0.0511255336837613,0.0552219564852861,-0.5017758805025173,-0.5035208766304453,-0.0017449961279279655,0.053102049236964974,-0.053102049236964974,-0.05522195648528613,0.05522195648528613,0.08160469105634084,0.0010578095384956264,0.0010578095384956264,False,100M<=p<500M,0.50-0.55,>=1.00
1089,108537413,108537412,1,17.50260549178444,0.0511254243693432,0.0511254243693432,0.0539085459451573,-0.5042809230865318,-0.5060258866333804,-0.001744963546848644,0.05310193095818119,-0.05310193095818119,-0.05390854594515735,0.05390854594515735,0.08160432094328028,0.0010578047408654815,0.0010578047408654815,False,100M<=p<500M,0.50-0.55,0.50-1.00
555,108537551,108537550,1,17.502606763234606,0.051125421056864,0.051125421056864,0.0546192148320618,-0.506040068166681,-0.5077850307262549,-0.0017449625595739684,0.05310192737406335,-0.05310192737406335,-0.05461921483206186,0.05461921483206186,0.08160430972801475,0.001057804595486402,0.001057804595486402,False,100M<=p<500M,0.50-0.55,>=1.00
729,108537769,108537768,1,17.502608771754048,0.0511254158241163,0.0511254158241163,0.0550102371348021,-0.5025532133313902,-0.5042981743313599,-0.0017449609999696798,0.053101921712201856,-0.053101921712201856,-0.0550102371348021,0.0550102371348021,0.08160429201117969,0.0010578043658300324,0.0010578043658300324,False,100M<=p<500M,0.50-0.55,>=1.00
756,108538103,108538102,1,17.502611849019125,0.0511254078069933,0.0511254078069933,0.0540255426517967,-0.5083282641379566,-0.5100732227484496,-0.0017449586104930363,0.05310191303763377,-0.05310191303763377,-0.05402554265179677,0.05402554265179677,0.08160426486711819,0.0010578040139722308,0.0010578040139722308,False,100M<=p<500M,0.50-0.55,0.50-1.00
745,108538211,108538210,1,17.50261284406089,0.051125405214636,0.051125405214636,0.0549443877096655,-0.5017278431199278,-0.503472800957778,-0.0017449578378501494,0.05310191023268974,-0.05310191023268974,-0.05494438770966556,0.05494438770966556,0.08160425609001729,0.0010578039001981213,0.0010578039001981213,False,100M<=p<500M,0.50-0.55,>=1.00
921,108540463,108540462,1,17.502633592298928,0.0511253511598328,0.0511253511598328,0.0549539576212059,-0.5006375136189912,-0.5023824553460583,-0.0017449417270671251,0.05310185174511508,-0.05310185174511508,-0.0549539576212059,0.0549539576212059,0.08160407307352159,0.0010578015278272157,0.0010578015278272157,False,100M<=p<500M,0.50-0.55,>=1.00
1432,108540779,108540778,1,17.502636503651352,0.051125343574977,0.051125343574977,0.054584664384824,-0.4993722984793939,-0.5011172379458388,-0.0017449394664449175,0.05310184353826035,-0.05310184353826035,-0.05458466438482404,0.05458466438482404,0.08160404739305198,0.0010578011949413807,0.0010578011949413807,False,100M<=p<500M,0.50-0.55,>=1.00
1371,108540833,108540832,1,17.502637001160096,0.0511253422788332,0.0511253422788332,0.0545025391870085,-0.4995223209775406,-0.5012672600576777,-0.0017449390801370646,0.05310184213582712,-0.05310184213582712,-0.05450253918700858,0.05450253918700858,0.081604043004626,0.0010578011380559392,0.0010578011380559392,False,100M<=p<500M,0.50-0.55,0.50-1.00
1343,108546583,108546582,1,17.50268997521181,0.0511252042675848,0.0511252042675848,0.0543539863466006,-0.4996365689577845,-0.5013814669048675,-0.0017448979470829553,0.053101692806975555,-0.053101692806975555,-0.05435398634660063,0.05435398634660063,0.08160357573304416,0.0010577950809980677,0.0010577950809980677,False,100M<=p<500M,0.50-0.55,0.50-1.00
1400,108547469,108547468,1,17.502698137572708,0.0511251830025677,0.0511251830025677,0.0535894655450915,-0.5024149794804541,-0.5041598710897486,-0.0017448916092944917,0.053101669798126014,-0.053101669798126014,-0.05358946554509161,0.05358946554509161,0.081603503735146,0.0010577941477176098,0.0010577941477176098,False,100M<=p<500M,0.50-0.55,0.25-0.50
1348,108547721,108547720,1,17.502700459134967,0.0511251769543133,0.0511251769543133,0.0547403112391326,-0.4994330161283043,-0.5011779059349908,-0.0017448898066864638,0.05310166325388411,-0.05310166325388411,-0.054740311239132644,0.054740311239132644,0.08160348325731324,0.001057793882271512,0.001057793882271512,False,100M<=p<500M,0.50-0.55,>=1.00
1113,108547793,108547792,1,17.50270112243748,0.0511251752262434,0.0511251752262434,0.0551923003132832,-0.4996079168644219,-0.5013528061560787,-0.0017448892916568242,0.05310166138410745,-0.05310166138410745,-0.05519230031328325,0.05519230031328325,0.08160347740651401,0.001057793806429901,0.001057793806429901,False,100M<=p<500M,0.50-0.55,>=1.00
1467,108548059,108548058,1,17.50270357296795,0.0511251688419964,0.0511251688419964,0.0551453136707533,-0.4988111406797479,-0.5005560280686602,-0.00174488738891225,0.05310165447631986,-0.05310165447631986,-0.05514531367075335,0.05514531367075335,0.08160345579110051,0.0010577935262377908,0.0010577935262377908,False,100M<=p<500M,0.50-0.55,>=1.00
732,108548351,108548350,1,17.50270626301704,0.051125161833745,0.051125161833745,0.0541939682170777,-0.5046787515847044,-0.5064236368848973,-0.0017448853001928938,0.05310164689335803,-0.05310164689335803,-0.05419396821707776,0.05419396821707776,0.08160343206297307,0.0010577932186594003,0.0010577932186594003,False,100M<=p<500M,0.50-0.55,0.50-1.00
565,108548483,108548482,1,17.50270747906425,0.0511251586656382,0.0511251586656382,0.0548290277819213,-0.5046460940032756,-0.5063909783592556,-0.001744884355979952,0.05310164346545136,-0.05310164346545136,-0.054829027781921356,0.054829027781921356,0.08160342133658366,0.0010577930796174299,0.0010577930796174299,False,100M<=p<500M,0.50-0.55,>=1.00
1326,108548647,108548646,1,17.50270898990873,0.0511251547295114,0.0511251547295114,0.0538273325308029,-0.499822613788832,-0.5015674969717013,-0.0017448831828692903,0.05310163920654607,-0.05310163920654607,-0.05382733253080293,0.05382733253080293,0.08160340800987852,0.0010577929068685888,0.0010577929068685888,False,100M<=p<500M,0.50-0.55,0.25-0.50
1281,108548681,108548680,1,17.5027093031323,0.0511251539134859,0.0511251539134859,0.0536516899731995,-0.4999644290491981,-0.5017093119888618,-0.0017448829396637272,0.05310163832360279,-0.05310163832360279,-0.053651689973199544,0.053651689973199544,0.08160340524702796,0.0010577928710548427,0.0010577928710548427,False,100M<=p<500M,0.50-0.55,0.25-0.50
919,108548719,108548718,1,17.502709653205585,0.0511251530014578,0.0511251530014578,0.0545307991961619,-0.5009252342156278,-0.5026701168834736,-0.0017448826678458141,0.05310163733678233,-0.05310163733678233,-0.05453079919616192,0.05453079919616192,0.08160340215913732,0.0010577928310277298,0.0010577928310277298,False,100M<=p<500M,0.50-0.55,0.50-1.00
790,108548801,108548800,1,17.502710408626463,0.0511251510333982,0.0511251510333982,0.0550239769450118,-0.5013504369232327,-0.5030953190045246,-0.0017448820812920414,0.05310163520733522,-0.05310163520733522,-0.055023976945011856,0.055023976945011856,0.08160339549579866,0.0010577927446534896,0.0010577927446534896,False,100M<=p<500M,0.50-0.55,>=1.00
1087,108548851,108548850,1,17.50271086924868,0.0511251498333628,0.0511251498333628,0.0542782829612496,-0.5003527773491943,-0.5020976590728318,-0.0017448817236375225,0.053101633908889924,-0.053101633908889924,-0.05427828296124965,0.05427828296124965,0.08160339143279018,0.0010577926919863073,0.0010577926919863073,False,100M<=p<500M,0.50-0.55,0.50-1.00
1106,108548933,108548932,1,17.50271162466864,0.0511251478653059,0.0511251478653059,0.054595234329025,-0.501172608243951,-0.5029174893810356,-0.001744881137084602,0.053101631779440404,-0.053101631779440404,-0.05459523432902508,0.05459523432902508,0.08160338476946091,0.001057792605612189,0.001057792605612189,False,100M<=p<500M,0.50-0.55,>=1.00
1110,108549031,108549030,1,17.50271252748687,0.0511251455132401,0.0511251455132401,0.0548105176332126,-0.500009824735181,-0.5017547051712643,-0.0017448804360833499,0.053101629234496406,-0.053101629234496406,-0.054810517633212645,0.054810517633212645,0.08160337680597754,0.0010577925023846839,0.0010577925023846839,False,100M<=p<500M,0.50-0.55,>=1.00
605,108549391,108549390,1,17.502715843955013,0.0511251368730183,0.0511251368730183,0.0552486098001437,-0.5028539790346888,-0.504598856895673,-0.0017448778609842226,0.05310161988573527,-0.05310161988573527,-0.055248609800143705,0.055248609800143705,0.08160334755243688,0.0010577921231825333,0.0010577921231825333,False,100M<=p<500M,0.50-0.55,>=1.00
757,108553421,108553420,1,17.50275296922265,0.0511250401526908,0.0511250401526908,0.0536206781597749,-0.5115242305559301,-0.5132690795909488,-0.0017448490350187443,0.053101515233898916,-0.053101515233898916,-0.05362067815977491,0.05362067815977491,0.08160302008299665,0.0010577878783248791,0.0010577878783248791,False,100M<=p<500M,0.50-0.55,0.25-0.50
699,108553589,108553588,1,17.50275451684656,0.051125036120763,0.051125036120763,0.0545865214664789,-0.5045418781710601,-0.5062867260044344,-0.0017448478333741521,0.053101510871333676,-0.053101510871333676,-0.05458652146647896,0.05458652146647896,0.08160300643197192,0.0010577877013720107,0.0010577877013720107,False,100M<=p<500M,0.50-0.55,>=1.00
1172,108553853,108553852,1,17.50275694882216,0.0511250297848904,0.0511250297848904,0.0549840791501077,-0.4996375290279958,-0.5013823749730767,-0.0017448459450809391,0.05310150401588995,-0.05310150401588995,-0.05498407915010775,0.05498407915010775,0.0816029849804112,0.0010577874233038598,0.0010577874233038598,False,100M<=p<500M,0.50-0.55,>=1.00
287,108554851,108554850,1,17.50276614237342,0.0511250058335253,0.0511250058335253,0.0546923953449301,-0.5158642529210009,-0.5176090917278212,-0.0017448388068202472,0.05310147810040764,-0.05310147810040764,-0.0546923953449301,0.0546923953449301,0.08160290388755907,0.001057786372129088,0.001057786372129088,False,100M<=p<500M,0.50-0.55,>=1.00
300,108555463,108555462,1,17.50277178006044,0.0511249911460346,0.0511249911460346,0.0542277324548623,-0.5248408438873795,-0.5265856783168761,-0.0017448344294966715,0.053101462208479444,-0.053101462208479444,-0.05422773245486239,0.05422773245486239,0.0816028541597056,0.0010577857275264671,0.0010577857275264671,False,100M<=p<500M,0.50-0.55,0.50-1.00
1247,108555593,108555592,1,17.50277297760425,0.0511249880261545,0.0511249880261545,0.053939505601574,-0.501243949784446,-0.5029887832841236,-0.0017448334996775666,0.05310145883275457,-0.05310145883275457,-0.05393950560157403,0.05393950560157403,0.08160284359664138,0.0010577855906016172,0.0010577855906016172,False,100M<=p<500M,0.50-0.55,0.50-1.00
627,108562541,108562540,1,17.502836979628164,0.0511248212865523,0.0511248212865523,0.0539266504041357,-0.5098147424889309,-0.5115595262956849,-0.0017447838067540633,0.05310127841979776,-0.05310127841979776,-0.05392665040413575,0.05392665040413575,0.08160227906287607,0.0010577782727722862,0.0010577782727722862,False,100M<=p<500M,0.50-0.55,0.50-1.00
516,108563101,108563100,1,17.50284213793185,0.0511248078480634,0.0511248078480634,0.0539925958935485,-0.5138027455319861,-0.5155475253337527,-0.0017447798017665656,0.05310126387929855,-0.05310126387929855,-0.05399259589354852,0.05399259589354852,0.08160223356399811,0.0010577776829882128,0.0010577776829882128,False,100M<=p<500M,0.50-0.55,0.50-1.00
378,108563563,108563562,1,17.502846393512364,0.0511247967613676,0.0511247967613676,0.054274460944475,-0.519723238485591,-0.5214680149832652,-0.0017447764976742163,0.05310125188344822,-0.05310125188344822,-0.05427446094447505,0.05427446094447505,0.08160219602762908,0.0010577771964190134,0.0010577771964190134,False,100M<=p<500M,0.50-0.55,0.50-1.00
488,108563857,108563856,1,17.502849101599622,0.0511247897062246,0.0511247897062246,0.054996504598093,-0.5058171873967667,-0.5075619617918472,-0.0017447743950804995,0.05310124424975396,-0.05310124424975396,-0.05499650459809305,0.05499650459809305,0.08160217214094544,0.0010577768867853212,0.0010577768867853212,False,100M<=p<500M,0.50-0.55,>=1.00
1260,108563909,108563908,1,17.50284958058028,0.0511247884583783,0.0511247884583783,0.0547342177082776,-0.49962870651833013,-0.5013734805415242,-0.0017447740231940514,0.053101242899579855,-0.053101242899579855,-0.05473421770827768,0.05473421770827768,0.08160216791609767,0.00105777683202028,0.00105777683202028,False,100M<=p<500M,0.50-0.55,>=1.00
692,108573587,108573586,1,17.50293872225489,0.0511245562264602,0.0511245562264602,0.0550361137334319,-0.5021745421564969,-0.5039192469703588,-0.0017447048138620077,0.053100991623764825,-0.053100991623764825,-0.0550361137334319,0.0550361137334319,0.08160138164787444,0.0010577666399343153,0.0010577666399343153,False,100M<=p<500M,0.50-0.55,>=1.00
959,108582037,108582036,1,17.50301654662663,0.0511243534801015,0.0511243534801015,0.0549312559663093,-0.5005246547425776,-0.5022692991360383,-0.0017446443934607072,0.05310077225152136,-0.05310077225152136,-0.05493125596630931,0.05493125596630931,0.08160069521246117,0.001057757741941831,0.001057757741941831,False,100M<=p<500M,0.50-0.55,>=1.00
631,108582251,108582250,1,17.503018517484747,0.0511243483456857,0.0511243483456857,0.0547495290911708,-0.5040329251430246,-0.5057775680063996,-0.0017446428633749926,0.05310076669606598,-0.05310076669606598,-0.05474952909117081,0.05474952909117081,0.08160067782898572,0.0010577575166066707,0.0010577575166066707,False,100M<=p<500M,0.50-0.55,>=1.00
1176,108582377,108582376,1,17.50301967789472,0.0511243453226236,0.0511243453226236,0.0551686357806357,-0.4993940668769336,-0.501138708839419,-0.001744641962485431,0.053100763425102566,-0.053100763425102566,-0.05516863578063573,0.05516863578063573,0.08160066759387395,0.0010577573839329394,0.0010577573839329394,False,100M<=p<500M,0.50-0.55,>=1.00
604,108583547,108583546,1,17.503030453065875,0.0511243172515175,0.0511243172515175,0.0548036969719685,-0.5042449979400437,-0.5059896315371982,-0.0017446335971544567,0.05310073305208039,-0.05310073305208039,-0.05480369697196854,0.05480369697196854,0.0816005725542094,0.0010577561519711195,0.0010577561519711195,False,100M<=p<500M,0.50-0.55,>=1.00
1104,108583633,108583632,1,17.503031245082425,0.0511243151881844,0.0511243151881844,0.055383249382152,-0.49924843074958036,-0.5009930637318524,-0.0017446329822720411,0.05310073081954912,-0.05310073081954912,-0.05538324938215207,0.05538324938215207,0.08160056556843485,0.0010577560614172697,0.0010577560614172697,False,100M<=p<500M,0.50-0.55,>=1.00
806,108585227,108585226,1,17.50304592490346,0.051124276944871,0.051124276944871,0.0543407069590195,-0.5028009666897236,-0.5045455882753473,-0.0017446215856237132,0.05310068944016404,-0.05310068944016404,-0.05434070695901953,0.05434070695901953,0.08160043608908006,0.0010577543830272804,0.0010577543830272804,False,100M<=p<500M,0.50-0.55,0.50-1.00
503,108585611,108585610,1,17.50304946128987,0.0511242677320197,0.0511242677320197,0.0539363070407058,-0.5180568368185228,-0.5198014556586913,-0.0017446188401685078,0.05310067947183109,-0.05310067947183109,-0.05393630704070585,0.05393630704070585,0.08160040489739502,0.001057753978701726,0.001057753978701726,False,100M<=p<500M,0.50-0.55,0.50-1.00
260,108586733,108586732,1,17.503059794097258,0.0511242408134253,0.0511242408134253,0.0543474529340776,-0.5268513806593673,-0.528595991477739,-0.0017446108183715885,0.05310065034583176,-0.05310065034583176,-0.054347452934077695,0.054347452934077695,0.08160031375992473,0.0010577527973225167,0.0010577527973225167,False,100M<=p<500M,0.50-0.55,0.50-1.00
1183,108591871,108591870,1,17.50310710999216,0.0511241175484107,0.0511241175484107,0.0542251619253325,-0.5000790944103625,-0.5018236684958605,-0.0017445740854980466,0.053100516972733026,-0.053100516972733026,-0.05422516192533256,0.05422516192533256,0.08159989642602397,0.0010577473875871787,0.0010577473875871787,False,100M<=p<500M,0.50-0.55,0.50-1.00
1067,108591991,108591990,1,17.50310821504664,0.0511241146695848,0.0511241146695848,0.0549443196533628,-0.5008629167054501,-0.5026074899330675,-0.0017445732276172657,0.05310051385783492,-0.05310051385783492,-0.05494431965336287,0.05494431965336287,0.08159988667930168,0.0010577472612442484,0.0010577472612442484,False,100M<=p<500M,0.50-0.55,>=1.00
697,108592199,108592198,1,17.50311013047152,0.0511241096796283,0.0511241096796283,0.0552761062932465,-0.5018189899978517,-0.5035635617384789,-0.001744571740627274,0.05310050845869124,-0.05310050845869124,-0.05527610629324659,0.05527610629324659,0.08159986978501273,0.0010577470422502202,0.0010577470422502202,False,100M<=p<500M,0.50-0.55,>=1.00
1264,108592369,108592368,1,17.503111695960275,0.0511241056013063,0.0511241056013063,0.0539675224819918,-0.4999289117014268,-0.5016734822267287,-0.0017445705253018723,0.05310050404593549,-0.05310050404593549,-0.053967522481991805,0.053967522481991805,0.08159985597720833,0.0010577468632650784,0.0010577468632650784,False,100M<=p<500M,0.50-0.55,0.50-1.00
668,108592553,108592552,1,17.50311339036888,0.0511241011871304,0.0511241011871304,0.0543074254810474,-0.5052285935429616,-0.5069731627528555,-0.0017445692098939454,0.053100499269785294,-0.053100499269785294,-0.05430742548104748,0.05430742548104748,0.08159984103231893,0.0010577466695403507,0.0010577466695403507,False,100M<=p<500M,0.50-0.55,0.50-1.00
1063,108592613,108592612,1,17.5031139428928,0.051124099747727,0.051124099747727,0.0545203554621977,-0.5003330664700311,-0.5020776352509883,-0.001744568780957228,0.05310049771234566,-0.05310049771234566,-0.054520355462197766,0.054520355462197766,0.0815998361589918,0.0010577466063693265,0.0010577466063693265,False,100M<=p<500M,0.50-0.55,0.50-1.00
830,108592873,108592872,1,17.503116337159607,0.0511240935103223,0.0511240935103223,0.0539425138851413,-0.5054141319711333,-0.5071586988933688,-0.0017445669222356432,0.05310049096345917,-0.05310049096345917,-0.05394251388514136,0.05394251388514136,0.08159981504127704,0.0010577463326286894,0.0010577463326286894,False,100M<=p<500M,0.50-0.55,0.50-1.00
413,108593347,108593346,1,17.503120702077418,0.0511240821390961,0.0511240821390961,0.0546182774138054,-0.5120155482199736,-0.5137601117536331,-0.0017445635336594794,0.05310047865975968,-0.05310047865975968,-0.05461827741380541,0.05461827741380541,0.08159977654220979,0.0010577458335804114,0.0010577458335804114,False,100M<=p<500M,0.50-0.55,>=1.00
1187,108593897,108593896,1,17.503125766831587,0.0511240689447039,0.0511240689447039,0.0546529133139765,-0.4998783376362098,-0.5016228972380039,-0.0017445596017941361,0.05310046438339473,-0.05310046438339473,-0.05465291331397654,0.05465291331397654,0.0815997318705411,0.0010577452545191268,0.0010577452545191268,False,100M<=p<500M,0.50-0.55,>=1.00
1198,108595631,108595630,1,17.503141734452274,0.0511240273468656,0.0511240273468656,0.0540053006478409,-0.5013425727047014,-0.5030871199105835,-0.0017445472058822162,0.053100419374423904,-0.053100419374423904,-0.05400530064784092,0.05400530064784092,0.08159959103467408,0.0010577434289191327,0.0010577434289191327,False,100M<=p<500M,0.50-0.55,0.50-1.00
683,108595723,108595722,1,17.503142581631487,0.0511240251398497,0.0511240251398497,0.0551376168754321,-0.5021402706967893,-0.5038848172449956,-0.001744546548206229,0.05310041698642594,-0.05310041698642594,-0.05513761687543212,0.05513761687543212,0.08159958356248655,0.0010577433320601024,0.0010577433320601024,False,100M<=p<500M,0.50-0.55,>=1.00
1418,108595829,108595828,1,17.503143557728382,0.051124022596986,0.051124022596986,0.0547353567679747,-0.4993032092801365,-0.5010477550705866,-0.001744545790450156,0.05310041423504125,-0.05310041423504125,-0.05473535676797477,0.05473535676797477,0.08159957495323614,0.0010577432204617728,0.0010577432204617728,False,100M<=p<500M,0.50-0.55,>=1.00
743,108595901,108595900,1,17.50314422073705,0.0511240208697594,0.0511240208697594,0.0549229874174412,-0.5017756670440177,-0.5035202123197663,-0.0017445452757485402,0.05310041236617837,-0.05310041236617837,-0.05492298741744124,0.05492298741744124,0.08159956910544898,0.0010577431446592061,0.0010577431446592061,False,100M<=p<500M,0.50-0.55,>=1.00
907,108595961,108595960,1,17.503144773243942,0.0511240194304049,0.0511240194304049,0.0547479999666079,-0.5008492985378404,-0.5025938433846713,-0.0017445448468309053,0.05310041080879378,-0.05310041080879378,-0.05474799996660794,0.05474799996660794,0.08159956423229643,0.001057743081490445,0.001057743081490445,False,100M<=p<500M,0.50-0.55,>=1.00
1436,108596009,108596008,1,17.50314521524924,0.0511240182789219,0.0511240182789219,0.0545561364046841,-0.4993710576540604,-0.5011156021577575,-0.0017445445036970287,0.053100409562886364,-0.053100409562886364,-0.05455613640468412,0.05455613640468412,0.08159956033377667,0.0010577430309554655,0.0010577430309554655,False,100M<=p<500M,0.50-0.55,0.50-1.00
1196,108596063,108596062,1,17.50314571250496,0.0511240169835042,0.0511240169835042,0.0546575804301915,-0.49983416226603805,-0.5015787063837098,-0.0017445441176718102,0.05310040816124259,-0.05310040816124259,-0.054657580430191595,0.054657580430191595,0.08159955594794431,0.0010577429741036443,0.0010577429741036443,False,100M<=p<500M,0.50-0.55,>=1.00
1391,108596123,108596122,1,17.50314626501102,0.051124015544152,0.051124015544152,0.0546489093154635,-0.49940312955667665,-0.5011476732454315,-0.0017445436887549126,0.053100406603857654,-0.053100406603857654,-0.0546489093154635,0.0546489093154635,0.08159955107480023,0.0010577429109349926,0.0010577429109349926,False,100M<=p<500M,0.50-0.55,>=1.00
1239,108596263,108596262,1,17.503147554190647,0.0511240121856671,0.0511240121856671,0.0540306422510587,-0.5012117792163808,-0.5029563219043313,-0.0017445426879504325,0.05310040296996843,-0.05310040296996843,-0.054030642251058754,0.054030642251058754,0.08159953970414288,0.0010577427635416303,0.0010577427635416303,False,100M<=p<500M,0.50-0.55,0.50-1.00
1228,108624221,108624220,1,17.503404970062665,0.0511233415917771,0.0511233415917771,0.0550486957228522,-0.4994523271960675,-0.5011966700605586,-0.001744342864491066,0.05309967738611247,-0.05309967738611247,-0.05504869572285222,0.05504869572285222,0.08159726932519433,0.0010577133335116077,0.0010577133335116077,False,100M<=p<500M,0.50-0.55,>=1.00
1435,108624419,108624418,1,17.50340679285889,0.0511233368432746,0.0511233368432746,0.0553402851877227,-0.4984840577750104,-0.5002283992246052,-0.001744341449594733,0.0530996722482251,-0.0530996722482251,-0.05534028518772272,0.05534028518772272,0.08159725324867517,0.0010577131251180082,0.0010577131251180082,False,100M<=p<500M,0.50-0.55,>=1.00
588,108625339,108625338,1,17.503415262373498,0.0511233147796505,0.0511233147796505,0.0546879388476579,-0.5055541935683866,-0.5072985284437646,-0.001744334875377876,0.053099648375357425,-0.053099648375357425,-0.0546879388476579,0.0546879388476579,0.08159717855014405,0.0010577121568303065,0.0010577121568303065,False,100M<=p<500M,0.50-0.55,>=1.00
1158,108625471,108625470,1,17.50341647755884,0.0511233116140169,0.0511233116140169,0.0548992148437754,-0.49978228603032065,-0.501526619962448,-0.0017443339321272925,0.053099644950139725,-0.053099644950139725,-0.05489921484377546,0.05489921484377546,0.08159716783258902,0.001057712017902853,0.001057712017902853,False,100M<=p<500M,0.50-0.55,>=1.00
1252,108804461,108804460,1,17.5050628933838,0.0511190229569621,0.0511190229569621,0.0549550380031999,-0.49951589475497526,-0.501258951168164,-0.0017430564131886703,0.0530950046356205,-0.0530950046356205,-0.05495503800319995,0.05495503800319995,0.08158264889873303,0.0010575238146694008,0.0010575238146694008,False,100M<=p<500M,0.50-0.55,>=1.00
281,108810601,108810600,1,17.505119323301336,0.0511188759785136,0.0511188759785136,0.0544870044829864,-0.5192048090172917,-0.5209478216606171,-0.001743012643325444,0.05309484560598518,-0.05309484560598518,-0.05448700448298645,0.05448700448298645,0.0815821513396468,0.001057517365006513,0.001057517365006513,False,100M<=p<500M,0.50-0.55,0.50-1.00
932,108810703,108810702,1,17.50512026070956,0.0511188735369292,0.0511188735369292,0.0547312475022079,-0.501701228702793,-0.503444240619027,-0.0017430119162339995,0.05309484296421064,-0.05309484296421064,-0.05473124750220796,0.05473124750220796,0.08158214307428278,0.0010575172578658476,0.0010575172578658476,False,100M<=p<500M,0.50-0.55,>=1.00
1351,108810833,108810832,1,17.505121455444257,0.0511188704251096,0.0511188704251096,0.0544069612487653,-0.49959392081133974,-0.5013369318008899,-0.0017430109895501889,0.05309483959724532,-0.05309483959724532,-0.05440696124876536,0.05440696124876536,0.08158213254000836,0.0010575171213141885,0.0010575171213141885,False,100M<=p<500M,0.50-0.55,0.50-1.00
724,108811009,108811008,1,17.50512307292896,0.0511188662121912,0.0511188662121912,0.0540320931092931,-0.5061273895134885,-0.5078703992484539,-0.001743009734965356,0.05309483503889763,-0.05309483503889763,-0.05403209310929311,0.05403209310929311,0.08158211827824476,0.001057516936444552,0.001057516936444552,False,100M<=p<500M,0.50-0.55,0.50-1.00
1003,108811211,108811210,1,17.50512492935704,0.0511188613769191,0.0511188613769191,0.0539684199046391,-0.5019876258818542,-0.5037306341769019,-0.0017430082950477255,0.05309482980716772,-0.05309482980716772,-0.0539684199046391,0.0539684199046391,0.08158210190966272,0.001057516724265056,0.001057516724265056,False,100M<=p<500M,0.50-0.55,0.50-1.00
1088,108811249,108811248,1,17.50512527858569,0.0511188604673145,0.0511188604673145,0.0542851518691058,-0.5003423654647015,-0.5020853734888739,-0.0017430080241725677,0.05309482882298231,-0.05309482882298231,-0.0542851518691059,0.0542851518691059,0.08158209883042845,0.0010575166843501526,0.0010575166843501526,False,100M<=p<500M,0.50-0.55,0.50-1.00
427,108829177,108829176,1,17.5052900273906,0.0511184313644863,0.0511184313644863,0.0544294247853158,-0.5110703197093641,-0.5128131999526591,-0.001742880243294875,0.053094364537028926,-0.053094364537028926,-0.05442942478531589,0.05442942478531589,0.08158064621947946,0.001057497854725315,0.001057497854725315,False,100M<=p<500M,0.50-0.55,0.50-1.00
753,108829241,108829240,1,17.50529061546801,0.0511184298327995,0.0511184298327995,0.0550718611036335,-0.5015624064941921,-0.5033052862813846,-0.0017428797871924732,0.053094362879756406,-0.053094362879756406,-0.055071861103633546,0.055071861103633546,0.08158064103439637,0.0010574977875131208,0.0010574977875131208,False,100M<=p<500M,0.50-0.55,>=1.00
1324,108830327,108830326,1,17.505300594353937,0.0511184038421409,0.0511184038421409,0.0538629340791559,-0.4998198649050953,-0.5015627369528588,-0.0017428720477634914,0.05309433475807248,-0.05309433475807248,-0.05386293407915591,0.05386293407915591,0.08158055305055768,0.0010574966470131984,0.0010574966470131984,False,100M<=p<500M,0.50-0.55,0.50-1.00
986,108830363,108830362,1,17.50530092514403,0.051118402980577,0.051118402980577,0.0544065484650341,-0.5006599663472633,-0.5024028381384731,-0.0017428717912097787,0.053094333825868555,-0.053094333825868555,-0.05440654846503418,0.05440654846503418,0.08158055013398381,0.0010574966092067976,0.0010574966092067976,False,100M<=p<500M,0.50-0.55,0.50-1.00
580,108832879,108832878,1,17.50532404342507,0.051118342767611,0.051118342767611,0.0551944556078763,-0.5031568506505542,-0.5048997045118097,-0.0017428538612554955,0.05309426867593503,-0.05309426867593503,-0.0551944556078763,0.0551944556078763,0.08158034630065424,0.0010574939669954556,0.0010574939669954556,False,100M<=p<500M,0.50-0.55,>=1.00
1235,108832939,108832938,1,17.505324594728904,0.0511183413317084,0.0511183413317084,0.0548802733348801,-0.49957058562963264,-0.501313439063313,-0.0017428534336803995,0.05309426712230041,-0.05309426712230041,-0.05488027333488019,0.05488027333488019,0.08158034143983088,0.0010574939039865127,0.0010574939039865127,False,100M<=p<500M,0.50-0.55,>=1.00
1092,108833029,108833028,1,17.505325421684084,0.0511183391778562,0.0511183391778562,0.054911741915113,-0.4999742817815677,-0.5017171345738861,-0.001742852792318402,0.053094264791850615,-0.053094264791850615,-0.054911741915113055,0.054911741915113055,0.08158033414860169,0.0010574938094731743,0.0010574938094731743,False,100M<=p<500M,0.50-0.55,>=1.00
583,108833357,108833356,1,17.50532843547052,0.0511183313282781,0.0511183313282781,0.0551126535106919,-0.5038830577906219,-0.5056259082455385,-0.0017428504549166178,0.05309425629867157,-0.05309425629867157,-0.0551126535106919,0.0551126535106919,0.08158030757618125,0.0010574934650253312,0.0010574934650253312,False,100M<=p<500M,0.50-0.55,>=1.00
984,108834899,108834898,1,17.50534260382036,0.0511182944260373,0.0511182944260373,0.0545411270878509,-0.5006175354977663,-0.50236037496418,-0.0017428394664135707,0.05309421637075378,-0.05309421637075378,-0.05454112708785096,0.05454112708785096,0.08158018265464696,0.0010574918457165782,0.0010574918457165782,False,100M<=p<500M,0.50-0.55,0.50-1.00
1051,108835253,108835252,1,17.50534585644821,0.051118285954398,0.051118285954398,0.0545099643960911,-0.5003708859344664,-0.5021137228782593,-0.0017428369437928043,0.05309420720451328,-0.05309420720451328,-0.05450996439609118,0.05450996439609118,0.08158015397645274,0.0010574914739724173,0.0010574914739724173,False,100M<=p<500M,0.50-0.55,0.50-1.00
607,108835721,108835720,1,17.505350156516258,0.0511182747546501,0.0511182747546501,0.0538377238745202,-0.5140063927039492,-0.5157492263127698,-0.0017428336088205823,0.05309419508647805,-0.05309419508647805,-0.053837723874520245,0.053837723874520245,0.08158011606307419,0.0010574909825161916,0.0010574909825161916,False,100M<=p<500M,0.50-0.55,0.25-0.50
1245,108835757,108835756,1,17.50535048728996,0.0511182738931333,0.0511182738931333,0.0544483994163014,-0.4998190740009683,-0.5015619073532535,-0.0017428333522851581,0.0530941941543253,-0.0530941941543253,-0.054448399416301425,0.054448399416301425,0.08158011314666831,0.0010574909447119685,0.0010574909447119685,False,100M<=p<500M,0.50-0.55,0.50-1.00
1368,108835807,108835806,1,17.50535094669769,0.0511182726965826,0.0511182726965826,0.0548551884607386,-0.4993454068001446,-0.5010882397961307,-0.001742832995986091,0.05309419285966716,-0.05309419285966716,-0.05485518846073866,0.05485518846073866,0.08158010909610645,0.001057490892206127,0.001057490892206127,False,100M<=p<500M,0.50-0.55,>=1.00
693,109442251,109442250,1,17.51090757997494,0.051103804245746,0.051103804245746,0.0546254127662521,-0.5034689484765462,-0.5052074772033942,-0.001738528726847998,0.05307853831725096,-0.05307853831725096,-0.054625412766252136,0.054625412766252136,0.08153113875694386,0.00105685610894552,0.00105685610894552,False,100M<=p<500M,0.50-0.55,>=1.00
841,109442429,109442428,1,17.51090920640216,0.0511038000120234,0.0511038000120234,0.0545916136692518,-0.5023071131275066,-0.5040456405960283,-0.0017385274685216608,0.053078533736513826,-0.053078533736513826,-0.05459161366925187,0.05459161366925187,0.08153112442977545,0.0010568559232280667,0.0010568559232280667,False,100M<=p<500M,0.50-0.55,>=1.00
654,109442621,109442620,1,17.510910960747644,0.0511037954453198,0.0511037954453198,0.0553579920235929,-0.5020241474016539,-0.503762673512883,-0.001738526111229079,0.05307852879550702,-0.05307852879550702,-0.05535799202359296,0.05535799202359296,0.08153110897578142,0.0010568557229040157,0.0010568557229040157,False,100M<=p<500M,0.50-0.55,>=1.00
1140,109452439,109452438,1,17.51100066583287,0.0511035619367919,0.0511035619367919,0.054684290006421,-0.49997010507839545,-0.5017085617884686,-0.0017384567100731578,0.05307827614774356,-0.05307827614774356,-0.05468429000642104,0.05468429000642104,0.08153031877135217,0.0010568454797945596,0.0010568454797945596,False,100M<=p<500M,0.50-0.55,>=1.00
1115,109467443,109467442,1,17.511137738810312,0.0511032051304779,0.0511032051304779,0.05439436807557,-0.500194583294916,-0.5019329339625015,-0.0017383506675855902,0.05307789009644782,-0.05307789009644782,-0.054394368075570014,0.054394368075570014,0.08152911132939734,0.001056829828199039,0.001056829828199039,False,100M<=p<500M,0.50-0.55,0.50-1.00
1036,109467517,109467516,1,17.51113841481016,0.0511032033708362,0.0511032033708362,0.0540584124171681,-0.5017869735097289,-0.5035253236543628,-0.0017383501446338629,0.05307788819257902,-0.05307788819257902,-0.05405841241716816,0.05405841241716816,0.08152910537474835,0.0010568297510112643,0.0010568297510112643,False,100M<=p<500M,0.50-0.55,0.50-1.00
644,109489717,109489716,1,17.511341194135333,0.0511026755374729,0.0511026755374729,0.0543575136108819,-0.5053724304459157,-0.5071106237280015,-0.001738193282085801,0.05307731709675776,-0.05307731709675776,-0.05435751361088197,0.05435751361088197,0.08152731919121409,0.0010568065974161022,0.0010568065974161022,False,100M<=p<500M,0.50-0.55,0.50-1.00
944,109489841,109489840,1,17.51134232666114,0.0511026725895456,0.0511026725895456,0.0553662236802841,-0.4998196503313912,-0.5015578427374363,-0.0017381924060450552,0.05307731390721209,-0.05307731390721209,-0.05536622368028415,0.05536622368028415,0.08152730921551503,0.001056806468105036,0.001056806468105036,False,100M<=p<500M,0.50-0.55,>=1.00
473,109490539,109490538,1,17.511348701661493,0.0511026559956361,0.0511026559956361,0.0545556595614845,-0.5097089105977776,-0.5114470980725878,-0.0017381874748102018,0.05307729595323557,-0.05307729595323557,-0.054555659561484504,0.054555659561484504,0.08152725306222831,0.0010568057402120493,0.0010568057402120493,False,100M<=p<500M,0.50-0.55,0.50-1.00
1126,109494269,109494268,1,17.51138276795161,0.0511025673224213,0.0511025673224213,0.0541033015819134,-0.500277813750752,-0.5020159748746007,-0.0017381611238487488,0.05307720001221168,-0.05307720001221168,-0.054103301581913496,0.054103301581913496,0.08152695299512536,0.0010568018505601239,0.0010568018505601239,False,100M<=p<500M,0.50-0.55,0.50-1.00
799,109494367,109494366,1,17.511383662975224,0.0511025649927141,0.0511025649927141,0.0544354326344731,-0.502767127730793,-0.5045052881623282,-0.0017381604315352755,0.053077197491558245,-0.053077197491558245,-0.05443543263447319,0.05443543263447319,0.08152694511148491,0.001056801748367591,0.001056801748367591,False,100M<=p<500M,0.50-0.55,0.50-1.00
506,109494731,109494730,1,17.511386987341627,0.0511025563395362,0.0511025563395362,0.0542490598802129,-0.5098606776008425,-0.5115988354609355,-0.0017381578600930336,0.053077188129153116,-0.053077188129153116,-0.05424905988021301,0.05424905988021301,0.08152691582946371,0.0010568013687962585,0.0010568013687962585,False,100M<=p<500M,0.50-0.55,0.50-1.00
649,109494937,109494936,1,17.511388868708924,0.051102551442422,0.051102551442422,0.0546385149744283,-0.5039142841254137,-0.5056524405302455,-0.0017381564048316752,0.05307718283066308,-0.05307718283066308,-0.05463851497442833,0.05463851497442833,0.08152689925782056,0.001056801153984561,0.001056801153984561,False,100M<=p<500M,0.50-0.55,>=1.00
1358,109496249,109496248,1,17.51140085092633,0.0511025202532731,0.0511025202532731,0.0535116384711465,-0.4998203090563132,-0.5015584561927767,-0.0017381471364635635,0.05307714908520416,-0.05307714908520416,-0.0535116384711466,0.0535116384711466,0.08152679371500152,0.0010567997858744774,0.0010567997858744774,False,100M<=p<500M,0.50-0.55,0.25-0.50
436,109496869,109496868,1,17.51140651320472,0.0511025055146416,0.0511025055146416,0.0551035992031224,-0.5064686796029841,-0.5082068223596341,-0.0017381427566499524,0.0530771331385695,-0.0530771331385695,-0.05510359920312249,0.05510359920312249,0.08152674384009531,0.0010567991393656698,0.0010567991393656698,False,100M<=p<500M,0.50-0.55,>=1.00
1246,109496897,109496896,1,17.51140676891976,0.0511025048490282,0.0511025048490282,0.0538157413221827,-0.5000097544228728,-0.5017478969817256,-0.001738142558852793,0.0530771324184023,-0.0530771324184023,-0.05381574132218277,0.05381574132218277,0.08152674158768795,0.0010567991101685986,0.0010567991101685986,False,100M<=p<500M,0.50-0.55,0.50-1.00
1457,109497233,109497232,1,17.51140983749516,0.0511024968616815,0.0511024968616815,0.0535318452011645,-0.4996193120741613,-0.5013574522594536,-0.0017381401852922616,0.053077123776402384,-0.053077123776402384,-0.05353184520116452,0.05353184520116452,0.08152671455885166,0.0010567987598044163,0.0010567987598044163,False,100M<=p<500M,0.50-0.55,0.25-0.50
779,109504859,109504858,1,17.51147948066554,0.0511023155846973,0.0511023155846973,0.0544341084483662,-0.5039816788387887,-0.5057197651555493,-0.0017380863167605867,0.05307692764171481,-0.05307692764171481,-0.0544341084483662,0.0544341084483662,0.08152610112671643,0.0010567908081247337,0.0010567908081247337,False,100M<=p<500M,0.50-0.55,0.50-1.00
1234,109507157,109507156,1,17.511500465815505,0.0511022609618652,0.0511022609618652,0.054893244927348,-0.4995643610645991,-0.5013024311498074,-0.001738070085208278,0.05307686854193426,-0.05307686854193426,-0.05489324492734801,0.05489324492734801,0.0815259162863258,0.0010567884121113946,0.0010567884121113946,False,100M<=p<500M,0.50-0.55,>=1.00
1142,109507313,109507312,1,17.51150189037892,0.0511022572538336,0.0511022572538336,0.0546230160820673,-0.5000061631501314,-0.5017442321334766,-0.0017380689833451925,0.0530768645299911,-0.0530768645299911,-0.05462301608206738,0.05462301608206738,0.08152590373857757,0.0010567882494598659,0.0010567882494598659,False,100M<=p<500M,0.50-0.55,>=1.00
1015,109511377,109511376,1,17.511539001367023,0.0511021606569063,0.0511021606569063,0.0545448919648038,-0.5004798101831847,-0.5022178504623794,-0.0017380402791947014,0.0530767600158883,-0.0530767600158883,-0.0545448919648038,0.0545448919648038,0.0815255768609677,0.001056784012273876,0.001056784012273876,False,100M<=p<500M,0.50-0.55,>=1.00
739,109511539,109511538,1,17.511540480664287,0.0511021568064217,0.0511021568064217,0.0537774692048976,-0.5074616304354789,-0.5091996695704946,-0.0017380391350156831,0.05307675584981323,-0.05307675584981323,-0.05377746920489767,0.05377746920489767,0.08152556383119765,0.0010567838433740877,0.0010567838433740877,False,100M<=p<500M,0.50-0.55,0.25-0.50
791,109515877,109515876,1,17.5115800921438,0.0511020537013328,0.0511020537013328,0.0549357814860258,-0.5014005453134657,-0.5031385538108165,-0.0017380084973507507,0.053076644294152965,-0.053076644294152965,-0.054935781486025875,0.054935781486025875,0.08152521493124097,0.0010567793207210713,0.0010567793207210713,False,100M<=p<500M,0.50-0.55,>=1.00
795,109516811,109516810,1,17.51158862055121,0.0511020315027159,0.0511020315027159,0.0550972136041918,-0.5012127408048003,-0.5029507427058882,-0.0017380019010879357,0.05307662027612585,-0.05307662027612585,-0.05509721360419187,0.05509721360419187,0.08152513981288116,0.0010567783469912957,0.0010567783469912957,False,100M<=p<500M,0.50-0.55,>=1.00
784,109517449,109517448,1,17.511594446123887,0.0511020163393266,0.0511020163393266,0.054757713314497,-0.5024895912566676,-0.5042275886520036,-0.0017379973953359465,0.05307660386993374,-0.05307660386993374,-0.05475771331449703,0.05475771331449703,0.08152508850119611,0.0010567776818580883,0.0010567776818580883,False,100M<=p<500M,0.50-0.55,>=1.00
1177,109526147,109526146,1,17.511673864104264,0.0511018096230757,0.0511018096230757,0.0541493262269027,-0.5001132713649489,-0.5018512073361033,-0.0017379359711544682,0.05307638021113993,-0.05307638021113993,-0.0541493262269027,0.0541493262269027,0.08152438899189858,0.0010567686143939806,0.0010567686143939806,False,100M<=p<500M,0.50-0.55,0.50-1.00
990,109527281,109527280,1,17.51168421774274,0.0511017826738185,0.0511017826738185,0.0546979058091081,-0.5005113342302684,-0.5022492621937745,-0.0017379279635061306,0.05307635105311757,-0.05307635105311757,-0.05469790580910819,0.05469790580910819,0.08152429779827139,0.0010567674322868315,0.0010567674322868315,False,100M<=p<500M,0.50-0.55,>=1.00
908,109527331,109527330,1,17.511684674249903,0.0511017814855867,0.0511017814855867,0.0546177716113432,-0.5009231158924237,-0.5026610435028617,-0.001737927610437966,0.05307634976749832,-0.05307634976749832,-0.054617771611343256,0.054617771611343256,0.08152429377741365,0.0010567673801660327,0.0010567673801660327,False,100M<=p<500M,0.50-0.55,>=1.00
1466,109527673,109527672,1,17.51168779675333,0.0511017733580974,0.0511017733580974,0.0541881378018258,-0.4994461409774794,-0.5011840661729373,-0.0017379251954579135,0.05307634097387941,-0.05307634097387941,-0.054188137801825895,0.054188137801825895,0.08152426627480362,0.001056767023660508,0.001056767023660508,False,100M<=p<500M,0.50-0.55,0.50-1.00
1078,109527767,109527766,1,17.511688654983555,0.051101771124231,0.051101771124231,0.0542052505928554,-0.5015800704989071,-0.5033179950306005,-0.0017379245316933522,0.053076338556924715,-0.053076338556924715,-0.0542052505928555,0.0542052505928555,0.0815242587156242,0.001056766925673836,0.001056766925673836,False,100M<=p<500M,0.50-0.55,0.50-1.00
621,109547923,109547922,1,17.51187266444673,0.0511012921749983,0.0511012921749983,0.0542878804108003,-0.5068384753753115,-0.508576257597858,-0.0017377822225465428,0.05307582035317913,-0.05307582035317913,-0.0542878804108003,0.0542878804108003,0.08152263800865436,0.0010567459170863441,0.0010567459170863441,False,100M<=p<500M,0.50-0.55,0.50-1.00
359,109548913,109548912,1,17.511881701546663,0.0511012686530033,0.0511012686530033,0.0540412935367529,-0.523331162345414,-0.5250689375791483,-0.001737775233734301,0.053075794903339586,-0.053075794903339586,-0.054041293536752945,0.054041293536752945,0.08152255841349944,0.0010567448853256328,0.0010567448853256328,False,100M<=p<500M,0.50-0.55,0.50-1.00
1450,109548991,109548990,1,17.511882413557128,0.0511012667997652,0.0511012667997652,0.0547160509000266,-0.49923157274954905,-0.5009693474326534,-0.0017377746831044043,0.05307579289820953,-0.05307579289820953,-0.05471605090002664,0.05471605090002664,0.08152255214240153,0.0010567448040358551,0.0010567448040358551,False,100M<=p<500M,0.50-0.55,>=1.00
575,109549457,109549456,1,17.511886667352663,0.0511012557278856,0.0511012557278856,0.0540619683285294,-0.5101122493224238,-0.5118500207158798,-0.0017377713934560118,0.0530757809188891,-0.0530757809188891,-0.05406196832852949,0.05406196832852949,0.08152251467671966,0.0010567443183829455,0.0010567443183829455,False,100M<=p<500M,0.50-0.55,0.50-1.00
541,109549709,109549708,1,17.511888967680907,0.0511012497405388,0.0511012497405388,0.0553866981611319,-0.5032528329309744,-0.5049906025454872,-0.001737769614512785,0.05307577444082554,-0.05307577444082554,-0.05538669816113191,0.05538669816113191,0.08152249441638515,0.0010567440557561919,0.0010567440557561919,False,100M<=p<500M,0.50-0.55,>=1.00
983,109559207,109559206,1,17.511975664289874,0.0511010240856487,0.0511010240856487,0.05444012530015,-0.5006592903850472,-0.5023969929546357,-0.001737702569588492,0.05307553029150631,-0.05307553029150631,-0.054440125300150084,0.054440125300150084,0.08152173083421559,0.0010567341577406252,0.0010567341577406252,False,100M<=p<500M,0.50-0.55,0.50-1.00
1439,109567151,109567150,1,17.512048170400742,0.0511008353674682,0.0511008353674682,0.0547128295829155,-0.49926139246505447,-0.5009990389655857,-0.0017376465005312593,0.05307532610626794,-0.05307532610626794,-0.05471282958291554,0.05471282958291554,0.08152109224338822,0.0010567258799387043,0.0010567258799387043,False,100M<=p<500M,0.50-0.55,>=1.00
734,109567411,109567410,1,17.51205054337192,0.051100829191146,0.051100829191146,0.0542083537049825,-0.5046061987106498,-0.5063438433761899,-0.0017376446655400417,0.05307531942374368,-0.05307531942374368,-0.054208353704982594,0.054208353704982594,0.0815210713437921,0.0010567256090254537,0.0010567256090254537,False,100M<=p<500M,0.50-0.55,0.50-1.00
655,109568047,109568046,1,17.512056348000765,0.0511008140829798,0.0511008140829798,0.0552176978121025,-0.5022838963337084,-0.504021536510604,-0.0017376401768956203,0.05307530307733536,-0.05307530307733536,-0.055217697812102576,0.055217697812102576,0.08152102022040753,0.0010567249463331113,0.0010567249463331113,False,100M<=p<500M,0.50-0.55,>=1.00
1166,109568141,109568140,1,17.512057205914747,0.05110081185002,0.05110081185002,0.0550760585666167,-0.49956513595057855,-0.5013027754640614,-0.0017376395134828628,0.05307530066136763,-0.05307530066136763,-0.05507605856661676,0.05507605856661676,0.08152101266446485,0.0010567248483883962,0.0010567248483883962,False,100M<=p<500M,0.50-0.55,>=1.00
1265,109588133,109588132,1,17.512239651068523,0.0511003369901771,0.0511003369901771,0.0544460077514335,-0.49974621697346244,-0.501483715410342,-0.0017374984368795062,0.053074786883042006,-0.053074786883042006,-0.054446007751433524,0.054446007751433524,0.08151940583129051,0.0010567040196414628,0.0010567040196414628,False,100M<=p<500M,0.50-0.55,0.50-1.00
428,109588771,109588770,1,17.51224547284982,0.0511003218376577,0.0511003218376577,0.0537769958239419,-0.5236531146349882,-0.5253906085703327,-0.0017374939353444602,0.05307477048866141,-0.05307477048866141,-0.05377699582394196,0.05377699582394196,0.08151935455840971,0.00105670335501126,0.00105670335501126,False,100M<=p<500M,0.50-0.55,0.25-0.50
1204,109588861,109588860,1,17.512246294101505,0.0511003197001628,0.0511003197001628,0.0533838541467366,-0.502924966226748,-0.5046624595270827,-0.001737493300334735,0.05307476817598365,-0.05307476817598365,-0.05338385414673662,0.05338385414673662,0.08151934732558613,0.0010567032612550104,0.0010567032612550104,False,100M<=p<500M,0.50-0.55,0.10-0.25
800,109588943,109588942,1,17.512247042352456,0.0511003177526691,0.0511003177526691,0.0551859703215391,-0.5009772509309488,-0.5027147436527197,-0.0017374927217709874,0.053074766068879564,-0.053074766068879564,-0.05518597032153919,0.05518597032153919,0.08151934073568619,0.0010567031758327273,0.0010567031758327273,False,100M<=p<500M,0.50-0.55,>=1.00
1065,109589027,109589026,1,17.512247808852848,0.0511003157576772,0.0511003157576772,0.0543602998727245,-0.5015117189285014,-0.503249211057598,-0.001737492129096532,0.053074763910383224,-0.053074763910383224,-0.05436029987272452,0.05436029987272452,0.08151933398506292,0.001056703088327051,0.001056703088327051,False,100M<=p<500M,0.50-0.55,0.50-1.00
1211,109590113,109590112,1,17.51225771855502,0.051100289965434,0.051100289965434,0.0544964114389901,-0.499874594080548,-0.5016120785472695,-0.0017374844667214578,0.053074736004277624,-0.053074736004277624,-0.05449641143899016,0.05449641143899016,0.08151924670968924,0.0010567019570106822,0.0010567019570106822,False,100M<=p<500M,0.50-0.55,0.50-1.00
1280,109590289,109590288,1,17.51225932453802,0.0511002857855021,0.0511002857855021,0.0551190930242849,-0.4991939157733731,-0.5009313989983203,-0.0017374832249471969,0.053074731481769936,-0.053074731481769936,-0.055119093024284985,0.055119093024284985,0.08151923256570862,0.0010567017736678203,0.0010567017736678203,False,100M<=p<500M,0.50-0.55,>=1.00
1222,109591463,109591462,1,17.512270037108657,0.0511002579036456,0.0511002579036456,0.0544056248012128,-0.49988013869183406,-0.5016176136336558,-0.0017374749418217154,0.0530747013147905,-0.0530747013147905,-0.05440562480121287,0.05440562480121287,0.08151913821960384,0.0010567005506963432,0.0010567005506963432,False,100M<=p<500M,0.50-0.55,0.50-1.00
419,109592159,109592158,1,17.512276387948138,0.0511002413741825,0.0511002413741825,0.0538415692856274,-0.5262990767162609,-0.5280365467475335,-0.0017374700312727189,0.05307468343061904,-0.05307468343061904,-0.05384156928562744,0.05384156928562744,0.08151908228754429,0.001056699825671037,0.001056699825671037,False,100M<=p<500M,0.50-0.55,0.25-0.50
1392,109592381,109592380,1,17.51227841363845,0.0511002361018781,0.0511002361018781,0.054215024139045,-0.50076825984468,-0.5025057283096664,-0.0017374684649864313,0.053074677726213854,-0.053074677726213854,-0.05421502413904509,0.05421502413904509,0.08151906444723282,0.0010566995944140912,0.0010566995944140912,False,100M<=p<500M,0.50-0.55,0.50-1.00
946,109592773,109592772,1,17.512281990523043,0.0511002267922521,0.0511002267922521,0.053857183474842,-0.507405443549991,-0.5091429092492936,-0.0017374656993027057,0.05307466765359405,-0.05307466765359405,-0.05385718347484202,0.05385718347484202,0.08151903294552412,0.0010566991860698218,0.0010566991860698218,False,100M<=p<500M,0.50-0.55,0.50-1.00
464,109593397,109593396,1,17.51228768431294,0.0511002119729232,0.0511002119729232,0.054101887905503,-0.5131971179265383,-0.5149345792233535,-0.001737461296815202,0.05307465161971724,-0.05307465161971724,-0.05410188790550309,0.05410188790550309,0.08151898280021709,0.0010566985360559145,0.0010566985360559145,False,100M<=p<500M,0.50-0.55,0.50-1.00
1209,109593481,109593480,1,17.51228845078218,0.0511002099780206,0.0511002099780206,0.0552477469879636,-0.49917029263232787,-0.5009077533365033,-0.001737460704175411,0.053074649461318596,-0.053074649461318596,-0.055247746987963635,0.055247746987963635,0.08151897604991265,0.0010566984485543712,0.0010566984485543712,False,100M<=p<500M,0.50-0.55,>=1.00
1059,109594403,109594402,1,17.51229686365595,0.0511001880817008,0.0511001880817008,0.0544968190492292,-0.5003471872929655,-0.5020846414922563,-0.0017374541992908363,0.053074625770438144,-0.053074625770438144,-0.05449681904922927,0.05449681904922927,0.08151890195768037,0.0010566974881258831,0.0010566974881258831,False,100M<=p<500M,0.50-0.55,0.50-1.00
1268,109594687,109594686,1,17.512299455025804,0.0511001813371052,0.0511001813371052,0.0545606120733685,-0.49971116151395356,-0.5014486137095866,-0.0017374521956330215,0.05307461847307703,-0.05307461847307703,-0.05456061207336854,0.05456061207336854,0.08151887913549011,0.0010566971922908001,0.0010566971922908001,False,100M<=p<500M,0.50-0.55,>=1.00
913,109594997,109594996,1,17.51230228362608,0.0511001739750686,0.0511001739750686,0.054632572985037,-0.5028742233339366,-0.5046116733424868,-0.0017374500085502106,0.05307461050766975,-0.05307461050766975,-0.05463257298503706,0.05463257298503706,0.08151885422402284,0.0010566968693732405,0.0010566968693732405,False,100M<=p<500M,0.50-0.55,>=1.00
1463,109595639,109595638,1,17.512308141540554,0.0511001587286012,0.0511001587286012,0.0546729446820717,-0.4992471958050229,-0.5009846412842234,-0.0017374454792005271,0.05307459401164662,-0.05307459401164662,-0.054672944682071754,0.054672944682071754,0.08151880263343812,0.0010566962006247666,0.0010566962006247666,False,100M<=p<500M,0.50-0.55,>=1.00
504,109595947,109595946,1,17.51231095186741,0.0511001514141315,0.0511001514141315,0.0549182451089935,-0.5064264023545387,-0.5081638456607936,-0.0017374433062549459,0.05307458609770191,-0.05307458609770191,-0.05491824510899351,0.05491824510899351,0.08151877788293956,0.0010566958797937809,0.0010566958797937809,False,100M<=p<500M,0.50-0.55,>=1.00
1083,109603309,109603308,1,17.51237812362827,0.0510999765860461,0.0510999765860461,0.054542461859309,-0.5002489272222891,-0.5019863185921166,-0.0017373913698274968,0.05307439694125561,-0.05307439694125561,-0.054542461859309097,0.054542461859309097,0.08151818630579233,0.0010566882114117187,0.0010566882114117187,False,100M<=p<500M,0.50-0.55,>=1.00
704,109611101,109611100,1,17.512449213845407,0.0510997915606843,0.0510997915606843,0.0550890190175448,-0.5019494484664616,-0.503686784871822,-0.0017373364053602988,0.053074196751861785,-0.053074196751861785,-0.0550890190175448,0.0550890190175448,0.08151756022608014,0.0010566800957864668,0.0010566800957864668,False,100M<=p<500M,0.50-0.55,>=1.00
254,109611739,109611738,1,17.51245503440681,0.0510997764116622,0.0510997764116622,0.0542307354806207,-0.5287220126987796,-0.5304593446039614,-0.0017373319051818298,0.053074180361281614,-0.053074180361281614,-0.05423073548062078,0.05423073548062078,0.08151750896568394,0.0010566794313180967,0.0010566794313180967,False,100M<=p<500M,0.50-0.55,0.50-1.00
510,109637959,109637958,1,17.51269421375678,0.0510991539135939,0.0510991539135939,0.0539602066688582,-0.513905788133573,-0.5156429351266977,-0.0017371469931246187,0.05307350684594024,-0.05307350684594024,-0.053960206668858285,0.053960206668858285,0.08151540260789174,0.0010566521274298615,0.0010566521274298615,False,100M<=p<500M,0.50-0.55,0.50-1.00
851,109638391,109638390,1,17.51269815399019,0.051099143658706,0.051099143658706,0.0552138610279271,-0.5006737000702574,-0.5024108440173085,-0.0017371439470511907,0.05307349575061064,-0.05307349575061064,-0.055213861027927136,0.055213861027927136,0.08151536790850045,0.0010566516776352895,0.0010566516776352895,False,100M<=p<500M,0.50-0.55,>=1.00
1230,109670843,109670842,1,17.5129941014033,0.0510983734349528,0.0510983734349528,0.0544253157005279,-0.4998494006962778,-0.5015863158705096,-0.0017369151742317919,0.05307266240365666,-0.05307266240365666,-0.054425315700527936,0.054425315700527936,0.0815127617315304,0.0010566178947874869,0.0010566178947874869,False,100M<=p<500M,0.50-0.55,0.50-1.00
1334,109670909,109670908,1,17.512994703203912,0.0510983718687484,0.0510983718687484,0.0547446275199418,-0.49944809074621016,-0.5011850054552692,-0.0017369147090590471,0.053072660709096706,-0.053072660709096706,-0.05474462751994187,0.05474462751994187,0.08151275643207131,0.0010566178260926816,0.0010566178260926816,False,100M<=p<500M,0.50-0.55,>=1.00
1341,109670989,109670988,1,17.51299543265871,0.0510983699703202,0.0510983699703202,0.0541830118855111,-0.4996881267879667,-0.5014250409331804,-0.0017369141452137221,0.05307265865508268,-0.05307265865508268,-0.054183011885511174,0.054183011885511174,0.08151275000848954,0.0010566177428263158,0.0010566177428263158,False,100M<=p<500M,0.50-0.55,0.50-1.00
1430,109682179,109682178,1,17.51309745990648,0.0510981044427007,0.0510981044427007,0.0544808491312744,-0.4994001605634896,-0.5011369958466788,-0.001736835283189147,0.05307237136658091,-0.05307237136658091,-0.05448084913127439,0.05448084913127439,0.08151185156362986,0.0010566060966386997,0.0010566060966386997,False,100M<=p<500M,0.50-0.55,0.50-1.00
1272,109682933,109682932,1,17.5131043342904,0.0510980865521004,0.0510980865521004,0.0544393555110509,-0.4997533324448821,-0.5014901624146387,-0.0017368299697566,0.05307235200979022,-0.05307235200979022,-0.05443935551105094,0.05443935551105094,0.08151179102881648,0.0010566053119497047,0.0010566053119497047,False,100M<=p<500M,0.50-0.55,0.50-1.00
764,109683073,109683072,1,17.51310561069601,0.0510980832302532,0.0510980832302532,0.0541096892228777,-0.5044330743515587,-0.506169903334742,-0.0017368289831833261,0.05307234841570522,-0.05307234841570522,-0.05410968922287775,0.05410968922287775,0.08151177978898391,0.0010566051662521726,0.0010566051662521726,False,100M<=p<500M,0.50-0.55,0.50-1.00
1248,109683107,109683106,1,17.51310592067998,0.0510980824235196,0.0510980824235196,0.053791839156681,-0.5000095987156028,-0.5017464274591901,-0.0017368287435873383,0.05307234754286002,-0.05307234754286002,-0.053791839156681065,0.053791839156681065,0.08151177705931284,0.0010566051308685193,0.0010566051308685193,False,100M<=p<500M,0.50-0.55,0.25-0.50
324,109683631,109683630,1,17.51311069806788,0.0510980699903657,0.0510980699903657,0.055032164231841,-0.5104111035934564,-0.5121479286444589,-0.0017368250510024494,0.05307233409076959,-0.05307233409076959,-0.05503216423184103,0.05503216423184103,0.08151173499038843,0.0010566045855455858,0.0010566045855455858,False,100M<=p<500M,0.50-0.55,>=1.00
1412,109683683,109683682,1,17.513111172158567,0.0510980687565448,0.0510980687565448,0.0546243496582797,-0.49934224379811776,-0.5010790684826819,-0.0017368246845641839,0.05307233275583539,-0.05307233275583539,-0.05462434965827976,0.05462434965827976,0.08151173081562237,0.001056604531429734,0.001056604531429734,False,100M<=p<500M,0.50-0.55,>=1.00
924,109683781,109683780,1,17.51311206563655,0.0510980664312688,0.0510980664312688,0.0551290948259741,-0.5003900615136795,-0.502126885507649,-0.0017368239939695052,0.05307233023999476,-0.05307233023999476,-0.05512909482597415,0.05512909482597415,0.08151172294780039,0.0010566044294422498,0.0010566044294422498,False,100M<=p<500M,0.50-0.55,>=1.00
1461,109683839,109683838,1,17.51311259442927,0.0510980650550861,0.0510980650550861,0.054191893146005,-0.4994538575263363,-0.5011906811115869,-0.0017368235852506682,0.05307232875103037,-0.05307232875103037,-0.054191893146005005,0.054191893146005005,0.08151171829133813,0.0010566043690823598,0.0010566043690823598,False,100M<=p<500M,0.50-0.55,0.50-1.00
1273,109684063,109684062,1,17.51311463666059,0.0510980597401812,0.0510980597401812,0.0544678837576993,-0.499727733760912,-0.5014645557676652,-0.0017368220067531567,0.0530723230005526,-0.0530723230005526,-0.054467883757699356,0.054467883757699356,0.08151170030778669,0.0010566041359686502,0.0010566041359686502,False,100M<=p<500M,0.50-0.55,0.50-1.00
1393,109684087,109684086,1,17.51311485547084,0.0510980591707278,0.0510980591707278,0.0533278670073051,-0.4997852660565748,-0.5015220878942035,-0.001736821837628663,0.05307232238442965,-0.05307232238442965,-0.05332786700730516,0.05332786700730516,0.08151169838098012,0.0010566041109922137,0.0010566041109922137,False,100M<=p<500M,0.50-0.55,0.10-0.25
319,109684921,109684920,1,17.51312245909733,0.0510980393823076,0.0510980393823076,0.0544238599579058,-0.5164126673603042,-0.5181494833208911,-0.0017368159605868443,0.05307230097428953,-0.05307230097428953,-0.05442385995790585,0.05442385995790585,0.08151163142475673,0.0010566032430650047,0.0010566032430650047,False,100M<=p<500M,0.50-0.55,0.50-1.00
1152,109688263,109688262,1,17.51315292772562,0.051097960087927,0.051097960087927,0.0536493335791564,-0.5042375990169192,-0.5059743914277026,-0.0017367924107833585,0.05307221518150257,-0.05307221518150257,-0.053649333579156404,0.053649333579156404,0.08151136312409878,0.0010565997651890212,0.0010565997651890212,False,100M<=p<500M,0.50-0.55,0.25-0.50
1218,109705303,109705302,1,17.51330826500688,0.0510975558276089,0.0510975558276089,0.0547102046489548,-0.4997470835863767,-0.501483755938801,-0.00173667235242432,0.053071777791056936,-0.053071777791056936,-0.054710204648954916,0.054710204648954916,0.08150999527560421,0.0010565820343065677,0.0010565820343065677,False,100M<=p<500M,0.50-0.55,>=1.00
1447,109705723,109705722,1,17.513312093438003,0.0510975458643195,0.0510975458643195,0.0542159663791598,-0.49945335710963723,-0.5011900265032153,-0.0017366693935780505,0.05307176701125398,-0.05307176701125398,-0.054215966379159854,0.054215966379159854,0.08150996156414632,0.0010565815973181882,0.0010565815973181882,False,100M<=p<500M,0.50-0.55,0.50-1.00
839,109706111,109706110,1,17.513315630166108,0.0510975366601752,0.0510975366601752,0.0544823672840614,-0.5024456162844391,-0.5041822829446214,-0.001736666660182322,0.05307175705281212,-0.05307175705281212,-0.054482367284061445,0.054482367284061445,0.08150993042131377,0.0010565811936258894,0.0010565811936258894,False,100M<=p<500M,0.50-0.55,0.50-1.00
622,109706381,109706380,1,17.51331809128396,0.0510975302552506,0.0510975302552506,0.0547045381421748,-0.5041467164616585,-0.5058833812197437,-0.0017366647580851116,0.05307175012299176,-0.05307175012299176,-0.05470453814217489,0.05470453814217489,0.08150990874983055,0.0010565809127069694,0.0010565809127069694,False,100M<=p<500M,0.50-0.55,>=1.00
956,109706543,109706542,1,17.51331956795176,0.0510975264123042,0.0510975264123042,0.0555431705366381,-0.499028637797851,-0.5007653014146811,-0.001736663616830103,0.05307174596510964,-0.05307174596510964,-0.05554317053663817,0.05554317053663817,0.08150989574697037,0.0010565807441560032,0.0010565807441560032,False,100M<=p<500M,0.50-0.55,>=1.00
1068,109706759,109706758,1,17.513321536838767,0.0510975212883854,0.0510975212883854,0.0547005126306362,-0.500224212729107,-0.5019608748242674,-0.0017366620951604478,0.05307174042127491,-0.05307174042127491,-0.054700512630636224,0.054700512630636224,0.08150987840985817,0.0010565805194218314,0.0010565805194218314,False,100M<=p<500M,0.50-0.55,>=1.00
572,109707049,109707048,1,17.513324180245785,0.0510975144090673,0.0510975144090673,0.0553866321277111,-0.502819911730174,-0.5045565717823588,-0.0017366600521847699,0.05307173297818102,-0.05307173297818102,-0.05538663212771113,0.05538663212771113,0.08150985513324213,0.0010565802176962058,0.0010565802176962058,False,100M<=p<500M,0.50-0.55,>=1.00
546,109707407,109707406,1,17.51332744347653,0.0510975059166955,0.0510975059166955,0.0546180793996679,-0.5060904992533858,-0.507827156783563,-0.0017366575301772983,0.053071723789842006,-0.053071723789842006,-0.054618079399667945,0.054618079399667945,0.08150982639875957,0.0010565798452224014,0.0010565798452224014,False,100M<=p<500M,0.50-0.55,>=1.00
1428,109707457,109707456,1,17.513327899234174,0.0510975047306125,0.0510975047306125,0.0548208182936068,-0.4992309565987787,-0.5009676137767214,-0.0017366571779426645,0.05307172250656026,-0.05307172250656026,-0.0548208182936068,0.0548208182936068,0.08150982238557235,0.0010565797932010326,0.0010565797932010326,False,100M<=p<500M,0.50-0.55,>=1.00
706,109707751,109707750,1,17.51333057908488,0.0510974977564563,0.0510974977564563,0.0545132051318996,-0.5044313313407215,-0.5061679864475285,-0.0017366551068069961,0.0530717149608556,-0.0530717149608556,-0.054513205131899695,0.054513205131899695,0.08150979878807449,0.0010565794873159421,0.0010565794873159421,False,100M<=p<500M,0.50-0.55,0.50-1.00
1330,109707929,109707928,1,17.51333220157603,0.0510974935340181,0.0510974935340181,0.0545746808720723,-0.4995679397584103,-0.5013045936112683,-0.001736653852858051,0.05307171039238055,-0.05307171039238055,-0.054574680872072366,0.054574680872072366,0.08150978450118977,0.0010565793021206705,0.0010565793021206705,False,100M<=p<500M,0.50-0.55,>=1.00
1301,109707979,109707978,1,17.5133326573315,0.0510974923479413,0.0510974923479413,0.054225219869463,-0.499746973166045,-0.5014836266666708,-0.0017366535006257738,0.05307170910910392,-0.05307170910910392,-0.05422521986946309,0.05422521986946309,0.08150978048802475,0.0010565792500995892,0.0010565792500995892,False,100M<=p<500M,0.50-0.55,0.50-1.00
542,109708373,109708372,1,17.513336248677327,0.0510974830016769,0.0510974830016769,0.0539226810221447,-0.5145728533765346,-0.5163095041015777,-0.0017366507250430794,0.05307169899689365,-0.05307169899689365,-0.05392268102214477,0.05392268102214477,0.08150974886435869,0.0010565788401744347,0.0010565788401744347,False,100M<=p<500M,0.50-0.55,0.50-1.00
714,109708829,109708828,1,17.51334040514269,0.0510974721847266,0.0510974721847266,0.0550639317692912,-0.5018511884868091,-0.5035878359995206,-0.0017366475127115132,0.05307168729347354,-0.05307168729347354,-0.05506393176929125,0.05506393176929125,0.08150971226454445,0.0010565783657454269,0.0010565783657454269,False,100M<=p<500M,0.50-0.55,>=1.00
1143,109709489,109709488,1,17.5133464210488,0.0510974565287022,0.0510974565287022,0.0541159908639181,-0.5002252692922589,-0.5019619121555771,-0.0017366428633181945,0.05307167035440622,-0.05307167035440622,-0.05411599086391816,0.05411599086391816,0.08150965929144219,0.0010565776790759213,0.0010565776790759213,False,100M<=p<500M,0.50-0.55,0.50-1.00
805,109709983,109709982,1,17.51335092383969,0.051097444810473,0.051097444810473,0.0550647003640815,-0.5011834037267647,-0.502920043110109,-0.0017366393833442022,0.05307165767584901,-0.05307165767584901,-0.055064700364081565,0.055064700364081565,0.08150961964212011,0.001056577165117342,0.001056577165117342,False,100M<=p<500M,0.50-0.55,>=1.00
1238,109710067,109710066,1,17.513351689494424,0.0510974428179054,0.0510974428179054,0.0541693985501834,-0.49992449978069853,-0.5016611385723084,-0.0017366387916099358,0.05307165551998602,-0.05307165551998602,-0.05416939855018347,0.05416939855018347,0.08150961290015078,0.0010565770777238434,0.0010565770777238434,False,100M<=p<500M,0.50-0.55,0.50-1.00
534,109710431,109710430,1,17.51335500732484,0.0510974341834652,0.0510974341834652,0.0537419808709699,-0.5163575639994352,-0.5180942002268709,-0.0017366362274357403,0.05307164617793715,-0.05307164617793715,-0.05374198087096998,0.05374198087096998,0.08150958368501954,0.001056576699019579,0.001056576699019579,False,100M<=p<500M,0.50-0.55,0.25-0.50
1171,109710487,109710486,1,17.5133555177593,0.0510974328550926,0.0510974328550926,0.053558207608188,-0.501596295261785,-0.5033329310947334,-0.001736635832948435,0.05307164474070027,-0.05307164474070027,-0.05355820760818801,0.05355820760818801,0.08150957919039398,0.0010565766407575141,0.0010565766407575141,False,100M<=p<500M,0.50-0.55,0.25-0.50
352,109712341,109712340,1,17.51337241663912,0.0510973888768923,0.0510973888768923,0.0539020807162376,-0.5291061039489239,-0.5308427267216901,-0.0017366227727662038,0.0530715971584078,-0.0530715971584078,-0.053902080716237644,0.053902080716237644,0.08150943038768821,0.0010565747118865207,0.0010565747118865207,False,100M<=p<500M,0.50-0.55,0.50-1.00
497,109712789,109712788,1,17.513376500036497,0.0510973782501361,0.0510973782501361,0.0538341563467544,-0.5221539150249511,-0.5238905346419065,-0.0017366196169554247,0.05307158566077329,-0.05307158566077329,-0.05383415634675449,0.05383415634675449,0.0815093944314857,0.0010565742458003987,0.0010565742458003987,False,100M<=p<500M,0.50-0.55,0.50-1.00
1407,109713727,109713726,1,17.51338504959575,0.05109735600052,0.05109735600052,0.0533645039148469,-0.49975241429953515,-0.5014890273090716,-0.0017366130095364473,0.05307156158776354,-0.05307156158776354,-0.05336450391484694,0.05336450391484694,0.08150931914873923,0.0010565732699397432,0.0010565732699397432,False,100M<=p<500M,0.50-0.55,0.10-0.25
1012,109719781,109719780,1,17.51344022804189,0.0510972124030275,0.0510972124030275,0.0542528835115265,-0.5005977410900788,-0.5023343114562447,-0.0017365703661659313,0.05307140622222997,-0.05307140622222997,-0.05425288351152653,0.05425288351152653,0.08150883328000612,0.0010565669718143086,0.0010565669718143086,False,100M<=p<500M,0.50-0.55,0.50-1.00
660,109719919,109719918,1,17.513441485790604,0.0510972091298465,0.0510972091298465,0.0544002260223994,-0.5051192888301603,-0.5068558582243166,-0.0017365693941562737,0.05307140268080624,-0.05307140268080624,-0.054400226022399446,0.054400226022399446,0.08150882220506617,0.0010565668282542144,0.0010565668282542144,False,100M<=p<500M,0.50-0.55,0.50-1.00
807,109720099,109720098,1,17.513443126330024,0.0510972048604867,0.0510972048604867,0.0549238276792854,-0.5020566628011824,-0.5037932309275027,-0.0017365681263203417,0.05307139806156865,-0.05307139806156865,-0.05492382767928543,0.05492382767928543,0.08150880775951662,0.001056566641002233,0.001056566641002233,False,100M<=p<500M,0.50-0.55,>=1.00
735,109721527,109721526,1,17.513456141180725,0.051097170990506,0.051097170990506,0.0550365316698288,-0.5017576614022353,-0.503494219470496,-0.001736558068260653,0.05307136141589465,-0.05307136141589465,-0.05503653166982885,0.05503653166982885,0.08150869315913267,0.0010565651554824953,0.0010565651554824953,False,100M<=p<500M,0.50-0.55,>=1.00
708,109721779,109721778,1,17.5134584379015,0.0510971650135009,0.0510971650135009,0.0547506845400794,-0.5031103392588769,-0.5048468955522055,-0.0017365562933285665,0.05307135494906821,-0.05307135494906821,-0.054750684540079426,0.054750684540079426,0.08150867293571543,0.0010565648933342855,0.0010565648933342855,False,100M<=p<500M,0.50-0.55,>=1.00
854,109722043,109722042,1,17.51346084398428,0.0510971587518929,0.0510971587518929,0.0547359397556698,-0.501153366893374,-0.5028899213272561,-0.0017365544338821214,0.053071348174313075,-0.053071348174313075,-0.05473593975566982,0.05473593975566982,0.08150865174933619,0.001056564618703578,0.001056564618703578,False,100M<=p<500M,0.50-0.55,>=1.00
744,109726187,109726186,1,17.513498611434034,0.051097060465795,0.051097060465795,0.0541001988799444,-0.5045862367748543,-0.5063227620219051,-0.0017365252470507926,0.0530712418335488,-0.0530712418335488,-0.05410019887994447,0.05410019887994447,0.08150831919514592,0.0010565603079343076,0.0010565603079343076,False,100M<=p<500M,0.50-0.55,0.50-1.00
1219,109726283,109726282,1,17.513499486338745,0.0510970581889454,0.0510970581889454,0.0543187954462519,-0.5010605051524358,-0.5027970297233626,-0.001736524570926779,0.0530712393701091,-0.0530712393701091,-0.05431879544625197,0.05431879544625197,0.08150831149136083,0.001056560208073169,0.001056560208073169,False,100M<=p<500M,0.50-0.55,0.50-1.00
863,109726417,109726416,1,17.513500707558627,0.0510970550108466,0.0510970550108466,0.0547346133640878,-0.5020593555029711,-0.5037958791301429,-0.0017365236271718017,0.053071235931560254,-0.053071235931560254,-0.05473461336408785,0.05473461336408785,0.08150830073817385,0.0010565600686838325,0.0010565600686838325,False,100M<=p<500M,0.50-0.55,>=1.00
992,109769281,109769280,1,17.513891275582832,0.0510960386180325,0.0510960386180325,0.0545327978215142,-0.5016006607622583,-0.5033368825855539,-0.0017362218232956149,0.05307013624520474,-0.05307013624520474,-0.054532797821514246,0.054532797821514246,0.08150486178525877,0.001056515490888746,0.001056515490888746,False,100M<=p<500M,0.50-0.55,0.50-1.00
929,109769447,109769446,1,17.513892787844487,0.051096034682684,0.051096034682684,0.0550907910074587,-0.5004427767658853,-0.5021789974207103,-0.0017362206548249912,0.05307013198735424,-0.05307013198735424,-0.055090791007458784,0.055090791007458784,0.08150484847021222,0.0010565153182910305,0.0010565153182910305,False,100M<=p<500M,0.50-0.55,>=1.00
796,109773007,109773006,1,17.51392521892955,0.0510959502876306,0.0510959502876306,0.0537023351121069,-0.5097396221533245,-0.5114758177499961,-0.0017361955966715093,0.0530700406762051,-0.0530700406762051,-0.05370233511210692,0.05370233511210692,0.08150456292424318,0.0010565116168708571,0.0010565116168708571,False,100M<=p<500M,0.50-0.55,0.25-0.50
962,109773067,109773066,1,17.51392576551186,0.0510959488652679,0.0510959488652679,0.05489917504497,-0.5005158950398475,-0.5022520902142006,-0.0017361951743531283,0.053070039137282206,-0.053070039137282206,-0.05489917504497007,0.05489917504497007,0.08150455811176287,0.0010565115544885662,0.0010565115544885662,False,100M<=p<500M,0.50-0.55,>=1.00
925,109773193,109773100,1,17.513926075241702,0.0510959434332203,0.0510959434332203,0.0550956797823624,-0.5010426220901759,-0.50277881629767,-0.0017361942074940386,0.05307003346045481,-0.05307003346045481,-0.05509567978236244,0.05509567978236244,0.08150454800556421,0.0010565114234858848,0.0010565114234858848,False,100M<=p<500M,0.50-0.55,>=1.00
1270,109813801,109813800,1,17.514296771308683,0.051094983420811,0.051094983420811,0.0550705480955389,-0.499259529915432,-0.5009954384544105,-0.0017359085389785159,0.05306899457649487,-0.05306899457649487,-0.05507054809553899,0.05507054809553899,0.08150129162414783,0.001056469212293383,0.001056469212293383,False,100M<=p<500M,0.50-0.55,>=1.00
1337,109814087,109814086,1,17.514299375713826,0.0510949766436639,0.0510949766436639,0.0541177557023,-0.49970346692279277,-0.5014393734497985,-0.0017359065270057632,0.05306898724397791,-0.05306898724397791,-0.05411775570230011,0.05411775570230011,0.08150126869458797,0.00105646891506651,0.00105646891506651,False,100M<=p<500M,0.50-0.55,0.50-1.00
888,109814219,109814218,1,17.51430057774468,0.0510949735157565,0.0510949735157565,0.0543812614326261,-0.5022639430123672,-0.5039998486107727,-0.0017359055984055342,0.05306898385974762,-0.05306898385974762,-0.054381261432626206,0.054381261432626206,0.08150125811173761,0.0010564687778851802,0.0010564687778851802,False,100M<=p<500M,0.50-0.55,0.50-1.00
1190,109814501,109814500,1,17.51430314571484,0.0510949668334226,0.0510949668334226,0.0546547784088785,-0.49986769215698357,-0.5016035957715668,-0.0017359036145832142,0.05306897662981806,-0.05306897662981806,-0.054654778408878515,0.054654778408878515,0.08150123550297045,0.0010564684848166168,0.0010564684848166168,False,100M<=p<500M,0.50-0.55,>=1.00
1323,109814591,109814590,1,17.5143039652784,0.0510949647007668,0.0510949647007668,0.0549911817700453,-0.4992736267829258,-0.5010095297643757,-0.0017359029814498896,0.05306897432239551,-0.05306897432239551,-0.05499118177004535,0.05499118177004535,0.08150122828742065,0.0010564683912842807,0.0010564683912842807,False,100M<=p<500M,0.50-0.55,>=1.00
687,109814843,109814842,1,17.514306260052784,0.0510949587293409,0.0510949587293409,0.0545676585381428,-0.5046314166093584,-0.5063673178180392,-0.0017359012086807888,0.0530689678616307,-0.0530689678616307,-0.054567658538142834,0.054567658538142834,0.08150120808391778,0.001056468129394213,0.001056468129394213,False,100M<=p<500M,0.50-0.55,>=1.00
1367,109816297,109816296,1,17.514319500433903,0.051094924275456,0.051094924275456,0.0545469035286039,-0.49951208801367036,-0.5012479789938685,-0.0017358909801982116,0.05306893058434757,-0.05306893058434757,-0.05454690352860399,0.05454690352860399,0.08150109151396542,0.0010564666183437343,0.0010564666183437343,False,100M<=p<500M,0.50-0.55,>=1.00
1046,109816381,109816380,1,17.514320265347404,0.0510949222850131,0.0510949222850131,0.0544962849282872,-0.5014215279121609,-0.5031574183014487,-0.0017358903892877677,0.053068928430795595,-0.053068928430795595,-0.05449628492828724,0.05449628492828724,0.08150108477958005,0.0010564665310485433,0.0010564665310485433,False,100M<=p<500M,0.50-0.55,0.50-1.00
926,111004819,111004818,1,17.525084172748645,0.0510669279470187,0.0510669279470187,0.0553538355119092,-0.49981455359820953,-0.5015421482438547,-0.0017275946456451624,0.05303864078647815,-0.05303864078647815,-0.05535383551190921,0.05535383551190921,0.08140640070097813,0.0010552391785496578,0.0010552391785496578,False,100M<=p<500M,0.50-0.55,>=1.00
255,33472553,33472329,4,30.652459490191177,0.0510536577711306,0.0510536577711306,0.0583129230101737,-0.5166456307373968,-0.5224984997523979,-0.005852869015001098,0.056399435804371956,-0.056399435804371956,-0.05831292301017373,0.05831292301017373,0.15060933427554715,3.496582047060673e-05,0.0030245434707010504,False,p<100M,0.50-0.55,0.50-1.00
988,112219399,112219398,1,17.535966432721164,0.0510386568545017,0.0510386568545017,0.0547956749890023,-0.5003825640550622,-0.5021018114320855,-0.0017192473770233235,0.05300805523214966,-0.05300805523214966,-0.05479567498900233,0.05479567498900233,0.0813108431726164,0.0010540005038648128,0.0010540005038648128,False,100M<=p<500M,0.50-0.55,>=1.00
1201,112219463,112219462,1,17.53596700303238,0.0510386553737038,0.0510386553737038,0.0541123728605688,-0.5000283567086291,-0.5017476036492361,-0.001719246940607004,0.05300805363016413,-0.05300805363016413,-0.05411237286056883,0.05411237286056883,0.08131083816910244,0.0010540004390062275,0.0010540004390062275,False,100M<=p<500M,0.50-0.55,0.50-1.00
1216,112219519,112219518,1,17.535967502054422,0.0510386540780064,0.0510386540780064,0.0541406508320508,-0.4999890647799673,-0.5017083113387103,-0.0017192465587430427,0.05300805222842838,-0.05300805222842838,-0.05414065083205086,0.05414065083205086,0.0813108337910304,0.0010540003822550005,0.0010540003822550005,False,100M<=p<500M,0.50-0.55,0.50-1.00
1255,112219651,112219650,1,17.53596867831969,0.0510386510238655,0.0510386510238655,0.0541834620826938,-0.49986582490193543,-0.5015850705605716,-0.0017192456586360976,0.05300804892433632,-0.05300804892433632,-0.05418346208269385,0.05418346208269385,0.08131082347129928,0.0010540002484843815,0.0010540002484843815,False,100M<=p<500M,0.50-0.55,0.50-1.00
901,112219777,112219776,1,17.535969801117066,0.0510386481085528,0.0510386481085528,0.0552387382691653,-0.5002009731636984,-0.5019202179631429,-0.0017192447994444867,0.053008045770433096,-0.053008045770433096,-0.055238738269165324,0.055238738269165324,0.08131081362066,0.0010540001207944162,0.0010540001207944162,False,100M<=p<500M,0.50-0.55,>=1.00
361,33862799,33862647,4,30.67564639008905,0.0510239841549303,0.0510239841549303,0.0585493445209605,-0.5091520064537053,-0.5149750371169804,-0.005823030663275185,0.05636261671122004,-0.05636261671122004,-0.05854934452096058,0.05854934452096058,0.1504080211046432,3.4919083127092614e-05,0.0030205006904872444,False,p<100M,0.50-0.55,0.50-1.00
527,113356141,113356140,1,17.546045110777136,0.0510125011966988,0.0510125011966988,0.0543127915521944,-0.5090313781417046,-0.5107429300734946,-0.0017115519317899195,0.05297975965300643,-0.05297975965300643,-0.05431279155219442,0.05431279155219442,0.08122249192258485,0.0010528552413338037,0.0010528552413338037,False,100M<=p<500M,0.50-0.55,0.50-1.00
342,40864051,40863879,4,31.05151430036597,0.0505474213053529,0.0505474213053529,0.0574566735917498,-0.5148994447269809,-0.5202590231753516,-0.005359578448370646,0.055772172413556156,-0.055772172413556156,-0.057456673591749836,0.057456673591749836,0.1471995809157654,3.417420403856912e-05,0.0029560686493320023,False,p<100M,0.50-0.55,0.50-1.00
935,177978791,177978790,1,17.99717494947184,0.0498684986996183,0.0498684986996183,0.0526763305513066,-0.5040956821888798,-0.5054954279329633,-0.0013997457440835977,0.05174343276557034,-0.05174343276557034,-0.0526763305513067,0.0526763305513067,0.0774106811124867,0.0010034442358919876,0.0010034442358919876,False,100M<=p<500M,0.50-0.55,0.50-1.00
366,178000301,178000300,1,17.99729579926617,0.0498681990919028,0.0498681990919028,0.0530150818740687,-0.515540968297507,-0.5169406385227204,-0.001399670225213573,0.05174310930343849,-0.05174310930343849,-0.05301508187406871,0.05301508187406871,0.07740969623177167,0.0010034314692703493,0.0010034314692703493,False,100M<=p<500M,0.50-0.55,0.50-1.00
1373,178011433,178011432,1,17.99735833653076,0.0498680440525264,0.0498680440525264,0.052388894647438,-0.4998395551863212,-0.501239186333661,-0.001399631147339861,0.05174294192007708,-0.05174294192007708,-0.052388894647438025,0.052388894647438025,0.07740918658378783,0.0010034248629038327,0.0010034248629038327,False,100M<=p<500M,0.50-0.55,0.25-0.50
898,178011803,178011802,1,17.99736041504677,0.049868038899586,0.049868038899586,0.0534994171955925,-0.5009322464167849,-0.5023318762653339,-0.001399629848548964,0.051742936356869836,-0.051742936356869836,-0.05349941719559259,0.05349941719559259,0.0774091696449898,0.0010034246433328511,0.0010034246433328511,False,100M<=p<500M,0.50-0.55,>=1.00
713,178013153,178013152,1,17.997367998784814,0.0498680200984168,0.0498680200984168,0.0533575856221749,-0.5030185879031775,-0.5044182130129277,-0.0013996251097501552,0.0517429160587847,-0.0517429160587847,-0.053357585622174936,0.053357585622174936,0.07740910784161294,0.0010034238421999663,0.0010034238421999663,False,100M<=p<500M,0.50-0.55,>=1.00
1441,178013243,178013242,1,17.997368504365305,0.0498680188450111,0.0498680188450111,0.0536823404322602,-0.49907169428269826,-0.5004713190765304,-0.0013996247938321007,0.05174291470558601,-0.05174291470558601,-0.05368234043226025,0.05368234043226025,0.0774091037214071,0.0010034237887913573,0.0010034237887913573,False,100M<=p<500M,0.50-0.55,>=1.00
1225,178013449,178013448,1,17.99736966158191,0.0498680159761074,0.0498680159761074,0.0528018279129453,-0.5000639698339517,-0.5014635939046833,-0.001399624070731644,0.05174291160826502,-0.05174291160826502,-0.05280182791294539,0.05280182791294539,0.07740909429072283,0.0010034236665451036,0.0010034236665451036,False,100M<=p<500M,0.50-0.55,0.50-1.00
1132,178013497,178013496,1,17.997369931224423,0.0498680153076255,0.0498680153076255,0.0533559352645015,-0.5001210766603077,-0.50152070056255,-0.0013996239022423028,0.0517429108865596,-0.0517429108865596,-0.05335593526450153,0.05335593526450153,0.07740909209328366,0.0010034236380605632,0.0010034236380605632,False,100M<=p<500M,0.50-0.55,>=1.00
1342,178013933,178013932,1,17.99737238047391,0.0498680092355905,0.0498680092355905,0.05302054803335,-0.499718071933427,-0.5011176943052281,-0.001399622371801097,0.051742904331079545,-0.051742904331079545,-0.053020548033350004,0.053020548033350004,0.07740907213324255,0.0010034233793263948,0.0010034233793263948,False,100M<=p<500M,0.50-0.55,0.50-1.00
1125,178014073,178014072,1,17.99737316692889,0.049868007285858,0.049868007285858,0.0528549473289295,-0.5003392040328879,-0.501738825913264,-0.0013996218803761454,0.05174290222611188,-0.05174290222611188,-0.05285494732892958,0.05285494732892958,0.07740906572406707,0.001003423296246772,0.001003423296246772,False,100M<=p<500M,0.50-0.55,0.50-1.00
1107,178014149,178014148,1,17.99737359386134,0.0498680062274325,0.0498680062274325,0.0522691062283668,-0.5026495208100508,-0.5040491424236536,-0.0013996216136028354,0.05174290108341596,-0.05174290108341596,-0.05226910622836688,0.05226910622836688,0.07740906224480279,0.0010034232511464366,0.0010034232511464366,False,100M<=p<500M,0.50-0.55,0.25-0.50
1353,178014229,178014228,1,17.99737404326372,0.0498680051133009,0.0498680051133009,0.0537108569243626,-0.49923578141575803,-0.500635402748547,-0.001399621332789006,0.05174289988057892,-0.05174289988057892,-0.053710856924362636,0.053710856924362636,0.07740905858242123,0.0010034232036724236,0.0010034232036724236,False,100M<=p<500M,0.50-0.55,>=1.00
1019,178014461,178014460,1,17.99737534652948,0.0498680018823225,0.0498680018823225,0.0538922776913126,-0.49990750499478737,-0.5013071255132174,-0.0013996205184300342,0.05174289639235874,-0.05174289639235874,-0.053892277691312634,0.053892277691312634,0.07740904796152545,0.001003423065997926,0.001003423065997926,False,100M<=p<500M,0.50-0.55,>=1.00
1045,178016203,178016202,1,17.99738513220344,0.0498679776222784,0.0498679776222784,0.0535819133808564,-0.5002198783882211,-0.5016194927919867,-0.001399614403765624,0.05174287020077416,-0.05174287020077416,-0.053581913380856494,0.053581913380856494,0.07740896821375964,0.0010034220322589795,0.0010034220322589795,False,100M<=p<500M,0.50-0.55,>=1.00
1121,178036589,178036588,1,17.99749964331236,0.0498676937350924,0.0498676937350924,0.0530767721992064,-0.50027546948283,-0.5016750123352793,-0.0013995428524494024,0.051742563711098054,-0.051742563711098054,-0.05307677219920643,0.05307677219920643,0.07740803502147207,0.0010034099356541122,0.0010034099356541122,False,100M<=p<500M,0.50-0.55,0.50-1.00
482,178037333,178037332,1,17.997503822219905,0.0498676833751253,0.0498676833751253,0.0526050690035047,-0.5157821443162074,-0.5171816845575693,-0.0013995402413619225,0.05174255252629686,-0.05174255252629686,-0.05260506900350475,0.05260506900350475,0.07740800096636787,0.0010034094942111805,0.0010034094942111805,False,100M<=p<500M,0.50-0.55,0.50-1.00
942,178037383,178037382,1,17.99750410305984,0.0498676826788926,0.0498676826788926,0.0532726980772996,-0.500900812810523,-0.5023003528764093,-0.0013995400658861898,0.051742551774632425,-0.051742551774632425,-0.05327269807729967,0.05327269807729967,0.07740799867772431,0.0010034094645443934,0.0010034094645443934,False,100M<=p<500M,0.50-0.55,>=1.00
954,178037701,178037700,1,17.99750588919997,0.049867678250858,0.049867678250858,0.0531012747989439,-0.5017796553062036,-0.5031791942560656,-0.0013995389498620342,0.05174254699404637,-0.05174254699404637,-0.053101274798943915,0.053101274798943915,0.07740798412196864,0.0010034092758638533,0.0010034092758638533,False,100M<=p<500M,0.50-0.55,0.50-1.00
1133,178037773,178037772,1,17.997506293608623,0.0498676772482854,0.0498676772482854,0.0532612509449289,-0.5001601658315495,-0.5015597045287274,-0.0013995386971777989,0.05174254591165383,-0.05174254591165383,-0.053261250944928965,0.053261250944928965,0.07740798082633003,0.0010034092331437851,0.0010034092331437851,False,100M<=p<500M,0.50-0.55,>=1.00
1021,178037983,178037982,1,17.997507473132902,0.0498676743241176,0.0498676743241176,0.0532913830085584,-0.5012747965830274,-0.5026743345432101,-0.001399537960182711,0.05174254275466935,-0.05174254275466935,-0.053291383008558506,0.053291383008558506,0.07740797121405954,0.0010034091085437005,0.0010034091085437005,False,100M<=p<500M,0.50-0.55,>=1.00
1217,178039549,178039548,1,17.9975162689701,0.0498676525183007,0.0498676525183007,0.0534149386688814,-0.4998294426474544,-0.5012289751117993,-0.0013995324643449152,0.05174251921272903,-0.05174251921272903,-0.05341493866888145,0.05341493866888145,0.07740789953439942,0.0010034081793884374,0.0010034081793884374,False,100M<=p<500M,0.50-0.55,>=1.00
1263,178039643,178039642,1,17.99751679694253,0.0498676512094014,0.0498676512094014,0.052871240885929,-0.500877784450203,-0.5022773165846595,-0.0013995321344564913,0.051742517799618866,-0.051742517799618866,-0.05287124088592903,0.05287124088592903,0.07740789523181216,0.0010034081236156899,0.0010034081236156899,False,100M<=p<500M,0.50-0.55,0.50-1.00
941,178299293,178299292,1,17.99897411759836,0.0498640386189143,0.0498640386189143,0.0537060290310206,-0.50053783720106,-0.5019364590625057,-0.0013986218614455916,0.05173861759602029,-0.05173861759602029,-0.053706029031020654,0.053706029031020654,0.07739602050663377,0.0010032541962201184,0.0010032541962201184,False,100M<=p<500M,0.50-0.55,>=1.00
1258,178878053,178878052,1,18.002214863480003,0.0498560069181275,0.0498560069181275,0.0539744023408078,-0.4988404134195841,-0.5002370131344083,-0.0013965997148241728,0.05172994654701853,-0.05172994654701853,-0.05397440234080788,0.05397440234080788,0.07736962364202535,0.0010029120240384985,0.0010029120240384985,False,100M<=p<500M,0.50-0.55,>=1.00
551,178893971,178893970,1,18.0023038475198,0.0498557864209518,0.0498557864209518,0.0530024887145839,-0.5068695992818786,-0.5082661435134929,-0.0013965442316143046,0.05172970849930618,-0.05172970849930618,-0.05300248871458393,0.05300248871458393,0.07736889903035672,0.0010029026311822195,0.0010029026311822195,False,100M<=p<500M,0.50-0.55,0.50-1.00
614,178894333,178894332,1,18.002305871062745,0.0498557814067549,0.0498557814067549,0.0522469832588965,-0.5165157918562341,-0.5179123348261568,-0.0013965429699227653,0.05172970308600389,-0.05172970308600389,-0.052246983258896526,0.052246983258896526,0.07736888255243213,0.001002902417585359,0.001002902417585359,False,100M<=p<500M,0.50-0.55,0.25-0.50
1120,178894409,178894408,1,18.00230629589445,0.049855780354052,0.049855780354052,0.0527444806986635,-0.5003751053126608,-0.5017716480176986,-0.0013965427050377569,0.05172970194951253,-0.05172970194951253,-0.05274448069866356,0.05274448069866356,0.07736887909298322,0.0010029023727418825,0.0010029023727418825,False,100M<=p<500M,0.50-0.55,0.50-1.00
882,178894493,178894492,1,18.002306765445063,0.0498557791905389,0.0498557791905389,0.0529924606807178,-0.5021868469809073,-0.5035833893931776,-0.0013965424122702342,0.051729700693388544,-0.051729700693388544,-0.052992460680717855,0.052992460680717855,0.07736887526938381,0.001002902323178066,0.001002902323178066,False,100M<=p<500M,0.50-0.55,0.50-1.00
1359,178894523,178894522,1,18.00230693314166,0.0498557787749986,0.0498557787749986,0.0521002272389071,-0.4999015122819479,-0.5012980545896584,-0.0013965423077104374,0.05172970024477243,-0.05172970024477243,-0.0521002272389071,0.0521002272389071,0.07736887390381311,0.0010029023054767096,0.0010029023054767096,False,100M<=p<500M,0.50-0.55,0.25-0.50
444,178895413,178895308,1,18.00231132678245,0.0498557648373555,0.0498557648373555,0.0530953390628619,-0.5116261434013943,-0.5130226825637119,-0.0013965391623175626,0.051729685325910636,-0.051729685325910636,-0.05309533906286191,0.05309533906286191,0.07736883339200246,0.00100290178033803,0.00100290178033803,False,100M<=p<500M,0.50-0.55,0.50-1.00
1386,178896671,178896670,1,18.00231894014483,0.0498557490225144,0.0498557490225144,0.0521533774390629,-0.49985331879701705,-0.5012498536183134,-0.001396534821296368,0.051729668124138956,-0.051729668124138956,-0.05215337743906297,0.05215337743906297,0.07736877612963897,0.0010029010380685167,0.0010029010380685167,False,100M<=p<500M,0.50-0.55,0.25-0.50
1405,178897451,178897450,1,18.0023233001941,0.0498557382186369,0.0498557382186369,0.0522144979610413,-0.49981211227043953,-0.5012086443732376,-0.0013965321027980871,0.05172965646032453,-0.05172965646032453,-0.05221449796104141,0.05221449796104141,0.077368740625387,0.0010029005778408521,0.0010029005778408521,False,100M<=p<500M,0.50-0.55,0.25-0.50
577,178897717,178897716,1,18.002324787078347,0.0498557345342495,0.0498557345342495,0.053307626629905,-0.5060477516854806,-0.5074442828612049,-0.0013965311757244238,0.05172965248267953,-0.05172965248267953,-0.053307626629905035,0.053307626629905035,0.07736872851756774,0.0010029004208919495,0.0010029004208919495,False,100M<=p<500M,0.50-0.55,>=1.00
804,178898003,178898002,1,18.00232638575594,0.0498557305728472,0.0498557305728472,0.0527469382777879,-0.5037650167443105,-0.5051615469232587,-0.0013965301789481805,0.05172964820597043,-0.05172964820597043,-0.052746938277787904,0.052746938277787904,0.07736871549940931,0.0010029002521426782,0.0010029002521426782,False,100M<=p<500M,0.50-0.55,0.50-1.00
1004,178899659,178899658,1,18.00233564238434,0.0498557076356335,0.0498557076356335,0.0536210536138784,-0.500318326898984,-0.5017148513064336,-0.001396524407449533,0.05172962344306875,-0.05172962344306875,-0.05362105361387848,0.05362105361387848,0.07736864012201482,0.0010028992750551375,0.0010028992750551375,False,100M<=p<500M,0.50-0.55,>=1.00
1396,178899731,178899730,1,18.0023360448445,0.0498557066383687,0.0498557066383687,0.0521962848702515,-0.49982301295062564,-0.5012195371071423,-0.0013965241565165815,0.051729622366427606,-0.051729622366427606,-0.05219628487025158,0.05219628487025158,0.07736863684475515,0.0010028992325733085,0.0010028992325733085,False,100M<=p<500M,0.50-0.55,0.25-0.50
585,178900037,178900036,1,18.002337755298377,0.0498557023999979,0.0498557023999979,0.0529724911905533,-0.506544760083883,-0.5079412831739362,-0.001396523090053057,0.05172961779070421,-0.05172961779070421,-0.05297249119055335,0.05297249119055335,0.0773686229164185,0.0010028990520257544,0.0010028990520257544,False,100M<=p<500M,0.50-0.55,0.50-1.00
1429,178906061,178906060,1,18.002371427167216,0.0498556189638901,0.0498556189638901,0.0523728581014615,-0.49972442852978205,-0.5011209306256761,-0.0013965020958940928,0.051729527713511095,-0.051729527713511095,-0.05237285810146157,0.05237285810146157,0.07736834872497614,0.001002895497789848,0.001002895497789848,False,100M<=p<500M,0.50-0.55,0.25-0.50
1185,178906097,178906096,1,18.002371628390115,0.0498556184652772,0.0498556184652772,0.0527304486763606,-0.500203081005184,-0.501599582975618,-0.001396501970434057,0.05172952717521143,-0.05172952717521143,-0.05273044867636068,0.05273044867636068,0.07736834708641399,0.0010028954765498106,0.0010028954765498106,False,100M<=p<500M,0.50-0.55,0.50-1.00
1180,178911827,178911826,1,18.00240365585222,0.0498555391041332,0.0498555391041332,0.0531932038027157,-0.5000513094624948,-0.5014477914643356,-0.0013964820018408646,0.05172944149734134,-0.05172944149734134,-0.053193203802715805,0.053193203802715805,0.07736808628680557,0.0010028920959069844,0.0010028920959069844,False,100M<=p<500M,0.50-0.55,>=1.00
1365,178911907,178911906,1,18.00240410299975,0.049855537996144,0.049855537996144,0.0531472480322193,-0.4996367938649251,-0.5010332755879788,-0.001396481723053767,0.051729440301162374,-0.051729440301162374,-0.05314724803221939,0.05314724803221939,0.07736808264569277,0.0010028920487086701,0.0010028920487086701,False,100M<=p<500M,0.50-0.55,>=1.00
1380,178912813,178912812,1,18.002409166931614,0.0498555254482041,0.0498555254482041,0.0534990594965381,-0.4994197059453715,-0.5008161845111738,-0.0013964785658023514,0.05172942675447422,-0.05172942675447422,-0.053499059496538194,0.053499059496538194,0.07736804141022172,0.001002891514189465,0.001002891514189465,False,100M<=p<500M,0.50-0.55,>=1.00
949,178912931,178912930,1,18.00240982647052,0.0498555238139301,0.0498555238139301,0.0530418844504978,-0.5018319497348874,-0.5032284278894821,-0.0013964781545947207,0.051729424990121606,-0.051729424990121606,-0.0530418844504979,0.0530418844504979,0.07736803603961526,0.001002891444572404,0.001002891444572404,False,100M<=p<500M,0.50-0.55,0.50-1.00
1296,178913221,178913220,1,18.002411447369376,0.049855519797499,0.049855519797499,0.0522538393662541,-0.4999986644186898,-0.501395141562691,-0.0013964771440012954,0.05172942065400399,-0.05172942065400399,-0.05225383936625415,0.05225383936625415,0.07736802284068456,0.0010028912734798528,0.0010028912734798528,False,100M<=p<500M,0.50-0.55,0.25-0.50
1025,178913809,178913808,1,18.002414733873472,0.0498555116538607,0.0498555116538607,0.0539057463052351,-0.49977561215031874,-0.5011720872452621,-0.0013964750949433012,0.05172941186217504,-0.05172941186217504,-0.053905746305235154,0.053905746305235154,0.07736799607879082,0.001002890926575942,0.001002890926575942,False,100M<=p<500M,0.50-0.55,>=1.00
1335,179142281,179142280,1,18.0036909139882,0.0498523496037297,0.0498523496037297,0.0529566148345837,-0.49975219923174785,-0.501147878882344,-0.0013956796505961752,0.05172599813947127,-0.05172599813947127,-0.05295661483458379,0.05295661483458379,0.07735760523594867,0.0010027562341639107,0.0010027562341639107,False,100M<=p<500M,0.50-0.55,0.50-1.00
915,179143049,179143048,1,18.00369520107414,0.0498523389820934,0.0498523389820934,0.0536214877934271,-0.500716313045559,-0.502111990024763,-0.0013956769792040453,0.05172598667247692,-0.05172598667247692,-0.053621487793427194,0.053621487793427194,0.07735757033340357,0.0010027557817359359,0.0010027557817359359,False,100M<=p<500M,0.50-0.55,>=1.00
619,179143313,179143312,1,18.003696674755687,0.0498523353309175,0.0498523353309175,0.0526954111441211,-0.5094279619555167,-0.5108236380164335,-0.0013956760609167827,0.05172598273070915,-0.05172598273070915,-0.05269541114412115,0.05269541114412115,0.0773575583356937,0.0010027556262143381,0.0010027556262143381,False,100M<=p<500M,0.50-0.55,0.50-1.00
1402,179145997,179145996,1,18.003711657061466,0.0498522982109648,0.0498522982109648,0.0523024872089549,-0.49979680977581153,-0.5011924765009184,-0.0013956667251067993,0.05172594265643036,-0.05172594265643036,-0.05230248720895496,0.05230248720895496,0.0773574363601389,0.0010027540450931593,0.0010027540450931593,False,100M<=p<500M,0.50-0.55,0.25-0.50
1300,179147951,179147950,1,18.00372256430682,0.0498522711873599,0.0498522711873599,0.0520211942136487,-0.5011219290116646,-0.5025175889402617,-0.001395659928596999,0.051725913482060286,-0.051725913482060286,-0.05202119421364871,0.05202119421364871,0.07735734756108457,0.001002752894025917,0.001002752894025917,False,100M<=p<500M,0.50-0.55,0.10-0.25
842,179148029,179148028,1,18.003722999701044,0.0498522701086352,0.0498522701086352,0.0529334073685359,-0.5024443059150335,-0.5038399655723289,-0.0013956596572953402,0.05172591231748157,-0.05172591231748157,-0.052933407368535926,0.052933407368535926,0.07735734401641685,0.0010027528480777822,0.0010027528480777822,False,100M<=p<500M,0.50-0.55,0.50-1.00
589,179148199,179148198,1,18.00372394863652,0.0498522677575704,0.0498522677575704,0.0533955975603065,-0.5042924144320062,-0.5056880734980036,-0.0013956590659974046,0.051725909779297634,-0.051725909779297634,-0.05339559756030659,0.05339559756030659,0.07735733629086514,0.0010027527479344919,0.0010027527479344919,False,100M<=p<500M,0.50-0.55,>=1.00
518,179148961,179148960,1,18.00372820208916,0.0498522572192981,0.0498522572192981,0.0522904782391367,-0.520995252569768,-0.5223909089853696,-0.0013956564156014945,0.051725898402301705,-0.051725898402301705,-0.05229047823913676,0.05229047823913676,0.07735730166232006,0.0010027522990582716,0.0010027522990582716,False,100M<=p<500M,0.50-0.55,0.25-0.50
881,179149097,179149096,1,18.00372896123365,0.0498522553384568,0.0498522553384568,0.0523875652398403,-0.5056190328994301,-0.5070146888419969,-0.001395655942566711,0.05172589637176921,-0.05172589637176921,-0.0523875652398403,0.0523875652398403,0.07735729548191528,0.001002752218944113,0.001002752218944113,False,100M<=p<500M,0.50-0.55,0.25-0.50
563,179149511,179149510,1,18.003731272155274,0.0498522496129642,0.0498522496129642,0.0531911372632449,-0.5056649177180544,-0.5070605722206506,-0.0013956545025961844,0.051725890190593274,-0.051725890190593274,-0.05319113726324493,0.05319113726324493,0.07735727666806937,0.0010027519750676226,0.0010027519750676226,False,100M<=p<500M,0.50-0.55,>=1.00
1090,179149561,179149560,1,18.003731551251725,0.0498522489214806,0.0498522489214806,0.0533156574202763,-0.5002725900247352,-0.5016682443534222,-0.0013956543286869722,0.051725889444073574,-0.051725889444073574,-0.05331565742027638,0.05331565742027638,0.07735727439586917,0.0010027519456139848,0.0010027519456139848,False,100M<=p<500M,0.50-0.55,>=1.00
1157,179149627,179149626,1,18.003731919658925,0.0498522480087225,0.0498522480087225,0.052449097351866,-0.5013634367010664,-0.5027590908001935,-0.0013956540991270589,0.051725888458673056,-0.051725888458673056,-0.052449097351866085,0.052449097351866085,0.07735727139656602,0.0010027519067351968,0.0010027519067351968,False,100M<=p<500M,0.50-0.55,0.50-1.00
711,179149753,179149752,1,18.00373262298138,0.0498522462661854,0.0498522462661854,0.0537788253624078,-0.5018676563061067,-0.5032633099669832,-0.0013956536608765082,0.05172588657744968,-0.05172588657744968,-0.05377882536240788,0.05377882536240788,0.0773572656706272,0.001002751832512102,0.001002751832512102,False,100M<=p<500M,0.50-0.55,>=1.00
677,179149903,179149902,1,18.003733460269373,0.0498522441917382,0.0498522441917382,0.0534075488090611,-0.5033457928209838,-0.5047414459601339,-0.0013956531391501987,0.05172588433789836,-0.05172588433789836,-0.053407548809061164,0.053407548809061164,0.07735725885403948,0.0010027517441513543,0.0010027517441513543,False,100M<=p<500M,0.50-0.55,>=1.00
1287,179150141,179150140,1,18.003734788764884,0.049852240900286,0.049852240900286,0.0525817042568226,-0.4999572118058855,-0.5013528641172313,-0.0013956523113458229,0.05172588078448405,-0.05172588078448405,-0.05258170425682263,0.05258170425682263,0.07735724803840047,0.0010027516039524766,0.0010027516039524766,False,100M<=p<500M,0.50-0.55,0.50-1.00
741,179150393,179150392,1,18.003736195405267,0.0498522374152241,0.0498522374152241,0.0523094644224999,-0.5107856008182553,-0.5121812522531042,-0.0013956514348488537,0.05172587702205311,-0.05172587702205311,-0.052309464422499924,0.052309464422499924,0.07735723658656554,0.001002751455506841,0.001002751455506841,False,100M<=p<500M,0.50-0.55,0.25-0.50
719,179150627,179150626,1,18.003737501569564,0.0498522341791001,0.0498522341791001,0.0529327722024033,-0.506061075970653,-0.5074567265916133,-0.0013956506209603778,0.05172587352837163,-0.05172587352837163,-0.052932772202403326,0.052932772202403326,0.07735722595273554,0.0010027513176646822,0.0010027513176646822,False,100M<=p<500M,0.50-0.55,0.50-1.00
1154,179151251,179151250,1,18.003740984666017,0.0498522255494587,0.0498522255494587,0.0531896390827967,-0.5001166053183862,-0.5015122537689848,-0.0013956484505985593,0.05172586421191102,-0.05172586421191102,-0.05318963908279675,0.05318963908279675,0.07735719759593412,0.00100275095008661,0.00100275095008661,False,100M<=p<500M,0.50-0.55,>=1.00
1406,179151281,179151280,1,18.00374115212227,0.0498522251345729,0.0498522251345729,0.0523720329466571,-0.49978183018364447,-0.5011774785298989,-0.0013956483462545086,0.05172586376400492,-0.05172586376400492,-0.052372032946657196,0.052372032946657196,0.07735719623262925,0.0010027509324146246,0.0010027509324146246,False,100M<=p<500M,0.50-0.55,0.25-0.50
905,179151461,179151460,1,18.00374215685921,0.0498522226452599,0.0498522226452599,0.0532813829057262,-0.5025355726448396,-0.5039312203650304,-0.0013956477201907782,0.051725861076571664,-0.051725861076571664,-0.05328138290572619,0.05328138290572619,0.0773571880528055,0.0010027508263827842,0.0010027508263827842,False,100M<=p<500M,0.50-0.55,>=1.00
523,179152973,179152972,1,18.00375059660964,0.0498522017351389,0.0498522017351389,0.0538687959944211,-0.5042488634900496,-0.5056445059513407,-0.001395642461291123,0.05172583850224712,-0.05172583850224712,-0.05386879599442117,0.05386879599442117,0.07735711934266194,0.0010027499357201971,0.0010027499357201971,False,100M<=p<500M,0.50-0.55,>=1.00
625,179156291,179156290,1,18.00376911692342,0.0498521558497199,0.0498521558497199,0.053043692849709,-0.5060225164207536,-0.5074181473419057,-0.0013956309211521627,0.05172578896488851,-0.05172578896488851,-0.053043692849709015,0.053043692849709015,0.07735696856442248,0.0010027479812411368,0.0010027479812411368,False,100M<=p<500M,0.50-0.55,0.50-1.00
1311,179156687,179156686,1,18.003771327281537,0.0498521503734031,0.0498521503734031,0.0535436359751333,-0.4994926628988405,-0.5008882924427092,-0.0013956295438686454,0.05172578305272283,-0.05172578305272283,-0.05354363597513337,0.05354363597513337,0.07735695056940553,0.0010027477479788041,0.0010027477479788041,False,100M<=p<500M,0.50-0.55,>=1.00
1320,179378609,179378608,1,18.005009264136387,0.0498490834866857,0.0498490834866857,0.0526234060396044,-0.4998751810588168,-0.5012700394493999,-0.0013948583905830235,0.051722472086838535,-0.051722472086838535,-0.0526234060396044,0.0526234060396044,0.07734687323664755,0.0010026171194747807,0.0010026171194747807,False,100M<=p<500M,0.50-0.55,0.50-1.00
606,179378777,179378776,1,18.00501020070247,0.0498490811665626,0.0498490811665626,0.0534127556850271,-0.5041249076762768,-0.5055197654835998,-0.0013948578073229142,0.051722469582073716,-0.051722469582073716,-0.05341275568502717,0.05341275568502717,0.0773468656133466,0.0010026170206569266,0.0010026170206569266,False,100M<=p<500M,0.50-0.55,>=1.00
951,179378933,179378932,1,18.00501107037019,0.0498490790121648,0.0498490790121648,0.0528374174512601,-0.5019503977296614,-0.5033452549953865,-0.001394857265725048,0.05172246725622422,-0.05172246725622422,-0.05283741745126011,0.05283741745126011,0.07734685853457449,0.0010026169288975858,0.0010026169288975858,False,100M<=p<500M,0.50-0.55,0.50-1.00
1056,179379173,179379172,1,18.00501240831905,0.0498490756977105,0.0498490756977105,0.053722866414157,-0.499989378026651,-0.5013842344591497,-0.0013948564324986672,0.05172246367799692,-0.05172246367799692,-0.053722866414157064,0.053722866414157064,0.07734684764416985,0.0010026167877295507,0.0010026167877295507,False,100M<=p<500M,0.50-0.55,>=1.00
1410,179379503,179379502,1,18.005014247995817,0.049849071140344,0.049849071140344,0.0533045157066953,-0.49944535295952436,-0.5008402082463395,-0.0013948552868151397,0.05172245875794415,-0.05172245875794415,-0.0533045157066953,0.0533045157066953,0.07734683266989101,0.001002616593623859,0.001002616593623859,False,100M<=p<500M,0.50-0.55,>=1.00
372,179380241,179380240,1,18.005018362169785,0.0498490609484484,0.0498490609484484,0.0524959052411155,-0.5246573294434154,-0.5260521821680766,-0.0013948527246611347,0.05172244775495286,-0.05172244775495286,-0.05249590524111556,0.05249590524111556,0.07734679918207374,0.001002616159534445,0.001002616159534445,False,100M<=p<500M,0.50-0.55,0.50-1.00
1256,179380469,179380468,1,18.00501963321198,0.049849057799742,0.049849057799742,0.0526369272801094,-0.5000349880546825,-0.501429839987787,-0.0013948519331044547,0.05172244435566577,-0.05172244435566577,-0.052636927280109436,0.052636927280109436,0.07734678883627626,0.001002616025425938,0.001002616025425938,False,100M<=p<500M,0.50-0.55,0.50-1.00
1027,179380543,179380542,1,18.00502004574287,0.0498490567777944,0.0498490567777944,0.0535322410820112,-0.5003179490774629,-0.5017128007536589,-0.0013948516761959772,0.05172244325238782,-0.05172244325238782,-0.0535322410820112,0.0535322410820112,0.07734678547843298,0.0010026159818995353,0.0010026159818995353,False,100M<=p<500M,0.50-0.55,>=1.00
832,179380633,179380632,1,18.0050205474694,0.0498490555348858,0.0498490555348858,0.0536472988717289,-0.501153666438746,-0.5025485178024861,-0.0013948513637400263,0.0517224419105677,-0.0517224419105677,-0.05364729887172898,0.05364729887172898,0.07734678139457171,0.0010026159289620467,0.0010026159289620467,False,100M<=p<500M,0.50-0.55,>=1.00
1141,179380801,179380800,1,18.00502148402492,0.0498490532147915,0.0498490532147915,0.0527310857325823,-0.5012806753107075,-0.5026755260911969,-0.001394850780489436,0.0517224394058356,-0.0517224394058356,-0.052731085732582374,0.052731085732582374,0.07734677377137031,0.001002615830145483,0.001002615830145483,False,100M<=p<500M,0.50-0.55,0.50-1.00
1434,179380829,179380828,1,18.00502164011742,0.0498490528281093,0.0498490528281093,0.0520554984603305,-0.4997557427821011,-0.5011505934653822,-0.0013948506832810418,0.051722438988379055,-0.051722438988379055,-0.05205549846033054,0.05205549846033054,0.07734677250083756,0.0010026158136760663,0.0010026158136760663,False,100M<=p<500M,0.50-0.55,0.10-0.25
1082,179380961,179380960,1,18.00502237598173,0.0498490510051801,0.0498490510051801,0.0521747116325183,-0.5038494121825232,-0.5052442624075365,-0.0013948502250133335,0.051722437020375836,-0.051722437020375836,-0.052174711632518286,0.052174711632518286,0.07734676651118622,0.00100261573603457,0.00100261573603457,False,100M<=p<500M,0.50-0.55,0.25-0.50
821,179381039,179381038,1,18.0050228108104,0.0498490499279953,0.0498490499279953,0.0529985614028999,-0.5025479561739254,-0.5039428061281446,-0.0013948499542190782,0.05172243585746825,-0.05172243585746825,-0.05299856140289995,0.05299856140289995,0.07734676297184917,0.0010026156901555348,0.0010026156901555348,False,100M<=p<500M,0.50-0.55,0.50-1.00
667,179381333,179381332,1,18.005024449778265,0.0498490458678419,0.0498490458678419,0.0531241987332051,-0.5062638719472299,-0.5076587208807642,-0.0013948489335342668,0.05172243147419525,-0.05172243147419525,-0.053124198733205195,0.053124198733205195,0.07734674963128717,0.0010026155172270727,0.0010026155172270727,False,100M<=p<500M,0.50-0.55,>=1.00
1462,179381723,179381722,1,18.00502662391517,0.0498490404819355,0.0498490404819355,0.0520888394763615,-0.4996981634415675,-0.5010930110211359,-0.0013948475795684606,0.05172242565966621,-0.05172242565966621,-0.05208883947636152,0.05208883947636152,0.0773467319346623,0.0010026152878326795,0.0010026152878326795,False,100M<=p<500M,0.50-0.55,0.25-0.50
858,179382757,179382756,1,18.005032388142443,0.0498490262024408,0.0498490262024408,0.0535747962963188,-0.5011163507929444,-0.502511194782788,-0.0013948439898437098,0.05172241024377623,-0.05172241024377623,-0.05357479629631883,0.05357479629631883,0.07734668501613412,0.0010026146796462381,0.0010026146796462381,False,100M<=p<500M,0.50-0.55,>=1.00
1390,179382869,179382868,1,18.00503301250549,0.0498490246557311,0.0498490246557311,0.0527625272092595,-0.49972487052718395,-0.5011197141282004,-0.0013948436010164816,0.05172240857397726,-0.05172240857397726,-0.05276252720925951,0.05276252720925951,0.07734667993406862,0.0010026146137694205,0.0010026146137694205,False,100M<=p<500M,0.50-0.55,0.50-1.00
1191,179382943,179382942,1,18.005033425030863,0.0498490236337985,0.0498490236337985,0.0537636723765154,-0.499541192893371,-0.5009360362374842,-0.0013948433441130944,0.051722407470718296,-0.051722407470718296,-0.053763672376515415,0.053763672376515415,0.07734667657627733,0.0010026145702436917,0.0010026145702436917,False,100M<=p<500M,0.50-0.55,>=1.00
824,179394233,179394232,1,18.00509636102991,0.0498488677254563,0.0498488677254563,0.0535472114495682,-0.5018834361525548,-0.5032782403033146,-0.0013948041507597748,0.05172223915485087,-0.05172223915485087,-0.05354721144956823,0.05354721144956823,0.07734616430502014,0.0010026079298727137,0.0010026079298727137,False,100M<=p<500M,0.50-0.55,>=1.00
966,179394643,179394642,1,18.00509864649653,0.0498488620637974,0.0498488620637974,0.0535599774174267,-0.5005863098181164,-0.5019811125456237,-0.0013948027275073104,0.051722233042625416,-0.051722233042625416,-0.05355997741742679,0.05355997741742679,0.07734614570242623,0.0010026076887346,0.0010026076887346,False,100M<=p<500M,0.50-0.55,>=1.00
1055,179400047,179400046,1,18.00512876957333,0.0498487874416999,0.0498487874416999,0.0526726107882914,-0.5015891237610559,-0.5029839077298394,-0.0013947839687833996,0.0517221524819564,-0.0517221524819564,-0.05267261078829146,0.05267261078829146,0.07734590051576437,0.0010026045104762637,0.0010026045104762637,False,100M<=p<500M,0.50-0.55,0.50-1.00
1111,179400083,179400082,1,18.00512897024215,0.0498487869445957,0.0498487869445957,0.0529513872404459,-0.500351243921961,-0.5017460277657815,-0.0013947838438205559,0.05172215194529255,-0.05172215194529255,-0.05295138724044597,0.05295138724044597,0.07734589888242521,0.00100260448930393,0.00100260448930393,False,100M<=p<500M,0.50-0.55,0.50-1.00
703,179400479,179400478,1,18.00513117759656,0.0498487814764575,0.0498487814764575,0.0528297241791223,-0.5063973407882031,-0.5077921232574344,-0.0013947824692313814,0.05172214604198759,-0.05172214604198759,-0.05282972417912234,0.05282972417912234,0.0773458809157194,0.0010026042564085836,0.0010026042564085836,False,100M<=p<500M,0.50-0.55,0.50-1.00
771,179400653,179400652,1,18.00513214749316,0.0498487790737949,0.0498487790737949,0.0530759787374816,-0.5027785489867613,-0.5041733308520081,-0.0013947818652467311,0.05172214344812017,-0.05172214344812017,-0.05307597873748164,0.05307597873748164,0.07734587302127226,0.001002604154075968,0.001002604154075968,False,100M<=p<500M,0.50-0.55,0.50-1.00
1415,179400791,179400790,1,18.005132916720832,0.0498487771682367,0.0498487771682367,0.0523464165203712,-0.5008011187323467,-0.5021959001185716,-0.0013947813862248937,0.05172214139091221,-0.05172214139091221,-0.052346416520371294,0.052346416520371294,0.07734586676016533,0.0010026040729156996,0.0010026040729156996,False,100M<=p<500M,0.50-0.55,0.25-0.50
1291,179403041,179403040,1,18.005145458392903,0.0498487460995805,0.0498487460995805,0.0532051415742351,-0.4997576114420161,-0.501152385018178,-0.001394773576161933,0.05172210784975528,-0.05172210784975528,-0.05320514157423512,0.05320514157423512,0.07734576467768675,0.0010026027496606495,0.0010026027496606495,False,100M<=p<500M,0.50-0.55,>=1.00
1440,179403071,179403070,1,18.00514562561414,0.0498487456853347,0.0498487456853347,0.0526403019342879,-0.49964374417309926,-0.501038517645128,-0.0013947734720287344,0.05172210740254377,-0.05172210740254377,-0.052640301934287995,0.052640301934287995,0.07734576331659702,0.0010026027320173784,0.0010026027320173784,False,100M<=p<500M,0.50-0.55,0.50-1.00
1360,179403113,179403112,1,18.00514585972381,0.0498487451053906,0.0498487451053906,0.0529308585804796,-0.4997173586808128,-0.5011121320070551,-0.001394773326242316,0.05172210677644845,-0.05172210677644845,-0.05293085858047965,0.05293085858047965,0.07734576141107188,0.001002602707316805,0.001002602707316805,False,100M<=p<500M,0.50-0.55,0.50-1.00
781,179403241,179403240,1,18.00514657320059,0.0498487433379429,0.0498487433379429,0.0537922432211968,-0.5012509297923776,-0.5026457026743186,-0.0013947728819410094,0.05172210486834411,-0.05172210486834411,-0.05379224322119687,0.05379224322119687,0.07734575560376038,0.0010026026320389082,0.0010026026320389082,False,100M<=p<500M,0.50-0.55,>=1.00
1298,179403503,179403502,1,18.00514803359677,0.0498487397202028,0.0498487397202028,0.0521564528207961,-0.5010812064846961,-0.5024759784572093,-0.001394771972513158,0.05172210096269632,-0.05172210096269632,-0.05215645282079614,0.05215645282079614,0.07734574371693458,0.001002602477954657,0.001002602477954657,False,100M<=p<500M,0.50-0.55,0.25-0.50
1395,179403641,179403640,1,18.00514880281223,0.0498487378146779,0.0498487378146779,0.0523502186813132,-0.5008438331112854,-0.5022386046047878,-0.001394771493502241,0.0517220989055255,-0.0517220989055255,-0.05235021868131327,0.05235021868131327,0.07734573745594281,0.0010026023967958813,0.0010026023967958813,False,100M<=p<500M,0.50-0.55,0.25-0.50
736,179403751,179403750,1,18.00514941595456,0.0498487362957824,0.0498487362957824,0.0536376134985399,-0.501884575885504,-0.5032793469971863,-0.0013947711116824568,0.05172209726575329,-0.05172209726575329,-0.05363761349853998,0.05363761349853998,0.07734573246530117,0.0010026023321041552,0.0010026023321041552,False,100M<=p<500M,0.50-0.55,>=1.00
1100,179407897,179407896,1,18.005172525572227,0.0498486790479759,0.0498486790479759,0.0531144456911841,-0.5003253748107529,-0.5017201315315442,-0.001394756720791289,0.05172203546206989,-0.05172203546206989,-0.053114445691184155,0.053114445691184155,0.07734554436606489,0.0010025998938476806,0.0010025998938476806,False,100M<=p<500M,0.50-0.55,>=1.00
1084,179408591,179408590,1,18.005176393844856,0.049848669465393,0.049848669465393,0.0534419489733958,-0.5002235667847073,-0.5016183210966504,-0.0013947543119431395,0.051722025116889885,-0.051722025116889885,-0.05344194897339582,0.05344194897339582,0.0773455128805774,0.0010025994857136805,0.0010025994857136805,False,100M<=p<500M,0.50-0.55,>=1.00
1155,179408683,179408682,1,18.00517690664068,0.0498486681950825,0.0498486681950825,0.0532792716347628,-0.5000754210760959,-0.5014701750687115,-0.0013947539926155732,0.05172202374548605,-0.05172202374548605,-0.05327927163476282,0.05327927163476282,0.07734550870671933,0.0010025994316095988,0.0010025994316095988,False,100M<=p<500M,0.50-0.55,>=1.00
390,179409773,179409772,1,18.00518298213642,0.0498486531447188,0.0498486531447188,0.0528986214654153,-0.5140769429912276,-0.5154716932005236,-0.0013947502092959455,0.05172200749738687,-0.05172200749738687,-0.052898621465415324,0.052898621465415324,0.07734545925576332,0.0010025987905962906,0.0010025987905962906,False,100M<=p<500M,0.50-0.55,0.50-1.00
1165,179410001,179410000,1,18.0051842529694,0.0498486499965821,0.0498486499965821,0.0523424802961385,-0.5013776151812045,-0.5027723645991313,-0.001394749417926826,0.05172200409871727,-0.05172200409871727,-0.05234248029613857,0.05234248029613857,0.07734544891193765,0.0010025986565133438,0.0010025986565133438,False,100M<=p<500M,0.50-0.55,0.25-0.50
762,179410171,179410170,1,18.005185200519243,0.04984864764929,0.04984864764929,0.0533353866234197,-0.5026023594882992,-0.5039971083161712,-0.0013947488278719404,0.051722001564623706,-0.051722001564623706,-0.05333538662341977,0.05333538662341977,0.07734544119944592,0.0010025985565393447,0.0010025985565393447,False,100M<=p<500M,0.50-0.55,>=1.00
566,179410463,179410462,1,18.00518682807336,0.0498486436174763,0.0498486436174763,0.0529344425052005,-0.5086402481499229,-0.5100349959642906,-0.0013947478143676955,0.05172199721195271,-0.05172199721195271,-0.05293444250520054,0.05293444250520054,0.07734542795212698,0.0010025983848195557,0.0010025983848195557,False,100M<=p<500M,0.50-0.55,0.50-1.00
825,179410591,179410590,1,18.005187541520904,0.0498486418501082,0.0498486418501082,0.0534232251378626,-0.5014014161208942,-0.5027961634909868,-0.0013947473700926102,0.05172199530393497,-0.05172199530393497,-0.05342322513786267,0.05342322513786267,0.07734542214509092,0.0010025983095452295,0.0010025983095452295,False,100M<=p<500M,0.50-0.55,>=1.00
786,179410691,179410690,1,18.00518809890144,0.0498486404693528,0.0498486404693528,0.0536146024132842,-0.5015086747460509,-0.5029034217690539,-0.0013947470230030522,0.05172199381329847,-0.05172199381329847,-0.053614602413284244,0.053614602413284244,0.07734541760834737,0.001002598250737206,0.001002598250737206,False,100M<=p<500M,0.50-0.55,>=1.00
884,179412253,179412252,1,18.00519680514516,0.0498486189020639,0.0498486189020639,0.0527759043101292,-0.5032546823325892,-0.5046494239340888,-0.001394741601499653,0.05172197052965037,-0.05172197052965037,-0.052775904310129206,0.052775904310129206,0.07734534674479265,0.0010025973321607963,0.0010025973321607963,False,100M<=p<500M,0.50-0.55,0.50-1.00
1302,179412287,179412286,1,18.00519699465282,0.0498486184326118,0.0498486184326118,0.0527055774267524,-0.4998959151845766,-0.5012906566680673,-0.0013947414834906723,0.051721970022836315,-0.051721970022836315,-0.052705577426752456,0.052705577426752456,0.07734534520231606,0.0010025973121662783,0.0010025973121662783,False,100M<=p<500M,0.50-0.55,0.50-1.00
1226,179412329,179412328,1,18.005197228750472,0.0498486178527005,0.0498486178527005,0.0530676064879347,-0.49997005160944014,-0.5013647929471552,-0.0013947413377150529,0.051721969396777034,-0.051721969396777034,-0.053067606487934786,0.053067606487934786,0.07734534329690426,0.001002597287467174,0.001002597287467174,False,100M<=p<500M,0.50-0.55,0.50-1.00
696,179413093,179413092,1,18.005201487088662,0.0498486073038633,0.0498486073038633,0.053125528818645,-0.5042889927616562,-0.5056837314476508,-0.001394738685994545,0.051721958008446305,-0.051721958008446305,-0.05312552881864507,0.05312552881864507,0.07734530863664636,0.0010025968381798729,0.0010025968381798729,False,100M<=p<500M,0.50-0.55,>=1.00
1394,179425097,179425096,1,18.00526839189612,0.0498484415665732,0.0498484415665732,0.0525931316567972,-0.4997487650441159,-0.501143462068302,-0.001394697024186048,0.051721779081556424,-0.051721779081556424,-0.05259313165679728,0.05259313165679728,0.0773447640756576,0.001002589779249795,0.001002589779249795,False,100M<=p<500M,0.50-0.55,0.50-1.00
1442,179433103,179433102,1,18.00531301119144,0.0498483310357977,0.0498483310357977,0.0528019141795445,-0.4995910770522789,-0.5009857462925882,-0.0013946692403093129,0.051721659754619384,-0.051721659754619384,-0.05280191417954453,0.05280191417954453,0.07734440090723031,0.0010025850716402016,0.0010025850716402016,False,100M<=p<500M,0.50-0.55,0.50-1.00
452,179433593,179433592,1,18.00531574201046,0.0498483242710375,0.0498483242710375,0.053478344253127,-0.5071964907319303,-0.5085911582718106,-0.0013946675398802523,0.051721652451514576,-0.051721652451514576,-0.05347834425312701,0.05347834425312701,0.07734437868044396,0.0010025847835231057,0.0010025847835231057,False,100M<=p<500M,0.50-0.55,>=1.00
1289,179433659,179433658,1,18.00531610983449,0.0498483233598672,0.0498483233598672,0.0536015516780141,-0.4994634192197586,-0.5008580865306019,-0.0013946673108433184,0.05172165146783051,-0.05172165146783051,-0.05360155167801416,0.05360155167801416,0.0773443756866373,0.0010025847447155665,0.0010025847447155665,False,100M<=p<500M,0.50-0.55,>=1.00
993,179434019,179434018,1,18.00531811614502,0.0498483183898542,0.0498483183898542,0.0530179853254557,-0.501602963137983,-0.5029976291995363,-0.0013946660615533335,0.051721646102297056,-0.051721646102297056,-0.053017985325455784,0.053017985325455784,0.0773443593568052,0.0010025845330383708,0.0010025845330383708,False,100M<=p<500M,0.50-0.55,0.50-1.00
815,179434153,179434152,1,18.005318862937354,0.0498483165399077,0.0498483165399077,0.0538741721336456,-0.5009643254607246,-0.5023589910572653,-0.0013946655965408577,0.05172164410513038,-0.05172164410513038,-0.05387417213364566,0.05387417213364566,0.07734435327848849,0.0010025844542475401,0.0010025844542475401,False,100M<=p<500M,0.50-0.55,>=1.00
1333,179436143,179436142,1,18.005329953295192,0.0498482890670005,0.0498482890670005,0.052928728109095,-0.4997619925951761,-0.5011566512859924,-0.001394658690816245,0.051721614445904646,-0.051721614445904646,-0.052928728109095054,0.052928728109095054,0.07734426301156795,0.0010025832841529252,0.0010025832841529252,False,100M<=p<500M,0.50-0.55,0.50-1.00
911,179436233,179436232,1,18.005330454866257,0.0498482878245151,0.0498482878245151,0.0536850831213623,-0.5006489474521753,-0.5020436058306749,-0.0013946583784996344,0.051721613104540584,-0.051721613104540584,-0.05368508312136229,0.05368508312136229,0.07734425892917181,0.0010025832312344283,0.0010025832312344283,False,100M<=p<500M,0.50-0.55,>=1.00
1425,179436493,179436492,1,18.00533190384792,0.0498482842351168,0.0498482842351168,0.0519436214565968,-0.4997951788605975,-0.5011898363368504,-0.001394657476252946,0.05172160922949414,-0.05172160922949414,-0.05194362145659689,0.05194362145659689,0.07734424713559626,0.0010025830783589437,0.0010025830783589437,False,100M<=p<500M,0.50-0.55,0.10-0.25
681,179436689,179436688,1,18.00533299615579,0.0498482815292664,0.0498482815292664,0.0537520972306284,-0.5022920124691513,-0.5036866692652503,-0.0013946567960989905,0.051721606308309236,-0.051721606308309236,-0.05375209723062849,0.05375209723062849,0.07734423824506778,0.0010025829631145169,0.0010025829631145169,False,100M<=p<500M,0.50-0.55,>=1.00
1169,179436911,179436910,1,18.0053342333602,0.0498482784644807,0.0498482784644807,0.0526897268156398,-0.5002543799062227,-0.5016490359319445,-0.0013946560257218632,0.05172160299962596,-0.05172160299962596,-0.052689726815639805,0.052689726815639805,0.07734422817519705,0.0010025828325827405,0.0010025828325827405,False,100M<=p<500M,0.50-0.55,0.50-1.00
448,179438731,179438730,1,18.00534437614944,0.0498482533389166,0.0498482533389166,0.0535246964138259,-0.507138178118551,-0.50853282782862,-0.0013946497100690532,0.05172157587454812,-0.05172157587454812,-0.053524696413825915,0.053524696413825915,0.0773441456209449,0.0010025817624644145,0.0010025817624644145,False,100M<=p<500M,0.50-0.55,>=1.00
1029,179439251,179439250,1,18.005347274070324,0.0498482461602354,0.0498482461602354,0.0528225922871366,-0.5025240802823377,-0.5039187281879515,-0.001394647905613779,0.051721568124582167,-0.051721568124582167,-0.05282259228713667,0.05282259228713667,0.07734412203419379,0.00100258145671863,0.00100258145671863,False,100M<=p<500M,0.50-0.55,0.50-1.00
1340,179470367,179470366,1,18.00552066591338,0.0498478166406121,0.0498478166406121,0.0527362003664106,-0.4998094046151212,-0.5012039445586113,-0.0013945399434900317,0.05172110442359789,-0.05172110442359789,-0.052736200366410656,0.052736200366410656,0.07734271078333362,0.0010025631632283687,0.0010025631632283687,False,100M<=p<500M,0.50-0.55,0.50-1.00
657,179470607,179470606,1,18.005522003180605,0.0498478133280137,0.0498478133280137,0.0532267242816651,-0.5045386038888174,-0.5059331429996923,-0.0013945391108749175,0.051721100847383135,-0.051721100847383135,-0.0532267242816652,0.0532267242816652,0.07734269989935279,0.0010025630221436029,0.0010025630221436029,False,100M<=p<500M,0.50-0.55,>=1.00
981,179471009,179471008,1,18.0055242430992,0.0498478077794222,0.0498478077794222,0.0531997381477983,-0.5007149607988735,-0.5021094985151219,-0.0013945377162483902,0.05172109485723585,-0.05172109485723585,-0.05319973814779835,0.05319973814779835,0.07734268166872266,0.0010025627858271091,0.0010025627858271091,False,100M<=p<500M,0.50-0.55,>=1.00
1349,179471077,179471076,1,18.005524621990407,0.0498478068408559,0.0498478068408559,0.053549907961841,-0.4993960172149988,-0.5007905546953406,-0.0013945374803418242,0.05172109384397763,-0.05172109384397763,-0.05354990796184109,0.05354990796184109,0.07734267858493914,0.0010025627458532353,0.0010025627458532353,False,100M<=p<500M,0.50-0.55,>=1.00
1159,179471161,179471160,1,18.00552509003229,0.0498478056814509,0.0498478056814509,0.0528393789272466,-0.5002302609659756,-0.5016247981549036,-0.001394537188927999,0.05172109259230597,-0.05172109259230597,-0.05283937892724659,0.05283937892724659,0.07734267477556138,0.0010025626964737687,0.0010025626964737687,False,100M<=p<500M,0.50-0.55,0.50-1.00
1295,179471219,179471218,1,18.005525413203934,0.0498478048809097,0.0498478048809097,0.0526245268308028,-0.49992937911096874,-0.5013239160986825,-0.0013945369877138303,0.05172109172805777,-0.05172109172805777,-0.05262452683080289,0.05262452683080289,0.07734267214527794,0.0010025626623784382,0.0010025626623784382,False,100M<=p<500M,0.50-0.55,0.50-1.00
973,179471339,179471338,1,18.0055260818346,0.0498478032246186,0.0498478032246186,0.0533847122027223,-0.5006622347924482,-0.5020567713638572,-0.0013945365714090033,0.051721089939958456,-0.051721089939958456,-0.053384712202722305,0.053384712202722305,0.07734266670331533,0.0010025625918364156,0.0010025625918364156,False,100M<=p<500M,0.50-0.55,>=1.00
637,179471563,179471562,1,18.00552732994397,0.0498478001328783,0.0498478001328783,0.0529207311887221,-0.5060589748142819,-0.5074535106085895,-0.0013945357943075767,0.051721086602178085,-0.051721086602178085,-0.052920731188722106,0.052920731188722106,0.07734265654499642,0.00100256246015812,0.00100256246015812,False,100M<=p<500M,0.50-0.55,0.50-1.00
1354,179471603,179471602,1,18.00552755282048,0.0498477995807823,0.0498477995807823,0.0527741458847167,-0.49978331835023,-0.5011778540057696,-0.0013945356555396678,0.051721086006147964,-0.051721086006147964,-0.0527741458847167,0.0527741458847167,0.07734265473101241,0.0010025624366441581,0.0010025624366441581,False,100M<=p<500M,0.50-0.55,0.50-1.00
612,179471947,179471946,1,18.005529469556407,0.049847794832762,0.049847794832762,0.0533176291738061,-0.5056412748642599,-0.5070358093263969,-0.0013945344621370578,0.051721080880279165,-0.051721080880279165,-0.053317629173806155,0.053317629173806155,0.07734263913076957,0.0010025622344243413,0.0010025622344243413,False,100M<=p<500M,0.50-0.55,>=1.00
1037,179472079,179472078,1,18.00553020504713,0.0498477930108499,0.0498477930108499,0.052754244206941,-0.5015852969731583,-0.5029798309773628,-0.0013945340042044116,0.05172107891338031,-0.05172107891338031,-0.05275424420694104,0.05275424420694104,0.07734263314463902,0.0010025621568284836,0.0010025621568284836,False,100M<=p<500M,0.50-0.55,0.50-1.00
1332,179472173,179472172,1,18.00553072880534,0.0498477917134285,0.0498477917134285,0.0527462500459147,-0.499819341894984,-0.5012138755730852,-0.00139453367810112,0.05172107751270958,-0.05172107751270958,-0.052746250045914767,0.052746250045914767,0.07734262888179164,0.0010025621015708683,0.0010025621015708683,False,100M<=p<500M,0.50-0.55,0.50-1.00
690,179472523,179472522,1,18.00553267896649,0.0498477868826109,0.0498477868826109,0.0525914466370504,-0.508818050133326,-0.5102125825972149,-0.0013945324638889036,0.0517210722974534,-0.0517210722974534,-0.052591446637050475,0.052591446637050475,0.07734261300951013,0.0010025618958247214,0.0010025618958247214,False,100M<=p<500M,0.50-0.55,0.50-1.00
717,179602889,179602888,1,18.006258799449103,0.0498459882470635,0.0498459882470635,0.0529285737480202,-0.504259727826566,-0.5056538082646849,-0.001394080438118816,0.05171913052958988,-0.05171913052958988,-0.0529285737480202,0.0529285737480202,0.0773367034843058,0.001002485292972015,0.001002485292972015,False,100M<=p<500M,0.50-0.55,0.50-1.00
822,179603471,179603470,1,18.00626203992625,0.0498459802205348,0.0498459802205348,0.0536815582664552,-0.5012128060537964,-0.5026068844749716,-0.0013940784211751794,0.051719121864339364,-0.051719121864339364,-0.053681558266455265,0.053681558266455265,0.07733667711322892,0.0010024849511341095,0.0010024849511341095,False,100M<=p<500M,0.50-0.55,>=1.00
1117,179604479,179604478,1,18.0062676522742,0.0498459663189858,0.0498459663189858,0.0533605890133977,-0.5001366561843068,-0.5015307311122409,-0.001394074927934102,0.05171910685655095,-0.05171910685655095,-0.05336058901339777,0.05336058901339777,0.07733663143984529,0.0010024843590879877,0.0010024843590879877,False,100M<=p<500M,0.50-0.55,>=1.00
421,179641801,179641800,1,18.006475431740324,0.0498454516634544,0.0498454516634544,0.0535518097468465,-0.5077879938899214,-0.5091819394977058,-0.001393945607784495,0.05171855124676774,-0.05171855124676774,-0.0535518097468465,0.0535518097468465,0.07733494055547094,0.0010024624408183818,0.0010024624408183818,False,100M<=p<500M,0.50-0.55,>=1.00
773,179642051,179641948,1,18.006476255601687,0.0498454466446799,0.0498454466446799,0.0531779872246815,-0.5052530775033307,-0.5066470222026365,-0.0013939446993056718,0.051718545953695565,-0.051718545953695565,-0.053177987224681554,0.053177987224681554,0.07733492923051759,0.0010024622940174625,0.0010024622940174625,False,100M<=p<500M,0.50-0.55,>=1.00
628,179642357,179642356,1,18.00647852678356,0.049845443997324,0.049845443997324,0.0535047767229565,-0.5037413571184193,-0.5051353007999649,-0.0013939436815456308,0.05171854297060068,-0.05171854297060068,-0.05350477672295661,0.05350477672295661,0.07733491536879952,0.0010024621143334591,0.0010024621143334591,False,100M<=p<500M,0.50-0.55,>=1.00
1179,179642423,179642422,1,18.00647889418013,0.0498454430873174,0.0498454430873174,0.0534641342034545,-0.4998762459383706,-0.5012701893912626,-0.00139394345289196,0.05171854198818032,-0.05171854198818032,-0.053464134203454576,0.053464134203454576,0.07733491237902079,0.0010024620755781323,0.0010024620755781323,False,100M<=p<500M,0.50-0.55,>=1.00
1001,179650267,179650266,1,18.00652255774591,0.049845334937034,0.049845334937034,0.0525808654579029,-0.5018213389916254,-0.503215255270235,-0.0013939162786096415,0.05171842523178929,-0.05171842523178929,-0.0525808654579029,0.0525808654579029,0.07733455705740479,0.00100245746968367,0.00100245746968367,False,100M<=p<500M,0.50-0.55,0.50-1.00
519,179651309,179651308,1,18.006528357887458,0.049845320570699,0.049845320570699,0.0530909043365744,-0.5108681206090259,-0.5122620332779219,-0.0013939126688960071,0.051718409722248206,-0.051718409722248206,-0.05309090433657443,0.05309090433657443,0.07733450985769524,0.0010024568578523851,0.0010024568578523851,False,100M<=p<500M,0.50-0.55,0.50-1.00
1376,179660891,179660890,1,18.006581693120733,0.0498451884653734,0.0498451884653734,0.053207259258924,-0.4995890007997395,-0.5009828802759261,-0.0013938794761865158,0.051718267104615696,-0.051718267104615696,-0.053207259258924,0.053207259258924,0.07733407583453392,0.0010024512317807215,0.0010024512317807215,False,100M<=p<500M,0.50-0.55,>=1.00
665,179661413,179661412,1,18.006584598590244,0.0498451812688749,0.0498451812688749,0.0530721365313695,-0.5046562920256861,-0.5060501696937019,-0.0013938776680157362,0.05171825933545662,-0.05171825933545662,-0.05307213653136953,0.05307213653136953,0.0773340521909612,0.0010024509252983807,0.0010024509252983807,False,100M<=p<500M,0.50-0.55,0.50-1.00
723,179661607,179661606,1,18.006585678398604,0.04984517859432,0.04984517859432,0.053059303052776,-0.5040996760689233,-0.5054935530649387,-0.001393876996015428,0.05171825644807176,-0.05171825644807176,-0.05305930305277608,0.05305930305277608,0.07733404340390655,0.0010024508113952446,0.0010024508113952446,False,100M<=p<500M,0.50-0.55,0.50-1.00
1047,179661673,179661672,1,18.00658604575582,0.0498451776844206,0.0498451776844206,0.0530176351764428,-0.5005324026411008,-0.5019262794084979,-0.0013938767673970557,0.05171825546576825,-0.05171825546576825,-0.05301763517644283,0.05301763517644283,0.0773340404144987,0.0010024507726447255,0.0010024507726447255,False,100M<=p<500M,0.50-0.55,0.50-1.00
893,179662079,179662078,1,18.00658830555633,0.0498451720871688,0.0498451720871688,0.0534604288438405,-0.5009656502513834,-0.5023595256124336,-0.0013938753610502122,0.05171824942311502,-0.05171824942311502,-0.05346042884384058,0.05346042884384058,0.07733402202513907,0.001002450534270684,0.001002450534270684,False,100M<=p<500M,0.50-0.55,>=1.00
902,179662261,179662260,1,18.0065893185687,0.0498451695780604,0.0498451695780604,0.0527959244485922,-0.5021802822096914,-0.5035741569403116,-0.0013938747306202629,0.05171824671434458,-0.05171824671434458,-0.0527959244485922,0.0527959244485922,0.07733401378164866,0.0010024504274135572,0.0010024504274135572,False,100M<=p<500M,0.50-0.55,0.50-1.00
1192,179662363,179662362,1,18.006589886300457,0.0498451681718581,0.0498451681718581,0.0537690815764019,-0.49951425121778315,-0.500908125595086,-0.001393874377302837,0.05171824519624445,-0.05171824519624445,-0.05376908157640194,0.05376908157640194,0.07733400916167472,0.001002450367526651,0.001002450367526651,False,100M<=p<500M,0.50-0.55,>=1.00
787,179663243,179663242,1,18.00659478436497,0.0498451560399524,0.0498451560399524,0.0536805356077712,-0.5014057004902867,-0.5027995718193725,-0.0013938713290858069,0.05171823209893997,-0.05171823209893997,-0.05368053560777125,0.05368053560777125,0.07733396930320226,0.0010024498508569373,0.0010024498508569373,False,100M<=p<500M,0.50-0.55,>=1.00
524,179663573,179663572,1,18.00659662113298,0.0498451514905047,0.0498451514905047,0.0534388495763542,-0.5059829866156556,-0.5073768568016656,-0.0013938701860100012,0.051718227187470454,-0.051718227187470454,-0.0534388495763543,0.0534388495763543,0.07733395435633338,0.0010024496571065503,0.0010024496571065503,False,100M<=p<500M,0.50-0.55,>=1.00
1080,179663629,179663628,1,18.00659693282661,0.0498451507184781,0.0498451507184781,0.0528439772376782,-0.5004927223691747,-0.5018865923612086,-0.0013938699920338139,0.05171822635401043,-0.05171822635401043,-0.05284397723767822,0.05284397723767822,0.07733395181989818,0.0010024496242277377,0.0010024496242277377,False,100M<=p<500M,0.50-0.55,0.50-1.00
353,179664509,179664508,1,18.00660183085661,0.0498451385866664,0.0498451385866664,0.0530489105874725,-0.5174010166418715,-0.5187948835857193,-0.0013938669438477796,0.05171821325681022,-0.05171821325681022,-0.05304891058747253,0.05304891058747253,0.07733391196175095,0.0010024491075622398,0.0010024491075622398,False,100M<=p<500M,0.50-0.55,0.50-1.00
716,179665093,179665092,1,18.006605081354188,0.0498451305355911,0.0498451305355911,0.0536009635875191,-0.5020489949827861,-0.5034428599037586,-0.0013938649209724902,0.051718204565068614,-0.051718204565068614,-0.0536009635875191,0.0536009635875191,0.07733388551055978,0.0010024487646858443,0.0010024487646858443,False,100M<=p<500M,0.50-0.55,>=1.00
750,179665253,179665252,1,18.006605971899624,0.049845128329822,0.049845128329822,0.0527384927380705,-0.5050676985689517,-0.5064615629357134,-0.0013938643667617467,0.051718202183775465,-0.051718202183775465,-0.05273849273807058,0.05273849273807058,0.0773338782636755,0.0010024486707473318,0.0010024486707473318,False,100M<=p<500M,0.50-0.55,0.50-1.00
1024,179667049,179667048,1,18.00661596821774,0.0498451035702127,0.0498451035702127,0.0539139775736893,-0.4997683467721152,-0.5011622049179102,-0.001393858145795032,0.0517181754539244,-0.0517181754539244,-0.05391397757368932,0.05391397757368932,0.07733379691791185,0.0010024476162941675,0.0010024476162941675,False,100M<=p<500M,0.50-0.55,>=1.00
963,179667317,179667316,1,18.00661745986466,0.0498450998755949,0.0498450998755949,0.0531647891908394,-0.5008453925537475,-0.5022392497712544,-0.0013938572175069904,0.0517181714653075,-0.0517181714653075,-0.053164789190839445,0.053164789190839445,0.07733378477953788,0.001002447458949196,0.001002447458949196,False,100M<=p<500M,0.50-0.55,>=1.00
685,180619633,180619632,1,18.011903902894705,0.0498320094634061,0.0498320094634061,0.053162119593626,-0.5043299418818774,-0.505720513042629,-0.0013905711607515609,0.05170403954673975,-0.05170403954673975,-0.05316211959362608,0.05316211959362608,0.07729078395107138,0.00100189005610965,0.00100189005610965,False,100M<=p<500M,0.50-0.55,>=1.00
1097,180619783,180619782,1,18.011904733368866,0.0498320074075051,0.0498320074075051,0.0532369055469006,-0.5010239379125168,-0.5024145085576454,-0.0013905706451285693,0.051704037327291494,-0.051704037327291494,-0.053236905546900616,0.053236905546900616,0.07729077719867086,0.0010018899685809359,0.0010018899685809359,False,100M<=p<500M,0.50-0.55,>=1.00
1452,180619891,180619890,1,18.01190533130984,0.0498320059272576,0.0498320059272576,0.0527177038476254,-0.49959158048520674,-0.5009821507590871,-0.0013905702738803939,0.05170403572928989,-0.05170403572928989,-0.05271770384762542,0.05271770384762542,0.07729077233694652,0.0010018899055603142,0.0010018899055603142,False,100M<=p<500M,0.50-0.55,0.50-1.00
945,180620701,180620700,1,18.011909815855688,0.049831994825432,0.049831994825432,0.0532484287553092,-0.5008800977403621,-0.5022706652298915,-0.001390567489529337,0.051704023744314084,-0.051704023744314084,-0.05324842875530924,0.05324842875530924,0.07729073587412137,0.001001889432907042,0.001001889432907042,False,100M<=p<500M,0.50-0.55,>=1.00
737,180620933,180620932,1,18.0119111003145,0.0498319916456599,0.0498319916456599,0.0538326091705561,-0.5015405838305231,-0.5029311505225625,-0.0013905666920394674,0.05170402031158969,-0.05170402031158969,-0.05383260917055611,0.05383260917055611,0.07729072543048288,0.0010018892975302606,0.0010018892975302606,False,100M<=p<500M,0.50-0.55,>=1.00
595,180625573,180625572,1,18.01193678914428,0.0498319280511612,0.0498319280511612,0.0540405158920827,-0.5023761465118731,-0.5037666972544255,-0.0013905507425523134,0.051703951658141,-0.051703951658141,-0.05404051589208275,0.05404051589208275,0.07729051656097423,0.0010018865900369084,0.0010018865900369084,False,100M<=p<500M,0.50-0.55,>=1.00
878,180627001,180627000,1,18.0119446949703,0.0498319084797672,0.0498319084797672,0.0533332629001659,-0.5018759873984229,-0.5032665332325018,-0.001390545834078995,0.05170393052984617,-0.05170393052984617,-0.05333326290016595,0.05333326290016595,0.07729045228083249,0.001001885756798694,0.001001885756798694,False,100M<=p<500M,0.50-0.55,>=1.00
639,180628951,180628950,1,18.01195549064018,0.0498318817543989,0.0498318817543989,0.053746653892514,-0.5027264904806164,-0.5041170296120383,-0.0013905391314219097,0.05170390167847455,-0.05170390167847455,-0.053746653892513985,0.053746653892513985,0.07729036450427827,0.001001884618985719,0.001001884618985719,False,100M<=p<500M,0.50-0.55,>=1.00
1186,180640561,180640560,1,18.01201976398525,0.0498317226422313,0.0498317226422313,0.0532380313320722,-0.5000104019205956,-0.5014009011475857,-0.0013904992269900152,0.05170372990896836,-0.05170372990896836,-0.05323803133207227,0.05323803133207227,0.07728984191888935,0.001001877844916705,0.001001877844916705,False,100M<=p<500M,0.50-0.55,>=1.00
554,180640799,180640798,1,18.012021081517933,0.0498317193806179,0.0498317193806179,0.05321805432487,-0.505637981419134,-0.5070284798281389,-0.0013904984090049454,0.05170372638789362,-0.05170372638789362,-0.05321805432487002,0.05321805432487002,0.07728983120652072,0.0010018777060564804,0.0010018777060564804,False,100M<=p<500M,0.50-0.55,>=1.00
883,180640973,180640972,1,18.012022044755017,0.0498317169960801,0.0498317169960801,0.0538739677253463,-0.5004648258842755,-0.5018553236952588,-0.0013904978109832969,0.05170372381366824,-0.05170372381366824,-0.05387396772534631,0.05387396772534631,0.07728982337479934,0.0010018776045369541,0.0010018776045369541,False,100M<=p<500M,0.50-0.55,>=1.00
1236,180641081,180641080,1,18.012022642625844,0.0498317155160234,0.0498317155160234,0.0526178784625598,-0.5000712040923191,-0.5014617015321169,-0.0013904974397978423,0.05170372221587376,-0.05170372221587376,-0.05261787846255987,0.05261787846255987,0.07728981851373529,0.0010018775415248913,0.0010018775415248913,False,100M<=p<500M,0.50-0.55,0.50-1.00
1167,180641137,180641136,1,18.0120229526328,0.0498317147485869,0.0498317147485869,0.0527240326383938,-0.5002422103873388,-0.5016327076346703,-0.0013904972473314163,0.051703721387387415,-0.051703721387387415,-0.05272403263839386,0.05272403263839386,0.0772898159931849,0.0010018775088519872,0.0010018775088519872,False,100M<=p<500M,0.50-0.55,0.50-1.00
1032,180641369,180641368,1,18.012024236946296,0.0498317115692102,0.0498317115692102,0.0526777806841792,-0.5016393604193268,-0.5030298568692982,-0.0013904964499714522,0.051703717955093466,-0.051703717955093466,-0.05267778068417924,0.05267778068417924,0.07728980555091432,0.0010018773734929375,0.0010018773734929375,False,100M<=p<500M,0.50-0.55,0.50-1.00
754,180642263,180642262,1,18.01202918596652,0.0498316993176884,0.0498316993176884,0.0523594101727958,-0.5084691358508339,-0.5098596292282339,-0.001390493377400076,0.05170370472896734,-0.05170370472896734,-0.052359410172795814,0.052359410172795814,0.07728976531230988,0.0010018768518957227,0.0010018768518957227,False,100M<=p<500M,0.50-0.55,0.25-0.50
549,180642563,180642562,1,18.012030846706068,0.0498316952064544,0.0498316952064544,0.0527301641514067,-0.5091421010997127,-0.5105325934460535,-0.001390492346340784,0.051703700290687826,-0.051703700290687826,-0.05273016415140678,0.05273016415140678,0.07728975180947419,0.0010018766768637702,0.0010018766768637702,False,100M<=p<500M,0.50-0.55,0.50-1.00
650,180642689,180642688,1,18.01203154421586,0.0498316934797384,0.0498316934797384,0.0538199983464121,-0.5024228549440352,-0.5038133468573317,-0.0013904919132965926,0.051703698426611926,-0.051703698426611926,-0.053819998346412184,0.053819998346412184,0.07728974613829093,0.0010018766033504504,0.0010018766033504504,False,100M<=p<500M,0.50-0.55,>=1.00
1130,180642733,180642732,1,18.01203178779059,0.0498316928767585,0.0498316928767585,0.0527576768807692,-0.5003538584698428,-0.5017443502319177,-0.0013904917620749,0.051703697775664595,-0.051703697775664595,-0.05275767688076924,0.05275767688076924,0.07728974415787879,0.0010018765776791463,0.0010018765776791463,False,100M<=p<500M,0.50-0.55,0.50-1.00
1458,180642773,180642772,1,18.012032009222114,0.0498316923285951,0.0498316923285951,0.0520568223877897,-0.49970938443868124,-0.501099876063282,-0.0013904916246007268,0.05170369718389621,-0.05170369718389621,-0.05205682238778975,0.05205682238778975,0.07728974235750462,0.0010018765543416035,0.0010018765543416035,False,100M<=p<500M,0.50-0.55,0.25-0.50
1011,180643147,180643146,1,18.012034079604486,0.0498316872032738,0.0498316872032738,0.0534756590852837,-0.5004294683779171,-0.5018199587171362,-0.001390490339219069,0.051703691650856566,-0.051703691650856566,-0.05347565908528375,0.05347565908528375,0.07728972552402844,0.0010018763361358677,0.0010018763361358677,False,100M<=p<500M,0.50-0.55,>=1.00
1399,180643363,180643362,1,18.01203527533139,0.0498316842432005,0.0498316842432005,0.052325014209861,-0.499793789477813,-0.5011842790746743,-0.001390489596861292,0.051703688455311654,-0.051703688455311654,-0.052325014209861014,0.052325014209861014,0.07728971580203921,0.001001876210113542,0.001001876210113542,False,100M<=p<500M,0.50-0.55,0.25-0.50
1243,180643423,180643422,1,18.0120356074775,0.0498316834209586,0.0498316834209586,0.0534700948311592,-0.49971085185539776,-0.5011013412460488,-0.0013904893906510026,0.05170368756765949,-0.05170368756765949,-0.053470094831159234,0.053470094831159234,0.077289713101489,0.001001876175107371,0.001001876175107371,False,100M<=p<500M,0.50-0.55,>=1.00
1038,187417903,187417902,1,18.04885145682348,0.0497407100242098,0.0497407100242098,0.0531407114795376,-0.5004489493851728,-0.5018167661360828,-0.0013678167509100514,0.05160548509232254,-0.05160548509232254,-0.05314071147953762,0.05314071147953762,0.07699124506060491,0.0009980072511950764,0.0009980072511950764,False,100M<=p<500M,0.50-0.55,>=1.00
1297,187418041,187418040,1,18.04885219314561,0.0497407082080395,0.0497407082080395,0.0529970796372931,-0.49978441070522356,-0.5011522270063419,-0.001367816301118346,0.0516054831319868,-0.0516054831319868,-0.05299707963729317,0.05299707963729317,0.07699123910850283,0.0009980071740403164,0.0009980071740403164,False,100M<=p<500M,0.50-0.55,>=1.00
289,187420763,187420762,1,18.04886671672199,0.049740672385038,0.049740672385038,0.0528698455510337,-0.5198899006823573,-0.5212577081115957,-0.0013678074292383141,0.05160544446543628,-0.05160544446543628,-0.05286984555103375,0.05286984555103375,0.07699112170648285,0.000998005652204072,0.000998005652204072,False,100M<=p<500M,0.50-0.55,0.50-1.00
1123,187420817,187420816,1,18.048867004843707,0.0497406716743744,0.0497406716743744,0.053034220917429,-0.5002325814312112,-0.501600388684448,-0.001367807253236816,0.051605443698363895,-0.051605443698363895,-0.05303422091742901,0.05303422091742901,0.07699111937743998,0.0009980056220136044,0.0009980056220136044,False,100M<=p<500M,0.50-0.55,>=1.00
1361,187420867,187420866,1,18.048867271623,0.0497406710163527,0.0497406710163527,0.0522054063825808,-0.49987113679896344,-0.5012389438892358,-0.001367807090272423,0.051605442988110165,-0.051605442988110165,-0.0522054063825808,0.0522054063825808,0.0769911172209195,0.0009980055940594771,0.0009980055940594771,False,100M<=p<500M,0.50-0.55,0.25-0.50
1203,187422077,187422076,1,18.048873727660222,0.0497406550922874,0.0497406550922874,0.0534687166989851,-0.49972393926115166,-0.5010917424077047,-0.0013678031465530352,0.05160542580002691,-0.05160542580002691,-0.05346871669898516,0.05346871669898516,0.07699106503332648,0.0009980049175722192,0.0009980049175722192,False,100M<=p<500M,0.50-0.55,>=1.00
1362,187422143,187422142,1,18.04887407980652,0.0497406542237053,0.0497406542237053,0.0521111993927147,-0.49988238068033963,-0.5012501836117819,-0.0013678029314421975,0.05160542486250142,-0.05160542486250142,-0.05211119939271472,0.05211119939271472,0.07699106218674172,0.0009980048806730595,0.0009980048806730595,False,100M<=p<500M,0.50-0.55,0.25-0.50
573,187422503,187422502,1,18.04887600060225,0.0497406494859905,0.0497406494859905,0.0527563650979463,-0.5085907526679248,-0.5099585544260365,-0.0013678017581118737,0.051605419748717275,-0.051605419748717275,-0.052756365097946324,0.052756365097946324,0.07699104665993617,0.0009980046794051815,0.0009980046794051815,False,100M<=p<500M,0.50-0.55,0.50-1.00
1317,187422727,187422726,1,18.048877195762188,0.0497406465380841,0.0497406465380841,0.0529843065624039,-0.49974263532375157,-0.5011104363517929,-0.0013678010280413046,0.051605416566812355,-0.051605416566812355,-0.05298430656240395,0.05298430656240395,0.0769910369988301,0.0009980045541720605,0.0009980045541720605,False,100M<=p<500M,0.50-0.55,>=1.00
958,187422899,187422898,1,18.048878113473307,0.0497406442745158,0.0497406442745158,0.0523554099310386,-0.5050862919628155,-0.5064540924302677,-0.0013678004674522654,0.051605414123567166,-0.051605414123567166,-0.05235540993103863,0.05235540993103863,0.07699102958048991,0.0009980044580110321,0.0009980044580110321,False,100M<=p<500M,0.50-0.55,0.50-1.00
548,187428029,187428028,1,18.04890548435393,0.0497405767633231,0.0497405767633231,0.0533775287472083,-0.504646636867725,-0.506014420615624,-0.001367783747898973,0.05160534125350029,-0.05160534125350029,-0.053377528747208386,0.053377528747208386,0.07699080832780246,0.0009980015899993997,0.0009980015899993997,False,100M<=p<500M,0.50-0.55,>=1.00
547,187428431,187428430,1,18.04890762917491,0.0497405714730582,0.0497405714730582,0.0533980768267338,-0.5046254779552307,-0.5059932603929703,-0.0013677824377395598,0.0516053355433057,-0.0516053355433057,-0.053398076826733885,0.053398076826733885,0.07699079099016874,0.0009980013652584679,0.0009980013652584679,False,100M<=p<500M,0.50-0.55,>=1.00
422,187430753,187430752,1,18.04892001782697,0.0497405409161,0.0497405409161,0.0533821363327469,-0.5078521791111139,-0.5092199539812957,-0.0013677748701818532,0.0516053025608131,-0.0516053025608131,-0.05338213633274696,0.05338213633274696,0.07699069084676849,0.0009980000671389279,0.0009980000671389279,False,100M<=p<500M,0.50-0.55,>=1.00
833,187449623,187449622,1,18.049020689941184,0.0497402926068905,0.0497402926068905,0.0533469583478093,-0.5013253785910624,-0.5026930919676226,-0.0013677133765601244,0.0516050345415085,-0.0516050345415085,-0.05334695834780935,0.05334695834780935,0.07698987707316114,0.000997989518511479,0.000997989518511479,False,100M<=p<500M,0.50-0.55,>=1.00
1195,187449671,187449670,1,18.04902094600996,0.0497402919752964,0.0497402919752964,0.0531234516953333,-0.49998884988463266,-0.5013565631047816,-0.001367713220148953,0.05160503385978136,-0.05160503385978136,-0.05312345169533334,0.05312345169533334,0.07698987500326969,0.0009979894916802897,0.0009979894916802897,False,100M<=p<500M,0.50-0.55,>=1.00
989,187492559,187492558,1,18.04924971725392,0.049739727716952,0.049739727716952,0.0534997227519696,-0.5004007547488063,-0.5017683282385961,-0.0013675734897898334,0.05160442481261206,-0.05160442481261206,-0.053499722751969674,0.053499722751969674,0.07698802580039008,0.0009979655211901212,0.0009979655211901212,False,100M<=p<500M,0.50-0.55,>=1.00
746,187492807,187492806,1,18.04925103997221,0.0497397244545387,0.0497397244545387,0.0533032779270732,-0.502592972452929,-0.5039605451348614,-0.001367572681932432,0.051604421291241376,-0.051604421291241376,-0.053303277927073275,0.053303277927073275,0.07698801510879219,0.0009979653825991396,0.0009979653825991396,False,100M<=p<500M,0.50-0.55,>=1.00
1413,187493987,187493986,1,18.049257333527173,0.0497397089318309,0.0497397089318309,0.0522420246474967,-0.49976614198850916,-0.5011337108266251,-0.0013675688381159287,0.05160440453640497,-0.05160440453640497,-0.052242024647496735,0.052242024647496735,0.07698796423770403,0.000997964723177217,0.000997964723177217,False,100M<=p<500M,0.50-0.55,0.25-0.50
1073,187494023,187494022,1,18.04925752553332,0.0497397084582584,0.0497397084582584,0.0528184107877725,-0.5004949490550489,-0.5018625177758963,-0.001367568720847433,0.05160440402524232,-0.05160440402524232,-0.05281841078777251,0.05281841078777251,0.07698796268571054,0.0009979647030593352,0.0009979647030593352,False,100M<=p<500M,0.50-0.55,0.50-1.00
1122,187494079,187494078,1,18.04925782420945,0.0497397077215904,0.0497397077215904,0.0522201061251438,-0.5014844945585291,-0.502852063096959,-0.0013675685384299456,0.051604403230100855,-0.051604403230100855,-0.05222010612514387,0.05222010612514387,0.07698796027149915,0.000997964671764862,0.000997964671764862,False,100M<=p<500M,0.50-0.55,0.25-0.50
1077,187494157,187494156,1,18.049258240222507,0.0497397066955174,0.0497397066955174,0.0524179537194175,-0.5015705051241811,-0.5029380734085297,-0.001367568284348554,0.05160440212257946,-0.05160440212257946,-0.05241795371941756,0.05241795371941756,0.07698795690884896,0.000997964628176149,0.000997964628176149,False,100M<=p<500M,0.50-0.55,0.50-1.00
597,187494523,187494522,1,18.04926019228144,0.0497397018808736,0.0497397018808736,0.0528707607606841,-0.5063048390474241,-0.5076724061395467,-0.0013675670921226108,0.051604396925770395,-0.051604396925770395,-0.05287076076068419,0.05287076076068419,0.07698794113028128,0.000997964423644777,0.000997964423644777,False,100M<=p<500M,0.50-0.55,0.50-1.00
1350,187494557,187494556,1,18.049260373620047,0.0497397014336121,0.0497397014336121,0.0521716934346017,-0.4998949803243146,-0.5012625473056842,-0.0013675669813696205,0.051604396443009876,-0.051604396443009876,-0.05217169343460174,0.05217169343460174,0.07698793966451449,0.0009979644046446184,0.0009979644046446184,False,100M<=p<500M,0.50-0.55,0.25-0.50
567,187494809,187494808,1,18.04926171765816,0.0497396981186181,0.0497396981186181,0.0533769146537428,-0.504388116113077,-0.5057556822735717,-0.001367566160494779,0.05160439286488152,-0.05160439286488152,-0.053376914653742814,0.053376914653742814,0.07698792880060562,0.0009979642638200375,0.0009979642638200375,False,100M<=p<500M,0.50-0.55,>=1.00
1423,187500433,187500432,1,18.049291712705408,0.0497396241376452,0.0497396241376452,0.0534779811979873,-0.49921804266204506,-0.5005855905031139,-0.0013675478410688348,0.051604313011612134,-0.051604313011612134,-0.05347798119798732,0.05347798119798732,0.07698768635014831,0.0009979611210300455,0.0009979611210300455,False,100M<=p<500M,0.50-0.55,>=1.00
326,187501387,187501386,1,18.04929680068071,0.0497396115884831,0.0497396115884831,0.0525393820764277,-0.5231010689122567,-0.5244686136458769,-0.0013675447336202419,0.05160429946635132,-0.05160429946635132,-0.05253938207642777,0.05253938207642777,0.07698764522407436,0.0009979605879289117,0.0009979605879289117,False,100M<=p<500M,0.50-0.55,0.50-1.00
596,187503917,187503916,1,18.0493102938232,0.0497395783085502,0.0497395783085502,0.0530090126830941,-0.5053019505110652,-0.5066694870038682,-0.0013675364928028959,0.05160426354480126,-0.05160426354480126,-0.05300901268309413,0.05300901268309413,0.07698753615924386,0.000997959174164378,0.000997959174164378,False,100M<=p<500M,0.50-0.55,>=1.00
641,187504433,187504432,1,18.049313045761924,0.0497395715210829,0.0497395715210829,0.0527700079995033,-0.5095905827662127,-0.5109581175782993,-0.0013675348120866467,0.05160425621857296,-0.05160425621857296,-0.05277000799950338,0.05277000799950338,0.07698751391540064,0.0009979588858261804,0.0009979588858261804,False,100M<=p<500M,0.50-0.55,0.50-1.00
725,187504777,187504776,1,18.04931488038353,0.0497395669961162,0.0497395669961162,0.0530638386214726,-0.5031059149940216,-0.5044734486856345,-0.0013675336916128896,0.05160425133443467,-0.05160425133443467,-0.05306383862147266,0.05306383862147266,0.07698749908621118,0.0009979586936012255,0.0009979586936012255,False,100M<=p<500M,0.50-0.55,>=1.00
437,187505317,187505316,1,18.04931776030601,0.049739559892989,0.049739559892989,0.0530690201586509,-0.509598457355242,-0.5109659892879777,-0.0013675319327356654,0.05160424366749441,-0.05160424366749441,-0.05306902015865092,0.05306902015865092,0.07698747580789587,0.0009979583918535728,0.0009979583918535728,False,100M<=p<500M,0.50-0.55,>=1.00
1233,187505431,187505430,1,18.049318368288585,0.0497395583934429,0.0497395583934429,0.0533554619999509,-0.4997073521245617,-0.5010748836859797,-0.0013675315614180682,0.05160424204892107,-0.05160424204892107,-0.05335546199995095,0.05335546199995095,0.07698747089359478,0.0009979583281514192,0.0009979583281514192,False,100M<=p<500M,0.50-0.55,>=1.00
1421,187505491,187505490,1,18.049318688279264,0.0497395576042084,0.0497395576042084,0.0526943886600028,-0.4996427124683569,-0.5010102438343448,-0.0013675313659879166,0.05160424119704201,-0.05160424119704201,-0.05269438866000282,0.05269438866000282,0.07698746830712193,0.000997958294623988,0.000997958294623988,False,100M<=p<500M,0.50-0.55,0.50-1.00
471,187509061,187509060,1,18.049337727540443,0.0497395106452593,0.0497395106452593,0.0522625737058333,-0.5202252966941795,-0.5215928164322333,-0.0013675197380538383,0.05160419051069768,-0.05160419051069768,-0.05226257370583331,0.05226257370583331,0.07698731441371051,0.0009979562997641778,0.0009979562997641778,False,100M<=p<500M,0.50-0.55,0.25-0.50
1018,187509191,187509190,1,18.04933842084003,0.0497395089352881,0.0497395089352881,0.0528718226933726,-0.5015217823590378,-0.5028893016736714,-0.0013675193146336893,0.051604188664996754,-0.051604188664996754,-0.05287182269337267,0.05287182269337267,0.07698730880981276,0.0009979562271230538,0.0009979562271230538,False,100M<=p<500M,0.50-0.55,0.50-1.00
1283,187509379,187509378,1,18.04933942345705,0.049739506462409,0.049739506462409,0.0529500676287697,-0.499828141817031,-0.5011956605193347,-0.0013675187023037517,0.051604185995831414,-0.051604185995831414,-0.05295006762876977,0.05295006762876977,0.0769873007057224,0.0009979561220729153,0.0009979561220729153,False,100M<=p<500M,0.50-0.55,0.50-1.00
848,187509781,187509780,1,18.049341567347508,0.049739501174666,0.049739501174666,0.0535126337722001,-0.5010956933508809,-0.5024632107438439,-0.0013675173929629588,0.05160418028837243,-0.05160418028837243,-0.05351263377220017,0.05351263377220017,0.07698728337679482,0.0009979558974448377,0.0009979558974448377,False,100M<=p<500M,0.50-0.55,>=1.00
1109,187509859,187509858,1,18.04934198332572,0.0497395001486874,0.0497395001486874,0.0532746905385066,-0.500157018856964,-0.5015245359958761,-0.0013675171389121634,0.05160417918095412,-0.05160417918095412,-0.05327469053850664,0.05327469053850664,0.07698728001447058,0.0009979558538603499,0.0009979558538603499,False,100M<=p<500M,0.50-0.55,>=1.00
912,187510061,187510060,1,18.04934306060183,0.0497394974916682,0.0497394974916682,0.0524473870154861,-0.5041918544212626,-0.5055593709022491,-0.0013675164809866297,0.051604176313033705,-0.051604176313033705,-0.05244738701548611,0.05244738701548611,0.07698727130692042,0.0009979557409877994,0.0009979557409877994,False,100M<=p<500M,0.50-0.55,0.50-1.00
535,187510417,187510416,1,18.04934495916482,0.0497394928090084,0.0497394928090084,0.0531373503880506,-0.5067400768049911,-0.5081075921264679,-0.0013675153214768028,0.0516041712586878,-0.0516041712586878,-0.05313735038805069,0.05313735038805069,0.07698725596096737,0.000997955542064241,0.000997955542064241,False,100M<=p<500M,0.50-0.55,>=1.00
429,108831299,108831195,4,33.01061719521155,0.0481982135332708,0.0481982135332708,0.055060010476967,-0.5159476901229966,-0.5194196444914939,-0.00347195436849741,0.05288447680571118,-0.05288447680571118,-0.05506001047696702,0.05506001047696702,0.13202848814772422,3.065204713755649e-05,0.0026514020773980903,False,100M<=p<500M,0.50-0.55,0.50-1.00
620,109709357,109709025,4,33.02668443806669,0.0481798210102182,0.0481798210102182,0.0536476402628444,-0.5087767165968566,-0.5122362831529182,-0.0034595665560615734,0.05286201703318754,-0.05286201703318754,-0.05364764026284441,0.05364764026284441,0.13191389945151402,3.0625443953903146e-05,0.0026491009020120767,False,100M<=p<500M,0.50-0.55,0.25-0.50
460,178299217,178299027,4,33.99794528509872,0.0470936543841883,0.0470936543841883,0.0536908999369261,-0.5071181922471448,-0.5099046737820212,-0.002786481534876384,0.05153954842568069,-0.05153954842568069,-0.05369089993692615,0.05369089993692615,0.12525644306311157,2.9079833079334142e-05,0.002515405561362206,False,100M<=p<500M,0.50-0.55,0.50-1.00
424,178907011,178906839,4,34.004751585154295,0.0470862129848647,0.0470862129848647,0.0537613436683464,-0.5089487908360405,-0.5117310439990387,-0.0027822531629982153,0.05153051478063402,-0.05153051478063402,-0.053761343668346395,0.053761343668346395,0.12521158391130588,2.906941847219148e-05,0.0025145046978443655,False,100M<=p<500M,0.50-0.55,0.50-1.00
449,178913689,178913595,4,34.00482710906792,0.0470861325817367,0.0470861325817367,0.0532662829880072,-0.5145031403024519,-0.5172853471870877,-0.0027822068846358548,0.051530416917865786,-0.051530416917865786,-0.053266282988007264,0.053266282988007264,0.12521109201195355,2.906930427167047e-05,0.002514494819499298,False,100M<=p<500M,0.50-0.55,0.50-1.00
526,179146433,179146269,4,34.0074263842422,0.0470832892558092,0.0470832892558092,0.0531778236195784,-0.5055446814191065,-0.5083252746179474,-0.0027805931988409294,0.05152696555343178,-0.05152696555343178,-0.05317782361957846,0.05317782361957846,0.12519396143258532,2.9065327195710156e-05,0.0025141508024287313,False,100M<=p<500M,0.50-0.55,0.50-1.00
445,179382319,179382099,4,34.01005747345147,0.0470804118877564,0.0470804118877564,0.0531359360204135,-0.5091202531215553,-0.5118992139396675,-0.0027789608181122065,0.05152347287101485,-0.05152347287101485,-0.053135936020413596,0.053135936020413596,0.12517662586685097,2.9061302529628615e-05,0.002513802668812678,False,100M<=p<500M,0.50-0.55,0.50-1.00
323,179438351,179438217,4,34.01068305675338,0.0470797305413001,0.0470797305413001,0.0532141645529486,-0.524315319749171,-0.5270938933509022,-0.0027785736017311266,0.05152264550142228,-0.05152264550142228,-0.053214164552948647,0.053214164552948647,0.12517251188241754,2.9060347417239274e-05,0.002513720051591,False,100M<=p<500M,0.50-0.55,0.50-1.00
1049,604141169,604141168,1,19.219318452099937,0.0470115919598086,0.0470115919598086,0.0498451115752558,-0.501241366439454,-0.5020508273224362,-0.000809460882982147,0.04866671780223267,-0.04866671780223267,-0.049845111575255854,0.049845111575255854,0.06833542635748674,0.000885805275191936,0.000885805275191936,True,p>=500M,0.50-0.55,0.50-1.00
1417,604141327,604141326,1,19.219318713628184,0.0470115913833725,0.0470115913833725,0.0501598206296204,-0.49969069545942874,-0.5005001562472027,-0.0008094607877739249,0.0486667171829813,-0.0486667171829813,-0.05015982062962043,0.05015982062962043,0.06833542458970768,0.0008858052522769107,0.0008858052522769107,True,p>=500M,0.50-0.55,>=1.00
1448,604141553,604141552,1,19.21931908771277,0.0470115905588502,0.0470115905588502,0.050148948967567,-0.49961157396669575,-0.5004210346182858,-0.0008094606515900271,0.04866671629721416,-0.04866671629721416,-0.05014894896756705,0.05014894896756705,0.06833542206111325,0.0008858052194997349,0.0008858052194997349,True,p>=500M,0.50-0.55,>=1.00
1319,604141757,604141756,1,19.21931942538192,0.0470115898145915,0.0470115898145915,0.0503036784341892,-0.4997927247913023,-0.5006021853199655,-0.0008094605286630749,0.04866671549767505,-0.04866671549767505,-0.05030367843418921,0.05030367843418921,0.06833541977866614,0.00088580518991327,0.00088580518991327,True,p>=500M,0.50-0.55,>=1.00
930,604143751,604143750,1,19.219322725926347,0.0470115825398416,0.0470115825398416,0.0499265506780113,-0.5016982893877404,-0.5025077487148557,-0.0008094593271152663,0.04866670768256704,-0.04866670768256704,-0.049926550678011335,0.049926550678011335,0.0683353974689109,0.000885804900720681,0.000885804900720681,True,p>=500M,0.50-0.55,>=1.00
1411,604143797,604143796,1,19.21932280206716,0.0470115823720192,0.0470115823720192,0.0496227945278836,-0.49984852123370077,-0.5006579805330973,-0.0008094592993965139,0.04866670750227973,-0.04866670750227973,-0.049622794527883596,0.049622794527883596,0.06833539695424354,0.0008858048940492502,0.0008858048940492502,True,p>=500M,0.50-0.55,0.50-1.00
1284,604150567,604150566,1,19.2193340079458,0.0470115576730914,0.0470115576730914,0.049787894958497,-0.5000715109920151,-0.5008809662119769,-0.0008094552199617297,0.04866668096875906,-0.04866668096875906,-0.04978789495849705,0.04978789495849705,0.0683353212091223,0.0008858039121950122,0.0008858039121950122,True,p>=500M,0.50-0.55,0.50-1.00
1431,604150627,604150626,1,19.219334107258785,0.0470115574541953,0.0470115574541953,0.0501342683893616,-0.4996721326689193,-0.5004815878527269,-0.0008094551838075894,0.04866668073360427,-0.04866668073360427,-0.050134268389361615,0.050134268389361615,0.06833532053782575,0.0008858039034932589,0.0008858039034932589,True,p>=500M,0.50-0.55,>=1.00
1387,604150727,604150726,1,19.219334272780408,0.0470115570893686,0.0470115570893686,0.0494292859872481,-0.49993702558384207,-0.5007464807073926,-0.0008094551235505287,0.048666680341676705,-0.048666680341676705,-0.04942928598724816,0.04942928598724816,0.06833531941899827,0.0008858038889903382,0.0008858038889903382,True,p>=500M,0.50-0.55,0.50-1.00
1277,604150787,604150786,1,19.219334372093368,0.0470115568704726,0.0470115568704726,0.0496766761936376,-0.5001098960809243,-0.5009193511683205,-0.0008094550873963294,0.04866668010652204,-0.04866668010652204,-0.04967667619363762,0.04967667619363762,0.06833531874770195,0.0008858038802885876,0.0008858038802885876,True,p>=500M,0.50-0.55,0.50-1.00
1267,604150829,604150828,1,19.219334441612435,0.0470115567172454,0.0470115567172454,0.049805640280033,-0.5001091241650878,-0.5009185792271763,-0.0008094550620884967,0.04866667994191556,-0.04866667994191556,-0.04980564028003307,0.04980564028003307,0.0683353182777945,0.0008858038741973622,0.0008858038741973622,True,p>=500M,0.50-0.55,0.50-1.00
1375,604150991,604150990,1,19.21933470975736,0.0470115561262263,0.0470115561262263,0.0504467663969889,-0.4995938446203231,-0.5004032995847952,-0.0008094549644720784,0.048666679306995586,-0.048666679306995586,-0.05044676639698894,0.05044676639698894,0.06833531646529487,0.0008858038507026417,0.0008858038507026417,True,p>=500M,0.50-0.55,>=1.00
1304,604157051,604157050,1,19.21934474031213,0.0470115340178585,0.0470115340178585,0.0505596791837698,-0.4995831220988636,-0.5003925734117891,-0.0008094513129255279,0.048666655556454365,-0.048666655556454365,-0.05055967918376989,0.05055967918376989,0.06833524866478265,0.0008858029718312483,0.0008858029718312483,True,p>=500M,0.50-0.55,>=1.00
1269,604160737,604160736,1,19.219350841356142,0.0470115205705442,0.0470115205705442,0.0497996713554166,-0.5000981220144733,-0.5009075711063684,-0.0008094490918950089,0.04866664111029627,-0.04866664111029627,-0.04979967135541664,0.04979967135541664,0.06833520742544716,0.0008858024372619499,0.0008858024372619499,True,p>=500M,0.50-0.55,0.50-1.00
955,604170577,604170576,1,19.21936712827992,0.0470114846725645,0.0470114846725645,0.0492397505590195,-0.5042783276924572,-0.5050877708552732,-0.0008094431628161377,0.04866660254588615,-0.04866660254588615,-0.04923975055901951,0.04923975055901951,0.06833509733596127,0.0008858010102152109,0.0008858010102152109,True,p>=500M,0.50-0.55,0.25-0.50
1210,604170643,604170642,1,19.21936723752058,0.0470114844317875,0.0470114844317875,0.0502961014855357,-0.5000665278587902,-0.5008759709818387,-0.0008094431230484924,0.048666602287226086,-0.048666602287226086,-0.05029610148553576,0.05029610148553576,0.06833509659756314,0.0008858010006436461,0.0008858010006436461,True,p>=500M,0.50-0.55,>=1.00
629,604176893,604176892,1,19.21937758222657,0.0470114616310681,0.0470114616310681,0.0500161652626329,-0.505334614915579,-0.5061440542727711,-0.0008094393571920822,0.048666577792911954,-0.048666577792911954,-0.050016165262633,0.050016165262633,0.0683350266739169,0.0008858000942509008,0.0008858000942509008,True,p>=500M,0.50-0.55,>=1.00
1363,604193621,604193620,1,19.219405269098782,0.0470114006066674,0.0470114006066674,0.0499190291734341,-0.49988054675784577,-0.5006899760360758,-0.000809429278229952,0.048666512235741276,-0.048666512235741276,-0.049919029173434167,0.049919029173434167,0.068334839528763,0.0008857976683618211,0.0008857976683618211,True,p>=500M,0.50-0.55,>=1.00
1357,604203811,604203810,1,19.219422134411023,0.0470113634340528,0.0470113634340528,0.0502871937555969,-0.49972954467154945,-0.5005389678102936,-0.0008094231387441598,0.04866647230202521,-0.04866647230202521,-0.05028719375559698,0.05028719375559698,0.06833472553065591,0.0008857961906491616,0.0008857961906491616,True,p>=500M,0.50-0.55,>=1.00
772,604205269,604205268,1,19.21942454750113,0.0470113581153972,0.0470113581153972,0.050031926940773,-0.5029847317414796,-0.5037941540017893,-0.0008094222603097297,0.04866646658830535,-0.04866646658830535,-0.050031926940773026,0.050031926940773026,0.06833470921982174,0.0008857959792182286,0.0008857959792182286,True,p>=500M,0.50-0.55,>=1.00
658,604205663,604205662,1,19.219425199597183,0.0470113566781223,0.0470113566781223,0.0500425677380953,-0.5053974082882674,-0.5062068303111957,-0.0008094220229282417,0.04866646504427899,-0.04866646504427899,-0.05004256773809532,0.05004256773809532,0.06833470481210062,0.0008857959220826721,0.0008857959220826721,True,p>=500M,0.50-0.55,>=1.00
1153,604205809,604205808,1,19.219425441236734,0.0470113561455283,0.0470113561455283,0.0500916480596878,-0.5003193375045873,-0.5011287594395518,-0.0008094219349645063,0.04866646447212171,-0.04866646447212171,-0.05009164805968782,0.05009164805968782,0.06833470317878348,0.000885795900910624,0.000885795900910624,True,p>=500M,0.50-0.55,>=1.00
1445,604207243,604207242,1,19.219427814597392,0.0470113509144414,0.0470113509144414,0.0494597084037629,-0.49980226921428733,-0.5006116902852816,-0.0008094210709942604,0.048666458852481734,-0.048666458852481734,-0.04945970840376296,0.04945970840376296,0.06833468713650098,0.0008857956929608207,0.0008857956929608207,True,p>=500M,0.50-0.55,0.50-1.00
1364,604322441,604322440,1,19.21961845617099,0.0470109307281363,0.0470109307281363,0.0507092541027113,-0.49918210990356676,-0.4999914615786105,-0.0008093516750437562,0.04866600745580386,-0.04866600745580386,-0.05070925410271131,0.05070925410271131,0.06833339854929045,0.0008857789895112414,0.0008857789895112414,True,p>=500M,0.50-0.55,>=1.00
1356,604325297,604325296,1,19.21962318211373,0.0470109203119493,0.0470109203119493,0.0493727444809386,-0.49999549048871417,-0.5008048404435296,-0.0008093499548153388,0.04866599626593533,-0.04866599626593533,-0.04937274448093864,0.04937274448093864,0.06833336660609468,0.0008857785754441488,0.0008857785754441488,True,p>=500M,0.50-0.55,0.50-1.00
1231,604325339,604325338,1,19.21962325161272,0.0470109201587705,0.0470109201587705,0.0497866222158572,-0.50019431899762,-0.501003668927138,-0.0008093499295179139,0.04866599610137676,-0.04866599610137676,-0.04978662221585724,0.04978662221585724,0.0683333661363431,0.0008857785693549438,0.0008857785693549438,True,p>=500M,0.50-0.55,0.50-1.00
1164,604356979,604356978,1,19.21967560614713,0.0470108047673675,0.0470108047673675,0.0497916518374952,-0.5003810119689935,-0.501190342841866,-0.0008093308728724188,0.04866587213905448,-0.04866587213905448,-0.04979165183749521,0.04979165183749521,0.06833301226746734,0.0008857739822917821,0.0008857739822917821,True,p>=500M,0.50-0.55,0.50-1.00
1058,604357393,604357392,1,19.219676291172497,0.0470108032575491,0.0470108032575491,0.0502046417587178,-0.5005739377068993,-0.5013832683304307,-0.000809330623531373,0.048665870517088504,-0.048665870517088504,-0.05020464175871786,0.05020464175871786,0.06833300763733924,0.0008857739222732513,0.0008857739222732513,True,p>=500M,0.50-0.55,>=1.00
1114,604357543,604357542,1,19.219676539369978,0.0470108027105137,0.0470108027105137,0.0502820747847901,-0.5003523499430232,-0.5011616804762139,-0.000809330533190641,0.04866586992942547,-0.04866586992942547,-0.05028207478479015,0.05028207478479015,0.06833300595975748,0.0008857739005274182,0.0008857739005274182,True,p>=500M,0.50-0.55,>=1.00
1062,604361011,604361010,1,19.219682277678515,0.0470107900630969,0.0470107900630969,0.0497861772683231,-0.5012302844757517,-0.5020396129202702,-0.0008093284445184981,0.0486658563426011,-0.0486658563426011,-0.049786177268323115,0.049786177268323115,0.06833296717420087,0.0008857733977654911,0.0008857733977654911,True,p>=500M,0.50-0.55,0.50-1.00
1075,604361111,604361110,1,19.21968244314252,0.047010789698409,0.047010789698409,0.0501998774771426,-0.5005481065079247,-0.5013574348922165,-0.0008093283842917771,0.0486658559508218,-0.0486658559508218,-0.05019987747714265,0.05019987747714265,0.06833296605582068,0.0008857733832683682,0.0008857733832683682,True,p>=500M,0.50-0.55,>=1.00
1009,604365197,604365196,1,19.21968920397824,0.0470107747973183,0.0470107747973183,0.0494720464864998,-0.5026855609241371,-0.5034948868475766,-0.0008093259234395974,0.04866583994292254,-0.04866583994292254,-0.04947204648649986,0.04947204648649986,0.06833292035898766,0.0008857727909182812,0.0008857727909182812,True,p>=500M,0.50-0.55,0.50-1.00
1286,604365233,604365232,1,19.21968926354487,0.0470107746660317,0.0470107746660317,0.0496823151673968,-0.5000904462125345,-0.5008997721142926,-0.0008093259017581061,0.04866583980188389,-0.04866583980188389,-0.04968231516739685,0.04968231516739685,0.06833291995637396,0.0008857727856993581,0.0008857727856993581,True,p>=500M,0.50-0.55,0.50-1.00
1352,604365313,604365312,1,19.21968939591515,0.0470107743742836,0.0470107743742836,0.050155433312829,-0.49981741467577373,-0.500626740529351,-0.0008093258535772518,0.04866583948846868,-0.04866583948846868,-0.05015543331282907,0.05015543331282907,0.06833291906167696,0.0008857727741017526,0.0008857727741017526,True,p>=500M,0.50-0.55,>=1.00
1223,604432651,604432650,1,19.21980080907446,0.0470105288176012,0.0470105288176012,0.0500016508242014,-0.5001597003680258,-0.5009689856697981,-0.0008092853017722476,0.04866557569268194,-0.04866557569268194,-0.0500016508242014,0.0500016508242014,0.06833216602108129,0.0008857630127324653,0.0008857630127324653,True,p>=500M,0.50-0.55,>=1.00
1419,604432681,604432680,1,19.21980085870778,0.047010528708209,0.047010528708209,0.0489909092562281,-0.4999164799354512,-0.5007257652191585,-0.0008092852837072285,0.04866557557516357,-0.04866557557516357,-0.04899090925622816,0.04899090925622816,0.06833216568561286,0.0008857630083839198,0.0008857630083839198,True,p>=500M,0.50-0.55,0.25-0.50
1134,604432771,604432770,1,19.219801007607728,0.0470105283800325,0.0470105283800325,0.0500841735521508,-0.5003739197042624,-0.5011832049337749,-0.0008092852295124758,0.048665575222613,-0.048665575222613,-0.05008417355215082,0.05008417355215082,0.06833216467920773,0.0008857629953382856,0.0008857629953382856,True,p>=500M,0.50-0.55,>=1.00
903,604435093,604435092,1,19.21980484921865,0.047010519913096,0.047010519913096,0.0491846653022056,-0.5063585489168922,-0.5071678327481834,-0.0008092838312911431,0.04866556612678398,-0.04866556612678398,-0.049184665302205666,0.049184665302205666,0.06833213871401492,0.0008857626587616958,0.0008857626587616958,True,p>=500M,0.50-0.55,0.25-0.50
695,604435457,604435456,1,19.219805451433675,0.0470105185858104,0.0470105185858104,0.0493137121900815,-0.509517426959633,-0.5103267105717377,-0.0008092836121047532,0.048665564700911504,-0.048665564700911504,-0.04931371219008152,0.04931371219008152,0.06833213464368501,0.000885762605999609,0.000885762605999609,True,p>=500M,0.50-0.55,0.50-1.00
1329,604435823,604435822,1,19.219806056957204,0.0470105172512328,0.0470105172512328,0.049709562660962,-0.4999817825587842,-0.5007910659504985,-0.0008092833917142439,0.0486655632672105,-0.0486655632672105,-0.04970956266096201,0.04970956266096201,0.06833213055099346,0.000885762552947657,0.000885762552947657,True,p>=500M,0.50-0.55,0.50-1.00
721,604672807,604672806,1,19.22019805482597,0.0470096533013674,0.0470096533013674,0.0495872400319328,-0.5070839169944356,-0.5078930577243017,-0.0008091407298661733,0.04866463514702568,-0.04866463514702568,-0.049587240031932794,0.049587240031932794,0.06832948114174153,0.0008857282096967753,0.0008857282096967753,True,p>=500M,0.50-0.55,0.50-1.00
1408,604672951,604672950,1,19.220198292971265,0.047009652776513,0.047009652776513,0.0499414648158332,-0.4997825894537402,-0.5005917300969446,-0.0008091406432043438,0.04866463458318889,-0.04866463458318889,-0.04994146481583325,0.04994146481583325,0.06832947953222772,0.0008857281888332802,0.0008857281888332802,True,p>=500M,0.50-0.55,>=1.00
1389,604673087,604673086,1,19.22019851788621,0.0470096522808173,0.0470096522808173,0.0502840921991392,-0.49969383644424586,-0.5005029770056029,-0.0008091405613569787,0.04866463405067863,-0.04866463405067863,-0.0502840921991392,0.0502840921991392,0.06832947801213175,0.0008857281691288737,0.0008857281691288737,True,p>=500M,0.50-0.55,>=1.00
1240,604674857,604674856,1,19.22020144508348,0.0470096458294942,0.0470096458294942,0.0497429223679394,-0.5001831796678473,-0.5009923191639876,-0.0008091394961401813,0.0486646271201823,-0.0486646271201823,-0.04974292236793945,0.04974292236793945,0.06832945822856556,0.0008857279126822803,0.0008857279126822803,True,p>=500M,0.50-0.55,0.50-1.00
1404,604675733,604675732,1,19.22020289379489,0.0470096426366436,0.0470096426366436,0.0496569007754921,-0.499868409515103,-0.5006775484840529,-0.0008091389689499773,0.04866462369018588,-0.04866462369018588,-0.04965690077549218,0.04965690077549218,0.06832944843740145,0.000885727785763268,0.000885727785763268,True,p>=500M,0.50-0.55,0.50-1.00
1160,604676123,604676122,1,19.22020353876848,0.0470096412151707,0.0470096412151707,0.0495283809568822,-0.501569579646685,-0.5023787183809274,-0.0008091387342423176,0.04866462216313359,-0.04866462216313359,-0.049528380956882216,0.049528380956882216,0.06832944407832679,0.0008857277292582963,0.0008857277292582963,True,p>=500M,0.50-0.55,0.50-1.00
1384,604676183,604676182,1,19.220203637995144,0.0470096409964826,0.0470096409964826,0.0498626558030613,-0.49985583748546186,-0.5006649761835953,-0.0008091386981334336,0.04866462192820058,-0.04866462192820058,-0.04986265580306132,0.04986265580306132,0.06832944340770018,0.0008857277205652273,0.0008857277205652273,True,p>=500M,0.50-0.55,0.50-1.00
1127,604676357,604676356,1,19.220203925752426,0.0470096403622874,0.0470096403622874,0.049416511214896,-0.5017287986668364,-0.5025379372602542,-0.0008091385934178495,0.048664621246904106,-0.048664621246904106,-0.049416511214896014,0.049416511214896014,0.06832944146288353,0.0008857276953553333,0.0008857276953553333,True,p>=500M,0.50-0.55,0.50-1.00
733,604676711,604676710,1,19.2202045111894,0.0470096390720288,0.0470096390720288,0.0502399087413142,-0.5030725914769737,-0.5038817298573495,-0.000809138380375717,0.048664619860810235,-0.048664619860810235,-0.050239908741314274,0.050239908741314274,0.06832943750618956,0.0008857276440662642,0.0008857276440662642,True,p>=500M,0.50-0.55,>=1.00
1446,604678229,604678228,1,19.220207021618634,0.0470096335392342,0.0470096335392342,0.0499229061268175,-0.4997065333453795,-0.5005156708122042,-0.0008091374668246402,0.04866461391706879,-0.04866461391706879,-0.049922906126817504,0.049922906126817504,0.06832942053937939,0.0008857274241321723,0.0008857274241321723,True,p>=500M,0.50-0.55,>=1.00
872,604685567,604685566,1,19.22021915692486,0.0470096067939629,0.0470096067939629,0.0499192156985863,-0.5024765923803918,-0.5032857254311643,-0.0008091330507726708,0.048664585185301285,-0.048664585185301285,-0.04991921569858638,0.04991921569858638,0.06832933852264286,0.0008857263609814503,0.0008857263609814503,True,p>=500M,0.50-0.55,>=1.00
1444,604685981,604685980,1,19.22021984157797,0.0470096052850415,0.0470096052850415,0.0494059779892558,-0.4998153659238807,-0.5006244987255082,-0.0008091328016275391,0.04866458356430526,-0.04866458356430526,-0.04940597798925589,0.04940597798925589,0.06832933389540397,0.0008857263010003711,0.0008857263010003711,True,p>=500M,0.50-0.55,0.50-1.00
1420,604686097,604686096,1,19.220220033413064,0.0470096048622522,0.0470096048622522,0.0500409639404426,-0.49973495026887416,-0.5005440830006928,-0.0008091327318185593,0.04866458311011138,-0.04866458311011138,-0.05004096394044267,0.05004096394044267,0.06832933259888359,0.0008857262841940869,0.0008857262841940869,True,p>=500M,0.50-0.55,>=1.00
532,604687003,604687002,1,19.220221531709992,0.0470096015601246,0.0470096015601246,0.0495970487553804,-0.5110475357692413,-0.5118566679558297,-0.0008091321865884058,0.048664579562722035,-0.048664579562722035,-0.049597048755380437,0.049597048755380437,0.06832932247262209,0.0008857261529313388,0.0008857261529313388,True,p>=500M,0.50-0.55,0.50-1.00
1377,604687079,604687078,1,19.22022165739484,0.0470096012831252,0.0470096012831252,0.0502780299133259,-0.49971049580680754,-0.5005196279476594,-0.0008091321408517921,0.048664579265148694,-0.048664579265148694,-0.05027802991332598,0.05027802991332598,0.06832932162317933,0.0008857261419203461,0.0008857261419203461,True,p>=500M,0.50-0.55,>=1.00
1237,604691159,604691158,1,19.2202284046636,0.0470095864126861,0.0470095864126861,0.0499289457582351,-0.5001498779883398,-0.5009590076738656,-0.0008091296855258258,0.04866456329021272,-0.04866456329021272,-0.049928945758235206,0.049928945758235206,0.0683292760216944,0.0008857255508062191,0.0008857255508062191,True,p>=500M,0.50-0.55,>=1.00
808,604691687,604691686,1,19.22022927783623,0.0470095844882844,0.0470095844882844,0.0491088496551064,-0.5106909635171161,-0.5115000928848957,-0.0008091293677796877,0.04866456122287806,-0.04866456122287806,-0.04910884965510644,0.04910884965510644,0.06832927012035162,0.0008857254743094319,0.0008857254743094319,True,p>=500M,0.50-0.55,0.25-0.50
1014,604691863,604691862,1,19.220229568893604,0.0470095838468176,0.0470095838468176,0.0502046222580501,-0.5007299263720373,-0.5015390556339014,-0.0008091292618641578,0.04866456053376439,-0.04866456053376439,-0.05020462225805015,0.05020462225805015,0.06832926815323866,0.0008857254488105195,0.0008857254488105195,True,p>=500M,0.50-0.55,>=1.00
987,604692163,604692162,1,19.220230065013933,0.0470095827534086,0.0470095827534086,0.0497842615972893,-0.5015042908232549,-0.5023134199045818,-0.0008091290813269575,0.048664559359147264,-0.048664559359147264,-0.049784261597289346,0.049784261597289346,0.06832926480020671,0.0008857254053464843,0.0008857254053464843,True,p>=500M,0.50-0.55,0.50-1.00
1193,604692299,604692298,1,19.220230289921734,0.0470095822577301,0.0470095822577301,0.0501551319285789,-0.5001797907252271,-0.5009889197247104,-0.0008091289994832684,0.04866455882665078,-0.04866455882665078,-0.0501551319285789,0.0501551319285789,0.06832926328016621,0.0008857253856427966,0.0008857253856427966,True,p>=500M,0.50-0.55,>=1.00
1149,604692527,604692526,1,19.22023066697293,0.04700958142674,0.04700958142674,0.0502751394000731,-0.5002410793546223,-0.5010502082168972,-0.0008091288622748801,0.048664557933938805,-0.048664557933938805,-0.05027513940007319,0.05027513940007319,0.06832926073186388,0.0008857253526101551,0.0008857253526101551,True,p>=500M,0.50-0.55,>=1.00
1318,604692973,604692972,1,19.22023140453759,0.0470095798012075,0.0470095798012075,0.0494478777454631,-0.5000510047110417,-0.5008601333049181,-0.000809128593876355,0.0486645561876686,-0.0486645561876686,-0.04944787774546318,0.04944787774546318,0.06832925574703005,0.0008857252879937133,0.0008857252879937133,True,p>=500M,0.50-0.55,0.50-1.00
1307,604693021,604693020,1,19.22023148391672,0.0470095796262624,0.0470095796262624,0.0498401401261492,-0.500003573898906,-0.5008127024638964,-0.0008091285649904258,0.048664555999728895,-0.048664555999728895,-0.04984014012614925,0.04984014012614925,0.06832925521054593,0.0008857252810394804,0.0008857252810394804,True,p>=500M,0.50-0.55,0.50-1.00
1229,604693459,604693458,1,19.22023220825092,0.0470095780298889,0.0470095780298889,0.0497381509976261,-0.5002057058863565,-0.5010148341877632,-0.0008091283014067178,0.048664554284790204,-0.048664554284790204,-0.04973815099762617,0.04973815099762617,0.06832925031513074,0.0008857252175821373,0.0008857252175821373,True,p>=500M,0.50-0.55,0.50-1.00
1338,604693499,604693498,1,19.22023227440014,0.0470095778841015,0.0470095778841015,0.0494467000853943,-0.5000103706173611,-0.5008194988946961,-0.0008091282773350043,0.04866455412817034,-0.04866455412817034,-0.04944670008539439,0.04944670008539439,0.06832924986806105,0.0008857252117869485,0.0008857252117869485,True,p>=500M,0.50-0.55,0.50-1.00
810,604693769,604693768,1,19.22023272090724,0.0470095769000363,0.0470095769000363,0.0503376269382549,-0.5020251870807603,-0.5028343151956123,-0.0008091281148520391,0.048664553071014756,-0.048664553071014756,-0.050337626938254956,0.050337626938254956,0.0683292468503416,0.0008857251726694374,0.0008857251726694374,True,p>=500M,0.50-0.55,>=1.00
937,604698079,604698078,1,19.22023984845652,0.047009561191506,0.047009561191506,0.0500423855703042,-0.5016059787779867,-0.502415104299142,-0.000809125521155289,0.04866453619574192,-0.04866453619574192,-0.050042385570304236,0.050042385570304236,0.06832919867880732,0.0008857245482407707,0.0008857245482407707,True,p>=500M,0.50-0.55,>=1.00
857,604712203,604712202,1,19.220263205294494,0.0470095097150363,0.0470095097150363,0.0492150762316946,-0.5065995676910107,-0.5074086847127307,-0.0008091170217200939,0.04866448089588606,-0.04866448089588606,-0.0492150762316946,0.0492150762316946,0.06832904082199956,0.0008857225020050113,0.0008857225020050113,True,p>=500M,0.50-0.55,0.25-0.50
906,604712503,604712502,1,19.22026370139813,0.0470095086216676,0.0470095086216676,0.0496511704472867,-0.5024621872809796,-0.503271304122171,-0.000809116841191454,0.04866447972130419,-0.04866447972130419,-0.04965117044728676,0.04965117044728676,0.06832903746909715,0.000885722458542655,0.000885722458542655,True,p>=500M,0.50-0.55,0.50-1.00
1131,604713503,604713502,1,19.22026535507516,0.0470095049771095,0.0470095049771095,0.0496773189685459,-0.5010503456197364,-0.5018594618591666,-0.0008091162394301797,0.04866447580605059,-0.04866447580605059,-0.04967731896854591,0.04967731896854591,0.06832902629276956,0.0008857223136683129,0.0008857223136683129,True,p>=500M,0.50-0.55,0.50-1.00
1381,604713541,604713540,1,19.220265417914835,0.0470095048386164,0.0470095048386164,0.0495332491346926,-0.49992647032844084,-0.5007355865450042,-0.000809116216563394,0.048664475657273366,-0.048664475657273366,-0.04953324913469264,0.04953324913469264,0.06832902586806952,0.0008857223081630932,0.0008857223081630932,True,p>=500M,0.50-0.55,0.50-1.00
950,604715537,604715536,1,19.22026871864579,0.0470094975640988,0.0470094975640988,0.050292038029149,-0.5010106435822903,-0.5018197585977425,-0.0008091150154522284,0.048664467842440495,-0.048664467842440495,-0.050292038029149035,0.050292038029149035,0.06832900356018473,0.00088572201899475,0.00088572201899475,True,p>=500M,0.50-0.55,>=1.00
774,604715861,604715860,1,19.22026925443476,0.0470094963832677,0.0470094963832677,0.050523556039102,-0.5017723062252915,-0.5025814210457745,-0.0008091148204830587,0.04866446657390345,-0.04866446657390345,-0.05052355603910204,0.05052355603910204,0.06832899993907311,0.0008857219720557032,0.0008857219720557032,True,p>=500M,0.50-0.55,>=1.00
1339,604724507,604724506,1,19.220283551956538,0.047009464872828,0.047009464872828,0.0494887973511942,-0.5005747160723402,-0.5013838256900847,-0.0008091096177445333,0.048664432723046325,-0.048664432723046325,-0.04948879735119421,0.04948879735119421,0.06832890330986248,0.0008857207194892223,0.0008857207194892223,True,p>=500M,0.50-0.55,0.50-1.00
826,604810681,604810680,1,19.22042604305725,0.0470091508376821,0.0470091508376821,0.0501523170498039,-0.5021185592406818,-0.5029276170090135,-0.0008090577683316109,0.048664095363236896,-0.048664095363236896,-0.05015231704980398,0.05015231704980398,0.06832794030084206,0.0008857082363817652,0.0008857082363817652,True,p>=500M,0.50-0.55,>=1.00
1214,604810753,604810752,1,19.22042616210276,0.0470091505753203,0.0470091505753203,0.0492954387906353,-0.5009305690807878,-0.5017396268058029,-0.0008090577250149874,0.048664095081384195,-0.048664095081384195,-0.04929543879063539,0.04929543879063539,0.06832793949629577,0.0008857082259527479,0.0008857082259527479,True,p>=500M,0.50-0.55,0.50-1.00
1181,604810847,604810846,1,19.220426317523263,0.0470091502327924,0.0470091502327924,0.0504180546017721,-0.5000661437070193,-0.5008752013754819,-0.0008090576684626156,0.048664094713418475,-0.048664094713418475,-0.05041805460177218,0.05041805460177218,0.06832793844591606,0.0008857082123370885,0.0008857082123370885,True,p>=500M,0.50-0.55,>=1.00
961,604811017,604811016,1,19.22042659860284,0.0470091496133272,0.0470091496133272,0.0501190700615863,-0.5014555544842918,-0.5022646120504788,-0.000809057566187042,0.048664094047938256,-0.048664094047938256,-0.05011907006158637,0.05011907006158637,0.06832793654629364,0.0008857081877130297,0.0008857081877130297,True,p>=500M,0.50-0.55,>=1.00
1327,604811069,604811068,1,19.220426684580108,0.0470091494238438,0.0470091494238438,0.0499183874873,-0.499944058857316,-0.5007531163922189,-0.0008090575349028195,0.04866409384438339,-0.04866409384438339,-0.04991838748730003,0.04991838748730003,0.06832793596523279,0.0008857081801809662,0.0008857081801809662,True,p>=500M,0.50-0.55,>=1.00
1398,604811167,604811166,1,19.220426846614167,0.0470091490667404,0.0470091490667404,0.0502199766170714,-0.49970214144562114,-0.5005111989215651,-0.0008090574759440217,0.048664093460755904,-0.048664093460755904,-0.05021997661707143,0.05021997661707143,0.06832793487015672,0.0008857081659859255,0.0008857081659859255,True,p>=500M,0.50-0.55,>=1.00
916,604811353,604811352,1,19.220427154148123,0.0470091483889731,0.0470091483889731,0.0502642768158267,-0.5014875438949531,-0.5022966012589959,-0.0008090573640427957,0.048664092732650065,-0.048664092732650065,-0.05026427681582674,0.05026427681582674,0.06832793279174762,0.0008857081390443252,0.0008857081390443252,True,p>=500M,0.50-0.55,>=1.00
1232,604813789,604813788,1,19.220431181842184,0.0470091395124279,0.0470091395124279,0.0497481806740492,-0.5001962247621268,-0.5010052806606277,-0.0008090558985008307,0.04866408319680939,-0.04866408319680939,-0.049748180674049264,0.049748180674049264,0.06832790557136055,0.0008857077861971455,0.0008857077861971455,True,p>=500M,0.50-0.55,0.50-1.00
1383,604813831,604813830,1,19.22043125128504,0.0470091393593843,0.0470091393593843,0.0494505928271106,-0.4999395375227068,-0.5007485933959398,-0.0008090558732329706,0.048664083032400454,-0.048664083032400454,-0.04945059282711065,0.04945059282711065,0.06832790510204464,0.0008857077801135878,0.0008857077801135878,True,p>=500M,0.50-0.55,0.50-1.00
1146,604814009,604814008,1,19.22043154559044,0.0470091387107713,0.0470091387107713,0.0494756295158382,-0.501071531745693,-0.5018805875118382,-0.0008090557661452728,0.04866408233560764,-0.04866408233560764,-0.04947562951583825,0.04947562951583825,0.0683279031130395,0.0008857077543308959,0.0008857077543308959,True,p>=500M,0.50-0.55,0.50-1.00
914,604814239,604814238,1,19.220431925872564,0.0470091378726762,0.0470091378726762,0.0493688680772857,-0.5043193808706266,-0.5051284364984001,-0.0008090556277735827,0.04866408143526718,-0.04866408143526718,-0.04936886807728572,0.04936886807728572,0.06832790054297772,0.0008857077210161949,0.0008857077210161949,True,p>=500M,0.50-0.55,0.50-1.00
1313,604814333,604814332,1,19.220432081292174,0.0470091375301505,0.0470091375301505,0.0503872665449815,-0.49972891070383546,-0.5005379662750572,-0.0008090555712217182,0.048664081067301496,-0.048664081067301496,-0.05038726654498152,0.05038726654498152,0.06832789949260493,0.0008857077074006255,0.0008857077074006255,True,p>=500M,0.50-0.55,>=1.00
1468,604814519,604814518,1,19.22043238882452,0.047009136852387,0.047009136852387,0.0500539236422512,-0.49962696949983476,-0.5004360249591558,-0.0008090554593211079,0.048664080339194886,-0.048664080339194886,-0.05005392364225126,0.05005392364225126,0.06832789741420832,0.000885707680459187,0.000885707680459187,True,p>=500M,0.50-0.55,>=1.00
895,604814921,604814920,1,19.220433053490883,0.0470091353875441,0.0470091353875441,0.0492165780619318,-0.5057612417662871,-0.5065702969837591,-0.0008090552174719019,0.04866407876555174,-0.04866407876555174,-0.04921657806193188,0.04921657806193188,0.06832789292219234,0.0008857076222309492,0.0008857076222309492,True,p>=500M,0.50-0.55,0.25-0.50
1253,604828963,604828962,1,19.22045627024118,0.0470090842207394,0.0470090842207394,0.0501964922524844,-0.5000115068693454,-0.5008205536390841,-0.0008090467697386978,0.048664023798405925,-0.048664023798405925,-0.05019649225248444,0.05019649225248444,0.06832773601666099,0.0008857055883262122,0.0008857055883262122,True,p>=500M,0.50-0.55,>=1.00
1346,604829737,604829736,1,19.22045754994098,0.0470090814004449,0.0470090814004449,0.049331855490779,-0.5006104628753506,-0.5014195091794554,-0.0008090463041047814,0.04866402076863597,-0.04866402076863597,-0.04933185549077903,0.04933185549077903,0.06832772736809432,0.0008857054762182416,0.0008857054762182416,True,p>=500M,0.50-0.55,0.50-1.00
976,604830077,604830076,1,19.220458112082497,0.047009080161557,0.047009080161557,0.0493076414475111,-0.5052896611107538,-0.5060987072103169,-0.0008090460995630269,0.04866401943772888,-0.04866401943772888,-0.04930764144751111,0.04930764144751111,0.06832772356898636,0.0008857054269718981,0.0008857054269718981,True,p>=500M,0.50-0.55,0.50-1.00
1254,604838293,604838292,1,19.22047169597078,0.0470090502244282,0.0470090502244282,0.0499339613526072,-0.5001109316999358,-0.500919972856859,-0.0008090411569232164,0.04866398727706317,-0.04866398727706317,-0.04993396135260727,0.04993396135260727,0.06832763176540575,0.0008857042369581626,0.0008857042369581626,True,p>=500M,0.50-0.55,>=1.00
1288,604848941,604848940,1,19.22048930052128,0.0470090114263377,0.0470090114263377,0.0501959749673639,-0.4999285390491659,-0.5007375738005336,-0.000809034751367734,0.048663945597300584,-0.048663945597300584,-0.05019597496736393,0.05019597496736393,0.06832751278938072,0.0008857026947187092,0.0008857026947187092,True,p>=500M,0.50-0.55,>=1.00
1276,604849313,604849312,1,19.220489915550687,0.0470090100708958,0.0470090100708958,0.050311318429549,-0.49988954626608545,-0.5006985807936708,-0.0008090345275853069,0.04866394414118523,-0.04866394414118523,-0.050311318429549036,0.050311318429549036,0.06832750863286136,0.0008857026408393824,0.0008857026408393824,True,p>=500M,0.50-0.55,>=1.00
1438,604849351,604849350,1,19.22048997837625,0.0470090099324367,0.0470090099324367,0.0494672848288116,-0.49981899389116513,-0.5006280283958909,-0.0008090345047258434,0.048663943992439104,-0.048663943992439104,-0.04946728482881161,0.04946728482881161,0.06832750820827083,0.0008857026353355821,0.0008857026353355821,True,p>=500M,0.50-0.55,0.50-1.00
1293,604863731,604863730,1,19.220513752608696,0.0470089575372915,0.0470089575372915,0.0499184438155427,-0.500014033820423,-0.5008230596747876,-0.0008090258543646492,0.04866388770572694,-0.04866388770572694,-0.04991844381554277,0.04991844381554277,0.06832734753647708,0.0008857005526102658,0.0008857005526102658,True,p>=500M,0.50-0.55,>=1.00
1403,604864229,604864228,1,19.22051457593429,0.0470089557227969,0.0470089557227969,0.0493544655854132,-0.4999177114662142,-0.5007267370210098,-0.0008090255547955684,0.04866388575646353,-0.04866388575646353,-0.049354465585413204,0.049354465585413204,0.0683273419722613,0.0008857004804835234,0.0008857004804835234,True,p>=500M,0.50-0.55,0.50-1.00
1202,604864277,604864276,1,19.220514655290945,0.047008955547906,0.047008955547906,0.0500681122179068,-0.5001995861954927,-0.5010086117214141,-0.0008090255259214755,0.048663885568583795,-0.048663885568583795,-0.05006811221790684,0.05006811221790684,0.06832734143595161,0.0008857004735315517,0.0008857004735315517,True,p>=500M,0.50-0.55,>=1.00
1034,604866091,604866090,1,19.22051765430634,0.0470089489384965,0.0470089489384965,0.0496337461663637,-0.5024531141369984,-0.5032621385717218,-0.0008090244347232536,0.04866387846827028,-0.04866387846827028,-0.04963374616636371,0.04963374616636371,0.06832732116795083,0.0008857002108054233,0.0008857002108054233,True,p>=500M,0.50-0.55,0.50-1.00
1168,604866191,604866190,1,19.22051781963217,0.0470089485741416,0.0470089485741416,0.0499181365283003,-0.5003379330819376,-0.5011469574565066,-0.0008090243745690686,0.0486638780768542,-0.0486638780768542,-0.04991813652830031,0.04991813652830031,0.068327320050643,0.0008857001963222008,0.0008857001963222008,True,p>=500M,0.50-0.55,>=1.00
870,604866473,604866472,1,19.220518285850886,0.0470089475466611,0.0470089475466611,0.0491519986144946,-0.5071819296364268,-0.5079909538413614,-0.00080902420493456,0.0486638769730617,-0.0486638769730617,-0.049151998614494596,0.049151998614494596,0.06832731689983607,0.0008857001554795289,0.0008857001554795289,True,p>=500M,0.50-0.55,0.25-0.50
1262,604871021,604871020,1,19.22052580483748,0.0470089309758779,0.0470089309758779,0.049249868910108,-0.5008109515217659,-0.5016199729909079,-0.0008090214691420231,0.048663859171507715,-0.048663859171507715,-0.04924986891010807,0.04924986891010807,0.06832726608492759,0.0008856994967858412,0.0008856994967858412,True,p>=500M,0.50-0.55,0.25-0.50
1022,604871249,604871248,1,19.22052618177728,0.0470089301451563,0.0470089301451563,0.0498206641871817,-0.5013442228316001,-0.5021532441635925,-0.0008090213319924174,0.0486638582790862,-0.0486638582790862,-0.04982066418718178,0.04982066418718178,0.06832726353748989,0.0008856994637644074,0.0008856994637644074,True,p>=500M,0.50-0.55,0.50-1.00
978,604872287,604872286,1,19.22052789784348,0.0470089263631908,0.0470089263631908,0.0506320408823422,-0.500438798814517,-0.5012478195221179,-0.0008090207076008334,0.04866385421621974,-0.04866385421621974,-0.05063204088234219,0.05063204088234219,0.06832725193995855,0.0008856993134301668,0.0008856993134301668,True,p>=500M,0.50-0.55,>=1.00
1409,604872473,604872472,1,19.22052820534636,0.0470089256854983,0.0470089256854983,0.0499151844057618,-0.49978495223813485,-0.5005939728338507,-0.0008090205957157945,0.048663853488195026,-0.048663853488195026,-0.049915184405761905,0.049915184405761905,0.06832724986179063,0.0008856992864916928,0.0008856992864916928,True,p>=500M,0.50-0.55,>=1.00
1379,604872551,604872550,1,19.22052833429916,0.0470089254013047,0.0470089254013047,0.0499198517893476,-0.4998539213035127,-0.5006629418523091,-0.0008090205487963996,0.04866385318289101,-0.04866385318289101,-0.049919851789347644,0.049919851789347644,0.06832724899030106,0.0008856992751949159,0.0008856992751949159,True,p>=500M,0.50-0.55,>=1.00
1416,604872577,604872576,1,19.22052837728341,0.0470089253065735,0.0470089253065735,0.0490823007042159,-0.4999136282105687,-0.5007226487437253,-0.0008090205331565787,0.0486638530811245,-0.0486638530811245,-0.04908230070421597,0.04908230070421597,0.06832724869980455,0.0008856992714293239,0.0008856992714293239,True,p>=500M,0.50-0.55,0.25-0.50
1299,604872721,604872720,1,19.22052861535005,0.0470089247819086,0.0470089247819086,0.0495427167337329,-0.5000796240555934,-0.5008886445021292,-0.0008090204465359491,0.04866385251749314,-0.04866385251749314,-0.04954271673373295,0.04954271673373295,0.06832724709090117,0.0008856992505737417,0.0008856992505737417,True,p>=500M,0.50-0.55,0.50-1.00
1328,604872761,604872760,1,19.220528681479667,0.0470089246361684,0.0470089246361684,0.0494935673334156,-0.5000270552970486,-0.5008360757195233,-0.0008090204224746687,0.04866385236092766,-0.04866385236092766,-0.04949356733341565,0.04949356733341565,0.06832724664398365,0.0008856992447805255,0.0008856992447805255,True,p>=500M,0.50-0.55,0.50-1.00
1282,604872803,604872802,1,19.22052875091576,0.0470089244831412,0.0470089244831412,0.0496609063716962,-0.5001078763001834,-0.5009168966973937,-0.0008090203972103455,0.04866385219653506,-0.04866385219653506,-0.049660906371696296,0.049660906371696296,0.06832724617472026,0.0008856992386976487,0.0008856992386976487,True,p>=500M,0.50-0.55,0.50-1.00
1345,604872871,604872870,1,19.22052886333608,0.0470089242353829,0.0470089242353829,0.0498183210010096,-0.4999312692022886,-0.5007402895585946,-0.0008090203563060681,0.04866385193037165,-0.04866385193037165,-0.04981832100100966,0.04981832100100966,0.06832724541496059,0.0008856992288491825,0.0008856992288491825,True,p>=500M,0.50-0.55,0.50-1.00
1455,604873177,604873176,1,19.22052936922738,0.0470089231204707,0.0470089231204707,0.0502486490880784,-0.49956459916492846,-0.5003736193371661,-0.0008090201722375738,0.048663850732652676,-0.048663850732652676,-0.050248649088078426,0.050248649088078426,0.06832724199604336,0.0008856991845311022,0.0008856991845311022,True,p>=500M,0.50-0.55,>=1.00
1174,604873349,604873348,1,19.220529653584467,0.0470089224937883,0.0470089224937883,0.0492944218218632,-0.5016275443021174,-0.5024365643708917,-0.0008090200687742444,0.04866385005942463,-0.04866385005942463,-0.049294421821863235,0.049294421821863235,0.06832724007429986,0.0008856991596202965,0.0008856991596202965,True,p>=500M,0.50-0.55,0.50-1.00
598,604874233,604874232,1,19.220531115046366,0.0470089192729355,0.0470089192729355,0.0500097816638249,-0.5056414768754758,-0.5064504964124973,-0.0008090195370214962,0.04866384659934747,-0.04866384659934747,-0.050009781663824956,0.050009781663824956,0.06832723019744215,0.0008856990315904717,0.0008856990315904717,True,p>=500M,0.50-0.55,>=1.00
666,604874693,604874692,1,19.220531875534743,0.0470089175969281,0.0470089175969281,0.0497726846618487,-0.5057794259345806,-0.5065884451948985,-0.0008090192603178869,0.048663844798857846,-0.048663844798857846,-0.04977268466184872,0.04977268466184872,0.06832722505790735,0.000885698964968702,0.000885698964968702,True,p>=500M,0.50-0.55,0.50-1.00
1424,604884127,604884126,1,19.220547472031907,0.0470088832245105,0.0470088832245105,0.0501105033314959,-0.49969928320802265,-0.5005082967935806,-0.000809013585557921,0.04866380787349137,-0.04866380787349137,-0.050110503331496,0.050110503331496,0.06832711965374239,0.0008856975986559366,0.0008856975986559366,True,p>=500M,0.50-0.55,>=1.00
1074,604884331,604884330,1,19.22054780928653,0.0470088824812508,0.0470088824812508,0.0500412215505364,-0.5010456852415315,-0.5018546987043803,-0.0008090134628487584,0.04866380707501982,-0.04866380707501982,-0.05004122155053649,0.05004122155053649,0.0683271173745127,0.0008856975691111781,0.0008856975691111781,True,p>=500M,0.50-0.55,>=1.00
674,187509659,187509555,4,34.09868075615101,0.0469837495471624,0.0469837495471624,0.0532207644598697,-0.5071359544915932,-0.5098604950861363,-0.0027245405945430607,0.051406164423507185,-0.051406164423507185,-0.0532207644598697,0.0532207644598697,0.12459495255409188,2.892625987291475e-05,0.0025021214790069525,False,100M<=p<500M,0.50-0.55,0.50-1.00
321,109471171,109470995,14,60.04468101919571,0.0468319996160824,0.0468319996160824,0.0605347509168848,-0.5103322537359687,-0.5171438759760024,-0.006811622240033713,0.05558640612626561,-0.05558640612626561,-0.060534750916884865,0.060534750916884865,0.05308956958074639,-0.0010372454710933015,0.0005592032117815719,False,100M<=p<500M,0.50-0.55,0.50-1.00
246,12808469,12808371,16,49.4624408087016,0.0461690329162983,0.0461690329162983,0.0624388750646292,-0.5361630303917498,-0.5534953824820904,-0.017332352090340522,0.05790037114428769,-0.05790037114428769,-0.06243887506462924,0.06243887506462924,0.14553407436481355,1.8158541504193466e-05,0.0016935779284314263,False,p<100M,0.50-0.55,0.50-1.00
663,604872131,604872087,4,36.44105514430968,0.0445631600411676,0.0445631600411676,0.0503724694200252,-0.5052840085932029,-0.5068962068843418,-0.0016121982911389142,0.04848811269895655,-0.04848811269895655,-0.050372469420025205,0.050372469420025205,0.11057969544879374,2.5672444522427498e-05,0.0022206664511899396,True,p>=500M,0.50-0.55,0.50-1.00
241,40846543,40846297,128,64.7786110793472,0.0186420686144074,0.0186420686144074,0.0576405602980837,-0.5159721907388549,-0.5420407513212374,-0.02606856058238244,0.047946529235187794,-0.047946529235187794,-0.057640560298083746,0.057640560298083746,0.04000935360691217,-0.001939924684555945,-0.001794928725307226,False,p<100M,0.50-0.55,0.50-1.00
190,31026421,31025775,446,88.76041429147188,0.0141239471794488,0.0141239471794488,0.0841518906254193,-0.5300963950993764,-0.6096433273636677,-0.07954693226429116,0.07050599410829014,-0.07050599410829014,-0.08415189062541933,0.08415189062541933,0.08265428898834365,-0.002702470656662019,-0.0023767663002295936,False,p<100M,0.50-0.55,0.25-0.50
272,39651113,39650618,347,55.3992965006438,0.0097158401781245,0.0097158401781245,0.0666565964958798,-0.5176078823877991,-0.5701897280416589,-0.05258184565385978,0.05806836923173812,-0.05806836923173812,-0.06665659649587986,0.06665659649587986,0.027193395200937356,-0.002972226426408965,-0.002027848843338947,False,p<100M,0.50-0.55,0.25-0.50
252,39640253,39639838,294,38.41162530909082,0.0073188604745127,0.0073188604745127,0.0623250464295579,-0.5163505844643246,-0.5595705348543005,-0.04321995038997589,0.05184814905383387,-0.05184814905383387,-0.06232504642955796,0.06232504642955796,0.054489978683956185,-0.0019709890991869376,-0.0011429834168061532,False,p<100M,0.50-0.55,0.25-0.50
48,3440807,3439819,811,46.90968440981942,0.0072712465886281,0.0072712465886281,0.1225172337511368,-0.5714378009625797,-0.9443216109736277,-0.372883810011048,0.1072136412049886,-0.1072136412049886,-0.12251723375113688,0.12251723375113688,0.15207378731155993,-0.004869249401720674,-0.004195654339344053,False,p<100M,0.55-0.60,0.10-0.25
14,1195669,1195386,205,18.90523282037472,0.0067422977497207,0.0067422977497207,0.0899443884131837,-0.6281328589048997,-0.7943559478154691,-0.16622308891056944,0.06482204542037459,-0.06482204542037459,-0.08994438841318378,0.08994438841318378,0.09608320567983004,-0.003525037509491929,-0.002705210533538328,False,p<100M,0.60-0.65,0.50-1.00
199,39635819,39635564,218,26.93335827774129,0.0059596707112021,0.0059596707112021,0.0588053295328899,-0.5171618718495552,-0.5489791598845687,-0.03181728803501347,0.04432398853976412,-0.04432398853976412,-0.058805329532889986,0.058805329532889986,0.057402294645396,-0.0016305041199613504,-0.0015747604972131735,False,p<100M,0.50-0.55,0.50-1.00
209,40866037,40865652,274,23.938660520016867,0.0047083460199858,0.0047083460199858,0.0613874169888523,-0.5199808622895781,-0.5577622395729557,-0.03778137728337757,0.04750371488365581,-0.04750371488365581,-0.061387416988852334,0.061387416988852334,0.039079264840542145,-0.0018605864971994997,-0.0018110378319611579,False,p<100M,0.50-0.55,0.25-0.50
175,12776941,12776609,332,11.625904943145828,0.002382998470945,0.002382998470945,0.0675855848506355,-0.5269621296021982,-0.6040231089072318,-0.07706097930503351,0.05646053180203018,-0.05646053180203018,-0.06758558485063557,0.06758558485063557,0.050261781894845904,-0.002561590866523511,-0.002561590866523511,False,p<100M,0.50-0.55,0.25-0.50
56,1511527,1511046,403,9.625130217388572,0.0023682517122969,0.0023682517122969,0.0952884508457212,-0.5777080843218817,-0.846079128720082,-0.26837104439820036,0.08118295535426816,-0.08118295535426816,-0.09528845084572121,0.09528845084572121,0.08925192353472688,-0.004363341198383634,-0.0023488376302426553,False,p<100M,0.55-0.60,0.10-0.25
179,30851287,30850871,350,12.138297093206972,0.0021817902997086,0.0021817902997086,0.0668106572193494,-0.5177491392294836,-0.5700329152099882,-0.05228377598050468,0.05219859718866965,-0.05219859718866965,-0.06681065721934948,0.06681065721934948,0.0614362914830864,-0.0020542371029184654,-0.0013184163326407387,False,p<100M,0.50-0.55,0.25-0.50
194,33878389,33877658,605,1.8396280710575184,0.0002487940109059,0.0002487940109059,0.0805833243274027,-0.5242228700759377,-0.6071027602967083,-0.0828798902207705,0.0652409739893801,-0.0652409739893801,-0.08058332432740271,0.08058332432740271,0.07793748819907967,-0.0024735823013538167,-0.002196762790379595,False,p<100M,0.50-0.55,0.25-0.50
279,40863643,40862800,843,-1.7644553033559305,-0.0001978534306196,0.0,0.0829200752976066,-0.5142531570927596,-0.6187496742381975,-0.10449651714543784,0.0749037015573616,-0.0749037015573616,-0.08292007529760666,0.08292007529760666,0.06045066751238688,-0.0033591279443796825,-0.003101359808735489,False,p<100M,0.50-0.55,0.10-0.25
360,33488281,33487676,504,-1.5258205110753806,-0.0002263894383431,0.0,0.0702213435707402,-0.5081619227693271,-0.5771427046291171,-0.06898078185978995,0.059228025335701866,-0.059228025335701866,-0.0702213435707402,0.0702213435707402,0.07831412767845637,-0.002301835763378489,-0.001657065133614955,False,p<100M,0.50-0.55,0.25-0.50
117,17992327,17991472,705,-3.3720180676377822,-0.0004550704835416,0.0,0.0927710098591296,-0.52560951535194,-0.656832556870318,-0.13122304151837794,0.07511774498625995,-0.07511774498625995,-0.09277100985912964,0.09277100985912964,0.08439701400498835,-0.003244048148733645,-0.0025895883986794756,False,p<100M,0.50-0.55,0.25-0.50
5,356077,355293,784,-4.315460261267276,-0.0009432138140128,0.0,0.1566810093663226,-0.7467107660706096,-1.7831803329936462,-1.0364695669230366,0.13517972132212755,-0.13517972132212755,-0.15668100936632265,0.15668100936632265,0.19308022113907836,-0.007916551642212373,-0.0048950627786714315,False,p<100M,0.65-0.70,0.10-0.25
135,12831293,12830878,349,-5.285039920639065,-0.0010560301031047,0.0,0.0716348006649615,-0.5302514995601412,-0.606171960557511,-0.07592046099736992,0.054340305264288055,-0.054340305264288055,-0.07163480066496156,0.07163480066496156,0.08294662048670541,-0.0019408103649366285,-0.0011228263339398844,False,p<100M,0.50-0.55,0.25-0.50
509,187493959,187493471,409,-8.965630290394472,-0.0012216958023469,0.0,0.0527000394631234,-0.5050380636229196,-0.5281403415125572,-0.023102277889637594,0.04310530265442926,-0.04310530265442926,-0.052700039463123495,0.052700039463123495,0.06352726802773911,-0.0013033577627220632,-0.0013033577627220632,False,100M<=p<500M,0.50-0.55,0.25-0.50
103,33824779,33823778,1001,-12.808745615198404,-0.0013469655343771,0.0,0.0986530057695944,-0.5435398890459996,-0.678117288234133,-0.13457739918813344,0.08230751647664125,-0.08230751647664125,-0.09865300576959442,0.09865300576959442,0.09999996971626662,-0.0034145512099803374,-0.0029575657145555993,False,p<100M,0.50-0.55,0.25-0.50
463,604208581,604207847,503,-17.733697378940747,-0.0019340935765608,0.0,0.0555703834394379,-0.5062791220503261,-0.5218204009035065,-0.015541278853180298,0.04166375290372632,-0.04166375290372632,-0.055570383439438,0.055570383439438,0.03534167879836575,-0.0016936825724044224,-0.001274685038417487,True,p>=500M,0.50-0.55,0.50-1.00
377,187427707,187426768,939,-24.65274645334739,-0.0022171370399401,0.0,0.0744485929586305,-0.5093455420036704,-0.562036078511811,-0.052690536508140595,0.06487490651022147,-0.06487490651022147,-0.07444859295863052,0.07444859295863052,0.07649414049221386,-0.0022834449028088133,-0.0020767053677855913,False,100M<=p<500M,0.50-0.55,0.10-0.25
276,108562291,108561847,313,-16.954684245508304,-0.002799245576149,0.0,0.0551202378966553,-0.5116868332141992,-0.5339474046806884,-0.02226057146648925,0.03829367997107142,-0.03829367997107142,-0.05512023789665531,0.05512023789665531,0.03943822686054159,-0.001721702219478569,-0.000536316780507088,False,100M<=p<500M,0.50-0.55,0.50-1.00
268,30796769,30796057,712,-22.283667759237915,-0.0028088272785246,0.0,0.0776137683916326,-0.5137887335147403,-0.6117307204026179,-0.09794198688787764,0.06851092754610978,-0.06851092754610978,-0.0776137683916326,0.0776137683916326,0.08325007125789914,-0.002838372087590101,-0.0018063591202688205,False,p<100M,0.50-0.55,0.10-0.25
299,39651863,39651244,619,-24.148225995829307,-0.0031708800815248,0.0,0.0700647985436921,-0.5096332426326318,-0.5838999560250215,-0.07426671339238984,0.061407383049320426,-0.061407383049320426,-0.07006479854369214,0.07006479854369214,0.047400209954841246,-0.0028517689880995637,-0.002045457877200475,False,p<100M,0.50-0.55,0.10-0.25
99,4991101,4990677,357,-17.691366021948568,-0.0039362269712099,0.0,0.076175182058325,-0.5316867884388163,-0.6508625034482989,-0.11917571500948251,0.05923858965846139,-0.05923858965846139,-0.07617518205832507,0.07617518205832507,0.08972457014809354,-0.00269141032376618,-0.002235997171963973,False,p<100M,0.50-0.55,0.25-0.50
166,30799397,30798784,510,-27.196169889806526,-0.0040503888180241,0.0,0.0722199673831855,-0.5209900050192301,-0.5891318499036295,-0.06814184488439945,0.056321467792020095,-0.056321467792020095,-0.07221996738318558,0.07221996738318558,0.08392029768364791,-0.002095324887168307,-0.0017529631062777134,False,p<100M,0.50-0.55,0.25-0.50
235,12805417,12804850,567,-26.94325242094044,-0.0042248020373668,0.0,0.0752600730877132,-0.5135348863512135,-0.6318986386413036,-0.11836375229009012,0.06641587998415201,-0.06641587998415201,-0.07526007308771324,0.07526007308771324,0.09348721398507479,-0.002523505078388605,-0.0019210986169558419,False,p<100M,0.50-0.55,0.10-0.25
425,108843373,108842535,838,-42.267090202042255,-0.0042636586442326,0.0,0.0705332046108587,-0.5080204172453425,-0.5677860482817172,-0.05976563103637467,0.06289738383355278,-0.06289738383355278,-0.07053320461085873,0.07053320461085873,0.08045360091707235,-0.0021097720346401187,-0.001852472771771907,False,100M<=p<500M,0.50-0.55,0.10-0.25
174,30825511,30824836,675,-36.97787149460965,-0.0047865366575067,0.0,0.0784523836661713,-0.5180815706131099,-0.6080090570416167,-0.08992748642850677,0.06462894660491776,-0.06462894660491776,-0.07845238366617135,0.07845238366617135,0.0703461239333777,-0.002899126227017585,-0.0023366139395398144,False,p<100M,0.50-0.55,0.25-0.50
338,108591737,108591025,712,-45.88831219329336,-0.0050231115142068,0.0,0.0670776998596762,-0.5084960163471443,-0.5583709764745313,-0.04987496012738694,0.05689206360445941,-0.05689206360445941,-0.06707769985967621,0.06707769985967621,0.04062386019866868,-0.002486763893215221,-0.0015905379112986179,False,100M<=p<500M,0.50-0.55,0.25-0.50
271,187425023,187423758,1265,-64.92019598792695,-0.0050303156408324,0.0,0.0855229588678136,-0.5134612075686783,-0.5821353811588738,-0.06867417359019544,0.07284884037778645,-0.07284884037778645,-0.08552295886781368,0.08552295886781368,0.06181362758164396,-0.0030157112017666593,-0.0018249938473676708,False,100M<=p<500M,0.50-0.55,0.25-0.50
454,604143557,604142790,767,-59.3237404284406,-0.0052395941596817,0.0,0.0613546266448391,-0.5076765304157982,-0.5300486704995088,-0.022372140083710607,0.04856760944732331,-0.04856760944732331,-0.0613546266448391,0.0613546266448391,0.06105864506163285,-0.001569782888379612,-0.0011859681419997955,True,p>=500M,0.50-0.55,0.25-0.50
154,12801751,12800706,1045,-46.73192403059045,-0.0053978223488445,0.0,0.1004851300491716,-0.5216147173583079,-0.7406410458369717,-0.21902632847866374,0.09051820561273757,-0.09051820561273757,-0.10048513004917166,0.10048513004917166,0.13642816018673126,-0.003648855635657631,-0.0027031592704549667,False,p<100M,0.50-0.55,0.10-0.25
116,12830269,12829371,898,-46.90137454561159,-0.0058424146615159,0.0,0.0962426881171498,-0.5266384184031407,-0.7127270743006745,-0.18608865589753373,0.08303182557811953,-0.08303182557811953,-0.09624268811714988,0.09624268811714988,0.08036364868825521,-0.004199347051458931,-0.0037560868934890784,False,p<100M,0.50-0.55,0.10-0.25
347,177979733,177979051,682,-55.09311664328777,-0.0058455700262883,0.0,0.064256989998171,-0.5081775953573867,-0.5446808066100195,-0.03650321125263279,0.05167088183026705,-0.05167088183026705,-0.06425698999817102,0.06425698999817102,0.07053832588286496,-0.0016314463484295282,-0.0013875384675275865,False,100M<=p<500M,0.50-0.55,0.25-0.50
414,179407799,179407294,505,-48.87590784572831,-0.0060215117809707,0.0,0.0551196856546969,-0.5067267102412365,-0.5330279745638975,-0.026301264322660972,0.043401824658087854,-0.043401824658087854,-0.05511968565469696,0.05511968565469696,0.05791978474714299,-0.0014487125282767628,-0.0013866393285948421,False,100M<=p<500M,0.50-0.55,0.25-0.50
163,109511267,109509400,1867,-89.89320921839476,-0.0060711326300487,0.0,0.1088223400603969,-0.5283337999963814,-0.6615092911378109,-0.1331754911414295,0.09412316974983156,-0.09412316974983156,-0.10882234006039697,0.10882234006039697,0.0865183402641486,-0.0037705756059132844,-0.0035132389503117565,False,100M<=p<500M,0.50-0.55,0.10-0.25
31,7108243,7105465,2778,-80.20709910296955,-0.0061137931253432,0.0,0.1766899326140388,-0.5928058856984836,-1.3905757994449939,-0.7977699137465102,0.16212751151346744,-0.16212751151346744,-0.17668993261403884,0.17668993261403884,0.21560463173691166,-0.00711760408216405,-0.005187736879512671,False,p<100M,0.55-0.60,0.10-0.25
87,109467389,109460158,7231,-178.26963014023477,-0.0061180353375162,0.0,0.2045445847739718,-0.5434972448390104,-1.075648722224906,-0.5321514773858955,0.19107869635213975,-0.19107869635213975,-0.20454458477397183,0.20454458477397183,0.17368830701585591,-0.008001365906018213,-0.005735122805602691,False,100M<=p<500M,0.50-0.55,0.05-0.10
330,187419913,187418830,1083,-73.41046525155639,-0.006147600946629,0.0,0.0766870226372487,-0.5089477775751532,-0.5664375425369308,-0.05748976496177764,0.0659092077597731,-0.0659092077597731,-0.07668702263724875,0.07668702263724875,0.06471844227044955,-0.002356219585654416,-0.00197120782582361,False,100M<=p<500M,0.50-0.55,0.10-0.25
184,604356173,604335487,20686,-365.2446493016978,-0.0062115114780855,0.0,0.2819169646022565,-0.5200319031219518,-1.1738314746317429,-0.653799571509791,0.273340851201797,-0.273340851201797,-0.28191696460225657,0.28191696460225657,0.2639661211866569,-0.009791882951333179,-0.00741571953502429,True,p>=500M,0.50-0.55,0.018-0.05
432,604813747,604812190,1557,-101.12905906513606,-0.0062683153718549,0.0,0.0809591793277333,-0.5065104919484416,-0.5527026644825576,-0.04619217253411601,0.07041320097547538,-0.07041320097547538,-0.08095917932773332,0.08095917932773332,0.06318087284112565,-0.0027401389325018414,-0.0021057849366476,True,p>=500M,0.50-0.55,0.10-0.25
335,604685377,604682818,2559,-132.574005324258,-0.0064099040878485,0.0,0.103142612325526,-0.5120993660454095,-0.5893956566695653,-0.0772962906241558,0.09190021765388319,-0.09190021765388319,-0.10314261232552602,0.10314261232552602,0.09091905633413849,-0.00330190939550732,-0.0025345529648331273,True,p>=500M,0.50-0.55,0.10-0.25
404,180628367,180627380,987,-74.42642537397955,-0.0065541315557158,0.0,0.0719233861912456,-0.5084037870383886,-0.5611963431287954,-0.052792556090406784,0.062481818568781454,-0.062481818568781454,-0.07192338619124566,0.07192338619124566,0.07055580942584185,-0.002452022840512333,-0.001459262391045984,False,100M<=p<500M,0.50-0.55,0.10-0.25
96,3438637,3438262,375,-28.83790962671685,-0.0065741761860351,0.0,0.0753076301542394,-0.5315349853603648,-0.6765533765908978,-0.14501839123053295,0.06130470561386328,-0.06130470561386328,-0.07530763015423944,0.07530763015423944,0.12787004908953142,-0.002291189192445953,-0.0017671378120949286,False,p<100M,0.50-0.55,0.25-0.50
196,39648137,39647291,846,-58.70055013602325,-0.0065932807062891,0.0,0.0817237377621316,-0.5171349547443544,-0.6145765493040093,-0.09744159455965483,0.06891522359423742,-0.06891522359423742,-0.08172373776213165,0.08172373776213165,0.08512020246985395,-0.002794462369068396,-0.001499926981778882,False,p<100M,0.50-0.55,0.25-0.50
29,3456977,3455716,1261,-56.54292508843059,-0.0070243637516301,0.0,0.1341559286414388,-0.5791495989119958,-1.0875700190844888,-0.5084204201724929,0.11743564884154789,-0.11743564884154789,-0.13415592864143888,0.13415592864143888,0.17034183323071123,-0.005376169336799613,-0.003529691212745619,False,p<100M,0.55-0.60,0.10-0.25
139,109556411,109553597,2814,-129.7691972891198,-0.0071384714638016,0.0,0.13072783862462,-0.532832444772236,-0.7340748980579926,-0.20124245328575663,0.11587029451959278,-0.11587029451959278,-0.1307278386246201,0.1307278386246201,0.10920593843106947,-0.004795220420483616,-0.0037246985817573934,False,100M<=p<500M,0.50-0.55,0.10-0.25
443,604711937,604711166,771,-83.51108885949861,-0.0073560278906966,0.0,0.0595213337383874,-0.5074846309227915,-0.5289974879813186,-0.021512857058527218,0.04659846205099165,-0.04659846205099165,-0.059521333738387486,0.059521333738387486,0.038435623341009674,-0.0018531361095121142,-0.0013344384668700416,True,p>=500M,0.50-0.55,0.25-0.50
664,604206971,604206345,626,-80.07547556299744,-0.0078284297100899,0.0,0.0508464536997485,-0.5033021505976516,-0.520276496256657,-0.016974345659005345,0.04079068865637949,-0.04079068865637949,-0.0508464536997485,0.0508464536997485,0.05485494262686827,-0.001183867903489698,-0.001183867903489698,True,p>=500M,0.50-0.55,0.25-0.50
309,108834839,108833866,973,-84.74379677806667,-0.0079333618545738,0.0,0.0759633517847871,-0.5113106959704002,-0.5772891207405598,-0.06597842477015961,0.06443699188399456,-0.06443699188399456,-0.07596335178478718,0.07596335178478718,0.06339385181691749,-0.0026067878544691614,-0.00210268529438154,False,100M<=p<500M,0.50-0.55,0.10-0.25
293,179406523,179405418,1105,-97.72642586632604,-0.008139310078765,0.0,0.0771394318911972,-0.5105169000881866,-0.5687509561671765,-0.058234056078989946,0.06496384676003021,-0.06496384676003021,-0.07713943189119726,0.07713943189119726,0.07355470357398743,-0.0024212560701693283,-0.002101286369057659,False,100M<=p<500M,0.50-0.55,0.25-0.50
165,40844717,40842945,1772,-107.09979019561752,-0.0082837394758068,0.0,0.1129806929343217,-0.5209899808368222,-0.7245277813211363,-0.20353780048431402,0.10061224379164574,-0.10061224379164574,-0.11298069293432177,0.11298069293432177,0.11563711073322175,-0.004079188506429978,-0.002832146107668919,False,p<100M,0.50-0.55,0.10-0.25
382,604365031,604363228,1803,-144.9856360139354,-0.0083517632529468,0.0,0.0869939928500895,-0.5077422125860049,-0.5601173151654582,-0.05237510257945319,0.07416990919884546,-0.07416990919884546,-0.0869939928500895,0.0869939928500895,0.05828116056095645,-0.002859004710802512,-0.002254957508591713,True,p>=500M,0.50-0.55,0.10-0.25
49,33902159,33888759,13400,-291.8733586694325,-0.0083867655278248,0.0,0.3075518627750951,-0.5645131162021081,-2.343140188240991,-1.7786270720388826,0.2975764937115444,-0.2975764937115444,-0.3075518627750951,0.3075518627750951,0.32097311547550744,-0.012573999481814938,-0.009244175236626684,False,p<100M,0.55-0.60,0.018-0.05
40,30417481,30409154,8327,-228.7179970545885,-0.0084422631137849,0.0,0.24963148266117,-0.5774984614312183,-1.7357531584192525,-1.1582546969880343,0.23578937810394623,-0.23578937810394623,-0.24963148266117005,0.24963148266117005,0.25336643071273995,-0.010061875871113981,-0.0075407673342441995,False,p<100M,0.55-0.60,0.05-0.10
75,113195507,113182659,12848,-330.4150379443963,-0.0084762905367088,0.0,0.2647255241959858,-0.5451441271558645,-1.474569808470034,-0.9294256813141695,0.25343574567763183,-0.25343574567763183,-0.26448765804213414,0.26448765804213414,0.2510641716228943,-0.010114238844376889,-0.007974299643295213,False,100M<=p<500M,0.50-0.55,0.05-0.10
19,1515197,1513853,1344,-63.24655312102391,-0.0085184969239803,0.0,0.1510851987794436,-0.6119942325943845,-1.4282562782184334,-0.816262045624049,0.1353288100910507,-0.1353288100910507,-0.15108519877944368,0.15108519877944368,0.19507926770217945,-0.0067040425018887575,-0.0049142115803401335,False,p<100M,0.55-0.60,0.10-0.25
125,33827861,33826320,1541,-102.04793904212896,-0.00864898761979,0.0,0.110098889929409,-0.5284647909598085,-0.7214013730899468,-0.19293658213013826,0.09510708847027186,-0.09510708847027186,-0.11009888992940907,0.11009888992940907,0.11514775514006599,-0.003852539784468395,-0.003073217068270312,False,p<100M,0.50-0.55,0.10-0.25
30,4994789,4991760,3029,-113.94054074237602,-0.0087024175108216,0.0,0.1879865387221068,-0.5738744048483351,-1.5997259103558685,-1.0258515055075337,0.17510748585096741,-0.17510748585096741,-0.18798653872210683,0.18798653872210683,0.22160103974688458,-0.008230613954659126,-0.006159813568280237,False,p<100M,0.55-0.60,0.05-0.10
275,109494199,109492961,1238,-108.80604725032116,-0.009024331057296,0.0,0.0837417020986148,-0.5121229913400062,-0.5957686175319089,-0.08364562619190277,0.07259400847814497,-0.07259400847814497,-0.08374170209861485,0.08374170209861485,0.07884168196450769,-0.0029489007205123706,-0.0026093702270044697,False,100M<=p<500M,0.50-0.55,0.10-0.25
160,33870121,33869043,1078,-89.73245844873679,-0.0090915931914383,0.0,0.0914618710863124,-0.5259379621591377,-0.657711104834958,-0.13177314267582033,0.07770083857780537,-0.07770083857780537,-0.0914618710863124,0.0914618710863124,0.07461526835970328,-0.0034351192792892444,-0.002529006584437539,False,p<100M,0.50-0.55,0.10-0.25
27,1192781,1192323,458,-38.252494546276125,-0.0091301930976054,0.0,0.0967472985369818,-0.5707170017028401,-0.8687788442343269,-0.29806184253148676,0.07769748098553032,-0.07769748098553032,-0.0967472985369818,0.0967472985369818,0.14015320926845007,-0.0037439942567196517,-0.0027668987866926683,False,p<100M,0.55-0.60,0.25-0.50
164,39637237,39636755,482,-62.1134514057519,-0.0092431578478518,0.0,0.0651451540987114,-0.5245946312550186,-0.5755538367791149,-0.05095920552409627,0.047742927211628615,-0.047742927211628615,-0.06514515409871142,0.06514515409871142,0.07290058663446711,-0.0018157632557083661,-0.0017407862422849842,False,p<100M,0.50-0.55,0.25-0.50
88,3290641,3290318,323,-37.87575835699317,-0.0093582764758578,0.0,0.0705553720204413,-0.5339955470404927,-0.6545110742483732,-0.12051552720788043,0.05401542427621545,-0.05401542427621545,-0.07055537202044135,0.07055537202044135,0.08654886723720256,-0.0026525274825698894,-0.002209038498361859,False,p<100M,0.50-0.55,0.25-0.50
79,109546081,109535495,10586,-330.4584709322444,-0.0093724045147303,0.0,0.2408302537232801,-0.5378653616726209,-1.3100054803334278,-0.772140118660807,0.22920742186885074,-0.22920742186885074,-0.24083025372328015,0.24083025372328015,0.2343633000200598,-0.009235303149816111,-0.007370478176002557,False,100M<=p<500M,0.50-0.55,0.05-0.10
285,187503637,187502433,1204,-118.1895832631717,-0.0093865827643123,0.0,0.0793621467961531,-0.512330280252323,-0.5735560125342464,-0.06122573228192346,0.06658358100147163,-0.06658358100147163,-0.07936214679615312,0.07936214679615312,0.07243779131511288,-0.0024394283944615563,-0.0019317393437105876,False,100M<=p<500M,0.50-0.55,0.25-0.50
379,604681513,604678930,2583,-197.01518438104904,-0.009481260249097,0.0,0.1005708971627918,-0.5082038072045504,-0.5836564647325573,-0.07545265752800692,0.08929029430091015,-0.08929029430091015,-0.10057089716279179,0.10057089716279179,0.08827426092547447,-0.003113782732412749,-0.0024485029354088016,True,p>=500M,0.50-0.55,0.10-0.25
297,604724143,604718720,5423,-287.04929571977755,-0.0095337163462282,0.0,0.1444593757832343,-0.5108544093257741,-0.6743979857874736,-0.16354357646169948,0.13357275557751394,-0.13357275557751394,-0.1444593757832343,0.1444593757832343,0.12435492853494029,-0.004945456148988775,-0.0035513066825743358,True,p>=500M,0.50-0.55,0.10-0.25
191,109772783,109770459,2324,-157.8722686231877,-0.0095541239941165,0.0,0.1148387219870256,-0.5200715649645175,-0.6812787318537014,-0.16120716688918396,0.10221548801013534,-0.10221548801013534,-0.11483872198702569,0.11483872198702569,0.11099608498740668,-0.003949860862410244,-0.002850261996192999,False,100M<=p<500M,0.50-0.55,0.10-0.25
54,7112297,7110038,2259,-113.30394854654696,-0.0095767817581473,0.0,0.1547550134720171,-0.5581282330093119,-1.1886772060106197,-0.6305489730013077,0.14213410863272252,-0.14213410863272252,-0.15475501347201712,0.15475501347201712,0.20888874033018948,-0.005915554269579561,-0.0045527987386179535,False,p<100M,0.55-0.60,0.10-0.25
7,30774449,30670319,104130,-928.3530182520336,-0.0096769856776032,0.0,0.862526348366495,-0.6619667915824885,-15.410432878734627,-14.748466087152137,0.8528427097579773,-0.8528427097579773,-0.862526348366495,0.862526348366495,0.9522180673685005,-0.03609900163090435,-0.026608732545344675,False,p<100M,0.65-0.70,0.01-0.018
111,30780011,30777698,2313,-140.46546636399898,-0.0098239812304389,0.0,0.1309387070981607,-0.5296352580559537,-0.8355734717015078,-0.305938213645554,0.11870966256289346,-0.11870966256289346,-0.13093870709816072,0.13093870709816072,0.10906209211371576,-0.005480991962124145,-0.00381599593774538,False,p<100M,0.50-0.55,0.10-0.25
258,179145961,179143998,1963,-157.64794417599842,-0.0098526103236026,0.0,0.0992292790633997,-0.5132783954054697,-0.6180341132195595,-0.10475571781408975,0.08762827096563895,-0.08762827096563895,-0.09922927906339978,0.09922927906339978,0.0804332049273207,-0.003492908168228706,-0.0028218026333741123,False,100M<=p<500M,0.50-0.55,0.10-0.25
238,109610987,109610360,522,-77.7013201168142,-0.0099235128053833,0.0,0.0613897943072523,-0.5145251097235081,-0.5467193507383968,-0.0321942410148888,0.04304693873902578,-0.04304693873902578,-0.061389794307252325,0.061389794307252325,0.07488878708674122,-0.0013545069725323861,-0.0013223333123256393,False,100M<=p<500M,0.50-0.55,0.50-1.00
344,109597217,109596735,482,-74.72895699034427,-0.0099321572044368,0.0,0.0542204176570948,-0.5088307554395289,-0.5382654481849529,-0.029434692745424054,0.04095566047711019,-0.04095566047711019,-0.05422041765709489,0.05422041765709489,0.06524719908473478,-0.0011900758786211885,-0.0009180304280849156,False,100M<=p<500M,0.50-0.55,0.25-0.50
41,604672261,604520611,151650,-1617.0683062109456,-0.0101563202445796,0.0,0.7568596623500748,-0.5650676485722232,-5.399912768636206,-4.834845120063983,0.7467076670478365,-0.7467076670478365,-0.7568596623500748,0.7568596623500748,0.7224873091218972,-0.026804650490132927,-0.021244077372790663,True,p>=500M,0.55-0.60,0.018-0.05
177,110319577,110315160,4417,-231.7350443422174,-0.0101671216475751,0.0,0.1561570928801292,-0.5212076608160318,-0.8332792712035189,-0.312071610387487,0.14380926297856408,-0.14380926297856408,-0.15615709288012922,0.15615709288012922,0.15416807320438278,-0.005637763078014561,-0.0044150543228997285,False,100M<=p<500M,0.50-0.55,0.10-0.25
73,40882169,40877269,4900,-220.51959869872007,-0.0102558911015828,0.0,0.1837301433813745,-0.5411037560729587,-1.1155777260833322,-0.5744739700103735,0.17082975855642113,-0.17082975855642113,-0.18373014338137447,0.18373014338137447,0.18699112120833558,-0.007177779280546805,-0.005178689470444814,False,p<100M,0.50-0.55,0.10-0.25
1,180530237,179845447,684790,-3089.9881332697114,-0.010331169902637,0.0,1.8193520399038576,-0.7267830456257766,-40.9984046906637,-40.271621645037925,1.8090222186474645,-1.8090222186474645,-1.8192567096393881,1.8192567096393881,1.8176576672240343,-0.06940394207296886,-0.052690909835736224,False,100M<=p<500M,>=0.70,0.006-0.01
78,3441797,3441229,568,-56.25170384278789,-0.0104184161572551,0.0,0.0865309897820664,-0.537517004005841,-0.7504328048399134,-0.21291580083407233,0.07315879400290864,-0.07315879400290864,-0.08653098978206646,0.08653098978206646,0.06826938264161514,-0.003952147895265006,-0.002529067969147626,False,p<100M,0.50-0.55,0.10-0.25
167,109682107,109679748,2359,-174.45589668660523,-0.0104800544453678,0.0,0.1167362250522532,-0.5207365620451905,-0.6830361790446247,-0.16229961699943424,0.10210882362506386,-0.10210882362506386,-0.11673622505225324,0.11673622505225324,0.10690748009321807,-0.003963382614319442,-0.0029021411907683287,False,100M<=p<500M,0.50-0.55,0.10-0.25
45,12836777,12833438,3339,-163.66723291570224,-0.0105723515140797,0.0,0.1752468754780604,-0.5638053056438974,-1.2586280021690939,-0.6948226965251963,0.16080955459196564,-0.16080955459196564,-0.17524687547806042,0.17524687547806042,0.18208321476810166,-0.007204748150761275,-0.005337397048711219,False,p<100M,0.55-0.60,0.10-0.25
42,7117417,7115469,1948,-117.76229972501552,-0.0107177802092479,0.0,0.1460888226947264,-0.5642649385027355,-1.10031686958632,-0.5360519310835844,0.13015673297709843,-0.13015673297709843,-0.1460888226947264,0.1460888226947264,0.17549883288432727,-0.005925252735473172,-0.003990721314285913,False,p<100M,0.55-0.60,0.10-0.25
129,40874291,40872504,1787,-139.55697264443688,-0.0107478862654732,0.0,0.1130432056909814,-0.5291640678163304,-0.7293890659921332,-0.20022499817580275,0.09858592980528896,-0.09858592980528896,-0.11304320569098147,0.11304320569098147,0.10953438374338247,-0.004200863668086899,-0.002939767190767792,False,p<100M,0.50-0.55,0.10-0.25
64,604810421,604757400,53021,-1034.3984432700745,-0.0109871060310642,0.0,0.4494568065190746,-0.5551570972690759,-2.2262762299161487,-1.671119132647073,0.436528398028676,-0.436528398028676,-0.4494568065190746,0.4494568065190746,0.4266332664277731,-0.015612551763911346,-0.012115238952999997,True,p>=500M,0.50-0.55,0.018-0.05
130,109678603,109674416,4187,-243.7212716620761,-0.0109896866586228,0.0,0.1528036364238857,-0.5270719617406198,-0.821475093123312,-0.29440313138269225,0.1390257525026871,-0.1390257525026871,-0.15280363642388572,0.15280363642388572,0.12991235264036388,-0.005826114976923398,-0.003956074115985592,False,100M<=p<500M,0.50-0.55,0.10-0.25
128,187449539,187440181,9358,-385.9233859879023,-0.0109942166163615,0.0,0.2128199890626043,-0.5306316364865294,-1.0462677227104318,-0.5156360862239022,0.20084562031515768,-0.20084562031515768,-0.21254865450870744,0.21254865450870744,0.2056271956750758,-0.007814317927852643,-0.006086520104597598,False,100M<=p<500M,0.50-0.55,0.05-0.10
105,604432601,604410439,22162,-688.5913402072983,-0.0113136656271269,0.0,0.2914811871626422,-0.5336475130770565,-1.221943701586615,-0.6882961885095585,0.27802963361184646,-0.27802963361184646,-0.2914811871626422,0.2914811871626422,0.2729161367285753,-0.009982381885505789,-0.007497373744535343,True,p>=500M,0.50-0.55,0.05-0.10
21,30847123,30831334,15789,-424.33160930738086,-0.0113559673856094,0.0,0.338124053326903,-0.592683428320499,-2.7752305828970085,-2.18254715457651,0.3244066291128366,-0.3244066291128366,-0.33812405332690304,0.33812405332690304,0.35990258650700907,-0.01382132409208614,-0.010109066435793065,False,p<100M,0.55-0.60,0.05-0.10
195,33865589,33865210,379,-66.91772891101186,-0.0114347875630419,0.0,0.057783925386995,-0.5176497313060947,-0.5578779525477949,-0.04022822124170029,0.04000341374757293,-0.04000341374757293,-0.05778392538699503,0.05778392538699503,0.04595259561940055,-0.0016704463803604163,-0.0016704463803604163,False,p<100M,0.50-0.55,0.50-1.00
304,604870961,604869251,1710,-193.460685806944,-0.0114422065414256,0.0,0.084228112951883,-0.5109909667757554,-0.558378311571824,-0.04738734479606873,0.06893040060272779,-0.06893040060272779,-0.08422811295188301,0.08422811295188301,0.06671795741511147,-0.0024626471066467558,-0.0019784035456358383,True,p>=500M,0.50-0.55,0.25-0.50
274,109547591,109546815,776,-109.57283284869368,-0.0114781385538139,0.0,0.0689354203592449,-0.5132593702567565,-0.5616976497586663,-0.04843827950190979,0.05310784728061054,-0.05310784728061054,-0.06893542035924495,0.06893542035924495,0.08826216908407619,-0.0016690611383362265,-0.001428256482310581,False,100M<=p<500M,0.50-0.55,0.25-0.50
176,30359687,30358683,1004,-108.11236392766864,-0.0114949532716026,0.0,0.0892723594368366,-0.5190377552787792,-0.6441971508184217,-0.12515939553964245,0.07332362853757014,-0.07332362853757014,-0.08927235943683662,0.08927235943683662,0.07299510182633538,-0.003208246754856906,-0.002227237930969358,False,p<100M,0.50-0.55,0.25-0.50
82,12782599,12782006,494,-68.54730774172731,-0.0115177981909939,0.0,0.0796044258439215,-0.5352437295326127,-0.6258086337855254,-0.09056490425291273,0.05440622301948226,-0.05440622301948226,-0.07960442584392158,0.07960442584392158,0.08237628637798154,-0.0023074963515849808,-0.0023074963515849808,False,p<100M,0.50-0.55,0.50-1.00
219,604167899,604161649,6250,-386.3863224858651,-0.01195492375068,0.0,0.1550942530280692,-0.5168635533745519,-0.7031876620801536,-0.18632410870560173,0.1417010086026295,-0.1417010086026295,-0.15509425302806923,0.15509425302806923,0.1371497430818345,-0.005156601002528569,-0.003922146387852877,True,p>=500M,0.50-0.55,0.10-0.25
90,179641471,179630689,10782,-461.50121601656247,-0.0123032569073018,0.0,0.2296201708973325,-0.5392760654932033,-1.1440720611225412,-0.604795995629338,0.21610233095748083,-0.21610233095748083,-0.2296201708973325,0.2296201708973325,0.23355075384993396,-0.008155429760182058,-0.006279147306428346,False,100M<=p<500M,0.50-0.55,0.05-0.10
120,108561281,108557409,3872,-263.9525918434665,-0.0123903095457015,0.0,0.1470745643860575,-0.5282791295537884,-0.7982403735779903,-0.2699612440242019,0.13203684123442325,-0.13203684123442325,-0.14707456438605754,0.14707456438605754,0.15364656839340526,-0.005105751716893688,-0.003976416084865068,False,100M<=p<500M,0.50-0.55,0.10-0.25
188,31027859,31027175,684,-97.48691281590504,-0.0125262226372627,0.0,0.072244005949339,-0.5191836647017914,-0.599240426260868,-0.08005676155907653,0.05729909091466835,-0.05729909091466835,-0.07224400594933901,0.07224400594933901,0.05936450719744504,-0.0025450834808995386,-0.0022820805354359383,False,p<100M,0.50-0.55,0.25-0.50
133,30343471,30342328,1143,-126.54371300174604,-0.0126108133275523,0.0,0.0943688419287908,-0.5258454668370511,-0.6677549024699243,-0.14190943563287314,0.0779016086623571,-0.0779016086623571,-0.09436884192879084,0.09436884192879084,0.12239636723516246,-0.00295688642972723,-0.001987193006687639,False,p<100M,0.50-0.55,0.25-0.50
301,604360789,604358714,2075,-235.00910780034724,-0.0126190599896788,0.0,0.0905498237696835,-0.5113445144901054,-0.5688609572040797,-0.05751644271397435,0.07592459236082011,-0.07592459236082011,-0.0905498237696835,0.0905498237696835,0.07268970524462859,-0.0028980644306255006,-0.0020999636113758708,True,p>=500M,0.50-0.55,0.25-0.50
113,30784249,30783029,1220,-133.72293008495535,-0.0128772998450602,0.0,0.0966458075650577,-0.5293606327321543,-0.6799885289407096,-0.15062789620855538,0.08048012016634529,-0.08048012016634529,-0.09664580756505778,0.09664580756505778,0.09134384168999259,-0.0035575214751848933,-0.0027205677379316187,False,p<100M,0.50-0.55,0.25-0.50
24,180619079,180557417,61662,-1166.673386312199,-0.0129983853165777,0.0,0.5459231094474968,-0.5828287928298714,-4.141887057231935,-3.559058264402064,0.5329138719787416,-0.5329138719787416,-0.5459231094474967,0.5459231094474967,0.5460247774591901,-0.020468830498696473,-0.015682271221223384,False,100M<=p<500M,0.55-0.60,0.018-0.05
150,108590687,108589025,1662,-181.7529341824936,-0.0130219824930822,0.0,0.0995905772584955,-0.5231979974503433,-0.6324917758595829,-0.10929377840923962,0.08159948297469029,-0.08159948297469029,-0.09959057725849557,0.09959057725849557,0.10326250424413172,-0.0030191981216763034,-0.0027462032470166203,False,100M<=p<500M,0.50-0.55,0.25-0.50
269,178899467,178898710,757,-129.92303273409152,-0.0130774867639048,0.0,0.0645219433395106,-0.5125018091973935,-0.5477659898457523,-0.03526418064835876,0.04747625573328855,-0.04747625573328855,-0.06452194333951067,0.06452194333951067,0.049366250892509525,-0.0019754688374498735,-0.0018993971888845362,False,100M<=p<500M,0.50-0.55,0.25-0.50
233,108545317,108544444,873,-132.8930425093655,-0.0131378992210281,0.0,0.072593883103974,-0.51455200131986,-0.5683498893164971,-0.05379788799663711,0.055410804257352446,-0.055410804257352446,-0.07259388310397408,0.07259388310397408,0.06053260145817347,-0.002183438127879864,-0.0015763779570379713,False,100M<=p<500M,0.50-0.55,0.25-0.50
320,604702619,604700469,2150,-249.2969172381811,-0.013149969637279,0.0,0.0924905344982734,-0.5100064622328077,-0.5693443950097978,-0.05933793277699022,0.07696817320378503,-0.07696817320378503,-0.09249053449827345,0.09249053449827345,0.05869847439260446,-0.00308828981062124,-0.0024670591373456966,True,p>=500M,0.50-0.55,0.25-0.50
110,39655321,39654336,985,-127.70959529037896,-0.0132935506548435,0.0,0.0882379519127139,-0.5312563286582467,-0.6352738751491382,-0.10401754649089155,0.06818279601955107,-0.06818279601955107,-0.08823795191271397,0.08823795191271397,0.07967232338456824,-0.002916719663990246,-0.0021169208804768624,False,p<100M,0.50-0.55,0.25-0.50
39,39690667,39682692,7975,-364.0109776889212,-0.0133149790272631,0.0,0.2349256240499423,-0.5779363109800574,-1.5260160754989325,-0.948079764518875,0.21848170759405397,-0.21848170759405397,-0.23492562404994233,0.23492562404994233,0.24654826862926088,-0.009256083964693044,-0.006597592582555266,False,p<100M,0.55-0.60,0.05-0.10
223,604848841,604844050,4791,-382.9342517927116,-0.0135309352061743,0.0,0.1356230693499753,-0.517909687140826,-0.6571348690275352,-0.1392251818867092,0.12098870294262086,-0.12098870294262086,-0.13562306934997534,0.13562306934997534,0.12307451307751481,-0.0042879070904144655,-0.003546850666250971,True,p>=500M,0.50-0.55,0.10-0.25
43,12781267,12779528,1739,-151.7480364006467,-0.013590059484822,0.0,0.1300675391522673,-0.5666300949049569,-0.9106495995741416,-0.34401950466918474,0.11014589025838667,-0.11014589025838667,-0.13006753915226738,0.13006753915226738,0.14847171154492536,-0.0046678665669401325,-0.0032239513764961408,False,p<100M,0.55-0.60,0.10-0.25
3,30974597,30910184,64413,-1027.9446158131832,-0.0136135479206817,0.0,0.6812241515207513,-0.7526962563342914,-9.766294117602488,-9.013597861268197,0.6642444779691845,-0.6642444779691845,-0.6811099413033653,0.6811099413033653,0.7397168531326563,-0.028073534972614726,-0.020667783958409996,False,p<100M,>=0.70,0.018-0.05
108,39634747,39633125,1622,-169.89877765908955,-0.0137824420499271,0.0,0.1078488246263689,-0.5333256844368068,-0.7110387085579781,-0.17771302412117126,0.09075973584359716,-0.09075973584359716,-0.10784882462636891,0.10784882462636891,0.092840683823724,-0.004003310365785891,-0.002654523618558352,False,p<100M,0.50-0.55,0.10-0.25
25,109813367,109790208,23159,-719.8064293124298,-0.0137988077432052,0.0,0.3557665519303423,-0.5958046393301927,-2.283233323613189,-1.6874286842829966,0.3389837450779626,-0.3389837450779626,-0.3557665519303423,0.3557665519303423,0.3564156776765957,-0.0133259738142187,-0.010137391110994712,False,100M<=p<500M,0.55-0.60,0.05-0.10
95,178011341,178005997,5344,-366.6962581891348,-0.0138991053900348,0.0,0.1648839859416764,-0.5374036443213698,-0.8281932432974807,-0.2907895989761109,0.14705611014008735,-0.14705611014008735,-0.1648839859416764,0.1648839859416764,0.16078485160876682,-0.005569048133931195,-0.004336073511538405,False,100M<=p<500M,0.50-0.55,0.10-0.25
171,33862193,33861455,738,-113.83924430671334,-0.0139404039870421,0.0,0.0736278072537615,-0.520921015167009,-0.6021320974362337,-0.08121108226922473,0.05787036133223827,-0.05787036133223827,-0.07362780725376156,0.07362780725376156,0.059939006863966006,-0.0025061362844804205,-0.002004833456552366,False,p<100M,0.50-0.55,0.25-0.50
91,179602723,179595316,7407,-450.7172966904154,-0.0144973898480871,0.0,0.1917202756433797,-0.5386544156506102,-0.9441980753314109,-0.4055436596808007,0.17481539152050019,-0.17481539152050019,-0.19172027564337968,0.19172027564337968,0.16945159880239372,-0.007049773854779645,-0.005493986435645108,False,100M<=p<500M,0.50-0.55,0.10-0.25
102,33477793,33476547,1246,-154.43846648475437,-0.0145740462550458,0.0,0.096662723146914,-0.532199306869272,-0.676615413330713,-0.14441610646144099,0.07885308785741536,-0.07885308785741536,-0.09666272314691408,0.09666272314691408,0.11762785280596794,-0.0029227345773047454,-0.0025631645525155066,False,p<100M,0.50-0.55,0.25-0.50
55,12895717,12894136,1581,-156.60587200935356,-0.0146932242356456,0.0,0.1217247995908262,-0.5571319675053676,-0.8633434486674336,-0.3062114811620659,0.1031699645978112,-0.1031699645978112,-0.12172479959082623,0.12172479959082623,0.12883682935861465,-0.004468832388707411,-0.0030034053933604803,False,p<100M,0.55-0.60,0.10-0.25
156,33871261,33870647,614,-111.19601929144392,-0.0149280533034092,0.0,0.0691402528338287,-0.5226819245752146,-0.587428952377124,-0.06474702780190947,0.05058822676419855,-0.05058822676419855,-0.06914025283382874,0.06914025283382874,0.08125048234641671,-0.0017873149763707674,-0.0012377352089074196,False,p<100M,0.50-0.55,0.25-0.50
109,33492847,33491912,935,-137.96589757999288,-0.0150288964557925,0.0,0.0863386781827271,-0.5299055499592399,-0.6343799030620314,-0.10447435310279155,0.06586293274336268,-0.06586293274336268,-0.0863386781827271,0.0863386781827271,0.08557526241678524,-0.0026089852402897246,-0.001940081846070203,False,p<100M,0.50-0.55,0.25-0.50
63,30816007,30813688,2319,-215.2921471839013,-0.0150357367854338,0.0,0.1321516982536188,-0.5494587494142806,-0.8426072337103496,-0.293148484296069,0.11365076420007666,-0.11365076420007666,-0.13215169825361886,0.13215169825361886,0.12454414734281179,-0.0048939863879898324,-0.00410886250579782,False,p<100M,0.50-0.55,0.10-0.25
316,604434563,604433380,1183,-212.4494583474634,-0.0151080834195919,0.0,0.0706267903397897,-0.5099572124480886,-0.5395510105787706,-0.029593798130682115,0.051740318542925205,-0.051740318542925205,-0.07062679033978977,0.07062679033978977,0.05312736711717091,-0.0018312992278565145,-0.0015043502014166475,True,p>=500M,0.50-0.55,0.25-0.50
183,109726069,109724532,1537,-204.0286805520348,-0.0151836904780495,0.0,0.0924099628241718,-0.5201400809594223,-0.6172649190821434,-0.09712483812272107,0.07571315421440726,-0.07571315421440726,-0.09240996282417181,0.09240996282417181,0.07387478806813737,-0.0032855470582311475,-0.0021794287865255476,False,100M<=p<500M,0.50-0.55,0.25-0.50
62,113166227,113154493,11734,-570.3217879884924,-0.0153099168444497,0.0,0.2503069484559692,-0.5505019497337198,-1.3733916561076593,-0.8228897063739394,0.23499191293373353,-0.23499191293373353,-0.2503069484559693,0.2503069484559693,0.2457155421930677,-0.00921156083353967,-0.006965518850900978,False,100M<=p<500M,0.55-0.60,0.05-0.10
67,39699197,39695992,3205,-265.53724747196566,-0.0153211765083552,0.0,0.1495716452263878,-0.5457563423930658,-0.9077735290382405,-0.36201718664517474,0.13160934175119632,-0.13160934175119632,-0.14957164522638788,0.14957164522638788,0.1597485116443082,-0.005549862864172296,-0.004486954120495673,False,p<100M,0.50-0.55,0.10-0.25
104,30358319,30357034,1285,-165.14358633355937,-0.0155206935018589,0.0,0.097634505621578,-0.5327662866324367,-0.6880749940863188,-0.15530870745388198,0.08042370497303525,-0.08042370497303525,-0.09763450562157805,0.09763450562157805,0.10840979469760759,-0.003132309088610683,-0.002700217598108477,False,p<100M,0.50-0.55,0.25-0.50
121,108842081,108840439,1642,-217.0841446013817,-0.0156438690179397,0.0,0.0996639793175021,-0.5275193898418146,-0.6317714239531017,-0.10425203411128718,0.07837887439402169,-0.07837887439402169,-0.09966397931750208,0.09966397931750208,0.0889560661653426,-0.0030959711901554473,-0.0026171515361278026,False,100M<=p<500M,0.50-0.55,0.25-0.50
51,12842173,12840082,2091,-192.29332879440085,-0.0156957821804743,0.0,0.1392439305539144,-0.5551431222136524,-0.9650658532424544,-0.409922731028802,0.11990574866534748,-0.11990574866534748,-0.1392439305539145,0.1392439305539145,0.16443681960916087,-0.005320970371560729,-0.004297971241578591,False,p<100M,0.55-0.60,0.10-0.25
159,178905659,178902349,3310,-326.6294922581101,-0.015722655409812,0.0,0.127736784305964,-0.5230757172776631,-0.6952815925109315,-0.17220587523326836,0.11087420116752512,-0.11087420116752512,-0.12773678430596408,0.12773678430596408,0.13458106787291213,-0.00405095299802156,-0.0031642058237240566,False,100M<=p<500M,0.50-0.55,0.10-0.25
215,604883911,604879711,4200,-418.75836712238106,-0.0158034915264384,0.0,0.1286153186276067,-0.5173941472674827,-0.6360661838166484,-0.11867203654916571,0.11014732695586783,-0.11014732695586783,-0.1286153186276067,0.1286153186276067,0.10846024243703713,-0.004186834335346696,-0.0033466348507676935,True,p>=500M,0.50-0.55,0.10-0.25
228,604708931,604704593,4338,-435.4909596411353,-0.0161718980040968,0.0,0.1280136512189761,-0.5165813183319085,-0.6390494267418602,-0.12246810840995173,0.11183507955579303,-0.11183507955579303,-0.1280136512189761,0.1280136512189761,0.11689155603948705,-0.0039047251791631695,-0.0033352375982759305,True,p>=500M,0.50-0.55,0.10-0.25
32,3293113,3292080,1033,-117.56184933337444,-0.016240843463246,0.0,0.1154116378424172,-0.571358653472456,-0.9588280733736689,-0.387469419901213,0.09713660499328679,-0.09713660499328679,-0.1154116378424172,0.1154116378424172,0.13576471783116953,-0.004819798314136311,-0.004363020589262151,False,p<100M,0.55-0.60,0.10-0.25
161,108572459,108571084,1375,-209.315923583554,-0.0164880761984989,0.0,0.0882403302666724,-0.5224161555169932,-0.6071592183053383,-0.08474306278834509,0.06955553746476602,-0.06955553746476602,-0.08824033026667241,0.08824033026667241,0.08110412582803501,-0.0027306147976836675,-0.0021055260155864895,False,100M<=p<500M,0.50-0.55,0.25-0.50
18,3241093,3239129,1964,-165.06704136906455,-0.0165731100488926,0.0,0.159654089699117,-0.5999999528542949,-1.3751504455361907,-0.7751504926818958,0.14011202855347463,-0.14011202855347463,-0.159654089699117,0.159654089699117,0.1778671782362804,-0.0068956803223420285,-0.004401119502149652,False,p<100M,0.55-0.60,0.10-0.25
9,12883477,12871995,11482,-480.68150179983786,-0.0167368613063616,0.0,0.3212949859833325,-0.6721334807619949,-3.080115039503216,-2.4079815587412217,0.30094442868251114,-0.30094442868251114,-0.3212949859833325,0.3212949859833325,0.34981066177768666,-0.013601750749051112,-0.009413299956502835,False,p<100M,0.65-0.70,0.05-0.10
185,187500319,187498570,1749,-263.1556726067745,-0.0173404432365679,0.0,0.09346455550884,-0.520968687898903,-0.603239832881021,-0.08227114498211788,0.0742328278540055,-0.0742328278540055,-0.09346455550884002,0.09346455550884002,0.09532867813595694,-0.0027458070325771956,-0.0024262549695742716,False,100M<=p<500M,0.50-0.55,0.25-0.50
70,12847921,12847029,892,-139.04176855224262,-0.0173754024332304,0.0,0.0908608054490663,-0.5420149213573797,-0.7009533222361423,-0.15893840087876251,0.07119260047589483,-0.07119260047589483,-0.09086080544906631,0.09086080544906631,0.10486030065122938,-0.0029292238614737824,-0.0025789941048628014,False,p<100M,0.50-0.55,0.25-0.50
181,180635669,180633960,1709,-264.0889231567578,-0.0176735534402744,0.0,0.0931836500249432,-0.5200101242645556,-0.6013884771038426,-0.08137835283928693,0.07319549342641804,-0.07319549342641804,-0.0931836500249432,0.0931836500249432,0.07451086260876452,-0.0028980709928786074,-0.0025903904775739996,False,100M<=p<500M,0.50-0.55,0.25-0.50
44,109588091,109577354,10737,-629.3445955758762,-0.0177226687748103,0.0,0.2415685632788372,-0.5659120742759504,-1.320772379088724,-0.7548603048127737,0.22253016129984254,-0.22253016129984254,-0.24156856327883727,0.24156856327883727,0.2501628026127321,-0.008602709896020902,-0.006505484029114766,False,100M<=p<500M,0.55-0.60,0.10-0.25
97,30981239,30980149,1090,-175.80966234322875,-0.0178981055752952,0.0,0.0903727573504991,-0.5347126179397274,-0.6587153149811018,-0.12400269704137451,0.07026593794595397,-0.07026593794595397,-0.09037275735049914,0.09037275735049914,0.10709400544050171,-0.002872070379495451,-0.002429668606464529,False,p<100M,0.50-0.55,0.25-0.50
77,39674417,39673239,1178,-198.21267981504025,-0.0188655933333372,0.0,0.0933658727593846,-0.5381546341301745,-0.6552970968930467,-0.11714246276287225,0.07022773512529909,-0.07022773512529909,-0.09336587275938467,0.09336587275938467,0.08549046200676837,-0.0030231311172981587,-0.00246265890097722,False,p<100M,0.50-0.55,0.25-0.50
69,108581987,108578163,3824,-400.9453068567673,-0.0189383064477639,0.0,0.1469597990717331,-0.5477784702105246,-0.8009035985357308,-0.2531251283252061,0.12458626279728342,-0.12458626279728342,-0.14695979907173326,0.14695979907173326,0.11979823335294931,-0.005325627875157843,-0.003995887146543868,False,100M<=p<500M,0.50-0.55,0.10-0.25
50,3457967,3457512,455,-93.6529697629686,-0.0193680367735395,0.0,0.0793601948576568,-0.5552607895839928,-0.6992298667395589,-0.1439690771555661,0.05536606911282309,-0.05536606911282309,-0.07936019485765684,0.07936019485765684,0.06932062917575747,-0.0030029005842229072,-0.0018892893470992633,False,p<100M,0.55-0.60,0.25-0.50
155,109764139,109762638,1501,-260.5729102754683,-0.0196221096030722,0.0,0.0926824198591366,-0.5231877978140547,-0.612147517240083,-0.08895971942602834,0.07018431664754644,-0.07018431664754644,-0.09268241985913664,0.09268241985913664,0.08377595989319318,-0.0028831692525257573,-0.0022666264553715225,False,100M<=p<500M,0.50-0.55,0.25-0.50
153,108849263,108847420,1843,-288.5408809320145,-0.0196265620456486,0.0,0.1012159404301471,-0.5236889186622078,-0.63729626449683,-0.11360734583462222,0.07999308767295708,-0.07999308767295708,-0.10058656943099736,0.10058656943099736,0.08716601528138099,-0.003265293357857252,-0.002569158011112169,False,100M<=p<500M,0.50-0.55,0.25-0.50
47,12807413,12805898,1515,-205.7621329185172,-0.0197377997286405,0.0,0.1184377830877646,-0.560159477790724,-0.8390270292566034,-0.2788675514658794,0.09573306765367764,-0.09573306765367764,-0.11843778308776462,0.11843778308776462,0.12596905726510702,-0.004164016415193456,-0.003133959764217445,False,p<100M,0.55-0.60,0.25-0.50
178,109496207,109495510,697,-178.6808742050422,-0.0197507288629535,0.0,0.0652388028843534,-0.5197681107000722,-0.5556106430218801,-0.03584253232180784,0.041457516440913306,-0.041457516440913306,-0.06523880288435344,0.06523880288435344,0.04420002692685427,-0.0016756425451134298,-0.0014215444757309525,False,100M<=p<500M,0.50-0.55,0.50-1.00
72,12843647,12843190,457,-113.26485440576494,-0.0197754667444977,0.0,0.0679786634633438,-0.5390763156473999,-0.6088235780492042,-0.06974726240180423,0.04364182645884409,-0.04364182645884409,-0.06797866346334389,0.06797866346334389,0.055758564142023646,-0.001976992396284199,-0.0019330083676459815,False,p<100M,0.50-0.55,0.50-1.00
28,109670797,109660803,9994,-700.5003791113922,-0.0204449190937458,0.0,0.2345732370876761,-0.5789157429369166,-1.2703359199578148,-0.6914201770208982,0.21133166289965347,-0.21133166289965347,-0.23457323708767616,0.23457323708767616,0.23049566384875966,-0.00834853702375455,-0.006781515897101099,False,100M<=p<500M,0.55-0.60,0.10-0.25
208,604822567,604819805,2762,-456.8694624263994,-0.0212617420662863,0.0,0.1030306737173388,-0.5178242477092607,-0.5884782719015698,-0.07065402419230896,0.08086444517526847,-0.08086444517526847,-0.10303067371733883,0.10303067371733883,0.09615313288048218,-0.002762847723600127,-0.002346651148865738,True,p>=500M,0.50-0.55,0.25-0.50
206,180640297,180639336,961,-238.54340509111228,-0.0212887064267581,0.0,0.0697019970406704,-0.5178748136000543,-0.5569288526354357,-0.0390540390353814,0.04684412531104187,-0.04684412531104187,-0.0697019970406704,0.0697019970406704,0.05745194831374211,-0.0017168113730095648,-0.001396435238704002,False,100M<=p<500M,0.50-0.55,0.50-1.00
98,33843191,33842396,795,-188.19672853522707,-0.0222058889162005,0.0,0.0761893412087709,-0.5339161948335525,-0.6101091754368465,-0.07619298060329406,0.05230060453477185,-0.05230060453477185,-0.07618934120877097,0.07618934120877097,0.05832235772492452,-0.002472070691573746,-0.002018766880162041,False,p<100M,0.50-0.55,0.25-0.50
10,178298621,178254856,43765,-1758.548029879923,-0.0232879166509092,0.0,0.4625799992422776,-0.6522969511072454,-3.1250533570112413,-2.4727564059039957,0.43725192631542403,-0.43725192631542403,-0.4625799992422776,0.4625799992422776,0.4534017293572255,-0.0169456633848321,-0.012766773643468933,False,100M<=p<500M,0.60-0.65,0.05-0.10
36,39707851,39704004,3847,-452.5803398765943,-0.0238344126731367,0.0,0.1623741874086595,-0.5697791218294836,-0.9830497600312316,-0.413270638201748,0.13714548445978042,-0.13714548445978042,-0.1623741874086595,0.1623741874086595,0.1595382096806404,-0.005871577021876595,-0.004294464303801053,False,p<100M,0.55-0.60,0.10-0.25
118,179650181,179648340,1841,-377.4982097341908,-0.0243546948872444,0.0,0.0958698914280892,-0.5292614230186642,-0.6102163018525333,-0.08095487883386902,0.0700042897116968,-0.0700042897116968,-0.09586989142808927,0.09586989142808927,0.07714620753257428,-0.0028116440206208235,-0.002068073216782988,False,100M<=p<500M,0.50-0.55,0.25-0.50
6,3448507,3446024,2483,-285.247239607314,-0.0252616020732246,0.0,0.1786966438467436,-0.6838880864085326,-1.592624699697961,-0.9087366132894285,0.14944900281659243,-0.14944900281659243,-0.17869664384674366,0.17869664384674366,0.17117987560115072,-0.007955250925516442,-0.006460469557617298,False,p<100M,0.65-0.70,0.10-0.25
12,3279709,3278912,797,-166.86828088206357,-0.0262586899807756,0.0,0.1060058846880691,-0.6234346860692613,-0.8808859013687698,-0.2574512152995085,0.07336887604837976,-0.07336887604837976,-0.10600588468806917,0.10600588468806917,0.08866126993770462,-0.003695263591408324,-0.0032145964384461424,False,p<100M,0.60-0.65,0.25-0.50
57,179620853,179616870,3983,-637.8829200418768,-0.0279793726518573,0.0,0.1434186712486546,-0.5573562810150402,-0.7459083327767649,-0.18855205176172482,0.11084258327778278,-0.11084258327778278,-0.14341867124865462,0.14341867124865462,0.12607109407320927,-0.004284855181380643,-0.0031177038906084567,False,100M<=p<500M,0.55-0.60,0.25-0.50
8,3452747,3451296,1451,-246.6432758578178,-0.0285688313843675,0.0,0.1383470038914393,-0.6669260493309603,-1.1546599721215125,-0.4877339227905521,0.10497564138210953,-0.10497564138210953,-0.13834700389143934,0.13834700389143934,0.15835389744783188,-0.004877046847366571,-0.00387033373644819,False,p<100M,0.65-0.70,0.25-0.50
