block_id,p_star,y,hi,h,prime_log_sum,theta_local_error,theta_local_sum_from_sieve,prime_log_sum_check_delta,theta_local_norm,theta_start_error,theta_end_error,theta_end_norm,theta_pstar_error,theta_pstar_norm,theta_start_sign,theta_end_sign,theta_local_sign,theta_crosses_sign,Q_max,near_forbidden_proxy,post_Q,cp_ratio,d_worst,is_tail,scale_bin,depth_bin,mu_bin
1,180530237,179845447,180530237,684790,681700.0118667303,-3089.9881332697114,681700.0118673146,-5.842885002493858e-07,-0.010331169902637048,-4239.522950917482,-7329.511083602905,-0.001509285594475425,-7329.511083602905,-0.001509285594475425,negative,negative,negative,False,1.8193520399038576,True,0.0015990424153537095,1.819256709639388,0.7267830456257764,False,100M<=p<500M,>=0.70,0.006-0.01
2,24317,24178,24181,3,20.186562246627208,17.186562246627208,20.186562246628455,-1.2470025012589758e-12,0.09729210064860783,-91.70607917993766,-74.5195169333092,-0.004703970659597689,-119.65657780966649,-0.0075236879199148,negative,negative,positive,False,0.1157979799474991,False,0.0,0.1157979799474991,0.7141828013319464,False,p<100M,>=0.70,0.25-0.50
3,30974597,30910184,30974597,64413,63385.05538418682,-1027.9446158131832,63385.05538421124,-2.442538971081376e-08,-0.013613547920681797,-2116.045651886612,-3143.99026767537,-0.001898745389490342,-3143.99026767537,-0.001898745389490342,negative,negative,negative,False,0.6812241515207513,False,0.0,0.6811099413033653,0.7157280208129054,False,p<100M,>=0.70,0.018-0.05
4,59921,59920,59921,1,11.0007823069704,10.0007823069704,11.000782306968176,2.2239987629291136e-12,0.08263933860430703,-180.43455502479628,-170.4337727178281,-0.005753326094478934,-170.4337727178281,-0.005753326094478934,negative,negative,positive,False,0.0921982535693211,False,0.0,0.0921982535693211,0.7129612899730609,False,p<100M,>=0.70,0.25-0.50
5,356077,355293,356077,784,779.6845397387327,-4.315460261267276,779.6845397385769,1.5586465451633558e-10,-0.0009432138140128665,-361.44403506210074,-365.7594953235239,-0.0037511524150766916,-365.7594953235239,-0.0037511524150766916,negative,negative,negative,False,0.1566810093663226,False,0.0,0.1566810093663226,0.6808214384796782,False,p<100M,0.65-0.70,0.10-0.25
6,3448507,3446024,3448507,2483,2197.752760392686,-285.247239607314,2197.7527603944764,-1.7903403204400092e-09,-0.025261602073224653,-808.0232159825973,-1093.270455588121,-0.002598004237890456,-1093.270455588121,-0.002598004237890456,negative,negative,negative,False,0.1786966438467436,False,0.0075167682455929506,0.1786966438467436,0.6766177166764266,False,p<100M,0.65-0.70,0.10-0.25
7,30774449,30670319,30774449,104130,103201.64698174797,-928.3530182520335,103201.64698192477,-1.7680577002465725e-07,-0.00967698567760322,-2218.059750366956,-3146.4127684421837,-0.001907811365164701,-3146.4127684421837,-0.001907811365164701,negative,negative,negative,False,0.862526348366495,True,0.0,0.862526348366495,0.6619667915824885,False,p<100M,0.65-0.70,0.01-0.018
8,3452747,3451296,3452747,1451,1204.3567241421822,-246.6432758578178,1204.3567241407,1.4822489902144298e-09,-0.028568831384367565,-841.3938536751084,-1088.0371295344085,-0.0025835581430731927,-1088.0371295344085,-0.0025835581430731927,negative,negative,negative,False,0.1383470038914393,False,0.0,0.1383470038914393,0.6601082822765448,False,p<100M,0.65-0.70,0.25-0.50
9,12883477,12871995,12883477,11482,11001.318498200162,-480.68150179983786,11001.318498209119,-8.956703823059797e-09,-0.016736861306361622,-1577.384536653757,-2058.0660384446383,-0.002139282517386741,-2058.0660384446383,-0.002139282517386741,negative,negative,negative,False,0.3212949859833325,False,0.0,0.3212949859833325,0.6598082984438048,False,p<100M,0.65-0.70,0.05-0.10
10,178298621,178254856,178298621,43765,42006.45197012008,-1758.548029879923,42006.4519701004,1.9674189388751984e-08,-0.023287916650909273,-5526.680751860142,-7285.228781759739,-0.001511503205911477,-7285.228781759739,-0.001511503205911477,negative,negative,negative,False,0.4625799992422776,False,0.00917826988505208,0.4625799992422776,0.6419754853013281,False,100M<=p<500M,0.60-0.65,0.05-0.10
11,211,210,211,1,5.351858133476067,4.351858133476067,5.351858133476071,-4.440892098500626e-15,0.15193769863844186,-21.43649372849265,-17.08463559501658,-0.04106343795390668,-17.08463559501658,-0.04106343795390668,negative,negative,positive,False,0.1912764152417241,False,0.0,0.1912764152417241,0.6161673473242094,False,p<100M,0.60-0.65,0.50-1.00
12,3279709,3278912,3279709,797,630.1317191179364,-166.86828088206357,630.1317191179842,-4.774847184307873e-11,-0.026258689980775633,-900.2250913833268,-1067.0933722653426,-0.002617659727276022,-1067.0933722653426,-0.002617659727276022,negative,negative,negative,False,0.1060058846880691,False,0.017344614750364543,0.1060058846880691,0.6235492881763838,False,p<100M,0.60-0.65,0.25-0.50
13,42899,42898,42899,1,10.666603794621116,9.666603794621116,10.666603794619732,1.3837819778927951e-12,0.08496138647874055,-150.99528244644898,-141.32867865182925,-0.005997280844403843,-141.32867865182925,-0.005997280844403843,negative,negative,positive,False,0.0968247715409328,False,0.0,0.0968247715409327,0.6188815394349537,False,p<100M,0.60-0.65,>=1.00
14,1195669,1195386,1195591,205,223.90523282037472,18.90523282037472,223.90523281996138,4.133369202463655e-10,0.006742297749720769,-641.1862259756308,-622.2809931556694,-0.0029060433926579123,-686.2867767363787,-0.0032048150719956986,negative,negative,positive,False,0.0899443884131837,False,0.0,0.0899443884131837,0.6157012647698638,False,p<100M,0.60-0.65,0.50-1.00
15,43133,43132,43133,1,10.672043644375696,9.672043644375696,10.6720436443793,-3.604228027143108e-12,0.08492255700810557,-150.27838163061097,-140.60633798623167,-0.005944356937912744,-140.60633798623167,-0.005944356937912744,negative,negative,positive,False,0.0943896668138165,False,0.0,0.0943896668138165,0.6098001375419628,False,p<100M,0.60-0.65,0.50-1.00
16,58309,58308,58309,1,10.973511734352114,9.973511734352114,10.973511734351632,4.813927034774679e-13,0.08282412152012163,-194.49956185246265,-184.52605011811102,-0.006345978904787018,-184.52605011811102,-0.006345978904787018,negative,negative,positive,False,0.0939517191622745,False,0.0,0.0939517191622745,0.6010007595452326,False,p<100M,0.60-0.65,>=1.00
17,59333,59332,59333,1,10.990920922612805,9.990920922612805,10.990920922609803,3.0020430585864233e-12,0.08270606437914654,-197.16599189383123,-187.17507097122143,-0.006361092137362883,-187.17507097122143,-0.006361092137362883,negative,negative,positive,False,0.0929815072257821,False,0.0,0.0929815072257821,0.5990148784799189,False,p<100M,0.55-0.60,0.50-1.00
18,3241093,3239129,3241093,1964,1798.9329586309354,-165.06704136906455,1798.9329586341046,-3.1691342883277684e-09,-0.01657311004889265,-919.3058718373068,-1084.3729132032022,-0.002680077193231037,-1084.3729132032022,-0.002680077193231037,negative,negative,negative,False,0.159654089699117,False,0.0,0.159654089699117,0.5971423528302159,False,p<100M,0.55-0.60,0.10-0.25
19,1515197,1513853,1515197,1344,1280.753446878976,-63.24655312102391,1280.7534468783997,5.763922672485933e-10,-0.008518496923980384,-689.6372385844588,-752.8837917060591,-0.003020084818241494,-752.8837917060591,-0.003020084818241494,negative,negative,negative,False,0.1510851987794436,False,0.0,0.1510851987794436,0.5942937247376517,False,p<100M,0.55-0.60,0.10-0.25
20,58511,58510,58511,1,10.97697004973177,9.97697004973177,10.976970049734518,-2.7480240305521875e-12,0.08280064311811526,-176.999139295629,-167.02216924589447,-0.005730472082525359,-167.02216924589447,-0.005730472082525359,negative,negative,positive,False,0.0923670994574258,False,0.0,0.0923670994574258,0.5935433641279962,False,p<100M,0.55-0.60,0.50-1.00
21,30847123,30831334,30847123,15789,15364.66839069262,-424.33160930738086,15364.668390654027,3.859167918562889e-08,-0.01135596738560949,-2698.0201721712947,-3122.351781517267,-0.0018904733671001295,-3122.351781517267,-0.0018904733671001295,negative,negative,negative,False,0.338124053326903,False,0.0,0.338124053326903,0.5910684424741468,False,p<100M,0.55-0.60,0.05-0.10
22,60209,60208,60209,1,11.005577121783782,10.005577121783782,11.005577121781243,2.538413923502958e-12,0.08260693352007112,-182.35429245248088,-172.34871533069963,-0.005798981196919688,-172.34871533069963,-0.005798981196919688,negative,negative,positive,False,0.0940510554686493,False,0.0,0.0940510554686492,0.5866139076909833,False,p<100M,0.55-0.60,>=1.00
23,354619,354550,354553,3,25.55722059933116,22.55722059933116,25.557220599323045,8.114398042380344e-12,0.07975260251989916,-359.6596145264921,-337.10239392716903,-0.0034669997536609445,-364.766193573887,-0.003751055461298885,negative,negative,positive,False,0.0920232096308952,False,0.0,0.0920232096308952,0.5839609557801748,False,p<100M,0.55-0.60,0.50-1.00
24,180619079,180557417,180619079,61662,60495.3266136878,-1166.673386312199,60495.32661446929,-7.814887794665992e-07,-0.012998385316577796,-6201.409956872463,-7368.083342403173,-0.0015167766599432806,-7368.083342403173,-0.0015167766599432806,negative,negative,negative,False,0.5459231094474968,False,0.0,0.5459231094474968,0.5828287928298714,False,100M<=p<500M,0.55-0.60,0.018-0.05
25,109813367,109790208,109813367,23159,22439.19357068757,-719.8064293124298,22439.193570658565,2.9005605028942227e-08,-0.013798807743205282,-5068.864401891828,-5788.670831233263,-0.001611524803255104,-5788.670831233263,-0.001611524803255104,negative,negative,negative,False,0.3557665519303423,False,0.0,0.3557665519303423,0.5818528069713539,False,100M<=p<500M,0.55-0.60,0.05-0.10
26,230647,230560,230563,3,24.69655017143579,21.69655017143579,24.696550171414856,2.093258899549255e-11,0.08214696809023421,-318.4488748048316,-296.7523246334167,-0.00405309166444663,-331.35846971508,-0.004524656894503923,negative,negative,positive,False,0.0944180902326222,False,0.0,0.0944180902326222,0.5809506984984212,False,p<100M,0.55-0.60,0.25-0.50
27,1192781,1192323,1192781,458,419.7475054537239,-38.252494546276125,419.7475054534152,3.086597644141875e-10,-0.009130193097605441,-628.5907612997107,-666.8432558462955,-0.003118863348479418,-666.8432558462955,-0.003118863348479418,negative,negative,negative,False,0.0967472985369818,False,0.0,0.0967472985369818,0.5803693748006622,False,p<100M,0.55-0.60,0.25-0.50
28,109670797,109660803,109670797,9994,9293.499620888608,-700.5003791113922,9293.499621033669,-1.4506076695397496e-07,-0.020444919093745895,-5073.22338475287,-5773.723763719201,-0.0016086338239377708,-5773.723763719201,-0.0016086338239377708,negative,negative,negative,False,0.2345732370876761,False,0.0040775732389164805,0.2345732370876761,0.5767472460352718,False,100M<=p<500M,0.55-0.60,0.10-0.25
29,3456977,3455716,3456977,1261,1204.4570749115694,-56.54292508843059,1204.4570749104023,1.1671090760501102e-09,-0.007024363751630143,-1030.9596036165021,-1087.5025287060998,-0.0025802886680358727,-1087.5025287060998,-0.0025802886680358727,negative,negative,negative,False,0.1341559286414388,False,0.0,0.1341559286414388,0.5761187178156421,False,p<100M,0.55-0.60,0.10-0.25
30,4994789,4991760,4994789,3029,2915.059459257624,-113.94054074237602,2915.0594592560083,1.615717337699607e-09,-0.00870241751082165,-1178.6152836075053,-1292.555824351497,-0.002431095455396693,-1292.555824351497,-0.002431095455396693,negative,negative,negative,False,0.1879865387221068,False,0.0,0.1879865387221068,0.5736363522348349,False,p<100M,0.55-0.60,0.05-0.10
31,7108243,7105465,7108243,2778,2697.7929008970304,-80.20709910296955,2697.7929008957,1.330590748693794e-09,-0.006113793125343279,-1446.1588262310252,-1526.3659253353253,-0.0023000727883150016,-1526.3659253353253,-0.0023000727883150016,negative,negative,negative,False,0.1766899326140388,False,0.0,0.1766899326140388,0.5736183747679188,False,p<100M,0.55-0.60,0.10-0.25
32,3293113,3292080,3293113,1033,915.4381506666256,-117.56184933337443,915.4381506666541,-2.8535396268125623e-11,-0.016240843463246078,-953.7751942784525,-1071.3370436117984,-0.0026212904005023527,-1071.3370436117984,-0.0026212904005023527,negative,negative,negative,False,0.1154116378424172,False,0.0,0.1154116378424172,0.5732352521868559,False,p<100M,0.55-0.60,0.10-0.25
33,1197697,1197615,1197619,4,27.99169028406876,23.99169028406876,27.99169028410688,-3.8120617773529375e-11,0.06123905776439849,-658.9880678046029,-634.996377520496,-0.002962194697145093,-671.0087393932045,-0.0031300577106920906,negative,negative,positive,False,0.0726584885625681,False,0.0,0.0726584885625681,0.5714546434153948,False,p<100M,0.55-0.60,0.25-0.50
34,127,126,127,1,4.844187086458591,3.844187086458591,4.844187086458589,1.7763568394002505e-15,0.16381840768506986,-18.930195560461783,-15.086008474003194,-0.05704671903951806,-15.086008474003194,-0.05704671903951806,negative,negative,positive,False,0.2157084836048593,False,0.0,0.2157084836048593,0.5387179394323075,False,p<100M,0.50-0.55,0.50-1.00
35,354953,354952,354953,1,12.779740665326448,11.779740665326448,12.779740665340796,-1.4347634191835823e-11,0.0721259667898836,-378.28557841834845,-366.50583775300765,-0.003766616366266439,-366.50583775300765,-0.003766616366266439,negative,negative,positive,False,0.080127585396028,False,0.0,0.080127585396028,0.5708743245352553,False,p<100M,0.55-0.60,>=1.00
36,39707851,39704004,39707851,3847,3394.4196601234057,-452.5803398765943,3394.419660113752,9.653831511968747e-09,-0.02383441267313675,-3111.9928850978613,-3564.5732249841094,-0.0018477329872244703,-3564.5732249841094,-0.0018477329872244703,negative,negative,negative,False,0.1623741874086595,False,0.002835977728019102,0.1623741874086595,0.570765763152409,False,p<100M,0.55-0.60,0.10-0.25
37,1657,1656,1657,1,7.412764017426562,6.412764017426562,7.412764017426525,3.6415315207705135e-14,0.11670377630242393,-46.560019535945685,-40.14725551851916,-0.017948752062060074,-40.14725551851916,-0.017948752062060074,negative,negative,positive,False,0.1389495863976313,False,0.0,0.1389495863976313,0.5646890667962472,False,p<100M,0.55-0.60,0.50-1.00
38,156007,155920,155921,1,11.957104747706284,10.957104747706284,11.95710474770749,-1.20614629395277e-12,0.07663085853812723,-253.18551290550386,-242.22840815779637,-0.004290626411658459,-316.27075200076797,-0.005600088189198052,negative,negative,positive,False,0.0868104441327406,False,0.0,0.0868104441327406,0.5692447049653862,False,p<100M,0.55-0.60,>=1.00
39,39690667,39682692,39690667,7975,7610.989022311079,-364.01097768892123,7610.989022374153,-6.307436706265435e-08,-0.01331497902726315,-3180.960251748562,-3544.9712293744087,-0.0018380607773058005,-3544.9712293744087,-0.0018380607773058005,negative,negative,negative,False,0.2349256240499423,False,0.0,0.2349256240499423,0.5675301253868136,False,p<100M,0.55-0.60,0.05-0.10
40,30417481,30409154,30417481,8327,8098.2820029454115,-228.71799705458852,8098.282002937049,8.362803782802075e-09,-0.008442263113784957,-2880.7831094115973,-3109.5011064745486,-0.0018990304108167017,-3109.5011064745486,-0.0018990304108167017,negative,negative,negative,False,0.24963148266117,False,0.0,0.24963148266117,0.5656944525747528,False,p<100M,0.55-0.60,0.05-0.10
41,604672261,604520611,604672261,151650,150032.93169378905,-1617.0683062109456,150032.93169617653,-2.387474523857236e-06,-0.010156320244579683,-11613.621162891388,-13230.689466714859,-0.0013159872506794362,-13230.689466714859,-0.0013159872506794362,negative,negative,negative,False,0.7568596623500748,True,0.03437235322817768,0.7568596623500748,0.5650676485722232,True,p>=500M,0.55-0.60,0.018-0.05
42,7117417,7115469,7117417,1948,1830.2377002749845,-117.76229972501551,1830.2377002742141,7.703420124016702e-10,-0.010717780209247962,-1415.932465271093,-1533.6947649968788,-0.002309249053379138,-1533.6947649968788,-0.002309249053379138,negative,negative,negative,False,0.1460888226947264,False,0.0,0.1460888226947264,0.5645057407816215,False,p<100M,0.55-0.60,0.10-0.25
43,12781267,12779528,12781267,1739,1587.2519635993533,-151.7480364006467,1587.2519635949284,4.424919097800739e-09,-0.013590059484822,-1894.8298760391772,-2046.5779124442488,-0.0021379098965538714,-2046.5779124442488,-0.0021379098965538714,negative,negative,negative,False,0.1300675391522673,False,0.0,0.1300675391522673,0.5641560617988199,False,p<100M,0.55-0.60,0.10-0.25
44,109588091,109577354,109588091,10737,10107.655404424124,-629.3445955758762,10107.655404493213,-6.908885552547872e-08,-0.017722668774810324,-5152.747184991837,-5782.091780498624,-0.0016117043962495517,-5782.091780498624,-0.0016117043962495517,negative,negative,negative,False,0.2415685632788372,False,0.0,0.2415685632788372,0.5640377691345301,False,100M<=p<500M,0.55-0.60,0.10-0.25
45,12836777,12833438,12836777,3339,3175.3327670842978,-163.66723291570224,3175.3327670823783,1.919488568091765e-09,-0.01057235151407977,-1880.5745276082307,-2044.2417605258524,-0.0021297190788301607,-2044.2417605258524,-0.0021297190788301607,negative,negative,negative,False,0.1752468754780604,False,0.0,0.1752468754780604,0.5638688944543334,False,p<100M,0.55-0.60,0.10-0.25
46,618029,618028,618029,1,13.3342906609052,12.3342906609052,13.334290660917759,-1.255884285455977e-11,0.0693704230771723,-494.27680317882914,-481.9425125179114,-0.0034478707340002217,-481.9425125179114,-0.0034478707340002217,negative,negative,positive,False,0.0748436752518515,False,0.0,0.0748436752518515,0.5631494213750168,False,p<100M,0.55-0.60,0.25-0.50
47,12807413,12805898,12807413,1515,1309.2378670814828,-205.76213291851718,1309.2378670852631,-3.780314727919176e-09,-0.019737799728640502,-1852.6831239238381,-2058.445256838575,-0.0021475743873896466,-2058.445256838575,-0.0021475743873896466,negative,negative,negative,False,0.1184377830877646,False,0.0,0.1184377830877646,0.5622876677543968,False,p<100M,0.55-0.60,0.25-0.50
48,3440807,3439819,3440630,811,857.9096844098194,46.90968440981942,857.9096844103187,-4.993125912733376e-10,0.007271246588628184,-1045.2126221251674,-998.3029377148487,-0.0023757630357359983,-1100.046968669165,-0.0026178084247497273,negative,negative,positive,False,0.1225172337511368,False,0.0,0.1225172337511368,0.5606349450322781,False,p<100M,0.55-0.60,0.10-0.25
49,33902159,33888759,33902159,13400,13108.126641330568,-291.8733586694325,13108.126641348004,-1.743683242239058e-08,-0.008386765527824882,-2970.7746697068214,-3262.648028358817,-0.0018638415614247617,-3262.648028358817,-0.0018638415614247617,negative,negative,negative,False,0.3075518627750951,False,0.0,0.3075518627750951,0.559337593663511,False,p<100M,0.55-0.60,0.018-0.05
50,3457967,3457512,3457967,455,361.3470302370314,-93.65296976296861,361.3470302373171,-2.856950231944211e-10,-0.019368036773539574,-1005.2072501885705,-1098.8602199512534,-0.0026067643639724894,-1098.8602199512534,-0.0026067643639724894,negative,negative,negative,False,0.0793601948576568,False,0.010039565681899362,0.0793601948576568,0.5585861223496483,False,p<100M,0.55-0.60,0.25-0.50
51,12842173,12840082,12842173,2091,1898.7066712055992,-192.29332879440085,1898.706671204418,1.1812062439275905e-09,-0.015695782180474318,-1895.6037150453776,-2087.8970438409597,-0.0021746310428115167,-2087.8970438409597,-0.0021746310428115167,negative,negative,negative,False,0.1392439305539144,False,0.0,0.1392439305539145,0.5580235690234773,False,p<100M,0.55-0.60,0.10-0.25
52,1512479,1512478,1512479,1,14.229260584493224,13.229260584493224,14.22926058457233,-7.910649912901135e-11,0.06533876260529117,-766.068534019636,-752.8392734350637,-0.0030233813139198197,-752.8392734350637,-0.0030233813139198197,negative,negative,positive,False,0.0713499660129912,False,0.0,0.0713499660129912,0.5578895862071762,False,p<100M,0.55-0.60,0.50-1.00
53,356243,356170,356173,3,25.56633807844032,22.56633807844032,25.566338078468107,-2.7785773681898718e-11,0.07972781383092299,-356.4952549189911,-333.928916840523,-0.003424098718087084,-365.57900826248806,-0.0037481544063784748,negative,negative,positive,False,0.0917954514179663,False,0.0,0.0917954514179663,0.5577559153257986,False,p<100M,0.55-0.60,0.50-1.00
54,7112297,7110038,7112297,2259,2145.696051453453,-113.30394854654696,2145.6960514541715,-7.185008144006133e-10,-0.009576781758147345,-1412.3619855288416,-1525.66593407467,-0.0022981965497353065,-1525.66593407467,-0.0022981965497353065,negative,negative,negative,False,0.1547550134720171,False,0.0,0.1547550134720171,0.556380326479045,False,p<100M,0.55-0.60,0.10-0.25
55,12895717,12894136,12895717,1581,1424.3941279906464,-156.60587200935356,1424.3941279873252,3.3212472771992907e-09,-0.014693224235645673,-1895.2508312109858,-2051.8567032236606,-0.002131568432047315,-2051.8567032236606,-0.002131568432047315,negative,negative,negative,False,0.1217247995908262,False,0.0,0.1217247995908262,0.5562861011128931,False,p<100M,0.55-0.60,0.10-0.25
56,1511527,1511046,1511449,403,412.6251302173886,9.625130217388573,412.6251302175224,-1.3380940799834207e-10,0.0023682517122969957,-714.260146871442,-704.6350166539196,-0.0028310294832277596,-754.1777997303288,-0.003029978583763154,negative,negative,positive,False,0.0952884508457212,False,0.00603652731099433,0.0952884508457212,0.5561480230216432,False,p<100M,0.55-0.60,0.10-0.25
57,179620853,179616870,179620853,3983,3345.117079958123,-637.8829200418768,3345.1170799434185,1.4704710338264704e-08,-0.027979372651857314,-6692.321799874306,-7330.204719930887,-0.0015140488191748966,-7330.204719930887,-0.0015140488191748966,negative,negative,negative,False,0.1434186712486546,False,0.01734757717544536,0.1434186712486546,0.5561088242646545,False,100M<=p<500M,0.55-0.60,0.25-0.50
58,1188511,1188358,1188361,3,27.97616952660599,24.97616952660599,27.976169526576996,2.8993696332690888e-11,0.07369547219482654,-636.6867116000503,-611.7105420734733,-0.0028678419084118435,-663.7935052816756,-0.0031117664622279943,negative,negative,positive,False,0.0833294497303515,False,0.002296256544829283,0.0833294497303515,0.5545502017536743,False,p<100M,0.55-0.60,0.50-1.00
59,293,292,293,1,5.680172609017068,4.680172609017068,5.680172609017063,4.440892098500626e-15,0.14505703764384356,-20.655160533682306,-15.974987924665243,-0.028925685629031937,-15.974987924665243,-0.028925685629031937,negative,negative,positive,False,0.1707575979731007,False,0.0,0.1707575979731007,0.5426063203226165,False,p<100M,0.50-0.55,0.25-0.50
60,3291137,3290975,3290983,8,45.02008815604045,37.02008815604045,45.02008815575391,2.865405690499756e-10,0.05811918653763217,-1049.3252789666876,-1012.3051908109337,-0.002477869469926218,-1076.2648419090547,-0.0026343486055292356,negative,negative,positive,False,0.0730965487832678,False,0.0,0.0730965487832678,0.5512735894464837,False,p<100M,0.55-0.60,0.50-1.00
61,1190143,1190068,1190071,3,27.97904537377347,24.97904537377347,27.979045373853296,-7.982592364896846e-11,0.0736894995793346,-640.0511510875076,-615.0721057136543,-0.0028809369220483497,-659.092989757657,-0.003087006307629969,negative,negative,positive,False,0.0832943901091022,False,0.002277092848109802,0.0832943901091022,0.5512234961655321,False,p<100M,0.55-0.60,0.25-0.50
62,113166227,113154493,113166227,11734,11163.678212011508,-570.3217879884924,11163.678211927414,8.409369911532849e-08,-0.015309916844449729,-5310.907065212727,-5881.228853285313,-0.0016076280361705688,-5881.228853285313,-0.0016076280361705688,negative,negative,negative,False,0.2503069484559692,False,0.00459140626290162,0.2503069484559692,0.5505019497337198,False,100M<=p<500M,0.55-0.60,0.05-0.10
63,30816007,30813688,30816007,2319,2103.7078528160987,-215.2921471839013,2103.707852791995,2.410388333373703e-08,-0.015035736785433853,-2899.3161273673177,-3114.608274575323,-0.0018869576386256154,-3114.608274575323,-0.0018869576386256154,negative,negative,negative,False,0.1321516982536188,False,0.007607550910807089,0.1321516982536188,0.5491127518864393,False,p<100M,0.50-0.55,0.10-0.25
64,604810421,604757400,604810421,53021,51986.601556729926,-1034.3984432700745,51986.60155856609,-1.8361679394729435e-06,-0.010987106031064241,-12190.907531023026,-13225.305972456932,-0.0013152718046089155,-13225.305972456932,-0.0013152718046089155,negative,negative,negative,False,0.4494568065190746,False,0.022823540091301494,0.4494568065190746,0.5487978692884932,True,p>=500M,0.50-0.55,0.018-0.05
65,3439001,3438886,3438889,3,30.10131744255433,27.10131744255433,30.101317442487925,6.640377137046016e-11,0.06907435898944266,-1045.3623905098066,-1018.2610730673186,-0.002424035800293034,-1085.1090338020585,-0.0025831184153276383,negative,negative,positive,False,0.0792717980142518,False,0.009275601661059403,0.0792717980142518,0.5480401426356053,False,p<100M,0.50-0.55,>=1.00
66,1196077,1196076,1196077,1,13.994557592691232,12.994557592691232,13.994557592784986,-9.375433762670582e-11,0.06635033971160008,-687.4504196126945,-674.4558620199095,-0.0031488764187862727,-674.4558620199095,-0.0031488764187862727,negative,negative,positive,False,0.0711424243631883,False,0.0,0.0711424243631883,0.547773217609015,False,p<100M,0.50-0.55,0.25-0.50
67,39699197,39695992,39699197,3205,2939.4627525280343,-265.53724747196566,2939.4627524912357,3.679861038108356e-08,-0.015321176508355204,-3271.02866448462,-3536.5659119933844,-0.0018334605893745716,-3536.5659119933844,-0.0018334605893745716,negative,negative,negative,False,0.1495716452263878,False,0.0,0.1495716452263878,0.5473945756897027,False,p<100M,0.50-0.55,0.10-0.25
68,1192069,1192068,1192069,1,13.991201010838148,12.991201010838148,13.991201010765508,7.264056023359444e-11,0.06636503233835843,-681.3991396855563,-668.4079386747908,-0.0031273818402297467,-668.4079386747908,-0.0031273818402297467,negative,negative,positive,False,0.0712244136304279,False,0.0,0.0712244136304279,0.5469392600349418,False,p<100M,0.50-0.55,0.25-0.50
69,108581987,108578163,108581987,3824,3423.0546931432327,-400.9453068567673,3423.0546931177378,2.5494955480098724e-08,-0.01893830644776393,-5334.006957024336,-5734.952263906598,-0.0016075550798516907,-5734.952263906598,-0.0016075550798516907,negative,negative,negative,False,0.1469597990717331,False,0.027161565718783934,0.1469597990717332,0.5466631288926747,False,100M<=p<500M,0.50-0.55,0.10-0.25
70,12847921,12847029,12847921,892,752.9582314477574,-139.04176855224262,752.9582314472646,4.928324415232055e-10,-0.01737540243323043,-1918.786244329065,-2057.8280128818005,-0.0021427162451703235,-2057.8280128818005,-0.0021427162451703235,negative,negative,negative,False,0.0908608054490663,False,0.0,0.0908608054490663,0.5432900203093735,False,p<100M,0.50-0.55,0.25-0.50
71,1191481,1191480,1191481,1,13.990707629107597,12.990707629107597,13.990707629127428,-1.9831247755064396e-11,0.06636719254251143,-681.0183241898194,-668.027616560692,-0.0031265940287576693,-668.027616560692,-0.0031265940287576693,negative,negative,positive,False,0.0710316103925829,False,0.0,0.0710316103925829,0.5428951223217148,False,p<100M,0.50-0.55,0.25-0.50
72,12843647,12843190,12843647,457,343.73514559423506,-113.26485440576494,343.73514558933675,4.898311090073548e-09,-0.01977546674449774,-1942.7487491220236,-2056.013603532687,-0.002141270210079649,-2056.013603532687,-0.002141270210079649,negative,negative,negative,False,0.0679786634633438,False,0.012220099321320236,0.0679786634633438,0.5413127420473837,False,p<100M,0.50-0.55,0.50-1.00
73,40882169,40877269,40882169,4900,4679.48040130128,-220.51959869872007,4679.480401344597,-4.3317413656041026e-08,-0.010255891101582853,-3395.6709299385548,-3616.1905285939574,-0.0018412323091605792,-3616.1905285939574,-0.0018412323091605792,negative,negative,negative,False,0.1837301433813745,False,0.0,0.1837301433813744,0.540882856167803,False,p<100M,0.50-0.55,0.10-0.25
74,1186291,1186290,1186291,1,13.986342191006576,12.986342191006576,13.986342190997675,8.901324122234655e-12,0.06638631209978839,-680.765195001848,-667.7788528108504,-0.0031342147122905614,-667.7788528108504,-0.0031342147122905614,negative,negative,positive,False,0.0716803042452162,False,0.0,0.0716803042452162,0.5407802134133265,False,p<100M,0.50-0.55,0.50-1.00
75,113195507,113182659,113195507,12848,12517.584962055604,-330.4150379443963,12517.584962025285,3.0318915378302336e-08,-0.008476290536708852,-5530.510308668017,-5860.925346642733,-0.0016018261842435128,-5860.925346642733,-0.0016018261842435128,negative,negative,negative,False,0.2647255241959858,False,0.013423486419239837,0.2644876580421342,0.540411260645798,False,100M<=p<500M,0.50-0.55,0.05-0.10
76,2879,2878,2879,1,7.965198290612176,6.965198290612176,7.965198290612079,9.681144774731365e-14,0.10978431615958485,-57.415457612962655,-50.450259322350576,-0.01482004037253858,-50.450259322350576,-0.01482004037253858,negative,negative,positive,False,0.1282261417306278,False,0.0,0.1282261417306278,0.5383936210858575,False,p<100M,0.50-0.55,>=1.00
77,39674417,39673239,39674417,1178,979.7873201849598,-198.21267981504025,979.7873201817274,3.232344170100987e-09,-0.018865593333337226,-3315.9374150261283,-3514.150094844401,-0.001822538497537639,-3514.150094844401,-0.001822538497537639,negative,negative,negative,False,0.0933658727593846,False,0.007875410752616305,0.0933658727593846,0.5400354849372387,False,p<100M,0.50-0.55,0.25-0.50
78,3441797,3441229,3441797,568,511.7482961572121,-56.25170384278789,511.74829615745693,-2.448246050335001e-10,-0.010418416157255138,-1025.354753584601,-1081.606457427144,-0.0025734565076557373,-1081.606457427144,-0.0025734565076557373,negative,negative,negative,False,0.0865309897820664,False,0.01826160714045132,0.0865309897820664,0.5395140348759366,False,p<100M,0.50-0.55,0.10-0.25
79,109546081,109535495,109546081,10586,10255.541529067756,-330.4584709322444,10255.541529163718,-9.59626049734652e-08,-0.009372404514730353,-5445.4656841903925,-5775.924155026674,-0.0016103606118115933,-5775.924155026674,-0.0016103606118115933,negative,negative,negative,False,0.2408302537232801,False,0.0064669537032203345,0.2408302537232801,0.5395123641595936,False,100M<=p<500M,0.50-0.55,0.05-0.10
80,1198607,1198510,1198513,3,27.993182690643494,24.993182690643494,27.993182690581307,6.218670023372397e-11,0.07365656338621805,-658.2290955216158,-633.2359128310345,-0.0029525655295751575,-671.2493789126165,-0.003129651701401577,negative,negative,positive,False,0.0831464357639209,False,0.0022111566240151973,0.0831464357639209,0.5391643679924852,False,p<100M,0.50-0.55,0.50-1.00
81,1512197,1512196,1512197,1,14.22907411823977,13.22907411823977,14.229074118193239,4.653166740808956e-11,0.06533955411941986,-768.6513058389537,-755.4222317207605,-0.003034116781405166,-755.4222317207605,-0.003034116781405166,negative,negative,positive,False,0.0705955645536329,False,0.0,0.0705955645536329,0.5390922629679531,False,p<100M,0.50-0.55,0.50-1.00
82,12782599,12782006,12782500,494,425.4526922582727,-68.54730774172731,425.4526922516525,6.620211934205145e-09,-0.011517798190993916,-1967.4019846413285,-2035.949292389676,-0.0021266793039514554,-2102.2221084143966,-0.002195894918482551,negative,negative,negative,False,0.0796044258439215,False,0.0,0.0796044258439215,0.5390778316381877,False,p<100M,0.50-0.55,0.50-1.00
83,42923,42922,42923,1,10.66716309178561,9.66716309178561,10.66716309178446,1.1510792319313623e-12,0.0849573926179324,-153.66202823715867,-143.9948651453742,-0.0061080713427932205,-143.9948651453742,-0.0061080713427932205,negative,negative,positive,False,0.0952612074725035,False,0.0,0.0952612074725035,0.5387334988897204,False,p<100M,0.50-0.55,0.50-1.00
84,617579,617578,617579,1,13.33356227452393,12.33356227452393,13.33356227457989,-5.596056951162609e-11,0.06937390539206914,-497.6289904229343,-485.2954281483544,-0.003473501995490664,-485.2954281483544,-0.003473501995490664,negative,negative,positive,False,0.0752538383487422,False,0.0,0.0752538383487422,0.5383644544654106,False,p<100M,0.50-0.55,0.50-1.00
85,10357,10356,10357,1,9.24541789858888,8.24541789858888,9.24541789858813,7.496225862269057e-13,0.09646273672542288,-81.63468962029765,-73.38927172170952,-0.008436503620822672,-73.38927172170952,-0.008436503620822672,negative,negative,positive,False,0.1086725867349362,False,0.0,0.1086725867349362,0.5380026021199632,False,p<100M,0.50-0.55,0.50-1.00
86,15859,15858,15859,1,9.6714924414986,8.6714924414986,9.67149244149914,-5.400124791776761e-13,0.09270578941598219,-116.33664352434243,-107.6651510828433,-0.009140085559202331,-107.6651510828433,-0.009140085559202331,negative,negative,positive,False,0.1069835705399953,False,0.0,0.1069835705399953,0.5376501929929863,False,p<100M,0.50-0.55,>=1.00
87,109467389,109460158,109467389,7231,7052.730369859765,-178.26963014023477,7052.7303698807955,-2.103024598909542e-08,-0.006118035337516266,-5598.029958710074,-5776.299588829279,-0.0016111691166650886,-5776.299588829279,-0.0016111691166650886,negative,negative,negative,False,0.2045445847739718,False,0.03085627775811593,0.2045445847739718,0.5381612551129792,False,100M<=p<500M,0.50-0.55,0.05-0.10
88,3290641,3290318,3290641,323,285.1242416430068,-37.875758356993174,285.12424164265394,3.5288394428789616e-10,-0.009358276475857805,-1037.6086657783017,-1075.4844241356477,-0.002632689664073648,-1075.4844241356477,-0.002632689664073648,negative,negative,negative,False,0.0705553720204413,False,0.0,0.0705553720204413,0.5381235805731697,False,p<100M,0.50-0.55,0.25-0.50
89,1188149,1188148,1188149,1,13.987907191915609,12.987907191915609,13.987907191971317,-5.5708326840431255e-11,0.06637945651859609,-692.4583857012913,-679.47047850932,-0.0031858817684435334,-679.47047850932,-0.0031858817684435334,negative,negative,positive,False,0.0739495641263946,False,0.0,0.0739495641263946,0.5380641307750015,False,p<100M,0.50-0.55,>=1.00
90,179641471,179630689,179641471,10782,10320.498783983438,-461.50121601656247,10320.498783886433,9.700488590169698e-08,-0.012303256907301843,-6845.737265765667,-7307.238481879234,-0.0015092003137835662,-7307.238481879234,-0.0015092003137835662,negative,negative,negative,False,0.2296201708973325,False,0.0,0.2296201708973325,0.5377503501660157,False,100M<=p<500M,0.50-0.55,0.05-0.10
91,179602723,179595316,179602723,7407,6956.282703309585,-450.7172966904154,6956.282703250647,5.893798515899107e-08,-0.014497389848087155,-6881.503882437944,-7332.221179187298,-0.001514557841539917,-7332.221179187298,-0.001514557841539917,negative,negative,negative,False,0.1917202756433797,False,0.022268676840985966,0.1917202756433796,0.5376464937949953,False,100M<=p<500M,0.50-0.55,0.10-0.25
92,3453943,3453942,3453943,1,15.055027034946916,14.055027034946916,15.055027035064995,-1.1807976818545285e-10,0.06201098157230747,-1123.8141139973886,-1109.7590869623236,-0.002634559718110449,-1109.7590869623236,-0.002634559718110449,negative,negative,positive,False,0.0687276505309807,False,0.0,0.0687276505309807,0.5373789667147972,False,p<100M,0.50-0.55,>=1.00
93,1188839,1188838,1188839,1,13.988487758598636,12.988487758598636,13.988487758673728,-7.509193267196679e-11,0.06637691366864772,-683.0503481649794,-670.0618604063056,-0.003140594332914024,-670.0618604063056,-0.003140594332914024,negative,negative,positive,False,0.0717695715648134,False,0.0,0.0717695715648134,0.5372359959486275,False,p<100M,0.50-0.55,0.50-1.00
94,618119,618118,618119,1,13.334436274537484,12.334436274537484,13.334436274482869,5.46158673842001e-11,0.06936972696006967,-504.2708779973909,-491.93644172290806,-0.0035190353407954763,-491.93644172290806,-0.0035190353407954763,negative,negative,positive,False,0.0765541684740735,False,0.0,0.0765541684740735,0.5372269591236287,False,p<100M,0.50-0.55,>=1.00
95,178011341,178005997,178011341,5344,4977.303741810865,-366.6962581891348,4977.303741812706,-1.8408172763884068e-09,-0.01389910539003488,-6928.719794124365,-7295.416052311659,-0.0015150948529914917,-7295.416052311659,-0.0015150948529914917,negative,negative,negative,False,0.1648839859416764,False,0.0040991343329095575,0.1648839859416764,0.5358119762526253,False,100M<=p<500M,0.50-0.55,0.10-0.25
96,3438637,3438262,3438637,375,346.16209037328315,-28.83790962671685,346.16209037415683,-8.736833478906192e-10,-0.006574176186035109,-1053.486155304592,-1082.3240649304353,-0.0025766613623666727,-1082.3240649304353,-0.0025766613623666727,negative,negative,negative,False,0.0753076301542394,False,0.0,0.0753076301542394,0.535785265866539,False,p<100M,0.50-0.55,0.25-0.50
97,30981239,30980149,30981239,1090,914.1903376567712,-175.80966234322875,914.1903376616538,-4.882508619630244e-09,-0.017898105575295243,-2952.149568594992,-3127.9592309333384,-0.0018888143238697233,-3127.9592309333384,-0.0018888143238697233,negative,negative,negative,False,0.0903727573504991,False,0.0,0.0903727573504991,0.5356766554453358,False,p<100M,0.50-0.55,0.25-0.50
98,33843191,33842396,33843191,795,606.8032714647729,-188.19672853522707,606.8032714575529,7.220023690024391e-09,-0.022205888916200504,-3073.3970000743866,-3261.5937286168337,-0.0018652363413958796,-3261.5937286168337,-0.0018652363413958796,negative,negative,negative,False,0.0761893412087709,False,0.01786698348384646,0.0761893412087709,0.5345501807262867,False,p<100M,0.50-0.55,0.25-0.50
99,4991101,4990677,4991034,357,339.30863397805143,-17.691366021948568,339.3086339784786,-4.2717829273897223e-10,-0.003936226971209988,-1236.9318059515208,-1254.6231719730422,-0.002360867802051654,-1306.2000048886985,-0.0024579009357457455,negative,negative,negative,False,0.076175182058325,False,0.0,0.076175182058325,0.5342438000894038,False,p<100M,0.50-0.55,0.25-0.50
100,6421,6420,6421,1,8.76732914779405,7.767329147794049,8.767329147794044,5.329070518200751e-15,0.10105017882812024,-81.27686966760302,-73.50954051980898,-0.011934596775439373,-73.50954051980898,-0.011934596775439373,negative,negative,positive,False,0.1159896775054861,False,0.0,0.1159896775054861,0.5323687426386106,False,p<100M,0.50-0.55,0.50-1.00
101,1510643,1510642,1510643,1,14.228045945966745,13.228045945966745,14.228045945987105,-2.036060209320567e-11,0.06534391885919917,-765.5613847619388,-752.3333388159517,-0.003023701172285956,-752.3333388159517,-0.003023701172285956,negative,negative,positive,False,0.070535407834942,False,0.0,0.0705354078349421,0.5338034921123053,False,p<100M,0.50-0.55,0.50-1.00
102,33477793,33476547,33477793,1246,1091.5615335152456,-154.43846648475437,1091.5615335181355,-2.8899194148834795e-09,-0.014574046255045851,-3081.9130752682686,-3236.351541750133,-0.0018632063861546632,-3236.351541750133,-0.0018632063861546632,negative,negative,negative,False,0.096662723146914,False,0.0,0.096662723146914,0.5336355661151887,False,p<100M,0.50-0.55,0.25-0.50
103,33824779,33823778,33824779,1001,988.1912543848016,-12.808745615198404,988.1912543848157,-1.4097167877480388e-11,-0.001346965534377155,-3248.657549545169,-3261.466295160353,-0.0018657881583725793,-3261.466295160353,-0.0018657881583725793,negative,negative,negative,False,0.0986530057695944,False,0.0,0.0986530057695944,0.5335696880981906,False,p<100M,0.50-0.55,0.25-0.50
104,30358319,30357034,30358319,1285,1119.8564136664406,-165.14358633355937,1119.8564136698842,-3.4435743145877495e-09,-0.015520693501858994,-2931.431284442544,-3096.57487077266,-0.0018934057855686678,-3096.57487077266,-0.0018934057855686678,negative,negative,negative,False,0.097634505621578,False,0.0,0.097634505621578,0.5335152787442251,False,p<100M,0.50-0.55,0.25-0.50
105,604432601,604410439,604432601,22162,21473.4086597927,-688.5913402072983,21473.40865957737,2.153319655917585e-07,-0.01131366562712694,-12529.509620308876,-13218.100960731506,-0.001315047324760376,-13218.100960731506,-0.001315047324760376,negative,negative,negative,False,0.2914811871626422,False,0.0185650504340669,0.2914811871626422,0.5334724890412538,True,p>=500M,0.50-0.55,0.05-0.10
106,479,478,479,1,6.171700597410915,5.171700597410915,6.171700597410904,1.0658141036401503e-14,0.13577620815148708,-28.214570789345373,-23.04287019193447,-0.027641341587881813,-23.04287019193447,-0.027641341587881813,negative,negative,positive,False,0.1648068982246287,False,0.0,0.1648068982246287,0.526681881879525,False,p<100M,0.50-0.55,>=1.00
107,231701,231700,231701,1,12.35320302633692,11.35320302633692,12.353203026345,-8.078870905592339e-12,0.07439765484542127,-334.52695301611675,-323.17374998977175,-0.004399597689140821,-323.17374998977175,-0.004399597689140821,negative,negative,positive,False,0.0810551545684911,False,0.0,0.0810551545684911,0.5331403909545931,False,p<100M,0.50-0.55,0.50-1.00
108,39634747,39633125,39634747,1622,1452.1012223409105,-169.89877765908955,1452.1012223362923,4.618186721927486e-09,-0.01378244204992711,-3354.5404203534126,-3524.4391980171204,-0.0018289983903812953,-3524.4391980171204,-0.0018289983903812953,negative,negative,negative,False,0.1078488246263689,False,0.01500814080264492,0.1078488246263689,0.5326889060760399,False,p<100M,0.50-0.55,0.10-0.25
109,33492847,33491912,33492847,935,797.0341024200071,-137.96589757999288,797.0341024324298,-1.2422674444678705e-08,-0.015028896455792539,-3112.878833245486,-3250.8447308130562,-0.00187103254247571,-3250.8447308130562,-0.00187103254247571,negative,negative,negative,False,0.0863386781827271,False,0.0007634157659418516,0.0863386781827271,0.5320909810863297,False,p<100M,0.50-0.55,0.25-0.50
110,39655321,39654336,39655321,985,857.290404709621,-127.70959529037896,857.2904047220945,-1.2473492461140268e-08,-0.013293550654843576,-3396.049545146525,-3523.7591404244304,-0.0018280625930801714,-3523.7591404244304,-0.0018280625930801714,negative,negative,negative,False,0.0882379519127139,False,0.008565628528145732,0.0882379519127139,0.5318347313275046,False,p<100M,0.50-0.55,0.25-0.50
111,30780011,30777698,30780011,2313,2172.534533636001,-140.46546636399898,2172.5345336310565,4.944467946188524e-09,-0.009823981230438908,-2981.4472898431122,-3121.9127562120557,-0.0018927451930781957,-3121.9127562120557,-0.0018927451930781957,negative,negative,negative,False,0.1309387070981607,False,0.021876614984444962,0.1309387070981607,0.5309952999263841,False,p<100M,0.50-0.55,0.10-0.25
112,3459077,3459076,3459077,1,15.056512348440547,14.056512348440547,15.056512348353863,8.668443740589282e-11,0.062005299435059405,-1108.7471121349372,-1094.6905997865833,-0.0025963456217483996,-1094.6905997865833,-0.0025963456217483996,negative,negative,positive,False,0.067178289113327,False,0.0,0.067178289113327,0.5309002471242389,False,p<100M,0.50-0.55,0.50-1.00
113,30784249,30783029,30784249,1220,1086.2770699150446,-133.72293008495535,1086.2770699225366,-7.491962605854496e-09,-0.012877299845060272,-2984.548705305904,-3118.2716353833675,-0.0018903773374238542,-3118.2716353833675,-0.0018903773374238542,negative,negative,negative,False,0.0966458075650577,False,0.005301965875065189,0.0966458075650577,0.5308476141128191,False,p<100M,0.50-0.55,0.25-0.50
114,359477,359416,359419,3,25.58448267109209,22.58448267109209,25.58448267111089,-1.880096078821225e-11,0.07967922224676,-379.9374702558853,-357.3529875847744,-0.0036425324076125574,-376.9759492002195,-0.0038421441594959057,negative,negative,positive,False,0.0897827713986883,False,0.0,0.0897827713986883,0.5304277645296801,False,p<100M,0.50-0.55,0.25-0.50
115,3453551,3453550,3453551,1,15.054913535029169,14.054913535029169,15.054913535248488,-2.1931967353339132e-10,0.06201141581420776,-1138.2979486407712,-1124.2430351055227,-0.0026691362138634264,-1124.2430351055227,-0.0026691362138634264,negative,negative,positive,False,0.0680235969848095,False,0.0,0.0680235969848095,0.5305254409522788,False,p<100M,0.50-0.55,>=1.00
116,12830269,12829371,12830269,898,851.0986254543884,-46.90137454561159,851.098625458777,-4.388539309729822e-09,-0.005842414661515904,-2003.6313672810793,-2050.5327418223023,-0.002136947252241641,-2050.5327418223023,-0.002136947252241641,negative,negative,negative,False,0.0962426881171498,False,0.015879039428894674,0.0962426881171498,0.5305042768566353,False,p<100M,0.50-0.55,0.10-0.25
117,17992327,17991472,17992177,705,701.6279819323622,-3.3720180676377822,701.6279819309711,1.3910721463616937e-09,-0.0004550704835416035,-2367.5306808017194,-2370.9026988707483,-0.002002883275558389,-2454.0808936432004,-0.002073139562512844,negative,negative,negative,False,0.0927710098591296,False,0.00837399585414129,0.0927710098591296,0.5299185547781826,False,p<100M,0.50-0.55,0.25-0.50
118,179650181,179648340,179650181,1841,1463.5017902658092,-377.4982097341908,1463.5017903447151,-7.890594133641571e-08,-0.024354694887244406,-6934.764631807804,-7312.262841463089,-0.0015101937039750564,-7312.262841463089,-0.0015101937039750564,negative,negative,negative,False,0.0958698914280892,False,0.018723683895514986,0.0958698914280892,0.5296956933022615,False,100M<=p<500M,0.50-0.55,0.25-0.50
119,1513271,1513270,1513271,1,14.2297840910738,13.2297840910738,14.22978409100324,7.056044637465675e-11,0.06533654052025545,-761.2155158435926,-747.9857317525893,-0.0030028824908962686,-747.9857317525893,-0.0030028824908962686,negative,negative,positive,False,0.0705260023814927,False,0.0,0.0705260023814927,0.5296424069146164,False,p<100M,0.50-0.55,0.50-1.00
120,108561281,108557409,108561281,3872,3608.0474081565335,-263.9525918434665,3608.047408133745,2.278829924762249e-08,-0.012390309545701573,-5488.269388496876,-5752.221980363131,-0.001612582927396016,-5752.221980363131,-0.001612582927396016,negative,negative,negative,False,0.1470745643860575,False,0.0,0.1470745643860575,0.5295001403037481,False,100M<=p<500M,0.50-0.55,0.10-0.25
121,108842081,108840439,108842081,1642,1424.9158553986183,-217.0841446013817,1424.915855333209,6.54092673357809e-08,-0.015643869017939772,-5535.093786761165,-5752.177931427956,-0.001610039519036041,-5752.177931427956,-0.001610039519036041,negative,negative,negative,False,0.0996639793175021,False,0.010707913152159484,0.099663979317502,0.5294157150751868,False,100M<=p<500M,0.50-0.55,0.25-0.50
122,30418643,30418642,30418643,1,17.230566234990423,16.230566234990423,17.23056623339653,1.5938930175707355e-09,0.054668174518509256,-3116.0545849837363,-3099.8240187503397,-0.00189307587928029,-3099.8240187503397,-0.00189307587928029,negative,negative,positive,False,0.0587452641225273,False,0.0,0.0587452641225273,0.5292481465555526,False,p<100M,0.50-0.55,0.50-1.00
123,3277217,3277216,3277217,1,15.0025051445914,14.0025051445914,15.002505144570023,2.1376678205342614e-11,0.06221257426374602,-1079.5701811881736,-1065.5676760436036,-0.0026151756838455912,-1065.5676760436036,-0.0026151756838455912,negative,negative,positive,False,0.0681011679331808,False,0.0,0.0681011679331808,0.5292342407523016,False,p<100M,0.50-0.55,>=1.00
124,30340987,30340827,30340831,4,34.45600977627078,30.456009776270783,34.45600977540016,8.706209086994932e-10,0.05130654546457315,-3056.8384010978043,-3026.382391322404,-0.0018511435212087894,-3096.242350369692,-0.001893868675567461,negative,negative,positive,False,0.0597199396392292,False,0.0,0.0597199396392292,0.5292054246756128,False,p<100M,0.50-0.55,0.50-1.00
125,33827861,33826320,33827861,1541,1438.952060957871,-102.04793904212897,1438.952060930431,2.7440137273515575e-08,-0.008648987619790032,-3172.8141120523214,-3274.8620511218905,-0.001873346437009415,-3274.8620511218905,-0.001873346437009415,negative,negative,negative,False,0.110098889929409,False,0.0,0.110098889929409,0.5291074895868967,False,p<100M,0.50-0.55,0.10-0.25
126,40847383,40847382,40847383,1,17.525353313570633,16.525353313570633,17.52535331249237,1.0782628123706672e-09,0.053804325228235625,-3617.863208256662,-3601.3378549441695,-0.0018346286995289094,-3601.3378549441695,-0.0018346286995289094,negative,negative,positive,False,0.057385037625347,False,0.0,0.057385037625347,0.5291156393237156,False,p<100M,0.50-0.55,0.50-1.00
127,3236861,3236860,3236861,1,14.990114590991642,13.990114590991642,14.99011459108442,-9.277911772187508e-11,0.062260322530789156,-1078.7608159529045,-1064.77070136182,-0.0026338082993984653,-1064.77070136182,-0.0026338082993984653,negative,negative,positive,False,0.0687664195967628,False,0.0,0.0687664195967628,0.52909377143086,False,p<100M,0.50-0.55,>=1.00
128,187449539,187440181,187449539,9358,8972.076614012098,-385.9233859879023,8972.076613813639,1.9845901988446712e-07,-0.010994216616361545,-7077.939267337322,-7463.862653523684,-0.0015023674448764264,-7463.862653523684,-0.0015023674448764264,negative,negative,negative,False,0.2128199890626043,False,0.006921458833631616,0.2125486545087074,0.5289588003489437,False,100M<=p<500M,0.50-0.55,0.05-0.10
129,40874291,40872504,40874291,1787,1647.4430273555631,-139.55697264443688,1647.4430273473263,8.236838766606525e-09,-0.010747886265473225,-3467.855037905276,-3607.4120105579495,-0.0018369800045469381,-3607.4120105579495,-0.0018369800045469381,negative,negative,negative,False,0.1130432056909814,False,0.0035088219475990115,0.1130432056909814,0.5287184784612768,False,p<100M,0.50-0.55,0.10-0.25
130,109678603,109674416,109678603,4187,3943.278728337924,-243.7212716620761,3943.2787283807993,-4.287539923097938e-08,-0.010989686658622873,-5542.017636016011,-5785.738907635212,-0.0016119116389972685,-5785.738907635212,-0.0016119116389972685,negative,negative,negative,False,0.1528036364238857,False,0.022891283783521853,0.1528036364238857,0.528376609411706,False,100M<=p<500M,0.50-0.55,0.10-0.25
131,12786847,12786580,12786583,3,32.727813795617536,29.727813795617536,32.72781379520893,4.086047056262032e-10,0.06409545646874341,-1992.2844721470028,-1962.5566583517939,-0.0020496086653067676,-2046.5535610206425,-0.002137303913390612,negative,negative,positive,False,0.071246224678351,False,0.012033880705273987,0.071246224678351,0.52805385325478,False,p<100M,0.50-0.55,0.50-1.00
132,1189387,1189386,1189387,1,13.988948606314286,12.988948606314286,13.988948606420308,-1.0602185795960395e-10,0.06637489531888573,-671.5021701306105,-658.5132215241902,-0.003085551192034741,-658.5132215241902,-0.003085551192034741,negative,negative,positive,False,0.0709787746513286,False,0.0,0.0709787746513286,0.5279207635709767,False,p<100M,0.50-0.55,0.25-0.50
133,30343471,30342328,30343471,1143,1016.456286998254,-126.54371300174603,1016.4562870003283,-2.074330041068606e-09,-0.012610813327552343,-2990.0876556150615,-3116.631368614733,-0.001906243813890414,-3116.631368614733,-0.001906243813890414,negative,negative,negative,False,0.0943688419287908,False,0.0,0.0943688419287908,0.5275595672860287,False,p<100M,0.50-0.55,0.25-0.50
134,1189751,1189750,1189751,1,13.989254599495716,12.989254599495716,13.989254599437118,5.859845941813546e-11,0.06637355524446847,-671.7854273591656,-658.7961727597285,-0.003086269732984894,-658.7961727597285,-0.003086269732984894,negative,negative,positive,False,0.0714970560553375,False,0.0,0.0714970560553376,0.5275031344031548,False,p<100M,0.50-0.55,0.50-1.00
135,12831293,12830878,12831227,349,343.71496007936094,-5.285039920639065,343.71496007964015,-2.7921487344428897e-10,-0.0010560301031047664,-2021.206465082243,-2026.491505002603,-0.002111794751037559,-2076.124107491225,-0.0021635096670053347,negative,negative,negative,False,0.0716348006649615,False,0.0,0.0716348006649615,0.5272263151985126,False,p<100M,0.50-0.55,0.25-0.50
136,359539,359538,359539,1,12.792577934264838,11.792577934264838,12.792577934276778,-1.1940670674448484e-11,0.07205972695729324,-386.80614926468115,-375.0135713304044,-0.0038217109677318507,-375.0135713304044,-0.0038217109677318507,negative,negative,positive,False,0.0782047695913046,False,0.0,0.0782047695913046,0.5268024277386849,False,p<100M,0.50-0.55,0.50-1.00
137,2819,2818,2819,1,7.944137491114112,6.944137491114112,7.944137491113906,2.0516921495072893e-13,0.11003346951842281,-53.08368313456049,-46.13954564344658,-0.013769947092527516,-46.13954564344658,-0.013769947092527516,negative,negative,positive,False,0.1252023670442801,False,0.0,0.1252023670442801,0.5252031003894193,False,p<100M,0.50-0.55,0.50-1.00
138,7048303,7048210,7048213,3,31.53656905120186,28.53656905120186,31.53656905144453,-2.42671660544147e-10,0.0662630653379214,-1492.2202583122998,-1463.6836892608553,-0.002217373330278332,-1522.1470989277586,-0.002305922646703403,negative,negative,positive,False,0.0741760381642046,False,0.010405842957724738,0.0741760381642046,0.5266809745908556,False,p<100M,0.50-0.55,0.50-1.00
139,109556411,109553597,109556411,2814,2684.23080271088,-129.7691972891198,2684.2308027148247,-3.94447852158919e-09,-0.007138471463801623,-5665.025531843305,-5794.79472912848,-0.0016155292077332266,-5794.79472912848,-0.0016155292077332266,negative,negative,negative,False,0.13072783862462,False,0.02152190019355062,0.1307278386246201,0.5262347117230012,False,100M<=p<500M,0.50-0.55,0.10-0.25
140,1512661,1512660,1512661,1,14.229380909503124,13.229380909503124,14.229380909586325,-8.320100164382893e-11,0.06533825185839667,-763.0875461027026,-749.8581651931163,-0.003011177172473713,-749.8581651931163,-0.003011177172473713,negative,negative,positive,False,0.0706156379648199,False,0.0,0.0706156379648199,0.5262172967675717,False,p<100M,0.50-0.55,0.50-1.00
141,12799573,12799572,12799573,1,16.36492236895841,15.36492236895841,16.364922368898988,5.942268899161718e-11,0.057372327837411856,-2056.388451403007,-2041.023529034108,-0.002130209766930995,-2041.023529034108,-0.002130209766930995,negative,negative,positive,False,0.0616477751710293,False,0.0,0.0616477751710293,0.5260643606456736,False,p<100M,0.50-0.55,0.50-1.00
142,2275961,2275960,2275961,1,14.637912938756417,13.637912938756417,14.637912938836962,-8.054534816892556e-11,0.06364870825204795,-920.1445840788074,-906.5066711399704,-0.0028043374837884477,-906.5066711399704,-0.0028043374837884477,negative,negative,positive,False,0.0680251836107398,False,0.0,0.0680251836107398,0.5258625894635593,False,p<100M,0.50-0.55,0.25-0.50
143,42533,42532,42533,1,10.658035524203411,9.658035524203411,10.658035524204024,-6.128431095930864e-13,0.08502261761640532,-158.17448243434046,-148.51644691013644,-0.006339532253338767,-148.51644691013644,-0.006339532253338767,negative,negative,positive,False,0.0954963866947735,False,0.0,0.0954963866947735,0.5257228916654744,False,p<100M,0.50-0.55,>=1.00
144,445069,445068,445069,1,13.005984605308186,12.005984605308186,13.005984605289996,1.8189894035458565e-11,0.07097596580818623,-443.2357545751147,-431.2297699698247,-0.003821277618430595,-431.2297699698247,-0.003821277618430595,negative,negative,positive,False,0.0786725939660381,False,0.0,0.0786725939660381,0.525824706976264,False,p<100M,0.50-0.55,>=1.00
145,1517807,1517806,1517807,1,14.232777087879647,13.232777087879647,14.232777087949216,-6.956923925827141e-11,0.06532383927675463,-771.6704855135176,-758.4377084255684,-0.0030390115214353653,-758.4377084255684,-0.0030390115214353653,negative,negative,positive,False,0.070706350398406,False,0.0,0.070706350398406,0.5258198974172088,False,p<100M,0.50-0.55,0.50-1.00
146,1518061,1518060,1518061,1,14.232944420583566,13.232944420583566,14.232944420538843,4.4723336145580106e-11,0.06532312931940479,-783.7121234119404,-770.4791789914016,-0.003086930051276988,-770.4791789914016,-0.003086930051276988,negative,negative,positive,False,0.0707800350270976,False,0.0,0.0707800350270976,0.5257411918929087,False,p<100M,0.50-0.55,0.50-1.00
147,3458821,3458820,3458821,1,15.056438337519856,14.056438337519856,15.056438337545842,-2.5986324203586264e-11,0.06200558254284183,-1108.7070270269178,-1094.650588689372,-0.002596372327269715,-1094.650588689372,-0.002596372327269715,negative,negative,positive,False,0.0670028543786573,False,0.0,0.0670028543786573,0.5255143659034816,False,p<100M,0.50-0.55,0.50-1.00
148,359701,359700,359701,1,12.793028409774374,11.793028409774374,12.79302840976743,6.943778885215579e-12,0.0720574047109464,-395.2931950489292,-383.50016663916176,-0.003907041333270777,-383.50016663916176,-0.003907041333270777,negative,negative,positive,False,0.0779234045557953,False,0.0,0.0779234045557953,0.5252237207827342,False,p<100M,0.50-0.55,0.25-0.50
149,1511863,1511818,1511821,3,28.45764956203124,25.45764956203124,28.457649562042207,-1.0967227126457146e-11,0.07259686683129422,-746.3746245650109,-720.9169750029687,-0.002895989359535298,-748.6881217798218,-0.0030074950742191194,negative,negative,positive,False,0.0810451897299419,False,0.0027297205023213435,0.0810451897299419,0.5248419764526461,False,p<100M,0.50-0.55,0.25-0.50
150,108590687,108589025,108590687,1662,1480.2470658175064,-181.75293418249362,1480.2470658421516,-2.4645260054967366e-08,-0.01302198249308228,-5556.763059079647,-5738.515993237495,-0.001608475655271117,-5738.515993237495,-0.001608475655271117,negative,negative,negative,False,0.0995905772584955,False,0.0,0.0995905772584955,0.5248239890873142,False,100M<=p<500M,0.50-0.55,0.25-0.50
151,39670973,39670780,39670783,3,34.992251009850825,31.992251009850825,34.99225100874901,1.1018173040611146e-09,0.06033928525822747,-3446.3686772584915,-3414.3764262497425,-0.0017708926730471716,-3516.8957832232118,-0.0018240597616774946,negative,negative,positive,False,0.0668468275799452,False,0.015049978252669868,0.0668468275799452,0.5247864217083366,False,p<100M,0.50-0.55,0.50-1.00
152,3291539,3291538,3291539,1,15.006865794521072,14.006865794521072,15.006865794304758,2.163140777611261e-10,0.06219578736791626,-1087.0879348185845,-1073.0810690242797,-0.0026263526093328843,-1073.0810690242797,-0.0026263526093328843,negative,negative,positive,False,0.0668271319376652,False,0.0,0.0668271319376652,0.5245921363867231,False,p<100M,0.50-0.55,0.50-1.00
153,108849263,108847420,108849263,1843,1554.4591190679855,-288.5408809320145,1554.4591191112995,-4.331400305090938e-08,-0.01962656204564861,-5521.042525172234,-5809.583406060934,-0.0016260421176109475,-5809.583406060934,-0.0016260421176109475,negative,negative,negative,False,0.1012159404301471,False,0.013420554149616392,0.1005865694309973,0.5242563376688395,False,100M<=p<500M,0.50-0.55,0.25-0.50
154,12801751,12800706,12801751,1045,998.2680759694096,-46.73192403059045,998.2680759653449,4.064645509060938e-09,-0.005397822348844512,-1995.745943615213,-2042.4778676498681,-0.0021315019861855022,-2042.4778676498681,-0.0021315019861855022,negative,negative,negative,False,0.1004851300491716,False,0.0,0.1004851300491716,0.5241153769362652,False,p<100M,0.50-0.55,0.10-0.25
155,109764139,109762638,109764139,1501,1240.4270897245317,-260.5729102754683,1240.4270897209644,3.5672655940288678e-09,-0.01962210960307223,-5566.025784745812,-5826.598695024848,-0.0016225259427060364,-5826.598695024848,-0.0016225259427060364,negative,negative,negative,False,0.0926824198591366,False,0.008906459965943457,0.0926824198591366,0.5241235934454715,False,100M<=p<500M,0.50-0.55,0.25-0.50
156,33871261,33870647,33871261,614,502.8039807085561,-111.19601929144392,502.8039807006717,7.884409569669515e-09,-0.014928053303409284,-3150.715200126171,-3261.9112194254994,-0.0018644664647652672,-3261.9112194254994,-0.0018644664647652672,negative,negative,negative,False,0.0691402528338287,False,0.0,0.0691402528338287,0.5239522323590339,False,p<100M,0.50-0.55,0.25-0.50
157,1184609,1184608,1184609,1,13.984923320297408,12.984923320297408,13.984923320356756,-5.934808200436237e-11,0.0663925287642978,-677.0439085881226,-664.0589852677658,-0.0031196003800906293,-664.0589852677658,-0.0031196003800906293,negative,negative,positive,False,0.072561666975567,False,0.0,0.072561666975567,0.52387559326884,False,p<100M,0.50-0.55,>=1.00
158,60127,60126,60127,1,11.00421427088809,10.00421427088809,11.00421427089168,-3.590017172427906e-12,0.08261614160338082,-177.3863861403297,-167.38217186943803,-0.005637107987423524,-167.38217186943803,-0.005637107987423524,negative,negative,positive,False,0.0919654214564058,False,0.0,0.0919654214564058,0.5236970171163321,False,p<100M,0.50-0.55,0.50-1.00
159,178905659,178902349,178905659,3310,2983.37050774189,-326.6294922581101,2983.370507866144,-1.2425425666151568e-07,-0.01572265540981207,-7000.961819589138,-7327.591311722994,-0.0015171680813423271,-7327.591311722994,-0.0015171680813423271,negative,negative,negative,False,0.127736784305964,False,0.0,0.127736784305964,0.5234663871542873,False,100M<=p<500M,0.50-0.55,0.10-0.25
160,33870121,33869043,33870121,1078,988.2675415512632,-89.73245844873679,988.2675415351987,1.6064518604252953e-08,-0.009091593191438329,-3176.490662842989,-3266.2231213077903,-0.001866969759157586,-3266.2231213077903,-0.001866969759157586,negative,negative,negative,False,0.0914618710863124,False,0.016846602726609126,0.0914618710863124,0.5232136310345508,False,p<100M,0.50-0.55,0.10-0.25
161,108572459,108571084,108572459,1375,1165.684076416446,-209.31592358355397,1165.6840764433146,-2.686851985345129e-08,-0.01648807619849893,-5526.666135832667,-5735.982059389353,-0.0016079295400484406,-5735.982059389353,-0.0016079295400484406,negative,negative,negative,False,0.0882403302666724,False,0.007136204438637398,0.0882403302666724,0.523055201998201,False,100M<=p<500M,0.50-0.55,0.25-0.50
162,1198751,1198750,1198751,1,13.996790739381732,12.996790739381732,13.996790739474818,-9.308642745509133e-11,0.06634056822939334,-688.2789296484552,-675.2821389089804,-0.003148211001691009,-675.2821389089804,-0.003148211001691009,negative,negative,positive,False,0.0719876878780127,False,0.0,0.0719876878780127,0.5229844429554542,False,p<100M,0.50-0.55,0.50-1.00
163,109511267,109509400,109511267,1867,1777.1067907816052,-89.89320921839476,1777.1067908406258,-5.902052180317696e-08,-0.006071132630048756,-5692.53217959404,-5782.425388753414,-0.0016124848031447824,-5782.425388753414,-0.0016124848031447824,negative,negative,negative,False,0.1088223400603969,False,0.022303999796248364,0.1088223400603969,0.5229691244821333,False,100M<=p<500M,0.50-0.55,0.10-0.25
164,39637237,39636755,39637237,482,419.8865485942481,-62.1134514057519,419.8865486010909,-6.842810762464069e-09,-0.009243157847851827,-3450.5054123699665,-3512.6188637688756,-0.0018227939118394079,-3512.6188637688756,-0.0018227939118394079,negative,negative,negative,False,0.0651451540987114,False,0.0,0.0651451540987114,0.5228738430658788,False,p<100M,0.50-0.55,0.25-0.50
165,40844717,40842945,40844717,1772,1664.9002098043825,-107.09979019561752,1664.9002098366618,-3.227933120797388e-08,-0.008283739475806875,-3509.6119079068303,-3616.7116980701685,-0.0018425344462571318,-3616.7116980701685,-0.0018425344462571318,negative,negative,negative,False,0.1129806929343217,False,0.0,0.1129806929343217,0.5228453888173424,False,p<100M,0.50-0.55,0.10-0.25
166,30799397,30798784,30799294,510,482.8038301101935,-27.196169889806526,482.80383011326194,-3.0684645935252775e-09,-0.0040503888180241695,-3031.4163851626217,-3058.61255504936,-0.0018536524631922696,-3127.126546435058,-0.0018951710228568518,negative,negative,negative,False,0.0722199673831855,False,0.0,0.0722199673831855,0.5224901481889255,False,p<100M,0.50-0.55,0.25-0.50
167,109682107,109679748,109682107,2359,2184.5441033133948,-174.45589668660523,2184.544103369117,-5.5722011893521994e-08,-0.010480054445367846,-5616.310932308435,-5790.766828939319,-0.00161328108370329,-5790.766828939319,-0.00161328108370329,negative,negative,negative,False,0.1167362250522532,False,0.009828744959035166,0.1167362250522532,0.522228512882659,False,100M<=p<500M,0.50-0.55,0.10-0.25
168,1196593,1196592,1196593,1,13.994988910012886,12.994988910012886,13.99498890992254,9.034550885189674e-11,0.0663484521925499,-699.6388595066965,-686.6438705967739,-0.003204890541257898,-686.6438705967739,-0.003204890541257898,negative,negative,positive,False,0.0735589050981222,False,0.0,0.0735589050981222,0.5219322981279498,False,p<100M,0.50-0.55,>=1.00
169,359837,359836,359837,1,12.793406430119706,11.793406430119706,12.793406430108007,1.169908614429005e-11,0.07205545609273102,-416.15492192981765,-404.36151549970964,-0.004118551611653332,-404.36151549970964,-0.004118551611653332,negative,negative,positive,False,0.0800334901917534,False,0.0,0.0800334901917534,0.5217964914196022,False,p<100M,0.50-0.55,>=1.00
170,17641879,17641576,17641579,3,33.3715381206486,30.3715381206486,33.37153812125325,-6.046505518497725e-10,0.06298147309511126,-2346.2307571284473,-2315.859219007194,-0.0019803911112732217,-2398.944121070206,-0.002051418971033558,negative,negative,positive,False,0.0694300887821649,False,0.01248005208955423,0.0694300887821649,0.5216068638767122,False,p<100M,0.50-0.55,0.25-0.50
171,33862193,33861455,33862193,738,624.1607556932867,-113.83924430671334,624.1607556939125,-6.258460416574962e-10,-0.01394040398704214,-3147.8163782581687,-3261.655622564256,-0.0018646275677438578,-3261.655622564256,-0.0018646275677438578,negative,negative,negative,False,0.0736278072537615,False,0.013688800389795544,0.0736278072537615,0.5215571649329726,False,p<100M,0.50-0.55,0.25-0.50
172,1198397,1198360,1198363,3,27.99293236459349,24.99293236459349,27.992932364810258,-2.1676882511201256e-10,0.07365766982916794,-676.1872721512336,-651.1943397864234,-0.003036543948409416,-671.1978443979751,-0.003129763963254315,negative,negative,positive,False,0.0829932104381138,False,0.002055904867254927,0.0829932104381138,0.5215282152671304,False,p<100M,0.50-0.55,0.50-1.00
173,30850439,30850276,30850279,3,34.48931263924057,31.489312639240573,34.48931263759732,1.643250868710311e-09,0.061135462728608314,-3085.099655803293,-3053.6103431656957,-0.0018487363543617063,-3161.8763669133186,-0.0019142773492049694,negative,negative,positive,False,0.0687690106203953,False,0.015450500734561442,0.0687690106203953,0.5212074249882437,False,p<100M,0.50-0.55,0.50-1.00
174,30825511,30824836,30825511,675,638.0221285053904,-36.977871494609644,638.0221285074949,-2.104570739902556e-09,-0.004786536657506762,-3080.3510180450976,-3117.3288895376027,-0.001888247197666081,-3117.3288895376027,-0.001888247197666081,negative,negative,negative,False,0.0784523836661713,False,0.008106259732793646,0.0784523836661713,0.5211550881026291,False,p<100M,0.50-0.55,0.25-0.50
175,12776941,12776609,12776941,332,343.6259049431458,11.625904943145827,343.62590494193137,1.2144596439611632e-09,0.002382998470945043,-2052.1196732167155,-2040.493768274784,-0.0021320032672534233,-2040.493768274784,-0.0021320032672534233,negative,negative,positive,False,0.0675855848506355,False,0.017323802955789655,0.0675855848506355,0.521066220051637,False,p<100M,0.50-0.55,0.25-0.50
176,30359687,30358683,30359687,1004,895.8876360723314,-108.11236392766864,895.8876360729337,-6.023128662491217e-10,-0.011494953271602678,-3029.860190615058,-3137.9725545421243,-0.0019186652018369722,-3137.9725545421243,-0.0019186652018369722,negative,negative,negative,False,0.0892723594368366,False,0.016277257610501236,0.0892723594368366,0.520884515259784,False,p<100M,0.50-0.55,0.25-0.50
177,110319577,110315160,110319577,4417,4185.264955657783,-231.7350443422174,4185.264955729246,-7.146354619180784e-08,-0.0101671216475751,-5634.657295897603,-5866.392340168357,-0.0016286014423315459,-5866.392340168357,-0.0016286014423315459,negative,negative,negative,False,0.1561570928801292,False,0.0019890196757464517,0.1561570928801292,0.520827054547448,False,100M<=p<500M,0.50-0.55,0.10-0.25
178,109496207,109495510,109496207,697,518.3191257949578,-178.6808742050422,518.3191257715225,2.3435291041096207e-08,-0.019750728862953506,-5612.081298172474,-5790.762172400951,-0.0016149446371355133,-5790.762172400951,-0.0016149446371355133,negative,negative,negative,False,0.0652388028843534,False,0.021038775957499166,0.0652388028843534,0.5208023032075147,False,100M<=p<500M,0.50-0.55,0.50-1.00
179,30851287,30850871,30851221,350,362.138297093207,12.138297093206972,362.1382970921695,1.037449237628607e-09,0.002181790299708657,-3076.5363494232297,-3064.39805233106,-0.0018552326242590362,-3113.1533633060753,-0.0018847473384393124,negative,negative,positive,False,0.0668106572193494,False,0.005374365736263073,0.0668106572193494,0.5206709345854286,False,p<100M,0.50-0.55,0.25-0.50
180,7112887,7112886,7112887,1,15.777418767184288,14.777418767184288,15.777418767102063,8.22257817389982e-11,0.05936448096681047,-1546.6803096635267,-1531.9028908964247,-0.0023074716583423435,-1531.9028908964247,-0.0023074716583423435,negative,negative,positive,False,0.0641352518065375,False,0.0,0.0641352518065376,0.5206692080612524,False,p<100M,0.50-0.55,0.50-1.00
181,180635669,180633960,180635669,1709,1444.9110768432422,-264.0889231567578,1444.9110768437386,-4.963567334925756e-10,-0.017673553440274433,-7077.553143501282,-7341.642066657543,-0.0015112495143194094,-7341.642066657543,-0.0015112495143194094,negative,negative,negative,False,0.0931836500249432,False,0.01867278741617868,0.0931836500249432,0.5206382279255354,False,100M<=p<500M,0.50-0.55,0.25-0.50
182,30788077,30787786,30787789,3,34.48525735162595,31.485257351625947,34.48525735363364,-2.007695343309024e-09,0.061141937378386635,-3068.8168868012726,-3037.331629447639,-0.0018411789838712594,-3135.6626581177115,-0.0019007746351697228,negative,negative,positive,False,0.0676460987104531,False,0.01431507391337843,0.0676460987104531,0.5206240339434312,False,p<100M,0.50-0.55,0.50-1.00
183,109726069,109724532,109726069,1537,1332.9713194479652,-204.02868055203476,1332.971319437027,1.0938265404547565e-08,-0.015183690478049508,-5579.655818015337,-5783.68449857831,-0.0016109154193251088,-5783.68449857831,-0.0016109154193251088,negative,negative,negative,False,0.0924099628241718,False,0.018535174756034445,0.0924099628241718,0.5206202622554175,False,100M<=p<500M,0.50-0.55,0.25-0.50
184,604356173,604335487,604356173,20686,20320.755350698302,-365.2446493016978,20320.75534951687,1.1814336176030338e-06,-0.006211511478085557,-12855.461911320686,-13220.706561803818,-0.0013154061701336661,-13220.706561803818,-0.0013154061701336661,negative,negative,negative,False,0.2819169646022565,False,0.017950843415599656,0.2819169646022565,0.5205875205310606,True,p>=500M,0.50-0.55,0.018-0.05
185,187500319,187498570,187500319,1749,1485.8443273932255,-263.1556726067745,1485.8443274199963,-2.67707491730107e-08,-0.01734044323656794,-7214.702363371849,-7477.858035951853,-0.0015049378786447863,-7477.858035951853,-0.0015049378786447863,negative,negative,negative,False,0.09346455550884,False,0.0,0.09346455550884,0.5204233306957028,False,100M<=p<500M,0.50-0.55,0.25-0.50
186,22052431,22052337,22052341,4,33.817858553351044,29.817858553351044,33.817858554422855,-1.0718110843299655e-09,0.05214516275324672,-2653.410748012364,-2623.592889457941,-0.0019540554245376348,-2679.775026459247,-0.0019958949175600048,negative,negative,positive,False,0.0607248084445193,False,0.0,0.0607248084445193,0.520239970422087,False,p<100M,0.50-0.55,0.50-1.00
187,338531,338530,338531,1,12.732370947643444,11.732370947643444,12.732370947662275,-1.8831158854482055e-11,0.07237144097690575,-386.71448427368887,-374.9821133260266,-0.00397550921409214,-374.9821133260266,-0.00397550921409214,negative,negative,positive,False,0.079871308359875,False,0.0,0.079871308359875,0.5200946635907997,False,p<100M,0.50-0.55,>=1.00
188,31027859,31027175,31027859,684,586.513087184095,-97.48691281590504,586.5130871757865,8.308461474371143e-09,-0.012526222637262767,-3041.914629112929,-3139.4015419371426,-0.0018939688087020324,-3139.4015419371426,-0.0018939688087020324,negative,negative,negative,False,0.072244005949339,False,0.012879498751893972,0.072244005949339,0.5200037299358127,False,p<100M,0.50-0.55,0.25-0.50
189,39649783,39649782,39649783,1,17.495596033142387,16.495596033142387,17.495596036314964,-3.172576867882526e-09,0.05389029085670233,-3548.380306713283,-3531.884710676968,-0.0018324352029052621,-3531.884710676968,-0.0018324352029052621,negative,negative,positive,False,0.0574888285914167,False,0.0,0.0574888285914167,0.5198533920804732,False,p<100M,0.50-0.55,0.50-1.00
190,31026421,31025775,31026221,446,534.7604142914719,88.76041429147188,534.7604142837226,7.749235919618513e-09,0.014123947179448853,-3142.6952692829072,-3053.9348549991846,-0.0018424675421941875,-3184.9334677159786,-0.0019214926047652688,negative,negative,positive,False,0.0841518906254193,False,0.001497601637075678,0.0841518906254193,0.5198319754123741,False,p<100M,0.50-0.55,0.25-0.50
191,109772783,109770459,109772783,2324,2166.1277313768123,-157.87226862318767,2166.1277313381433,3.866898623527959e-08,-0.009554123994116532,-5629.714830547571,-5787.587099209428,-0.0016115852648559976,-5787.587099209428,-0.0016115852648559976,negative,negative,negative,False,0.1148387219870256,False,0.0038426369996190134,0.1148387219870256,0.5198075053463117,False,100M<=p<500M,0.50-0.55,0.10-0.25
192,3459179,3459178,3459179,1,15.056541835640791,14.056541835640791,15.056541835423559,2.1723245424709603e-10,0.06200518664085546,-1105.3514811750501,-1091.2949393396266,-0.0025882436248801438,-1091.2949393396266,-0.0025882436248801438,negative,negative,positive,False,0.068254632757475,False,0.0,0.068254632757475,0.519728048952105,False,p<100M,0.50-0.55,>=1.00
193,1199993,1199992,1199993,1,13.997826281407882,12.997826281407882,13.997826281469315,-6.143352493381826e-11,0.06633603802338585,-684.5160769415088,-671.5182506600395,-0.0031285800044810364,-671.5182506600395,-0.0031285800044810364,negative,negative,positive,False,0.0715987515628432,False,0.0,0.0715987515628432,0.5195428216469831,False,p<100M,0.50-0.55,0.50-1.00
194,33878389,33877658,33878263,605,606.8396280710575,1.8396280710575184,606.8396280929446,-2.188710368500324e-08,0.00024879401090592063,-3209.1098248660564,-3207.270196773112,-0.001833001196326703,-3298.593624562025,-0.0018851895385766978,negative,negative,positive,False,0.0805833243274027,False,0.002645836128323047,0.0805833243274027,0.5195195811276692,False,p<100M,0.50-0.55,0.25-0.50
195,33865589,33865210,33865589,379,312.08227108898814,-66.91772891101186,312.08227107673883,1.224930201715324e-08,-0.01143478756304193,-3192.5173111632466,-3259.435040086508,-0.0018632431177847257,-3259.435040086508,-0.0018632431177847257,negative,negative,negative,False,0.057783925386995,False,0.011831329767594477,0.057783925386995,0.5194441329704141,False,p<100M,0.50-0.55,0.50-1.00
196,39648137,39647291,39648137,846,787.2994498639767,-58.70055013602325,787.2994498610497,2.927095010818448e-09,-0.006593280706289156,-3454.2725719064474,-3512.9731220453978,-0.0018226698532302701,-3512.9731220453978,-0.0018226698532302701,negative,negative,negative,False,0.0817237377621316,False,0.0,0.0817237377621316,0.5192371336808181,False,p<100M,0.50-0.55,0.25-0.50
197,30786629,30786460,30786463,3,34.48517121172168,31.485171211721678,34.48517121002078,1.7008972008625278e-09,0.06114210365237178,-3087.7402453534305,-3056.2550741434097,-0.0018526992083158613,-3136.0421333499253,-0.0019010597410669646,negative,negative,positive,False,0.06834819426233,False,0.015016878524742311,0.06834819426233,0.5191676908038557,False,p<100M,0.50-0.55,0.50-1.00
198,40839853,40839496,40839499,3,35.05032051862896,32.05032051862896,35.05032052099705,-2.3680897243139043e-09,0.06024865036628765,-3548.127499744296,-3516.077179223299,-0.0017914067207579487,-3624.7248793691397,-0.0018467518240560508,negative,negative,positive,False,0.0664294699592638,False,0.014804129795277433,0.0664294699592638,0.5191148247448373,False,p<100M,0.50-0.55,0.50-1.00
199,39635819,39635564,39635782,218,244.9333582777413,26.93335827774129,244.93335828185081,-4.109523388251546e-09,0.005959670711202171,-3519.1635870337486,-3492.230228751898,-0.0018122545591384412,-3511.7349849641323,-0.0018223752932935299,negative,negative,positive,False,0.0588053295328899,False,0.0014030348874939848,0.0588053295328899,0.5191146472311146,False,p<100M,0.50-0.55,0.50-1.00
200,17591099,17590930,17590933,3,33.36578819992094,30.365788199920942,33.36578819900751,9.134311085290392e-10,0.06299131154658542,-2337.2435700558126,-2306.877781856805,-0.0019762294189649325,-2372.7803880386055,-0.0020326742122131914,negative,negative,positive,False,0.0690704028270101,False,0.012100684392972806,0.0690704028270101,0.5190892766766885,False,p<100M,0.50-0.55,0.25-0.50
201,7051567,7051566,7051567,1,15.768760419593791,14.768760419593791,15.7687604194507,1.4309087248420838e-10,0.05939486994564241,-1536.8293073801324,-1522.0605469606817,-0.0023051224521970105,-1522.0605469606817,-0.0023051224521970105,negative,negative,positive,False,0.0648470887681662,False,0.0,0.0648470887681662,0.5189573288324164,False,p<100M,0.50-0.55,>=1.00
202,673,672,673,1,6.511745329644728,5.511745329644728,6.511745329644782,-5.417888360170764e-14,0.12998532618329273,-31.62553667631812,-26.113791346673338,-0.023739282200562463,-26.113791346673338,-0.023739282200562463,negative,negative,positive,False,0.1551610461475472,False,0.0,0.1551610461475472,0.5142732380815607,False,p<100M,0.50-0.55,0.50-1.00
203,12784609,12784608,12784609,1,16.363752583525645,15.363752583525645,16.363752583041787,4.838582867705554e-10,0.05737616222956765,-2065.7633083611727,-2050.399555778131,-0.0021415536811354267,-2050.399555778131,-0.0021415536811354267,negative,negative,positive,False,0.0615986076879811,False,0.0,0.0615986076879811,0.5188202801285977,False,p<100M,0.50-0.55,0.50-1.00
204,445141,445140,445141,1,13.006146364893356,12.006146364893356,13.006146364903543,-1.0187406473960436e-11,0.07097515659247157,-450.2056023775949,-438.19945601269137,-0.003882627814729276,-438.19945601269137,-0.003882627814729276,negative,negative,positive,False,0.078849161619478,False,0.0,0.078849161619478,0.5187304446222458,False,p<100M,0.50-0.55,>=1.00
205,12807857,12807856,12807857,1,16.365569368699422,15.365569368699422,16.3655693680048,6.946230257653951e-10,0.057370207282284494,-2059.575461037457,-2044.2098916694522,-0.002132676639352211,-2044.2098916694522,-0.002132676639352211,negative,negative,positive,False,0.0621526059796389,False,0.0,0.0621526059796389,0.5183069655459515,False,p<100M,0.50-0.55,>=1.00
206,180640297,180639336,180640297,961,722.4565949088877,-238.54340509111228,722.4565950036049,-9.47171656662249e-08,-0.021288706426758175,-7092.169422566891,-7330.712827563286,-0.0015089763740502677,-7330.712827563286,-0.0015089763740502677,negative,negative,negative,False,0.0697019970406704,False,0.01225004872692829,0.0697019970406704,0.5182247154364183,False,100M<=p<500M,0.50-0.55,0.50-1.00
207,1518191,1518190,1518191,1,14.233030052474517,13.233030052474517,14.23303005238995,8.456702005332772e-11,0.06532276600729214,-771.3824157172348,-758.1493856648449,-0.0030373640503595077,-758.1493856648449,-0.0030373640503595077,negative,negative,positive,False,0.0719532466962552,False,0.0,0.0719532466962552,0.5181748243206157,False,p<100M,0.50-0.55,>=1.00
208,604822567,604819805,604822567,2762,2305.1305375736006,-456.8694624263994,2305.1305376291275,-5.55269252799917e-08,-0.021261742066286383,-12802.3957426548,-13259.265205025673,-0.001318633229326046,-13259.265205025673,-0.001318633229326046,negative,negative,negative,False,0.1030306737173388,False,0.00687754083685666,0.1030306737173388,0.5180072801402745,True,p>=500M,0.50-0.55,0.25-0.50
209,40866037,40865652,40865926,274,297.93866052001687,23.938660520016867,297.93866050988436,1.0132509942195611e-08,0.0047083460199858086,-3556.1060118973255,-3532.167351387441,-0.0017988897279122883,-3608.1157338172197,-0.0018375662470828773,negative,negative,positive,False,0.0613874169888523,False,0.022308152148310185,0.0613874169888523,0.5179780210414819,False,p<100M,0.50-0.55,0.25-0.50
210,30339269,30339268,30339269,1,17.227953437988603,16.227953437988603,17.22795343771577,2.7283419967716327e-10,0.05467595460823539,-3117.2683035880327,-3101.040350150317,-0.0018968696256476166,-3101.040350150317,-0.0018968696256476166,negative,negative,positive,False,0.058274726799016,False,0.0,0.058274726799016,0.5179493855075894,False,p<100M,0.50-0.55,0.50-1.00
211,1507291,1507290,1507291,1,14.225824557839376,13.225824557839376,14.22582455794327,-1.0389378246600245e-10,0.06535335095049953,-799.5786402276717,-786.3528156697284,-0.0031649291795206387,-786.3528156697284,-0.0031649291795206387,negative,negative,positive,False,0.071217737590593,False,0.0,0.071217737590593,0.5178506850735578,False,p<100M,0.50-0.55,0.50-1.00
212,338609,338608,338609,1,12.73260132836337,11.73260132836337,12.732601328345481,1.7887913372760522e-11,0.07237024311478625,-375.5872378129279,-363.85463648458244,-0.0038569533195944167,-363.85463648458244,-0.0038569533195944167,negative,negative,positive,False,0.0799255305017518,False,0.0,0.0799255305017518,0.5177164429940122,False,p<100M,0.50-0.55,>=1.00
213,17594719,17594718,17594719,1,16.683109358164145,15.683109358164145,16.68310935795307,2.1107382508489536e-10,0.05634795739612534,-2388.2505429685116,-2372.5674336105585,-0.0020322325542612416,-2372.5674336105585,-0.0020322325542612416,negative,negative,positive,False,0.0598206042552528,False,0.0,0.0598206042552528,0.5174769145332991,False,p<100M,0.50-0.55,0.50-1.00
214,231107,231106,231107,1,12.350636085721526,11.350636085721526,12.350636085728183,-6.657785434072139e-12,0.0744117553076697,-333.42237872767146,-322.0717426419433,-0.004392051485735635,-322.0717426419433,-0.004392051485735635,negative,negative,positive,False,0.081042286548022,False,0.0,0.081042286548022,0.5173903082317525,False,p<100M,0.50-0.55,0.50-1.00
215,604883911,604879711,604883911,4200,3781.241632877619,-418.75836712238106,3781.2416336536407,-7.760218068142422e-07,-0.01580349152643842,-12875.961824178696,-13294.720190525055,-0.0013220789186860168,-13294.720190525055,-0.0013220789186860168,negative,negative,negative,False,0.1286153186276067,False,0.02015507619056956,0.1286153186276067,0.5174284120212457,True,p>=500M,0.50-0.55,0.10-0.25
216,12837191,12837190,12837191,1,16.367857062822154,15.367857062822154,16.36785706318915,-3.6699532302009175e-10,0.05736271056793472,-2064.4136425219476,-2049.0457854587585,-0.0021346811428808836,-2049.0457854587585,-0.0021346811428808836,negative,negative,positive,False,0.062888385067126,False,0.0,0.062888385067126,0.5173670942449127,False,p<100M,0.50-0.55,>=1.00
217,3236683,3236682,3236683,1,14.99005959793064,13.99005959793064,14.990059597883373,4.7267079139601265e-11,0.06226053461458526,-1080.6417090860195,-1066.6516494881362,-0.002638552906845574,-1066.6516494881362,-0.002638552906845574,negative,negative,positive,False,0.0666226148249239,False,0.0,0.0666226148249239,0.5173583950386982,False,p<100M,0.50-0.55,0.50-1.00
218,12784091,12784090,12784091,1,16.3637120652357,15.363712065235699,16.363712064921856,3.1384317367155745e-10,0.05737629505196384,-2055.0388892591,-2039.675177194178,-0.00213040624114685,-2039.675177194178,-0.00213040624114685,negative,negative,positive,False,0.0613983378884961,False,0.0,0.0613983378884961,0.5173024404045917,False,p<100M,0.50-0.55,0.50-1.00
219,604167899,604161649,604167899,6250,5863.613677514135,-386.3863224858651,5863.61367726326,2.508750185370445e-07,-0.01195492375068006,-12844.48219692707,-13230.86851966381,-0.0013166629199517206,-13230.86851966381,-0.0013166629199517206,negative,negative,negative,False,0.1550942530280692,False,0.01794450994623471,0.1550942530280692,0.5172732423296151,True,p>=500M,0.50-0.55,0.10-0.25
220,1513319,1513318,1513319,1,14.229815809938929,13.229815809938929,14.229815809987485,-4.8556714205005846e-11,0.0653364058906387,-766.5261582839303,-753.2963424739428,-0.003024141159717884,-753.2963424739428,-0.003024141159717884,negative,negative,positive,False,0.0718988838707155,False,0.0,0.0718988838707155,0.5171760175648024,False,p<100M,0.50-0.55,>=1.00
221,3452881,3452880,3452881,1,15.05471951299229,14.05471951299229,15.054719512816519,1.7577228561549418e-10,0.062012158141505,-1100.5995807964355,-1086.544861283619,-0.002579951368078992,-1086.544861283619,-0.002579951368078992,negative,negative,positive,False,0.0679598564990468,False,0.0,0.0679598564990468,0.5171079976465359,False,p<100M,0.50-0.55,>=1.00
222,3281627,3281626,3281627,1,15.003849893960211,14.003849893960211,15.003849893808365,1.518465353456122e-10,0.062207396513503696,-1093.6436130693182,-1079.6397631755099,-0.002647456554442838,-1079.6397631755099,-0.002647456554442838,negative,negative,positive,False,0.0684583966021968,False,0.0,0.0684583966021968,0.5169973560206172,False,p<100M,0.50-0.55,>=1.00
223,604848841,604844050,604848841,4791,4408.065748207288,-382.9342517927116,4408.065747857094,3.501945684547536e-07,-0.013530935206174393,-12843.502784729004,-13226.43703687191,-0.0013153342487883944,-13226.43703687191,-0.0013153342487883944,negative,negative,negative,False,0.1356230693499753,False,0.012548556272460541,0.1356230693499753,0.5169086625359249,True,p>=500M,0.50-0.55,0.10-0.25
224,30417889,30417888,30417889,1,17.230541447252687,16.230541447252687,17.230541449040174,-1.7874874913559324e-09,0.054668248318256965,-3137.429383866489,-3121.1988424174488,-0.0019061586849837369,-3121.1988424174488,-0.0019061586849837369,negative,negative,positive,False,0.0595665514274872,False,0.0,0.0595665514274872,0.5169048574333678,False,p<100M,0.50-0.55,>=1.00
225,30422863,30422680,30422683,3,34.46139801317906,31.461398013179057,34.461398012936115,2.4294166678373585e-10,0.06118025708194277,-3053.163358140737,-3021.7019601278007,-0.0018452154251413187,-3098.317743998021,-0.0018919942898505875,negative,negative,positive,False,0.0672912160005141,False,0.013886296934750767,0.0672912160005141,0.516866491957017,False,p<100M,0.50-0.55,0.25-0.50
226,39648883,39648882,39648883,1,17.495573334147675,16.495573334147675,17.495573334395885,-2.48210341169397e-10,0.05389035653610726,-3558.1506334915757,-3541.65506015718,-0.0018375299415642169,-3541.65506015718,-0.0018375299415642169,negative,negative,positive,False,0.0582681497791033,False,0.0,0.0582681497791033,0.5168247808077693,False,p<100M,0.50-0.55,>=1.00
227,17642453,17642326,17642329,3,33.37162314524878,30.371623145248783,33.371623143553734,1.6950494341472222e-09,0.062981403794995,-2362.056005887687,-2331.6843827441335,-0.0019938713486460703,-2422.3127522319555,-0.0020713605099963077,negative,negative,positive,False,0.0713316310686374,False,0.014381816469629594,0.0713316310686374,0.5166495316929852,False,p<100M,0.50-0.55,>=1.00
228,604708931,604704593,604708931,4338,3902.5090403588647,-435.4909596411353,3902.509040117264,2.41600901063066e-07,-0.016171898004096893,-12805.926256299019,-13241.417216181755,-0.0013170064497364574,-13241.417216181755,-0.0013170064497364574,negative,negative,negative,False,0.1280136512189761,False,0.011122095179489058,0.1280136512189761,0.5165813183319085,True,p>=500M,0.50-0.55,0.10-0.25
229,12421837,12421836,12421837,1,16.334966530134757,15.334966530134757,16.334966531023383,-8.886260616236541e-10,0.057470679832574714,-2006.9679368752986,-1991.6329703442752,-0.002117775385089713,-1991.6329703442752,-0.002117775385089713,negative,negative,positive,False,0.0618751942454069,False,0.0,0.0618751942454069,0.5161438198521987,False,p<100M,0.50-0.55,0.50-1.00
230,30405923,30405922,30405923,1,17.23014798292479,16.23014798292479,17.23014798387885,-9.540599421598017e-10,0.05466941979372726,-3112.053165446967,-3095.823017463088,-0.0018911196807421895,-3095.823017463088,-0.0018911196807421895,negative,negative,positive,False,0.0593788171181867,False,0.0,0.0593788171181867,0.5160623505115332,False,p<100M,0.50-0.55,>=1.00
231,17591797,17591796,17591797,1,16.682943271814093,15.682943271814093,16.682943273335695,-1.521602399634503e-09,0.05634848259648365,-2385.7805172391236,-2370.097573965788,-0.0020303260050661847,-2370.097573965788,-0.0020303260050661847,negative,negative,positive,False,0.0608439203610845,False,0.0,0.0608439203610845,0.5157362709919453,False,p<100M,0.50-0.55,>=1.00
232,7103387,7103277,7103281,4,31.552134414332773,27.552134414332773,31.552134414203465,1.2930811976730183e-10,0.05535118563982918,-1529.9335702983662,-1502.3814358841628,-0.002264921778254002,-1529.5010540951043,-0.0023057845123358985,negative,negative,positive,False,0.0636678531151053,False,0.0,0.0636678531151053,0.515649252863336,False,p<100M,0.50-0.55,0.25-0.50
233,108545317,108544444,108545317,873,740.1069574906345,-132.8930425093655,740.1069575250149,-3.438037765590707e-08,-0.013137899221028163,-5623.2034657001495,-5756.096508175135,-0.001613813427724637,-5756.096508175135,-0.001613813427724637,negative,negative,negative,False,0.072593883103974,False,0.012061281645800608,0.072593883103974,0.5155341251508754,False,100M<=p<500M,0.50-0.55,0.25-0.50
234,33928207,33928206,33928207,1,17.33975729127334,16.33975729127334,17.339757293462753,-2.1894130952659907e-09,0.05434499745722642,-3300.58465783298,-3284.2449005395174,-0.0018752926487365994,-3284.2449005395174,-0.0018752926487365994,negative,negative,positive,False,0.0577100468058422,False,0.0,0.0577100468058422,0.5154386688045667,False,p<100M,0.50-0.55,0.50-1.00
235,12805417,12804850,12805417,567,540.0567475790596,-26.94325242094044,540.0567475762218,2.8377371563692577e-09,-0.004224802037366813,-2015.7211660593748,-2042.664418483153,-0.002131316929428229,-2042.664418483153,-0.002131316929428229,negative,negative,negative,False,0.0752600730877132,False,0.0,0.0752600730877132,0.515411570696176,False,p<100M,0.50-0.55,0.10-0.25
236,7114039,7114038,7114039,1,15.777580713623388,14.777580713623388,15.77758071385324,-2.298516932341954e-10,0.059363912863566015,-1546.9226161818951,-1532.145035468042,-0.00230760215725993,-1532.145035468042,-0.00230760215725993,negative,negative,positive,False,0.0641316326651891,False,0.0,0.0641316326651891,0.5153153780727411,False,p<100M,0.50-0.55,0.50-1.00
237,1189109,1189108,1189109,1,13.988714845146502,12.988714845146502,13.988714845152572,-6.069811320230656e-12,0.0663759190947688,-673.2784751150757,-660.2897602699231,-0.003094340450038404,-660.2897602699231,-0.003094340450038404,negative,negative,positive,False,0.0718770358244725,False,0.0,0.0718770358244725,0.5152742566791343,False,p<100M,0.50-0.55,0.50-1.00
238,109610987,109610360,109610882,522,444.2986798831858,-77.7013201168142,444.2986799031496,-1.99638066078478e-08,-0.009923512805383389,-5651.157492086291,-5728.858812183142,-0.0015966643057540864,-5796.833916321397,-0.0016156083982904951,negative,negative,negative,False,0.0613897943072523,False,0.0,0.0613897943072523,0.5152264607244005,False,100M<=p<500M,0.50-0.55,0.50-1.00
239,1185979,1185978,1185979,1,13.986079151806315,12.986079151806315,13.98607915174216,6.415490361177945e-11,0.06638746449696396,-676.4613527278416,-663.4752735760994,-0.0031145426270247903,-663.4752735760994,-0.0031145426270247903,negative,negative,positive,False,0.0720020312883792,False,0.0,0.0720020312883792,0.5149392383190536,False,p<100M,0.50-0.55,0.50-1.00
240,3458053,3458052,3458053,1,15.056216271886404,14.056216271886404,15.056216272059828,-1.7342394187380705e-10,0.06200643200735402,-1108.5792357572354,-1094.5230194851756,-0.0025964346026915303,-1094.5230194851756,-0.0025964346026915303,negative,negative,positive,False,0.0681051918998026,False,0.0,0.0681051918998026,0.5148373871092449,False,p<100M,0.50-0.55,>=1.00
241,40846543,40846297,40846425,128,192.7786110793472,64.7786110793472,192.77861108630896,-6.96175561643031e-09,0.018642068614407425,-3601.908801756799,-3537.1301906704903,-0.0018019453578125197,-3602.554195947945,-0.0018352715175583632,negative,negative,positive,False,0.0576405602980837,False,0.017631206691171575,0.0576405602980837,0.5148229707481402,False,p<100M,0.50-0.55,0.50-1.00
242,30338299,30338298,30338299,1,17.227921465711795,16.227921465711795,17.227921467274427,-1.56263268991097e-09,0.054676049825300194,-3129.2606106959283,-3113.032689228654,-0.0019042427063704803,-3113.032689228654,-0.0019042427063704803,negative,negative,positive,False,0.0582182910904303,False,0.0,0.0582182910904303,0.5146337716678637,False,p<100M,0.50-0.55,0.50-1.00
243,30781319,30781182,30781189,7,51.727242683927344,44.727242683927344,51.727242685854435,-1.927091375364398e-09,0.05686260348470335,-3085.9451273866,-3041.2178847007453,-0.0018437782482180467,-3153.9754661619663,-0.0019121340370114861,negative,negative,positive,False,0.0666639054628127,False,0.016842403132266606,0.0666639054628127,0.5145396995342892,False,p<100M,0.50-0.55,0.50-1.00
244,7108399,7108398,7108399,1,15.776787600614824,14.776787600614824,15.77678760048002,1.348041678284062e-10,0.059366695183405906,-1555.1517517054453,-1540.3749641049653,-0.0023211510072261203,-1540.3749641049653,-0.0023211510072261203,negative,negative,positive,False,0.0646375517059872,False,0.0,0.0646375517059872,0.5145186861502355,False,p<100M,0.50-0.55,>=1.00
245,7114351,7114350,7114351,1,15.77762456960429,14.77762456960429,15.777624569833279,-2.289883838102469e-10,0.05936375901996329,-1543.3706302540377,-1528.5930056842044,-0.002302189074159962,-1528.5930056842044,-0.002302189074159962,negative,negative,positive,False,0.0631548657549673,False,0.0,0.0631548657549673,0.5144498263069874,False,p<100M,0.50-0.55,0.25-0.50
246,12808469,12808371,12808387,16,65.4624408087016,49.4624408087016,65.46244080923498,-5.333760100256768e-10,0.04616903291629837,-2050.876659888774,-2001.4142190795392,-0.0020879751497267503,-2067.0486019290984,-0.002156439621984928,negative,negative,positive,False,0.0624388750646292,False,0.0,0.0624388750646292,0.5143668748832876,False,p<100M,0.50-0.55,0.50-1.00
247,30364069,30364068,30364069,1,17.22877052654409,16.22877052654409,17.228770527988672,-1.4445831197917869e-09,0.054673521337935856,-3125.6542090773582,-3109.4254385493696,-0.0019010414631366903,-3109.4254385493696,-0.0019010414631366903,negative,negative,positive,False,0.0580503951554774,False,0.0,0.0580503951554774,0.5143231793512326,False,p<100M,0.50-0.55,0.50-1.00
248,22048823,22048822,22048823,1,16.90876977974763,15.90876977974763,16.9087697789073,8.403304718740401e-10,0.055643261108499695,-2672.3610301576555,-2656.452260378748,-0.001978724302782642,-2656.452260378748,-0.001978724302782642,negative,negative,positive,False,0.0588375187079942,False,0.0,0.0588375187079942,0.5143182914652245,False,p<100M,0.50-0.55,0.25-0.50
249,1197167,1197166,1197167,1,13.99546849026404,12.99546849026404,13.995468490291387,-2.7347013542566856e-11,0.06634635359179801,-699.8347251345403,-686.839256644249,-0.003204814223498226,-686.839256644249,-0.003204814223498226,negative,negative,positive,False,0.0733451964419051,False,0.0,0.0733451964419051,0.5142878708514567,False,p<100M,0.50-0.55,>=1.00
250,12777763,12777762,12777763,1,16.363216952468896,15.363216952468896,16.363216953352094,-8.831975151224469e-10,0.05737791812309856,-2076.0608651824296,-2060.6976482290775,-0.002153027039357405,-2060.6976482290775,-0.002153027039357405,negative,negative,positive,False,0.0613798520197853,False,0.0,0.0613798520197853,0.5141595026409662,False,p<100M,0.50-0.55,0.50-1.00
251,12802759,12802758,12802759,1,16.365171252537955,15.365171252537955,16.365171251818538,7.194174145297438e-10,0.05737151209783329,-2083.935110490769,-2068.5699392389506,-0.0021586255607568584,-2068.5699392389506,-0.0021586255607568584,negative,negative,positive,False,0.0619768263150305,False,0.0,0.0619768263150305,0.5141262912899002,False,p<100M,0.50-0.55,>=1.00
252,39640253,39639838,39640132,294,332.4116253090908,38.41162530909082,332.4116253107786,-1.6877947928151116e-09,0.007318860474512774,-3489.3218381032348,-3450.910212792456,-0.0017906912629370919,-3519.4241493195295,-0.001826239997112108,negative,negative,positive,False,0.0623250464295579,False,0.007835067745601776,0.0623250464295579,0.5140693600081994,False,p<100M,0.50-0.55,0.25-0.50
253,153059,153058,153059,1,11.938578746956969,10.938578746956969,11.938578746950952,6.016520615048648e-12,0.07674598083865349,-306.52128331939457,-295.5827045724436,-0.005300835487990823,-295.5827045724436,-0.005300835487990823,negative,negative,positive,False,0.0867976721097067,False,0.0,0.0867976721097067,0.5139305526521231,False,p<100M,0.50-0.55,>=1.00
254,109611739,109611738,109611739,1,18.51245503440681,17.51245503440681,18.51245503127575,3.1310598558320635e-09,0.051099776411662204,-5807.335882231593,-5789.823427200317,-0.001613647806412736,-5789.823427200317,-0.001613647806412736,negative,negative,positive,False,0.0542307354806207,False,0.0,0.0542307354806207,0.5139776815827298,False,100M<=p<500M,0.50-0.55,0.50-1.00
255,33472553,33472329,33472333,4,34.65245949019118,30.652459490191177,34.65245948731899,2.8721842681989074e-09,0.051053657771130634,-3212.8133451789618,-3182.1608856916428,-0.0018321920834918183,-3246.2247884348035,-0.0018690705825406377,negative,negative,positive,False,0.0583129230101737,False,0.0,0.0583129230101737,0.5139205461089138,False,p<100M,0.50-0.55,0.50-1.00
256,33913801,33913800,33913801,1,17.339332598648777,16.339332598648777,17.339332595467567,3.1812099621220113e-09,0.05434624706612121,-3286.407565817237,-3270.0682332217693,-0.001867685841842608,-3270.0682332217693,-0.001867685841842608,negative,negative,positive,False,0.0584800149533509,False,0.0,0.0584800149533509,0.5138000524920544,False,p<100M,0.50-0.55,>=1.00
257,7103077,7103076,7103077,1,15.776038628411124,14.776038628411124,15.776038628071547,3.395772552039489e-10,0.059369322891071226,-1549.798276938498,-1535.0222383104265,-0.0023141712205701523,-1535.0222383104265,-0.0023141712205701523,negative,negative,positive,False,0.0630835742905236,False,0.0,0.0630835742905236,0.5137470021360121,False,p<100M,0.50-0.55,0.25-0.50
258,179145961,179143998,179145961,1963,1805.3520558240016,-157.64794417599842,1805.352055966854,-1.428525138180703e-07,-0.009852610323602658,-7140.4375230968,-7298.085467129946,-0.0015098318380869912,-7298.085467129946,-0.0015098318380869912,negative,negative,negative,False,0.0992292790633997,False,0.018796074136079064,0.0992292790633997,0.5137470080736206,False,100M<=p<500M,0.50-0.55,0.10-0.25
259,1512751,1512750,1512751,1,14.22944040553211,13.22944040553211,14.22944040549919,3.291944494776544e-11,0.06533799931688884,-767.7111456177663,-754.4817052122671,-0.0030296282852743097,-754.4817052122671,-0.0030296282852743097,negative,negative,positive,False,0.0718102487098728,False,0.0,0.0718102487098728,0.5136911297249478,False,p<100M,0.50-0.55,>=1.00
260,108586733,108586732,108586733,1,18.503059794097258,17.503059794097258,18.503059789538383,4.558874167059912e-09,0.05112424081342537,-5780.180591747165,-5762.677531957626,-0.0016152837721441027,-5762.677531957626,-0.0016152837721441027,negative,negative,positive,False,0.0543474529340776,False,0.0,0.0543474529340776,0.5136321947128151,False,100M<=p<500M,0.50-0.55,0.50-1.00
261,3284137,3284136,3284137,1,15.004614466102092,14.004614466102092,15.004614465869963,2.3212898270230653e-10,0.06220445302829879,-1112.937012733426,-1098.932398267556,-0.002693460819367985,-1098.932398267556,-0.002693460819367985,negative,negative,positive,False,0.0686459109048948,False,0.0,0.0686459109048948,0.5136257266798676,False,p<100M,0.50-0.55,>=1.00
262,7118317,7118316,7118317,1,15.77818187904236,14.77818187904236,15.778181878849864,1.9249668525844754e-10,0.05936180408792453,-1549.1199399689212,-1534.3417580900714,-0.00231004014100816,-1534.3417580900714,-0.00231004014100816,negative,negative,positive,False,0.0645287401420676,False,0.0,0.0645287401420676,0.5136212519590009,False,p<100M,0.50-0.55,>=1.00
263,39693439,39693438,39693439,1,17.496696467516113,16.496696467516113,17.496696464717388,2.7987248074623494e-09,0.05388710694764979,-3551.4987134188414,-3535.002016954124,-0.0018328131271377018,-3535.002016954124,-0.0018328131271377018,negative,negative,positive,False,0.0588645021490785,False,0.0,0.0588645021490785,0.5136196890933074,False,p<100M,0.50-0.55,>=1.00
264,31039823,31039822,31039823,1,17.250781550943447,16.250781550943447,17.250781551003456,-6.000888674861926e-11,0.05460805408245047,-3147.7407063022256,-3131.489924751222,-0.001888747268820865,-3131.489924751222,-0.001888747268820865,negative,negative,positive,False,0.0576298658887291,False,0.0,0.0576298658887291,0.5136136009310827,False,p<100M,0.50-0.55,0.25-0.50
265,33881387,33881386,33881387,1,17.338376365517014,16.338376365517014,17.338376365602016,-8.500222747898079e-11,0.05434906088092073,-3296.0620884671807,-3279.7237121015787,-0.0018743030739151033,-3279.7237121015787,-0.0018743030739151033,negative,negative,positive,False,0.0586131860322688,False,0.0,0.0586131860322688,0.5135979503635802,False,p<100M,0.50-0.55,>=1.00
266,40875397,40875396,40875397,1,17.526038899672752,16.526038899672752,17.52603890001774,-3.4498626177992264e-10,0.05380234786135347,-3643.324523448944,-3626.7984845489264,-0.0018468213695846164,-3626.7984845489264,-0.0018468213695846164,negative,negative,positive,False,0.0570659692284134,False,0.0,0.0570659692284134,0.5135840834659497,False,p<100M,0.50-0.55,0.50-1.00
267,359207,359206,359207,1,12.791654102970854,11.791654102970854,12.791654102969915,9.396927680427325e-13,0.0720644898643484,-400.1919870323618,-388.4003329293919,-0.003960534341849843,-388.4003329293919,-0.003960534341849843,negative,negative,positive,False,0.0800494306768673,False,0.0,0.0800494306768672,0.5135382876912242,False,p<100M,0.50-0.55,>=1.00
268,30796769,30796057,30796769,712,689.7163322407621,-22.283667759237915,689.7163322493434,-8.581309884903021e-09,-0.002808827278524607,-3097.7729878500104,-3120.056655600667,-0.0018909857618899773,-3120.056655600667,-0.0018909857618899773,negative,negative,negative,False,0.0776137683916326,False,0.0,0.0776137683916326,0.5134491437965308,False,p<100M,0.50-0.55,0.10-0.25
269,178899467,178898710,178899467,757,627.0769672659085,-129.92303273409152,627.0769672393799,2.6528596208663657e-08,-0.013077486763904848,-7162.430056720972,-7292.353089481592,-0.0015099036836929787,-7292.353089481592,-0.0015099036836929787,negative,negative,negative,False,0.0645219433395106,False,0.015155692447001146,0.0645219433395106,0.5132907216386382,False,100M<=p<500M,0.50-0.55,0.25-0.50
270,17643289,17643288,17643289,1,16.68586604241021,15.685866042410211,16.68586604297161,-5.613998155240552e-10,0.05633924159728181,-2439.706644270569,-2424.0207782275975,-0.0020727601900403514,-2424.0207782275975,-0.0020727601900403514,negative,negative,positive,False,0.0599602263937145,False,0.0,0.0599602263937145,0.513094132854823,False,p<100M,0.50-0.55,0.50-1.00
271,187425023,187423758,187425023,1265,1200.079804012073,-64.92019598792695,1200.079804033041,-2.0967945602023974e-08,-0.005030315640832436,-7379.897164583206,-7444.817360550165,-0.001498652487633418,-7444.817360550165,-0.001498652487633418,negative,negative,negative,False,0.0855229588678136,False,0.023709331286169727,0.0855229588678136,0.5130231570030996,False,100M<=p<500M,0.50-0.55,0.25-0.50
272,39651113,39650618,39650965,347,402.3992965006438,55.3992965006438,402.39929650723934,-6.595541890419554e-09,0.009715840178124505,-3492.1043721213937,-3436.7050756141543,-0.00178302083796027,-3514.722564265132,-0.001823493452085813,negative,negative,positive,False,0.0666565964958798,False,0.03946320129494251,0.0666565964958798,0.5130079418849849,False,p<100M,0.50-0.55,0.25-0.50
273,30401963,30401962,30401963,1,17.230017736660166,16.230017736660166,17.230017736554146,1.0602008160276455e-10,0.05466980759162021,-3114.9725771807134,-3098.7425594441593,-0.0018930550127685608,-3098.7425594441593,-0.0018930550127685608,negative,negative,positive,False,0.0584108084726998,False,0.0,0.0584108084726998,0.5129532677346053,False,p<100M,0.50-0.55,0.50-1.00
274,109547591,109546815,109547591,776,666.4271671513063,-109.57283284869368,666.4271671324968,1.8809487301041372e-08,-0.011478138553813902,-5695.402361959219,-5804.975194826722,-0.001618446642821745,-5804.975194826722,-0.001618446642821745,negative,negative,negative,False,0.0689354203592449,False,0.0,0.0689354203592449,0.5129413196799918,False,100M<=p<500M,0.50-0.55,0.25-0.50
275,109494199,109492961,109494199,1238,1129.1939527496788,-108.80604725032117,1129.1939528137445,-6.406571628758684e-08,-0.009024331057296001,-5673.186323389411,-5781.992370575666,-0.0016125168698166745,-5781.992370575666,-0.0016125168698166745,negative,negative,negative,False,0.0837417020986148,False,0.004900020134107151,0.0837417020986148,0.5127224586644287,False,100M<=p<500M,0.50-0.55,0.10-0.25
276,108562291,108561847,108562160,313,296.0453157544917,-16.954684245508304,296.04531575739384,-2.902140749938553e-09,-0.0027992455761490956,-5652.120176523924,-5669.07486076653,-0.0015892655664645201,-5763.069191873074,-0.0016156147040016064,negative,negative,negative,False,0.0551202378966553,False,0.015682011036113726,0.0551202378966553,0.5126792906597519,False,100M<=p<500M,0.50-0.55,0.50-1.00
277,7103683,7103682,7103683,1,15.776123939910772,14.776123939910772,15.776123940013349,-1.0257750204800686e-10,0.059369023570981214,-1540.5312322666869,-1525.7551083266735,-0.0023000772754659875,-1525.7551083266735,-0.0023000772754659875,negative,negative,positive,False,0.0630902209402763,False,0.0,0.0630902209402763,0.5124533043158833,False,p<100M,0.50-0.55,0.25-0.50
278,30401417,30401416,30401417,1,17.229999777132257,16.229999777132257,17.229999776929617,2.0263968281142297e-10,0.05466986106511579,-3137.5628086328506,-3121.332808855921,-0.0019068767364584058,-3121.332808855921,-0.0019068767364584058,negative,negative,positive,False,0.0591615064749945,False,0.0,0.0591615064749945,0.512447597349503,False,p<100M,0.50-0.55,>=1.00
279,40863643,40862800,40863643,843,841.2355446966441,-1.7644553033559305,841.2355446740985,2.254557784908684e-08,-0.00019785343061961378,-3595.8573317602277,-3597.621787086129,-0.0018322877361613477,-3597.621787086129,-0.0018322877361613477,negative,negative,negative,False,0.0829200752976066,False,0.022469407785219782,0.0829200752976066,0.5124156361515416,False,p<100M,0.50-0.55,0.10-0.25
280,33913261,33913260,33913261,1,17.339316675800756,16.339316675800756,17.339316673576832,2.2239241559418588e-09,0.05434629391837158,-3283.92660009861,-3267.587283425033,-0.0018662871435748732,-3267.587283425033,-0.0018662871435748732,negative,negative,positive,False,0.058191274874661,False,0.0,0.058191274874661,0.5122766216723371,False,p<100M,0.50-0.55,0.50-1.00
281,108810601,108810600,108810601,1,18.505119323301336,17.505119323301336,18.50511932373047,-4.291322852623125e-10,0.051118875978513605,-5767.138566896319,-5749.633447572589,-0.0016096104172905552,-5749.633447572589,-0.0016096104172905552,negative,negative,positive,False,0.0544870044829864,False,0.0,0.0544870044829864,0.5122445590100813,False,100M<=p<500M,0.50-0.55,0.50-1.00
282,1512877,1512876,1512877,1,14.229523694026316,13.229523694026316,14.2295236941427,-1.1638334740382561e-10,0.06533764578727576,-765.6458792155609,-752.4163555214182,-0.0030211736683562118,-752.4163555214182,-0.0030211736683562118,negative,negative,positive,False,0.0708017239099497,False,0.0,0.0708017239099497,0.5120748293897274,False,p<100M,0.50-0.55,0.50-1.00
283,17591999,17591998,17591999,1,16.682954754372712,15.682954754372712,16.682954754680395,-3.076827681525174e-10,0.05634844628587787,-2387.585151821375,-2371.9021970666945,-0.0020318574591870913,-2371.9021970666945,-0.0020318574591870913,negative,negative,positive,False,0.0606328476734683,False,0.0,0.0606328476734683,0.5120457330310519,False,p<100M,0.50-0.55,>=1.00
284,30400757,30400756,30400757,1,17.229978067382206,16.229978067382206,17.229978065937757,1.4444481166719925e-09,0.05466992570482828,-3115.0723375082016,-3098.842359442264,-0.0018931622486790456,-3098.842359442264,-0.0018931622486790456,negative,negative,positive,False,0.0592359497084479,False,0.0,0.0592359497084479,0.5120045597012038,False,p<100M,0.50-0.55,>=1.00
285,187503637,187502433,187503637,1204,1085.8104167368283,-118.1895832631717,1085.8104167282581,8.570168574806303e-09,-0.009386582764312326,-7344.041020959616,-7462.230604231358,-0.0015017767405989338,-7462.230604231358,-0.0015017767405989338,negative,negative,negative,False,0.0793621467961531,False,0.006924355481040229,0.0793621467961531,0.5119913295429265,False,100M<=p<500M,0.50-0.55,0.25-0.50
286,1188899,1188898,1188899,1,13.988538226732649,12.988538226732649,13.988538226811215,-7.856648664983368e-11,0.0663766926301531,-687.0963702136651,-674.1078319868539,-0.003159455363512964,-674.1078319868539,-0.003159455363512964,negative,negative,positive,False,0.0732650773543473,False,0.0,0.0732650773543473,0.5119485974194274,False,p<100M,0.50-0.55,>=1.00
287,108554851,108554850,108554851,1,18.50276614237342,17.50276614237342,18.502766147255898,-4.8824766452071344e-09,0.05112500583352532,-5760.194406345487,-5742.691640198231,-0.001609969170134198,-5742.691640198231,-0.001609969170134198,negative,negative,positive,False,0.0546923953449301,False,0.0,0.0546923953449301,0.5117192166601842,False,100M<=p<500M,0.50-0.55,>=1.00
288,108533687,108533470,108533473,3,37.005138362130026,34.005138362130026,37.00513835251331,9.616712759452639e-09,0.05734819489427019,-5695.268428832293,-5661.263290479779,-0.0015873307487635209,-5782.750438913703,-0.0016213919239115165,negative,negative,positive,False,0.06296609300304,False,0.01665093106902291,0.06296609300304,0.5117036749818422,False,100M<=p<500M,0.50-0.55,0.50-1.00
289,187420763,187420762,187420763,1,19.04886671672199,18.04886671672199,19.048866719007492,-2.285503342136508e-09,0.049740672385038036,-7469.814876914024,-7451.766010195017,-0.001500071888335891,-7451.766010195017,-0.001500071888335891,negative,negative,positive,False,0.0528698455510337,False,0.0,0.0528698455510337,0.5116828893842736,False,100M<=p<500M,0.50-0.55,0.50-1.00
290,1200061,1200060,1200061,1,13.997882946799592,12.997882946799592,13.997882946860045,-6.045297595846932e-11,0.06633579014591585,-710.5225814303849,-697.5246984835248,-0.003249624751093046,-697.5246984835248,-0.003249624751093046,negative,negative,positive,False,0.0734962713434768,False,0.0,0.0734962713434768,0.5115408653975575,False,p<100M,0.50-0.55,>=1.00
291,22052747,22052746,22052747,1,16.908947732596488,15.908947732596488,16.908947732299566,2.9692159841943067e-10,0.055642712318162126,-2673.5051826946437,-2657.596234962344,-0.001979358629887144,-2657.596234962344,-0.001979358629887144,negative,negative,positive,False,0.0591697378973292,False,0.0,0.0591697378973292,0.511532796090323,False,p<100M,0.50-0.55,0.50-1.00
292,1196119,1196118,1196119,1,13.994592706870844,12.994592706870844,13.994592706905678,-3.483435762063891e-11,0.06635018604190121,-687.4667284411844,-674.4721357342787,-0.003148881309059779,-674.4721357342787,-0.003148881309059779,negative,negative,positive,False,0.072507583675384,False,0.0,0.072507583675384,0.5114506149243899,False,p<100M,0.50-0.55,>=1.00
293,179406523,179405418,179406523,1105,1007.273574133674,-97.72642586632605,1007.2735740840435,4.9630443754722364e-08,-0.008139310078765049,-7192.458488762379,-7290.184914678335,-0.001506871249486436,-7290.184914678335,-0.001506871249486436,negative,negative,negative,False,0.0771394318911972,False,0.003584728317209828,0.0771394318911972,0.5113499015550631,False,100M<=p<500M,0.50-0.55,0.25-0.50
294,40836767,40836766,40836767,1,17.525093385541517,16.525093385541517,17.525093384087086,1.4544312421094219e-09,0.05380507495028904,-3622.148004591465,-3605.622911207378,-0.0018371048634591082,-3605.622911207378,-0.0018371048634591082,negative,negative,positive,False,0.0575917731273201,False,0.0,0.0575917731273201,0.5113429589811832,False,p<100M,0.50-0.55,0.50-1.00
295,30775879,30775878,30775879,1,17.242241791771498,16.242241791771498,17.24224179238081,-6.093117121963587e-10,0.05463343529331199,-3178.7931186929345,-3162.5508769005537,-0.0019175417388423471,-3162.5508769005537,-0.0019175417388423471,negative,negative,positive,False,0.0597981788803012,False,0.0,0.0597981788803012,0.5113414429290017,False,p<100M,0.50-0.55,>=1.00
296,12422077,12422076,12422077,1,16.334985850761935,15.334985850761935,16.33498585037887,3.830642469893064e-10,0.05747061629031156,-2001.9433294422925,-1986.6083435919136,-0.0021124071140178466,-1986.6083435919136,-0.0021124071140178466,negative,negative,positive,False,0.0608018746772307,False,0.0,0.0608018746772307,0.5112731993246117,False,p<100M,0.50-0.55,0.25-0.50
297,604724143,604718720,604724143,5423,5135.950704280222,-287.04929571977755,5135.950704455376,-1.7515321815153584e-07,-0.009533716346228249,-12980.94502067566,-13267.994316220284,-0.0013196299567726551,-13267.994316220284,-0.0013196299567726551,negative,negative,negative,False,0.1444593757832343,False,0.020104447248294032,0.1444593757832343,0.5111967758595328,True,p>=500M,0.50-0.55,0.10-0.25
298,30423359,30423255,30423259,4,34.46143587930455,30.461435879304553,34.461435880512,-1.207446587159211e-09,0.051299538904924925,-3076.7806733995676,-3046.3192375190556,-0.0018602263744505521,-3094.627078410238,-0.00188972159651948,negative,negative,positive,False,0.0588683256744303,False,0.0,0.0588683256744303,0.5111907868855122,False,p<100M,0.50-0.55,0.50-1.00
299,39651863,39651244,39651863,619,594.8517740041707,-24.148225995829307,594.8517740145326,-1.0361873137298971e-08,-0.0031708800815248234,-3488.261884815991,-3512.4101108014584,-0.0018222725405315852,-3512.4101108014584,-0.0018222725405315852,negative,negative,negative,False,0.0700647985436921,False,0.022664588588850898,0.0700647985436921,0.5111542890712376,False,p<100M,0.50-0.55,0.10-0.25
300,108555463,108555462,108555463,1,18.50277178006044,17.50277178006044,18.50277177989483,1.6560974813728535e-10,0.05112499114603464,-5780.105825185776,-5762.603053405881,-0.0016155458156601392,-5762.603053405881,-0.0016155458156601392,negative,negative,positive,False,0.0542277324548623,False,0.0,0.0542277324548623,0.5110824700200581,False,100M<=p<500M,0.50-0.55,0.50-1.00
301,604360789,604358714,604360789,2075,1839.9908921996528,-235.00910780034724,1839.9908925294876,-3.298348474345403e-07,-0.012619059989678817,-12991.610877990723,-13226.619985461235,-0.0013159885116869024,-13226.619985461235,-0.0013159885116869024,negative,negative,negative,False,0.0905498237696835,False,0.017860118525054897,0.0905498237696835,0.5110799580241403,True,p>=500M,0.50-0.55,0.25-0.50
302,30848879,30848878,30848879,1,17.24461097054039,16.24461097054039,17.244610968977213,1.5631762551038264e-09,0.05462639144929827,-3135.648761935532,-3119.404150966555,-0.0018886224571922697,-3119.404150966555,-0.0018886224571922697,negative,negative,positive,False,0.0591459350334649,False,0.0,0.0591459350334649,0.5110517560245191,False,p<100M,0.50-0.55,>=1.00
303,155849,155848,155849,1,11.956642868748848,10.956642868748848,11.956642868753988,-5.140776693224325e-12,0.07664061674509375,-264.88298817683244,-253.92634530807845,-0.0044992200764836345,-253.92634530807845,-0.0044992200764836345,negative,negative,positive,False,0.0823330539773264,False,0.0,0.0823330539773264,0.510947836535215,False,p<100M,0.50-0.55,0.10-0.25
304,604870961,604869251,604870961,1710,1516.539314193056,-193.46068580694396,1516.539313673973,5.190829597268021e-07,-0.011442206541425663,-13031.740989923477,-13225.201676249504,-0.001315182589477242,-13225.201676249504,-0.001315182589477242,negative,negative,negative,False,0.084228112951883,False,0.01751015553677154,0.084228112951883,0.5110119311425245,True,p>=500M,0.50-0.55,0.25-0.50
305,30386821,30386676,30386689,13,68.9180601763964,55.918060176396395,68.9180601797998,-3.4034002283078735e-09,0.05224371918901029,-3094.5489123910666,-3038.6308522112668,-0.0018569069300981317,-3101.7127794623375,-0.0018954512151685018,negative,negative,positive,False,0.0656901337841472,False,0.014505183987968769,0.0656901337841472,0.5110061736704303,False,p<100M,0.50-0.55,0.50-1.00
306,17997751,17997750,17997751,1,16.705757363609788,15.705757363609788,16.7057573646307,-1.0209113554537907e-09,0.05627643073898621,-2431.051195219159,-2415.3454378545284,-0.002040035820644599,-2415.3454378545284,-0.002040035820644599,negative,negative,positive,False,0.0614815788836374,False,0.0,0.0614815788836374,0.5109794628507197,False,p<100M,0.50-0.55,>=1.00
307,17642591,17642590,17642591,1,16.68582647984297,15.68582647984297,16.68582648038864,-5.456719520680053e-10,0.05633936666312908,-2392.454546045512,-2376.7687195651233,-0.0020324051848444468,-2376.7687195651233,-0.0020324051848444468,negative,negative,positive,False,0.0615114980157123,False,0.0,0.0615114980157123,0.510870667744665,False,p<100M,0.50-0.55,>=1.00
308,2275513,2275512,2275513,1,14.637716079452618,13.637716079452618,14.63771607959643,-1.4381207336100488e-10,0.0636495014821801,-925.9164094864391,-912.2786934068426,-0.002822547330223382,-912.2786934068426,-0.002822547330223382,negative,negative,positive,False,0.0691152327817433,False,0.0,0.0691152327817433,0.5108375269366695,False,p<100M,0.50-0.55,0.50-1.00
309,108834839,108833866,108834839,973,888.2562032219333,-84.74379677806667,888.2562032192945,2.6387851903564297e-09,-0.007933361854573872,-5679.540851071477,-5764.284647852182,-0.0016134934812314524,-5764.284647852182,-0.0016134934812314524,negative,negative,negative,False,0.0759633517847871,False,0.01256949996786968,0.0759633517847871,0.5108043664400757,False,100M<=p<500M,0.50-0.55,0.10-0.25
310,3459473,3459472,3459473,1,15.056626823294508,14.056626823294508,15.056626823265105,2.9402258405752946e-11,0.062004861549040544,-1098.2198523879051,-1084.16322556464,-0.0025711909225307455,-1084.16322556464,-0.0025711909225307455,negative,negative,positive,False,0.0675533283624984,False,0.0,0.0675533283624984,0.5107947359739409,False,p<100M,0.50-0.55,>=1.00
311,1516759,1516758,1516759,1,14.232086379526844,13.232086379526844,14.232086379546672,-1.9827695041385596e-11,0.06532676996876811,-776.8709376766346,-763.638851297088,-0.0030612061942770527,-763.638851297088,-0.0030612061942770527,negative,negative,positive,False,0.0704701582316363,False,0.0,0.0704701582316363,0.5107759453593075,False,p<100M,0.50-0.55,0.50-1.00
312,12785933,12785932,12785933,1,16.363856140188712,15.363856140188712,16.36385614052415,-3.354365674113069e-10,0.05737582276481048,-2064.2951260413975,-2048.9312699008733,-0.00213988223199624,-2048.9312699008733,-0.00213988223199624,negative,negative,positive,False,0.0626516042594357,False,0.0,0.0626516042594357,0.510778673421146,False,p<100M,0.50-0.55,>=1.00
313,33868273,33868272,33868273,1,17.33798923441809,16.33798923441809,17.3379892334342,9.838885262070107e-10,0.05435020013669195,-3272.3906406909227,-3256.0526514574885,-0.0018612188192972333,-3256.0526514574885,-0.0018612188192972333,negative,negative,positive,False,0.0584495095176475,False,0.0,0.0584495095176475,0.5106973495585814,False,p<100M,0.50-0.55,>=1.00
314,30402367,30402366,30402367,1,17.23003102518748,16.23003102518748,17.23003102466464,5.228386612543545e-10,0.05466976802583619,-3122.6820364780724,-3106.4520054534078,-0.0018977492594331588,-3106.4520054534078,-0.0018977492594331588,negative,negative,positive,False,0.0585071691732537,False,0.0,0.0585071691732537,0.5105959876870468,False,p<100M,0.50-0.55,0.50-1.00
315,33926539,33926350,33926353,3,34.67940523101436,31.679405231014357,34.679405227303505,3.710852070071269e-09,0.06083210238479295,-3265.2562426403165,-3233.576837413013,-0.0018464234444053314,-3263.51949121058,-0.0018635148858988505,negative,negative,positive,False,0.0662381750517639,False,0.013502587692171383,0.0662381750517639,0.5105406360457616,False,p<100M,0.50-0.55,0.25-0.50
316,604434563,604433380,604434563,1183,970.5505416525366,-212.4494583474634,970.5505414009094,2.5162717065541074e-07,-0.015108083419591904,-13026.550494909286,-13238.999953508377,-0.0013171239708986426,-13238.999953508377,-0.0013171239708986426,negative,negative,negative,False,0.0706267903397897,False,0.017499423222618864,0.0706267903397897,0.5105318094227971,True,p>=500M,0.50-0.55,0.25-0.50
317,12783493,12783492,12783493,1,16.36366528725307,15.36366528725307,16.363665286451578,8.01492205937393e-10,0.057376448394925436,-2062.4952901061624,-2047.1316248197109,-0.0021382566104320407,-2047.1316248197109,-0.0021382566104320407,negative,negative,positive,False,0.0614653493746613,False,0.0,0.0614653493746613,0.5105124180397294,False,p<100M,0.50-0.55,0.50-1.00
318,30820421,30820420,30820421,1,17.24368804772401,16.24368804772401,17.24368804693222,7.917897448805888e-10,0.054629135191123966,-3147.7294057421386,-3131.4857176952064,-0.0018970153141508142,-3131.4857176952064,-0.0018970153141508142,negative,negative,positive,False,0.0586821462517961,False,0.0,0.0586821462517961,0.5104998439938433,False,p<100M,0.50-0.55,>=1.00
319,109684921,109684920,109684921,1,18.51312245909733,17.51312245909733,18.51312245428562,4.8117065887254284e-09,0.05109803938230768,-5789.774196386337,-5772.261073932052,-0.0016081003795682842,-5772.261073932052,-0.0016081003795682842,negative,negative,positive,False,0.0544238599579058,False,0.0,0.0544238599579058,0.5104717674073789,False,100M<=p<500M,0.50-0.55,0.50-1.00
320,604702619,604700469,604702619,2150,1900.703082761819,-249.2969172381811,1900.7030826807022,8.111669558275025e-08,-0.01314996963727905,-13009.059220671654,-13258.356137990952,-0.0013186994580455028,-13258.356137990952,-0.0013186994580455028,negative,negative,negative,False,0.0924905344982734,False,0.03379206010566899,0.0924905344982734,0.5104435141450901,True,p>=500M,0.50-0.55,0.25-0.50
321,109471171,109470995,109471009,14,74.0446810191957,60.04468101919571,74.04468101263046,6.565244348166743e-09,0.04683199961608243,-5735.602147907019,-5675.557466894388,-0.0015830375322672184,-5782.023952886462,-0.0016127319205550454,negative,negative,positive,False,0.0605347509168848,False,0.007445181336138469,0.0605347509168848,0.5104387260116029,False,100M<=p<500M,0.50-0.55,0.50-1.00
322,39669379,39669378,39669379,1,17.496090138221277,16.496090138221277,17.49609013646841,1.7528662965560216e-09,0.053888861206128104,-3566.529910713434,-3550.033820576966,-0.0018412924594114865,-3550.033820576966,-0.0018412924594114865,negative,negative,positive,False,0.0582727770264986,False,0.0,0.0582727770264986,0.5103659646284864,False,p<100M,0.50-0.55,>=1.00
323,179438351,179438217,179438221,4,38.01068305675338,34.01068305675338,38.01068305969238,-2.939003707069787e-09,0.04707973054130014,-7264.416068255901,-7230.405385196209,-0.0014943551102843736,-7303.389359384775,-0.0015094385231034782,negative,negative,positive,False,0.0532141645529486,False,0.0,0.0532141645529486,0.5102742789410836,False,100M<=p<500M,0.50-0.55,0.50-1.00
324,109683631,109683630,109683631,1,18.51311069806788,17.51311069806788,18.51311069726944,7.984404248873034e-10,0.051098069990365744,-5795.692325890064,-5778.179215192795,-0.0016097606323452745,-5778.179215192795,-0.0016097606323452745,negative,negative,positive,False,0.055032164231841,False,0.0,0.055032164231841,0.5101455721032726,False,100M<=p<500M,0.50-0.55,>=1.00
325,1190201,1190200,1190201,1,13.989632758387462,12.989632758387462,13.989632758311927,7.553424552497745e-11,0.06637189919991743,-674.1241906271316,-661.1345578688197,-0.003096471415018719,-661.1345578688197,-0.003096471415018719,negative,negative,positive,False,0.0715945211420518,False,0.0,0.0715945211420518,0.5100509717145383,False,p<100M,0.50-0.55,0.50-1.00
326,187501387,187501386,187501387,1,19.04929680068071,18.04929680068071,19.04929679632187,4.358842176088729e-09,0.04973961158848317,-7478.097587376833,-7460.048290580511,-0.0015013484485855788,-7460.048290580511,-0.0015013484485855788,negative,negative,positive,False,0.0525393820764277,False,0.0,0.0525393820764277,0.5100003258784012,False,100M<=p<500M,0.50-0.55,0.50-1.00
327,109497203,109497076,109497079,3,37.02281684386655,34.02281684386655,37.022816851735115,-7.868564466662065e-09,0.057323230908800954,-5734.191956907511,-5700.169140055776,-0.0015896720905200575,-5787.146321401,-0.0016139273116599609,negative,negative,positive,False,0.0638594994842023,False,0.017588553985587244,0.0638594994842023,0.5099744377853106,False,100M<=p<500M,0.50-0.55,0.50-1.00
328,33489013,33488866,33488869,3,34.653447286128895,31.653447286128895,34.65344728529453,8.343619128936552e-10,0.060873359885656814,-3237.677723776549,-3206.0242764912546,-0.001845370899098256,-3246.063919529319,-0.0018684125650026496,negative,negative,positive,False,0.0671490711147243,False,0.014334441425129895,0.0671490711147243,0.5099638333078625,False,p<100M,0.50-0.55,0.50-1.00
329,109452269,109452148,109452151,3,37.021996050826246,34.021996050826246,37.021996051073074,-2.468283355483436e-10,0.0573243900613778,-5732.884854361415,-5698.862858310342,-0.0015897044357470168,-5779.840860500932,-0.001612292286923504,negative,negative,positive,False,0.0627535154340644,False,0.016480517948922104,0.0627535154340644,0.509913781909953,False,100M<=p<500M,0.50-0.55,0.50-1.00
330,187419913,187418830,187419913,1083,1009.5895347484436,-73.41046525155639,1009.5895347893238,-4.088019522896502e-08,-0.006147600946629099,-7366.505563259125,-7439.916028469801,-0.0014976905464562987,-7439.916028469801,-0.0014976905464562987,negative,negative,negative,False,0.0766870226372487,False,0.011968580366799198,0.0766870226372487,0.5098834189427849,False,100M<=p<500M,0.50-0.55,0.10-0.25
331,33415939,33415938,33415939,1,17.324543559684656,16.324543559684656,17.324543558061123,1.6235333077929681e-09,0.05438979782149964,-3250.620304185897,-3234.295760627836,-0.001864143299388532,-3234.295760627836,-0.001864143299388532,negative,negative,positive,False,0.0587411588277256,False,0.0,0.0587411588277256,0.5098629774210433,False,p<100M,0.50-0.55,>=1.00
332,40835099,40835098,40835099,1,17.525052539162417,16.525052539162417,17.525052540004253,-8.418368224738515e-10,0.053805192767221066,-3619.029909670353,-3602.5048571303487,-0.0018355622242166728,-3602.5048571303487,-0.0018355622242166728,negative,negative,positive,False,0.0578586384299054,False,0.0,0.0578586384299054,0.5098581743067604,False,p<100M,0.50-0.55,>=1.00
333,445001,445000,445001,1,13.005831808336865,12.005831808336865,13.005831808317453,1.9412027540965937e-11,0.0709767302044906,-440.2651383286575,-428.25930652034003,-0.0037953344203567776,-428.25930652034003,-0.0037953344203567776,negative,negative,positive,False,0.0776707266078231,False,0.0,0.0776707266078231,0.5098245134068178,False,p<100M,0.50-0.55,0.50-1.00
334,40836461,40836460,40836461,1,17.525085892265995,16.525085892265995,17.525085888803005,3.4629898948423943e-09,0.05380509656378772,-3631.599595181644,-3615.074509292841,-0.0018419290336558355,-3615.074509292841,-0.0018419290336558355,negative,negative,positive,False,0.0572224328808061,False,0.0,0.0572224328808061,0.5098332515563442,False,p<100M,0.50-0.55,0.50-1.00
335,604685377,604682818,604685377,2559,2426.425994675742,-132.574005324258,2426.425994515419,1.6032299754442647e-07,-0.006409904087848511,-13091.200517177582,-13223.774522662163,-0.0013152823706824043,-13223.774522662163,-0.0013152823706824043,negative,negative,negative,False,0.103142612325526,False,0.012223555991387514,0.103142612325526,0.5098177082877743,True,p>=500M,0.50-0.55,0.10-0.25
336,12842771,12842770,12842771,1,16.368291642911316,15.368291642911316,16.36829164251685,3.944649051845772e-10,0.05736128668061012,-2079.271153654903,-2063.9028620123863,-0.002149577833180875,-2063.9028620123863,-0.002149577833180875,negative,negative,positive,False,0.0614933608736022,False,0.0,0.0614933608736022,0.5097450738016737,False,p<100M,0.50-0.55,0.50-1.00
337,3454739,3454738,3454739,1,15.055257469638663,14.055257469638663,15.055257469415665,2.2299850854778924e-10,0.06201009996561062,-1106.8366029346362,-1092.7813454652205,-0.0025938763964895198,-1092.7813454652205,-0.0025938763964895198,negative,negative,positive,False,0.0678335682776829,False,0.0,0.0678335682776829,0.5095775294416988,False,p<100M,0.50-0.55,>=1.00
338,108591737,108591025,108591737,712,666.1116878067066,-45.88831219329336,666.1116878092289,-2.5222561816917732e-09,-0.005023111514206862,-5687.950943231583,-5733.839255422354,-0.0016071553406405061,-5733.839255422354,-0.0016071553406405061,negative,negative,negative,False,0.0670776998596762,False,0.02645383966100752,0.0670776998596762,0.5095535764984479,False,100M<=p<500M,0.50-0.55,0.25-0.50
339,108530069,108529950,108529951,1,18.50253673893403,17.50253673893403,18.50253674387932,-4.945288623048327e-09,0.0511255974816211,-5653.748527050018,-5636.245990306139,-0.001580347469749455,-5735.743452474475,-0.001608244507928975,negative,negative,positive,False,0.0549969698681508,False,0.0,0.0549969698681508,0.5095494135198644,False,100M<=p<500M,0.50-0.55,>=1.00
340,40882771,40882770,40882771,1,17.526219285319847,16.526219285319847,17.52621928602457,-7.04723390754225e-10,0.053801827617266575,-3621.2993398681283,-3604.7731205821037,-0.0018354023839935523,-3604.7731205821037,-0.0018354023839935523,negative,negative,positive,False,0.0576333796617081,False,0.0,0.0576333796617081,0.509544729930443,False,p<100M,0.50-0.55,0.50-1.00
341,7102457,7102456,7102457,1,15.775951338485887,14.775951338485887,15.775951338931918,-4.460307678755271e-10,0.059369629155683765,-1545.0620007887483,-1530.2860494498163,-0.0023071572533141993,-1530.2860494498163,-0.0023071572533141993,negative,negative,positive,False,0.0646932136535411,False,0.0,0.0646932136535411,0.5095150255628678,False,p<100M,0.50-0.55,>=1.00
342,40864051,40863879,40863883,4,35.051514300365966,31.051514300365966,35.05151429772377,2.642195795488078e-09,0.05054742130535292,-3570.7354798316956,-3539.683965533972,-0.001802773196012606,-3602.529408492148,-0.0018347759634928336,negative,negative,positive,False,0.0574566735917498,False,0.0,0.0574566735917498,0.5094716613312037,False,p<100M,0.50-0.55,0.50-1.00
343,1518239,1518238,1518239,1,14.233061668549976,13.233061668549976,14.233061668463051,8.692424557921186e-11,0.0653226318701599,-776.6833123865072,-763.4502507180441,-0.003058538899187376,-763.4502507180441,-0.003058538899187376,negative,negative,positive,False,0.07170621495335,False,0.0,0.07170621495335,0.5094374942286888,False,p<100M,0.50-0.55,>=1.00
344,109597217,109596735,109597217,482,407.2710430096557,-74.72895699034427,407.2710430175066,-7.850871952541638e-09,-0.009932157204436848,-5706.808229744434,-5781.537186726928,-0.001611468213801573,-5781.537186726928,-0.001611468213801573,negative,negative,negative,False,0.0542204176570948,False,0.0,0.0542204176570948,0.5094420870496775,False,100M<=p<500M,0.50-0.55,0.25-0.50
345,31018529,31018450,31018453,3,34.500185622358515,31.500185622358515,34.5001856200397,2.3188135855889414e-09,0.06111804987058399,-3131.7857441939414,-3100.2855585739017,-0.0018707198583718873,-3159.035463280976,-0.001906166817294288,negative,negative,positive,False,0.0692098295960013,False,0.015924904927554863,0.0692098295960013,0.5094190375911789,False,p<100M,0.50-0.55,>=1.00
346,40845443,40845352,40845353,1,17.525303615149454,16.525303615149454,17.52530361711979,-1.970335006262758e-09,0.05380445504449784,-3585.75047403574,-3569.22517041862,-0.0018183250381029836,-3641.699864603579,-0.001855244420980538,negative,negative,positive,False,0.0574305097109247,False,0.0,0.0574305097109247,0.5094015118213453,False,p<100M,0.50-0.55,0.50-1.00
347,177979733,177979051,177979733,682,626.9068833567122,-55.09311664328777,626.9068833887577,-3.204547738278052e-08,-0.00584557002628837,-7243.779319912195,-7298.8724365234375,-0.0015159756007959038,-7298.8724365234375,-0.0015159756007959038,negative,negative,negative,False,0.064256989998171,False,0.0,0.064256989998171,0.5093795941738046,False,100M<=p<500M,0.50-0.55,0.25-0.50
348,12783283,12783282,12783283,1,16.363648859683163,15.363648859683163,16.363648859784007,-1.0084377777275222e-10,0.0573765022463558,-2065.222799446434,-2049.85915058665,-0.0021411274335354407,-2049.85915058665,-0.0021411274335354407,negative,negative,positive,False,0.0626209646339798,False,0.0,0.0626209646339798,0.5093511062674271,False,p<100M,0.50-0.55,>=1.00
349,7051327,7051326,7051327,1,15.768726384026335,14.768726384026335,15.768726384267211,-2.4087576377951336e-10,0.05939498946439276,-1549.1291243797168,-1534.3603979954496,-0.0023237998443851825,-1534.3603979954496,-0.0023237998443851825,negative,negative,positive,False,0.0640096837074059,False,0.0,0.0640096837074058,0.5093310785249124,False,p<100M,0.50-0.55,0.50-1.00
350,178894987,178894798,178894801,3,38.0046169630778,35.0046169630778,38.0046169757843,-1.2706500740478077e-08,0.05596956433779495,-7221.914931565523,-7186.910314589739,-0.0014880949304970552,-7315.903387725353,-0.0015148028034057475,negative,negative,positive,False,0.0624748732312566,False,0.018563746874519164,0.0624748732312566,0.5093324645641792,False,100M<=p<500M,0.50-0.55,>=1.00
351,33843569,33843568,33843569,1,17.337259554044127,16.337259554044127,17.33725955337286,6.712674860409606e-10,0.05435234758141367,-3274.511411242187,-3258.174151688814,-0.0018632679515273249,-3258.174151688814,-0.0018632679515273249,negative,negative,positive,False,0.0573142485737193,False,0.0,0.0573142485737193,0.5093251429529002,False,p<100M,0.50-0.55,0.25-0.50
352,109712341,109712340,109712341,1,18.51337241663912,17.51337241663912,18.51337242126465,-4.625530181101567e-09,0.05109738887689234,-5810.166831254959,-5792.6534588336945,-0.0016135362689668903,-5792.6534588336945,-0.0016135362689668903,negative,negative,positive,False,0.0539020807162376,False,0.0,0.0539020807162376,0.5092974971206335,False,100M<=p<500M,0.50-0.55,0.50-1.00
353,179664509,179664508,179664509,1,19.00660183085661,18.00660183085661,19.006601840257645,-9.401034617440018e-09,0.04984513858666646,-7384.341149568558,-7366.3345477283,-0.0015212876435595972,-7366.3345477283,-0.0015212876435595972,negative,negative,positive,False,0.0530489105874725,False,0.0,0.0530489105874725,0.5092710768946377,False,100M<=p<500M,0.50-0.55,0.50-1.00
354,30784619,30784618,30784619,1,17.242525740093644,16.242525740093644,17.24252574145794,-1.3642953433645744e-09,0.05463259098653026,-3142.4212549999356,-3126.1787292584777,-0.0018951567921790655,-3126.1787292584777,-0.0018951567921790655,negative,negative,positive,False,0.0583295511087164,False,0.0,0.0583295511087164,0.5092391678389152,False,p<100M,0.50-0.55,0.50-1.00
355,33843947,33843946,33843947,1,17.337270723016555,16.337270723016555,17.337270721793175,1.2233805080086313e-09,0.05435231470992509,-3305.766134530306,-3289.4288638085127,-0.0018811288073703931,-3289.4288638085127,-0.0018811288073703931,negative,negative,positive,False,0.0578346580287957,False,0.0,0.0578346580287957,0.5092295049680529,False,p<100M,0.50-0.55,0.50-1.00
356,33821677,33821502,33821509,7,52.00982232048878,45.00982232048878,52.00982231646776,4.021018185085268e-09,0.056601741673700384,-3261.09392157197,-3216.084099255502,-0.0018399358095468295,-3262.727829359472,-0.001866615186374709,negative,negative,positive,False,0.0654611569085146,False,0.016179568040214136,0.0654611569085146,0.5091036125226484,False,p<100M,0.50-0.55,0.25-0.50
357,30978317,30978316,30978317,1,17.24879806610611,16.24879806610611,17.248798064887524,1.2185878972559294e-09,0.05461394714867216,-3154.5114338733256,-3138.262635808438,-0.001895146119658434,-3138.262635808438,-0.001895146119658434,negative,negative,positive,False,0.058206963587266,False,0.0,0.058206963587266,0.5090420374245351,False,p<100M,0.50-0.55,0.50-1.00
358,2275027,2275026,2275027,1,14.63750247842863,13.63750247842863,14.637502478435636,-7.005951374594588e-12,0.06365036219407175,-937.5952059784904,-923.9577035000548,-0.0028590704040281677,-923.9577035000548,-0.0028590704040281677,negative,negative,positive,False,0.0701677034244439,False,0.0,0.0701677034244439,0.5090326128084607,False,p<100M,0.50-0.55,>=1.00
359,109548913,109548912,109548913,1,18.511881701546663,17.511881701546663,18.511881694197655,7.349008512846922e-09,0.051101268653003365,-5811.632057204843,-5794.120175510645,-0.0016154083735108232,-5794.120175510645,-0.0016154083735108232,negative,negative,positive,False,0.0540412935367529,False,0.0,0.0540412935367529,0.5090335519826829,False,100M<=p<500M,0.50-0.55,0.50-1.00
360,33488281,33487676,33488180,504,502.4741794889246,-1.5258205110753806,502.4741794876754,1.249190972885117e-09,-0.0002263894383431751,-3208.5670283809304,-3210.092848893255,-0.0018477361440262484,-3276.4394390508533,-0.0018859218792936807,negative,negative,negative,False,0.0702213435707402,False,0.0,0.0702213435707402,0.5090295281131568,False,p<100M,0.50-0.55,0.25-0.50
361,33862799,33862647,33862651,4,34.67564639008905,30.67564639008905,34.675646394491196,-4.402146203119628e-09,0.051023984154930375,-3264.8724088594317,-3234.1967624649405,-0.0018489144622220264,-3278.169811077416,-0.0018740477829638786,negative,negative,positive,False,0.0585493445209605,False,0.0,0.0585493445209605,0.5089964553101051,False,p<100M,0.50-0.55,0.50-1.00
362,3441017,3441016,3441017,1,15.051277625191709,14.051277625191709,15.051277625374496,-1.8278711877428577e-10,0.062025329723603036,-1098.3295544600114,-1084.278276834637,-0.002580183625630001,-1084.278276834637,-0.002580183625630001,negative,negative,positive,False,0.0664152882950914,False,0.0,0.0664152882950914,0.5089930911308486,False,p<100M,0.50-0.55,0.50-1.00
363,17998027,17998026,17998027,1,16.70577269874159,15.70577269874159,16.705772697925568,8.160228048836871e-10,0.05627638236899266,-2423.0532132461667,-2407.347440548241,-0.0020332612728727107,-2407.347440548241,-0.0020332612728727107,negative,negative,positive,False,0.0607228067308972,False,0.0,0.0607228067308972,0.5089673036246306,False,p<100M,0.50-0.55,>=1.00
364,12783557,12783556,12783557,1,16.36367029369691,15.36367029369691,16.36367029324174,4.551701238142414e-10,0.05737643198325684,-2061.040627395734,-2045.6769571024925,-0.002136730534187869,-2045.6769571024925,-0.002136730534187869,negative,negative,positive,False,0.0625314742892232,False,0.0,0.0625314742892232,0.5089660187777126,False,p<100M,0.50-0.55,>=1.00
365,1196653,1196652,1196653,1,13.995039051118322,12.995039051118322,13.995039051165804,-4.7482018317168695e-11,0.06634823277333693,-689.6638564579189,-676.6688174067531,-0.003158230456303868,-676.6688174067531,-0.003158230456303868,negative,negative,positive,False,0.071617662491785,False,0.0,0.071617662491785,0.5089285423561476,False,p<100M,0.50-0.55,0.50-1.00
366,178000301,178000300,178000301,1,18.99729579926617,17.99729579926617,18.997295796871185,2.394983766862424e-09,0.049868199091902835,-7329.8567027151585,-7311.859406918287,-0.0015185667755469958,-7311.859406918287,-0.0015185667755469958,negative,negative,positive,False,0.0530150818740687,False,0.0,0.0530150818740687,0.5089336569673311,False,100M<=p<500M,0.50-0.55,0.50-1.00
367,444929,444928,444929,1,13.005669997857035,12.005669997857035,13.00566999783041,2.6625812665770354e-11,0.07097753971041117,-446.2995224027545,-434.2938524049241,-0.0038492211618135594,-434.2938524049241,-0.0038492211618135594,negative,negative,positive,False,0.0781852146270972,False,0.0,0.0781852146270972,0.508892189773538,False,p<100M,0.50-0.55,>=1.00
368,108530371,108530370,108530371,1,18.50254060882601,17.50254060882601,18.502540603280067,5.545942372009449e-09,0.051125593407958046,-5777.707911029458,-5760.205370426178,-0.001615100649633219,-5760.205370426178,-0.001615100649633219,negative,negative,positive,False,0.0550780849806609,False,0.0,0.0550780849806608,0.5088808440539985,False,100M<=p<500M,0.50-0.55,>=1.00
369,33877069,33877068,33877069,1,17.33824891278976,16.33824891278976,17.338248915970325,-3.1805669209461485e-09,0.05434943594565349,-3295.301841534674,-3278.963592618704,-0.0018740156492671296,-3278.963592618704,-0.0018740156492671296,negative,negative,positive,False,0.0580315698450999,False,0.0,0.0580315698450999,0.5088766936423129,False,p<100M,0.50-0.55,0.50-1.00
370,179411909,179411668,179411671,3,38.01038711128105,35.01038711128105,38.01038712263107,-1.1350024919920543e-08,0.05596179427631391,-7265.776182562113,-7230.765795439482,-0.0014945634429341375,-7297.719046980143,-0.001508401137039952,negative,negative,positive,False,0.0609062405598658,False,0.017008446329552483,0.0609062405598658,0.5088328774479058,False,100M<=p<500M,0.50-0.55,0.25-0.50
371,30801703,30801702,30801703,1,17.243080538623037,16.243080538623037,17.243080537766218,8.568186160573532e-10,0.054630941394565896,-3138.801661401987,-3122.558580864221,-0.001892315369957744,-3122.558580864221,-0.001892315369957744,negative,negative,positive,False,0.0590182314704876,False,0.0,0.0590182314704876,0.5087679548800931,False,p<100M,0.50-0.55,>=1.00
372,179380241,179380240,179380241,1,19.005018362169785,18.005018362169785,19.00501835346222,8.707566223620233e-09,0.04984906094844845,-7310.23279902339,-7292.227780669928,-0.0015074271645147458,-7292.227780669928,-0.0015074271645147458,negative,negative,positive,False,0.0524959052411155,False,0.0,0.0524959052411155,0.508719161417818,False,100M<=p<500M,0.50-0.55,0.50-1.00
373,1198289,1198288,1198289,1,13.996405263957271,12.996405263957271,13.996405263897032,6.02398131377413e-11,0.06634225473323002,-688.165795530891,-675.169390266994,-0.003148465512845795,-675.169390266994,-0.003148465512845795,negative,negative,positive,False,0.0723746919761434,False,0.0,0.0723746919761434,0.5086455629582203,False,p<100M,0.50-0.55,>=1.00
374,30339893,30339892,30339893,1,17.22797400518101,16.22797400518101,17.227974005043507,1.375042302242946e-10,0.05467589335697937,-3121.06165760383,-3104.8336835987866,-0.0018991658978005316,-3104.8336835987866,-0.0018991658978005316,negative,negative,positive,False,0.0584872273607094,False,0.0,0.0584872273607094,0.5086314788479691,False,p<100M,0.50-0.55,0.50-1.00
375,33866071,33866070,33866071,1,17.337924215703186,16.337924215703186,17.33792421221733,3.4858551600791543e-09,0.05435039147950108,-3272.311282455921,-3255.973358243704,-0.001861247959997353,-3255.973358243704,-0.001861247959997353,negative,negative,positive,False,0.0578606794756717,False,0.0,0.0578606794756717,0.5086144576181272,False,p<100M,0.50-0.55,0.50-1.00
376,15937,15936,15937,1,9.676398728859631,8.676398728859631,9.676398728859567,6.394884621840902e-14,0.092664202109152,-97.5986747954139,-88.92227606655433,-0.007522804447294703,-88.92227606655433,-0.007522804447294703,negative,negative,positive,False,0.1034376505744083,False,0.0,0.1034376505744083,0.5083691241639945,False,p<100M,0.50-0.55,0.50-1.00
377,187427707,187426768,187427707,939,914.3472535466526,-24.65274645334739,914.3472535610199,-1.4367287803906947e-08,-0.002217137039940156,-7418.270232319832,-7442.922978758812,-0.0014982581653647296,-7442.922978758812,-0.0014982581653647296,negative,negative,negative,False,0.0744485929586305,False,0.0,0.0744485929586305,0.5085769665318084,False,100M<=p<500M,0.50-0.55,0.10-0.25
378,108563563,108563562,108563563,1,18.502846393512364,17.502846393512364,18.502846390008926,3.503437540075538e-09,0.05112479676136765,-5794.378913253546,-5776.876066863537,-0.0016194737749656248,-5776.876066863537,-0.0016194737749656248,negative,negative,positive,False,0.054274460944475,False,0.0,0.054274460944475,0.50854850812018,False,100M<=p<500M,0.50-0.55,0.50-1.00
379,604681513,604678930,604681513,2583,2385.984815618951,-197.01518438104904,2385.984815120697,4.982539394404739e-07,-0.009481260249097082,-13045.040697336197,-13242.0558822155,-0.0013171057386630227,-13242.0558822155,-0.0013171057386630227,negative,negative,negative,False,0.1005708971627918,False,0.012296636237317337,0.1005708971627917,0.5085435133370222,True,p>=500M,0.50-0.55,0.10-0.25
380,3280747,3280746,3280747,1,15.00358169833306,14.00358169833306,15.003581698518246,-1.851869768643155e-10,0.06220842909104436,-1098.8627838431858,-1084.8592021446675,-0.002660707366736162,-1084.8592021446675,-0.002660707366736162,negative,negative,positive,False,0.0681975726185681,False,0.0,0.0681975726185681,0.5085012586497992,False,p<100M,0.50-0.55,>=1.00
381,22053061,22053060,22053061,1,16.908961971084082,15.908961971084082,16.908961970359087,7.249951750054606e-10,0.05564266840843207,-2700.052971754223,-2684.144009783864,-0.0019991136232836645,-2684.144009783864,-0.0019991136232836645,negative,negative,positive,False,0.0603424434897043,False,0.0,0.0603424434897043,0.508479842412076,False,p<100M,0.50-0.55,>=1.00
382,604365031,604363228,604365031,1803,1658.0143639860646,-144.9856360139354,1658.0143638849258,1.0113876669493038e-07,-0.008351763252946825,-13097.720136761665,-13242.70577287674,-0.001317583435545455,-13242.70577287674,-0.001317583435545455,negative,negative,negative,False,0.0869939928500895,False,0.028712832289133048,0.0869939928500895,0.5084790056660465,True,p>=500M,0.50-0.55,0.10-0.25
383,31019393,31019392,31019393,1,17.250123147500577,16.250123147500577,17.250123146921396,5.791811474864517e-10,0.0546100101027406,-3159.530027717352,-3143.2799045704305,-0.0018966273495843418,-3143.2799045704305,-0.0018966273495843418,negative,negative,positive,False,0.0578361073290868,False,0.0,0.0578361073290868,0.5084677134586102,False,p<100M,0.50-0.55,0.50-1.00
384,30977831,30977830,30977831,1,17.248782377590423,16.248782377590423,17.248782377690077,-9.965361869035405e-11,0.05461399376535054,-3168.7263190336525,-3152.4775366559625,-0.0019037486651841732,-3152.4775366559625,-0.0019037486651841732,negative,negative,positive,False,0.0578287310274751,False,0.0,0.0578287310274751,0.5084306502104596,False,p<100M,0.50-0.55,0.50-1.00
385,7048859,7048858,7048859,1,15.76837631771867,14.76837631771867,15.768376317806542,-8.787104377461219e-11,0.059396218779368584,-1541.0236243745312,-1526.2552480567247,-0.0023120318186664827,-1526.2552480567247,-0.0023120318186664827,negative,negative,positive,False,0.0650198321388196,False,0.0,0.0650198321388196,0.5083783478511937,False,p<100M,0.50-0.55,>=1.00
386,4995779,4995778,4995779,1,15.42410391386088,14.42410391386088,15.42410391382873,3.215028243630513e-11,0.060630193956175554,-1325.267297458835,-1310.8431935450062,-0.0024651834838986626,-1310.8431935450062,-0.0024651834838986626,negative,negative,positive,False,0.0665766157119201,False,0.0,0.0665766157119201,0.5082704644810365,False,p<100M,0.50-0.55,>=1.00
387,12802553,12802552,12802553,1,16.365155162126715,15.365155162126715,16.36515516228974,-1.6302337257911859e-10,0.05737156483498693,-2057.9518657028675,-2042.5867105405778,-0.002131532486809184,-2042.5867105405778,-0.002131532486809184,negative,negative,positive,False,0.061787082836556,False,0.0,0.061787082836556,0.5082304389173754,False,p<100M,0.50-0.55,0.50-1.00
388,30333337,30333336,30333337,1,17.22775789669213,16.22775789669213,17.227757897228003,-5.358735677418736e-10,0.0546765369575494,-3111.6513502448797,-3095.4235923476517,-0.0018936620395561164,-3095.4235923476517,-0.0018936620395561164,negative,negative,positive,False,0.0585540342059468,False,0.0,0.0585540342059468,0.5082114621691353,False,p<100M,0.50-0.55,0.50-1.00
389,12783647,12783646,12783647,1,16.363677333966155,15.363677333966155,16.363677334040403,-7.424816317325167e-11,0.05737640890450268,-2069.2222709227353,-2053.858593588695,-0.0021452669396983077,-2053.858593588695,-0.0021452669396983077,negative,negative,positive,False,0.0620305679197299,False,0.0,0.0620305679197299,0.5082045635617256,False,p<100M,0.50-0.55,>=1.00
390,179409773,179409772,179409773,1,19.00518298213642,18.00518298213642,19.00518298149109,6.45332676185717e-10,0.04984865314471885,-7308.305372744799,-7290.300189763308,-0.0015068785553397127,-7290.300189763308,-0.0015068785553397127,negative,negative,positive,False,0.0528986214654153,False,0.0,0.0528986214654153,0.5081391939207802,False,100M<=p<500M,0.50-0.55,0.50-1.00
391,12807943,12807942,12807943,1,16.36557608330525,15.36557608330525,16.365576082840562,4.646878437597479e-10,0.057370185275841916,-2080.1131813786924,-2064.747605295852,-0.002154094158783331,-2064.747605295852,-0.002154094158783331,negative,negative,positive,False,0.0627475897600344,False,0.0,0.0627475897600344,0.508100034851656,False,p<100M,0.50-0.55,>=1.00
392,3439379,3439378,3439379,1,15.050801489797482,14.050801489797482,15.050801489967853,-1.7037038446687802e-10,0.06202715225945877,-1100.8910454078577,-1086.84024391789,-0.002587059624975769,-1086.84024391789,-0.002587059624975769,negative,negative,positive,False,0.0675932165846349,False,0.0,0.0675932165846349,0.508098247313516,False,p<100M,0.50-0.55,>=1.00
393,30801247,30801246,30801247,1,17.243065734137215,16.243065734137215,17.243065733462572,6.746425640358211e-10,0.05463098541170894,-3131.1215628758073,-3114.8784971423447,-0.0018876783432676101,-3114.8784971423447,-0.0018876783432676101,negative,negative,positive,False,0.0584941961271208,False,0.0,0.0584941961271208,0.5080861420164491,False,p<100M,0.50-0.55,0.50-1.00
394,3277457,3277456,3277457,1,15.002578374778016,14.002578374778016,15.002578374929726,-1.517097558689784e-10,0.062212292280136625,-1079.529460543301,-1065.5268821683712,-0.0026149542874789205,-1065.5268821683712,-0.0026149542874789205,negative,negative,positive,False,0.0667620359967211,False,0.0,0.0667620359967211,0.508057249453712,False,p<100M,0.50-0.55,0.50-1.00
395,33870359,33870358,33870359,1,17.33805082408824,16.33805082408824,17.338050827383995,-3.295756556553897e-09,0.05435001888641545,-3295.1665630191565,-3278.8285121917725,-0.0018741668836856971,-3278.8285121917725,-0.0018741668836856971,negative,negative,positive,False,0.0592817646450739,False,0.0,0.0592817646450739,0.5080152159192425,False,p<100M,0.50-0.55,>=1.00
396,1196399,1196398,1196399,1,13.994826769896724,12.994826769896724,13.994826769921929,-2.5204727194250154e-11,0.06634916173317579,-701.5673804145772,-688.5725536446553,-0.003214227651978404,-688.5725536446553,-0.003214227651978404,negative,negative,positive,False,0.073189163234131,False,0.0,0.073189163234131,0.5079986396563028,False,p<100M,0.50-0.55,>=1.00
397,7049759,7049758,7049759,1,15.76850398980699,14.76850398980699,15.768503990024328,-2.1733903565746004e-10,0.0593957704321283,-1526.45383037813,-1511.6853263881058,-0.0022897774681489274,-1511.6853263881058,-0.0022897774681489274,negative,negative,positive,False,0.0639775221679599,False,0.0,0.0639775221679599,0.5079871817184038,False,p<100M,0.50-0.55,0.50-1.00
398,39691853,39691852,39691853,1,17.49665651049233,16.49665651049233,17.496656507253647,3.238682211303967e-09,0.05388722254956077,-3540.1996498927474,-3523.7029933854938,-0.0018269997012381862,-3523.7029933854938,-0.0018269997012381862,negative,negative,positive,False,0.0570431336777607,False,0.0,0.0570431336777607,0.5079818330900457,False,p<100M,0.50-0.55,0.50-1.00
399,3266671,3266670,3266671,1,14.999281981502422,13.999281981502422,14.999281981494278,8.144596108650148e-12,0.06222498804531172,-1109.2218217104673,-1095.222539728973,-0.002693448864953496,-1095.222539728973,-0.002693448864953496,negative,negative,positive,False,0.0678918946863361,False,0.0,0.0678918946863361,0.5079292685079514,False,p<100M,0.50-0.55,>=1.00
400,31019993,31019925,31019929,4,34.5002807892536,30.5002807892536,34.500280790030956,-7.773550692036224e-10,0.05124936259272219,-3123.2756817154586,-3092.7754009254277,-0.001866133516376663,-3139.525258436799,-0.0018943392601967581,negative,negative,positive,False,0.058517488803213,False,0.0,0.058517488803213,0.5079219388567475,False,p<100M,0.50-0.55,0.50-1.00
401,617429,617428,617429,1,13.333319361116503,12.333319361116503,13.333319361088797,2.7705837624125706e-11,0.06937506680472552,-494.29647186782677,-481.96315250673797,-0.0034501959530394396,-481.96315250673797,-0.0034501959530394396,negative,negative,positive,False,0.0738358982563811,False,0.0,0.0738358982563811,0.5078593804016077,False,p<100M,0.50-0.55,0.10-0.25
402,1518623,1518622,1518623,1,14.233314561175357,13.233314561175357,14.233314561191946,-1.658939652315894e-11,0.06532155894544044,-776.3872331432067,-763.1539185820147,-0.0030568565359819677,-763.1539185820147,-0.0030568565359819677,negative,negative,positive,False,0.0714560474941763,False,0.0,0.0714560474941763,0.5078482370932234,False,p<100M,0.50-0.55,>=1.00
403,30418939,30418938,30418939,1,17.230575965817664,16.230575965817664,17.23057596758008,-1.7624159909246373e-09,0.054668145547279244,-3119.134896721691,-3102.904320754111,-0.0018949456729415743,-3102.904320754111,-0.0018949456729415743,negative,negative,positive,False,0.0579128565004976,False,0.0,0.0579128565004976,0.5078518356056916,False,p<100M,0.50-0.55,0.50-1.00
404,180628367,180627380,180628367,987,912.5735746260204,-74.42642537397955,912.5735746026039,2.341653271287214e-08,-0.006554131555715804,-7246.8008224368095,-7321.227247834206,-0.0015070840705852522,-7321.227247834206,-0.0015070840705852522,negative,negative,negative,False,0.0719233861912456,False,0.00136757676540381,0.0719233861912456,0.5078470107118397,False,100M<=p<500M,0.50-0.55,0.10-0.25
405,33844781,33844780,33844781,1,17.337295365228773,16.337295365228773,17.33729536831379,-3.085016686554809e-09,0.05435224218538097,-3272.9020259454846,-3256.564730577171,-0.0018623065244576208,-3256.564730577171,-0.0018623065244576208,negative,negative,positive,False,0.059041266201577,False,0.0,0.059041266201577,0.5078058003478924,False,p<100M,0.50-0.55,>=1.00
406,1189151,1189150,1189151,1,13.988750165086293,12.988750165086293,13.988750165095553,-9.260148203793506e-12,0.06637576440623323,-673.3123053507879,-660.3235551856924,-0.0030944285499435384,-660.3235551856924,-0.0030944285499435384,negative,negative,positive,False,0.0720468489481977,False,0.0,0.0720468489481977,0.5077463291763279,False,p<100M,0.50-0.55,0.50-1.00
407,3439063,3439062,3439063,1,15.050709608525468,14.050709608525468,15.050709608476609,4.885869486770389e-11,0.06202750397191357,-1116.0076465709135,-1101.9569369624369,-0.002623195172400608,-1101.9569369624369,-0.002623195172400608,negative,negative,positive,False,0.0681046044048134,False,0.0,0.0681046044048134,0.5077315645087046,False,p<100M,0.50-0.55,>=1.00
408,910277,910276,910277,1,13.721504227778484,12.721504227778484,13.721504227723926,5.455724760849989e-11,0.06756705951736618,-616.9050948712975,-604.1835906435736,-0.0033634013453338837,-604.1835906435736,-0.0033634013453338837,negative,negative,positive,False,0.0749287563478817,False,0.0,0.0749287563478817,0.507693392379685,False,p<100M,0.50-0.55,>=1.00
409,40841363,40841362,40841363,1,17.52520592484683,16.52520592484683,17.525205925107002,-2.601723281259183e-10,0.05380475034557736,-3644.0839283913374,-3627.5587224662304,-0.0018481536670421747,-3627.5587224662304,-0.0018481536670421747,negative,negative,positive,False,0.0586737489929136,False,0.0,0.0586737489929136,0.5076846109843022,False,p<100M,0.50-0.55,>=1.00
410,1517917,1517916,1517917,1,14.232849558236008,13.232849558236008,14.232849558349699,-1.1369039043529483e-10,0.06532353179844448,-782.0408772369847,-768.808027678635,-0.0030804217366117324,-768.808027678635,-0.0030804217366117324,negative,negative,positive,False,0.0705537248388434,False,0.0,0.0705537248388434,0.5076587742583946,False,p<100M,0.50-0.55,0.50-1.00
411,179436077,179435746,179435749,3,38.010655503905085,35.010655503905085,38.0106555223465,-1.8441411953062925e-08,0.05596143003764162,-7264.10956004262,-7229.098904520273,-0.0014940975490551245,-7291.024304062128,-0.001506894515457393,negative,negative,positive,False,0.0608113493141144,False,0.016914177320963245,0.0608113493141144,0.5076667264614221,False,100M<=p<500M,0.50-0.55,0.25-0.50
412,1511563,1511562,1511563,1,14.228654772782928,13.228654772782928,14.22865477274172,4.120792596040701e-11,0.06534133423149976,-760.7205259096809,-747.4918711369392,-0.003003071436141651,-747.4918711369392,-0.003003071436141651,negative,negative,positive,False,0.0706974408897726,False,0.0,0.0706974408897726,0.5076322674961443,False,p<100M,0.50-0.55,0.50-1.00
413,108593347,108593346,108593347,1,18.503120702077418,17.503120702077418,18.503120705485344,-3.4079263855346653e-09,0.05112408213909617,-5788.577757224441,-5771.074636518955,-0.001617577576018578,-5771.074636518955,-0.001617577576018578,negative,negative,positive,False,0.0546182774138054,False,0.0,0.0546182774138054,0.507609237534415,False,100M<=p<500M,0.50-0.55,>=1.00
414,179407799,179407294,179407799,505,456.1240921542717,-48.87590784572831,456.1240921318531,2.2418589651351795e-08,-0.006021511780970706,-7243.962738931179,-7292.838646799326,-0.0015074132834337057,-7292.838646799326,-0.0015074132834337057,negative,negative,negative,False,0.0551196856546969,False,0.0,0.0551196856546969,0.507593558801728,False,100M<=p<500M,0.50-0.55,0.25-0.50
415,17640599,17640598,17640599,1,16.685713564882494,15.685713564882494,16.685713563114405,1.7680896746696817e-09,0.056339723614824734,-2386.060939706862,-2370.3752261437476,-0.002027079901170042,-2370.3752261437476,-0.002027079901170042,negative,negative,positive,False,0.0611881261978987,False,0.0,0.0611881261978987,0.5075879597252357,False,p<100M,0.50-0.55,>=1.00
416,30371023,30371022,30371023,1,17.228999521011747,16.228999521011747,17.22899952158332,-5.71571234786461e-10,0.05467283943653949,-3136.4121750704944,-3120.183175548911,-0.0019073494240666301,-3120.183175548911,-0.0019073494240666301,negative,negative,positive,False,0.0596340487654195,False,0.0,0.0596340487654195,0.5075869856215428,False,p<100M,0.50-0.55,>=1.00
417,4991237,4991236,4991237,1,15.4231943327982,14.4231943327982,15.42319433297962,-1.8141932400794758e-10,0.06063352170540487,-1317.814586066641,-1303.3913917336613,-0.0024525738356326104,-1303.3913917336613,-0.0024525738356326104,negative,negative,positive,False,0.0657125416893429,False,0.0,0.065712541689343,0.5075838116620729,False,p<100M,0.50-0.55,>=1.00
418,30400031,30400030,30400031,1,17.22995418611277,16.22995418611277,17.229954186826944,-7.141736091398343e-10,0.05466999681030869,-3112.730871412903,-3096.500917226076,-0.0018917596342783905,-3096.500917226076,-0.0018917596342783905,negative,negative,positive,False,0.0580098213946896,False,0.0,0.0580098213946896,0.5075478961142567,False,p<100M,0.50-0.55,0.50-1.00
419,109592159,109592158,109592159,1,18.512276387948138,17.512276387948138,18.512276381254196,6.6939414011812914e-09,0.05110024137418255,-5813.419533461332,-5795.907257080078,-0.0016155188687548715,-5795.907257080078,-0.0016155188687548715,negative,negative,positive,False,0.0538415692856274,False,0.0,0.0538415692856274,0.5075222371872605,False,100M<=p<500M,0.50-0.55,0.25-0.50
420,1512517,1512516,1512517,1,14.229285708493393,13.229285708493393,14.229285708395764,9.762857189343777e-11,0.06533865596009826,-761.3807416874915,-748.1514559790958,-0.003004506818222519,-748.1514559790958,-0.003004506818222519,negative,negative,positive,False,0.0708371017721546,False,0.0,0.0708371017721546,0.507508392950398,False,p<100M,0.50-0.55,0.50-1.00
421,179641801,179641800,179641801,1,19.006475431740324,18.006475431740324,19.006475418806076,1.2934247450857583e-08,0.049845451663454415,-7332.134895414114,-7314.128419995308,-0.0015106216474715674,-7314.128419995308,-0.0015106216474715674,negative,negative,positive,False,0.0535518097468465,False,0.0,0.0535518097468465,0.5075052054762075,False,100M<=p<500M,0.50-0.55,>=1.00
422,187430753,187430752,187430753,1,19.04892001782697,18.04892001782697,19.04892000555992,1.226704782197885e-08,0.04974054091610003,-7459.145950645208,-7441.097030639648,-0.0014978758753346815,-7441.097030639648,-0.0014978758753346815,negative,negative,positive,False,0.0533821363327469,False,0.0,0.0533821363327469,0.507468620062662,False,100M<=p<500M,0.50-0.55,>=1.00
423,1197103,1197102,1197103,1,13.995415029292625,12.995415029292625,13.995415029348806,-5.618083775971172e-11,0.06634658752575037,-691.8164119829889,-678.8209969536401,-0.0031675096302509163,-678.8209969536401,-0.0031675096302509163,negative,negative,positive,False,0.0725973533181587,False,0.0,0.0725973533181587,0.5073721944084243,False,p<100M,0.50-0.55,>=1.00
424,178907011,178906839,178906843,4,38.004751585154295,34.004751585154295,38.00475159287453,-7.720231565144786e-09,0.047086212984864796,-7234.432357430458,-7200.4276058375835,-0.0014908330327668678,-7292.418100178242,-0.0015098786084163265,negative,negative,positive,False,0.0537613436683464,False,0.0,0.0537613436683463,0.5073648462639099,False,100M<=p<500M,0.50-0.55,0.50-1.00
425,108843373,108842535,108843373,838,795.7329097979577,-42.267090202042255,795.732909783721,1.4236775314202532e-08,-0.004263658644232651,-5706.531849697232,-5748.798939913511,-0.001609082121908329,-5748.798939913511,-0.001609082121908329,negative,negative,negative,False,0.0705332046108587,False,0.0,0.0705332046108587,0.5073556494713048,False,100M<=p<500M,0.50-0.55,0.10-0.25
426,1198103,1198102,1198103,1,13.996250030589469,12.996250030589469,13.996250030584633,4.835243316847482e-12,0.06634293392293893,-684.1179790252354,-671.1217289946508,-0.0031299027098341766,-671.1217289946508,-0.0031299027098341766,negative,negative,positive,False,0.0716439824546732,False,0.0,0.0716439824546732,0.5073232039268083,False,p<100M,0.50-0.55,0.50-1.00
427,108829177,108829176,108829177,1,18.5052900273906,17.5052900273906,18.505290031433105,-4.042504997414653e-09,0.05111843136448631,-5763.911373049021,-5746.406083017588,-0.0016085399389999912,-5746.406083017588,-0.0016085399389999912,negative,negative,positive,False,0.0544294247853158,False,0.0,0.0544294247853158,0.5072660631168493,False,100M<=p<500M,0.50-0.55,0.50-1.00
428,109588771,109588770,109588771,1,18.51224547284982,17.51224547284982,18.51224547624588,-3.3960603218474716e-09,0.051100321837657746,-5794.651066854596,-5777.13882137835,-0.0016103177293235024,-5777.13882137835,-0.0016103177293235024,negative,negative,positive,False,0.0537769958239419,False,0.0,0.0537769958239419,0.5072633713756249,False,100M<=p<500M,0.50-0.55,0.25-0.50
429,108831299,108831195,108831199,4,37.01061719521155,33.01061719521155,37.010617196559906,-1.3483543170877965e-09,0.048198213533270834,-5728.823130592704,-5695.812513396144,-0.0015943597219040622,-5777.307203873992,-0.0016171706387285829,negative,negative,positive,False,0.055060010476967,False,0.0,0.055060010476967,0.5072231978497023,False,100M<=p<500M,0.50-0.55,0.50-1.00
430,1190983,1190982,1190983,1,13.990289574516003,12.990289574516003,13.990289574488997,2.7005953029402008e-11,0.06636902304643189,-686.675317405723,-673.685027831234,-0.003153920245264487,-673.685027831234,-0.003153920245264487,negative,negative,positive,False,0.072546546180588,False,0.0,0.072546546180588,0.5071570757171271,False,p<100M,0.50-0.55,>=1.00
431,39691187,39691186,39691187,1,17.496639731089576,16.496639731089576,17.496639728546143,2.543433907931103e-09,0.05388727109514109,-3539.0722564980388,-3522.5756167694926,-0.001826433995620327,-3522.5756167694926,-0.001826433995620327,negative,negative,positive,False,0.0580269088590896,False,0.0,0.0580269088590896,0.5071589257766662,False,p<100M,0.50-0.55,>=1.00
432,604813747,604812190,604813747,1557,1455.870940934864,-101.12905906513606,1455.8709409236908,1.1173142411280423e-08,-0.006268315371854981,-13113.806248784065,-13214.935307860374,-0.0013142361016545232,-13214.935307860374,-0.0013142361016545232,negative,negative,negative,False,0.0809591793277333,False,0.017778306486607668,0.0809591793277333,0.5071543563506292,True,p>=500M,0.50-0.55,0.10-0.25
433,40864661,40864660,40864661,1,17.52577621329047,16.52577621329047,17.525776214897633,-1.6071624031610554e-09,0.053803105484100694,-3615.653275616467,-3599.1274994015694,-0.0018330265600873408,-3599.1274994015694,-0.0018330265600873408,negative,negative,positive,False,0.0575819322666712,False,0.0,0.0575819322666712,0.5071042154317367,False,p<100M,0.50-0.55,0.50-1.00
434,30360431,30360430,30360431,1,17.22865070670187,16.22865070670187,17.228650707751513,-1.0496421509742504e-09,0.054673878145085605,-3140.141152203083,-3123.9125014953315,-0.0019100395605239294,-3123.9125014953315,-0.0019100395605239294,negative,negative,positive,False,0.0588814400924941,False,0.0,0.0588814400924941,0.5070913421425046,False,p<100M,0.50-0.55,>=1.00
435,30360047,30360046,30360047,1,17.228638058580096,16.228638058580096,17.22863806039095,-1.8108536892214033e-09,0.05467391580973795,-3135.171308733523,-3118.942670673132,-0.0019070157395842794,-3118.942670673132,-0.0019070157395842794,negative,negative,positive,False,0.0581421661772224,False,0.0,0.0581421661772224,0.5070441394340197,False,p<100M,0.50-0.55,0.50-1.00
436,109496869,109496868,109496869,1,18.51140651320472,17.51140651320472,18.511406511068344,2.136374632755178e-09,0.05110250551464169,-5803.863063454628,-5786.35165694356,-0.0016137086875128495,-5786.35165694356,-0.0016137086875128495,negative,negative,positive,False,0.0551035992031224,False,0.0,0.0551035992031224,0.5070325756242041,False,100M<=p<500M,0.50-0.55,>=1.00
437,187505317,187505316,187505317,1,19.04931776030601,18.04931776030601,19.049317747354507,1.2951502981195517e-08,0.049739559892989095,-7483.940361857414,-7465.89104411006,-0.00150250526103105,-7465.89104411006,-0.00150250526103105,negative,negative,positive,False,0.0530690201586509,False,0.0,0.0530690201586509,0.507025029951645,False,100M<=p<500M,0.50-0.55,>=1.00
438,12837337,12837336,12837337,1,16.367868435962098,15.367868435962098,16.36786843650043,-5.383320456076035e-10,0.05736267330332048,-2063.1028931215405,-2047.7350246850401,-0.002133300505900788,-2047.7350246850401,-0.002133300505900788,negative,negative,positive,False,0.0612899637796794,False,0.0,0.0612899637796794,0.5069533408115645,False,p<100M,0.50-0.55,0.50-1.00
439,12830437,12830436,12830437,1,16.367330796806776,15.367330796806776,16.36733079701662,-2.098445861520304e-10,0.05736443495535109,-2086.5941627863795,-2071.226831989363,-0.0021584958571337475,-2071.226831989363,-0.0021584958571337475,negative,negative,positive,False,0.0626960586435312,False,0.0,0.0626960586435312,0.5069419199693063,False,p<100M,0.50-0.55,>=1.00
440,39623959,39623958,39623959,1,17.494944518523248,16.494944518523248,17.494944520294666,-1.7714185673867178e-09,0.05389217607372627,-3529.9041697084904,-3513.4092251881957,-0.001823579348900296,-3513.4092251881957,-0.001823579348900296,negative,negative,positive,False,0.0579331348020495,False,0.0,0.0579331348020495,0.5069249355858294,False,p<100M,0.50-0.55,>=1.00
441,17992691,17992690,17992691,1,16.705476177842,15.705476177842002,16.70547617599368,1.8483206076780334e-09,0.05627731766835514,-2432.8551802039146,-2417.149704027921,-0.0020419155161066293,-2417.149704027921,-0.0020419155161066293,negative,negative,positive,False,0.0612759643063083,False,0.0,0.0612759643063083,0.5069097994869077,False,p<100M,0.50-0.55,>=1.00
442,39646073,39646072,39646073,1,17.49550245952606,16.49550245952606,17.495502457022667,2.5033948247710214e-09,0.053890561612425475,-3529.940917558968,-3513.4454151019454,-0.0018229731968118154,-3513.4454151019454,-0.0018229731968118154,negative,negative,positive,False,0.0571023960704463,False,0.0,0.0571023960704463,0.506904662085237,False,p<100M,0.50-0.55,0.50-1.00
443,604711937,604711166,604711937,771,687.4889111405014,-83.51108885949861,687.4889110326767,1.0782468962133862e-07,-0.0073560278906966954,-13130.867103219032,-13214.378192186356,-0.0013143132046498597,-13214.378192186356,-0.0013143132046498597,negative,negative,negative,False,0.0595213337383874,False,0.021085710397377805,0.0595213337383874,0.5069004732672138,True,p>=500M,0.50-0.55,0.25-0.50
444,178895413,178895308,178895309,1,19.00231132678245,18.00231132678245,19.002311319112778,7.669672896781776e-09,0.04985576483735554,-7256.8571819067,-7238.854870587587,-0.0014988478010702813,-7323.852558672428,-0.0015164465425395405,negative,negative,positive,False,0.0530953390628619,False,0.0,0.0530953390628619,0.5068969967174098,False,100M<=p<500M,0.50-0.55,0.50-1.00
445,179382319,179382099,179382103,4,38.01005747345147,34.01005747345147,38.01005747914314,-5.691674687113846e-09,0.04708041188775641,-7268.730441123247,-7234.720383644104,-0.0014955300145962755,-7298.680148243904,-0.0015087504001336219,negative,negative,positive,False,0.0531359360204135,False,0.0,0.0531359360204135,0.5068322644154233,False,100M<=p<500M,0.50-0.55,0.50-1.00
446,3242093,3242092,3242093,1,14.99172966686262,13.99172966686262,14.991729666944593,-8.197353906780336e-11,0.06225409454138764,-1093.9284690194763,-1079.9367393525317,-0.0026685914923541007,-1079.9367393525317,-0.0026685914923541007,negative,negative,positive,False,0.0681785423845579,False,0.0,0.0681785423845579,0.506828682137411,False,p<100M,0.50-0.55,>=1.00
447,1192097,1192096,1192097,1,13.991224499135525,12.991224499135525,13.991224499186501,-5.097611222026899e-11,0.06636492950155626,-681.41673430847,-668.4255098092835,-0.0031274168232158176,-668.4255098092835,-0.0031274168232158176,negative,negative,positive,False,0.072182493775885,False,0.0,0.072182493775885,0.5067851404937974,False,p<100M,0.50-0.55,0.50-1.00
448,179438731,179438730,179438731,1,19.00534437614944,18.00534437614944,19.00534439086914,-1.4719699237275563e-08,0.04984825333891664,-7321.287840217352,-7303.282495826483,-0.001509414502285738,-7303.282495826483,-0.001509414502285738,negative,negative,positive,False,0.0535246964138259,False,0.0,0.0535246964138259,0.5067669615825264,False,100M<=p<500M,0.50-0.55,>=1.00
449,178913689,178913595,178913599,4,38.00482710906792,34.00482710906792,38.00482711195946,-2.8915394523210125e-09,0.04708613258173677,-7282.586839288473,-7248.582012176514,-0.0015007689978215365,-7300.577184379101,-0.0015115337800246066,negative,negative,positive,False,0.0532662829880072,False,0.0,0.0532662829880072,0.5067599094831124,False,100M<=p<500M,0.50-0.55,0.50-1.00
450,1511597,1511596,1511597,1,14.228677265803476,13.228677265803476,14.228677265811712,-8.235190307459561e-12,0.06534123874668558,-766.2632123946678,-753.0345351288561,-0.0030252956688622103,-753.0345351288561,-0.0030252956688622103,negative,negative,positive,False,0.0712006740325232,False,0.0,0.0712006740325232,0.506745806779841,False,p<100M,0.50-0.55,>=1.00
451,1199767,1199766,1199767,1,13.997637929238774,12.997637929238774,13.99763792916201,7.676348445784242e-11,0.06633686196559928,-710.4749715311918,-697.4773336020298,-0.003249915964145702,-697.4773336020298,-0.003249915964145702,negative,negative,positive,False,0.073442667720498,False,0.0,0.073442667720498,0.5067314115215755,False,p<100M,0.50-0.55,>=1.00
452,179433593,179433592,179433593,1,19.00531574201046,18.00531574201046,19.005315750837326,-8.826866348954354e-09,0.0498483242710375,-7314.726887613535,-7296.721571862698,-0.0015080846510058807,-7296.721571862698,-0.0015080846510058807,negative,negative,positive,False,0.053478344253127,False,0.0,0.053478344253127,0.5067055254635783,False,100M<=p<500M,0.50-0.55,>=1.00
453,180641999,180641716,180641719,3,38.02405233789855,35.02405233789855,38.02405232191086,1.598769472366257e-08,0.0559434039389059,-7304.799138993025,-7269.775086671114,-0.0014964256337625704,-7321.630765110254,-0.0015070983007678697,negative,negative,positive,False,0.0607003725406591,False,0.016834125977533268,0.060700372540659,0.5067003836203221,False,100M<=p<500M,0.50-0.55,0.25-0.50
454,604143557,604142790,604143557,767,707.6762595715594,-59.3237404284406,707.676259636879,-6.531956842081854e-08,-0.005239594159681775,-13173.63325881958,-13232.956999182701,-0.0013169025314910723,-13232.956999182701,-0.0013169025314910723,negative,negative,negative,False,0.0613546266448391,False,0.00029598158320624774,0.0613546266448391,0.5066980111216075,True,p>=500M,0.50-0.55,0.25-0.50
455,230891,230890,230891,1,12.349701016670412,11.349701016670412,12.34970101667568,-5.268674385661143e-12,0.07441689305156042,-327.37464809796074,-316.02494708128506,-0.004312260395579428,-316.02494708128506,-0.004312260395579428,negative,negative,positive,False,0.0812431088851837,False,0.0,0.0812431088851837,0.5066785135051521,False,p<100M,0.50-0.55,0.50-1.00
456,30775091,30775090,30775091,1,17.24221618697599,16.24221618697599,17.24221618846059,-1.484597333956117e-09,0.05463351142922637,-3132.2089138142765,-3115.966697625816,-0.0018893262663382607,-3115.966697625816,-0.0018893262663382607,negative,negative,positive,False,0.0592299076839352,False,0.0,0.0592299076839352,0.5066622336785956,False,p<100M,0.50-0.55,>=1.00
457,12783817,12783816,12783817,1,16.363690632117276,15.363690632117276,16.363690631464124,6.531521989927569e-10,0.057376365311794096,-2059.2217615749687,-2043.8580709435046,-0.002134803672831516,-2043.8580709435046,-0.002134803672831516,negative,negative,positive,False,0.0622910070873101,False,0.0,0.0622910070873101,0.5066391952885979,False,p<100M,0.50-0.55,>=1.00
458,109709861,109709668,109709671,3,37.026696141718304,34.026696141718304,37.026696130633354,1.108494984691788e-08,0.057317750936585914,-5748.550573587418,-5714.523877456784,-0.0015917969275566317,-5793.4437831789255,-0.001613778593096218,negative,negative,positive,False,0.063077134089216,False,0.016815886718691983,0.063077134089216,0.5066279695609622,False,100M<=p<500M,0.50-0.55,0.50-1.00
459,40861831,40861830,40861831,1,17.52570695790138,16.52570695790138,17.525706954300404,3.6009772941270057e-09,0.05380330522946802,-3642.348988957703,-3625.8232820034027,-0.0018467011951763543,-3625.8232820034027,-0.0018467011951763543,negative,negative,positive,False,0.0574831963320775,False,0.0,0.0574831963320775,0.5065967098751427,False,p<100M,0.50-0.55,0.50-1.00
460,178299217,178299027,178299031,4,37.99794528509872,33.99794528509872,37.99794527888298,6.215742587301065e-09,0.04709365438418837,-7235.253467559814,-7201.2555222809315,-0.0014940787702074979,-7292.260655581951,-0.0015129590832128124,negative,negative,positive,False,0.0536908999369261,False,0.0,0.0536908999369261,0.5065829510336236,False,100M<=p<500M,0.50-0.55,0.50-1.00
461,33487507,33487506,33487507,1,17.3266830018682,16.3266830018682,17.3266830034554,-1.5871997049998754e-09,0.05438349329362414,-3263.8139342851937,-3247.4872512817383,-0.0018692835595804482,-3247.4872512817383,-0.0018692835595804482,negative,negative,positive,False,0.0575407317020136,False,0.0,0.0575407317020136,0.5065151832722937,False,p<100M,0.50-0.55,0.50-1.00
462,17594867,17594866,17594867,1,16.68311776974364,15.683117769743639,16.683117769658566,8.50732817525568e-11,0.05634793079718146,-2386.102532144636,-2370.4194143749774,-0.0020303820725910715,-2370.4194143749774,-0.0020303820725910715,negative,negative,positive,False,0.0600786871028681,False,0.0,0.0600786871028681,0.5065090951639966,False,p<100M,0.50-0.55,0.50-1.00
463,604208581,604207847,604208350,503,485.26630262105925,-17.733697378940747,485.2663024663925,1.546667363072629e-07,-0.0019340935765608715,-13083.80568599701,-13101.539383530617,-0.001303740520634366,-13251.661664247513,-0.0013186789594493472,negative,negative,negative,False,0.0555703834394379,False,0.02022870464107225,0.055570383439438,0.5064781916090058,True,p>=500M,0.50-0.55,0.50-1.00
464,109593397,109593396,109593397,1,18.51228768431294,17.51228768431294,18.512287691235542,-6.922601158976249e-09,0.05110021197292324,-5792.584368318319,-5775.072080627084,-0.001609700331427918,-5775.072080627084,-0.001609700331427918,negative,negative,positive,False,0.054101887905503,False,0.0,0.054101887905503,0.5064476638718491,False,100M<=p<500M,0.50-0.55,0.50-1.00
465,40864853,40864852,40864853,1,17.52578091171557,16.52578091171557,17.52578090876341,2.9521629585360643e-09,0.05380309193302611,-3614.8697170093656,-3598.343936100602,-0.001832622205444591,-3598.343936100602,-0.001832622205444591,negative,negative,positive,False,0.0570730258776849,False,0.0,0.0570730258776849,0.5064071868403011,False,p<100M,0.50-0.55,0.50-1.00
466,33862469,33862468,33862469,1,17.337817849908106,16.337817849908106,17.33781784772873,2.1793766791233793e-09,0.054350704505037234,-3276.5884257629514,-3260.2506079152226,-0.0018638149990602012,-3260.2506079152226,-0.0018638149990602012,negative,negative,positive,False,0.0578902569502811,False,0.0,0.0578902569502811,0.5063931525341084,False,p<100M,0.50-0.55,0.50-1.00
467,30400417,30400416,30400417,1,17.229966883387636,16.229966883387636,17.22996688261628,7.713545358001284e-10,0.05466995900468118,-3136.901727516204,-3120.671760633588,-0.0019065115257509678,-3120.671760633588,-0.0019065115257509678,negative,negative,positive,False,0.0588312415358487,False,0.0,0.0588312415358487,0.5063573866402278,False,p<100M,0.50-0.55,>=1.00
468,31039963,31039962,31039963,1,17.250786061268272,16.250786061268272,17.250786062330008,-1.0617355883368873e-09,0.05460804068341653,-3149.7344430722296,-3133.4836570098996,-0.0018899445310914538,-3133.4836570098996,-0.0018899445310914538,negative,negative,positive,False,0.0583303218485938,False,0.0,0.0583303218485938,0.5063567349713661,False,p<100M,0.50-0.55,0.50-1.00
469,30802151,30802150,30802151,1,17.243095083167603,16.243095083167603,17.243095085024834,-1.857230813584465e-09,0.054630898150356794,-3138.481396883726,-3122.2383017987013,-0.0018921043242879853,-3122.2383017987013,-0.0018921043242879853,negative,negative,positive,False,0.0592880023223457,False,0.0,0.0592880023223457,0.5063263359115475,False,p<100M,0.50-0.55,>=1.00
470,33904141,33904140,33904141,1,17.33904771828289,16.33904771828289,17.339047715067863,3.2150282436305133e-09,0.05434708532569322,-3319.01699282974,-3302.677945114672,-0.0018866414419268771,-3302.677945114672,-0.0018866414419268771,negative,negative,positive,False,0.0581891914296216,False,0.0,0.0581891914296216,0.5063142108449283,False,p<100M,0.50-0.55,0.50-1.00
471,187509061,187509060,187509061,1,19.049337727540443,18.049337727540443,19.049337714910507,1.2629936207986248e-08,0.04973951064525938,-7475.222761303186,-7457.173423588276,-0.0015007327171593057,-7457.173423588276,-0.0015007327171593057,negative,negative,positive,False,0.0522625737058333,False,0.0,0.0522625737058333,0.5063084486671418,False,100M<=p<500M,0.50-0.55,0.25-0.50
472,33388783,33388782,33388783,1,17.323730563217257,16.323730563217257,17.323730561882257,1.3349996663691854e-09,0.054392193948612576,-3241.5528388880193,-3225.229108326137,-0.0018598479267436573,-3225.229108326137,-0.0018598479267436573,negative,negative,positive,False,0.0589474946578349,False,0.0,0.0589474946578349,0.5062769914904118,False,p<100M,0.50-0.55,>=1.00
473,109490539,109490538,109490539,1,18.511348701661493,17.511348701661493,18.511348694562912,7.098581278341953e-09,0.0511026559956361,-5823.265414819121,-5805.754066124558,-0.0016191765840744038,-5805.754066124558,-0.0016191765840744038,negative,negative,positive,False,0.0545556595614845,False,0.0,0.0545556595614845,0.5062748190353507,False,100M<=p<500M,0.50-0.55,0.50-1.00
474,39691573,39691572,39691573,1,17.49664945612307,16.49664945612307,17.496649459004402,-2.8813325059218187e-09,0.053887242959004204,-3540.1460812464356,-3523.6494317874312,-0.0018269798474580784,-3523.6494317874312,-0.0018269798474580784,negative,negative,positive,False,0.0584362579013333,False,0.0,0.0584362579013333,0.5062558886724868,False,p<100M,0.50-0.55,>=1.00
475,17585857,17585856,17585857,1,16.682605557419812,15.682605557419812,16.682605557143688,2.7612401254373253e-10,0.05634955055126967,-2418.214667480439,-2402.5320619232953,-0.0020585416595494815,-2402.5320619232953,-0.0020585416595494815,negative,negative,positive,False,0.0607320488763139,False,0.0,0.0607320488763139,0.506238023446475,False,p<100M,0.50-0.55,>=1.00
476,59141,59140,59141,1,10.987679702292931,9.987679702292931,10.987679702295281,-2.3501200985265314e-12,0.0827280189182493,-180.98792480024713,-171.00024509795185,-0.005824255508527584,-171.00024509795185,-0.005824255508527584,negative,negative,positive,False,0.091902998374857,False,0.0,0.091902998374857,0.5061577627601254,False,p<100M,0.50-0.55,0.50-1.00
477,17998327,17998326,17998327,1,16.705789367096394,15.705789367096394,16.705789368599653,-1.503259738910856e-09,0.05627632979384789,-2422.3491694293916,-2406.643380060792,-0.002032645622094037,-2406.643380060792,-0.002032645622094037,negative,negative,positive,False,0.060032945144278,False,0.0,0.060032945144278,0.5062274077635015,False,p<100M,0.50-0.55,0.50-1.00
478,12895963,12895962,12895963,1,16.37242487461773,15.372424874617732,16.372424874454737,1.6299495086968818e-10,0.05734774779864532,-2067.642887422815,-2052.2704625483602,-0.0021319729624819385,-2052.2704625483602,-0.0021319729624819385,negative,negative,positive,False,0.0621454033244644,False,0.0,0.0621454033244644,0.5062194235838905,False,p<100M,0.50-0.55,>=1.00
479,30795049,30795048,30795049,1,17.24286448826941,16.24286448826941,17.24286448955536,-1.285947348605987e-09,0.05463158376898844,-3140.588813237846,-3124.3459487482905,-0.0018936505397284132,-3124.3459487482905,-0.0018936505397284132,negative,negative,positive,False,0.0587764106373514,False,0.0,0.0587764106373514,0.5061764851993928,False,p<100M,0.50-0.55,>=1.00
480,12422209,12422208,12422209,1,16.334996476947772,15.334996476947772,16.334996476769447,1.7832491039371234e-10,0.05747058134264973,-2019.5984041746706,-2004.2634076979011,-0.002131166060745284,-2004.2634076979011,-0.002131166060745284,negative,negative,positive,False,0.0626318690183186,False,0.0,0.0626318690183186,0.5061650642896692,False,p<100M,0.50-0.55,>=1.00
481,33877339,33877338,33877339,1,17.33825688275092,16.33825688275092,17.338256880640984,2.1099353375575447e-09,0.05434941249169786,-3270.551552154124,-3254.213295273483,-0.0018598610690277293,-3254.213295273483,-0.0018598610690277293,negative,negative,positive,False,0.0574697978033588,False,0.0,0.0574697978033588,0.5061579441239312,False,p<100M,0.50-0.55,0.50-1.00
482,178037333,178037332,178037333,1,18.997503822219905,17.997503822219905,18.99750381708145,5.138453218478389e-09,0.04986768337512532,-7316.926310062408,-7298.928806245327,-0.0015156904229282964,-7298.928806245327,-0.0015156904229282964,negative,negative,positive,False,0.0526050690035047,False,0.0,0.0526050690035047,0.5061469994347123,False,100M<=p<500M,0.50-0.55,0.50-1.00
483,33453599,33453598,33453599,1,17.325669932173774,16.325669932173774,17.325669933110476,-9.367013831251825e-10,0.05438647843528656,-3263.1496869809926,-3246.824017047882,-0.0018700673741878847,-3246.824017047882,-0.0018700673741878847,negative,negative,positive,False,0.0582047066805612,False,0.0,0.0582047066805611,0.5061305295142281,False,p<100M,0.50-0.55,0.50-1.00
484,33486469,33486468,33486469,1,17.326652004753736,16.326652004753736,17.326652005314827,-5.610907294339995e-10,0.054383584625815655,-3265.4139944054186,-3249.087342400104,-0.0018702402641010264,-3249.087342400104,-0.0018702402641010264,negative,negative,positive,False,0.0590543775726441,False,0.0,0.0590543775726441,0.5061262267700518,False,p<100M,0.50-0.55,>=1.00
485,30788267,30788266,30788267,1,17.242644233808694,16.242644233808694,17.242644235491753,-1.6830590254812705e-09,0.05463223865880881,-3134.9936112985015,-3118.7509670630097,-0.0018905159269587395,-3118.7509670630097,-0.0018905159269587395,negative,negative,positive,False,0.0592444114270652,False,0.0,0.0592444114270652,0.5061223912702459,False,p<100M,0.50-0.55,>=1.00
486,179621809,179621500,179621503,3,38.01272485653976,35.01272485653976,38.012724846601486,9.93827597994823e-09,0.055958645349593376,-7273.969377458096,-7238.956652611494,-0.001495198317965473,-7316.880293548107,-0.0015112917997369447,negative,negative,positive,False,0.0607185564329466,False,0.01682616312005311,0.0607185564329466,0.5061036797879079,False,100M<=p<500M,0.50-0.55,0.25-0.50
487,109567891,109567750,109567753,3,37.02410731121271,34.02410731121271,37.024107322096825,-1.0884114942655287e-08,0.05732140830212991,-5748.912757739425,-5714.888650417328,-0.0015931519304742355,-5778.8404332101345,-0.001610978674243767,negative,negative,positive,False,0.062415968235633,False,0.016148248843456822,0.062415968235633,0.5060953250957732,False,100M<=p<500M,0.50-0.55,0.25-0.50
488,108563857,108563856,108563857,1,18.502849101599622,17.502849101599622,18.502849102020264,-4.206412995699793e-10,0.051124789706224624,-5755.32765981555,-5737.82481071353,-0.0016085236028257524,-5737.82481071353,-0.0016085236028257524,negative,negative,positive,False,0.054996504598093,False,0.0,0.054996504598093,0.5060704396225338,False,100M<=p<500M,0.50-0.55,>=1.00
489,12883709,12883708,12883709,1,16.371474203024786,15.371474203024786,16.37147420272231,3.0247448989939585e-10,0.05735086127096316,-2092.608466140926,-2077.2369919382036,-0.0021591858143940497,-2077.2369919382036,-0.0021591858143940497,negative,negative,positive,False,0.0626855439789416,False,0.0,0.0626855439789416,0.5060658277475746,False,p<100M,0.50-0.55,>=1.00
490,1196177,1196176,1196177,1,13.994641195853822,12.994641195853822,13.994641195749864,1.0395773131222086e-10,0.06634997384139724,-703.4829285836313,-690.4882873878814,-0.003223554787891007,-690.4882873878814,-0.003223554787891007,negative,negative,positive,False,0.0723425694553522,False,0.0,0.0723425694553522,0.5060437480066108,False,p<100M,0.50-0.55,0.50-1.00
491,30805079,30805078,30805079,1,17.243190136946268,16.243190136946268,17.2431901358068,1.1394689636290423e-09,0.05463061553572773,-3169.633203100413,-3153.3900129646063,-0.0019108706511825008,-3153.3900129646063,-0.0019108706511825008,negative,negative,positive,False,0.059199372758358,False,0.0,0.059199372758358,0.5060371631305469,False,p<100M,0.50-0.55,>=1.00
492,40864429,40864428,40864429,1,17.525770535997356,16.525770535997356,17.525770537555218,-1.5578613954403409e-09,0.05380312185840982,-3664.0656388401985,-3647.5398683026433,-0.0018576893343654017,-3647.5398683026433,-0.0018576893343654017,negative,negative,positive,False,0.0574003500361583,False,0.0,0.0574003500361583,0.5060190643091121,False,p<100M,0.50-0.55,0.50-1.00
493,30776687,30776686,30776687,1,17.24226804575415,16.24226804575415,17.242268044501543,1.252608683444123e-09,0.054633357227257616,-3141.9226559326053,-3125.6803878881037,-0.0018951554961415423,-3125.6803878881037,-0.0018951554961415423,negative,negative,positive,False,0.0575172282560766,False,0.0,0.0575172282560766,0.5059947137461275,False,p<100M,0.50-0.55,0.25-0.50
494,3440929,3440928,3440929,1,15.05125205102998,14.05125205102998,15.051252051256597,-2.2661694742964755e-10,0.06202542761285666,-1100.637110359501,-1086.5858583082445,-0.0025857166714767675,-1086.5858583082445,-0.0025857166714767675,negative,negative,positive,False,0.067330432211459,False,0.0,0.067330432211459,0.5059908265006905,False,p<100M,0.50-0.55,>=1.00
495,33475061,33475060,33475061,1,17.326311271795266,16.326311271795266,17.326311271637678,1.5758772065055382e-10,0.054384588606749475,-3258.2411158308387,-3241.914804559201,-0.0018665029662505613,-3241.914804559201,-0.0018665029662505613,negative,negative,positive,False,0.0589771353560745,False,0.0,0.0589771353560745,0.5059736578828574,False,p<100M,0.50-0.55,>=1.00
496,7051189,7051188,7051189,1,15.768706813050487,14.768706813050487,15.768706813454628,-4.041407208887904e-10,0.05939505818973293,-1521.5101109305397,-1506.741404117085,-0.0022819986745614925,-1506.741404117085,-0.0022819986745614925,negative,negative,positive,False,0.0641413382477075,False,0.0,0.0641413382477075,0.5059604557009906,False,p<100M,0.50-0.55,0.50-1.00
497,109712789,109712788,109712789,1,18.513376500036497,17.513376500036497,18.513376504182816,-4.146318843822883e-09,0.051097378250136126,-5813.845857411623,-5796.33248090744,-0.001614557047223497,-5796.33248090744,-0.001614557047223497,negative,negative,positive,False,0.0538341563467544,False,0.0,0.0538341563467545,0.5059454796743162,False,100M<=p<500M,0.50-0.55,0.50-1.00
498,12784687,12784686,12784687,1,16.363758684593112,15.363758684593112,16.363758685067296,-4.741842474231817e-10,0.057376142229803265,-2061.944538405165,-2046.5807797200978,-0.002137557020018512,-2046.5807797200978,-0.002137557020018512,negative,negative,positive,False,0.0623343985337305,False,0.0,0.0623343985337305,0.5059246149743618,False,p<100M,0.50-0.55,>=1.00
499,7047823,7047822,7047823,1,15.768229332775425,14.768229332775425,15.768229332752526,2.289901601670863e-11,0.05939673495607596,-1529.9631066601723,-1515.1948773274198,-0.0022954886179979398,-1515.1948773274198,-0.0022954886179979398,negative,negative,positive,False,0.0635363577559428,False,0.0,0.0635363577559428,0.505912699070668,False,p<100M,0.50-0.55,0.50-1.00
500,30849131,30849130,30849131,1,17.244619139361394,16.244619139361394,17.244619138538837,8.225562453390012e-10,0.054626367165571954,-3128.97954441607,-3112.734925277531,-0.0018845751360798784,-3112.734925277531,-0.0018845751360798784,negative,negative,positive,False,0.0582246638945879,False,0.0,0.0582246638945879,0.5058992664666533,False,p<100M,0.50-0.55,0.50-1.00
501,33921049,33921048,33921049,1,17.339546294117334,16.339546294117334,17.33954629302025,1.0970850894409523e-09,0.05434561828478515,-3286.5213009417057,-3270.1817546486855,-0.0018675050931241598,-3270.1817546486855,-0.0018675050931241598,negative,negative,positive,False,0.0589798781115919,False,0.0,0.0589798781115919,0.5058546059230694,False,p<100M,0.50-0.55,>=1.00
502,3454387,3454386,3454387,1,15.05515557541925,14.05515557541925,15.055155575275421,1.4382806057255948e-10,0.06201048979371031,-1116.161504497286,-1102.1063489220105,-0.002616179350577889,-1102.1063489220105,-0.002616179350577889,negative,negative,positive,False,0.0679790673252031,False,0.0,0.0679790673252031,0.505833978926761,False,p<100M,0.50-0.55,>=1.00
503,108585611,108585610,108585611,1,18.50304946128987,17.50304946128987,18.503049463033676,-1.7438068766750803e-09,0.051124267732019724,-5768.363822519779,-5750.8607730567455,-0.001611981652337843,-5750.8607730567455,-0.001611981652337843,negative,negative,positive,False,0.0539363070407058,False,0.0,0.0539363070407058,0.5058330262991342,False,100M<=p<500M,0.50-0.55,0.50-1.00
504,109595947,109595946,109595947,1,18.51231095186741,17.51231095186741,18.512310951948166,-8.075673463281419e-11,0.051100151414131594,-5824.911641120911,-5807.3993301689625,-0.0016186880862261981,-5807.3993301689625,-0.0016186880862261981,negative,negative,positive,False,0.0549182451089935,False,0.0,0.0549182451089935,0.5058052385037038,False,100M<=p<500M,0.50-0.55,>=1.00
505,30816259,30816258,30816259,1,17.24355299826949,16.24355299826949,17.24355299770832,5.611688891349331e-10,0.054629536700408744,-3141.442147515714,-3125.198594518006,-0.0018933641521320795,-3125.198594518006,-0.0018933641521320795,negative,negative,positive,False,0.0592946600278837,False,0.0,0.0592946600278837,0.5057839037452152,False,p<100M,0.50-0.55,>=1.00
506,109494731,109494730,109494731,1,18.511386987341627,17.511386987341627,18.51138699054718,-3.2055531562491524e-09,0.0511025563395362,-5794.6736071407795,-5777.162220150232,-0.0016111650485115428,-5777.162220150232,-0.0016111650485115428,negative,negative,positive,False,0.0542490598802129,False,0.0,0.0542490598802129,0.5057740397499799,False,100M<=p<500M,0.50-0.55,0.50-1.00
507,33844543,33844542,33844543,1,17.337288333100634,16.337288333100634,17.337288334965706,-1.8650716526735778e-09,0.054352262881631724,-3277.6241003721952,-3261.2868120372295,-0.001865014975138274,-3261.2868120372295,-0.001865014975138274,negative,negative,positive,False,0.0580375180528237,False,0.0,0.0580375180528237,0.5057578308930921,False,p<100M,0.50-0.55,0.50-1.00
508,356287,356286,356287,1,12.78349186482108,11.78349186482108,12.783491864800453,2.062705561911571e-11,0.07210659825746511,-383.01216487406055,-371.2286730092601,-0.0038057698914308762,-371.2286730092601,-0.0038057698914308762,negative,negative,positive,False,0.079146666755995,False,0.0,0.079146666755995,0.5057003301901623,False,p<100M,0.50-0.55,0.50-1.00
509,187493959,187493471,187493880,409,400.0343697096055,-8.965630290394472,400.0343696773052,3.230030642953352e-08,-0.0012216958023469574,-7411.39898455143,-7420.3646148741245,-0.0014933982092521295,-7461.266100823879,-0.0015016295251860834,negative,negative,negative,False,0.0527000394631234,False,0.0,0.0527000394631234,0.5056735026484398,False,100M<=p<500M,0.50-0.55,0.25-0.50
510,109637959,109637958,109637959,1,18.51269421375678,17.51269421375678,18.51269420981407,3.942709270177147e-09,0.05109915391359393,-5795.015235438943,-5777.502541229129,-0.0016099797690642577,-5777.502541229129,-0.0016099797690642577,negative,negative,positive,False,0.0539602066688582,False,0.0,0.0539602066688582,0.5056467275037071,False,100M<=p<500M,0.50-0.55,0.50-1.00
511,30824461,30824460,30824461,1,17.24381912105483,16.24381912105483,17.243819121271372,-2.1654145143656933e-10,0.054628745508688105,-3135.4466245360672,-3119.202805414796,-0.0018894219214768,-3119.202805414796,-0.0018894219214768,negative,negative,positive,False,0.0591672091169923,False,0.0,0.0591672091169923,0.505632894885131,False,p<100M,0.50-0.55,>=1.00
512,3440893,3440892,3440893,1,15.051241588684398,14.051241588684398,15.051241588778794,-9.439560244572931e-11,0.062025467659270514,-1094.7395946993493,-1080.6883531105705,-0.0025716995785889252,-1080.6883531105705,-0.0025716995785889252,negative,negative,positive,False,0.0667862835392073,False,0.0,0.0667862835392073,0.5056167421275609,False,p<100M,0.50-0.55,0.50-1.00
513,33413579,33413518,33413521,3,34.648942332921095,31.648942332921095,34.648942332714796,2.062989779005875e-10,0.06088054226454476,-3238.727114573121,-3207.0781722404063,-0.001848538286940279,-3230.429227810353,-0.0018619956891332493,negative,negative,positive,False,0.0672557489636599,False,0.014427369142893779,0.0672557489636599,0.505617734644132,False,p<100M,0.50-0.55,0.50-1.00
514,33925271,33925270,33925271,1,17.339670751862588,16.339670751862588,17.33967075496912,-3.106531920593625e-09,0.05434525208478464,-3277.6565054804087,-3261.3168347254395,-0.001862299968615555,-3261.3168347254395,-0.001862299968615555,negative,negative,positive,False,0.0576781537726849,False,0.0,0.0576781537726849,0.5055709487565759,False,p<100M,0.50-0.55,0.50-1.00
515,17988973,17988972,17988973,1,16.70526951702647,15.70526951702647,16.705269515514374,1.5120953378300328e-09,0.056277969545357645,-2440.1535696424544,-2424.44830012694,-0.0020483434097668487,-2424.44830012694,-0.0020483434097668487,negative,negative,positive,False,0.0612996030095636,False,0.0,0.0612996030095636,0.5055511342182779,False,p<100M,0.50-0.55,>=1.00
516,108563101,108563100,108563101,1,18.50284213793185,17.50284213793185,18.502842143177986,-5.2461359700828325e-09,0.051124807848063475,-5757.944314152002,-5740.441472008824,-0.001609263963840847,-5740.441472008824,-0.001609263963840847,negative,negative,positive,False,0.0539925958935485,False,0.0,0.0539925958935485,0.5055130759709714,False,100M<=p<500M,0.50-0.55,0.50-1.00
517,30819307,30819306,30819307,1,17.243651902204352,16.243651902204352,17.243651900440454,1.7638974725286971e-09,0.05462924265312015,-3137.324222818017,-3121.0805709175766,-0.0018907541022637265,-3121.0805709175766,-0.0018907541022637265,negative,negative,positive,False,0.0592365302710272,False,0.0,0.0592365302710272,0.5054954033550214,False,p<100M,0.50-0.55,>=1.00
518,179148961,179148960,179148961,1,19.00372820208916,18.00372820208916,19.003728210926056,-8.836895659669608e-09,0.04985225721929816,-7313.5014317929745,-7295.497703582048,-0.00150928118295903,-7295.497703582048,-0.00150928118295903,negative,negative,positive,False,0.0522904782391367,False,0.0,0.0522904782391367,0.5054926185350159,False,100M<=p<500M,0.50-0.55,0.25-0.50
519,179651309,179651308,179651309,1,19.006528357887458,18.006528357887458,19.006528347730637,1.0156821161899643e-08,0.049845320570699035,-7393.903975576162,-7375.897447228432,-0.0015233303011372007,-7375.897447228432,-0.0015233303011372007,negative,negative,positive,False,0.0530909043365744,False,0.0,0.0530909043365744,0.5054874767257267,False,100M<=p<500M,0.50-0.55,0.50-1.00
520,179378513,179378386,179378389,3,38.01001606420933,35.01001606420933,38.010016053915024,1.0294307628555543e-08,0.0559622974953533,-7280.714060604572,-7245.704044550657,-0.0014978192786420025,-7293.684011012316,-0.0015077369826525956,negative,negative,positive,False,0.0607122453167207,False,0.016813591102437513,0.0607122453167207,0.5054802968909397,False,100M<=p<500M,0.50-0.55,0.25-0.50
521,3452957,3452956,3452957,1,15.054741523355116,14.054741523355116,15.054741523228586,1.2652989767047984e-10,0.06201207392908359,-1101.325947319623,-1087.2712057963945,-0.002581640079595389,-1087.2712057963945,-0.002581640079595389,negative,negative,positive,False,0.0671528393559398,False,0.0,0.0671528393559398,0.5054370239921683,False,p<100M,0.50-0.55,0.50-1.00
522,33913889,33913888,33913889,1,17.339335193459245,16.339335193459245,17.339335195720196,-2.2609505379023176e-09,0.05434623943101798,-3287.7109004706144,-3271.3715652748942,-0.0018684272511870358,-3271.3715652748942,-0.0018684272511870358,negative,negative,positive,False,0.0584378328293779,False,0.0,0.0584378328293779,0.5054363207503744,False,p<100M,0.50-0.55,>=1.00
523,179152973,179152972,179152973,1,19.00375059660964,18.00375059660964,19.00375059247017,4.139469211850155e-09,0.049852201735138935,-7372.723660767078,-7354.719910174608,-0.0015215123577720677,-7354.719910174608,-0.0015215123577720677,negative,negative,positive,False,0.0538687959944211,False,0.0,0.0538687959944211,0.5054352566437512,False,100M<=p<500M,0.50-0.55,>=1.00
524,179663573,179663572,179663573,1,19.00659662113298,18.00659662113298,19.006596624851227,-3.7182452672368527e-09,0.049845151490504704,-7341.651285022497,-7323.644688397646,-0.001512476147749449,-7323.644688397646,-0.001512476147749449,negative,negative,positive,False,0.0534388495763542,False,0.0,0.0534388495763542,0.5054234364445721,False,100M<=p<500M,0.50-0.55,>=1.00
525,40862021,40862020,40862021,1,17.52571160770668,16.52571160770668,17.525711610913277,-3.2065976540707197e-09,0.05380329181852221,-3622.0404855534434,-3605.51477394253,-0.001836352439553589,-3605.51477394253,-0.001836352439553589,negative,negative,positive,False,0.0578255929598368,False,0.0,0.0578255929598368,0.5053595045656779,False,p<100M,0.50-0.55,>=1.00
526,179146433,179146269,179146273,4,38.0074263842422,34.0074263842422,38.007426381111145,3.1310563031183847e-09,0.04708328925580926,-7283.022358864546,-7249.014932483435,-0.001499678518751475,-7294.992650508881,-0.0015091895879017659,negative,negative,positive,False,0.0531778236195784,False,0.0,0.0531778236195784,0.5053583223203336,False,100M<=p<500M,0.50-0.55,0.50-1.00
527,113356141,113356140,113356141,1,18.546045110777136,17.546045110777136,18.54604510962963,1.147505201970489e-09,0.05101250119669884,-5891.26418235898,-5873.718137249351,-0.0016039393867161708,-5873.718137249351,-0.0016039393867161708,negative,negative,positive,False,0.0543127915521944,False,0.0,0.0543127915521944,0.5053144873426908,False,100M<=p<500M,0.50-0.55,0.50-1.00
528,12787051,12787050,12787051,1,16.363943576211096,15.363943576211096,16.363943576812744,-6.01648508791186e-10,0.05737553614756233,-2069.550283662975,-2054.186340086162,-0.0021452538573722714,-2054.186340086162,-0.0021452538573722714,negative,negative,positive,False,0.0623841782535297,False,0.0,0.0623841782535297,0.5052924399888553,False,p<100M,0.50-0.55,>=1.00
529,30775463,30775462,30775463,1,17.242228274600745,16.242228274600745,17.242228273302317,1.298428031759613e-09,0.054633475486621896,-3159.3644879870117,-3143.1222597137094,-0.0019057775012872545,-3143.1222597137094,-0.0019057775012872545,negative,negative,positive,False,0.0589936799309258,False,0.0,0.0589936799309258,0.505278227635829,False,p<100M,0.50-0.55,>=1.00
530,30372257,30372256,30372257,1,17.229040151020538,16.229040151020538,17.229040149599314,1.4212240273536736e-09,0.054672718449971985,-3112.693677932024,-3096.4646377824247,-0.0018928030427205064,-3096.4646377824247,-0.0018928030427205064,negative,negative,positive,False,0.0585621346261097,False,0.0,0.0585621346261097,0.5052608747132538,False,p<100M,0.50-0.55,0.50-1.00
531,30405521,30405520,30405521,1,17.230134761729122,16.230134761729122,17.23013476282358,-1.0944596340323187e-09,0.054669459158535924,-3123.5765144452453,-3107.3463796824217,-0.001898174322317674,-3107.3463796824217,-0.001898174322317674,negative,negative,positive,False,0.0588415207934629,False,0.0,0.0588415207934629,0.5052543365352922,False,p<100M,0.50-0.55,>=1.00
532,604687003,604687002,604687003,1,20.220221531709992,19.220221531709992,20.220221519470215,1.2239777191780377e-08,0.04700960156012469,-13251.377133727074,-13232.156912207603,-0.0013161139925870673,-13232.156912207603,-0.0013161139925870673,negative,negative,positive,False,0.0495970487553804,False,0.0,0.0495970487553804,0.505243366784126,True,p>=500M,0.50-0.55,0.50-1.00
533,1516817,1516816,1516817,1,14.232124618225994,13.232124618225994,14.232124618254602,-2.8608226898541034e-11,0.06532660771422553,-792.1746679891367,-778.942543370882,-0.0031224777680299814,-778.942543370882,-0.0031224777680299814,negative,negative,positive,False,0.0719952590113774,False,0.0,0.0719952590113774,0.5051456192491994,False,p<100M,0.50-0.55,>=1.00
534,109710431,109710430,109710431,1,18.51335500732484,17.51335500732484,18.513355001807213,5.517627243989409e-09,0.05109743418346525,-5788.5298659950495,-5771.016510993242,-0.0016075263408051167,-5771.016510993242,-0.0016075263408051167,negative,negative,positive,False,0.0537419808709699,False,0.0,0.0537419808709699,0.5050977402370422,False,100M<=p<500M,0.50-0.55,0.25-0.50
535,187510417,187510416,187510417,1,19.04934495916482,18.04934495916482,19.049344956874847,2.289972655944439e-09,0.04973949280900843,-7497.768879532814,-7479.719534575939,-0.0015052634655053528,-7479.719534575939,-0.0015052634655053528,negative,negative,positive,False,0.0531373503880506,False,0.0,0.0531373503880506,0.5050830353450986,False,100M<=p<500M,0.50-0.55,>=1.00
536,40837523,40837522,40837523,1,17.52511189809914,16.52511189809914,17.52511189877987,-6.807283625676064e-10,0.05380502155300196,-3624.568584293127,-3608.043472394347,-0.0018383172663393535,-3608.043472394347,-0.0018383172663393535,negative,negative,positive,False,0.0582862399690892,False,0.0,0.0582862399690892,0.5050809952765148,False,p<100M,0.50-0.55,>=1.00
537,109705961,109705906,109705909,3,37.026627559532216,34.026627559532216,37.02662755548954,4.042675527671236e-09,0.057317855531176826,-5781.783440217376,-5747.756812661886,-0.0016010874388201744,-5781.243498399854,-0.0016104149810186393,negative,negative,positive,False,0.062945964652692,False,0.016684539621930006,0.062945964652692,0.5050311849849702,False,100M<=p<500M,0.50-0.55,0.50-1.00
538,22051937,22051936,22051937,1,16.9089110018039,15.9089110018039,16.908911000937223,8.666773965160246e-10,0.05564282559169009,-2675.133696924895,-2659.224785923958,-0.0019806165421445815,-2659.224785923958,-0.0019806165421445815,negative,negative,positive,False,0.0592227219681117,False,0.0,0.0592227219681117,0.5050261293437478,False,p<100M,0.50-0.55,0.50-1.00
539,30405239,30405238,30405239,1,17.230125487054703,16.230125487054703,17.23012548685074,2.0396484501361556e-10,0.05466948677299973,-3117.2585840709507,-3101.0284585841,-0.0018943257388822248,-3101.0284585841,-0.0018943257388822248,negative,negative,positive,False,0.0586840450587244,False,0.0,0.0586840450587244,0.5050249155238566,False,p<100M,0.50-0.55,>=1.00
540,39693659,39693658,39693659,1,17.49670200997844,16.49670200997844,17.496702007949352,2.0290862323690817e-09,0.05388709091247958,-3544.0416324287653,-3527.544930420816,-0.001828940580819194,-3527.544930420816,-0.001828940580819194,negative,negative,positive,False,0.0578586689500238,False,0.0,0.0578586689500238,0.5050229832853743,False,p<100M,0.50-0.55,>=1.00
541,109549709,109549708,109549709,1,18.511888967680907,17.511888967680907,18.511888965964317,1.7165895371817896e-09,0.051101249740538826,-5811.621001496911,-5794.109112530947,-0.0016153981521459463,-5794.109112530947,-0.0016153981521459463,negative,negative,positive,False,0.0553866981611319,False,0.0,0.0553866981611319,0.5049884576035244,False,100M<=p<500M,0.50-0.55,>=1.00
542,109708373,109708372,109708373,1,18.513336248677327,17.513336248677327,18.51333624124527,7.432056747802562e-09,0.05109748300167691,-5804.024548172951,-5786.5112119317055,-0.001611860800268215,-5786.5112119317055,-0.001611860800268215,negative,negative,positive,False,0.0539226810221447,False,0.0,0.0539226810221447,0.5049819554137698,False,100M<=p<500M,0.50-0.55,0.50-1.00
543,1513361,1513360,1513361,1,14.229843563120635,13.229843563120635,14.229843563167378,-4.674305387197819e-11,0.06533628809367896,-780.0665253424086,-766.8366817792412,-0.0030784447179904658,-766.8366817792412,-0.0030784447179904658,negative,negative,positive,False,0.0719137564642965,False,0.0,0.0719137564642965,0.5048960243795497,False,p<100M,0.50-0.55,>=1.00
544,39639179,39639178,39639179,1,17.495328555808953,16.495328555808953,17.495328553020954,2.7879991648660507e-09,0.053891064810890385,-3546.630632907152,-3530.135304354131,-0.0018318285376067956,-3530.135304354131,-0.0018318285376067956,negative,negative,positive,False,0.0572991505271071,False,0.0,0.0572991505271071,0.5048858993711409,False,p<100M,0.50-0.55,0.50-1.00
545,3439529,3439528,3439529,1,15.050845101370722,14.050845101370722,15.050845101475716,-1.049933473495912e-10,0.06202698532004182,-1130.4845259124413,-1116.4336808109656,-0.002657428998735156,-1116.4336808109656,-0.002657428998735156,negative,negative,positive,False,0.067250622654454,False,0.0,0.067250622654454,0.5048343490207065,False,p<100M,0.50-0.55,0.50-1.00
546,109707407,109707406,109707407,1,18.51332744347653,17.51332744347653,18.513327449560165,-6.083634929154869e-09,0.05109750591669555,-5800.717794433236,-5783.204466983676,-0.0016109483151216563,-5783.204466983676,-0.0016109483151216563,negative,negative,positive,False,0.0546180793996679,False,0.0,0.0546180793996679,0.5048367357682813,False,100M<=p<500M,0.50-0.55,>=1.00
547,187428431,187428430,187428431,1,19.04890762917491,18.04890762917491,19.04890763759613,-8.421221053822592e-09,0.04974057147305821,-7461.113476425409,-7443.064568787813,-0.0014982831659395182,-7443.064568787813,-0.0014982831659395182,negative,negative,positive,False,0.0533980768267338,False,0.0,0.0533980768267338,0.5048362778407347,False,100M<=p<500M,0.50-0.55,>=1.00
548,187428029,187428028,187428029,1,19.04890548435393,18.04890548435393,19.04890549182892,-7.474987739897188e-09,0.049740576763323184,-7459.140508025885,-7441.091602534056,-0.0014978879530123297,-7441.091602534056,-0.0014978879530123297,negative,negative,positive,False,0.0533775287472083,False,0.0,0.0533775287472083,0.5048259845202941,False,100M<=p<500M,0.50-0.55,>=1.00
549,180642563,180642562,180642563,1,19.012030846706068,18.012030846706068,19.012030839920044,6.786024187022122e-09,0.04983169520645447,-7333.2819198668,-7315.26988902688,-0.0015057861207786617,-7315.26988902688,-0.0015057861207786617,negative,negative,positive,False,0.0527301641514067,False,0.0,0.0527301641514067,0.5048000473024985,False,100M<=p<500M,0.50-0.55,0.50-1.00
550,7049821,7049820,7049821,1,15.768512784395195,14.768512784395195,15.7685127845034,-1.0820500051522686e-10,0.059395739548340334,-1525.3798078941181,-1510.6112951096147,-0.0022881379993057566,-1510.6112951096147,-0.0022881379993057566,negative,negative,positive,False,0.0635646765148008,False,0.0,0.0635646765148008,0.5047294417756614,False,p<100M,0.50-0.55,0.50-1.00
551,178893971,178893970,178893971,1,19.0023038475198,18.0023038475198,19.00230383872986,8.78994299569058e-09,0.04985578642095187,-7306.025626301765,-7288.023322463036,-0.001509035251546758,-7288.023322463036,-0.001509035251546758,negative,negative,positive,False,0.0530024887145839,False,0.0,0.0530024887145839,0.5047200230492133,False,100M<=p<500M,0.50-0.55,0.50-1.00
552,40874503,40874502,40874503,1,17.526017028086365,16.526017028086365,17.526017025113106,2.9732589723607816e-09,0.05380241094113021,-3643.151874959469,-3626.6258579343557,-0.0018467582703865933,-3626.6258579343557,-0.0018467582703865933,negative,negative,positive,False,0.0570161561593372,False,0.0,0.0570161561593372,0.5047084886904936,False,p<100M,0.50-0.55,0.50-1.00
553,30819421,30819420,30819421,1,17.243655601177505,16.243655601177505,17.24365559965372,1.5237837658332865e-09,0.05462923165591382,-3147.862306602299,-3131.6186510026455,-0.0018971337603262669,-3131.6186510026455,-0.0018971337603262669,negative,negative,positive,False,0.0587588750929464,False,0.0,0.0587588750929464,0.5047080491424315,False,p<100M,0.50-0.55,>=1.00
554,180640799,180640798,180640799,1,19.012021081517933,18.012021081517933,19.012021094560623,-1.304269048318929e-08,0.04983171938061799,-7337.400317102671,-7319.38829600811,-0.0015066427638649555,-7319.38829600811,-0.0015066427638649555,negative,negative,positive,False,0.05321805432487,False,0.0,0.05321805432487,0.504708204751706,False,100M<=p<500M,0.50-0.55,>=1.00
555,108537551,108537550,108537551,1,18.502606763234606,17.502606763234606,18.502606764435768,-1.201161836661413e-09,0.051125421056864004,-5760.206623643637,-5742.704016879201,-0.0016101286816227502,-5742.704016879201,-0.0016101286816227502,negative,negative,positive,False,0.0546192148320618,False,0.0,0.0546192148320618,0.5046949848135882,False,100M<=p<500M,0.50-0.55,>=1.00
556,17641999,17641998,17641999,1,16.685792924117933,15.685792924117933,16.685792922973633,1.144300654232211e-09,0.05633947274047978,-2384.457812141627,-2368.7720192186534,-0.0020256092366838833,-2368.7720192186534,-0.0020256092366838833,negative,negative,positive,False,0.0598426521833724,False,0.0,0.0598426521833724,0.5046767457673978,False,p<100M,0.50-0.55,0.50-1.00
557,3290149,3290148,3290149,1,15.00644341046985,14.00644341046985,15.00644341064617,-1.7632117987886886e-10,0.0621974129969924,-1092.7055929070339,-1078.6991494963877,-0.002640809073773224,-1078.6991494963877,-0.002640809073773224,negative,negative,positive,False,0.0675498915325295,False,0.0,0.0675498915325295,0.5046724819033471,False,p<100M,0.50-0.55,>=1.00
558,33912947,33912946,33912947,1,17.33930741684292,16.33930741684292,17.33930741995573,-3.1128095656640653e-09,0.05434632116246754,-3282.0341972857714,-3265.6948898658156,-0.0018652169272442114,-3265.6948898658156,-0.0018652169272442114,negative,negative,positive,False,0.0574866140386708,False,0.0,0.0574866140386708,0.5046730160199809,False,p<100M,0.50-0.55,0.50-1.00
559,179412683,179412616,179412619,3,38.01039767912757,35.01039767912757,38.0103976726532,6.474373037690384e-09,0.055961785762217386,-7301.52676486969,-7266.516367197037,-0.0015019481056249557,-7311.511168003082,-0.0015112479518680074,negative,negative,positive,False,0.0619950192191761,False,0.01809724491802191,0.0619950192191761,0.5046693825929665,False,100M<=p<500M,0.50-0.55,0.50-1.00
560,12421481,12421480,12421481,1,16.334937870516907,15.334937870516907,16.334937870502472,1.4434675676966435e-11,0.057470774089450435,-2010.3368287682533,-1995.0018908977509,-0.002121395523002966,-1995.0018908977509,-0.002121395523002966,negative,negative,positive,False,0.0622752181913237,False,0.0,0.0622752181913237,0.5046624270273046,False,p<100M,0.50-0.55,>=1.00
561,33413669,33413668,33413669,1,17.32447562572338,16.32447562572338,17.32447562739253,-1.6691501514287665e-09,0.054389998033762973,-3250.1313329078257,-3233.806857280433,-0.0018639394400973232,-3233.806857280433,-0.0018639394400973232,negative,negative,positive,False,0.0587642933105582,False,0.0,0.0587642933105582,0.504656330391746,False,p<100M,0.50-0.55,>=1.00
562,30819749,30819748,30819749,1,17.243666243760785,16.243666243760785,17.243666242808104,9.526814892524271e-10,0.05462920001508041,-3130.989100482315,-3114.7454342395067,-0.0018868996000932048,-3114.7454342395067,-0.0018868996000932048,negative,negative,positive,False,0.0580547828799747,False,0.0,0.0580547828799747,0.5046529443103331,False,p<100M,0.50-0.55,0.50-1.00
563,179149511,179149510,179149511,1,19.003731272155274,18.003731272155274,19.003731280565262,-8.409987373170225e-09,0.049852249612964236,-7312.393275082111,-7294.389543801546,-0.0015090491245736877,-7294.389543801546,-0.0015090491245736877,negative,negative,positive,False,0.0531911372632449,False,0.0,0.0531911372632449,0.5046482182522282,False,100M<=p<500M,0.50-0.55,>=1.00
564,33919969,33919968,33919969,1,17.339514454972466,16.339514454972466,17.339514456689358,-1.7168915178444877e-09,0.054345711967931094,-3281.572212062776,-3265.2326976060867,-0.001864715364647478,-3265.2326976060867,-0.001864715364647478,negative,negative,positive,False,0.0572929033583325,False,0.0,0.0572929033583325,0.5046396549268442,False,p<100M,0.50-0.55,0.25-0.50
565,108548483,108548482,108548483,1,18.50270747906425,17.50270747906425,18.502707481384277,-2.320028613667091e-09,0.0511251586656382,-5757.135982096195,-5739.633274614811,-0.0016091691567552315,-5739.633274614811,-0.0016091691567552315,negative,negative,positive,False,0.0548290277819213,False,0.0,0.0548290277819213,0.5046176146506286,False,100M<=p<500M,0.50-0.55,>=1.00
566,179410463,179410462,179410463,1,19.00518682807336,18.00518682807336,19.005186825990677,2.082682470927466e-09,0.04984864361747635,-7333.123906761408,-7315.118719935417,-0.0015120049358444273,-7315.118719935417,-0.0015120049358444273,negative,negative,positive,False,0.0529344425052005,False,0.0,0.0529344425052005,0.5046156098318256,False,100M<=p<500M,0.50-0.55,0.50-1.00
567,187494809,187494808,187494809,1,19.04926171765816,18.04926171765816,19.04926171898842,-1.3302603463216656e-09,0.049739698118618184,-7472.098691523075,-7454.049429804087,-0.0015001730075090629,-7454.049429804087,-0.0015001730075090629,negative,negative,positive,False,0.0533769146537428,False,0.0,0.0533769146537428,0.5045869886248912,False,100M<=p<500M,0.50-0.55,>=1.00
568,22049009,22049008,22049009,1,16.90877821553649,15.90877821553649,16.908778216689825,-1.1533352051174006e-09,0.05564323509305377,-2706.182078193873,-2690.2732999771833,-0.0020039062905465688,-2690.2732999771833,-0.0020039062905465688,negative,negative,positive,False,0.0601826318256086,False,0.0,0.0601826318256086,0.5045817920945053,False,p<100M,0.50-0.55,>=1.00
569,12801863,12801862,12801863,1,16.365101265173926,15.365101265173926,16.3651012647897,3.842259843622742e-10,0.05737174148573541,-2055.2872891165316,-2039.922187851742,-0.0021288233252263673,-2039.922187851742,-0.0021288233252263673,negative,negative,positive,False,0.0618257782739292,False,0.0,0.0618257782739292,0.5045730892539685,False,p<100M,0.50-0.55,>=1.00
570,3457007,3457006,3457007,1,15.055913743778772,14.055913743778772,15.055913743562996,2.1577584163878782e-10,0.06200758930105926,-1101.4466230617836,-1087.3907093182206,-0.0025800091881517263,-1087.3907093182206,-0.0025800091881517263,negative,negative,positive,False,0.0670021121055387,False,0.0,0.0670021121055387,0.5045627018841806,False,p<100M,0.50-0.55,0.50-1.00
571,33876299,33876298,33876299,1,17.338226183292385,16.338226183292385,17.338226184248924,-9.565397363076045e-10,0.054349502833997664,-3270.84605383873,-3254.507827654481,-0.0018600645394532742,-3254.507827654481,-0.0018600645394532742,negative,negative,positive,False,0.0575605054459224,False,0.0,0.0575605054459224,0.5045633564356552,False,p<100M,0.50-0.55,0.50-1.00
572,109707049,109707048,109707049,1,18.513324180245785,17.513324180245785,18.513324186205864,-5.960078652833545e-09,0.051097514409067395,-5812.984304308891,-5795.470980122685,-0.0016143684333572484,-5795.470980122685,-0.0016143684333572484,negative,negative,positive,False,0.0553866321277111,False,0.0,0.0553866321277111,0.504556957751819,False,100M<=p<500M,0.50-0.55,>=1.00
573,187422503,187422502,187422503,1,19.04887600060225,18.04887600060225,19.048875987529755,1.3072494198240747e-08,0.04974064948599054,-7476.367579191923,-7458.318703204393,-0.0015013825402276416,-7458.318703204393,-0.0015013825402276416,negative,negative,positive,False,0.0527563650979463,False,0.0,0.0527563650979463,0.5045426777897519,False,100M<=p<500M,0.50-0.55,0.50-1.00
574,39640721,39640720,39640721,1,17.495367455958934,16.495367455958934,17.49536745250225,3.4566838280625234e-09,0.0538909522506911,-3531.544749394059,-3515.049381941557,-0.0018239566882593766,-3515.049381941557,-0.0018239566882593766,negative,negative,positive,False,0.0571320591561566,False,0.0,0.0571320591561566,0.5045240404593773,False,p<100M,0.50-0.55,0.50-1.00
575,109549457,109549456,109549457,1,18.511886667352663,17.511886667352663,18.511886671185493,-3.832830941519205e-09,0.0511012557278856,-5800.275537237525,-5782.7636505663395,-0.0016122372913256174,-5782.7636505663395,-0.0016122372913256174,negative,negative,positive,False,0.0540619683285294,False,0.0,0.0540619683285294,0.5045060421410289,False,100M<=p<500M,0.50-0.55,0.50-1.00
576,31038971,31038970,31038971,1,17.2507541019566,16.2507541019566,17.250754103064537,-1.1079386297296878e-09,0.05460813562658697,-3192.780555192381,-3176.5298010893166,-0.0019159453060711728,-3176.5298010893166,-0.0019159453060711728,negative,negative,positive,False,0.0595944719958201,False,0.0,0.0595944719958201,0.5044886793883626,False,p<100M,0.50-0.55,>=1.00
577,178897717,178897716,178897717,1,19.002324787078347,18.002324787078347,19.002324789762497,-2.6841497913210333e-09,0.049855734534249546,-7346.574358075857,-7328.572033286095,-0.0015174119091288167,-7328.572033286095,-0.0015174119091288167,negative,negative,positive,False,0.053307626629905,False,0.0,0.053307626629905,0.5044634588818455,False,100M<=p<500M,0.50-0.55,>=1.00
578,30405371,30405370,30405371,1,17.230129828402376,16.230129828402376,17.230129826813936,1.5884396020737768e-09,0.05466947384704516,-3128.6476973704994,-3112.4175675436854,-0.0019012779204884978,-3112.4175675436854,-0.0019012779204884978,negative,negative,positive,False,0.0588782474204922,False,0.0,0.0588782474204922,0.5044459491697901,False,p<100M,0.50-0.55,>=1.00
579,33453479,33453478,33453479,1,17.325666345109337,16.325666345109337,17.325666345655918,-5.465814467697783e-10,0.05438648900561837,-3264.4293571934104,-3248.1036908477545,-0.0018708085556050139,-3248.1036908477545,-0.0018708085556050139,negative,negative,positive,False,0.0580210470558037,False,0.0,0.0580210470558037,0.504434806205373,False,p<100M,0.50-0.55,0.50-1.00
580,108832879,108832878,108832879,1,18.50532404342507,17.50532404342507,18.50532405078411,-7.3590413762758544e-09,0.051118342767611034,-5764.849918290973,-5747.344594240189,-0.001608769371305015,-5747.344594240189,-0.001608769371305015,negative,negative,positive,False,0.0551944556078763,False,0.0,0.0551944556078763,0.5044269289024282,False,100M<=p<500M,0.50-0.55,>=1.00
581,618463,618462,618463,1,13.3349926468749,12.3349926468749,13.334992646821775,5.312550399594329e-11,0.06936706730723526,-501.56803928571753,-489.23304663889576,-0.003498431401543794,-489.23304663889576,-0.003498431401543794,negative,negative,positive,False,0.0758472344787391,False,0.0,0.0758472344787391,0.5044136748746593,False,p<100M,0.50-0.55,0.50-1.00
582,30816061,30816060,30816061,1,17.243546573069203,16.243546573069203,17.243546571582556,1.4866472497487848e-09,0.05462955580302088,-3133.1211844161153,-3116.8776378445327,-0.0018883304738292663,-3116.8776378445327,-0.0018883304738292663,negative,negative,positive,False,0.058953267494846,False,0.0,0.058953267494846,0.5044212759820186,False,p<100M,0.50-0.55,>=1.00
583,108833357,108833356,108833357,1,18.50532843547052,17.50532843547052,18.505328431725502,3.745018517520293e-09,0.051118331328278116,-5798.7220963686705,-5781.216767936945,-0.0016182463872512775,-5781.216767936945,-0.0016182463872512775,negative,negative,positive,False,0.0551126535106919,False,0.0,0.0551126535106919,0.5044140615224226,False,100M<=p<500M,0.50-0.55,>=1.00
584,1188223,1188222,1188223,1,13.987969471727038,12.987969471727038,13.987969471840188,-1.1315037795611715e-10,0.06637918372720393,-682.5308432369493,-669.5428737651091,-0.00313920778780102,-669.5428737651091,-0.00313920778780102,negative,negative,positive,False,0.0716596292835551,False,0.0,0.0716596292835551,0.5043893799090187,False,p<100M,0.50-0.55,0.50-1.00
585,178900037,178900036,178900037,1,19.002337755298377,18.002337755298377,19.002337753772736,1.5256418350872991e-09,0.04985570239999798,-7310.285343050957,-7292.283005297184,-0.0015098862608641512,-7292.283005297184,-0.0015098862608641512,negative,negative,positive,False,0.0529724911905533,False,0.0,0.0529724911905533,0.5043723882156368,False,100M<=p<500M,0.50-0.55,0.50-1.00
586,30372487,30372486,30372487,1,17.229047723692176,16.229047723692176,17.22904772311449,5.776854550276767e-10,0.0546726959004038,-3118.716117646545,-3102.4870699234307,-0.0018964755797024637,-3102.4870699234307,-0.0018964755797024637,negative,negative,positive,False,0.0591456035531357,False,0.0,0.0591456035531357,0.5043721232042426,False,p<100M,0.50-0.55,>=1.00
587,3459373,3459372,3459373,1,15.056597916739856,14.056597916739856,15.056597916875035,-1.3517897912151966e-10,0.06200497212100696,-1103.6161175877787,-1089.5595196709037,-0.002584035990276164,-1089.5595196709037,-0.002584035990276164,negative,negative,positive,False,0.0670778427952545,False,0.0,0.0670778427952545,0.5043557587130187,False,p<100M,0.50-0.55,0.50-1.00
588,108625339,108625338,108625339,1,18.503415262373498,17.503415262373498,18.503415256738663,5.6348348209667165e-09,0.05112331477965052,-5769.92036177218,-5752.416946515441,-0.0016120592260695967,-5752.416946515441,-0.0016120592260695967,negative,negative,positive,False,0.0546879388476579,False,0.0,0.0546879388476579,0.5043489986910468,False,100M<=p<500M,0.50-0.55,>=1.00
589,179148199,179148198,179148199,1,19.00372394863652,18.00372394863652,19.003723949193954,-5.574349870585138e-10,0.04985226775757045,-7311.650464147329,-7293.646740198135,-0.0015089021430099128,-7293.646740198135,-0.0015089021430099128,negative,negative,positive,False,0.0533955975603065,False,0.0,0.0533955975603065,0.5043198454925139,False,100M<=p<500M,0.50-0.55,>=1.00
590,30372071,30372070,30372071,1,17.22903402699197,16.22903402699197,17.229034025222063,1.7699086640732276e-09,0.054672736685848156,-3133.442113325,-3117.2130792997777,-0.0019054933134216086,-3117.2130792997777,-0.0019054933134216086,negative,negative,positive,False,0.059405209494254,False,0.0,0.059405209494254,0.5042814581548183,False,p<100M,0.50-0.55,>=1.00
591,1188553,1188552,1188553,1,13.988247158814184,12.988247158814184,13.988247158704326,1.0985878873270849e-10,0.06637796745891578,-676.8170530323405,-663.8288058736362,-0.0031118612397342494,-663.8288058736362,-0.0031118612397342494,negative,negative,positive,False,0.0720415041049189,False,0.0,0.0720415041049189,0.5042704217784866,False,p<100M,0.50-0.55,0.50-1.00
592,30775243,30775242,30775243,1,17.242221126023114,16.242221126023114,17.242221124470234,1.5528804908626626e-09,0.054633496742942704,-3146.2711703442037,-3130.0289492197335,-0.001897846957372244,-3130.0289492197335,-0.001897846957372244,negative,negative,positive,False,0.0592419667918848,False,0.0,0.0592419667918848,0.5042558877659634,False,p<100M,0.50-0.55,>=1.00
593,31020361,31020360,31020361,1,17.250154353298075,16.250154353298075,17.250154353678226,-3.8015102177269e-10,0.054609917391732585,-3178.772440418601,-3162.522286064923,-0.0019082013549679931,-3162.522286064923,-0.0019082013549679931,negative,negative,positive,False,0.0594288049849526,False,0.0,0.0594288049849526,0.504250136511861,False,p<100M,0.50-0.55,>=1.00
594,7117519,7117518,7117519,1,15.778069767607407,14.778069767607407,15.778069767169654,4.377529450039219e-10,0.05936219734252565,-1540.026398374699,-1525.2483286075294,-0.002296510820278634,-1525.2483286075294,-0.002296510820278634,negative,negative,positive,False,0.0629010542370778,False,0.0,0.0629010542370779,0.5042276534442237,False,p<100M,0.50-0.55,0.25-0.50
595,180625573,180625572,180625573,1,19.01193678914428,18.01193678914428,19.01193678379059,5.353690823994839e-09,0.04983192805116122,-7378.018924683332,-7360.006987899542,-0.001515081113295911,-7360.006987899542,-0.001515081113295911,negative,negative,positive,False,0.0540405158920827,False,0.0,0.0540405158920827,0.5042228428875322,False,100M<=p<500M,0.50-0.55,>=1.00
596,187503917,187503916,187503917,1,19.0493102938232,18.0493102938232,19.04931029677391,-2.950709898641435e-09,0.049739578308550206,-7474.540273338556,-7456.490963041782,-0.0015006202799188358,-7456.490963041782,-0.0015006202799188358,negative,negative,positive,False,0.0530090126830941,False,0.0,0.0530090126830941,0.5042227997016901,False,100M<=p<500M,0.50-0.55,>=1.00
597,187494523,187494522,187494523,1,19.04926019228144,18.04926019228144,19.049260199069977,-6.7885359555930336e-09,0.04973970188087367,-7471.83760279417,-7453.7883425951,-0.0015001218464829461,-7453.7883425951,-0.0015001218464829461,negative,negative,positive,False,0.0528707607606841,False,0.0,0.0528707607606841,0.5042113887282936,False,100M<=p<500M,0.50-0.55,0.50-1.00
598,604874233,604874232,604874233,1,20.220531115046366,19.220531115046366,20.220531105995178,9.051188243347497e-09,0.047008919272935545,-13260.917136669159,-13241.696605563164,-0.0013168186645667588,-13241.696605563164,-0.0013168186645667588,negative,negative,positive,False,0.0500097816638249,False,0.0,0.0500097816638249,0.504210304789299,True,p>=500M,0.50-0.55,>=1.00
599,3293281,3293280,3293281,1,15.007394890241423,14.007394890241423,15.00739489030093,-5.950617776306899e-11,0.062193751156924965,-1103.2707197689451,-1089.2633248786442,-0.0026650653722787828,-1089.2633248786442,-0.0026650653722787828,negative,negative,positive,False,0.0680363504019927,False,0.0,0.0680363504019927,0.5041936466457223,False,p<100M,0.50-0.55,>=1.00
600,39634897,39634896,39634897,1,17.49522052553676,16.49522052553676,17.49522052705288,-1.5161205624281138e-09,0.05389137740620186,-3533.4774524867535,-3516.9822319597006,-0.001825124374327458,-3516.9822319597006,-0.001825124374327458,negative,negative,positive,False,0.0573656258538636,False,0.0,0.0573656258538636,0.5041931310008124,False,p<100M,0.50-0.55,0.50-1.00
601,231131,231130,231131,1,12.35073992833084,11.35073992833084,12.350739928340772,-9.9316110890868e-12,0.07441118478703414,-332.7210979022493,-321.37035797390854,-0.004382185563443545,-321.37035797390854,-0.004382185563443545,negative,negative,positive,False,0.0819644318764493,False,0.0,0.0819644318764493,0.5041673539267513,False,p<100M,0.50-0.55,0.50-1.00
602,3281137,3281136,3281137,1,15.003700566633828,14.003700566633828,15.003700566478074,1.5575452039229276e-10,0.06220797143307793,-1098.7680729180574,-1084.7643723515794,-0.002660274517349959,-1084.7643723515794,-0.002660274517349959,negative,negative,positive,False,0.0679109811235516,False,0.0,0.0679109811235516,0.5041868381394515,False,p<100M,0.50-0.55,>=1.00
603,3279949,3279948,3279949,1,15.003338431458957,14.003338431458957,15.003338431473821,-1.4864554032101296e-11,0.06220936572009323,-1171.0637721321546,-1157.0604337006807,-0.0028382241159897502,-1157.0604337006807,-0.0028382241159897502,negative,negative,positive,False,0.0689578925494887,False,0.0,0.0689578925494887,0.5041765311145985,False,p<100M,0.50-0.55,>=1.00
604,108583547,108583546,108583547,1,18.503030453065875,17.503030453065875,18.503030449151993,3.91388255138736e-09,0.051124317251517594,-5758.201289981604,-5740.698259532452,-0.0016091516722448148,-5740.698259532452,-0.0016091516722448148,negative,negative,positive,False,0.0548036969719685,False,0.0,0.0548036969719685,0.5041786571469203,False,100M<=p<500M,0.50-0.55,>=1.00
605,108549391,108549390,108549391,1,18.502715843955013,17.502715843955013,18.502715840935707,3.019305694351715e-09,0.051125136873018395,-5758.5031189620495,-5741.000403121114,-0.0016095442590609577,-5741.000403121114,-0.0016095442590609577,negative,negative,positive,False,0.0552486098001437,False,0.0,0.0552486098001437,0.5041754484851091,False,100M<=p<500M,0.50-0.55,>=1.00
606,179378777,179378776,179378777,1,19.00501020070247,18.00501020070247,19.005010187625885,1.3076583371685047e-08,0.049849081166562684,-7309.618889123201,-7291.6138789355755,-0.0015073077061060153,-7291.6138789355755,-0.0015073077061060153,negative,negative,positive,False,0.0534127556850271,False,0.0,0.0534127556850271,0.5041633566758201,False,100M<=p<500M,0.50-0.55,>=1.00
607,108835721,108835720,108835721,1,18.505350156516258,17.505350156516258,18.505350157618523,-1.1022649459846434e-09,0.05111827475465019,-5775.533387169242,-5758.028037011623,-0.001611734237250199,-5758.028037011623,-0.001611734237250199,negative,negative,positive,False,0.0538377238745202,False,0.0,0.0538377238745202,0.5041547371181447,False,100M<=p<500M,0.50-0.55,0.25-0.50
608,604715411,604715326,604715329,3,40.44053674605736,37.44053674605736,40.44053673744202,8.61534488194593e-09,0.05286979201958144,-13226.593838095665,-13189.153301358223,-0.001311799908791428,-13230.712764501572,-0.0013159333273044087,negative,negative,positive,False,0.0575299398750813,False,0.01874942984978795,0.0575299398750813,0.5041549213928108,True,p>=500M,0.50-0.55,0.50-1.00
609,7050133,7050132,7050133,1,15.768557039858733,14.768557039858733,15.768557040020823,-1.6209078523843345e-10,0.059395584137756446,-1522.0091039733961,-1507.2405469333753,-0.002282968960997017,-1507.2405469333753,-0.002282968960997017,negative,negative,positive,False,0.0632807219153433,False,0.0,0.0632807219153433,0.5041398989775567,False,p<100M,0.50-0.55,0.50-1.00
610,39690817,39690816,39690817,1,17.496630409077497,16.496630409077497,17.496630407869816,1.2076810662620119e-09,0.05388729806529755,-3536.501576408744,-3520.004946000874,-0.0018251115701132018,-3520.004946000874,-0.0018251115701132018,negative,negative,positive,False,0.0572432765201052,False,0.0,0.0572432765201052,0.5041331686360225,False,p<100M,0.50-0.55,0.50-1.00
611,12787499,12787498,12787499,1,16.363978611040647,15.363978611040647,16.363978611305356,-2.647091434937465e-10,0.057375421303402674,-2075.723337572068,-2060.3593589607626,-0.0021516536373185364,-2060.3593589607626,-0.0021516536373185364,negative,negative,positive,False,0.0624350554689092,False,0.0,0.0624350554689092,0.5041210017080036,False,p<100M,0.50-0.55,>=1.00
612,179471947,179471946,179471947,1,19.005529469556407,18.005529469556407,19.005529463291168,6.265238994274114e-09,0.04984779483276205,-7353.792529553175,-7335.787000089884,-0.0015159625742627127,-7335.787000089884,-0.0015159625742627127,negative,negative,positive,False,0.0533176291738061,False,0.0,0.0533176291738061,0.5041129823724475,False,100M<=p<500M,0.50-0.55,>=1.00
613,3454541,3454540,3454541,1,15.055200155417774,14.055200155417774,15.055200155358762,5.901235056171572e-11,0.06201031923842954,-1104.5545783708803,-1090.4993782155216,-0.0025885537010308895,-1090.4993782155216,-0.0025885537010308895,negative,negative,positive,False,0.0671373968539844,False,0.0,0.0671373968539844,0.5040865745607802,False,p<100M,0.50-0.55,0.50-1.00
614,178894333,178894332,178894333,1,19.002305871062745,18.002305871062745,19.00230586528778,5.774964506599645e-09,0.04985578140675499,-7306.981837928295,-7288.979532063007,-0.0015092313928750244,-7288.979532063007,-0.0015092313928750244,negative,negative,positive,False,0.0522469832588965,False,0.0,0.0522469832588965,0.5040812448919296,False,100M<=p<500M,0.50-0.55,0.25-0.50
615,12772597,12772596,12772597,1,16.362812574599435,15.362812574599435,16.36281257495284,-3.5340619319867983e-10,0.05737924381627231,-2080.773885028437,-2065.411072453484,-0.0021584946890043197,-2065.411072453484,-0.0021584946890043197,negative,negative,positive,False,0.0613475132513681,False,0.0,0.0613475132513681,0.5040436887060201,False,p<100M,0.50-0.55,0.50-1.00
616,39639547,39639546,39639547,1,17.495337839510107,16.495337839510107,17.495337836444378,3.065729003992601e-09,0.0538910379478344,-3529.733310483396,-3513.2379726469517,-0.001823049917245955,-3513.2379726469517,-0.001823049917245955,negative,negative,positive,False,0.058118617673595,False,0.0,0.058118617673595,0.5040395126071766,False,p<100M,0.50-0.55,>=1.00
617,33924949,33924948,33924949,1,17.33966126036794,16.33966126036794,17.33966126292944,-2.5614994569878036e-09,0.05434528001204457,-3285.1101451814175,-3268.770483918488,-0.001866567105244626,-3268.770483918488,-0.001866567105244626,negative,negative,positive,False,0.0587249591196037,False,0.0,0.0587249591196037,0.5040366654072351,False,p<100M,0.50-0.55,>=1.00
618,40841677,40841676,40841677,1,17.525213613101332,16.525213613101332,17.52521361410618,-1.0048459841982549e-09,0.05380472816996847,-3625.104958035052,-3608.5797444209456,-0.0018384756551071265,-3608.5797444209456,-0.0018384756551071265,negative,negative,positive,False,0.0573691069320696,False,0.0,0.0573691069320696,0.5040357171614965,False,p<100M,0.50-0.55,0.50-1.00
619,179143313,179143312,179143313,1,19.003696674755687,18.003696674755687,19.00369668006897,-5.313282258612162e-09,0.04985233533091756,-7328.607659518719,-7310.60396283865,-0.0015124352018431513,-7310.60396283865,-0.0015124352018431513,negative,negative,positive,False,0.0526954111441211,False,0.0,0.0526954111441211,0.5040100960263728,False,100M<=p<500M,0.50-0.55,0.50-1.00
620,109709357,109709025,109709029,4,37.02668443806669,33.02668443806669,37.02668444812298,-1.0056290022930625e-08,0.04817982101021822,-5772.030998155475,-5739.004313707352,-0.0015986217109326209,-5789.304157838225,-0.0016126299943476903,negative,negative,positive,False,0.0536476402628444,False,0.0,0.0536476402628444,0.5039779918938099,False,100M<=p<500M,0.50-0.55,0.25-0.50
621,109547923,109547922,109547923,1,18.51187266444673,17.51187266444673,18.51187266409397,3.5275959930913814e-10,0.05110129217499834,-5802.761518642306,-5785.249645978212,-0.0016129441210903839,-5785.249645978212,-0.0016129441210903839,negative,negative,positive,False,0.0542878804108003,False,0.0,0.0542878804108003,0.5039755475576276,False,100M<=p<500M,0.50-0.55,0.50-1.00
622,109706381,109706380,109706381,1,18.51331809128396,17.51331809128396,18.513318091630936,-3.469757814400509e-10,0.05109753025525068,-5792.950544029474,-5775.437225937843,-0.0016087938490691196,-5775.437225937843,-0.0016087938490691196,negative,negative,positive,False,0.0547045381421748,False,0.0,0.0547045381421748,0.5039737434536344,False,100M<=p<500M,0.50-0.55,>=1.00
623,3236923,3236922,3236923,1,14.990133745167933,13.990133745167933,14.990133745130152,3.778133361720393e-11,0.06226024866198101,-1080.8003347273916,-1066.8102009822614,-0.0026388211732474077,-1066.8102009822614,-0.0026388211732474077,negative,negative,positive,False,0.0665491911550268,False,0.0,0.0665491911550268,0.5039632873952916,False,p<100M,0.50-0.55,0.50-1.00
624,17992787,17992786,17992787,1,16.705481513327612,15.705481513327612,16.70548151433468,-1.0070664302475052e-09,0.05627730083865658,-2428.622314915061,-2412.9168334007263,-0.00203833300929262,-2412.9168334007263,-0.00203833300929262,negative,negative,positive,False,0.0602231644947032,False,0.0,0.0602231644947032,0.5039601943223792,False,p<100M,0.50-0.55,0.50-1.00
625,179156291,179156290,179156291,1,19.00376911692342,18.00376911692342,19.003769129514694,-1.259127557773354e-08,0.049852155849719915,-7327.05811047554,-7309.0543413460255,-0.0015120483151203432,-7309.0543413460255,-0.0015120483151203432,negative,negative,positive,False,0.053043692849709,False,0.0,0.053043692849709,0.5039525713495658,False,100M<=p<500M,0.50-0.55,0.50-1.00
626,39641387,39641386,39641387,1,17.49538425672311,16.49538425672311,17.495384253561497,3.1616131934697478e-09,0.053890903636695194,-3550.215863607824,-3533.7204793542624,-0.0018336261828560572,-3533.7204793542624,-0.0018336261828560572,negative,negative,positive,False,0.058475346315823,False,0.0,0.058475346315823,0.5039442896508456,False,p<100M,0.50-0.55,>=1.00
627,108562541,108562540,108562541,1,18.502836979628164,17.502836979628164,18.502836972475052,7.153111880597862e-09,0.051124821286552324,-5753.029493421316,-5735.526656448841,-0.0016078911977035102,-5735.526656448841,-0.0016078911977035102,negative,negative,positive,False,0.0539266504041357,False,0.0,0.0539266504041357,0.5039406015509926,False,100M<=p<500M,0.50-0.55,0.50-1.00
628,179642357,179642356,179642357,1,19.00647852678356,18.00647852678356,19.006478518247604,8.535955942079454e-09,0.049845443997324025,-7336.947067677975,-7318.940589159727,-0.0015116126960398807,-7318.940589159727,-0.0015116126960398807,negative,negative,positive,False,0.0535047767229565,False,0.0,0.0535047767229565,0.5039300306772219,False,100M<=p<500M,0.50-0.55,>=1.00
629,604176893,604176892,604176893,1,20.21937758222657,19.21937758222657,20.219377636909485,-5.4682914196746424e-08,0.047011461631068105,-13266.687470436096,-13247.468092799187,-0.0013183030640439221,-13247.468092799187,-0.0013183030640439221,negative,negative,positive,False,0.0500161652626329,False,0.0,0.0500161652626329,0.5039146409656873,True,p>=500M,0.50-0.55,>=1.00
630,30848971,30848970,30848971,1,17.24461395281611,16.24461395281611,17.244613952934742,-1.1863221516250633e-10,0.054626382583785396,-3141.425703585148,-3125.181089632213,-0.0018921165903595164,-3125.181089632213,-0.0018921165903595164,negative,negative,positive,False,0.058579513692382,False,0.0,0.058579513692382,0.5038985668029047,False,p<100M,0.50-0.55,0.50-1.00
631,108582251,108582250,108582251,1,18.503018517484747,17.503018517484747,18.503018513321877,4.162870936852414e-09,0.05112434834568572,-5757.413041695952,-5739.9100231826305,-0.0016089424024555705,-5739.9100231826305,-0.0016089424024555705,negative,negative,positive,False,0.0547495290911708,False,0.0,0.0547495290911708,0.5038897684290677,False,100M<=p<500M,0.50-0.55,>=1.00
632,39640963,39640962,39640963,1,17.49537356077376,16.49537356077376,17.49537356197834,-1.204579547220419e-09,0.053890934586041474,-3528.6095673665404,-3512.114193804562,-0.0018224267865363207,-3512.114193804562,-0.0018224267865363207,negative,negative,positive,False,0.0580400668049056,False,0.0,0.0580400668049056,0.503882960116605,False,p<100M,0.50-0.55,>=1.00
633,22048451,22048450,22048451,1,16.908752907956416,15.908752907956416,16.908752907067537,8.888783042948489e-10,0.05564331314012258,-2672.3537415340543,-2656.4449886269867,-0.00197873952739678,-2656.4449886269867,-0.00197873952739678,negative,negative,positive,False,0.059301344400477,False,0.0,0.059301344400477,0.5038627827848834,False,p<100M,0.50-0.55,0.50-1.00
634,33925711,33925710,33925711,1,17.33968372146117,16.33968372146117,17.33968371897936,2.4818120891723083e-09,0.054345213923786224,-3318.8439402878284,-3302.504256568849,-0.0018858040483747322,-3302.504256568849,-0.0018858040483747322,negative,negative,positive,False,0.0587468552079326,False,0.0,0.0587468552079326,0.5038528257933815,False,p<100M,0.50-0.55,>=1.00
635,109814437,109814320,109814323,3,37.02860303138397,34.02860303138397,37.02860303223133,-8.473577395307075e-10,0.057315063726743526,-5778.927368894219,-5744.898765861988,-0.0015993305057954226,-5803.355859488249,-0.0016156034391330847,negative,negative,positive,False,0.0633755060442757,False,0.017119019784247874,0.0633755060442757,0.503832284347281,False,100M<=p<500M,0.50-0.55,0.50-1.00
636,31019627,31019626,31019627,1,17.25013069114005,16.25013069114005,17.25013069063425,5.057998464508273e-10,0.05460998769090139,-3169.2783851511776,-3153.0282544605434,-0.0019025005779903026,-3153.0282544605434,-0.0019025005779903026,negative,negative,positive,False,0.0592948192838186,False,0.0,0.0592948192838186,0.5038312543702247,False,p<100M,0.50-0.55,>=1.00
637,179471563,179471562,179471563,1,19.00552732994397,18.00552732994397,19.005527317523956,1.2420013462133284e-08,0.04984780013287836,-7311.892035424709,-7293.886508107185,-0.0015073056627497555,-7293.886508107185,-0.0015073056627497555,negative,negative,positive,False,0.0529207311887221,False,0.0,0.0529207311887221,0.5038304130210133,False,100M<=p<500M,0.50-0.55,0.50-1.00
638,40844891,40844890,40844891,1,17.525292304129255,16.525292304129255,17.525292307138443,-3.009187565794491e-09,0.05380450119863057,-3614.458801820874,-3597.9335095137358,-0.001832963099257328,-3597.9335095137358,-0.001832963099257328,negative,negative,positive,False,0.0565828693332161,False,0.0,0.0565828693332161,0.5038286896683744,False,p<100M,0.50-0.55,0.25-0.50
639,180628951,180628950,180628951,1,19.01195549064018,18.01195549064018,19.011955499649048,-9.008868318005625e-09,0.04983188175439899,-7333.868636012077,-7315.856680512428,-0.001505975585639627,-7315.856680512428,-0.001505975585639627,negative,negative,positive,False,0.053746653892514,False,0.0,0.0537466538925139,0.5038070279384711,False,100M<=p<500M,0.50-0.55,>=1.00
640,30419219,30419218,30419219,1,17.23058517056709,16.23058517056709,17.230585169047117,1.5199717040559335e-09,0.054668118142349294,-3123.445621237159,-3107.2150360681117,-0.0018975674688219547,-3107.2150360681117,-0.0018975674688219547,negative,negative,positive,False,0.058670038662687,False,0.0,0.058670038662687,0.5037802992148581,False,p<100M,0.50-0.55,>=1.00
641,187504433,187504432,187504433,1,19.049313045761924,18.049313045761924,19.04931303858757,7.17435355568341e-09,0.04973957152108296,-7533.3568024635315,-7515.307489424944,-0.0015124545993935989,-7515.307489424944,-0.0015124545993935989,negative,negative,positive,False,0.0527700079995033,False,0.0,0.0527700079995033,0.5037576891861237,False,100M<=p<500M,0.50-0.55,0.50-1.00
642,17640383,17640382,17640383,1,16.685701320325357,15.685701320325357,16.685701321810484,-1.4851266882942582e-09,0.05633976232312314,-2386.9751196838915,-2371.289418362081,-0.00202787708471396,-2371.289418362081,-0.00202787708471396,negative,negative,positive,False,0.0597908065041726,False,0.0,0.0597908065041726,0.5037488069886858,False,p<100M,0.50-0.55,0.50-1.00
643,40865009,40865008,40865009,1,17.52578472916971,16.52578472916971,17.525784730911255,-1.7415437980616844e-09,0.05380308092282991,-3630.66345821321,-3614.137673482299,-0.001840661577670361,-3614.137673482299,-0.001840661577670361,negative,negative,positive,False,0.0577667541715999,False,0.0,0.0577667541715999,0.503740954505905,False,p<100M,0.50-0.55,>=1.00
644,109489717,109489716,109489717,1,18.511341194135333,17.511341194135333,18.51134119927883,-5.143498071902286e-09,0.05110267553747297,-5797.253241747618,-5779.741900548339,-0.00161192936542651,-5779.741900548339,-0.00161192936542651,negative,negative,positive,False,0.0543575136108819,False,0.0,0.0543575136108819,0.5037343061131607,False,100M<=p<500M,0.50-0.55,0.50-1.00
645,22052533,22052532,22052533,1,16.908938028542916,15.908938028542916,16.90893802791834,6.245777228741645e-10,0.055642742244299485,-2679.32141533494,-2663.4124773070216,-0.0019837024273407088,-2663.4124773070216,-0.0019837024273407088,negative,negative,positive,False,0.0601268944145263,False,0.0,0.0601268944145263,0.5037325680056834,False,p<100M,0.50-0.55,>=1.00
646,4994851,4994850,4994851,1,15.423918139790043,14.423918139790043,15.423918140120804,-3.3076119621000544e-10,0.06063087359067599,-1307.2840971602127,-1292.860179020092,-0.0024316488931335036,-1292.860179020092,-0.0024316488931335036,negative,negative,positive,False,0.0655616696833343,False,0.0,0.0655616696833343,0.5037299350149411,False,p<100M,0.50-0.55,0.50-1.00
647,1184527,1184526,1184527,1,13.984854096749215,12.984854096749215,13.9848540967796,-3.0384583737941284e-11,0.0663928320911218,-678.9531412268989,-665.9682871301193,-0.0031287091131590263,-665.9682871301193,-0.0031287091131590263,negative,negative,positive,False,0.0713029062187651,False,0.0,0.0713029062187651,0.5037093801698217,False,p<100M,0.50-0.55,0.50-1.00
648,12784897,12784896,12784897,1,16.363775110358976,15.363775110358976,16.363775109872222,4.867537484187778e-10,0.057376088384959195,-2075.579336103052,-2060.2155609931797,-0.0021517759132048606,-2060.2155609931797,-0.0021517759132048606,negative,negative,positive,False,0.0624796157859059,False,0.0,0.0624796157859059,0.5037075226677,False,p<100M,0.50-0.55,>=1.00
649,109494937,109494936,109494937,1,18.511388868708924,17.511388868708924,18.51138886809349,6.15433037864932e-10,0.051102551442422074,-5797.048342123628,-5779.536953255534,-0.001611825482583421,-5779.536953255534,-0.001611825482583421,negative,negative,positive,False,0.0546385149744283,False,0.0,0.0546385149744283,0.5036595525316045,False,100M<=p<500M,0.50-0.55,>=1.00
650,180642689,180642688,180642689,1,19.01203154421586,18.01203154421586,19.01203155517578,-1.0959922747133533e-08,0.04983169347973843,-7345.209734141827,-7327.197702586651,-0.0015082407231290387,-7327.197702586651,-0.0015082407231290387,negative,negative,positive,False,0.0538199983464121,False,0.0,0.0538199983464121,0.5036500845299344,False,100M<=p<500M,0.50-0.55,>=1.00
651,30372383,30372382,30372383,1,17.229044299534714,16.229044299534714,17.229044299572706,-3.799272008109256e-11,0.05467270609670684,-3118.0903881192207,-3101.861343819648,-0.0018960970883509197,-3101.861343819648,-0.0018960970883509197,negative,negative,positive,False,0.0577692159185545,False,0.0,0.0577692159185545,0.5036378698480309,False,p<100M,0.50-0.55,0.25-0.50
652,39644461,39644460,39644461,1,17.49546179893472,16.49546179893472,17.49546179920435,-2.696296519388852e-10,0.0538906792648927,-3597.507244542241,-3581.0117827430367,-0.001858076841815313,-3581.0117827430367,-0.001858076841815313,negative,negative,positive,False,0.0588197708884661,False,0.0,0.0588197708884661,0.5036237098150825,False,p<100M,0.50-0.55,>=1.00
653,30336731,30336730,30336731,1,17.227869780529264,16.227869780529264,17.227869778871536,1.657728176951423e-09,0.05467620375033131,-3146.226960852742,-3129.9990910738707,-0.0019146820255046821,-3129.9990910738707,-0.0019146820255046821,negative,negative,positive,False,0.0590425078700368,False,0.0,0.0590425078700368,0.503620436518881,False,p<100M,0.50-0.55,>=1.00
654,109442621,109442620,109442621,1,18.510910960747644,17.510910960747644,18.51091095805168,2.695962564303045e-09,0.051103795445319816,-5812.070989266038,-5794.560078307986,-0.0016164848688542109,-5794.560078307986,-0.0016164848688542109,negative,negative,positive,False,0.0553579920235929,False,0.0,0.0553579920235929,0.5036179109995902,False,100M<=p<500M,0.50-0.55,>=1.00
655,109568047,109568046,109568047,1,18.512056348000765,17.512056348000765,18.512056350708008,-2.7072424302332365e-09,0.051100814082979826,-5804.256045609713,-5786.743989259005,-0.0016131805675105436,-5786.743989259005,-0.0016131805675105436,negative,negative,positive,False,0.0552176978121025,False,0.0,0.0552176978121025,0.5035982673915981,False,100M<=p<500M,0.50-0.55,>=1.00
656,1189057,1189056,1189057,1,13.988671113968772,12.988671113968772,13.988671113969758,-9.85878045867139e-13,0.06637611062247016,-677.2331982564647,-664.2445271424949,-0.0031129613499130105,-664.2445271424949,-0.0031129613499130105,negative,negative,positive,False,0.0719034765237246,False,0.0,0.0719034765237246,0.5035897066879486,False,p<100M,0.50-0.55,0.50-1.00
657,179470607,179470606,179470607,1,19.005522003180605,18.005522003180605,19.00552201271057,-9.529966149557367e-09,0.04984781332801371,-7325.173791319132,-7307.168269306421,-0.001510055250738618,-7307.168269306421,-0.001510055250738618,negative,negative,positive,False,0.0532267242816651,False,0.0,0.0532267242816652,0.5035829886739286,False,100M<=p<500M,0.50-0.55,>=1.00
658,604205663,604205662,604205663,1,20.219425199597183,19.219425199597183,20.219425201416016,-1.8188330841439893e-09,0.047011356678122326,-13304.917498707771,-13285.698073506355,-0.001322069762223827,-13285.698073506355,-0.001322069762223827,negative,negative,positive,False,0.0500425677380953,False,0.0,0.0500425677380953,0.5035775595209162,True,p>=500M,0.50-0.55,>=1.00
659,40835243,40835242,40835243,1,17.525056065534326,16.525056065534326,17.525056064128876,1.4054499786197994e-09,0.05380518259576508,-3622.829480007291,-3606.304423943162,-0.00183749421488622,-3606.304423943162,-0.00183749421488622,negative,negative,positive,False,0.0569943124153184,False,0.0,0.0569943124153184,0.5035596920346346,False,p<100M,0.50-0.55,0.50-1.00
660,109719919,109719918,109719919,1,18.513441485790604,17.513441485790604,18.513441488146782,-2.3561774753488862e-09,0.05109720912984653,-5797.66970705986,-5780.156265571713,-0.001609987577020155,-5780.156265571713,-0.001609987577020155,negative,negative,positive,False,0.0544002260223994,False,0.0,0.0544002260223994,0.5035504421023518,False,100M<=p<500M,0.50-0.55,0.50-1.00
661,17998151,17998150,17998151,1,16.705779588361928,15.705779588361928,16.70577958971262,-1.3506920026884472e-09,0.05627636063781472,-2430.1127862371504,-2414.407006647438,-0.002039215121508477,-2414.407006647438,-0.002039215121508477,negative,negative,positive,False,0.0608850796926477,False,0.0,0.0608850796926477,0.503545760340188,False,p<100M,0.50-0.55,>=1.00
662,33915647,33915558,33915559,1,17.33938443460891,16.33938443460891,17.33938443660736,-1.998451182316785e-09,0.05434607827698074,-3275.7928943037987,-3259.4535098671913,-0.001861563907637881,-3330.114122837782,-0.0019019170983225905,negative,negative,positive,False,0.0590007255143094,False,0.0,0.0590007255143094,0.5035366066835553,False,p<100M,0.50-0.55,>=1.00
663,604872131,604872087,604872091,4,40.44105514430968,36.44105514430968,40.44105505943298,8.487669589385405e-08,0.04456316004116768,-13239.072711229324,-13202.631656169891,-0.0013129366407242094,-13222.411128520966,-0.0013149035596762817,negative,negative,positive,False,0.0503724694200252,False,0.0,0.0503724694200252,0.5035361718835211,True,p>=500M,0.50-0.55,0.50-1.00
664,604206971,604206345,604206971,626,545.9245244370026,-80.07547556299744,545.924524307251,1.2975158369954443e-07,-0.00782842971008993,-13158.921043872833,-13238.996519565582,-0.0013174207475299287,-13238.996519565582,-0.0013174207475299287,negative,negative,negative,False,0.0508464536997485,False,0.0,0.0508464536997485,0.5035234925509077,True,p>=500M,0.50-0.55,0.25-0.50
665,179661413,179661412,179661413,1,19.006584598590244,18.006584598590244,19.006584584712982,1.3877262006189994e-08,0.04984518126887498,-7329.396026849747,-7311.389442265034,-0.0015099561862100227,-7311.389442265034,-0.0015099561862100227,negative,negative,positive,False,0.0530721365313695,False,0.0,0.0530721365313695,0.5035071653812493,False,100M<=p<500M,0.50-0.55,0.50-1.00
666,604874693,604874692,604874693,1,20.220531875534743,19.220531875534743,20.220531821250916,5.428382721106573e-08,0.04700891759692817,-13255.84491455555,-13236.624382734299,-0.0013163136585447452,-13236.624382734299,-0.0013163136585447452,negative,negative,positive,False,0.0497726846618487,False,0.0,0.0497726846618487,0.5035051731326541,True,p>=500M,0.50-0.55,0.50-1.00
667,179381333,179381332,179381333,1,19.005024449778265,18.005024449778265,19.00502446293831,-1.3160043721427428e-08,0.04984904586784199,-7356.956632554531,-7338.951608091593,-0.0015170801825229222,-7338.951608091593,-0.0015170801825229222,negative,negative,positive,False,0.0531241987332051,False,0.0,0.0531241987332051,0.5035032802560344,False,100M<=p<500M,0.50-0.55,>=1.00
668,108592553,108592552,108592553,1,18.50311339036888,17.50311339036888,18.503113389015198,1.3536833876059973e-09,0.051124101187130414,-5753.205539867282,-5735.702426478267,-0.0016076702284421962,-5735.702426478267,-0.0016076702284421962,negative,negative,positive,False,0.0543074254810474,False,0.0,0.0543074254810474,0.5035031671562757,False,100M<=p<500M,0.50-0.55,0.50-1.00
669,12837637,12837636,12837637,1,16.36789180502179,15.367891805021792,16.367891805246472,-2.2468071847470128e-10,0.05736259673367665,-2068.4810445625335,-2053.113152757287,-0.002138872261902637,-2053.113152757287,-0.002138872261902637,negative,negative,positive,False,0.0620429187160608,False,0.0,0.0620429187160608,0.5034774853647255,False,p<100M,0.50-0.55,>=1.00
670,31025339,31025338,31025339,1,17.250314815667288,16.250314815667288,17.250314816832542,-1.1652545595097763e-09,0.05460944067026621,-3154.2035814225674,-3137.953266605735,-0.0018931897872724599,-3137.953266605735,-0.0018931897872724599,negative,negative,positive,False,0.0580349191062369,False,0.0,0.0580349191062369,0.5034641184714338,False,p<100M,0.50-0.55,0.50-1.00
671,30824513,30824512,30824513,1,17.24382080802532,16.24382080802532,17.243820808827877,-8.025580200410332e-10,0.05462874049334261,-3135.715166654438,-3119.47134584561,-0.0018895826232607257,-3119.47134584561,-0.0018895826232607257,negative,negative,positive,False,0.0588239211504652,False,0.0,0.0588239211504652,0.5034232337939092,False,p<100M,0.50-0.55,>=1.00
672,40834943,40834942,40834943,1,17.525048718912146,16.525048718912146,17.525048717856407,1.055738607647072e-09,0.05380520378634319,-3620.7553555220366,-3604.23030680418,-0.0018364456904978372,-3604.23030680418,-0.0018364456904978372,negative,negative,positive,False,0.0579663029192045,False,0.0,0.0579663029192045,0.5034181772558463,False,p<100M,0.50-0.55,>=1.00
673,12799261,12799260,12799261,1,16.364897992848153,15.364897992848153,16.36489799246192,3.8623326759079646e-10,0.05737240773367044,-2055.3216642122716,-2039.9567662198097,-0.0021291286824911787,-2039.9567662198097,-0.0021291286824911787,negative,negative,positive,False,0.0616151003010251,False,0.0,0.0616151003010251,0.5034117960360466,False,p<100M,0.50-0.55,0.50-1.00
674,187509659,187509555,187509559,4,38.09868075615101,34.09868075615101,38.09868076443672,-8.285709895972104e-09,0.04698374954716242,-7455.890607893467,-7421.79192712903,-0.0014936099022870087,-7483.69324567914,-0.0015060668421774932,negative,negative,positive,False,0.0532207644598697,False,0.0,0.0532207644598697,0.503403473003109,False,100M<=p<500M,0.50-0.55,0.50-1.00
675,40882381,40882380,40882381,1,17.52620974580355,16.52620974580355,17.526209749281406,-3.4778580015881744e-09,0.05380185512960896,-3616.8760428652167,-3600.3498331159353,-0.0018331609670120322,-3600.3498331159353,-0.0018331609670120322,negative,negative,positive,False,0.0579261844879289,False,0.0,0.0579261844879289,0.5034014024005575,False,p<100M,0.50-0.55,>=1.00
676,18001673,18001672,18001673,1,16.705975255985816,15.705975255985816,16.705975256860256,-8.744400759042037e-10,0.05627574347174532,-2427.171636685729,-2411.4656614288688,-0.0020364838962546056,-2411.4656614288688,-0.0020364838962546056,negative,negative,positive,False,0.0597757164079624,False,0.0,0.0597757164079624,0.5033876190819738,False,p<100M,0.50-0.55,0.50-1.00
677,179149903,179149902,179149903,1,19.003733460269373,18.003733460269373,19.003733456134796,4.134577125114447e-09,0.04985224419173829,-7324.318630754948,-7306.314897298813,-0.0015115142167563707,-7306.314897298813,-0.0015115142167563707,negative,negative,positive,False,0.0534075488090611,False,0.0,0.0534075488090611,0.5033796069966469,False,100M<=p<500M,0.50-0.55,>=1.00
678,16183,16182,16183,1,9.691716587516886,8.691716587516886,9.691716587516567,3.197442310920451e-13,0.09253459859597946,-130.55899917356874,-121.86728258605217,-0.010198967288204746,-121.86728258605217,-0.010198967288204746,negative,negative,positive,False,0.1069747307954135,False,0.0,0.1069747307954135,0.50271429707976,False,p<100M,0.50-0.55,>=1.00
679,17989039,17989038,17989039,1,16.705273185934022,15.705273185934022,16.705273184925318,1.0087042312534322e-09,0.0562779579722709,-2439.3324899077415,-2423.6272167228162,-0.0020476450453610078,-2423.6272167228162,-0.0020476450453610078,negative,negative,positive,False,0.0610495652145156,False,0.0,0.0610495652145156,0.5033535430118266,False,p<100M,0.50-0.55,>=1.00
680,604865039,604864888,604864891,3,40.441031337481846,37.441031337481846,40.44103133678436,6.974829602768295e-10,0.05286919666381687,-13218.35783791542,-13180.916806578636,-0.0013107865506190699,-13288.475774884224,-0.0013214826424454674,negative,negative,positive,False,0.0585344103602869,False,0.019754849314279888,0.0585344103602869,0.5033495773545552,True,p>=500M,0.50-0.55,>=1.00
681,179436689,179436688,179436689,1,19.00533299615579,18.00533299615579,19.00533300638199,-1.0226198554619259e-08,0.04984828152926647,-7312.859032809734,-7294.853699803352,-0.0015076828551629264,-7294.853699803352,-0.0015076828551629264,negative,negative,positive,False,0.0537520972306284,False,0.0,0.0537520972306284,0.5033479904977286,False,100M<=p<500M,0.50-0.55,>=1.00
682,33912811,33912810,33912811,1,17.339303406567062,16.339303406567062,17.33930340409279,2.4742732307458937e-09,0.054346332962544874,-3284.7486335635185,-3268.4093301594257,-0.001866771899160037,-3268.4093301594257,-0.001866771899160037,negative,negative,positive,False,0.0577269241070986,False,0.0,0.0577269241070986,0.5033435261327114,False,p<100M,0.50-0.55,0.50-1.00
683,108595723,108595722,108595723,1,18.503142581631487,17.503142581631487,18.503142580389977,1.2415100059115503e-09,0.051124025139849705,-5759.170610979199,-5741.667468398809,-0.0016093136136104509,-5741.667468398809,-0.0016093136136104509,negative,negative,positive,False,0.0551376168754321,False,0.0,0.0551376168754321,0.5033280972573088,False,100M<=p<500M,0.50-0.55,>=1.00
684,33924533,33924532,33924533,1,17.339648997930915,16.339648997930915,17.339648999273777,-1.342861821740371e-09,0.054345316092417634,-3337.2808296605945,-3320.9411806613207,-0.001896372464907874,-3320.9411806613207,-0.001896372464907874,negative,negative,positive,False,0.0593030599397281,False,0.0,0.0593030599397281,0.5033181280629204,False,p<100M,0.50-0.55,>=1.00
685,180619633,180619632,180619633,1,19.011903902894705,18.011903902894705,19.011903911828995,-8.934289752460245e-09,0.04983200946340618,-7350.726274639368,-7332.714370727539,-0.001509492882891153,-7332.714370727539,-0.001509492882891153,negative,negative,positive,False,0.053162119593626,False,0.0,0.053162119593626,0.5033126329944404,False,100M<=p<500M,0.50-0.55,>=1.00
686,33844607,33844606,33844607,1,17.337290224097938,16.337290224097938,17.337290227413177,-3.315239638368439e-09,0.05435225731623752,-3289.6122348979115,-3273.2749446704984,-0.0018718683874540392,-3273.2749446704984,-0.0018718683874540392,negative,negative,positive,False,0.0589132052300743,False,0.0,0.0589132052300743,0.503308454566188,False,p<100M,0.50-0.55,>=1.00
687,109814843,109814842,109814843,1,18.514306260052784,17.514306260052784,18.514306262135506,-2.082721550777933e-09,0.051094958729340924,-5819.555470645428,-5802.041164383292,-0.0016152338085601242,-5802.041164383292,-0.0016152338085601242,negative,negative,positive,False,0.0545676585381428,False,0.0,0.0545676585381428,0.50330022237454,False,100M<=p<500M,0.50-0.55,>=1.00
688,30819587,30819586,30819587,1,17.2436609873771,16.2436609873771,17.243660986423492,9.53608747522594e-10,0.054629215642518554,-3141.4257293716073,-3125.182068385184,-0.0018932281988648732,-3125.182068385184,-0.0018932281988648732,negative,negative,positive,False,0.0590050793129095,False,0.0,0.0590050793129095,0.5032639932541072,False,p<100M,0.50-0.55,>=1.00
689,12776207,12776206,12776207,1,16.36309517099996,15.363095170999959,16.363095171749592,-7.496332443679421e-10,0.057378317359259,-2058.19737637043,-2042.8342811986804,-0.0021345250443454587,-2042.8342811986804,-0.0021345250443454587,negative,negative,positive,False,0.0616763461067941,False,0.0,0.0616763461067941,0.5032385828674081,False,p<100M,0.50-0.55,0.50-1.00
690,179472523,179472522,179472523,1,19.00553267896649,18.00553267896649,19.005532681941986,-2.975497181978426e-09,0.04984778688261095,-7321.6155425310135,-7303.6100098490715,-0.0015093101701479914,-7303.6100098490715,-0.0015093101701479914,negative,negative,positive,False,0.0525914466370504,False,0.0,0.0525914466370504,0.5032365114033405,False,100M<=p<500M,0.50-0.55,0.50-1.00
691,39640879,39640878,39640879,1,17.49537144175135,16.49537144175135,17.49537143856287,3.188478814308837e-09,0.05389094071755922,-3532.086427502334,-3515.5910560637712,-0.001824233295879806,-3515.5910560637712,-0.001824233295879806,negative,negative,positive,False,0.0579616447381054,False,0.0,0.0579616447381054,0.5032286042862063,False,p<100M,0.50-0.55,>=1.00
692,108573587,108573586,108573587,1,18.50293872225489,17.50293872225489,18.502938717603683,4.651205642858258e-09,0.051124556226460206,-5752.806027665734,-5735.303088948131,-0.0016077290516942203,-5735.303088948131,-0.0016077290516942203,negative,negative,positive,False,0.0550361137334319,False,0.0,0.0550361137334319,0.5032147478169077,False,100M<=p<500M,0.50-0.55,>=1.00
693,109442251,109442250,109442251,1,18.51090757997494,17.51090757997494,18.51090757548809,4.4868500026495894e-09,0.05110380424574606,-5793.77826051414,-5776.267352938652,-0.001611385134078363,-5776.267352938652,-0.001611385134078363,negative,negative,positive,False,0.0546254127662521,False,0.0,0.0546254127662521,0.5032065456729788,False,100M<=p<500M,0.50-0.55,>=1.00
694,39640409,39640408,39640409,1,17.49535958523358,16.49535958523358,17.49535958468914,5.444391604214616e-10,0.05389097502512629,-3586.94736713171,-3570.452007547021,-0.0018527140303496038,-3570.452007547021,-0.0018527140303496038,negative,negative,positive,False,0.0587946146469265,False,0.0,0.0587946146469265,0.5032052006273094,False,p<100M,0.50-0.55,>=1.00
695,604435457,604435456,604435457,1,20.219805451433675,19.219805451433675,20.219805479049683,-2.7616007258757236e-08,0.0470105185858104,-13242.328548431396,-13223.108742952347,-0.0013155418179796694,-13223.108742952347,-0.0013155418179796694,negative,negative,positive,False,0.0493137121900815,False,0.0,0.0493137121900815,0.5032013223482923,True,p>=500M,0.50-0.55,0.50-1.00
696,179413093,179413092,179413093,1,19.005201487088662,18.005201487088662,19.00520148873329,-1.6446293216176855e-09,0.04984860730386333,-7321.401960581541,-7303.396759092808,-0.0015095686616129122,-7303.396759092808,-0.0015095686616129122,negative,negative,positive,False,0.053125528818645,False,0.0,0.053125528818645,0.5031854332594775,False,100M<=p<500M,0.50-0.55,>=1.00
697,108592199,108592198,108592199,1,18.50311013047152,17.50311013047152,18.503110125660896,4.810623011053394e-09,0.051124109679628375,-5769.267771273851,-5751.7646611481905,-0.001612175536578497,-5751.7646611481905,-0.001612175536578497,negative,negative,positive,False,0.0552761062932465,False,0.0,0.0552761062932465,0.5031829365988231,False,100M<=p<500M,0.50-0.55,>=1.00
698,30419023,30419022,30419023,1,17.230578727251388,16.230578727251388,17.23057872802019,-7.688036873787496e-10,0.05466813732577091,-3116.9820134080946,-3100.7514346800745,-0.001893627682500096,-3100.7514346800745,-0.001893627682500096,negative,negative,positive,False,0.058411252820423,False,0.0,0.058411252820423,0.5031767763527757,False,p<100M,0.50-0.55,0.50-1.00
699,108553589,108553588,108553589,1,18.50275451684656,17.50275451684656,18.502754509449005,7.397556345267731e-09,0.051125036120763044,-5774.884839653969,-5757.38208514452,-0.0016140990612753703,-5757.38208514452,-0.0016140990612753703,negative,negative,positive,False,0.0545865214664789,False,0.0,0.0545865214664789,0.5031725004199812,False,100M<=p<500M,0.50-0.55,>=1.00
700,17984893,17984892,17984893,1,16.705042685691883,15.705042685691883,16.70504268631339,-6.215081782556808e-10,0.05627868506419579,-2452.9173896871507,-2437.2123470008373,-0.002059416846325879,-2437.2123470008373,-0.002059416846325879,negative,negative,positive,False,0.0605582183755319,False,0.0,0.0605582183755319,0.5031646532415236,False,p<100M,0.50-0.55,>=1.00
701,33863117,33863116,33863117,1,17.337836985955153,16.337836985955153,17.337836988270283,-2.3151294215040252e-09,0.054350648189004855,-3283.0888309702277,-3266.7509939819574,-0.0018675091387588267,-3266.7509939819574,-0.0018675091387588267,negative,negative,positive,False,0.0587001623650556,False,0.0,0.0587001623650556,0.5031395120997776,False,p<100M,0.50-0.55,>=1.00
702,33413759,33413758,33413759,1,17.32447831922821,16.32447831922821,17.324478320777416,-1.5492069849187828e-09,0.05438999009554494,-3253.508950948715,-3237.184472627938,-0.0018658831764802543,-3237.184472627938,-0.0018658831764802543,negative,negative,positive,False,0.0586290314487052,False,0.0,0.0586290314487052,0.5031302476322939,False,p<100M,0.50-0.55,>=1.00
703,179400479,179400478,179400479,1,19.00513117759656,18.00513117759656,19.00513118505478,-7.45821893133325e-09,0.049848781476457535,-7326.8322686851025,-7308.827137500048,-0.0015107553754375041,-7308.827137500048,-0.0015107553754375041,negative,negative,positive,False,0.0528297241791223,False,0.0,0.0528297241791223,0.5031051623377453,False,100M<=p<500M,0.50-0.55,0.50-1.00
704,109611101,109611100,109611101,1,18.512449213845407,17.512449213845407,18.512449219822884,-5.977476291718631e-09,0.05109979156068436,-5798.759225264192,-5781.246776044369,-0.0016112631605812097,-5781.246776044369,-0.0016112631605812097,negative,negative,positive,False,0.0550890190175448,False,0.0,0.0550890190175448,0.503069036964594,False,100M<=p<500M,0.50-0.55,>=1.00
705,108532859,108532858,108532859,1,18.50256353302188,17.50256353302188,18.502563536167145,-3.145263605119908e-09,0.05112553368376138,-5767.8633646816015,-5750.360801145434,-0.00161231786060663,-5750.360801145434,-0.00161231786060663,negative,negative,positive,False,0.0552219564852861,False,0.0,0.0552219564852861,0.5030562103075387,False,100M<=p<500M,0.50-0.55,>=1.00
706,109707751,109707750,109707751,1,18.51333057908488,17.51333057908488,18.513330578804016,2.808633325912524e-10,0.05109749775645639,-5811.477874994278,-5793.964544415474,-0.0016139425259368465,-5793.964544415474,-0.0016139425259368465,negative,negative,positive,False,0.0545132051318996,False,0.0,0.0545132051318996,0.503016967322657,False,100M<=p<500M,0.50-0.55,0.50-1.00
707,31027937,31027936,31027937,1,17.250398550166704,16.250398550166704,17.25039855018258,-1.587707743055944e-11,0.05460919190474245,-3147.3999543115497,-3131.149555761367,-0.0018889875450363019,-3131.149555761367,-0.0018889875450363019,negative,negative,positive,False,0.0585998688638257,False,0.0,0.0585998688638257,0.503013636562226,False,p<100M,0.50-0.55,>=1.00
708,109721779,109721778,109721779,1,18.5134584379015,17.5134584379015,18.51345843076706,7.1344423702157655e-09,0.05109716501350098,-5806.324653849006,-5788.811195418239,-0.001612381675977413,-5788.811195418239,-0.001612381675977413,negative,negative,positive,False,0.0547506845400794,False,0.0,0.0547506845400794,0.5030082808095832,False,100M<=p<500M,0.50-0.55,>=1.00
709,30794947,30794946,30794947,1,17.242861176043185,16.242861176043185,17.242861177772284,-1.7290986420448462e-09,0.05463159361722367,-3142.0459849722683,-3125.803123794496,-0.0018945375916941322,-3125.803123794496,-0.0018945375916941322,negative,negative,positive,False,0.0590213018912058,False,0.0,0.0590213018912058,0.5029954147713004,False,p<100M,0.50-0.55,>=1.00
710,31028143,31028142,31028143,1,17.250405189322773,16.250405189322773,17.250405188649893,6.728804180511361e-10,0.05460917218067336,-3163.6455368697643,-3147.3951316811144,-0.0018987805547571136,-3147.3951316811144,-0.0018987805547571136,negative,negative,positive,False,0.0591241272165089,False,0.0,0.0591241272165089,0.5029929035760998,False,p<100M,0.50-0.55,>=1.00
711,179149753,179149752,179149753,1,19.00373262298138,18.00373262298138,19.00373262166977,1.3116121522216417e-09,0.04985224626618545,-7326.3484934568405,-7308.344760835171,-0.0015119349166128455,-7308.344760835171,-0.0015119349166128455,negative,negative,positive,False,0.0537788253624078,False,0.0,0.0537788253624078,0.5029787396225555,False,100M<=p<500M,0.50-0.55,>=1.00
712,30808223,30808222,30808223,1,17.243292192830328,16.243292192830328,17.243292193859816,-1.0294876062744152e-09,0.05463031210562585,-3140.8765500076115,-3124.6332578137517,-0.0018933257928730764,-3124.6332578137517,-0.0018933257928730764,negative,negative,positive,False,0.0583692107538644,False,0.0,0.0583692107538644,0.5029678556567906,False,p<100M,0.50-0.55,0.50-1.00
713,178013153,178013152,178013153,1,18.997367998784814,17.997367998784814,18.99736800789833,-9.113517052128373e-09,0.04986802009841689,-7320.66391068697,-7302.666542679071,-0.0015165912737818091,-7302.666542679071,-0.0015165912737818091,negative,negative,positive,False,0.0533575856221749,False,0.0,0.0533575856221749,0.5029624943285953,False,100M<=p<500M,0.50-0.55,>=1.00
714,109708829,109708828,109708829,1,18.51334040514269,17.51334040514269,18.513340398669243,6.473445779420217e-09,0.05109747218472669,-5797.191091969609,-5779.67775157094,-0.0016099532379280313,-5779.67775157094,-0.0016099532379280313,negative,negative,positive,False,0.0550639317692912,False,0.0,0.0550639317692912,0.5029615377719844,False,100M<=p<500M,0.50-0.55,>=1.00
715,39691237,39691236,39691237,1,17.49664099081427,16.49664099081427,17.496640987694263,3.120007363577315e-09,0.0538872674505467,-3536.5823369547725,-3520.085695967078,-0.0018251415744524669,-3520.085695967078,-0.0018251415744524669,negative,negative,positive,False,0.0578619642067515,False,0.0,0.0578619642067515,0.5029554386072185,False,p<100M,0.50-0.55,>=1.00
716,179665093,179665092,179665093,1,19.006605081354188,18.006605081354188,19.006605088710785,-7.35659710926484e-09,0.04984513053559112,-7322.116632044315,-7304.110026955605,-0.0015084341336140128,-7304.110026955605,-0.0015084341336140128,negative,negative,positive,False,0.0536009635875191,False,0.0,0.053600963587519,0.5029424400056771,False,100M<=p<500M,0.50-0.55,>=1.00
717,179602889,179602888,179602889,1,19.006258799449103,18.006258799449103,19.00625878572464,1.3724463343578464e-08,0.04984598824706356,-7326.164855390787,-7308.1585966050625,-0.0015095865833194796,-7308.1585966050625,-0.0015095865833194796,negative,negative,positive,False,0.0529285737480202,False,0.0,0.0529285737480202,0.5029406912667591,False,100M<=p<500M,0.50-0.55,0.50-1.00
718,33924997,33924996,33924997,1,17.339662675254843,16.339662675254843,17.339662678539753,-3.284910121692519e-09,0.05434527584895614,-3281.091160990298,-3264.751498311758,-0.0018642705194370222,-3264.751498311758,-0.0018642705194370222,negative,negative,positive,False,0.0584408196615828,False,0.0,0.0584408196615828,0.5029325860735612,False,p<100M,0.50-0.55,>=1.00
719,179150627,179150626,179150627,1,19.003737501569564,18.003737501569564,19.00373750925064,-7.681077107690726e-09,0.04985223417910014,-7345.180425852537,-7327.1766883432865,-0.0015158263501403753,-7327.1766883432865,-0.0015158263501403753,negative,negative,positive,False,0.0529327722024033,False,0.0,0.0529327722024033,0.5029321556918815,False,100M<=p<500M,0.50-0.55,0.50-1.00
720,7118591,7118590,7118591,1,15.778220370546276,14.778220370546276,15.778220370411873,1.3440271118270175e-10,0.05936166907201797,-1586.4469839241356,-1571.6687635537237,-0.002366181019363298,-1571.6687635537237,-0.002366181019363298,negative,negative,positive,False,0.0652064611469634,False,0.0,0.0652064611469634,0.5029245281604379,False,p<100M,0.50-0.55,>=1.00
721,604672807,604672806,604672807,1,20.22019805482597,19.22019805482597,20.220198035240173,1.9585797872423427e-08,0.04700965330136748,-13270.184529185295,-13250.964331150055,-0.0013180031722755342,-13250.964331150055,-0.0013180031722755342,negative,negative,positive,False,0.0495872400319328,False,0.0,0.0495872400319328,0.5029183727705218,True,p>=500M,0.50-0.55,0.50-1.00
722,1512547,1512546,1512547,1,14.2293055427845,13.2293055427845,14.229305542772636,1.1864287330354273e-11,0.06533857176866173,-762.922163659241,-749.6928581164684,-0.003010658695633058,-749.6928581164684,-0.003010658695633058,negative,negative,positive,False,0.0702608961700486,False,0.0,0.0702608961700486,0.5029115356910422,False,p<100M,0.50-0.55,0.50-1.00
723,179661607,179661606,179661607,1,19.006585678398604,18.006585678398604,19.00658568739891,-9.000306278039716e-09,0.049845178594320076,-7333.330177098513,-7315.323591411114,-0.0015107676836865495,-7315.323591411114,-0.0015107676836865495,negative,negative,positive,False,0.053059303052776,False,0.0,0.053059303052776,0.5029129298414808,False,100M<=p<500M,0.50-0.55,0.50-1.00
724,108811009,108811008,108811009,1,18.50512307292896,17.50512307292896,18.50512307882309,-5.894129628813971e-09,0.05111886621219124,-5768.025903135538,-5750.520780056715,-0.0016098551555204033,-5750.520780056715,-0.0016098551555204033,negative,negative,positive,False,0.0540320931092931,False,0.0,0.0540320931092931,0.5029097489460947,False,100M<=p<500M,0.50-0.55,0.50-1.00
725,187504777,187504776,187504777,1,19.04931488038353,18.04931488038353,19.04931488633156,-5.9480278480350535e-09,0.0497395669961162,-7477.321210294962,-7459.27189540863,-0.0015011757775996158,-7459.27189540863,-0.0015011757775996158,negative,negative,positive,False,0.0530638386214726,False,0.0,0.0530638386214726,0.5028977611001496,False,100M<=p<500M,0.50-0.55,>=1.00
726,39674683,39674682,39674683,1,17.496223834426743,16.496223834426743,17.496223837137222,-2.7104789523946238e-09,0.05388847438063448,-3551.6992358490825,-3535.2030120119452,-0.0018334495896202864,-3535.2030120119452,-0.0018334495896202864,negative,negative,positive,False,0.0568285448518926,False,0.0,0.0568285448518926,0.5028939253772025,False,p<100M,0.50-0.55,0.25-0.50
727,1509097,1509096,1509097,1,14.227022016664836,13.227022016664836,14.227022016653791,1.1045386827390757e-11,0.06534826616264754,-756.1376607222483,-742.9106387055945,-0.0029877894716021014,-742.9106387055945,-0.0029877894716021014,negative,negative,positive,False,0.0701254608877874,False,0.0,0.0701254608877874,0.5028844007819909,False,p<100M,0.50-0.55,0.50-1.00
728,33902807,33902806,33902807,1,17.339008371282635,16.339008371282635,17.33900836855173,2.730903503334048e-09,0.05434720110614036,-3285.444064423442,-3269.10505605489,-0.0018675082802503784,-3269.10505605489,-0.0018675082802503784,negative,negative,positive,False,0.0576533742965644,False,0.0,0.0576533742965644,0.5028760038965164,False,p<100M,0.50-0.55,0.50-1.00
729,108537769,108537768,108537769,1,18.502608771754048,17.502608771754048,18.50260877609253,-4.338481573995523e-09,0.05112541582411636,-5793.180549785495,-5775.677941009402,-0.0016193718713533624,-5775.677941009402,-0.0016193718713533624,negative,negative,positive,False,0.0550102371348021,False,0.0,0.0550102371348021,0.5028673538433576,False,100M<=p<500M,0.50-0.55,>=1.00
730,30981329,30981328,30981329,1,17.24889529067716,16.24889529067716,17.248895291239023,-5.618616683022992e-10,0.05461365825844661,-3147.9636562280357,-3131.7147609367967,-0.0018910787122813437,-3131.7147609367967,-0.0018910787122813437,negative,negative,positive,False,0.0588661597811044,False,0.0,0.0588661597811044,0.5028611130743139,False,p<100M,0.50-0.55,>=1.00
731,30649523,30649522,30649523,1,17.23812765741952,16.23812765741952,17.238127656280994,1.1385239417904813e-09,0.054645671391739474,-3141.5277577638626,-3125.2896301075816,-0.0018997577541411377,-3125.2896301075816,-0.0018997577541411377,negative,negative,positive,False,0.058857594872207,False,0.0,0.058857594872207,0.5028558431778376,False,p<100M,0.50-0.55,>=1.00
732,108548351,108548350,108548351,1,18.50270626301704,17.50270626301704,18.50270625948906,3.527979686168692e-09,0.05112516183374503,-5754.654927864671,-5737.152221605182,-0.00160847475574159,-5737.152221605182,-0.00160847475574159,negative,negative,positive,False,0.0541939682170777,False,0.0,0.0541939682170777,0.5028363162032148,False,100M<=p<500M,0.50-0.55,0.50-1.00
733,604676711,604676710,604676711,1,20.2202045111894,19.2202045111894,20.22020447254181,3.864759179350585e-08,0.04700963907202883,-13271.68568098545,-13252.465476512909,-0.0013181473862414882,-13252.465476512909,-0.0013181473862414882,negative,negative,positive,False,0.0502399087413142,False,0.0,0.0502399087413142,0.5028246988938271,True,p>=500M,0.50-0.55,>=1.00
734,109567411,109567410,109567411,1,18.51205054337192,17.51205054337192,18.512050539255142,4.1167780295836565e-09,0.05110082919114607,-5797.665845677257,-5780.153795138001,-0.0016113490949079975,-5780.153795138001,-0.0016113490949079975,negative,negative,positive,False,0.0542083537049825,False,0.0,0.0542083537049825,0.5028110108284043,False,100M<=p<500M,0.50-0.55,0.50-1.00
735,109721527,109721526,109721527,1,18.513456141180725,17.513456141180725,18.513456135988235,5.192489993532945e-09,0.05109717099050601,-5794.999595716596,-5777.486139580607,-0.0016092295082844024,-5777.486139580607,-0.0016092295082844024,negative,negative,positive,False,0.0550365316698288,False,0.0,0.0550365316698288,0.5028043533758799,False,100M<=p<500M,0.50-0.55,>=1.00
736,179403751,179403750,179403751,1,19.00514941595456,18.00514941595456,19.00514942407608,-8.121521233306339e-09,0.049848736295782424,-7310.942950487137,-7292.937801063061,-0.0015074543642565313,-7292.937801063061,-0.0015074543642565313,negative,negative,positive,False,0.0536376134985399,False,0.0,0.0536376134985399,0.5027894720096555,False,100M<=p<500M,0.50-0.55,>=1.00
737,180620933,180620932,180620933,1,19.0119111003145,18.0119111003145,19.01191109418869,6.125809193235909e-09,0.04983199164565997,-7357.916565209627,-7339.9046541154385,-0.0015109664737440014,-7339.9046541154385,-0.0015109664737440014,negative,negative,positive,False,0.0538326091705561,False,0.0,0.0538326091705561,0.5027734676863146,False,100M<=p<500M,0.50-0.55,>=1.00
738,12842237,12842236,12842237,1,16.36825006223514,15.368250062235141,16.368250062689185,-4.540439135780616e-10,0.05736142291528041,-2069.0558111295104,-2053.687561066821,-0.002138993820549941,-2053.687561066821,-0.002138993820549941,negative,negative,positive,False,0.0614714067975274,False,0.0,0.0614714067975274,0.5027726493021566,False,p<100M,0.50-0.55,0.50-1.00
739,109511539,109511538,109511539,1,18.511540480664287,17.511540480664287,18.511540487408638,-6.744350855569792e-09,0.05110215680642175,-5794.263840809464,-5776.752300322056,-0.001610900375174271,-5776.752300322056,-0.001610900375174271,negative,negative,positive,False,0.0537774692048976,False,0.0,0.0537774692048976,0.5027409244543233,False,100M<=p<500M,0.50-0.55,0.25-0.50
740,39641299,39641298,39641299,1,17.495382036818505,16.495382036818505,17.49538203328848,3.530026049247681e-09,0.05389091006011428,-3532.1973930597305,-3515.702011026442,-0.0018242789964352049,-3515.702011026442,-0.0018242789964352049,negative,negative,positive,False,0.0573304417021529,False,0.0,0.0573304417021529,0.5027368243593915,False,p<100M,0.50-0.55,0.50-1.00
741,179150393,179150392,179150393,1,19.003736195405267,18.003736195405267,19.003736197948456,-2.5431887706872658e-09,0.049852237415224175,-7320.221528053284,-7302.217791855335,-0.0015106641158854572,-7302.217791855335,-0.0015106641158854572,negative,negative,positive,False,0.0523094644224999,False,0.0,0.0523094644224999,0.5027146474921326,False,100M<=p<500M,0.50-0.55,0.25-0.50
742,12837437,12837436,12837437,1,16.36787622570934,15.367876225709342,16.367876226082444,-3.731024378339498e-10,0.05736264777988445,-2097.631412677467,-2082.2635364513844,-0.0021692612924548416,-2082.2635364513844,-0.0021692612924548416,negative,negative,positive,False,0.0627022450990248,False,0.0,0.0627022450990248,0.502702036023982,False,p<100M,0.50-0.55,>=1.00
743,108595901,108595900,108595901,1,18.50314422073705,17.50314422073705,18.503144219517708,1.2193410725558351e-09,0.051124020869759444,-5752.13917812705,-5734.636033907533,-0.001607341193247318,-5734.636033907533,-0.001607341193247318,negative,negative,positive,False,0.0549229874174412,False,0.0,0.0549229874174412,0.5027006257201132,False,100M<=p<500M,0.50-0.55,>=1.00
744,109726187,109726186,109726187,1,18.513498611434034,17.513498611434034,18.513498604297638,7.136396362739106e-09,0.05109706046579501,-5789.60351125896,-5772.090012654662,-0.0016076849844460898,-5772.090012654662,-0.0016076849844460898,negative,negative,positive,False,0.0541001988799444,False,0.0,0.0541001988799444,0.5026880874513878,False,100M<=p<500M,0.50-0.55,0.50-1.00
745,108538211,108538210,108538211,1,18.50261284406089,17.50261284406089,18.502612844109535,-4.864375569013646e-11,0.05112540521463605,-5754.112675651908,-5736.610062807798,-0.0016084141226482762,-5736.610062807798,-0.0016084141226482762,negative,negative,positive,False,0.0549443877096655,False,0.0,0.0549443877096655,0.5026594699615593,False,100M<=p<500M,0.50-0.55,>=1.00
746,187492807,187492806,187492807,1,19.04925103997221,18.04925103997221,19.049251049757004,-9.78479519631037e-09,0.049739724454538795,-7489.319837778807,-7471.27058672905,-0.0015036485839909144,-7471.27058672905,-0.0015036485839909144,negative,negative,positive,False,0.0533032779270732,False,0.0,0.0533032779270732,0.5026557895627481,False,100M<=p<500M,0.50-0.55,>=1.00
747,33870209,33870208,33870209,1,17.338046395427412,16.338046395427412,17.33804639428854,1.1388721077310038e-09,0.05435003191934002,-3283.8709426298738,-3267.532896235585,-0.0018677154390756864,-3267.532896235585,-0.0018677154390756864,negative,negative,positive,False,0.058690891355918,False,0.0,0.058690891355918,0.5026490102740276,False,p<100M,0.50-0.55,>=1.00
748,33471629,33471628,33471629,1,17.32620874245429,16.32620874245429,17.326208744198084,-1.743792665820365e-09,0.05438489072006899,-3256.8407350592315,-3240.5145263150334,-0.0018658144976093298,-3240.5145263150334,-0.0018658144976093298,negative,negative,positive,False,0.0584436456897662,False,0.0,0.0584436456897662,0.50264118097463,False,p<100M,0.50-0.55,>=1.00
749,17585999,17585998,17585999,1,16.68261363205767,15.68261363205767,16.682613633573055,-1.515385150696602e-09,0.05634952501635886,-2410.071188915521,-2394.388575281948,-0.0020515538745288424,-2394.388575281948,-0.0020515538745288424,negative,negative,positive,False,0.0611815204056907,False,0.0,0.0611815204056907,0.5026401594850285,False,p<100M,0.50-0.55,>=1.00
750,179665253,179665252,179665253,1,19.006605971899624,18.006605971899624,19.006605982780457,-1.0880832235216076e-08,0.04984512832982209,-7330.063789069653,-7312.057183086872,-0.001510074554786921,-7312.057183086872,-0.001510074554786921,negative,negative,positive,False,0.0527384927380705,False,0.0,0.0527384927380705,0.5026288274684938,False,100M<=p<500M,0.50-0.55,0.50-1.00
751,39640607,39640606,39640607,1,17.49536458012416,16.49536458012416,17.49536457657814,3.5460203662296408e-09,0.05389096057209633,-3540.012307152152,-3523.516942575574,-0.0018283537297012617,-3523.516942575574,-0.0018283537297012617,negative,negative,positive,False,0.0581314530842754,False,0.0,0.0581314530842754,0.5026238198057168,False,p<100M,0.50-0.55,>=1.00
752,12422119,12422118,12422119,1,16.334989231833312,15.334989231833312,16.334989231079817,7.534950441367982e-10,0.05747060517055611,-2011.273357257247,-1995.9383680261672,-0.0021223234807671836,-1995.9383680261672,-0.0021223234807671836,negative,negative,positive,False,0.0619481415866009,False,0.0,0.0619481415866009,0.502616879127937,False,p<100M,0.50-0.55,>=1.00
753,108829241,108829240,108829241,1,18.50529061546801,17.50529061546801,18.505290612578392,2.8896174342207814e-09,0.05111842983279954,-5772.395502835512,-5754.890212222934,-0.001610914249171925,-5754.890212222934,-0.001610914249171925,negative,negative,positive,False,0.0550718611036335,False,0.0,0.0550718611036335,0.5026170962884893,False,100M<=p<500M,0.50-0.55,>=1.00
754,180642263,180642262,180642263,1,19.01202918596652,18.01202918596652,19.012029200792313,-1.4825793925865582e-08,0.04983169931768846,-7337.47439622879,-7319.462367027998,-0.0015066506210300215,-7319.462367027998,-0.0015066506210300215,negative,negative,positive,False,0.0523594101727958,False,0.0,0.0523594101727958,0.5026141591527803,False,100M<=p<500M,0.50-0.55,0.25-0.50
755,3236957,3236956,3236957,1,14.9901442489153,13.9901442489153,14.99014424905181,-1.3650947039423045e-10,0.062260208153954444,-1084.8200653833337,-1070.829921134282,-0.0026487465773118845,-1070.829921134282,-0.0026487465773118845,negative,negative,positive,False,0.0674403172566828,False,0.0,0.0674403172566828,0.5026106460251814,False,p<100M,0.50-0.55,0.50-1.00
756,108538103,108538102,108538103,1,18.502611849019125,17.502611849019125,18.502611845731735,3.287389915840322e-09,0.05112540780699337,-5775.630960538983,-5758.128348693252,-0.0016144483342186392,-5758.128348693252,-0.0016144483342186392,negative,negative,positive,False,0.0540255426517967,False,0.0,0.0540255426517967,0.5026040154651225,False,100M<=p<500M,0.50-0.55,0.50-1.00
757,108553421,108553420,108553421,1,18.50275296922265,17.50275296922265,18.502752974629402,-5.406750602787724e-09,0.051125040152690815,-5754.906866952777,-5737.4041139781475,-0.0016084996918458733,-5737.4041139781475,-0.0016084996918458733,negative,negative,positive,False,0.0536206781597749,False,0.0,0.0536206781597749,0.5025923723815885,False,100M<=p<500M,0.50-0.55,0.25-0.50
758,33844303,33844302,33844303,1,17.337281241828904,16.337281241828904,17.337281242012978,-1.8407320112601155e-10,0.05435228375196382,-3280.3460789993405,-3264.0087977573276,-0.0018665797279538861,-3264.0087977573276,-0.0018665797279538861,negative,negative,positive,False,0.057322995670915,False,0.0,0.057322995670915,0.5025881125157867,False,p<100M,0.50-0.55,0.25-0.50
759,3281171,3281170,3281171,1,15.00371092884176,14.00371092884176,15.0037109288387,3.0606628342866316e-12,0.06220793153758626,-1087.7569663422182,-1073.7532554133795,-0.002633253590215424,-1073.7532554133795,-0.002633253590215424,negative,negative,positive,False,0.0668113902823667,False,0.0,0.0668113902823667,0.5025812527930491,False,p<100M,0.50-0.55,0.50-1.00
760,12808039,12808038,12808039,1,16.365583578625944,15.365583578625944,16.365583578124642,5.013021109334659e-10,0.05737016071070503,-2061.554131930694,-2046.1885483525693,-0.0021347220515692818,-2046.1885483525693,-0.0021347220515692818,negative,negative,positive,False,0.0611901506330895,False,0.0,0.0611901506330895,0.5025782550450758,False,p<100M,0.50-0.55,0.50-1.00
761,33914047,33914046,33914047,1,17.339339852306598,16.339339852306598,17.33933985233307,-2.6471269620742532e-11,0.05434622572259227,-3289.6568655073643,-3273.317525655031,-0.0018695333169929283,-3273.317525655031,-0.0018695333169929283,negative,negative,positive,False,0.0586737719164166,False,0.0,0.0586737719164166,0.5025700101632277,False,p<100M,0.50-0.55,>=1.00
762,179410171,179410170,179410171,1,19.005185200519243,18.005185200519243,19.005185186862946,1.3656297426223318e-08,0.04984864764929,-7326.201692163944,-7308.196506977081,-0.0015105756309071027,-7308.196506977081,-0.0015105756309071027,negative,negative,positive,False,0.0533353866234197,False,0.0,0.0533353866234197,0.5025640592924606,False,100M<=p<500M,0.50-0.55,>=1.00
763,17591191,17591190,17591191,1,16.68290882334712,15.68290882334712,16.682908821851015,1.4961045735617517e-09,0.05634859153108217,-2397.0487657040358,-2381.3658568821847,-0.0020400224558763933,-2381.3658568821847,-0.0020400224558763933,negative,negative,positive,False,0.0608443000978966,False,0.0,0.0608443000978966,0.5025585244470606,False,p<100M,0.50-0.55,>=1.00
764,109683073,109683072,109683073,1,18.51310561069601,17.51310561069601,18.513105615973473,-5.277463799302495e-09,0.05109808323025324,-5793.085553973913,-5775.57244835794,-0.0016090393824003788,-5775.57244835794,-0.0016090393824003788,negative,negative,positive,False,0.0541096892228777,False,0.0,0.0541096892228777,0.5025532065907724,False,100M<=p<500M,0.50-0.55,0.50-1.00
765,12808583,12808582,12808583,1,16.36562605104874,15.36562605104874,16.365626050159335,8.894041059193114e-10,0.05737002151213592,-2081.854880131781,-2066.4892540816218,-0.0021558441459672865,-2066.4892540816218,-0.0021558441459672865,negative,negative,positive,False,0.0624356832554669,False,0.0,0.0624356832554668,0.5025436352828266,False,p<100M,0.50-0.55,>=1.00
766,33871373,33871372,33871373,1,17.338080761321024,16.338080761321024,17.338080763816833,-2.4958097810667823e-09,0.05434993078552239,-3303.558904707432,-3287.220823943615,-0.0018789292857668706,-3287.220823943615,-0.0018789292857668706,negative,negative,positive,False,0.0590450032161895,False,0.0,0.0590450032161895,0.5025433225088024,False,p<100M,0.50-0.55,>=1.00
767,40833493,40833382,40833383,1,17.525010515606738,16.525010515606738,17.525010518729687,-3.122949010503362e-09,0.05380529743867927,-3602.958129733801,-3586.433119215071,-0.0018274204508279294,-3678.908106006682,-0.0018745367790243869,negative,negative,positive,False,0.0583978036622422,False,0.0,0.0583978036622422,0.5025368993780862,False,p<100M,0.50-0.55,>=1.00
768,30785057,30785056,30785057,1,17.242539967876812,16.242539967876812,17.24253996834159,-4.6477666160171793e-10,0.054632548681579775,-3166.600481122732,-3150.3579411543906,-0.0019097980126110013,-3150.3579411543906,-0.0019097980126110013,negative,negative,positive,False,0.0593828883794093,False,0.0,0.0593828883794093,0.5025218150187307,False,p<100M,0.50-0.55,>=1.00
769,30781873,30781872,30781873,1,17.242436535725727,16.242436535725727,17.242436535656452,6.927436402293097e-11,0.05463285622866087,-3155.217788230628,-3138.9753516949713,-0.0019030189465169217,-3138.9753516949713,-0.0019030189465169217,negative,negative,positive,False,0.0591803064401032,False,0.0,0.0591803064401032,0.5024997219116156,False,p<100M,0.50-0.55,>=1.00
770,39655523,39655522,39655523,1,17.49574079016558,16.49574079016558,17.495740793645382,-3.4798013359704782e-09,0.05388987200687497,-3567.2975016608834,-3550.801760867238,-0.0018420860517617313,-3550.801760867238,-0.0018420860517617313,negative,negative,positive,False,0.0581089872552633,False,0.0,0.0581089872552633,0.5024982443688623,False,p<100M,0.50-0.55,>=1.00
771,179400653,179400652,179400653,1,19.00513214749316,18.00513214749316,19.005132138729095,8.764065029254198e-09,0.0498487790737949,-7310.780953556299,-7292.77582141757,-0.0015074366378214515,-7292.77582141757,-0.0015074366378214515,negative,negative,positive,False,0.0530759787374816,False,0.0,0.0530759787374816,0.502487774722082,False,100M<=p<500M,0.50-0.55,0.50-1.00
772,604205269,604205268,604205269,1,20.21942454750113,19.21942454750113,20.219424605369568,-5.78684371532745e-08,0.04701135811539724,-13254.647718906403,-13235.428294301033,-0.001317067893239118,-13235.428294301033,-0.001317067893239118,negative,negative,positive,False,0.050031926940773,False,0.0,0.050031926940773,0.5024761867010128,True,p>=500M,0.50-0.55,>=1.00
773,179642051,179641948,179641949,1,19.006476255601687,18.006476255601687,19.006476253271103,2.3305837260068074e-09,0.04984544664467991,-7309.076613664627,-7291.070137411356,-0.0015058585601035244,-7374.063660591841,-0.0015229990743239384,negative,negative,positive,False,0.0531779872246815,False,0.0,0.0531779872246815,0.5024567518895647,False,100M<=p<500M,0.50-0.55,>=1.00
774,604715861,604715860,604715861,1,20.22026925443476,19.22026925443476,20.220269203186035,5.1248726151698065e-08,0.04700949638326778,-13234.86685025692,-13215.646581053734,-0.0013144342513249072,-13215.646581053734,-0.0013144342513249072,negative,negative,positive,False,0.050523556039102,False,0.0,0.050523556039102,0.5024492500508417,True,p>=500M,0.50-0.55,>=1.00
775,12802243,12802242,12802243,1,16.365130947913094,15.365130947913094,16.3651309479028,1.0295764241163852e-11,0.057371644198504164,-2058.8895997591317,-2043.5244688112289,-0.002132543209776922,-2043.5244688112289,-0.002132543209776922,negative,negative,positive,False,0.0616732137971503,False,0.0,0.0616732137971503,0.5024444041548392,False,p<100M,0.50-0.55,0.50-1.00
776,33843647,33843646,33843647,1,17.33726185876294,16.33726185876294,17.337261855602264,3.1606752770585445e-09,0.054352340798374775,-3283.1623711958528,-3266.8251093402505,-0.0018682125673410916,-3266.8251093402505,-0.0018682125673410916,negative,negative,positive,False,0.0580181471462947,False,0.0,0.0580181471462947,0.502443711243809,False,p<100M,0.50-0.55,0.50-1.00
777,17640809,17640808,17640809,1,16.68572546916931,15.68572546916931,16.6857254691422,2.7110758082926623e-11,0.056339685982261974,-2412.518041178584,-2396.832315709442,-0.002049690153977775,-2396.832315709442,-0.002049690153977775,negative,negative,positive,False,0.0603935734510648,False,0.0,0.0603935734510648,0.5024371721622903,False,p<100M,0.50-0.55,0.50-1.00
778,7049899,7049898,7049899,1,15.768523848444696,14.768523848444696,15.768523848615587,-1.708908570208223e-10,0.05939570069497371,-1524.5372249642387,-1509.7687011156231,-0.0022868458536833744,-1509.7687011156231,-0.0022868458536833744,negative,negative,positive,False,0.0630278233070192,False,0.0,0.0630278233070192,0.5024341600365193,False,p<100M,0.50-0.55,0.25-0.50
779,109504859,109504858,109504859,1,18.51147948066554,17.51147948066554,18.51147948205471,-1.3891714445435355e-09,0.05110231558469732,-5815.430235922337,-5797.918756440282,-0.0016168628047721972,-5797.918756440282,-0.0016168628047721972,negative,negative,positive,False,0.0544341084483662,False,0.0,0.0544341084483662,0.5024307772839226,False,100M<=p<500M,0.50-0.55,0.50-1.00
780,33489829,33489828,33489829,1,17.32675233875556,16.32675233875556,17.326752338558435,1.971258711819246e-10,0.054383288995394845,-3264.0338513329625,-3247.707098994404,-0.0018693303363529173,-3247.707098994404,-0.0018693303363529173,negative,negative,positive,False,0.0580387605100748,False,0.0,0.0580387605100748,0.5024171391688816,False,p<100M,0.50-0.55,0.50-1.00
781,179403241,179403240,179403241,1,19.00514657320059,18.00514657320059,19.00514656305313,1.0147459761356004e-08,0.04984874333794298,-7333.087091952562,-7315.081945389509,-0.0015120341729037983,-7315.081945389509,-0.0015120341729037983,negative,negative,positive,False,0.0537922432211968,False,0.0,0.0537922432211968,0.502414494974034,False,100M<=p<500M,0.50-0.55,>=1.00
782,39638461,39638460,39638461,1,17.495310442252595,16.495310442252595,17.495310440659523,1.5930723407109326e-09,0.053891117223843286,-3545.9387380480766,-3529.443427607417,-0.0018314898943667748,-3529.443427607417,-0.0018314898943667748,negative,negative,positive,False,0.058224590403179,False,0.0,0.058224590403179,0.502398917168915,False,p<100M,0.50-0.55,>=1.00
783,33388679,33388678,33388679,1,17.323727448393875,16.323727448393875,17.323727447539568,8.543068474864413e-10,0.054392203129269207,-3241.4952084310353,-3225.1714809834957,-0.0018598182608805672,-3225.1714809834957,-0.0018598182608805672,negative,negative,positive,False,0.0577338441229788,False,0.0,0.0577338441229788,0.5023978779507471,False,p<100M,0.50-0.55,0.50-1.00
784,109517449,109517448,109517449,1,18.511594446123887,17.511594446123887,18.51159444451332,1.6105659028653463e-09,0.05110201633932668,-5817.585266903043,-5800.0736724585295,-0.0016173506824434002,-5800.0736724585295,-0.0016173506824434002,negative,negative,positive,False,0.054757713314497,False,0.0,0.054757713314497,0.5023883775591869,False,100M<=p<500M,0.50-0.55,>=1.00
785,30423473,30423472,30423473,1,17.230725006589036,16.230725006589036,17.23072500526905,1.3199858983625745e-09,0.05466770181755457,-3138.7041885070503,-3122.473463501781,-0.00190672147808233,-3122.473463501781,-0.00190672147808233,negative,negative,positive,False,0.0593544515613056,False,0.0,0.0593544515613056,0.5023845321745359,False,p<100M,0.50-0.55,>=1.00
786,179410691,179410690,179410691,1,19.00518809890144,18.00518809890144,19.00518810749054,-8.58910098600063e-09,0.049848640469352896,-7314.0564722418785,-7296.051284134388,-0.001508062615406524,-7296.051284134388,-0.001508062615406524,negative,negative,positive,False,0.0536146024132842,False,0.0,0.0536146024132842,0.502384897036135,False,100M<=p<500M,0.50-0.55,>=1.00
787,179663243,179663242,179663243,1,19.00659478436497,18.00659478436497,19.00659477710724,7.257732193011179e-09,0.049845156039952467,-7334.763407170773,-7316.756812393665,-0.001511055346154907,-7316.756812393665,-0.001511055346154907,negative,negative,positive,False,0.0536805356077712,False,0.0,0.0536805356077712,0.5023692330099255,False,100M<=p<500M,0.50-0.55,>=1.00
788,33902543,33902542,33902543,1,17.339000584286474,16.339000584286474,17.339000582695007,1.5914665141281148e-09,0.0543472240198106,-3281.5291272848845,-3265.1901267021894,-0.0018652807763670882,-3265.1901267021894,-0.0018652807763670882,negative,negative,positive,False,0.0582634791934014,False,0.0,0.0582634791934014,0.5023676178292374,False,p<100M,0.50-0.55,0.50-1.00
789,30400081,30400080,30400081,1,17.229955830846585,16.229955830846585,17.229955829679966,1.1666188015624357e-09,0.054669991913176674,-3111.0410080626607,-3094.8110522329807,-0.0018907253213984751,-3094.8110522329807,-0.0018907253213984751,negative,negative,positive,False,0.0584791030093198,False,0.0,0.0584791030093198,0.5023638029948904,False,p<100M,0.50-0.55,0.50-1.00
790,108548801,108548800,108548801,1,18.502710408626463,17.502710408626463,18.50271040201187,6.614591541165282e-09,0.05112515103339828,-5760.589931622148,-5743.087221220136,-0.0016101346402109826,-5743.087221220136,-0.0016101346402109826,negative,negative,positive,False,0.0550239769450118,False,0.0,0.0550239769450118,0.5023600352456191,False,100M<=p<500M,0.50-0.55,>=1.00
791,109515877,109515876,109515877,1,18.5115800921438,17.5115800921438,18.51158009469509,-2.5512925105886097e-09,0.05110205370133281,-5800.558602154255,-5783.04702205956,-0.001612616875108652,-5783.04702205956,-0.001612616875108652,negative,negative,positive,False,0.0549357814860258,False,0.0,0.0549357814860258,0.5023592305918012,False,100M<=p<500M,0.50-0.55,>=1.00
792,3281233,3281232,3281233,1,15.003729824356268,14.003729824356268,15.003729824442416,-8.614797764039395e-11,0.062207858788179006,-1089.7420964171179,-1075.7383665926754,-0.0026380902729551854,-1075.7383665926754,-0.0026380902729551854,negative,negative,positive,False,0.0668612257977394,False,0.0,0.0668612257977394,0.5023551796729578,False,p<100M,0.50-0.55,0.50-1.00
793,30819821,30819820,30819821,1,17.243668579922442,16.243668579922442,17.24366857856512,1.357321366413089e-09,0.054629193069581576,-3134.014432851225,-3117.77076427266,-0.0018887296142630885,-3117.77076427266,-0.0018887296142630885,negative,negative,positive,False,0.0585918386816566,False,0.0,0.0585918386816566,0.5023456833625849,False,p<100M,0.50-0.55,>=1.00
794,40869523,40869522,40869523,1,17.525895184319918,16.525895184319918,17.525895185768604,-1.4486865040908015e-09,0.053802762353067766,-3622.996674492955,-3606.4707793071866,-0.0018366322808026794,-3606.4707793071866,-0.0018366322808026794,negative,negative,positive,False,0.0579407179303479,False,0.0,0.0579407179303479,0.5023402034718168,False,p<100M,0.50-0.55,>=1.00
795,109516811,109516810,109516811,1,18.51158862055121,17.51158862055121,18.511588618159294,2.3919142222439405e-09,0.05110203150271595,-5808.979379937053,-5791.467791318893,-0.0016149566527444174,-5791.467791318893,-0.0016149566527444174,negative,negative,positive,False,0.0550972136041918,False,0.0,0.0550972136041918,0.5023349837402616,False,100M<=p<500M,0.50-0.55,>=1.00
796,109773007,109773006,109773007,1,18.51392521892955,17.51392521892955,18.513925224542618,-5.613067344256706e-09,0.05109595028763065,-5806.933934897184,-5789.420009672642,-0.001612093648627295,-5789.420009672642,-0.001612093648627295,negative,negative,positive,False,0.0537023351121069,False,0.0,0.0537023351121069,0.5023332459441281,False,100M<=p<500M,0.50-0.55,0.25-0.50
797,33411431,33411430,33411431,1,17.324408644903276,16.324408644903276,17.324408646672964,-1.769688395825142e-09,0.054390195438403593,-3264.308965999633,-3247.98455735296,-0.001872188524290707,-3247.98455735296,-0.001872188524290707,negative,negative,positive,False,0.0588318641221281,False,0.0,0.0588318641221281,0.5023228759016906,False,p<100M,0.50-0.55,>=1.00
798,3280793,3280792,3280793,1,15.003595719431765,14.003595719431765,15.003595719579607,-1.4784262702960405e-10,0.06220837510769579,-1099.8520320425741,-1085.8484363229945,-0.0026631098983758766,-1085.8484363229945,-0.0026631098983758766,negative,negative,positive,False,0.0676751651816931,False,0.0,0.0676751651816931,0.5023200132724444,False,p<100M,0.50-0.55,>=1.00
799,109494367,109494366,109494367,1,18.511383662975224,17.511383662975224,18.511383667588234,-4.613010418097474e-09,0.051102564992714136,-5800.901308387518,-5783.38992471993,-0.0016129051234013995,-5783.38992471993,-0.0016129051234013995,negative,negative,positive,False,0.0544354326344731,False,0.0,0.0544354326344731,0.5023143654207478,False,100M<=p<500M,0.50-0.55,0.50-1.00
800,109588943,109588942,109588943,1,18.512247042352456,17.512247042352456,18.512247040867805,1.484650624661299e-09,0.05110031775266914,-5818.553098902106,-5801.0408518612385,-0.0016169786301423157,-5801.0408518612385,-0.0016169786301423157,negative,negative,positive,False,0.0551859703215391,False,0.0,0.0551859703215391,0.5023057204861515,False,100M<=p<500M,0.50-0.55,>=1.00
801,12776243,12776242,12776243,1,16.363097988733678,15.363097988733678,16.363097988069057,6.646203587479249e-10,0.057378308121820744,-2061.4711855575442,-2046.1080875694752,-0.002137942044156281,-2046.1080875694752,-0.002137942044156281,negative,negative,positive,False,0.0615826442165738,False,0.0,0.0615826442165738,0.5023052893695541,False,p<100M,0.50-0.55,0.50-1.00
802,30417553,30417552,30417553,1,17.23053040106024,16.23053040106024,17.23053039982915,1.2310898966916284e-09,0.05466828120580034,-3111.578991442919,-3095.3484610430896,-0.001890384369170171,-3095.3484610430896,-0.001890384369170171,negative,negative,positive,False,0.0580181511169566,False,0.0,0.0580181511169566,0.5023042333686963,False,p<100M,0.50-0.55,0.50-1.00
803,33925471,33925470,33925471,1,17.33967664715552,16.33967664715552,17.339676648378372,-1.22285115367049e-09,0.054345234738808305,-3304.259774968028,-3287.9200983196497,-0.001877484339600181,-3287.9200983196497,-0.001877484339600181,negative,negative,positive,False,0.0580579226831622,False,0.0,0.0580579226831622,0.5022824992174315,False,p<100M,0.50-0.55,0.50-1.00
804,178898003,178898002,178898003,1,19.00232638575594,18.00232638575594,19.002326399087906,-1.3331966641771942e-08,0.04985573057284723,-7309.534825086594,-7291.532498687506,-0.0015097412556338591,-7291.532498687506,-0.0015097412556338591,negative,negative,positive,False,0.0527469382777879,False,0.0,0.0527469382777879,0.5022808379894583,False,100M<=p<500M,0.50-0.55,0.50-1.00
805,109709983,109709982,109709983,1,18.51335092383969,17.51335092383969,18.513350918889046,4.95064256256228e-09,0.05109744481047303,-5803.3636819422245,-5785.8503310233355,-0.0016116623278484043,-5785.8503310233355,-0.0016116623278484043,negative,negative,positive,False,0.0550647003640815,False,0.0,0.0550647003640815,0.5022671763005117,False,100M<=p<500M,0.50-0.55,>=1.00
806,108585227,108585226,108585227,1,18.50304592490346,17.50304592490346,18.503045931458473,-6.555012532771798e-09,0.05112427694487105,-5754.424767822027,-5736.921721890569,-0.0016080779570984138,-5736.921721890569,-0.0016080779570984138,negative,negative,positive,False,0.0543407069590195,False,0.0,0.0543407069590195,0.5022584992767167,False,100M<=p<500M,0.50-0.55,0.50-1.00
807,109720099,109720098,109720099,1,18.513443126330024,17.513443126330024,18.513443127274513,-9.444889315091132e-10,0.051097204860486765,-5829.562171980739,-5812.048728853464,-0.0016188691943034086,-5812.048728853464,-0.0016188691943034086,negative,negative,positive,False,0.0549238276792854,False,0.0,0.0549238276792854,0.502254505408402,False,100M<=p<500M,0.50-0.55,>=1.00
808,604691687,604691686,604691687,1,20.22022927783623,19.22022927783623,20.220229268074036,9.762192831885841e-09,0.047009584488284455,-13244.284814953804,-13225.06458568573,-0.001315402463905744,-13225.06458568573,-0.001315402463905744,negative,negative,positive,False,0.0491088496551064,False,0.0,0.0491088496551064,0.5022509702767343,True,p>=500M,0.50-0.55,0.25-0.50
809,33492971,33492970,33492971,1,17.32684615388429,16.32684615388429,17.32684615254402,1.3402683407548466e-09,0.05438301257548747,-3269.8836680985987,-3253.5568219460547,-0.0018725892272479251,-3253.5568219460547,-0.0018725892272479251,negative,negative,positive,False,0.0587843967905765,False,0.0,0.0587843967905765,0.5022504552543471,False,p<100M,0.50-0.55,>=1.00
810,604693769,604693768,604693769,1,20.22023272090724,19.22023272090724,20.220232725143433,-4.236191841755499e-09,0.04700957690003639,-13263.82125556469,-13244.601022839546,-0.0013173428969147551,-13244.601022839546,-0.0013173428969147551,negative,negative,positive,False,0.0503376269382549,False,0.0,0.0503376269382549,0.5022476286260278,True,p>=500M,0.50-0.55,>=1.00
811,33844121,33844120,33844121,1,17.33727586424765,16.33727586424765,17.337275862693787,1.5538645925516903e-09,0.054352299578741645,-3306.3934110552073,-3290.0561351925135,-0.0018814815732001791,-3290.0561351925135,-0.0018814815732001791,negative,negative,positive,False,0.0585494753453541,False,0.0,0.0585494753453541,0.5022461502435527,False,p<100M,0.50-0.55,>=1.00
812,30419107,30419106,30419107,1,17.230581488677487,16.230581488677487,17.230581488460302,2.1718449261243222e-10,0.05466812910428773,-3114.8291157595813,-3098.598534271121,-0.0018923096877922487,-3098.598534271121,-0.0018923096877922487,negative,negative,positive,False,0.0587260679523749,False,0.0,0.0587260679523749,0.5022442363017892,False,p<100M,0.50-0.55,>=1.00
813,40395413,40395412,40395413,1,17.51422679688131,16.51422679688131,17.51422679424286,2.6384512352706224e-09,0.05383643656691454,-3624.387413851917,-3607.873187057674,-0.0018505605485994823,-3607.873187057674,-0.0018505605485994823,negative,negative,positive,False,0.0577659682430466,False,0.0,0.0577659682430466,0.5022382020022164,False,p<100M,0.50-0.55,>=1.00
814,17640283,17640282,17640283,1,16.68569565149813,15.68569565149813,16.68569565191865,-4.205205073049001e-10,0.05633978024381011,-2387.0893042460084,-2371.4036085940897,-0.002027981863917435,-2371.4036085940897,-0.002027981863917435,negative,negative,positive,False,0.0603442256773584,False,0.0,0.0603442256773584,0.5022368763561069,False,p<100M,0.50-0.55,0.50-1.00
815,179434153,179434152,179434153,1,19.005318862937354,18.005318862937354,19.005318850278854,1.2658500025963804e-08,0.049848316539907754,-7342.578005045652,-7324.5726861953735,-0.001513838053108625,-7324.5726861953735,-0.001513838053108625,negative,negative,positive,False,0.0538741721336456,False,0.0,0.0538741721336456,0.5022353813456373,False,100M<=p<500M,0.50-0.55,>=1.00
816,3454793,3454792,3454793,1,15.055273100219722,14.055273100219722,15.055273100268096,-4.837374945054762e-11,0.06201004016638134,-1100.6155510572717,-1086.5602779570036,-0.0025790842709218706,-1086.5602779570036,-0.0025790842709218706,negative,negative,positive,False,0.0663843003850636,False,0.0,0.0663843003850636,0.5022292735539727,False,p<100M,0.50-0.55,0.50-1.00
817,30802217,30802216,30802217,1,17.24309722587281,16.24309722587281,17.243097227066755,-1.1939462751797691e-09,0.054630891779617045,-3135.5090147964656,-3119.265917569399,-0.001890300537896697,-3119.265917569399,-0.001890300537896697,negative,negative,positive,False,0.0585321383384456,False,0.0,0.0585321383384456,0.5022240599346014,False,p<100M,0.50-0.55,0.50-1.00
818,31020079,31020078,31020079,1,17.25014526245346,16.25014526245346,17.2501452639699,-1.516436753945527e-09,0.05460994440018698,-3190.024972744286,-3173.774827480316,-0.0019150016315085763,-3173.774827480316,-0.0019150016315085763,negative,negative,positive,False,0.0594310936382445,False,0.0,0.0594310936382445,0.5022063326812921,False,p<100M,0.50-0.55,>=1.00
819,1185749,1185748,1185749,1,13.98588520039138,12.98588520039138,13.985885200323537,6.784262041037437e-11,0.06638831424010652,-684.222939313855,-671.2370541135315,-0.0031513716296661565,-671.2370541135315,-0.0031513716296661565,negative,negative,positive,False,0.0716117424653728,False,0.0,0.0716117424653728,0.5021827367550067,False,p<100M,0.50-0.55,0.50-1.00
820,33904331,33904330,33904331,1,17.3390533223024,16.3390533223024,17.339053325355053,-3.0526514649409364e-09,0.054347068835635316,-3300.9483955577016,-3284.6093422323465,-0.00187631335516372,-3284.6093422323465,-0.00187631335516372,negative,negative,positive,False,0.0579569097919857,False,0.0,0.0579569097919857,0.5021873226376438,False,p<100M,0.50-0.55,0.50-1.00
821,179381039,179381038,179381039,1,19.0050228108104,18.0050228108104,19.005022823810577,-1.3000178711308763e-08,0.04984904992799533,-7310.0219359993935,-7292.016913175583,-0.0015073795160407144,-7292.016913175583,-0.0015073795160407144,negative,negative,positive,False,0.0529985614028999,False,0.0,0.0529985614028999,0.5021820190557328,False,100M<=p<500M,0.50-0.55,0.50-1.00
822,179603471,179603470,179603471,1,19.00626203992625,18.00626203992625,19.00626203417778,5.7484683679831505e-09,0.04984598022053489,-7337.977040559053,-7319.970778524876,-0.0015120235637566307,-7319.970778524876,-0.0015120235637566307,negative,negative,positive,False,0.0536815582664552,False,0.0,0.0536815582664552,0.5021765173378133,False,100M<=p<500M,0.50-0.55,>=1.00
823,30406001,30406000,30406001,1,17.230150548211164,16.230150548211164,17.230150546878576,1.3325873737812799e-09,0.054669412155846135,-3138.3627203814685,-3122.13256983459,-0.0019071881642276902,-3122.13256983459,-0.0019071881642276902,negative,negative,positive,False,0.0593466964714865,False,0.0,0.0593466964714865,0.5021655921274145,False,p<100M,0.50-0.55,>=1.00
824,179394233,179394232,179394233,1,19.00509636102991,18.00509636102991,19.005096346139908,1.4890002120182544e-08,0.04984886772545635,-7352.52005982399,-7334.51496347785,-0.0015160970693553913,-7334.51496347785,-0.0015160970693553913,negative,negative,positive,False,0.0535472114495682,False,0.0,0.0535472114495682,0.5021557530006571,False,100M<=p<500M,0.50-0.55,>=1.00
825,179410591,179410590,179410591,1,19.005187541520904,18.005187541520904,19.005187541246414,2.744897642514843e-10,0.049848641850108254,-7309.082410603762,-7291.077223062515,-0.0015070350066352445,-7291.077223062515,-0.0015070350066352445,negative,negative,positive,False,0.0534232251378626,False,0.0,0.0534232251378626,0.5021404288788893,False,100M<=p<500M,0.50-0.55,>=1.00
826,604810681,604810680,604810681,1,20.22042604305725,19.22042604305725,20.220426082611084,-3.9553832209549e-08,0.047009150837682125,-13241.660863161087,-13222.440437078476,-0.0013149864852773326,-13222.440437078476,-0.0013149864852773326,negative,negative,positive,False,0.0501523170498039,False,0.0,0.0501523170498039,0.5021392180433815,True,p>=500M,0.50-0.55,>=1.00
827,31018847,31018846,31018847,1,17.25010554545384,16.25010554545384,17.250105544924736,5.291056481837586e-10,0.054610062397760804,-3182.7837617248297,-3166.533656179905,-0.0019106791731917524,-3166.533656179905,-0.0019106791731917524,negative,negative,positive,False,0.0593598199872785,False,0.0,0.0593598199872785,0.5021329198051343,False,p<100M,0.50-0.55,>=1.00
828,30355397,30355396,30355397,1,17.2284848850314,16.2284848850314,17.228484883904457,1.1269420951975917e-09,0.054674371947055725,-3136.882209710777,-3120.6537248268723,-0.0019082419984904305,-3120.6537248268723,-0.0019082419984904305,negative,negative,positive,False,0.0592740371209023,False,0.0,0.0592740371209023,0.5021168607610668,False,p<100M,0.50-0.55,>=1.00
829,1507091,1507090,1507091,1,14.225691860656145,13.225691860656145,14.225691860541701,1.1444356573520054e-10,0.06535391447296976,-756.0616806494072,-742.8359887888655,-0.002990035904627615,-742.8359887888655,-0.002990035904627615,negative,negative,positive,False,0.069946484813987,False,0.0,0.069946484813987,0.5021043805516652,False,p<100M,0.50-0.55,0.50-1.00
830,108592873,108592872,108592873,1,18.503116337159607,17.503116337159607,18.503116339445114,-2.2855068948501867e-09,0.051124093510322335,-5758.652588322759,-5741.149471983314,-0.001609194106969477,-5741.149471983314,-0.001609194106969477,negative,negative,positive,False,0.0539425138851413,False,0.0,0.0539425138851413,0.5021018816054793,False,100M<=p<500M,0.50-0.55,0.50-1.00
831,108531679,108531678,108531679,1,18.502552660679388,17.502552660679388,18.502552658319473,2.3599149301389843e-09,0.051125562009357944,-5753.524532586336,-5736.021979928017,-0.0016083080959985083,-5736.021979928017,-0.0016083080959985083,negative,negative,positive,False,0.0537885048618473,False,0.0,0.0537885048618473,0.5020855236243483,False,100M<=p<500M,0.50-0.55,0.25-0.50
832,179380633,179380632,179380633,1,19.0050205474694,18.0050205474694,19.005020558834076,-1.1364676311131916e-08,0.0498490555348858,-7322.132411062717,-7304.127390503883,-0.0015098850186883695,-7304.127390503883,-0.0015098850186883695,negative,negative,positive,False,0.0536472988717289,False,0.0,0.0536472988717289,0.5020831132869386,False,100M<=p<500M,0.50-0.55,>=1.00
833,187449623,187449622,187449623,1,19.049020689941184,18.049020689941184,19.049020677804947,1.2136236904325415e-08,0.04974029260689059,-7470.666572064161,-7452.617551386356,-0.00150010356199899,-7452.617551386356,-0.00150010356199899,negative,negative,positive,False,0.0533469583478093,False,0.0,0.0533469583478093,0.5020812578250295,False,100M<=p<500M,0.50-0.55,>=1.00
834,3439333,3439332,3439333,1,15.05078811520061,14.05078811520061,15.050788115244359,-4.374811624074937e-11,0.062027203455851006,-1100.043414405547,-1085.9926262903027,-0.002585063880119385,-1085.9926262903027,-0.002585063880119385,negative,negative,positive,False,0.0667417119043933,False,0.0,0.0667417119043933,0.5020720408413188,False,p<100M,0.50-0.55,0.50-1.00
835,30811943,30811942,30811943,1,17.243412932524684,16.243412932524684,17.24341293424368,-1.7189947243423376e-09,0.054629953129602164,-3136.3117042779922,-3120.0682913437486,-0.0018904191148975068,-3120.0682913437486,-0.0018904191148975068,negative,negative,positive,False,0.0585590592521217,False,0.0,0.0585590592521217,0.5020625098122431,False,p<100M,0.50-0.55,0.50-1.00
836,1189553,1189552,1189553,1,13.989088164268896,12.989088164268896,13.989088164176792,9.210410212290299e-11,0.06637428412852102,-725.5901878133882,-712.6010996492114,-0.0033386875325008966,-712.6010996492114,-0.0033386875325008966,negative,negative,positive,False,0.0738165199461072,False,0.0,0.0738165199461072,0.5020479974203107,False,p<100M,0.50-0.55,>=1.00
837,30775181,30775180,30775181,1,17.242219111414734,16.242219111414734,17.242219112813473,-1.3987389024805452e-09,0.0546335027333908,-3135.997828003019,-3119.7556088902056,-0.001891620216234418,-3119.7556088902056,-0.001891620216234418,negative,negative,positive,False,0.0575277906754467,False,0.0,0.0575277906754467,0.5020505070297225,False,p<100M,0.50-0.55,0.25-0.50
838,31040293,31040292,31040293,1,17.25079669266773,16.25079669266773,17.25079669430852,-1.6407888381309021e-09,0.05460800910024438,-3186.4710000678897,-3170.220203373581,-0.0019120894689293676,-3170.220203373581,-0.0019120894689293676,negative,negative,positive,False,0.0583320902109802,False,0.0,0.0583320902109802,0.5020439065913113,False,p<100M,0.50-0.55,0.50-1.00
839,109706111,109706110,109706111,1,18.513315630166108,17.513315630166108,18.51331563293934,-2.773230534103277e-09,0.05109753666017527,-5800.650294363499,-5783.136978730559,-0.001610941086948405,-5783.136978730559,-0.001610941086948405,negative,negative,positive,False,0.0544823672840614,False,0.0,0.0544823672840614,0.5020362233447481,False,100M<=p<500M,0.50-0.55,0.50-1.00
840,3293167,3293166,3293167,1,15.007360273707592,14.007360273707592,15.007360273506492,2.0109958143166295e-10,0.062193884373694705,-1109.3296966990456,-1095.322336425539,-0.002679948507948093,-1095.322336425539,-0.002679948507948093,negative,negative,positive,False,0.0681897010081382,False,0.0,0.0681897010081382,0.5020246869834722,False,p<100M,0.50-0.55,>=1.00
841,109442429,109442428,109442429,1,18.51090920640216,17.51090920640216,18.51090919971466,6.687500331281626e-09,0.051103800012023415,-5805.1800873577595,-5787.669178158045,-0.0016145642647394092,-5787.669178158045,-0.0016145642647394092,negative,negative,positive,False,0.0545916136692518,False,0.0,0.0545916136692518,0.5020269598387852,False,100M<=p<500M,0.50-0.55,>=1.00
842,179148029,179148028,179148029,1,19.003722999701044,18.003722999701044,19.003722995519638,4.181405444114716e-09,0.04985227010863529,-7312.6839735507965,-7294.680250555277,-0.0015091168213106465,-7294.680250555277,-0.0015091168213106465,negative,negative,positive,False,0.0529334073685359,False,0.0,0.0529334073685359,0.5020247279161898,False,100M<=p<500M,0.50-0.55,0.50-1.00
843,1518427,1518426,1518427,1,14.233185488555364,13.233185488555364,14.233185488497838,5.752553988713771e-11,0.06532210654582274,-793.8859492947813,-780.6527638062835,-0.0031272076835304535,-780.6527638062835,-0.0031272076835304535,negative,negative,positive,False,0.0720703082374865,False,0.0,0.0720703082374865,0.5020163824744858,False,p<100M,0.50-0.55,>=1.00
844,7108613,7108612,7108613,1,15.776817705393524,14.776817705393524,15.776817705482244,-8.872014234384551e-11,0.05936658956809129,-1548.276535101235,-1533.4997173957527,-0.0023107472753475006,-1533.4997173957527,-0.0023107472753475006,negative,negative,positive,False,0.0639845617092927,False,0.0,0.0639845617092927,0.5020209562906305,False,p<100M,0.50-0.55,0.50-1.00
845,30819511,30819510,30819511,1,17.243658521409802,16.243658521409802,17.243658520281315,1.12848752564787e-09,0.05462922297394066,-3134.400365665555,-3118.1567071452737,-0.0018889751203295967,-3118.1567071452737,-0.0018889751203295967,negative,negative,positive,False,0.0584555384497958,False,0.0,0.0584555384497958,0.5020138549570189,False,p<100M,0.50-0.55,0.50-1.00
846,1510391,1510390,1510391,1,14.22787911566918,13.22787911566918,14.227879115613177,5.6003202075771696e-11,0.06534462713252351,-755.4364340247121,-742.2085549090989,-0.0029833274766524094,-742.2085549090989,-0.0029833274766524094,negative,negative,positive,False,0.0698496571702368,False,0.0,0.0698496571702368,0.502009644981739,False,p<100M,0.50-0.55,0.25-0.50
847,17594219,17594218,17594219,1,16.683080940142546,15.683080940142546,16.683080941438675,-1.2961294260094292e-09,0.05634804725926188,-2388.743308786303,-2373.060227844864,-0.002032690466407239,-2373.060227844864,-0.002032690466407239,negative,negative,positive,False,0.0602853522506817,False,0.0,0.0602853522506817,0.5020066604775074,False,p<100M,0.50-0.55,0.50-1.00
848,187509781,187509780,187509781,1,19.049341567347508,18.049341567347508,19.049341559410095,7.93741250504354e-09,0.04973950117466601,-7490.3971991837025,-7472.347857624292,-0.0015037830309605439,-7472.347857624292,-0.0015037830309605439,negative,negative,positive,False,0.0535126337722001,False,0.0,0.0535126337722001,0.5020028851744855,False,100M<=p<500M,0.50-0.55,>=1.00
849,30405577,30405576,30405577,1,17.230136603498202,16.230136603498202,17.23013660311699,3.8121328316265135e-10,0.054669453674846394,-3110.6559735536575,-3094.4258369505405,-0.0018902794486162138,-3094.4258369505405,-0.0018902794486162138,negative,negative,positive,False,0.0584289519707461,False,0.0,0.0584289519707461,0.5020011266299674,False,p<100M,0.50-0.55,0.50-1.00
850,30419423,30419422,30419423,1,17.230591876831177,16.230591876831177,17.230591878294945,-1.4637677736573096e-09,0.0546680981760764,-3120.678562171757,-3104.4479702934623,-0.0018958697966596147,-3104.4479702934623,-0.0018958697966596147,negative,negative,positive,False,0.0588391093536454,False,0.0,0.0588391093536454,0.5019886117002118,False,p<100M,0.50-0.55,>=1.00
851,109638391,109638390,109638391,1,18.51269815399019,17.51269815399019,18.512698158621788,-4.631598216064958e-09,0.05109914365870602,-5819.7359192073345,-5802.223221048713,-0.001616864649494002,-5802.223221048713,-0.001616864649494002,negative,negative,positive,False,0.0552138610279271,False,0.0,0.0552138610279271,0.5019868057728374,False,100M<=p<500M,0.50-0.55,>=1.00
852,40840829,40840828,40840829,1,17.52519284978146,16.52519284978146,17.525192849338055,4.434070888237329e-10,0.05380478805867035,-3635.8398878648877,-3619.3146950155497,-0.0018439683403252837,-3619.3146950155497,-0.0018439683403252837,negative,negative,positive,False,0.0581785538517203,False,0.0,0.0581785538517203,0.5019861651758065,False,p<100M,0.50-0.55,>=1.00
853,108531433,108531432,108531433,1,18.5025503940575,17.5025503940575,18.502550393342972,7.145288805077143e-10,0.051125567914567425,-5785.062803223729,-5767.560252830386,-0.0016171532582241613,-5767.560252830386,-0.0016171532582241613,negative,negative,positive,False,0.0552671935291183,False,0.0,0.0552671935291182,0.5019860496529499,False,100M<=p<500M,0.50-0.55,>=1.00
854,109722043,109722042,109722043,1,18.51346084398428,17.51346084398428,18.513460844755173,-7.708926830218843e-10,0.0510971587518929,-5792.622759416699,-5775.109298571944,-0.001608562876340017,-5775.109298571944,-0.001608562876340017,negative,negative,positive,False,0.0547359397556698,False,0.0,0.0547359397556698,0.5019784508959252,False,100M<=p<500M,0.50-0.55,>=1.00
855,17590231,17590230,17590231,1,16.682854249089136,15.682854249089136,16.682854250073433,-9.842970882800728e-10,0.056348764109282835,-2421.338579658419,-2405.6557254083455,-0.0020609003491825935,-2405.6557254083455,-0.0020609003491825935,negative,negative,positive,False,0.0613662107477397,False,0.0,0.0613662107477397,0.5019759919035763,False,p<100M,0.50-0.55,>=1.00
856,12895819,12895818,12895819,1,16.372413708270248,15.372413708270248,16.372413707897067,3.731805975348834e-10,0.057347784366749234,-2070.9946509655565,-2055.6222372576594,-0.0021354697430911117,-2055.6222372576594,-0.0021354697430911117,negative,negative,positive,False,0.0616168261681965,False,0.0,0.0616168261681965,0.5019748272974127,False,p<100M,0.50-0.55,0.50-1.00
857,604712203,604712202,604712203,1,20.220263205294494,19.220263205294494,20.220263242721558,-3.74270641145813e-08,0.04700950971503633,-13236.735036969185,-13217.514773726463,-0.0013146248253608868,-13217.514773726463,-0.0013146248253608868,negative,negative,positive,False,0.0492150762316946,False,0.0,0.0492150762316946,0.5019639799900718,True,p>=500M,0.50-0.55,0.25-0.50
858,179382757,179382756,179382757,1,19.005032388142443,18.005032388142443,19.005032390356064,-2.2136212862733373e-09,0.049849026202440805,-7317.569461017847,-7299.564428627491,-0.0015089309646926182,-7299.564428627491,-0.0015089309646926182,negative,negative,positive,False,0.0535747962963188,False,0.0,0.0535747962963188,0.5019590944435205,False,100M<=p<500M,0.50-0.55,>=1.00
859,1509019,1509018,1509019,1,14.226970328790664,13.226970328790664,14.226970328716561,7.410250191242085e-11,0.06534848562943321,-763.4996178802103,-750.2726475514937,-0.0030174974258143725,-750.2726475514937,-0.0030174974258143725,negative,negative,positive,False,0.0709615737150018,False,0.0,0.0709615737150018,0.5019522389659216,False,p<100M,0.50-0.55,0.50-1.00
860,7102489,7102488,7102489,1,15.77595584395884,14.77595584395884,15.775955843739212,2.1962875962344697e-10,0.059369613347746715,-1545.5100972661749,-1530.7341414224356,-0.0023078263083462706,-1530.7341414224356,-0.0023078263083462706,negative,negative,positive,False,0.0636864195243564,False,0.0,0.0636864195243564,0.5019404845960752,False,p<100M,0.50-0.55,0.50-1.00
861,30402013,30402012,30402013,1,17.23001938128946,16.23001938128946,17.230019383132458,-1.8429986425871903e-09,0.05466980269483316,-3113.282522916794,-3097.0525035336614,-0.0018920206224854476,-3097.0525035336614,-0.0018920206224854476,negative,negative,positive,False,0.0584739115607995,False,0.0,0.0584739115607995,0.5019362998613011,False,p<100M,0.50-0.55,0.50-1.00
862,39641179,39641178,39641179,1,17.495379009667914,16.495379009667914,17.495379008352757,1.3151577604730846e-09,0.05389091881934758,-3534.665053240955,-3518.169674232602,-0.0018255628485555632,-3518.169674232602,-0.0018255628485555632,negative,negative,positive,False,0.0577647807069204,False,0.0,0.0577647807069204,0.5019309837109642,False,p<100M,0.50-0.55,>=1.00
863,109726417,109726416,109726417,1,18.513500707558627,17.513500707558627,18.513500705361366,2.197261039782461e-09,0.0510970550108466,-5815.955017268658,-5798.441516563296,-0.0016150225408673518,-5798.441516563296,-0.0016150225408673518,negative,negative,positive,False,0.0547346133640878,False,0.0,0.0547346133640878,0.5019256745941104,False,100M<=p<500M,0.50-0.55,>=1.00
864,12830303,12830302,12830303,1,16.367320352836725,15.367320352836725,16.36732035316527,-3.285443028744339e-10,0.05736446917758749,-2067.1654238067567,-2051.7981034535915,-0.0021382624137574902,-2051.7981034535915,-0.0021382624137574902,negative,negative,positive,False,0.061618925562123,False,0.0,0.061618925562123,0.501914878895295,False,p<100M,0.50-0.55,0.50-1.00
865,33864067,33864066,33864067,1,17.337865039683184,16.337865039683184,17.33786503970623,-2.304645363437885e-11,0.05435056562907844,-3279.50695604831,-3263.1690910086036,-0.0018654292629848113,-3263.1690910086036,-0.0018654292629848113,negative,negative,positive,False,0.0578379832097438,False,0.0,0.0578379832097438,0.5019093323876754,False,p<100M,0.50-0.55,0.50-1.00
866,31025143,31025142,31025143,1,17.250308498230464,16.250308498230464,17.250308498740196,-5.097327004932595e-10,0.05460945943873271,-3199.7079326324165,-3183.4576241336763,-0.0019206509472304322,-3183.4576241336763,-0.0019206509472304322,negative,negative,positive,False,0.0595441933396197,False,0.0,0.0595441933396197,0.5019042848400713,False,p<100M,0.50-0.55,>=1.00
867,30801877,30801876,30801877,1,17.243086187645382,16.243086187645382,17.2430861890316,-1.3862191394764523e-09,0.054630924598741165,-3157.613919220865,-3141.370833031833,-0.0019037092406846696,-3141.370833031833,-0.0019037092406846696,negative,negative,positive,False,0.0578221710482515,False,0.0,0.0578221710482515,0.5018945601204842,False,p<100M,0.50-0.55,0.50-1.00
868,359167,359166,359167,1,12.791542740365744,11.791542740365744,12.791542740364093,1.6502355038028327e-12,0.07206506404784746,-385.77508364990354,-373.98354090953944,-0.0038138044670236976,-373.98354090953944,-0.0038138044670236976,negative,negative,positive,False,0.0770398696559618,False,0.0,0.0770398696559618,0.5018825207249691,False,p<100M,0.50-0.55,0.25-0.50
869,33388841,33388840,33388841,1,17.323732300326082,16.323732300326082,17.323732301592827,-1.2667449311720702e-09,0.05439218882864475,-3264.9053776413202,-3248.5816453397274,-0.0018733123060872766,-3248.5816453397274,-0.0018733123060872766,negative,negative,positive,False,0.0589455636856937,False,0.0,0.0589455636856937,0.5018913821754896,False,p<100M,0.50-0.55,>=1.00
870,604866473,604866472,604866473,1,20.220518285850886,19.220518285850886,20.220518231391907,5.445897954814427e-08,0.04700894754666118,-13245.378025054932,-13226.15750682354,-0.001315283487044469,-13226.15750682354,-0.001315283487044469,negative,negative,positive,False,0.0491519986144946,False,0.0,0.0491519986144945,0.5018732707801632,True,p>=500M,0.50-0.55,0.25-0.50
871,33921259,33921258,33921259,1,17.33955248494445,16.33955248494445,17.339552484452724,4.917239948554197e-10,0.054345600069001604,-3305.786265000701,-3289.446712516248,-0.0018784995906161938,-3289.446712516248,-0.0018784995906161938,negative,negative,positive,False,0.0589072212043223,False,0.0,0.0589072212043223,0.5018654902723987,False,p<100M,0.50-0.55,>=1.00
872,604685567,604685566,604685567,1,20.22021915692486,19.22021915692486,20.220219135284424,2.1640435221570442e-08,0.04700960679396292,-13251.012771129608,-13231.792551994324,-0.0013160796239564208,-13231.792551994324,-0.0013160796239564208,negative,negative,positive,False,0.0499192156985863,False,0.0,0.0499192156985863,0.5018560490010053,True,p>=500M,0.50-0.55,>=1.00
873,30649621,30649620,30649621,1,17.238130854854056,16.238130854854056,17.23813085630536,-1.4513048540720774e-09,0.054645661879934956,-3153.337114647031,-3137.0989837907255,-0.0019069325043505187,-3137.0989837907255,-0.0019069325043505187,negative,negative,positive,False,0.0590986334793916,False,0.0,0.0590986334793916,0.5018529910978943,False,p<100M,0.50-0.55,>=1.00
874,40884703,40884702,40884703,1,17.526266541273976,16.526266541273976,17.526266537606716,3.6672602732323867e-09,0.053801691329638655,-3625.4125837385654,-3608.8863172009587,-0.0018374433303080715,-3608.8863172009587,-0.0018374433303080715,negative,negative,positive,False,0.0579413878612287,False,0.0,0.0579413878612287,0.5018511308164824,False,p<100M,0.50-0.55,>=1.00
875,39693497,39693496,39693497,1,17.496697928713708,16.496697928713708,17.496697925031185,3.6825227311965136e-09,0.05388710272018628,-3539.5119263902307,-3523.0152284651995,-0.0018265966273527878,-3523.0152284651995,-0.0018265966273527878,negative,negative,positive,False,0.0577138689826572,False,0.0,0.0577138689826572,0.501847919159708,False,p<100M,0.50-0.55,0.50-1.00
876,108532477,108532476,108532477,1,18.502560013344283,17.502560013344283,18.502560019493103,-6.1488201197335e-09,0.05112554285353601,-5755.914596706629,-5738.412036687136,-0.0016089710438234367,-5738.412036687136,-0.0016089710438234367,negative,negative,positive,False,0.0539817996673655,False,0.0,0.0539817996673655,0.5018469792164634,False,100M<=p<500M,0.50-0.55,0.50-1.00
877,30341053,30341052,30341053,1,17.228012237940277,16.228012237940277,17.22801223769784,2.424371814413462e-10,0.054675779496175636,-3126.786328729242,-3110.5583164915442,-0.0019026227270420744,-3110.5583164915442,-0.0019026227270420744,negative,negative,positive,False,0.0589348047105401,False,0.0,0.0589348047105401,0.5018462407401496,False,p<100M,0.50-0.55,>=1.00
878,180627001,180627000,180627001,1,19.0119446949703,18.0119446949703,19.01194468140602,1.3564278589228707e-08,0.04983190847976729,-7361.111410140991,-7343.099465459585,-0.0015115934130546704,-7343.099465459585,-0.0015115934130546704,negative,negative,positive,False,0.0533332629001659,False,0.0,0.0533332629001659,0.5018462196155887,False,100M<=p<500M,0.50-0.55,>=1.00
879,30781943,30781942,30781943,1,17.24243880978879,16.24243880978879,17.242438808083534,1.705256380546416e-09,0.05463284946688241,-3139.005601719022,-3122.7631629109383,-0.0018931875768821867,-3122.7631629109383,-0.0018931875768821867,negative,negative,positive,False,0.058586881232034,False,0.0,0.058586881232034,0.5018452424605926,False,p<100M,0.50-0.55,0.50-1.00
880,18002111,18002110,18002111,1,16.705999586761717,15.705999586761717,16.705999586731195,3.0521363214575103e-11,0.05627566672964189,-2447.5219612009823,-2431.815961614251,-0.002053638768997272,-2431.815961614251,-0.002053638768997272,negative,negative,positive,False,0.0611464846554823,False,0.0,0.0611464846554823,0.5018422952617808,False,p<100M,0.50-0.55,>=1.00
881,179149097,179149096,179149097,1,19.00372896123365,18.00372896123365,19.003728955984116,5.2495359170734446e-09,0.04985225533845683,-7316.475332736969,-7298.471603780985,-0.0015098957250458099,-7298.471603780985,-0.0015098957250458099,negative,negative,positive,False,0.0523875652398403,False,0.0,0.0523875652398403,0.5018247516073068,False,100M<=p<500M,0.50-0.55,0.25-0.50
882,178894493,178894492,178894493,1,19.002306765445063,18.002306765445063,19.002306759357452,6.087610415761446e-09,0.049855779190538914,-7314.963388413191,-7296.961081653833,-0.0015108832075970747,-7296.961081653833,-0.0015108832075970747,negative,negative,positive,False,0.0529924606807178,False,0.0,0.0529924606807178,0.5018152015509254,False,100M<=p<500M,0.50-0.55,0.50-1.00
883,180640973,180640972,180640973,1,19.012022044755017,18.012022044755017,19.01202204823494,-3.4799221282355575e-09,0.049831716996080126,-7378.316167861223,-7360.304145812988,-0.0015150641102990212,-7360.304145812988,-0.0015150641102990212,negative,negative,positive,False,0.0538739677253463,False,0.0,0.0538739677253463,0.5018129463392321,False,100M<=p<500M,0.50-0.55,>=1.00
884,179412253,179412252,179412253,1,19.00519680514516,18.00519680514516,19.005196809768677,-4.623515792445687e-09,0.04984861890206399,-7317.630717486143,-7299.625520676374,-0.001508793444488961,-7299.625520676374,-0.001508793444488961,negative,negative,positive,False,0.0527759043101292,False,0.0,0.0527759043101292,0.5018023694818144,False,100M<=p<500M,0.50-0.55,0.50-1.00
885,17998069,17998068,17998069,1,16.70577503232799,15.705775032327988,16.705775033682585,-1.354596435021449e-09,0.05627637500841376,-2431.6416675150394,-2415.935892481357,-0.002040512184192062,-2415.935892481357,-0.002040512184192062,negative,negative,positive,False,0.0605791328840376,False,0.0,0.0605791328840376,0.5017908917098993,False,p<100M,0.50-0.55,>=1.00
886,59183,59182,59183,1,10.988389617470986,9.988389617470986,10.988389617472421,-1.4352963262354024e-12,0.08272320929411249,-179.03632688848302,-169.0479372710106,-0.005754972969705765,-169.0479372710106,-0.005754972969705765,negative,negative,positive,False,0.0905353629639327,False,0.0,0.0905353629639327,0.5017078376188215,False,p<100M,0.50-0.55,0.50-1.00
887,7113299,7113298,7113299,1,15.77747668854144,14.77747668854144,15.777476688846946,-3.055049546674127e-10,0.059364277779186764,-1595.7990788342431,-1581.0216021453962,-0.0023813716411812116,-1581.0216021453962,-0.0023813716411812116,negative,negative,positive,False,0.0652555822922497,False,0.0,0.0652555822922497,0.5017717031303854,False,p<100M,0.50-0.55,>=1.00
888,109814219,109814218,109814219,1,18.51430057774468,17.51430057774468,18.51430058479309,-7.048409855769933e-09,0.05109497351575652,-5806.527474910021,-5789.013174325228,-0.001611612506478676,-5789.013174325228,-0.001611612506478676,negative,negative,positive,False,0.0543812614326261,False,0.0,0.0543812614326262,0.5017732380981252,False,100M<=p<500M,0.50-0.55,0.50-1.00
889,33868033,33868032,33868033,1,17.337982148114918,16.337982148114918,17.337982147932053,1.8286527847521938e-10,0.05435022099082482,-3275.1224228292704,-3258.7844406813383,-0.0018627884824469212,-3258.7844406813383,-0.0018627884824469212,negative,negative,positive,False,0.0580902158457348,False,0.0,0.0580902158457348,0.5017677143120173,False,p<100M,0.50-0.55,0.50-1.00
890,7102801,7102800,7102801,1,15.775999771256355,14.775999771256355,15.775999771431088,-1.7473311686444504e-10,0.05936945922453164,-1557.7665180740878,-1542.9905183026567,-0.0023262407067119314,-1542.9905183026567,-0.0023262407067119314,negative,negative,positive,False,0.064466073133591,False,0.0,0.064466073133591,0.5017383357402421,False,p<100M,0.50-0.55,>=1.00
891,30642761,30642760,30642761,1,17.237907009742973,16.237907009742973,17.237907011061907,-1.3189342951136496e-09,0.05464632778767419,-3136.8320441916585,-3120.5941371805966,-0.0018971613751282708,-3120.5941371805966,-0.0018971613751282708,negative,negative,positive,False,0.0578939114446271,False,0.0,0.0578939114446271,0.5017378697294369,False,p<100M,0.50-0.55,0.50-1.00
892,30776287,30776286,30776287,1,17.24225504881919,16.24225504881919,17.24225504696369,1.8554970893092104e-09,0.054633395873535245,-3155.73690687865,-3139.4946518316865,-0.0019035465693557196,-3139.4946518316865,-0.0019035465693557196,negative,negative,positive,False,0.0591546579044083,False,0.0,0.0591546579044083,0.5017365768431035,False,p<100M,0.50-0.55,>=1.00
893,179662079,179662078,179662079,1,19.00658830555633,18.00658830555633,19.00658831000328,-4.446949475322981e-09,0.04984517208716885,-7330.165502995253,-7312.158914685249,-0.001510111710478102,-7312.158914685249,-0.001510111710478102,negative,negative,positive,False,0.0534604288438405,False,0.0,0.0534604288438405,0.5017349307834402,False,100M<=p<500M,0.50-0.55,>=1.00
894,33844361,33844360,33844361,1,17.337282955557516,16.337282955557516,17.337282955646515,-8.899903036763135e-11,0.054352278708285205,-3286.334234625101,-3269.9969516694546,-0.001870002185025712,-3269.9969516694546,-0.001870002185025712,negative,negative,positive,False,0.0585939985010802,False,0.0,0.0585939985010802,0.5017345286753354,False,p<100M,0.50-0.55,>=1.00
895,604814921,604814920,604814921,1,20.220433053490883,19.220433053490883,20.220432996749878,5.674100478358923e-08,0.047009135387544164,-13235.370679616928,-13216.150246620178,-0.001314355400315627,-13216.150246620178,-0.001314355400315627,negative,negative,positive,False,0.0492165780619318,False,0.0,0.0492165780619318,0.5017327378329784,True,p>=500M,0.50-0.55,0.25-0.50
896,18002051,18002050,18002051,1,16.70599625381371,15.705996253813709,16.70599625259638,1.217330236613634e-09,0.05627567724213613,-2437.639950517565,-2421.9339542649686,-0.002045297759459905,-2421.9339542649686,-0.002045297759459905,negative,negative,positive,False,0.060904601565583,False,0.0,0.060904601565583,0.5017321786730115,False,p<100M,0.50-0.55,>=1.00
897,3437477,3437476,3437477,1,15.05024833002549,14.05024833002549,15.050248329993337,3.2152058793144533e-11,0.06202926976047966,-1095.2559616980143,-1081.205713368021,-0.002574548631097217,-1081.205713368021,-0.002574548631097217,negative,negative,positive,False,0.0654695768526705,False,0.0,0.0654695768526705,0.5017296329941268,False,p<100M,0.50-0.55,0.10-0.25
898,178011803,178011802,178011803,1,18.99736041504677,17.99736041504677,18.997360408306122,6.740648927916482e-09,0.04986803889958601,-7319.476791769266,-7301.47943136096,-0.001516351699258002,-7301.47943136096,-0.001516351699258002,negative,negative,positive,False,0.0534994171955925,False,0.0,0.0534994171955925,0.501728163154813,False,100M<=p<500M,0.50-0.55,>=1.00
899,40864177,40864176,40864177,1,17.5257643692459,16.5257643692459,17.525764368474483,7.71414931932668e-10,0.05380313964441391,-3622.374831430614,-3605.8490670621395,-0.0018364631952662224,-3605.8490670621395,-0.0018364631952662224,negative,negative,positive,False,0.0577574596493002,False,0.0,0.0577574596493002,0.5017205969433427,False,p<100M,0.50-0.55,>=1.00
900,1197739,1197738,1197739,1,13.995946170816742,12.995946170816742,13.995946170762181,5.456080032217869e-11,0.06634426343500693,-698.0128182698973,-685.0168720991351,-0.0031953294776865455,-685.0168720991351,-0.0031953294776865455,negative,negative,positive,False,0.0724750996658737,False,0.0,0.0724750996658737,0.5016982068973127,False,p<100M,0.50-0.55,>=1.00
901,112219777,112219776,112219777,1,18.535969801117066,17.535969801117066,18.53596979379654,7.320526407283978e-09,0.051038648108552846,-5869.737435922027,-5852.20146612823,-0.0016078811414265398,-5852.20146612823,-0.0016078811414265398,negative,negative,positive,False,0.0552387382691653,False,0.0,0.0552387382691653,0.5016921849608251,False,100M<=p<500M,0.50-0.55,>=1.00
902,179662261,179662260,179662261,1,19.0065893185687,18.0065893185687,19.006589323282242,-4.713541557066492e-09,0.049845169578060476,-7322.099615752697,-7304.093026429415,-0.00150844501327354,-7304.093026429415,-0.00150844501327354,negative,negative,positive,False,0.0527959244485922,False,0.0,0.0527959244485922,0.501690037327594,False,100M<=p<500M,0.50-0.55,0.50-1.00
903,604435093,604435092,604435093,1,20.21980484921865,19.21980484921865,20.219804883003235,-3.3784584019258546e-08,0.04701051991309607,-13242.285039544106,-13223.065234661102,-0.001315537963903645,-13223.065234661102,-0.001315537963903645,negative,negative,positive,False,0.0491846653022056,False,0.0,0.0491846653022056,0.5016899994119842,True,p>=500M,0.50-0.55,0.25-0.50
904,108532547,108532546,108532547,1,18.50256065831231,17.50256065831231,18.502560660243034,-1.930725801457811e-09,0.05112554117320815,-5751.904356122017,-5734.401795461774,-0.0016078459972770692,-5734.401795461774,-0.0016078459972770692,negative,negative,positive,False,0.0540662185454775,False,0.0,0.0540662185454774,0.5016781386352626,False,100M<=p<500M,0.50-0.55,0.50-1.00
905,179151461,179151460,179151461,1,19.00374215685921,18.00374215685921,19.003742158412933,-1.5537224840045383e-09,0.049852222645259923,-7362.019616812468,-7344.015874654055,-0.0015193057143556886,-7344.015874654055,-0.0015193057143556886,negative,negative,positive,False,0.0532813829057262,False,0.0,0.0532813829057261,0.501665116926292,False,100M<=p<500M,0.50-0.55,>=1.00
906,604712503,604712502,604712503,1,20.22026370139813,19.22026370139813,20.220263719558716,-1.816058414760846e-08,0.04700950862166762,-13233.431085944176,-13214.210822224617,-0.0013142958211374135,-13214.210822224617,-0.0013142958211374135,negative,negative,positive,False,0.0496511704472867,False,0.0,0.0496511704472867,0.5016541959210588,True,p>=500M,0.50-0.55,0.50-1.00
907,108595961,108595960,108595961,1,18.503144773243942,17.503144773243942,18.503144770860672,2.383270469863419e-09,0.05112401943040492,-5756.629745230079,-5739.126600459218,-0.001608599298084061,-5739.126600459218,-0.001608599298084061,negative,negative,positive,False,0.0547479999666079,False,0.0,0.0547479999666079,0.5016505470586988,False,100M<=p<500M,0.50-0.55,>=1.00
908,109527331,109527330,109527331,1,18.511684674249903,17.511684674249903,18.51168467104435,3.2055531562491524e-09,0.05110178148558679,-5795.857704728842,-5778.346020057797,-0.0016112035292599831,-5778.346020057797,-0.0016112035292599831,negative,negative,positive,False,0.0546177716113432,False,0.0,0.0546177716113432,0.5016499290810976,False,100M<=p<500M,0.50-0.55,>=1.00
909,7103477,7103476,7103477,1,15.776094940448528,14.776094940448528,15.77609494049102,-4.249223195529339e-11,0.05936912531685313,-1539.620612617582,-1524.844517677091,-0.0022987463410786835,-1524.844517677091,-0.0022987463410786835,negative,negative,positive,False,0.0625995472242675,False,0.0,0.0625995472242675,0.5016453935651747,False,p<100M,0.50-0.55,0.25-0.50
910,33486917,33486916,33486917,1,17.326665383202304,16.326665383202304,17.32666538283229,3.7001512964707217e-10,0.05438354520652747,-3280.2475194633007,-3263.9208540804684,-0.001878763264035709,-3263.9208540804684,-0.001878763264035709,negative,negative,positive,False,0.0589292298645833,False,0.0,0.0589292298645833,0.5016415423585981,False,p<100M,0.50-0.55,>=1.00
911,179436233,179436232,179436233,1,19.005330454866257,18.005330454866257,19.005330443382263,1.1483994200034431e-08,0.04984828782451518,-7331.992324411869,-7313.986993968487,-0.001511639603493034,-7313.986993968487,-0.001511639603493034,negative,negative,positive,False,0.0536850831213623,False,0.0,0.0536850831213623,0.50163521386373,False,100M<=p<500M,0.50-0.55,>=1.00
912,187510061,187510060,187510061,1,19.04934306060183,18.04934306060183,19.049343049526215,1.1075616868083671e-08,0.04973949749166827,-7484.657066345215,-7466.607723295689,-0.001502626492168539,-7466.607723295689,-0.001502626492168539,negative,negative,positive,False,0.0524473870154861,False,0.0,0.0524473870154861,0.5016307057732924,False,100M<=p<500M,0.50-0.55,0.50-1.00
913,109594997,109594996,109594997,1,18.51230228362608,17.51230228362608,18.51230227947235,4.1537298045568605e-09,0.05110017397506866,-5837.551582604647,-5820.039280325174,-0.001622219751461589,-5820.039280325174,-0.001622219751461589,negative,negative,positive,False,0.054632572985037,False,0.0,0.054632572985037,0.5016290033636086,False,100M<=p<500M,0.50-0.55,>=1.00
914,604814239,604814238,604814239,1,20.220431925872564,19.220431925872564,20.220431923866272,2.0062920214058977e-09,0.047009137872676285,-13240.865383386612,-13221.644951462746,-0.0013149027405697975,-13221.644951462746,-0.0013149027405697975,negative,negative,positive,False,0.0493688680772857,False,0.0,0.0493688680772857,0.5016152170326329,True,p>=500M,0.50-0.55,0.50-1.00
915,179143049,179143048,179143049,1,19.00369520107414,18.00369520107414,19.00369518995285,1.112129055513833e-08,0.04985233898209346,-7330.659399479628,-7312.655704289675,-0.0015128610203861143,-7312.655704289675,-0.0015128610203861143,negative,negative,positive,False,0.0536214877934271,False,0.0,0.0536214877934271,0.5016150758466116,False,100M<=p<500M,0.50-0.55,>=1.00
916,604811353,604811352,604811353,1,20.220427154148123,19.220427154148123,20.22042715549469,-1.3465673021073599e-09,0.04700914838897312,-13266.607213616371,-13247.386786460876,-0.0013174665509159628,-13247.386786460876,-0.0013174665509159628,negative,negative,positive,False,0.0502642768158267,False,0.0,0.0502642768158267,0.5016128906838438,True,p>=500M,0.50-0.55,>=1.00
917,617647,617646,617647,1,13.333672375833435,12.333672375833435,13.333672375883907,-5.0471626877879316e-11,0.06937337899062873,-538.9618529201252,-526.6281805442413,-0.003769071422952109,-526.6281805442413,-0.003769071422952109,negative,negative,positive,False,0.0774150599023891,False,0.0,0.0774150599023891,0.5015882652021046,False,p<100M,0.50-0.55,>=1.00
918,39641051,39641050,39641051,1,17.495375780697184,16.495375780697184,17.495375782251358,-1.554173678641746e-09,0.053890928162562114,-3564.123445622623,-3547.6280698403716,-0.001840852332653355,-3547.6280698403716,-0.001840852332653355,negative,negative,positive,False,0.0584684694230504,False,0.0,0.0584684694230504,0.5016108106223606,False,p<100M,0.50-0.55,>=1.00
919,108548719,108548718,108548719,1,18.502709653205585,17.502709653205585,18.50270965695381,-3.74822661797225e-09,0.0511251530014578,-5752.600770995021,-5735.098061338067,-0.0016078955341926725,-5735.098061338067,-0.0016078955341926725,negative,negative,positive,False,0.0545307991961619,False,0.0,0.0545307991961619,0.5016065784876663,False,100M<=p<500M,0.50-0.55,0.50-1.00
920,33920959,33920958,33920959,1,17.33954364089398,16.33954364089398,17.339543640613556,2.8042279609508114e-10,0.05434562609158777,-3283.2190215066075,-3266.879477865994,-0.0018656223053928462,-3266.879477865994,-0.0018656223053928462,negative,negative,positive,False,0.0581434284620721,False,0.0,0.0581434284620721,0.5016041939535727,False,p<100M,0.50-0.55,0.50-1.00
921,108540463,108540462,108540463,1,18.502633592298928,17.502633592298928,18.502633586525917,5.773010514076304e-09,0.05112535115983285,-5767.295191094279,-5749.792557507753,-0.00161208985272035,-5749.792557507753,-0.00161208985272035,negative,negative,positive,False,0.0549539576212059,False,0.0,0.0549539576212059,0.5015973388411613,False,100M<=p<500M,0.50-0.55,>=1.00
922,30808091,30808090,30808091,1,17.24328790825076,16.24328790825076,17.243287909775972,-1.5252119567321643e-09,0.05463032484436736,-3146.822867754847,-3130.579579845071,-0.0018969338861506654,-3130.579579845071,-0.0018969338861506654,negative,negative,positive,False,0.0588642345773177,False,0.0,0.0588642345773177,0.5015963873141867,False,p<100M,0.50-0.55,>=1.00
923,3291647,3291646,3291647,1,15.006898605381958,14.006898605381958,15.006898605264723,1.1723422232989833e-10,0.0621956610923246,-1120.0535541991703,-1106.0466555939056,-0.0027069792269058604,-1106.0466555939056,-0.0027069792269058604,negative,negative,positive,False,0.0684103219780649,False,0.0,0.0684103219780649,0.5015828318461132,False,p<100M,0.50-0.55,>=1.00
924,109683781,109683780,109683781,1,18.51311206563655,17.51311206563655,18.51311206817627,-2.5397177694230777e-09,0.05109806643126885,-5816.100547686219,-5798.587435618043,-0.0016154448776520773,-5798.587435618043,-0.0016154448776520773,negative,negative,positive,False,0.0551290948259741,False,0.0,0.0551290948259741,0.5015812779740891,False,100M<=p<500M,0.50-0.55,>=1.00
925,109773193,109773100,109773101,1,18.513926075241702,17.513926075241702,18.513926073908806,1.3328964598713355e-09,0.05109594343322034,-5789.850381702185,-5772.336455628276,-0.0016073358086439308,-5845.822528719902,-0.0016277975418585128,negative,negative,positive,False,0.0550956797823624,False,0.0,0.0550956797823624,0.5015774600269248,False,100M<=p<500M,0.50-0.55,>=1.00
926,111004819,111004818,111004819,1,18.525084172748645,17.525084172748645,18.525084167718887,5.029757943475488e-09,0.05106692794701871,-5885.9915377646685,-5868.46645359695,-0.001623055347562627,-5868.46645359695,-0.001623055347562627,negative,negative,positive,False,0.0553538355119092,False,0.0,0.0553538355119091,0.5015747751282682,False,100M<=p<500M,0.50-0.55,>=1.00
927,39639401,39639400,39639401,1,17.495334156312897,16.495334156312897,17.495334155857563,4.553335486434662e-10,0.05389104860542684,-3541.191329188645,-3524.6959950327873,-0.001828999723672132,-3524.6959950327873,-0.001828999723672132,negative,negative,positive,False,0.0580108520218464,False,0.0,0.0580108520218464,0.5015652603377855,False,p<100M,0.50-0.55,>=1.00
928,33489931,33489930,33489931,1,17.32675538445175,16.32675538445175,17.3267553858459,-1.394148796407535e-09,0.05438328002141387,-3262.0733313299716,-3245.7465759441257,-0.0018681983876204504,-3245.7465759441257,-0.0018681983876204504,negative,negative,positive,False,0.0578008375393387,False,0.0,0.0578008375393387,0.5015640465525432,False,p<100M,0.50-0.55,0.50-1.00
929,109769447,109769446,109769447,1,18.513892787844487,17.513892787844487,18.5138927847147,3.129787984335053e-09,0.051096034682684,-5820.118135288358,-5802.604242503643,-0.0016157967273098947,-5802.604242503643,-0.0016157967273098947,negative,negative,positive,False,0.0550907910074587,False,0.0,0.0550907910074587,0.5015639958694716,False,100M<=p<500M,0.50-0.55,>=1.00
930,604143751,604143750,604143751,1,20.219322725926347,19.219322725926347,20.219322681427002,4.449934465355909e-08,0.04701158253984166,-13243.98309648037,-13224.763773798943,-0.0013160869141909898,-13224.763773798943,-0.0013160869141909898,negative,negative,positive,False,0.0499265506780113,False,0.0,0.0499265506780113,0.5015617792342714,True,p>=500M,0.50-0.55,>=1.00
931,40884761,40884760,40884761,1,17.526267959896458,16.526267959896458,17.52626796066761,-7.711520311204367e-10,0.053801687238298326,-3613.3075163066387,-3596.781248345971,-0.0018312785099985941,-3596.781248345971,-0.0018312785099985941,negative,negative,positive,False,0.0572384388419331,False,0.0,0.0572384388419331,0.501557090235523,False,p<100M,0.50-0.55,0.50-1.00
932,108810703,108810702,108810703,1,18.50512026070956,17.50512026070956,18.505120262503624,-1.7940635643753922e-09,0.051118873536929225,-5795.118088930845,-5777.612968668342,-0.001617442364847462,-5777.612968668342,-0.001617442364847462,negative,negative,positive,False,0.0547312475022079,False,0.0,0.0547312475022079,0.5015513054902314,False,100M<=p<500M,0.50-0.55,>=1.00
933,108532727,108532726,108532727,1,18.502562316799608,17.502562316799608,18.502562314271927,2.5276811754793016e-09,0.05112553685237057,-5765.381303057075,-5747.878740742803,-0.001611623118746447,-5747.878740742803,-0.001611623118746447,negative,negative,positive,False,0.0549057081271222,False,0.0,0.0549057081271222,0.5015491053172395,False,100M<=p<500M,0.50-0.55,>=1.00
934,7118443,7118442,7118443,1,15.778199579698969,14.778199579698969,15.778199579566717,1.3225154305018805e-10,0.059361741999596554,-1548.8944222824648,-1534.116222702898,-0.002309674960745456,-1534.116222702898,-0.002309674960745456,negative,negative,positive,False,0.0639860467502799,False,0.0,0.0639860467502799,0.501547249113626,False,p<100M,0.50-0.55,0.50-1.00
935,177978791,177978790,177978791,1,18.99717494947184,17.99717494947184,18.997174948453903,1.0179377341046347e-09,0.04986849869961837,-7324.728478133678,-7306.7313031852245,-0.0015176127489832175,-7306.7313031852245,-0.0015176127489832175,negative,negative,positive,False,0.0526763305513066,False,0.0,0.0526763305513067,0.5015467776280316,False,100M<=p<500M,0.50-0.55,0.50-1.00
936,39649187,39649186,39649187,1,17.495581001421293,16.495581001421293,17.49558100104332,3.779732082875853e-10,0.05389033435087925,-3564.7258293554187,-3548.2302483543754,-0.0018409326996471876,-3548.2302483543754,-0.0018409326996471876,negative,negative,positive,False,0.0585131648548839,False,0.0,0.0585131648548839,0.5015456785686643,False,p<100M,0.50-0.55,>=1.00
937,604698079,604698078,604698079,1,20.22023984845652,19.22023984845652,20.220239877700806,-2.924428699202508e-08,0.04700956119150606,-13246.690651416779,-13227.470411539078,-0.0013156334250583005,-13227.470411539078,-0.0013156334250583005,negative,negative,positive,False,0.0500423855703042,False,0.0,0.0500423855703042,0.5015410689369416,True,p>=500M,0.50-0.55,>=1.00
938,39693569,39693568,39693569,1,17.496699742611202,16.496699742611202,17.49669974297285,-3.61648488933497e-10,0.05388709747231004,-3541.525132961571,-3525.0284332185984,-0.0018276383879129545,-3525.0284332185984,-0.0018276383879129545,negative,negative,positive,False,0.0571426503152974,False,0.0,0.0571426503152974,0.5015402454794646,False,p<100M,0.50-0.55,0.50-1.00
939,3269009,3269008,3269009,1,14.999997438838074,13.999997438838074,14.99999743886292,-2.4845903112691303e-11,0.062222232087440085,-1107.2768518403172,-1093.2768544014543,-0.002687445872170142,-1093.2768544014543,-0.002687445872170142,negative,negative,positive,False,0.0682460248436658,False,0.0,0.0682460248436658,0.5015350071750043,False,p<100M,0.50-0.55,>=1.00
940,3277531,3277530,3277531,1,15.002600953003942,14.002600953003942,15.002600952982903,2.1039170405856567e-11,0.06221220533986782,-1078.516518630553,-1064.5139176775701,-0.0026124309732855964,-1064.5139176775701,-0.0026124309732855964,negative,negative,positive,False,0.0659166392050288,False,0.0,0.0659166392050288,0.5015324002423485,False,p<100M,0.50-0.55,0.25-0.50
941,178299293,178299292,178299293,1,18.99897411759836,17.99897411759836,18.99897411465645,2.941913379572725e-09,0.04986403861891435,-7329.262708097696,-7311.26373398304,-0.0015169013485237157,-7311.26373398304,-0.0015169013485237157,negative,negative,positive,False,0.0537060290310206,False,0.0,0.0537060290310206,0.5015281160345701,False,100M<=p<500M,0.50-0.55,>=1.00
942,178037383,178037382,178037383,1,18.99750410305984,17.99750410305984,18.997504115104675,-1.2044836239510914e-08,0.04986768267889268,-7309.933798521757,-7291.936294406652,-0.0015142381054381417,-7291.936294406652,-0.0015142381054381417,negative,negative,positive,False,0.0532726980772996,False,0.0,0.0532726980772996,0.501526404836772,False,100M<=p<500M,0.50-0.55,>=1.00
943,3291163,3291162,3291163,1,15.006751555717493,14.006751555717493,15.00675155594945,-2.319566760888847e-10,0.06219622703035154,-1086.2580964304507,-1072.2513448745012,-0.002624511731444498,-1072.2513448745012,-0.002624511731444498,negative,negative,positive,False,0.0663088578637002,False,0.0,0.0663088578637002,0.501517393526701,False,p<100M,0.50-0.55,0.25-0.50
944,109489841,109489840,109489841,1,18.51134232666114,17.51134232666114,18.511342331767082,-5.105942335603686e-09,0.051102672589545615,-5847.2078762203455,-5829.696533888578,-0.0016258602417140524,-5829.696533888578,-0.0016258602417140524,negative,negative,positive,False,0.0553662236802841,False,0.0,0.0553662236802841,0.5015113041743557,False,100M<=p<500M,0.50-0.55,>=1.00
945,180620701,180620700,180620701,1,19.011909815855688,18.011909815855688,19.011909812688828,3.166860551573336e-09,0.04983199482543204,-7335.0475778877735,-7317.035668075085,-0.0015062599171077088,-7317.035668075085,-0.0015062599171077088,negative,negative,positive,False,0.0532484287553092,False,0.0,0.0532484287553092,0.5015052699796589,False,100M<=p<500M,0.50-0.55,>=1.00
946,109592773,109592772,109592773,1,18.512281990523043,17.512281990523043,18.512281984090805,6.43223785345981e-09,0.051100226792252165,-5816.514323696494,-5799.002041712403,-0.0016163759854591685,-5799.002041712403,-0.0016163759854591685,negative,negative,positive,False,0.053857183474842,False,0.0,0.053857183474842,0.5015020910365788,False,100M<=p<500M,0.50-0.55,0.50-1.00
947,33415721,33415720,33415721,1,17.32453703583054,16.32453703583054,17.32453703507781,7.527312106958561e-10,0.054389817048278784,-3257.8393112644553,-3241.5147742293775,-0.001868311606334957,-3241.5147742293775,-0.001868311606334957,negative,negative,positive,False,0.0578975849812232,False,0.0,0.0578975849812232,0.5015007630953799,False,p<100M,0.50-0.55,0.50-1.00
948,33488537,33488536,33488537,1,17.32671375913419,16.32671375913419,17.326713759452105,-3.179145835474628e-10,0.05438340266844182,-3254.2120785713196,-3237.8853648118675,-0.0018637213467868694,-3237.8853648118675,-0.0018637213467868694,negative,negative,positive,False,0.0578979058425053,False,0.0,0.0578979058425053,0.5014989746635268,False,p<100M,0.50-0.55,0.50-1.00
949,178912931,178912930,178912931,1,19.00240982647052,18.00240982647052,19.00240981578827,1.0682249751425843e-08,0.049855523813930165,-7320.676068693399,-7302.673658877611,-0.0015119717175787967,-7302.673658877611,-0.0015119717175787967,negative,negative,positive,False,0.0530418844504978,False,0.0,0.0530418844504978,0.5014941744026767,False,100M<=p<500M,0.50-0.55,0.50-1.00
950,604715537,604715536,604715537,1,20.22026871864579,19.22026871864579,20.220268726348877,-7.703086168930895e-09,0.04700949756409884,-13234.391152977943,-13215.170884251595,-0.0013143873600767963,-13215.170884251595,-0.0013143873600767963,negative,negative,positive,False,0.050292038029149,False,0.0,0.050292038029149,0.5014889937836874,True,p>=500M,0.50-0.55,>=1.00
951,179378933,179378932,179378933,1,19.00501107037019,18.00501107037019,19.005011081695557,-1.1325365534275988e-08,0.049849079012164815,-7313.578804790974,-7295.573793709278,-0.0015081254978890327,-7295.573793709278,-0.0015081254978890327,negative,negative,positive,False,0.0528374174512601,False,0.0,0.0528374174512601,0.5014849171214679,False,100M<=p<500M,0.50-0.55,0.50-1.00
952,31034411,31034410,31034411,1,17.250607179077214,16.250607179077214,17.250607177615166,1.4620482602367701e-09,0.054608572102168386,-3204.2112774066627,-3187.9606702290475,-0.0019230139275018285,-3187.9606702290475,-0.0019230139275018285,negative,negative,positive,False,0.0595614854614243,False,0.0,0.0595614854614243,0.5014837074597362,False,p<100M,0.50-0.55,>=1.00
953,39646561,39646560,39646561,1,17.495514768361712,16.495514768361712,17.495514765381813,2.9798989942264598e-09,0.05389052599659369,-3545.5621865540743,-3529.0666717886925,-0.0018310645381983447,-3529.0666717886925,-0.0018310645381983447,negative,negative,positive,False,0.058083894710532,False,0.0,0.058083894710532,0.5014836212996899,False,p<100M,0.50-0.55,>=1.00
954,178037701,178037700,178037701,1,18.99750588919997,17.99750588919997,18.99750590324402,-1.4044047702554963e-08,0.04986767825085806,-7323.9737193882465,-7305.9762134850025,-0.0015171519844564413,-7305.9762134850025,-0.0015171519844564413,negative,negative,positive,False,0.0531012747989439,False,0.0,0.0531012747989439,0.5014746098529559,False,100M<=p<500M,0.50-0.55,0.50-1.00
955,604170577,604170576,604170577,1,20.21936712827992,19.21936712827992,20.219367146492004,-1.8212084285096353e-08,0.047011484672564566,-13238.91233074665,-13219.692963600159,-0.001315547297967335,-13219.692963600159,-0.001315547297967335,negative,negative,positive,False,0.0492397505590195,False,0.0,0.0492397505590195,0.5014733859399563,True,p>=500M,0.50-0.55,0.25-0.50
956,109706543,109706542,109706543,1,18.51331956795176,17.51331956795176,18.513319566845894,1.1058673976549471e-09,0.05109752641230426,-5880.897271081805,-5863.383951514959,-0.0016332906405920119,-5863.383951514959,-0.0016332906405920119,negative,negative,positive,False,0.0555431705366381,False,0.0,0.0555431705366381,0.5014636350067572,False,100M<=p<500M,0.50-0.55,>=1.00
957,18001723,18001722,18001723,1,16.70597803350158,15.70597803350158,16.70597803220153,1.300051621910825e-09,0.05627573471112629,-2427.053709361702,-2411.3477313295007,-0.002036380799054293,-2411.3477313295007,-0.002036380799054293,negative,negative,positive,False,0.0603358846572112,False,0.0,0.0603358846572112,0.5014628753522127,False,p<100M,0.50-0.55,0.50-1.00
958,187422899,187422898,187422899,1,19.048878113473307,18.048878113473307,19.048878103494644,9.978663229048834e-09,0.04974064427451583,-7472.341163128614,-7454.29228502512,-0.0015005700917009523,-7454.29228502512,-0.0015005700917009523,negative,negative,positive,False,0.0523554099310386,False,0.0,0.0523554099310386,0.5014526438770073,False,100M<=p<500M,0.50-0.55,0.50-1.00
959,108582037,108582036,108582037,1,18.50301654662663,17.50301654662663,18.5030165463686,2.580300417776016e-10,0.051124353480101574,-5765.449247807264,-5747.946231260896,-0.0016111969464087264,-5747.946231260896,-0.0016111969464087264,negative,negative,positive,False,0.0549312559663093,False,0.0,0.0549312559663093,0.5014522337613267,False,100M<=p<500M,0.50-0.55,>=1.00
960,1197767,1197766,1197767,1,13.99596954792371,12.99596954792371,13.995969547890127,3.3583802405701135e-11,0.06634416114862501,-684.0249663989525,-671.0289968510624,-0.0031300345974053607,-671.0289968510624,-0.0031300345974053607,negative,negative,positive,False,0.0705694820952203,False,0.0,0.0705694820952203,0.5014421610178923,False,p<100M,0.50-0.55,0.25-0.50
961,604811017,604811016,604811017,1,20.22042659860284,19.22042659860284,20.220426559448242,3.915459956260747e-08,0.04700914961332725,-13254.13404238224,-13234.913615822792,-0.0013162265189122706,-13234.913615822792,-0.0013162265189122706,negative,negative,positive,False,0.0501190700615863,False,0.0,0.0501190700615863,0.5014447325781145,True,p>=500M,0.50-0.55,>=1.00
962,109773067,109773066,109773067,1,18.51392576551186,17.51392576551186,18.51392576098442,4.527439756429885e-09,0.051095948865267936,-5811.392159089446,-5793.878233328462,-0.0016133345276639495,-5793.878233328462,-0.0016133345276639495,negative,negative,positive,False,0.05489917504497,False,0.0,0.05489917504497,0.5014388980132131,False,100M<=p<500M,0.50-0.55,>=1.00
963,179667317,179667316,179667317,1,19.00661745986466,18.00661745986466,19.006617456674576,3.190084640891655e-09,0.04984509987559498,-7322.343084037304,-7304.336466580629,-0.0015084695963950773,-7304.336466580629,-0.0015084695963950773,negative,negative,positive,False,0.0531647891908394,False,0.0,0.0531647891908394,0.5014331222180757,False,100M<=p<500M,0.50-0.55,>=1.00
964,1198187,1198186,1198187,1,13.99632013896536,12.99632013896536,13.996320138918236,4.7124970592449245e-11,0.06634262717733681,-698.1366020073183,-685.1402818684,-0.0031951368585767617,-685.1402818684,-0.0031951368585767617,negative,negative,positive,False,0.0725736917080832,False,0.0,0.0725736917080832,0.5014240398521836,False,p<100M,0.50-0.55,>=1.00
965,12772481,12772480,12772481,1,16.36280349261503,15.36280349261503,16.362803492695093,-8.006395546544809e-11,0.057379273590917976,-2062.9507205449045,-2047.5879170522094,-0.0021398803750570577,-2047.5879170522094,-0.0021398803750570577,negative,negative,positive,False,0.0615028587662349,False,0.0,0.0615028587662349,0.5014278856916993,False,p<100M,0.50-0.55,0.50-1.00
966,179394643,179394642,179394643,1,19.00509864649653,18.00509864649653,19.00509864091873,5.577799555567253e-09,0.04984886206379742,-7325.402817964554,-7307.397719323635,-0.0015104896503008694,-7307.397719323635,-0.0015104896503008694,negative,negative,positive,False,0.0535599774174267,False,0.0,0.0535599774174267,0.5014244778263368,False,100M<=p<500M,0.50-0.55,>=1.00
967,12772691,12772690,12772691,1,16.362819934078022,15.362819934078022,16.362819934263825,-1.858033726875874e-10,0.057379219688763104,-2076.5970001835376,-2061.234180249274,-0.0021541196889573126,-2061.234180249274,-0.0021541196889573126,negative,negative,positive,False,0.0621562171320395,False,0.0,0.0621562171320395,0.5014212612598329,False,p<100M,0.50-0.55,>=1.00
968,7055803,7055802,7055803,1,15.769360956777874,14.769360956777874,15.769360956735909,4.196465397399152e-11,0.05939276118763973,-1530.9499985110015,-1516.1806375542656,-0.0022953532629536562,-1516.1806375542656,-0.0022953532629536562,negative,negative,positive,False,0.0640608430714085,False,0.0,0.0640608430714085,0.5014101559525698,False,p<100M,0.50-0.55,0.50-1.00
969,30848669,30848668,30848669,1,17.24460416313858,16.24460416313858,17.244604162871838,2.667412957180204e-10,0.05462641168590482,-3132.584036991,-3116.3394328281283,-0.0018867748556467628,-3116.3394328281283,-0.0018867748556467628,negative,negative,positive,False,0.0582469097724379,False,0.0,0.0582469097724379,0.5014064229128528,False,p<100M,0.50-0.55,0.50-1.00
970,33478231,33478230,33478231,1,17.326405964674663,16.326405964674663,17.326405964791775,-1.171116537079797e-10,0.05438430958734423,-3257.5179185569286,-3241.191512592137,-0.0018659777908348154,-3241.191512592137,-0.0018659777908348154,negative,negative,positive,False,0.0580317043722804,False,0.0,0.0580317043722804,0.5013996545598389,False,p<100M,0.50-0.55,0.50-1.00
971,39651991,39651990,39651991,1,17.495651719160218,16.495651719160218,17.495651721954346,-2.7941275959619816e-09,0.05389012973021934,-3551.931862398982,-3535.4362106770277,-0.0018342150678215487,-3535.4362106770277,-0.0018342150678215487,negative,negative,positive,False,0.0576970160239945,False,0.0,0.0576970160239945,0.5013950909723318,False,p<100M,0.50-0.55,0.50-1.00
972,1186033,1186032,1186033,1,13.986124682773283,12.986124682773283,13.98612468270585,6.743405833731231e-11,0.06638726501907018,-688.5030815452337,-675.5169568625279,-0.0031709768951299205,-675.5169568625279,-0.0031709768951299205,negative,negative,positive,False,0.0726904701419275,False,0.0,0.0726904701419275,0.5013664678322914,False,p<100M,0.50-0.55,>=1.00
973,179471339,179471338,179471339,1,19.0055260818346,18.0055260818346,19.00552609562874,-1.3794139164247099e-08,0.049847803224618625,-7315.958352953196,-7297.952826857567,-0.0015081471201567802,-7297.952826857567,-0.0015081471201567802,negative,negative,positive,False,0.0533847122027223,False,0.0,0.0533847122027223,0.5013722415542533,False,100M<=p<500M,0.50-0.55,>=1.00
974,30364123,30364122,30364123,1,17.22877230496028,16.22877230496028,17.228772304952145,8.135714324453147e-12,0.054673516042089886,-3110.7391248606145,-3094.5103525556624,-0.0018919206004659984,-3094.5103525556624,-0.0018919206004659984,negative,negative,positive,False,0.0580150846827492,False,0.0,0.0580150846827492,0.501359749685227,False,p<100M,0.50-0.55,0.50-1.00
975,17642869,17642868,17642869,1,16.685842237041545,15.685842237041545,16.685842238366604,-1.3250591734959016e-09,0.05633931685114397,-2386.7953507862985,-2371.109508547932,-0.0020275461177406036,-2371.109508547932,-0.0020275461177406036,negative,negative,positive,False,0.0601273708835792,False,0.0,0.0601273708835792,0.5013554073038399,False,p<100M,0.50-0.55,0.50-1.00
976,604830077,604830076,604830077,1,20.220458112082497,19.220458112082497,20.220458149909973,-3.782747626246419e-08,0.04700908016155706,-13266.477478981018,-13247.257020831108,-0.0013174292188923118,-13247.257020831108,-0.0013174292188923118,negative,negative,positive,False,0.0493076414475111,False,0.0,0.0493076414475111,0.5013516424578481,True,p>=500M,0.50-0.55,0.50-1.00
977,7108573,7108572,7108573,1,15.776812078400951,14.776812078400951,15.776812078431249,-3.029754225281067e-11,0.059366609309001575,-1539.8301606643945,-1525.0533485859632,-0.002298028006534109,-1525.0533485859632,-0.002298028006534109,negative,negative,positive,False,0.0629207767537194,False,0.0,0.0629207767537194,0.5013500894760069,False,p<100M,0.50-0.55,0.25-0.50
978,604872287,604872286,604872287,1,20.22052789784348,19.22052789784348,20.22052788734436,1.0499118019424714e-08,0.04700892636319081,-13296.529017806053,-13277.308489918709,-0.0013203626275087913,-13277.308489918709,-0.0013203626275087913,negative,negative,positive,False,0.0506320408823422,False,0.0,0.0506320408823421,0.5013215032043029,True,p>=500M,0.50-0.55,>=1.00
979,1516871,1516870,1516871,1,14.232160218459114,13.232160218459114,14.232160218525678,-6.656364348600619e-11,0.06532645665594818,-775.0139987489674,-761.7818385304417,-0.003053617543029038,-761.7818385304417,-0.003053617543029038,negative,negative,positive,False,0.0706981135254867,False,0.0,0.0706981135254867,0.5013120386255285,False,p<100M,0.50-0.55,0.50-1.00
980,30399133,30399132,30399133,1,17.229924646232913,16.229924646232913,17.229924645274878,9.580354287663795e-10,0.05467008476431963,-3145.1476116627455,-3128.9176870174706,-0.0019115989500231919,-3128.9176870174706,-0.0019115989500231919,negative,negative,positive,False,0.0593702946236736,False,0.0,0.0593702946236736,0.5013146737351282,False,p<100M,0.50-0.55,>=1.00
981,179471009,179471008,179471009,1,19.0055242430992,18.0055242430992,19.00552424788475,-4.785551510622099e-09,0.04984780777942228,-7309.052279531956,-7291.046755284071,-0.0015067216334222202,-7291.046755284071,-0.0015067216334222202,negative,negative,positive,False,0.0531997381477983,False,0.0,0.0531997381477983,0.5013100647011504,False,100M<=p<500M,0.50-0.55,>=1.00
982,33489431,33489430,33489431,1,17.32674045447974,16.32674045447974,17.326740454882383,-4.0264325207317597e-10,0.05438332401180636,-3281.875772792846,-3265.5490323379636,-0.0018796136265123318,-3265.5490323379636,-0.0018796136265123318,negative,negative,positive,False,0.0589451733440807,False,0.0,0.0589451733440807,0.5013075877628886,False,p<100M,0.50-0.55,>=1.00
983,109559207,109559206,109559207,1,18.511975664289874,17.511975664289874,18.511975660920143,3.369731160773881e-09,0.05110102408564871,-5794.488189280033,-5776.976213619113,-0.0016105365968931697,-5776.976213619113,-0.0016105365968931697,negative,negative,positive,False,0.05444012530015,False,0.0,0.05444012530015,0.5013039658963576,False,100M<=p<500M,0.50-0.55,0.50-1.00
984,108834899,108834898,108834899,1,18.50534260382036,17.50534260382036,18.505342602729797,1.0905623071266746e-09,0.05111829442603738,-5767.768621236086,-5750.263278633356,-0.001609568189634336,-5750.263278633356,-0.001609568189634336,negative,negative,positive,False,0.0545411270878509,False,0.0,0.0545411270878509,0.5013024500716011,False,100M<=p<500M,0.50-0.55,0.50-1.00
985,17591831,17591830,17591831,1,16.682945204531208,15.682945204531208,16.68294520303607,1.495138235441118e-09,0.05634847648476508,-2386.414630010724,-2370.731684807688,-0.002030866778182914,-2370.731684807688,-0.002030866778182914,negative,negative,positive,False,0.059811529361056,False,0.0,0.059811529361056,0.5012977965723504,False,p<100M,0.50-0.55,0.50-1.00
986,108830363,108830362,108830363,1,18.50530092514403,17.50530092514403,18.505300924181938,9.620926277875697e-10,0.05111840298057707,-5765.572444632649,-5748.0671437084675,-0.0016089942425105924,-5748.0671437084675,-0.0016089942425105924,negative,negative,positive,False,0.0544065484650341,False,0.0,0.0544065484650341,0.5012944121214681,False,100M<=p<500M,0.50-0.55,0.50-1.00
987,604692163,604692162,604692163,1,20.220230065013933,19.220230065013933,20.220230102539062,-3.752512967025723e-08,0.04700958275340869,-13234.999303460121,-13215.779073357582,-0.0013144782807820881,-13215.779073357582,-0.0013144782807820881,negative,negative,positive,False,0.0497842615972893,False,0.0,0.0497842615972893,0.5012894018949557,True,p>=500M,0.50-0.55,0.50-1.00
988,112219399,112219398,112219399,1,18.535966432721164,17.535966432721164,18.53596642613411,6.5870544574408996e-09,0.05103865685450172,-5843.920824751258,-5826.384858325124,-0.0016007913557356097,-5826.384858325124,-0.0016007913557356097,negative,negative,positive,False,0.0547956749890023,False,0.0,0.0547956749890023,0.501283948501618,False,100M<=p<500M,0.50-0.55,>=1.00
989,187492559,187492558,187492559,1,19.04924971725392,18.04924971725392,19.049249708652496,8.60142534975239e-09,0.04973972771695208,-7488.960090339184,-7470.910840630531,-0.0015035773856333465,-7470.910840630531,-0.0015035773856333465,negative,negative,positive,False,0.0534997227519696,False,0.0,0.0534997227519696,0.5012828365925744,False,100M<=p<500M,0.50-0.55,>=1.00
990,109527281,109527280,109527281,1,18.51168421774274,17.51168421774274,18.511684224009514,-6.266773766583356e-09,0.05110178267381856,-5801.39275752008,-5783.88107329607,-0.0016127473419706633,-5783.88107329607,-0.0016127473419706633,negative,negative,positive,False,0.0546979058091081,False,0.0,0.0546979058091081,0.5012805311191354,False,100M<=p<500M,0.50-0.55,>=1.00
991,39651919,39651918,39651919,1,17.49564990336072,16.49564990336072,17.49564990401268,-6.519584871966799e-10,0.05389013498418713,-3532.4188128113747,-3515.923162907362,-0.0018240935635790588,-3515.923162907362,-0.0018240935635790588,negative,negative,positive,False,0.0575033334265888,False,0.0,0.0575033334265888,0.5012776478719005,False,p<100M,0.50-0.55,0.50-1.00
992,109769281,109769280,109769281,1,18.513891275582832,17.513891275582832,18.513891279697418,-4.1145860052438366e-09,0.051096038618032524,-5820.7431623488665,-5803.229271069169,-0.0016159722590258164,-5803.229271069169,-0.0016159722590258164,negative,negative,positive,False,0.0545327978215142,False,0.0,0.0545327978215142,0.5012552230778489,False,100M<=p<500M,0.50-0.55,0.50-1.00
993,179434019,179434018,179434019,1,19.00531811614502,18.00531811614502,19.005318105220795,1.0924225080088945e-08,0.04984831838985425,-7322.609914511442,-7304.604596406221,-0.0015097117432975493,-7304.604596406221,-0.0015097117432975493,negative,negative,positive,False,0.0530179853254557,False,0.0,0.0530179853254557,0.5012449195039701,False,100M<=p<500M,0.50-0.55,0.50-1.00
994,30402601,30402600,30402601,1,17.230038721926995,16.230038721926995,17.230038721114397,8.125979888973234e-10,0.054669745109287224,-3115.4615453518927,-3099.2315066307783,-0.00189332923772238,-3099.2315066307783,-0.00189332923772238,negative,negative,positive,False,0.0583838509096424,False,0.0,0.0583838509096424,0.5012437997674203,False,p<100M,0.50-0.55,0.50-1.00
995,40835357,40835356,40835357,1,17.525058857236605,16.525058857236605,17.5250588580966,-8.599947420862009e-10,0.053805174543390566,-3649.204196251929,-3632.679137393832,-0.0018509295585847551,-3632.679137393832,-0.0018509295585847551,negative,negative,positive,False,0.0577954298990485,False,0.0,0.0577954298990485,0.5012388455350303,False,p<100M,0.50-0.55,>=1.00
996,40844953,40844952,40844953,1,17.525293822065805,16.525293822065805,17.525293819606304,2.459501047269441e-09,0.053804496820410795,-3623.882923781872,-3607.3576299622655,-0.001837762493453168,-3607.3576299622655,-0.001837762493453168,negative,negative,positive,False,0.0576823253845206,False,0.0,0.0576823253845206,0.5012315221091076,False,p<100M,0.50-0.55,>=1.00
997,31027889,31027888,31027889,1,17.25039700317255,16.25039700317255,17.250397004187107,-1.0145555506824167e-09,0.05460919650066288,-3151.151145838201,-3134.900748834014,-0.0018912523999954558,-3134.900748834014,-0.0018912523999954558,negative,negative,positive,False,0.0582113431712301,False,0.0,0.0582113431712301,0.5012314184456642,False,p<100M,0.50-0.55,0.50-1.00
998,40861603,40861602,40861603,1,17.525701378106486,16.525701378106486,17.525701381266117,-3.159630779236977e-09,0.053803321322694095,-3642.1831277385354,-3625.6574263572693,-0.0018466230494469389,-3625.6574263572693,-0.0018466230494469389,negative,negative,positive,False,0.0582342885153666,False,0.0,0.0582342885153666,0.5012311190436535,False,p<100M,0.50-0.55,>=1.00
999,3260947,3260946,3260947,1,14.997528201956154,13.997528201956154,14.997528201900423,5.573141947934346e-11,0.06223174467055908,-1099.6241130754352,-1085.6265848735347,-0.0026728170012955375,-1085.6265848735347,-0.0026728170012955375,negative,negative,positive,False,0.0679057846689434,False,0.0,0.0679057846689434,0.5012257426903908,False,p<100M,0.50-0.55,>=1.00
1000,30784337,30784336,30784337,1,17.242516579632973,16.242516579632973,17.242516580969095,-1.3361223238916864e-09,0.05463261822431719,-3136.301574911922,-3120.059058330953,-0.0018914575890604495,-3120.059058330953,-0.0018914575890604495,negative,negative,positive,False,0.0582834135511458,False,0.0,0.0582834135511458,0.5012225410592933,False,p<100M,0.50-0.55,0.50-1.00
1001,179650267,179650266,179650267,1,19.00652255774591,18.00652255774591,19.006522566080093,-8.334183121405658e-09,0.04984533493703409,-7321.236752510071,-7303.230229943991,-0.0015083277715235012,-7303.230229943991,-0.0015083277715235012,negative,negative,positive,False,0.0525808654579029,False,0.0,0.0525808654579029,0.5012190769991006,False,100M<=p<500M,0.50-0.55,0.50-1.00
1002,12847993,12847992,12847993,1,16.36869817033665,15.36869817033665,16.368698170408607,-7.195666285042535e-11,0.057359954770593274,-2096.0906252581626,-2080.721927087754,-0.0021665470106210774,-2080.721927087754,-0.0021665470106210774,negative,negative,positive,False,0.0623766146835073,False,0.0,0.0623766146835073,0.501216468394413,False,p<100M,0.50-0.55,>=1.00
1003,108811211,108811210,108811211,1,18.50512492935704,17.50512492935704,18.505124926567078,2.7899638155304274e-09,0.0511188613769191,-5766.469539776444,-5748.964414849877,-0.0016094176351321436,-5748.964414849877,-0.0016094176351321436,negative,negative,positive,False,0.0539684199046391,False,0.0,0.0539684199046391,0.5012170521987088,False,100M<=p<500M,0.50-0.55,0.50-1.00
1004,178899659,178899658,178899659,1,19.00233564238434,18.00233564238434,19.002335637807846,4.5764956269067625e-09,0.04985570763563359,-7331.334408849478,-7313.33207321167,-0.001514246461885823,-7313.33207321167,-0.001514246461885823,negative,negative,positive,False,0.0536210536138784,False,0.0,0.0536210536138784,0.501216232782269,False,100M<=p<500M,0.50-0.55,>=1.00
1005,3459227,3459226,3459227,1,15.05655571166946,14.05655571166946,15.05655571166426,5.201172825763933e-12,0.06200513356252208,-1108.1818475737236,-1094.1252918620594,-0.0025949336355790315,-1094.1252918620594,-0.0025949336355790315,negative,negative,positive,False,0.0670937609135922,False,0.0,0.0670937609135922,0.5012124770514366,False,p<100M,0.50-0.55,0.50-1.00
1006,33827929,33827928,33827929,1,17.336797321029024,16.336797321029024,17.336797319352627,1.6763976873335196e-09,0.054353708017677825,-3289.8516634702682,-3273.5148661509156,-0.0018725734792970938,-3273.5148661509156,-0.0018725734792970938,negative,negative,positive,False,0.0585224770074963,False,0.0,0.0585224770074963,0.5012141538718311,False,p<100M,0.50-0.55,>=1.00
1007,39651163,39651162,39651163,1,17.495630837266923,16.495630837266923,17.495630837976933,-7.100098287082801e-10,0.05389019015148655,-3528.7313040047884,-3512.2356731668115,-0.0018222018022277615,-3512.2356731668115,-0.0018222018022277615,negative,negative,positive,False,0.0572648554389082,False,0.0,0.0572648554389082,0.5012132728330814,False,p<100M,0.50-0.55,0.50-1.00
1008,39640807,39640806,39640807,1,17.49536962544285,16.49536962544285,17.495369628071785,-2.628933515325116e-09,0.05389094597315731,-3547.563277348876,-3531.067907720804,-0.0018322662482329992,-3531.067907720804,-0.0018322662482329992,negative,negative,positive,False,0.0581475215926058,False,0.0,0.0581475215926058,0.5012117132401834,False,p<100M,0.50-0.55,>=1.00
1009,604365197,604365196,604365197,1,20.21968920397824,19.21968920397824,20.21968924999237,-4.601412939564398e-08,0.04701077479731837,-13245.94826066494,-13226.728571414948,-0.0013159935668892544,-13226.728571414948,-0.0013159935668892544,negative,negative,positive,False,0.0494720464864998,False,0.0,0.0494720464864998,0.5012100521566261,True,p>=500M,0.50-0.55,0.50-1.00
1010,33496499,33496498,33496499,1,17.326951483871323,16.326951483871323,17.32695148512721,-1.2558878381696559e-09,0.05438270223116609,-3280.5229103155434,-3264.195958830416,-0.0018785908177410655,-3264.195958830416,-0.0018785908177410655,negative,negative,positive,False,0.0583219062948139,False,0.0,0.0583219062948139,0.5011949185681562,False,p<100M,0.50-0.55,>=1.00
1011,180643147,180643146,180643147,1,19.012034079604486,18.012034079604486,19.012034088373184,-8.768697767891354e-09,0.04983168720327382,-7346.920946747065,-7328.908912658691,-0.0015085906462310094,-7328.908912658691,-0.0015085906462310094,negative,negative,positive,False,0.0534756590852837,False,0.0,0.0534756590852837,0.5011859805666216,False,100M<=p<500M,0.50-0.55,>=1.00
1012,109719781,109719780,109719781,1,18.51344022804189,17.51344022804189,18.51344022154808,6.493809934227102e-09,0.05109721240302756,-5789.263790652156,-5771.750350430608,-0.0016076474478017883,-5771.750350430608,-0.0016076474478017883,negative,negative,positive,False,0.0542528835115265,False,0.0,0.0542528835115265,0.5011842022397557,False,100M<=p<500M,0.50-0.55,0.50-1.00
1013,12842437,12842436,12842437,1,16.368265635724608,15.368265635724608,16.368265636265278,-5.406697312082542e-10,0.057361371890320395,-2072.6367146056145,-2057.2684489693493,-0.0021427026895927356,-2057.2684489693493,-0.0021427026895927356,negative,negative,positive,False,0.0613526555481265,False,0.0,0.0613526555481265,0.501180869276137,False,p<100M,0.50-0.55,0.50-1.00
1014,604691863,604691862,604691863,1,20.220229568893604,19.220229568893604,20.220229625701904,-5.680830028609307e-08,0.04700958384681761,-13238.302750349045,-13219.082520723343,-0.0013148072415502775,-13219.082520723343,-0.0013148072415502775,negative,negative,positive,False,0.0502046222580501,False,0.0,0.0502046222580501,0.5011698610096044,True,p>=500M,0.50-0.55,>=1.00
1015,109511377,109511376,109511377,1,18.511539001367023,17.511539001367023,18.51153899729252,4.074504289519609e-09,0.05110216065690639,-5798.867696464062,-5781.356157466769,-0.0016121856530918605,-5781.356157466769,-0.0016121856530918605,negative,negative,positive,False,0.0545448919648038,False,0.0,0.0545448919648038,0.5011681095692466,False,100M<=p<500M,0.50-0.55,>=1.00
1016,33865879,33865878,33865879,1,17.337918546296063,16.337918546296063,17.337918549776077,-3.4800144987912063e-09,0.054350408163996014,-3271.028404712677,-3254.690486162901,-0.0018605211084566668,-3254.690486162901,-0.0018605211084566668,negative,negative,positive,False,0.0571409787010661,False,0.0,0.0571409787010661,0.5011649873230534,False,p<100M,0.50-0.55,0.25-0.50
1017,39641611,39641610,39641611,1,17.49538990736715,16.49538990736715,17.49538990855217,-1.1850183057049435e-09,0.05389088728624509,-3564.271225489676,-3547.775835581124,-0.001840913031851653,-3547.775835581124,-0.001840913031851653,negative,negative,positive,False,0.0579249643167587,False,0.0,0.0579249643167587,0.5011645452611342,False,p<100M,0.50-0.55,>=1.00
1018,187509191,187509190,187509191,1,19.04933842084003,18.04933842084003,19.049338430166245,-9.32621446736448e-09,0.04973950893528819,-7490.9267337322235,-7472.877395302057,-0.0015038924613243066,-7472.877395302057,-0.0015038924613243066,negative,negative,positive,False,0.0528718226933726,False,0.0,0.0528718226933726,0.5011609867225695,False,100M<=p<500M,0.50-0.55,0.50-1.00
1019,178014461,178014460,178014461,1,18.99737534652948,17.99737534652948,18.997375339269638,7.259842504936387e-09,0.049868001882322516,-7355.840012937784,-7337.842637598515,-0.0015238897400586383,-7337.842637598515,-0.0015238897400586383,negative,negative,positive,False,0.0538922776913126,False,0.0,0.0538922776913126,0.5011572055618111,False,100M<=p<500M,0.50-0.55,>=1.00
1020,40847533,40847532,40847533,1,17.52535698576977,16.52535698576977,17.525356985628605,1.411635253134591e-10,0.05380431463649627,-3627.660370141268,-3611.135013155639,-0.0018396155148861625,-3611.135013155639,-0.0018396155148861625,negative,negative,positive,False,0.0569461819823584,False,0.0,0.0569461819823584,0.501155001611679,False,p<100M,0.50-0.55,0.50-1.00
1021,178037983,178037982,178037983,1,18.997507473132902,17.997507473132902,18.997507482767105,-9.634202768893374e-09,0.04986767432411768,-7340.00862801075,-7322.011120527983,-0.0015204803200977916,-7322.011120527983,-0.0015204803200977916,negative,negative,positive,False,0.0532913830085584,False,0.0,0.0532913830085584,0.5011512964895759,False,100M<=p<500M,0.50-0.55,>=1.00
1022,604871249,604871248,604871249,1,20.22052618177728,19.22052618177728,20.220526218414307,-3.663702585754436e-08,0.047008930145156315,-13249.334839105606,-13230.114312887192,-0.0013156707523438445,-13230.114312887192,-0.0013156707523438445,negative,negative,positive,False,0.0498206641871817,False,0.0,0.0498206641871817,0.5011466429915707,True,p>=500M,0.50-0.55,0.50-1.00
1023,12828757,12828756,12828757,1,16.367199849591334,15.367199849591334,16.36719984933734,2.539941590384842e-10,0.057364864039046067,-2076.0545947048813,-2060.687394855544,-0.0021476873266837375,-2060.687394855544,-0.0021476873266837375,negative,negative,positive,False,0.0619647852683792,False,0.0,0.0619647852683792,0.501137673790586,False,p<100M,0.50-0.55,>=1.00
1024,179667049,179667048,179667049,1,19.00661596821774,18.00661596821774,19.006615966558456,1.6592842655427376e-09,0.0498451035702127,-7377.455567896366,-7359.448951929808,-0.0015198526331951956,-7359.448951929808,-0.0015198526331951956,negative,negative,positive,False,0.0539139775736893,False,0.0,0.0539139775736893,0.5011322209501837,False,100M<=p<500M,0.50-0.55,>=1.00
1025,178913809,178913808,178913809,1,19.002414733873472,18.002414733873472,19.002414733171463,7.020091175036214e-10,0.04985551165386076,-7362.569941788912,-7344.56752705574,-0.0015206410575174857,-7344.56752705574,-0.0015206410575174857,negative,negative,positive,False,0.0539057463052351,False,0.0,0.0539057463052351,0.50113204762678,False,100M<=p<500M,0.50-0.55,>=1.00
1026,40840901,40840900,40840901,1,17.525194612721595,16.525194612721595,17.525194615125656,-2.4040609503117594e-09,0.053804782973727115,-3620.2139214128256,-3603.6887267977,-0.0018360052347454708,-3603.6887267977,-0.0018360052347454708,negative,negative,positive,False,0.0569264558814041,False,0.0,0.0569264558814041,0.501128077390301,False,p<100M,0.50-0.55,0.50-1.00
1027,179380543,179380542,179380543,1,19.00502004574287,18.00502004574287,19.005020052194595,-6.451724487988031e-09,0.04984905677779444,-7327.157511681318,-7309.152491629124,-0.0015109242497581164,-7309.152491629124,-0.0015109242497581164,negative,negative,positive,False,0.0535322410820112,False,0.0,0.0535322410820112,0.5011273513717507,False,100M<=p<500M,0.50-0.55,>=1.00
1028,618377,618376,618377,1,13.334853582808185,12.334853582808185,13.33485358278267,2.5513813284305797e-11,0.06936773206276105,-495.57753594312817,-483.2426823603455,-0.003455907576534572,-483.2426823603455,-0.003455907576534572,negative,negative,positive,False,0.0742407126876558,False,0.0,0.0742407126876558,0.5011100249766589,False,p<100M,0.50-0.55,0.25-0.50
1029,179439251,179439250,179439251,1,19.005347274070324,18.005347274070324,19.005347281694412,-7.624088027569087e-09,0.04984824616023549,-7328.143504232168,-7310.138156950474,-0.0015108287542408662,-7310.138156950474,-0.0015108287542408662,negative,negative,positive,False,0.0528225922871366,False,0.0,0.0528225922871366,0.5011079888722143,False,100M<=p<500M,0.50-0.55,0.50-1.00
1030,31036051,31036050,31036051,1,17.250660022247622,16.250660022247622,17.25066002085805,1.38957290118924e-09,0.054608415115923875,-3153.6491169855,-3137.398456964642,-0.0018924526319267312,-3137.398456964642,-0.0018924526319267312,negative,negative,positive,False,0.0583362442918414,False,0.0,0.0583362442918414,0.5011059266277504,False,p<100M,0.50-0.55,0.50-1.00
1031,39640529,39640528,39640529,1,17.49536261244297,16.49536261244297,17.495362609624863,2.818108413293885e-09,0.05389096626570465,-3531.993759468198,-3515.498396858573,-0.0018241951095806438,-3515.498396858573,-0.0018241951095806438,negative,negative,positive,False,0.0573762923742834,False,0.0,0.0573762923742834,0.5010950491019401,False,p<100M,0.50-0.55,0.50-1.00
1032,180641369,180641368,180641369,1,19.012024236946296,18.012024236946296,19.012024223804474,1.314182185296886e-08,0.04983171156921025,-7337.039638966322,-7319.0276147425175,-0.0015065656432311592,-7319.0276147425175,-0.0015065656432311592,negative,negative,positive,False,0.0526777806841792,False,0.0,0.0526777806841792,0.5010934392981352,False,100M<=p<500M,0.50-0.55,0.50-1.00
1033,30819869,30819868,30819869,1,17.243670137360514,16.243670137360514,17.243670135736465,1.6240484512763942e-09,0.054629188439259006,-3147.5270954333246,-3131.283425297588,-0.0018969136955163616,-3131.283425297588,-0.0018969136955163616,negative,negative,positive,False,0.0588432889266009,False,0.0,0.0588432889266009,0.5010929267900728,False,p<100M,0.50-0.55,>=1.00
1034,604866091,604866090,604866091,1,20.22051765430634,19.22051765430634,20.22051763534546,1.8960882641749777e-08,0.047008948938496574,-13267.788383245468,-13248.567865610123,-0.001317512597492393,-13248.567865610123,-0.001317512597492393,negative,negative,positive,False,0.0496337461663637,False,0.0,0.0496337461663637,0.5010913469505689,True,p>=500M,0.50-0.55,0.50-1.00
1035,12772339,12772338,12772339,1,16.362792374901147,15.362792374901147,16.362792374566197,3.3494984563731123e-10,0.057379310039601075,-2068.215895920992,-2052.8531035464257,-0.0021453977245222845,-2052.8531035464257,-0.0021453977245222845,negative,negative,positive,False,0.0617667099828097,False,0.0,0.0617667099828097,0.5010874781101886,False,p<100M,0.50-0.55,0.50-1.00
1036,109467517,109467516,109467517,1,18.51113841481016,17.51113841481016,18.511138409376144,5.434014127558839e-09,0.051103203370836285,-5792.23276245594,-5774.721624046564,-0.0016107278336069091,-5774.721624046564,-0.0016107278336069091,negative,negative,positive,False,0.0540584124171681,False,0.0,0.0540584124171681,0.5010823030268008,False,100M<=p<500M,0.50-0.55,0.50-1.00
1037,179472079,179472078,179472079,1,19.00553020504713,18.00553020504713,19.005530208349228,-3.302098150470556e-09,0.04984779301084994,-7314.74276226759,-7296.73723205924,-0.001507892150346311,-7296.73723205924,-0.001507892150346311,negative,negative,positive,False,0.052754244206941,False,0.0,0.052754244206941,0.501079519891418,False,100M<=p<500M,0.50-0.55,0.50-1.00
1038,187417903,187417902,187417903,1,19.04885145682348,18.04885145682348,19.04885146021843,-3.394948322466007e-09,0.04974071002420985,-7467.14366927743,-7449.094817817211,-0.0014995480100225707,-7449.094817817211,-0.0014995480100225707,negative,negative,positive,False,0.0531407114795376,False,0.0,0.0531407114795376,0.501079241544534,False,100M<=p<500M,0.50-0.55,>=1.00
1039,7055563,7055562,7055563,1,15.769326941644254,14.769326941644254,15.769326942041516,-3.972626672066326e-10,0.05939288062619801,-1527.4901532148942,-1512.7208262728527,-0.002290164267339349,-1512.7208262728527,-0.002290164267339349,negative,negative,positive,False,0.0636332271852552,False,0.0,0.0636332271852552,0.5010767252853359,False,p<100M,0.50-0.55,0.50-1.00
1040,30400789,30400788,30400789,1,17.22997911998702,16.22997911998702,17.229979120194912,-2.078905936286901e-10,0.05466992257074574,-3112.6123811788857,-3096.382402058691,-0.001891658170929489,-3096.382402058691,-0.001891658170929489,negative,negative,positive,False,0.058155166661356,False,0.0,0.058155166661356,0.5010738841550092,False,p<100M,0.50-0.55,0.50-1.00
1041,33929477,33929476,33929477,1,17.339794722553787,16.339794722553787,17.339794725179672,-2.625885286988705e-09,0.05434488732275984,-3287.441045001149,-3271.1012502759695,-0.001867744648903913,-3271.1012502759695,-0.001867744648903913,negative,negative,positive,False,0.0581526512748014,False,0.0,0.0581526512748014,0.5010721081087072,False,p<100M,0.50-0.55,0.50-1.00
1042,40836821,40836820,40836821,1,17.525094707878427,16.525094707878427,17.525094710290432,-2.4120048180975573e-09,0.05380507113616082,-3623.572723798454,-3607.0476290881634,-0.0018378292805628362,-3607.0476290881634,-0.0018378292805628362,negative,negative,positive,False,0.0576029681021219,False,0.0,0.0576029681021219,0.5010699916698665,False,p<100M,0.50-0.55,0.50-1.00
1043,30776353,30776352,30776353,1,17.242257193325095,16.242257193325095,17.242257192730904,5.941913627793838e-10,0.05463338949686108,-3135.5256277397275,-3119.2833705469966,-0.001891289514276777,-3119.2833705469966,-0.001891289514276777,negative,negative,positive,False,0.0581186934414031,False,0.0,0.0581186934414031,0.5010671243630467,False,p<100M,0.50-0.55,0.50-1.00
1044,3454223,3454222,3454223,1,15.05510809843038,14.05510809843038,15.055108098313212,1.1716672077000112e-10,0.06201067143339523,-1102.7127898666076,-1088.6576817682944,-0.002584332559635866,-1088.6576817682944,-0.002584332559635866,negative,negative,positive,False,0.0663552024669976,False,0.0,0.0663552024669976,0.5010607478619682,False,p<100M,0.50-0.55,0.50-1.00
1045,178016203,178016202,178016203,1,18.99738513220344,17.99738513220344,18.997385144233704,-1.2030263008000475e-08,0.0498679776222784,-7331.083632051945,-7313.086246907711,-0.001518739449992311,-7313.086246907711,-0.001518739449992311,negative,negative,positive,False,0.0535819133808564,False,0.0,0.0535819133808564,0.5010611103201446,False,100M<=p<500M,0.50-0.55,>=1.00
1046,109816381,109816380,109816381,1,18.514320265347404,17.514320265347404,18.514320269227028,-3.879623733382687e-09,0.051094922285013104,-5820.867445543408,-5803.353125274181,-0.0016155852884831407,-5803.353125274181,-0.0016155852884831407,negative,negative,positive,False,0.0544962849282872,False,0.0,0.0544962849282872,0.5010586109079652,False,100M<=p<500M,0.50-0.55,0.50-1.00
1047,179661673,179661672,179661673,1,19.00658604575582,18.00658604575582,19.00658604502678,7.290417158856144e-10,0.049845177684420684,-7323.303834050894,-7305.297248005867,-0.0015086966981409488,-7305.297248005867,-0.0015086966981409488,negative,negative,positive,False,0.0530176351764428,False,0.0,0.0530176351764428,0.5010586706946302,False,100M<=p<500M,0.50-0.55,0.50-1.00
1048,30776717,30776716,30776717,1,17.242269020517465,16.242269020517465,17.2422690205276,-1.0135892125617829e-11,0.054633354328809225,-3137.438119776547,-3121.1958507560194,-0.0018924353053733317,-3121.1958507560194,-0.0018924353053733317,negative,negative,positive,False,0.0582514018082677,False,0.0,0.0582514018082677,0.5010583604226978,False,p<100M,0.50-0.55,0.50-1.00
1049,604141169,604141168,604141169,1,20.219318452099937,19.219318452099937,20.219318509101868,-5.700193028701506e-08,0.047011591959808655,-13250.0561170578,-13230.836798548698,-0.0013166946528077612,-13230.836798548698,-0.0013166946528077612,negative,negative,positive,False,0.0498451115752558,False,0.0,0.0498451115752558,0.5010573179820698,True,p>=500M,0.50-0.55,0.50-1.00
1050,17591569,17591568,17591569,1,16.682930311143984,15.682930311143984,16.682930309325457,1.8185275507676124e-09,0.05634852358128861,-2391.3415966182947,-2375.6586663089693,-0.0020351062225744533,-2375.6586663089693,-0.0020351062225744533,negative,negative,positive,False,0.0600975242305102,False,0.0,0.0600975242305102,0.5010521380003513,False,p<100M,0.50-0.55,0.50-1.00
1051,108835253,108835252,108835253,1,18.50534585644821,17.50534585644821,18.505345851182938,5.265270885956852e-09,0.051118285954398004,-5770.167078241706,-5752.661732390523,-0.0016102363610231592,-5752.661732390523,-0.0016102363610231592,negative,negative,positive,False,0.0545099643960911,False,0.0,0.0545099643960911,0.5010482237969525,False,100M<=p<500M,0.50-0.55,0.50-1.00
1052,39640759,39640758,39640759,1,17.495368414568688,16.495368414568688,17.495368413627148,9.415401791557088e-10,0.05389094947689524,-3534.5540142804384,-3518.0586458668113,-0.0018255171181969015,-3518.0586458668113,-0.0018255171181969015,negative,negative,positive,False,0.0574714944854633,False,0.0,0.0574714944854633,0.5010462260147363,False,p<100M,0.50-0.55,0.50-1.00
1053,30336773,30336772,30336773,1,17.227871164988613,16.227871164988613,17.227871164679527,3.090860900556436e-10,0.054676199627224475,-3119.3154808729887,-3103.087609708309,-0.001898218123789288,-3103.087609708309,-0.001898218123789288,negative,negative,positive,False,0.0583789727930857,False,0.0,0.0583789727930857,0.5010443771268531,False,p<100M,0.50-0.55,0.50-1.00
1054,33865669,33865668,33865669,1,17.337912345345213,16.337912345345213,17.33791234344244,1.9027730502330087e-09,0.054350426412782364,-3303.7592191770673,-3287.421306833625,-0.0018792386244790406,-3287.421306833625,-0.0018792386244790406,negative,negative,positive,False,0.0588976206745489,False,0.0,0.0588976206745489,0.5010426406466361,False,p<100M,0.50-0.55,>=1.00
1055,179400047,179400046,179400047,1,19.00512876957333,18.00512876957333,19.005128771066666,-1.4933370096059662e-09,0.0498487874416999,-7312.945125490427,-7294.93999671936,-0.0015078870615276017,-7294.93999671936,-0.0015078870615276017,negative,negative,positive,False,0.0526726107882914,False,0.0,0.0526726107882914,0.5010338142818128,False,100M<=p<500M,0.50-0.55,0.50-1.00
1056,179379173,179379172,179379173,1,19.00501240831905,18.00501240831905,19.005012422800064,-1.448101372147903e-08,0.04984907569771059,-7344.523677021265,-7326.518664598465,-0.001514521129363136,-7326.518664598465,-0.001514521129363136,negative,negative,positive,False,0.053722866414157,False,0.0,0.053722866414157,0.5010337941509395,False,100M<=p<500M,0.50-0.55,>=1.00
1057,31034303,31034302,31034303,1,17.250603699063113,16.250603699063113,17.250603698194027,8.690861363902513e-10,0.054608582440609614,-3147.9630901142955,-3131.7124864161015,-0.0018890884361456495,-3131.7124864161015,-0.0018890884361456495,negative,negative,positive,False,0.0577357907455695,False,0.0,0.0577357907455695,0.5010297193979191,False,p<100M,0.50-0.55,0.50-1.00
1058,604357393,604357392,604357393,1,20.219676291172497,19.219676291172497,20.21967625617981,3.4992687858448335e-08,0.047010803257549104,-13246.745717167854,-13227.526040911674,-0.0013160830892211689,-13227.526040911674,-0.0013160830892211689,negative,negative,positive,False,0.0502046417587178,False,0.0,0.0502046417587178,0.5010242618811339,True,p>=500M,0.50-0.55,>=1.00
1059,109594403,109594402,109594403,1,18.51229686365595,17.51229686365595,18.512296870350838,-6.694886423019852e-09,0.05110018808170085,-5798.920565217733,-5781.408268347383,-0.0016114574387577874,-5781.408268347383,-0.0016114574387577874,negative,negative,positive,False,0.0544968190492292,False,0.0,0.0544968190492292,0.5010241286702433,False,100M<=p<500M,0.50-0.55,0.50-1.00
1060,40846573,40846572,40846573,1,17.52533348346227,16.52533348346227,17.525333486497402,-3.035133033790771e-09,0.053804382424372,-3614.0288630500436,-3597.503529563546,-0.0018326976986428735,-3597.503529563546,-0.0018326976986428735,negative,negative,positive,False,0.0569631998944803,False,0.0,0.0569631998944803,0.501023517383445,False,p<100M,0.50-0.55,0.50-1.00
1061,33914129,33914128,33914129,1,17.339342270180843,16.339342270180843,17.339342273771763,-3.5909195617023215e-09,0.054346218608120736,-3302.2995040267706,-3285.960161752999,-0.0018767512813948396,-3285.960161752999,-0.0018767512813948396,negative,negative,positive,False,0.0587143832589468,False,0.0,0.0587143832589468,0.501015379526984,False,p<100M,0.50-0.55,>=1.00
1062,604361011,604361010,604361011,1,20.219682277678515,19.219682277678515,20.219682335853577,-5.8175061212750734e-08,0.04701079006309693,-13245.423164606094,-13226.20348227024,-0.0013159467820073275,-13226.20348227024,-0.0013159467820073275,negative,negative,positive,False,0.0497861772683231,False,0.0,0.0497861772683231,0.5010154907697674,True,p>=500M,0.50-0.55,0.50-1.00
1063,108592613,108592612,108592613,1,18.5031139428928,17.5031139428928,18.503113940358162,2.534637388862393e-09,0.051124099747727,-5757.696199312806,-5740.193085372448,-0.0016089283826312335,-5740.193085372448,-0.0016089283826312335,negative,negative,positive,False,0.0545203554621977,False,0.0,0.0545203554621977,0.5010120320883062,False,100M<=p<500M,0.50-0.55,0.50-1.00
1064,40882469,40882468,40882469,1,17.52621189831774,16.52621189831774,17.52621189504862,3.2691218621039297e-09,0.05380184892167042,-3617.244990363717,-3600.7187784686685,-0.001833346396444003,-3600.7187784686685,-0.001833346396444003,negative,negative,positive,False,0.0567934646373467,False,0.0,0.0567934646373467,0.5010088798565899,False,p<100M,0.50-0.55,0.25-0.50
1065,109589027,109589026,109589027,1,18.512247808852848,17.512247808852848,18.512247815728188,-6.875339408907166e-09,0.05110031575767727,-5809.991862997413,-5792.4796151816845,-0.0016145915236938715,-5792.4796151816845,-0.0016145915236938715,negative,negative,positive,False,0.0543602998727245,False,0.0,0.0543602998727245,0.501008627544165,False,100M<=p<500M,0.50-0.55,0.50-1.00
1066,7114117,7114116,7114117,1,15.77759167779893,14.77759167779893,15.777591677382588,4.163407396617913e-10,0.059363874401958436,-1546.0346920900047,-1531.257100412622,-0.0023062489675143064,-1531.257100412622,-0.0023062489675143064,negative,negative,positive,False,0.06364220805078,False,0.0,0.06364220805078,0.5010049070323543,False,p<100M,0.50-0.55,0.50-1.00
1067,108591991,108591990,108591991,1,18.50310821504664,17.50310821504664,18.503108218312263,-3.2656224391303112e-09,0.051124114669584886,-5801.808186963201,-5784.305078744888,-0.0016212982545552293,-5784.305078744888,-0.0016212982545552293,negative,negative,positive,False,0.0549443196533628,False,0.0,0.0549443196533628,0.5010050906306948,False,100M<=p<500M,0.50-0.55,>=1.00
1068,109706759,109706758,109706759,1,18.513321536838767,17.513321536838767,18.51332153379917,3.0395952421713446e-09,0.051097521288385406,-5800.684144929051,-5783.170823395252,-0.0016109447290467848,-5783.170823395252,-0.0016109447290467848,negative,negative,positive,False,0.0547005126306362,False,0.0,0.0547005126306362,0.5009948342037563,False,100M<=p<500M,0.50-0.55,>=1.00
1069,40861279,40861278,40861279,1,17.525693448870705,16.525693448870705,17.52569344639778,2.4729231995479495e-09,0.05380334419218634,-3616.119982637465,-3599.594289191067,-0.0018333574768467128,-3599.594289191067,-0.0018333574768467128,negative,negative,positive,False,0.0570760752474639,False,0.0,0.0570760752474639,0.5009864858111477,False,p<100M,0.50-0.55,0.50-1.00
1070,31039139,31039138,31039139,1,17.250759514492515,16.250759514492515,17.25075951591134,-1.4188259456204833e-09,0.054608119547265105,-3153.7714771665633,-3137.520717650652,-0.0018924104062360183,-3137.520717650652,-0.0018924104062360183,negative,negative,positive,False,0.0582970257036431,False,0.0,0.0582970257036431,0.5009848386501594,False,p<100M,0.50-0.55,0.50-1.00
1071,30780077,30780076,30780077,1,17.24237818799631,16.24237818799631,17.242378186434507,1.5618013549101306e-09,0.05463302972240538,-3152.4280030839145,-3136.18562489748,-0.001901395999553234,-3136.18562489748,-0.001901395999553234,negative,negative,positive,False,0.0583531546770101,False,0.0,0.0583531546770101,0.5009845361679378,False,p<100M,0.50-0.55,0.50-1.00
1072,17594911,17594910,17594911,1,16.683120270469843,15.683120270469843,16.683120269328356,1.141486904998601e-09,0.056347922889435305,-2396.7362959235907,-2381.0531756542623,-0.0020394872562563247,-2381.0531756542623,-0.0020394872562563247,negative,negative,positive,False,0.0604306117113545,False,0.0,0.0604306117113545,0.5009817961175661,False,p<100M,0.50-0.55,0.50-1.00
1073,187494023,187494022,187494023,1,19.04925752553332,18.04925752553332,19.049257516860962,8.67235883106332e-09,0.04973970845825849,-7467.118328928947,-7449.0690714120865,-0.0014991744821402516,-7449.0690714120865,-0.0014991744821402516,negative,negative,positive,False,0.0528184107877725,False,0.0,0.0528184107877725,0.5009818979560738,False,100M<=p<500M,0.50-0.55,0.50-1.00
1074,604884331,604884330,604884331,1,20.22054780928653,19.22054780928653,20.220547795295715,1.3990813840791816e-08,0.047008882481250895,-13268.86814713478,-13249.647599339485,-0.001317596176194008,-13249.647599339485,-0.001317596176194008,negative,negative,positive,False,0.0500412215505364,False,0.0,0.0500412215505364,0.5009806544466852,True,p>=500M,0.50-0.55,>=1.00
1075,604361111,604361110,604361111,1,20.21968244314252,19.21968244314252,20.219682455062866,-1.1920345599492066e-08,0.04701078969840905,-13244.324752926826,-13225.105070471764,-0.0013158373646571578,-13225.105070471764,-0.0013158373646571578,negative,negative,positive,False,0.0501998774771426,False,0.0,0.0501998774771426,0.5009765329086558,True,p>=500M,0.50-0.55,>=1.00
1076,30399821,30399820,30399821,1,17.22994727820122,16.22994727820122,17.22994727641344,1.787778813877594e-09,0.0546700173783606,-3109.490268550813,-3093.2603212743998,-0.0018897878845495892,-3093.2603212743998,-0.0018897878845495892,negative,negative,positive,False,0.0579107278753571,False,0.0,0.0579107278753571,0.5009725033790083,False,p<100M,0.50-0.55,0.50-1.00
1077,187494157,187494156,187494157,1,19.049258240222507,18.049258240222507,19.0492582321167,8.105807580705005e-09,0.049739706695517444,-7467.773524463177,-7449.72426623106,-0.0014993056961659069,-7449.72426623106,-0.0014993056961659069,negative,negative,positive,False,0.0524179537194175,False,0.0,0.0524179537194175,0.5009659192420599,False,100M<=p<500M,0.50-0.55,0.50-1.00
1078,109527767,109527766,109527767,1,18.511688654983555,17.511688654983555,18.51168864965439,5.329166441470079e-09,0.051101771124231,-5806.088911190629,-5788.577222540975,-0.0016140524370716386,-5788.577222540975,-0.0016140524370716386,negative,negative,positive,False,0.0542052505928554,False,0.0,0.0542052505928554,0.5009617859322864,False,100M<=p<500M,0.50-0.55,0.50-1.00
1079,30781769,30781768,30781769,1,17.2424331571082,16.2424331571082,17.24243315681815,2.900470974509517e-10,0.054632866274763194,-3137.429958626628,-3121.1875254698098,-0.0018922389292075777,-3121.1875254698098,-0.0018922389292075777,negative,negative,positive,False,0.0582198634934368,False,0.0,0.0582198634934368,0.5009599198571499,False,p<100M,0.50-0.55,0.50-1.00
1080,179663629,179663628,179663629,1,19.00659693282661,18.00659693282661,19.00659692287445,9.952159985004982e-09,0.04984515071847812,-7321.624898284674,-7303.618301361799,-0.001508340021833295,-7303.618301361799,-0.001508340021833295,negative,negative,positive,False,0.0528439772376782,False,0.0,0.0528439772376782,0.5009593816049536,False,100M<=p<500M,0.50-0.55,0.50-1.00
1081,17999011,17999010,17999011,1,16.705827369906494,15.705827369906494,16.705827370285988,-3.794937697421119e-10,0.056276209926160115,-2421.410962086171,-2405.705134715885,-0.0020318053304444416,-2405.705134715885,-0.0020318053304444416,negative,negative,positive,False,0.0591723335658698,False,0.0,0.0591723335658698,0.500957861147414,False,p<100M,0.50-0.55,0.25-0.50
1082,179380961,179380960,179380961,1,19.00502237598173,18.00502237598173,19.00502237677574,-7.940101909298392e-10,0.0498490510051801,-7308.042025744915,-7290.037003368139,-0.0015069706327995188,-7290.037003368139,-0.0015069706327995188,negative,negative,positive,False,0.0521747116325183,False,0.0,0.0521747116325182,0.5009580872231973,False,100M<=p<500M,0.50-0.55,0.25-0.50
1083,109603309,109603308,109603309,1,18.51237812362827,17.51237812362827,18.512378126382828,-2.7545574710075016e-09,0.051099976586046134,-5800.4858322143555,-5782.973454087973,-0.001611814064393644,-5782.973454087973,-0.001611814064393644,negative,negative,positive,False,0.054542461859309,False,0.0,0.054542461859309,0.5009567510224898,False,100M<=p<500M,0.50-0.55,>=1.00
1084,179408591,179408590,179408591,1,19.005176393844856,18.005176393844856,19.00517639517784,-1.3329852777133055e-09,0.04984866946539306,-7323.631674140692,-7305.626497745514,-0.0015100524687654154,-7305.626497745514,-0.0015100524687654154,negative,negative,positive,False,0.0534419489733958,False,0.0,0.0534419489733958,0.5009486779087272,False,100M<=p<500M,0.50-0.55,>=1.00
1085,33412189,33412188,33412189,1,17.32443133149224,16.32443133149224,17.32443132996559,1.5266472530583997e-09,0.05439012857674622,-3260.0344435423613,-3243.7100122123957,-0.0018696985048522658,-3243.7100122123957,-0.0018696985048522658,negative,negative,positive,False,0.0583910982497657,False,0.0,0.0583910982497657,0.500945506786288,False,p<100M,0.50-0.55,>=1.00
1086,12772057,12772056,12772057,1,16.362770295694418,15.362770295694418,16.3627702947706,9.238192433258519e-10,0.05737938242494369,-2080.745963556692,-2065.3831932619214,-0.002158522337162502,-2065.3831932619214,-0.002158522337162502,negative,negative,positive,False,0.06227170973379,False,0.0,0.06227170973379,0.5009420665618312,False,p<100M,0.50-0.55,>=1.00
1087,108548851,108548850,108548851,1,18.50271086924868,17.50271086924868,18.50271086394787,5.300812233599572e-09,0.05112514983336283,-5755.081800162792,-5737.579089298844,-0.0016085899271820045,-5737.579089298844,-0.0016085899271820045,negative,negative,positive,False,0.0542782829612496,False,0.0,0.0542782829612496,0.5009408424339941,False,100M<=p<500M,0.50-0.55,0.50-1.00
1088,108811249,108811248,108811249,1,18.50512527858569,17.50512527858569,18.505125284194946,-5.609255282479353e-09,0.05111886046731452,-5767.459289863706,-5749.954164579511,-0.0016096943728842383,-5749.954164579511,-0.0016096943728842383,negative,negative,positive,False,0.0542851518691058,False,0.0,0.0542851518691058,0.5009327895948815,False,100M<=p<500M,0.50-0.55,0.50-1.00
1089,108537413,108537412,108537413,1,18.50260549178444,17.50260549178444,18.502605497837067,-6.052626844166298e-09,0.05112542436934326,-5770.227469980717,-5752.72486448288,-0.001612939555313475,-5752.72486448288,-0.001612939555313475,negative,negative,positive,False,0.0539085459451573,False,0.0,0.0539085459451573,0.5009323494517524,False,100M<=p<500M,0.50-0.55,0.50-1.00
1090,179149561,179149560,179149561,1,19.003731551251725,18.003731551251725,19.003731548786163,2.465561976805475e-09,0.049852248921480616,-7324.3858124911785,-7306.382080942392,-0.0015115298620081868,-7306.382080942392,-0.0015115298620081868,negative,negative,positive,False,0.0533156574202763,False,0.0,0.0533156574202763,0.5009281233926871,False,100M<=p<500M,0.50-0.55,>=1.00
1091,30336529,30336528,30336529,1,17.22786312191227,16.22786312191227,17.227863121777773,1.3449863445202936e-10,0.05467622358060027,-3116.5056129060686,-3100.277749784291,-0.001896508676340165,-3100.277749784291,-0.001896508676340165,negative,negative,positive,False,0.0581716915777917,False,0.0,0.0581716915777917,0.5009221926337069,False,p<100M,0.50-0.55,0.50-1.00
1092,108833029,108833028,108833029,1,18.505325421684084,17.505325421684084,18.50532542169094,-6.856737400084967e-12,0.05111833917785625,-5785.312646120787,-5767.807320699096,-0.0016144958473095455,-5767.807320699096,-0.0016144958473095455,negative,negative,positive,False,0.054911741915113,False,0.0,0.054911741915113,0.5009213424011256,False,100M<=p<500M,0.50-0.55,>=1.00
1093,30781631,30781630,30781631,1,17.24242867392501,16.24242867392501,17.242428675293922,-1.368913871147015e-09,0.05463287960522628,-3137.3694089390337,-3121.12698026374,-0.0018922074488381371,-3121.12698026374,-0.0018922074488381371,negative,negative,positive,False,0.0581949055190804,False,0.0,0.0581949055190804,0.5009208541945668,False,p<100M,0.50-0.55,0.50-1.00
1094,76020619,76020618,76020619,1,18.14651516408628,17.14651516408628,18.146515160799026,3.2872549127205275e-09,0.05207021800440944,-4837.229496702552,-4820.082981541753,-0.0016788130726160938,-4820.082981541753,-0.0016788130726160938,negative,negative,positive,False,0.0560191245093466,False,0.0,0.0560191245093466,0.500920725601493,False,p<100M,0.50-0.55,>=1.00
1095,108532337,108532336,108532337,1,18.502558723406985,17.502558723406985,18.50255872309208,3.149054350615188e-10,0.0511255462141953,-5782.437629133463,-5764.935070410371,-0.0016164090020591385,-5764.935070410371,-0.0016164090020591385,negative,negative,positive,False,0.0551289746581206,False,0.0,0.0551289746581206,0.5009050747200015,False,100M<=p<500M,0.50-0.55,>=1.00
1096,33489283,33489282,33489283,1,17.326736035165272,16.326736035165272,17.32673603668809,-1.5228174277126527e-09,0.054383337033102115,-3255.1629352532327,-3238.8361992165446,-0.0018642430878078604,-3238.8361992165446,-0.0018642430878078604,negative,negative,positive,False,0.0577474700715806,False,0.0,0.0577474700715806,0.5008956362442513,False,p<100M,0.50-0.55,0.50-1.00
1097,180619783,180619782,180619783,1,19.011904733368866,18.011904733368866,19.01190474629402,-1.2925156056553533e-08,0.04983200740750519,-7367.642945796251,-7349.631041049957,-0.0015129745427791886,-7349.631041049957,-0.0015129745427791886,negative,negative,positive,False,0.0532369055469006,False,0.0,0.0532369055469006,0.5008942119241302,False,100M<=p<500M,0.50-0.55,>=1.00
1098,30804737,30804736,30804737,1,17.243179034819295,16.243179034819295,17.24317903444171,3.7758596249659604e-10,0.054630648544507256,-3155.2536898069084,-3139.0105107724667,-0.0019021700629813809,-3139.0105107724667,-0.0019021700629813809,negative,negative,positive,False,0.058989272338129,False,0.0,0.058989272338129,0.5008939192752992,False,p<100M,0.50-0.55,>=1.00
1099,33920713,33920712,33920713,1,17.33953638871423,16.33953638871423,17.339536391198635,-2.4844055701578327e-09,0.054345647430298676,-3297.3121186196804,-3280.9725822284818,-0.0018736788394010805,-3280.9725822284818,-0.0018736788394010805,negative,negative,positive,False,0.0585467889999367,False,0.0,0.0585467889999367,0.5008914628289646,False,p<100M,0.50-0.55,>=1.00
1100,179407897,179407896,179407897,1,19.005172525572227,18.005172525572227,19.00517252087593,4.696296684869594e-09,0.04984867904797596,-7313.817958086729,-7295.812785565853,-0.0015080275326418402,-7295.812785565853,-0.0015080275326418402,negative,negative,positive,False,0.0531144456911841,False,0.0,0.0531144456911841,0.5008859802433631,False,100M<=p<500M,0.50-0.55,>=1.00
1101,33866149,33866148,33866149,1,17.33792651889065,16.33792651889065,17.337926521897316,-3.0066651390825427e-09,0.05435038470145494,-3298.297508634627,-3281.9595821127295,-0.0018761000927893967,-3281.9595821127295,-0.0018761000927893967,negative,negative,positive,False,0.0581857775751032,False,0.0,0.0581857775751032,0.5008850073279689,False,p<100M,0.50-0.55,0.50-1.00
1102,18001811,18001810,18001811,1,16.705982921910593,15.705982921910593,16.70598292350769,-1.5970975653090136e-09,0.05627571929250248,-2481.641752962023,-2465.9357700385153,-0.0020824740355918194,-2465.9357700385153,-0.0020824740355918194,negative,negative,positive,False,0.0615526936475914,False,0.0,0.0615526936475914,0.5008829868721751,False,p<100M,0.50-0.55,>=1.00
1103,33902461,33902460,33902461,1,17.33899816558593,16.33899816558593,17.338998168706894,-3.1209630435569125e-09,0.05434723113697567,-3303.56312212348,-3287.224123954773,-0.0018778707683162058,-3287.224123954773,-0.0018778707683162058,negative,negative,positive,False,0.0586781115263028,False,0.0,0.0586781115263028,0.5008833755946928,False,p<100M,0.50-0.55,>=1.00
1104,108583633,108583632,108583633,1,18.503031245082425,17.503031245082425,18.503031238913536,6.168889399305044e-09,0.051124315188184485,-5807.1952290683985,-5789.692197829485,-0.001622884181286414,-5789.692197829485,-0.001622884181286414,negative,negative,positive,False,0.055383249382152,False,0.0,0.055383249382152,0.5008799690461702,False,100M<=p<500M,0.50-0.55,>=1.00
1105,30799543,30799542,30799543,1,17.243010410171387,16.243010410171387,17.24301040917635,9.950369417310867e-10,0.05463114990321518,-3151.4254914857447,-3135.1824810765684,-0.0019000477120215365,-3135.1824810765684,-0.0019000477120215365,negative,negative,positive,False,0.0589063417634296,False,0.0,0.0589063417634296,0.5008728574284637,False,p<100M,0.50-0.55,>=1.00
1106,108548933,108548932,108548933,1,18.50271162466864,17.50271162466864,18.50271162390709,7.61549046046639e-10,0.051125147865305934,-5781.573667243123,-5764.070955619216,-0.0016160164548878896,-5764.070955619216,-0.0016160164548878896,negative,negative,positive,False,0.054595234329025,False,0.0,0.054595234329025,0.500860619492385,False,100M<=p<500M,0.50-0.55,>=1.00
1107,178014149,178014148,178014149,1,18.99737359386134,17.99737359386134,18.997373580932617,1.2928722981087049e-08,0.049868006227432565,-7309.803254365921,-7291.805880784988,-0.0015143306425481882,-7291.805880784988,-0.0015143306425481882,negative,negative,positive,False,0.0522691062283668,False,0.0,0.0522691062283668,0.5008586977631109,False,100M<=p<500M,0.50-0.55,0.25-0.50
1108,33930191,33930190,33930191,1,17.339815765981232,16.339815765981232,17.339815765619278,3.6195402230987384e-10,0.054344825406647895,-3325.188659325242,-3308.8488435596228,-0.0018892734354576932,-3308.8488435596228,-0.0018892734354576932,negative,negative,positive,False,0.0590885232164182,False,0.0,0.0590885232164182,0.5008572679721955,False,p<100M,0.50-0.55,>=1.00
1109,187509859,187509858,187509859,1,19.04934198332572,18.04934198332572,19.04934197664261,6.6831127298883075e-09,0.049739500148687464,-7492.199832648039,-7474.150490671396,-0.0015041454258161162,-7474.150490671396,-0.0015041454258161162,negative,negative,positive,False,0.0532746905385066,False,0.0,0.0532746905385066,0.5008560900853362,False,100M<=p<500M,0.50-0.55,>=1.00
1110,108549031,108549030,108549031,1,18.50271252748687,17.50271252748687,18.502712532877922,-5.391051161041105e-09,0.051125145513240114,-5768.5573961138725,-5751.054683580995,-0.0016123663242386679,-5751.054683580995,-0.0016123663242386679,negative,negative,positive,False,0.0548105176332126,False,0.0,0.0548105176332126,0.5008517608975238,False,100M<=p<500M,0.50-0.55,>=1.00
1111,179400083,179400082,179400083,1,19.00512897024215,18.00512897024215,19.005128979682922,-9.440771719937402e-09,0.04984878694459576,-7310.934867948294,-7292.929738968611,-0.0015074713518372655,-7292.929738968611,-0.0015074713518372655,negative,negative,positive,False,0.0529513872404459,False,0.0,0.0529513872404459,0.5008501918465955,False,100M<=p<500M,0.50-0.55,0.50-1.00
1112,30775301,30775300,30775301,1,17.242223010653085,16.242223010653085,17.242223009467125,1.1859597748298256e-09,0.05463349113898724,-3135.302284024656,-3119.0600610151887,-0.0018911939380196676,-3119.0600610151887,-0.0018911939380196676,negative,negative,positive,False,0.0575445522104413,False,0.0,0.0575445522104413,0.5008488131269995,False,p<100M,0.50-0.55,0.25-0.50
1113,108547793,108547792,108547793,1,18.50270112243748,17.50270112243748,18.502701118588448,3.8490313158945355e-09,0.05112517522624347,-5788.741445735097,-5771.2387446165085,-0.001618036351377917,-5771.2387446165085,-0.001618036351377917,negative,negative,positive,False,0.0551923003132832,False,0.0,0.0551923003132832,0.5008467533487649,False,100M<=p<500M,0.50-0.55,>=1.00
1114,604357543,604357542,604357543,1,20.219676539369978,19.219676539369978,20.21967649459839,4.4771589102765574e-08,0.04701080271051371,-13255.20798254013,-13235.988306045532,-0.001316924853175572,-13235.988306045532,-0.001316924853175572,negative,negative,positive,False,0.0502820747847901,False,0.0,0.0502820747847901,0.5008396210238514,True,p>=500M,0.50-0.55,>=1.00
1115,109467443,109467442,109467443,1,18.511137738810312,17.511137738810312,18.51113773882389,-1.3578471680375515e-11,0.051103205130477995,-5792.277314051986,-5774.766176313162,-0.0016107409225268377,-5774.766176313162,-0.0016107409225268377,negative,negative,positive,False,0.05439436807557,False,0.0,0.05439436807557,0.5008284604115094,False,100M<=p<500M,0.50-0.55,0.50-1.00
1116,33921493,33921492,33921493,1,17.33955938324952,16.33955938324952,17.339559383690357,-4.4083847683396016e-10,0.05434557977156138,-3279.6929250732064,-3263.353365689516,-0.0018635905900383667,-3263.353365689516,-0.0018635905900383667,negative,negative,positive,False,0.0575180001629738,False,0.0,0.0575180001629738,0.5008244220287054,False,p<100M,0.50-0.55,0.50-1.00
1117,179604479,179604478,179604479,1,19.0062676522742,18.0062676522742,19.00626766681671,-1.4542511195259067e-08,0.04984596631898588,-7338.644988626242,-7320.638720959425,-0.0015121563984648134,-7320.638720959425,-0.0015121563984648134,negative,negative,positive,False,0.0533605890133977,False,0.0,0.0533605890133977,0.5008223358255619,False,100M<=p<500M,0.50-0.55,>=1.00
1118,17590163,17590162,17590163,1,16.682850383299574,15.682850383299574,16.682850383222103,7.747047447992372e-11,0.05634877633396915,-2403.3871316052973,-2387.704281222075,-0.0020455264346068247,-2387.704281222075,-0.0020455264346068247,negative,negative,positive,False,0.0601487557243022,False,0.0,0.0601487557243022,0.5008213028815934,False,p<100M,0.50-0.55,0.50-1.00
1119,30802271,30802270,30802271,1,17.243098978991835,16.243098978991835,17.243098977953196,1.0386393967110052e-09,0.05463088656720488,-3137.7797216251493,-3121.536622647196,-0.0018916745608356822,-3121.536622647196,-0.0018916745608356822,negative,negative,positive,False,0.0582828772431081,False,0.0,0.0582828772431081,0.5008181477519538,False,p<100M,0.50-0.55,0.50-1.00
1120,178894409,178894408,178894409,1,19.00230629589445,18.00230629589445,19.002306282520294,1.3374155116707698e-08,0.04985578035405208,-7306.9726139009,-7288.97030761838,-0.0015092290948253409,-7288.97030761838,-0.0015092290948253409,negative,negative,positive,False,0.0527444806986635,False,0.0,0.0527444806986635,0.500811630936663,False,100M<=p<500M,0.50-0.55,0.50-1.00
1121,178036589,178036588,178036589,1,18.99749964331236,17.99749964331236,18.997499644756317,-1.443957842184318e-09,0.049867693735092485,-7313.828866571188,-7295.831366926432,-0.0015150510430177603,-7295.831366926432,-0.0015150510430177603,negative,negative,positive,False,0.0530767721992064,False,0.0,0.0530767721992064,0.500810722241014,False,100M<=p<500M,0.50-0.55,0.50-1.00
1122,187494079,187494078,187494079,1,19.04925782420945,18.04925782420945,19.049257814884186,9.32526589281224e-09,0.04973970772159041,-7465.970556199551,-7447.921298384666,-0.0014989432143637268,-7447.921298384666,-0.0014989432143637268,negative,negative,positive,False,0.0522201061251438,False,0.0,0.0522201061251438,0.5008084213747052,False,100M<=p<500M,0.50-0.55,0.25-0.50
1123,187420817,187420816,187420817,1,19.048867004843707,18.048867004843707,19.048867017030716,-1.2187008735509153e-08,0.049740671674374425,-7466.668276667595,-7448.619409650564,-0.0014994382030216905,-7448.619409650564,-0.0014994382030216905,negative,negative,positive,False,0.053034220917429,False,0.0,0.053034220917429,0.5008061593942718,False,100M<=p<500M,0.50-0.55,>=1.00
1124,3241151,3241150,3241151,1,14.991439071596847,13.991439071596847,14.99143907148391,1.1293721513538912e-10,0.06225521503156361,-1081.4072038140148,-1067.4157647425309,-0.002638136922988506,-1067.4157647425309,-0.002638136922988506,negative,negative,positive,False,0.0669522536547854,False,0.0,0.0669522536547854,0.5008038476247578,False,p<100M,0.50-0.55,0.50-1.00
1125,178014073,178014072,178014073,1,18.99737316692889,17.99737316692889,18.997373163700104,3.2287879037085077e-09,0.049868007285858086,-7309.792747527361,-7291.795374363661,-0.0015143288519418906,-7291.795374363661,-0.0015143288519418906,negative,negative,positive,False,0.0528549473289295,False,0.0,0.0528549473289295,0.5008052450607541,False,100M<=p<500M,0.50-0.55,0.50-1.00
1126,109494269,109494268,109494269,1,18.51138276795161,17.51138276795161,18.511382773518562,-5.566953120705875e-09,0.05110256732242131,-5795.458223238587,-5777.946840465069,-0.0016113880016208966,-5777.946840465069,-0.0016113880016208966,negative,negative,positive,False,0.0541033015819134,False,0.0,0.0541033015819134,0.5008036450753897,False,100M<=p<500M,0.50-0.55,0.50-1.00
1127,604676357,604676356,604676357,1,20.220203925752426,19.220203925752426,20.22020387649536,4.925706420522147e-08,0.047009640362287455,-13241.208946943283,-13221.988743066788,-0.001315116499971191,-13221.988743066788,-0.001315116499971191,negative,negative,positive,False,0.049416511214896,False,0.0,0.049416511214896,0.5008031982964136,True,p>=500M,0.50-0.55,0.50-1.00
1128,12830347,12830346,12830347,1,16.367323782212054,15.367323782212054,16.36732378229499,-8.29345481179189e-11,0.05736445794039134,-2062.0634604096413,-2046.6961366273463,-0.0021329408950799137,-2046.6961366273463,-0.0021329408950799137,negative,negative,positive,False,0.0604191265689465,False,0.0,0.0604191265689465,0.5007968667074297,False,p<100M,0.50-0.55,0.25-0.50
1129,1510669,1510668,1510669,1,14.228063157032665,13.228063157032665,14.228063157061115,-2.845013113983441e-11,0.06534384579097194,-763.1052875742316,-749.8772244171705,-0.0030137965817888515,-749.8772244171705,-0.0030137965817888515,negative,negative,positive,False,0.0696682143827288,False,0.0,0.0696682143827288,0.5007942917855708,False,p<100M,0.50-0.55,0.25-0.50
1130,180642733,180642732,180642733,1,19.01203178779059,18.01203178779059,19.01203179359436,-5.803769909107359e-09,0.049831692876758545,-7332.17363935709,-7314.161607563496,-0.001505557132983827,-7314.161607563496,-0.001505557132983827,negative,negative,positive,False,0.0527576768807692,False,0.0,0.0527576768807692,0.5007950897059268,False,100M<=p<500M,0.50-0.55,0.50-1.00
1131,604713503,604713502,604713503,1,20.22026535507516,19.22026535507516,20.22026538848877,-3.34136096569182e-08,0.04700950497710958,-13242.638122081757,-13223.417856693268,-0.0013152102574495552,-13223.417856693268,-0.0013152102574495552,negative,negative,positive,False,0.0496773189685459,False,0.0,0.0496773189685459,0.500794624367077,True,p>=500M,0.50-0.55,0.50-1.00
1132,178013497,178013496,178013497,1,18.997369931224423,17.997369931224423,18.997369945049286,-1.3824863032141366e-08,0.04986801530762552,-7322.711269855499,-7304.71389991045,-0.0015170146871017894,-7304.71389991045,-0.0015170146871017894,negative,negative,positive,False,0.0533559352645015,False,0.0,0.0533559352645015,0.5007840377945969,False,100M<=p<500M,0.50-0.55,>=1.00
1133,178037773,178037772,178037773,1,18.997506293608623,17.997506293608623,18.99750629067421,2.934413600996777e-09,0.04986767724828542,-7319.983695477247,-7301.986189186573,-0.0015163230486887791,-7301.986189186573,-0.0015163230486887791,negative,negative,positive,False,0.0532612509449289,False,0.0,0.0532612509449289,0.500783083460416,False,100M<=p<500M,0.50-0.55,>=1.00
1134,604432771,604432770,604432771,1,20.219801007607728,19.219801007607728,20.21980094909668,5.8511048450782255e-08,0.0470105283800325,-13245.562354803085,-13226.342553853989,-0.0013158670457752892,-13226.342553853989,-0.0013158670457752892,negative,negative,positive,False,0.0500841735521508,False,0.0,0.0500841735521508,0.5007720973194728,True,p>=500M,0.50-0.55,>=1.00
1135,30372631,30372630,30372631,1,17.229052464813922,16.229052464813922,17.22905246540904,-5.951186210495507e-10,0.054672681782509655,-3211.0289735533297,-3194.7999210879207,-0.0019528984967150612,-3194.7999210879207,-0.0019528984967150612,negative,negative,positive,False,0.0598227360923421,False,0.0,0.0598227360923421,0.5007659493672985,False,p<100M,0.50-0.55,>=1.00
1136,5897,5896,5897,1,8.682199026000504,7.682199026000504,8.68219902600049,1.4210854715202004e-14,0.10191217729329652,-72.21646498037626,-64.53426595437577,-0.011148471715457157,-64.53426595437577,-0.011148471715457157,negative,negative,positive,False,0.1166604661931528,False,0.0,0.1166604661931528,0.5000868188176477,False,p<100M,0.50-0.55,0.50-1.00
1137,40397051,40397050,40397051,1,17.514267345217604,16.514267345217604,17.514267347753048,-2.5354438548674807e-09,0.05383631947434745,-3598.5338619425893,-3582.0195945948362,-0.0018372538941729172,-3582.0195945948362,-0.0018372538941729172,negative,negative,positive,False,0.0579228585683904,False,0.0,0.0579228585683904,0.5007631820602102,False,p<100M,0.50-0.55,>=1.00
1138,33489319,33489318,33489319,1,17.326737110135454,16.326737110135454,17.326737109571695,5.637588174067787e-10,0.05438333386575403,-3256.5094628818333,-3240.1827257722616,-0.001865016901758765,-3240.1827257722616,-0.001865016901758765,negative,negative,positive,False,0.0576878486927585,False,0.0,0.0576878486927585,0.5007611991817756,False,p<100M,0.50-0.55,0.50-1.00
1139,33921133,33921132,33921133,1,17.33954877045278,16.33954877045278,17.339548774063587,-3.6108076528762467e-09,0.054345610998456736,-3301.1631137654185,-3284.823564991355,-0.0018758637440590285,-3284.823564991355,-0.0018758637440590285,negative,negative,positive,False,0.0577584668244067,False,0.0,0.0577584668244067,0.5007566473580395,False,p<100M,0.50-0.55,0.50-1.00
1140,109452439,109452438,109452439,1,18.51100066583287,17.51100066583287,18.51100066304207,2.7908022559586243e-09,0.05110356193679193,-5800.752860426903,-5783.241859763861,-0.0016132394754557714,-5783.241859763861,-0.0016132394754557714,negative,negative,positive,False,0.054684290006421,False,0.0,0.054684290006421,0.5007569865623778,False,100M<=p<500M,0.50-0.55,>=1.00
1141,179380801,179380800,179380801,1,19.00502148402492,18.00502148402492,19.00502148270607,1.3188490299853584e-09,0.0498490532147915,-7319.0872222185135,-7301.082200735807,-0.001509254671646051,-7301.082200735807,-0.001509254671646051,negative,negative,positive,False,0.0527310857325823,False,0.0,0.0527310857325823,0.5007551877027449,False,100M<=p<500M,0.50-0.55,0.50-1.00
1142,109507313,109507312,109507313,1,18.51150189037892,17.51150189037892,18.511501893401146,-3.022226024995689e-09,0.051102257253833626,-5807.401931807399,-5789.890429913998,-0.0016146019484736206,-5789.890429913998,-0.0016146019484736206,negative,negative,positive,False,0.0546230160820673,False,0.0,0.0546230160820673,0.5007550871780959,False,100M<=p<500M,0.50-0.55,>=1.00
1143,109709489,109709488,109709489,1,18.5133464210488,17.5133464210488,18.513346418738365,2.3104362867343298e-09,0.051097456528702234,-5790.710737556219,-5773.197391137481,-0.001608142224261597,-5773.197391137481,-0.001608142224261597,negative,negative,positive,False,0.0541159908639181,False,0.0,0.0541159908639181,0.5007540970354721,False,100M<=p<500M,0.50-0.55,0.50-1.00
1144,30402077,30402076,30402077,1,17.230021486411005,16.230021486411005,17.230021487921476,-1.510471747678821e-09,0.05466979642695876,-3142.8224838227034,-3126.592462334782,-0.0019100644041695313,-3126.592462334782,-0.0019100644041695313,negative,negative,positive,False,0.059307463297189,False,0.0,0.059307463297189,0.5007438926651506,False,p<100M,0.50-0.55,>=1.00
1145,30402173,30402172,30402173,1,17.230024644085017,16.230024644085017,17.23002464324236,8.426574993336544e-10,0.054669787025174596,-3118.2123254574835,-3101.982300814241,-0.0018950261411601389,-3101.982300814241,-0.0018950261411601389,negative,negative,positive,False,0.0583819238538428,False,0.0,0.0583819238538428,0.5007431723226903,False,p<100M,0.50-0.55,0.50-1.00
1146,604814009,604814008,604814009,1,20.22043154559044,19.22043154559044,20.220431566238403,-2.064796333911545e-08,0.047009138710771385,-13233.290131807327,-13214.069700241089,-0.001314149675324094,-13214.069700241089,-0.001314149675324094,negative,negative,positive,False,0.0494756295158382,False,0.0,0.0494756295158382,0.5007400270885096,True,p>=500M,0.50-0.55,0.50-1.00
1147,1518089,1518088,1518089,1,14.232962864995075,13.232962864995075,14.232962864916772,7.830358583760244e-11,0.06532305106459708,-769.0132796103135,-755.7803167453967,-0.0030280031870638727,-755.7803167453967,-0.0030280031870638727,negative,negative,positive,False,0.0696981157976294,False,0.0,0.0696981157976294,0.5007345366196172,False,p<100M,0.50-0.55,0.25-0.50
1148,33916499,33916498,33916499,1,17.339412150117706,16.339412150117706,17.33941215276718,-2.6494753058159404e-09,0.05434601299077555,-3296.80473408103,-3280.4653219282627,-0.0018735323811577276,-3280.4653219282627,-0.0018735323811577276,negative,negative,positive,False,0.0585439458953165,False,0.0,0.0585439458953165,0.5007280858424908,False,p<100M,0.50-0.55,>=1.00
1149,604692527,604692526,604692527,1,20.22023066697293,19.22023066697293,20.22023069858551,-3.161257922101868e-08,0.047009581426740006,-13255.255387663841,-13236.035156965256,-0.0013164925327844147,-13236.035156965256,-0.0013164925327844147,negative,negative,positive,False,0.0502751394000731,False,0.0,0.0502751394000731,0.5007270842736958,True,p>=500M,0.50-0.55,>=1.00
1150,33822053,33822052,33822053,1,17.336623603317918,16.336623603317918,17.33662360161543,1.7024888165906304e-09,0.05435421931819116,-3273.6588314399123,-3257.322207838297,-0.0018635098676914503,-3257.322207838297,-0.0018635098676914503,negative,negative,positive,False,0.0572889911098015,False,0.0,0.0572889911098015,0.5007247692428327,False,p<100M,0.50-0.55,0.25-0.50
1151,30405101,30405100,30405101,1,17.230120948352898,16.230120948352898,17.230120949447155,-1.094257129352627e-09,0.05466950028656419,-3117.0995627753437,-3100.8694418258965,-0.0018942338969099,-3100.8694418258965,-0.0018942338969099,negative,negative,positive,False,0.0583189578507988,False,0.0,0.0583189578507988,0.5007170317516578,False,p<100M,0.50-0.55,0.50-1.00
1152,109688263,109688262,109688263,1,18.51315292772562,17.51315292772562,18.513152927160263,5.653575385622389e-10,0.05109796008792708,-5799.409208491445,-5781.896055564284,-0.0016107547584653839,-5781.896055564284,-0.0016107547584653839,negative,negative,positive,False,0.0536493335791564,False,0.0,0.0536493335791564,0.5007101384606919,False,100M<=p<500M,0.50-0.55,0.25-0.50
1153,604205809,604205808,604205809,1,20.219425441236734,19.219425441236734,20.219425439834595,1.4021388494711573e-09,0.04701135614552835,-13248.723245859146,-13229.503820419312,-0.00131647763950418,-13229.503820419312,-0.00131647763950418,negative,negative,positive,False,0.0500916480596878,False,0.0,0.0500916480596878,0.5007089556871686,True,p>=500M,0.50-0.55,>=1.00
1154,179151251,179151250,179151251,1,19.003740984666017,18.003740984666017,19.00374099612236,-1.1456343429472327e-08,0.04985222554945873,-7323.05328848958,-7305.049547493458,-0.0015112455616404653,-7305.049547493458,-0.0015112455616404653,negative,negative,positive,False,0.0531896390827967,False,0.0,0.0531896390827967,0.5007088503052558,False,100M<=p<500M,0.50-0.55,>=1.00
1155,179408683,179408682,179408683,1,19.00517690664068,18.00517690664068,19.005176901817322,4.823359489591894e-09,0.049848668195082546,-7320.605791270733,-7302.600614368916,-0.001509426558705709,-7302.600614368916,-0.001509426558705709,negative,negative,positive,False,0.0532792716347628,False,0.0,0.0532792716347628,0.5007053384470823,False,100M<=p<500M,0.50-0.55,>=1.00
1156,31018763,31018762,31018763,1,17.25010283741915,16.25010283741915,17.25010283663869,7.80460140958894e-10,0.05461007044323909,-3150.534071072936,-3134.2839682362974,-0.0018912229397104257,-3134.2839682362974,-0.0018912229397104257,negative,negative,positive,False,0.0577392055749262,False,0.0,0.0577392055749262,0.5007033738223257,False,p<100M,0.50-0.55,0.50-1.00
1157,179149627,179149626,179149627,1,19.003731919658925,18.003731919658925,19.003731906414032,1.324489318221822e-08,0.04985224800872255,-7314.370885908604,-7296.36715400219,-0.0015094576571748285,-7296.36715400219,-0.0015094576571748285,negative,negative,positive,False,0.052449097351866,False,0.0,0.052449097351866,0.5007027359395764,False,100M<=p<500M,0.50-0.55,0.50-1.00
1158,108625471,108625470,108625471,1,18.50341647755884,17.50341647755884,18.50341647863388,-1.0750405010639952e-09,0.051123311614016995,-5772.39645203948,-5754.893035560846,-0.0016127519343549,-5754.893035560846,-0.0016127519343549,negative,negative,positive,False,0.0548992148437754,False,0.0,0.0548992148437754,0.5006996736734107,False,100M<=p<500M,0.50-0.55,>=1.00
1159,179471161,179471160,179471161,1,19.00552509003229,18.00552509003229,19.005525082349777,7.682512404016961e-09,0.049847805681450974,-7309.008082419634,-7291.002557337284,-0.001506711727426135,-7291.002557337284,-0.001506711727426135,negative,negative,positive,False,0.0528393789272466,False,0.0,0.0528393789272465,0.5006958071810073,False,100M<=p<500M,0.50-0.55,0.50-1.00
1160,604676123,604676122,604676123,1,20.22020353876848,19.22020353876848,20.220203518867493,1.990098752457925e-08,0.047009641215170754,-13249.851391196251,-13230.631187677383,-0.0013159764200987108,-13230.631187677383,-0.0013159764200987108,negative,negative,positive,False,0.0495283809568822,False,0.0,0.0495283809568822,0.5006952237585248,True,p>=500M,0.50-0.55,0.50-1.00
1161,33876413,33876412,33876413,1,17.338229548471332,16.338229548471332,17.338229551911354,-3.440021600908949e-09,0.05434949293094179,-3315.493146210909,-3299.1549166589975,-0.001885578000746587,-3299.1549166589975,-0.001885578000746587,negative,negative,positive,False,0.0585377659146537,False,0.0,0.0585377659146537,0.5006909425097943,False,p<100M,0.50-0.55,>=1.00
1162,40835593,40835592,40835593,1,17.52506463652532,16.52506463652532,17.525064639747143,-3.22182103218438e-09,0.05380515787364171,-3622.328276462853,-3605.803211823106,-0.0018372291653669555,-3605.803211823106,-0.0018372291653669555,negative,negative,positive,False,0.0573022479213347,False,0.0,0.0573022479213347,0.5006903594950153,False,p<100M,0.50-0.55,0.50-1.00
1163,33925349,33925348,33925349,1,17.339673051030964,16.339673051030964,17.339673049747944,1.2830199125346553e-09,0.054345245319840405,-3303.6374918073416,-3287.2978187575936,-0.0018771331562633562,-3287.2978187575936,-0.0018771331562633562,negative,negative,positive,False,0.0586968995381285,False,0.0,0.0586968995381285,0.5006892964369365,False,p<100M,0.50-0.55,>=1.00
1164,604356979,604356978,604356979,1,20.21967560614713,19.21967560614713,20.219675660133362,-5.3986230597047324e-08,0.047010804767367534,-13237.139236807823,-13217.91956114769,-0.001315127824533049,-13217.91956114769,-0.001315127824533049,negative,negative,positive,False,0.0497916518374952,False,0.0,0.0497916518374952,0.5006829637172452,True,p>=500M,0.50-0.55,0.50-1.00
1165,179410001,179410000,179410001,1,19.0051842529694,18.0051842529694,19.00518426299095,-1.0021551588579314e-08,0.04984864999658212,-7308.243168234825,-7290.237983971834,-0.0015068645386205224,-7290.237983971834,-0.0015068645386205224,negative,negative,positive,False,0.0523424802961385,False,0.0,0.0523424802961385,0.5006820769184136,False,100M<=p<500M,0.50-0.55,0.25-0.50
1166,109568141,109568140,109568141,1,18.512057205914747,17.512057205914747,18.512057200074196,5.840551153823981e-09,0.05110081185002006,-5824.207819566131,-5806.695762366056,-0.0016187417131833363,-5806.695762366056,-0.0016187417131833363,negative,negative,positive,False,0.0550760585666167,False,0.0,0.0550760585666167,0.5006794060419635,False,100M<=p<500M,0.50-0.55,>=1.00
1167,180641137,180641136,180641137,1,19.0120229526328,18.0120229526328,19.01202294230461,1.0328189858910264e-08,0.04983171474858698,-7333.183921605349,-7315.171898663044,-0.0015057731440581716,-7315.171898663044,-0.0015057731440581716,negative,negative,positive,False,0.0527240326383938,False,0.0,0.0527240326383938,0.5006778580395789,False,100M<=p<500M,0.50-0.55,0.50-1.00
1168,604866191,604866190,604866191,1,20.22051781963217,19.22051781963217,20.220517873764038,-5.4131866988882393e-08,0.04700894857414164,-13246.465276956558,-13227.244759082794,-0.0013153919768112469,-13227.244759082794,-0.0013153919768112469,negative,negative,positive,False,0.0499181365283003,False,0.0,0.0499181365283003,0.500673607019561,True,p>=500M,0.50-0.55,>=1.00
1169,179436911,179436910,179436911,1,19.0053342333602,18.0053342333602,19.005334228277206,5.082991805238635e-09,0.04984827846448071,-7306.795029401779,-7288.789695173502,-0.0015064284332289596,-7288.789695173502,-0.0015064284332289596,negative,negative,positive,False,0.0526897268156398,False,0.0,0.0526897268156398,0.5006718505387997,False,100M<=p<500M,0.50-0.55,0.50-1.00
1170,40835407,40835406,40835407,1,17.525060081664968,16.525060081664968,17.525060079991817,1.673150507031096e-09,0.05380517101165521,-3629.1039601415396,-3612.5789000615478,-0.0018406866634635215,-3612.5789000615478,-0.0018406866634635215,negative,negative,positive,False,0.0577275682750923,False,0.0,0.0577275682750923,0.5006688597390475,False,p<100M,0.50-0.55,>=1.00
1171,109710487,109710486,109710487,1,18.5133555177593,17.5133555177593,18.513355523347855,-5.588553619872982e-09,0.05109743285509262,-5788.989800542593,-5771.476445019245,-0.0016076539572496516,-5771.476445019245,-0.0016076539572496516,negative,negative,positive,False,0.053558207608188,False,0.0,0.053558207608188,0.5006674935051726,False,100M<=p<500M,0.50-0.55,0.25-0.50
1172,108553853,108553852,108553853,1,18.50275694882216,17.50275694882216,18.50275695323944,-4.417280763391318e-09,0.051125029784890426,-5779.846259459853,-5762.343502506614,-0.0016154876201874033,-5762.343502506614,-0.0016154876201874033,negative,negative,positive,False,0.0549840791501077,False,0.0,0.0549840791501077,0.5006586051499418,False,100M<=p<500M,0.50-0.55,>=1.00
1173,76018253,76018252,76018253,1,18.146484040466788,17.146484040466788,18.146484047174454,-6.707665534122498e-09,0.05207030210322761,-4830.27452327311,-4813.128039225936,-0.0016764225361399045,-4813.128039225936,-0.0016764225361399045,negative,negative,positive,False,0.0557750751240321,False,0.0,0.0557750751240321,0.500655872022686,False,p<100M,0.50-0.55,>=1.00
1174,604873349,604873348,604873349,1,20.220529653584467,19.220529653584467,20.220529675483704,-2.1899236202216343e-08,0.047008922493788394,-13246.399936676025,-13227.179407000542,-0.0013153761551148821,-13227.179407000542,-0.0013153761551148821,negative,negative,positive,False,0.0492944218218632,False,0.0,0.0492944218218632,0.5006527906699332,True,p>=500M,0.50-0.55,0.50-1.00
1175,17586113,17586112,17586113,1,16.682620114466232,15.682620114466232,16.682620115578175,-1.111942538045696e-09,0.056349504516666774,-2407.292878821492,-2391.610258705914,-0.00204916513017159,-2391.610258705914,-0.00204916513017159,negative,negative,positive,False,0.0608489823387839,False,0.0,0.0608489823387839,0.500651121465761,False,p<100M,0.50-0.55,>=1.00
1176,108582377,108582376,108582377,1,18.50301967789472,17.50301967789472,18.50301967561245,2.2822703726887994e-09,0.05112434532262366,-5790.897947430611,-5773.394927754998,-0.001618327345410189,-5773.394927754998,-0.001618327345410189,negative,negative,positive,False,0.0551686357806357,False,0.0,0.0551686357806357,0.5006508965669352,False,100M<=p<500M,0.50-0.55,>=1.00
1177,109526147,109526146,109526147,1,18.511673864104264,17.511673864104264,18.511673867702484,-3.5982203883122565e-09,0.051101809623075756,-5796.605196595192,-5779.0935227274895,-0.0016114225508075083,-5779.0935227274895,-0.0016114225508075083,negative,negative,positive,False,0.0541493262269027,False,0.0,0.0541493262269027,0.5006478710323271,False,100M<=p<500M,0.50-0.55,0.50-1.00
1178,33388547,33388546,33388547,1,17.323723494950226,16.323723494950226,17.32372349500656,-5.6335380804739543e-11,0.054392214781686724,-3248.0850085504353,-3231.7612850554287,-0.0018636228531037956,-3231.7612850554287,-0.0018636228531037956,negative,negative,positive,False,0.0581067238097937,False,0.0,0.0581067238097937,0.5006470110939437,False,p<100M,0.50-0.55,0.50-1.00
1179,179642423,179642422,179642423,1,19.00647889418013,18.00647889418013,19.006478905677795,-1.1497665042270455e-08,0.04984544308731745,-7345.927631944418,-7327.92115303874,-0.001513467154503156,-7327.92115303874,-0.001513467154503156,negative,negative,positive,False,0.0534641342034545,False,0.0,0.0534641342034545,0.5006465476081441,False,100M<=p<500M,0.50-0.55,>=1.00
1180,178911827,178911826,178911827,1,19.00240365585222,18.00240365585222,19.002403646707535,9.14468500923249e-09,0.04985553910413328,-7318.815677434206,-7300.8132737874985,-0.0015115921822165684,-7300.8132737874985,-0.0015115921822165684,negative,negative,positive,False,0.0531932038027157,False,0.0,0.0531932038027157,0.500643881789272,False,100M<=p<500M,0.50-0.55,>=1.00
1181,604810847,604810846,604810847,1,20.220426317523263,19.220426317523263,20.220426321029663,-3.5064005032836576e-09,0.04700915023279242,-13266.117880225182,-13246.897453904152,-0.0013174185463878483,-13246.897453904152,-0.0013174185463878483,negative,negative,positive,False,0.0504180546017721,False,0.0,0.0504180546017721,0.500641528287421,True,p>=500M,0.50-0.55,>=1.00
1182,39693151,39693150,39693151,1,17.496689211882636,16.496689211882636,17.496689215302467,-3.4198315290723258e-09,0.05388712793929405,-3560.9424647390842,-3544.445775523782,-0.0018377176787963904,-3544.445775523782,-0.0018377176787963904,negative,negative,positive,False,0.0581312364374822,False,0.0,0.0581312364374822,0.5006412538787332,False,p<100M,0.50-0.55,>=1.00
1183,108591871,108591870,108591871,1,18.50310710999216,17.50310710999216,18.503107115626335,-5.63417401622246e-09,0.051124117548410765,-5755.820616051555,-5738.317508935928,-0.0016084093571107066,-5738.317508935928,-0.0016084093571107066,negative,negative,positive,False,0.0542251619253325,False,0.0,0.0542251619253325,0.5006406143036481,False,100M<=p<500M,0.50-0.55,0.50-1.00
1184,33902969,33902968,33902969,1,17.33901314963662,16.33901314963662,17.339013151824474,-2.1878534539609973e-09,0.05434718704557695,-3308.731981821358,-3292.3929686695337,-0.0018808061981815522,-3292.3929686695337,-0.0018808061981815522,negative,negative,positive,False,0.0587979559752038,False,0.0,0.0587979559752038,0.500638552073185,False,p<100M,0.50-0.55,>=1.00
1185,178906097,178906096,178906097,1,19.002371628390115,18.002371628390115,19.00237163901329,-1.0623175228374748e-08,0.04985561846527729,-7308.534421414137,-7290.532049775124,-0.0015094927734715683,-7290.532049775124,-0.0015094927734715683,negative,negative,positive,False,0.0527304486763606,False,0.0,0.0527304486763606,0.5006372870147432,False,100M<=p<500M,0.50-0.55,0.50-1.00
1186,180640561,180640560,180640561,1,19.01201976398525,18.01201976398525,19.012019753456116,1.0529134897296899e-08,0.049831722642231346,-7346.5565792918205,-7328.544559538364,-0.00150852871686487,-7328.544559538364,-0.00150852871686487,negative,negative,positive,False,0.0532380313320722,False,0.0,0.0532380313320722,0.5006331980705448,False,100M<=p<500M,0.50-0.55,>=1.00
1187,108593897,108593896,108593897,1,18.503125766831587,17.503125766831587,18.50312577188015,-5.048562456977379e-09,0.05112406894470397,-5764.980940744281,-5747.477814972401,-0.0016109586488909824,-5747.477814972401,-0.0016109586488909824,negative,negative,positive,False,0.0546529133139765,False,0.0,0.0546529133139765,0.500631567139521,False,100M<=p<500M,0.50-0.55,>=1.00
1188,30776233,30776232,30776233,1,17.242253294220024,16.242253294220024,17.24225329607725,-1.8572272608707863e-09,0.05463340109082539,-3136.2214135974646,-3119.9791603013873,-0.0018917159303410613,-3119.9791603013873,-0.0018917159303410613,negative,negative,positive,False,0.0579233664053522,False,0.0,0.0579233664053522,0.5006290492498291,False,p<100M,0.50-0.55,0.50-1.00
1189,33863147,33863146,33863147,1,17.337837871874388,16.337837871874388,17.337837874889374,-3.0149855945182935e-09,0.054350645581810055,-3278.4131569340825,-3262.075319059193,-0.00186483517103973,-3262.075319059193,-0.00186483517103973,negative,negative,positive,False,0.0579572781844086,False,0.0,0.0579572781844086,0.5006279192937745,False,p<100M,0.50-0.55,0.50-1.00
1190,109814501,109814500,109814501,1,18.51430314571484,17.51430314571484,18.514303147792816,-2.0779751253030554e-09,0.05109496683342263,-5810.812951385975,-5793.298648238182,-0.001612803028104291,-5793.298648238182,-0.001612803028104291,negative,negative,positive,False,0.0546547784088785,False,0.0,0.0546547784088785,0.5006264274303974,False,100M<=p<500M,0.50-0.55,>=1.00
1191,179382943,179382942,179382943,1,19.005033425030863,18.005033425030863,19.005033433437347,-8.406484397482927e-09,0.04984902363379854,-7351.529199153185,-7333.5241657197475,-0.0015159500073898095,-7333.5241657197475,-0.0015159500073898095,negative,negative,positive,False,0.0537636723765154,False,0.0,0.0537636723765154,0.5006241965434349,False,100M<=p<500M,0.50-0.55,>=1.00
1192,179662363,179662362,179662363,1,19.006589886300457,18.006589886300457,19.006589889526367,-3.2259102056286793e-09,0.049845168171858106,-7367.079847544432,-7349.073257654905,-0.0015177338320406365,-7349.073257654905,-0.0015177338320406365,negative,negative,positive,False,0.0537690815764019,False,0.0,0.0537690815764019,0.5006231876034863,False,100M<=p<500M,0.50-0.55,>=1.00
1193,604692299,604692298,604692299,1,20.220230289921734,19.220230289921734,20.22023034095764,-5.103590794419688e-08,0.04700958225773018,-13249.677922606468,-13230.45769226551,-0.0013159380799400845,-13230.45769226551,-0.0013159380799400845,negative,negative,positive,False,0.0501551319285789,False,0.0,0.0501551319285789,0.5006003939853091,True,p>=500M,0.50-0.55,>=1.00
1194,30418693,30418692,30418693,1,17.23056787871789,16.23056787871789,17.230567879974842,-1.256953652273296e-09,0.05466816962469846,-3114.3628852292895,-3098.1323173493147,-0.0018920408339614494,-3098.1323173493147,-0.0018920408339614494,negative,negative,positive,False,0.0576454444892701,False,0.0,0.0576454444892701,0.5005983820418296,False,p<100M,0.50-0.55,0.25-0.50
1195,187449671,187449670,187449671,1,19.04902094600996,18.04902094600996,19.04902094602585,-1.588773557159584e-11,0.04974029197529648,-7480.568530678749,-7462.519509732723,-0.0015020964495486406,-7462.519509732723,-0.0015020964495486406,negative,negative,positive,False,0.0531234516953333,False,0.0,0.0531234516953333,0.5005985031786854,False,100M<=p<500M,0.50-0.55,>=1.00
1196,108596063,108596062,108596063,1,18.50314571250496,17.50314571250496,18.503145709633827,2.8711326649499824e-09,0.05112401698350426,-5766.114019691944,-5748.61087398231,-0.0016112566909601057,-5748.61087398231,-0.0016112566909601057,negative,negative,positive,False,0.0546575804301915,False,0.0,0.0546575804301915,0.500588663344206,False,100M<=p<500M,0.50-0.55,>=1.00
1197,31020191,31020190,31020191,1,17.25014887301157,16.25014887301157,17.250148873776197,-7.646256960924802e-10,0.05460993367339237,-3181.273949135095,-3165.0238002613187,-0.0019097171638451313,-3165.0238002613187,-0.0019097171638451313,negative,negative,positive,False,0.0591767793252844,False,0.0,0.0591767793252844,0.5005863205514982,False,p<100M,0.50-0.55,>=1.00
1198,108595631,108595630,108595631,1,18.503141734452274,17.503141734452274,18.50314173102379,3.428485939593884e-09,0.05112402734686567,-5759.686320409179,-5742.183178678155,-0.001609458989525754,-5742.183178678155,-0.001609458989525754,negative,negative,positive,False,0.0540053006478409,False,0.0,0.0540053006478409,0.5005822485049407,False,100M<=p<500M,0.50-0.55,0.50-1.00
1199,354353,354352,354353,1,12.778048870408291,11.778048870408291,12.778048870386556,2.1735502286901465e-11,0.0721347053940645,-378.89024317549774,-367.1121943051112,-0.003777040695290465,-367.1121943051112,-0.003777040695290465,negative,negative,positive,False,0.0773429809248389,False,0.0,0.0773429809248389,0.5005693334266765,False,p<100M,0.50-0.55,0.25-0.50
1200,2274949,2274948,2274949,1,14.637468192533492,13.637468192533492,14.637468192726374,-1.928821546925974e-10,0.0636505003522946,-918.1451051230542,-904.5076369303279,-0.002798945723508171,-904.5076369303279,-0.002798945723508171,negative,negative,positive,False,0.0676804907283951,False,0.0,0.0676804907283952,0.500577525353275,False,p<100M,0.50-0.55,0.25-0.50
1201,112219463,112219462,112219463,1,18.53596700303238,17.53596700303238,18.535967007279396,-4.247016960334804e-09,0.05103865537370386,-5833.776958346367,-5816.2409913390875,-0.0015980037879935632,-5816.2409913390875,-0.0015980037879935632,negative,negative,positive,False,0.0541123728605688,False,0.0,0.0541123728605688,0.5005780889453075,False,100M<=p<500M,0.50-0.55,0.50-1.00
1202,604864277,604864276,604864277,1,20.220514655290945,19.220514655290945,20.22051465511322,1.7772450178199506e-10,0.04700895554790605,-13253.414320707321,-13234.193806052208,-0.0013160855234988051,-13234.193806052208,-0.0013160855234988051,negative,negative,positive,False,0.0500681122179068,False,0.0,0.0500681122179068,0.5005759876383261,True,p>=500M,0.50-0.55,>=1.00
1203,187422077,187422076,187422077,1,19.048873727660222,18.048873727660222,19.048873722553253,5.106969069856859e-09,0.049740655092287464,-7488.491694331169,-7470.442820608616,-0.0015038252303555804,-7470.442820608616,-0.0015038252303555804,negative,negative,positive,False,0.0534687166989851,False,0.0,0.0534687166989851,0.5005753299036151,False,100M<=p<500M,0.50-0.55,>=1.00
1204,109588861,109588860,109588861,1,18.512246294101505,17.512246294101505,18.512246295809746,-1.7082406600366085e-09,0.051100319700162836,-5792.089837953448,-5774.577591657639,-0.0016096030092565773,-5774.577591657639,-0.0016096030092565773,negative,negative,positive,False,0.0533838541467366,False,0.0,0.0533838541467366,0.5005750477667643,False,100M<=p<500M,0.50-0.55,0.10-0.25
1205,30387079,30387078,30387079,1,17.22952804312963,16.22952804312963,17.229528043419123,-2.894928741170588e-10,0.05467126566417327,-3151.958496324718,-3135.728968281299,-0.001916228424761034,-3135.728968281299,-0.001916228424761034,negative,negative,positive,False,0.0588391431046485,False,0.0,0.0588391431046485,0.500569086919923,False,p<100M,0.50-0.55,>=1.00
1206,33471577,33471576,33471577,1,17.326207188898582,16.326207188898582,17.32620719075203,-1.8534471735165425e-09,0.05438489529780745,-3256.8193572871387,-3240.4931500963867,-0.0018658039735784955,-3240.4931500963867,-0.0018658039735784955,negative,negative,positive,False,0.0576972499092111,False,0.0,0.0576972499092111,0.5005656195080382,False,p<100M,0.50-0.55,0.50-1.00
1207,39638069,39638068,39638069,1,17.495300552818737,16.495300552818737,17.49530055373907,-9.203340312069486e-10,0.053891145839715125,-3573.8260678350925,-3557.3307672813535,-0.0018459723371278107,-3557.3307672813535,-0.0018459723371278107,negative,negative,positive,False,0.0585308390628215,False,0.0,0.0585308390628215,0.5005572789259854,False,p<100M,0.50-0.55,>=1.00
1208,30802309,30802308,30802309,1,17.243100212666345,16.243100212666345,17.243100211024284,1.6420607096279127e-09,0.05463088289921719,-3141.2935234084725,-3125.0504231974483,-0.0018938025111166822,-3125.0504231974483,-0.0018938025111166822,negative,negative,positive,False,0.0583791167720737,False,0.0,0.0583791167720737,0.5005574197619921,False,p<100M,0.50-0.55,0.50-1.00
1209,109593481,109593480,109593481,1,18.51228845078218,17.51228845078218,18.512288451194763,-4.1258374494645977e-10,0.05110020997802068,-5839.55979283154,-5822.047504380345,-0.0016227931528694367,-5822.047504380345,-0.0016227931528694367,negative,negative,positive,False,0.0552477469879636,False,0.0,0.0552477469879636,0.5005573745713183,False,100M<=p<500M,0.50-0.55,>=1.00
1210,604170643,604170642,604170643,1,20.21936723752058,19.21936723752058,20.219367265701294,-2.8180714650716254e-08,0.04701148443178757,-13264.473596453667,-13245.254229187965,-0.0013180909208743965,-13245.254229187965,-0.0013180909208743965,negative,negative,positive,False,0.0502961014855357,False,0.0,0.0502961014855357,0.5005565908792333,True,p>=500M,0.50-0.55,>=1.00
1211,109590113,109590112,109590113,1,18.51225771855502,17.51225771855502,18.51225772500038,-6.445361577789299e-09,0.05110028996543402,-5803.768929734826,-5786.256672009826,-0.001612847226896191,-5786.256672009826,-0.001612847226896191,negative,negative,positive,False,0.0544964114389901,False,0.0,0.0544964114389901,0.5005514213412101,False,100M<=p<500M,0.50-0.55,0.50-1.00
1212,7103101,7103100,7103101,1,15.776042007222792,14.776042007222792,15.776042006909847,3.129443371108209e-10,0.0593693110362675,-1542.2461991189048,-1527.470157111995,-0.0023027809654896144,-1527.470157111995,-0.0023027809654896144,negative,negative,positive,False,0.0628547651992971,False,0.0,0.0628547651992971,0.5005502809733204,False,p<100M,0.50-0.55,0.25-0.50
1213,3241201,3241200,3241201,1,14.991454498096363,13.991454498096363,14.991454497911036,1.8532730905462813e-10,0.06225515554837153,-1101.4243232025765,-1087.4328687046655,-0.0026875832878342745,-1087.4328687046655,-0.0026875832878342745,negative,negative,positive,False,0.0680971441582546,False,0.0,0.0680971441582546,0.5005471112099938,False,p<100M,0.50-0.55,>=1.00
1214,604810753,604810752,604810753,1,20.22042616210276,19.22042616210276,20.220426201820374,-3.9717612310141703e-08,0.047009150575320305,-13232.779158830643,-13213.558732628822,-0.0013141030961470045,-13213.558732628822,-0.0013141030961470045,negative,negative,positive,False,0.0492954387906353,False,0.0,0.0492954387906353,0.500549235398655,True,p>=500M,0.50-0.55,0.50-1.00
1215,30386869,30386868,30386869,1,17.229521132273682,16.229521132273682,17.22952113300562,-7.319371775338368e-10,0.05467128624194306,-3131.4832597114146,-3115.253738578409,-0.0019037242187640105,-3115.253738578409,-0.0019037242187640105,negative,negative,positive,False,0.0588988442425862,False,0.0,0.0588988442425862,0.5005485478527377,False,p<100M,0.50-0.55,>=1.00
1216,112219519,112219518,112219519,1,18.535967502054422,17.535967502054422,18.535967499017715,3.0367068859504798e-09,0.051038654078006486,-5834.169056892395,-5816.633089393377,-0.0015981110315715357,-5816.633089393377,-0.0015981110315715357,negative,negative,positive,False,0.0541406508320508,False,0.0,0.0541406508320508,0.5005444565850035,False,100M<=p<500M,0.50-0.55,0.50-1.00
1217,178039549,178039548,178039549,1,18.9975162689701,17.9975162689701,18.99751627445221,-5.4821107653424406e-09,0.04986765251830076,-7329.215116322041,-7311.217600047588,-0.0015182308672210603,-7311.217600047588,-0.0015182308672210603,negative,negative,positive,False,0.0534149386688814,False,0.0,0.0534149386688814,0.5005441548512792,False,100M<=p<500M,0.50-0.55,>=1.00
1218,109705303,109705302,109705303,1,18.51330826500688,17.51330826500688,18.51330827176571,-6.758828163810904e-09,0.05109755582760891,-5807.23601809144,-5789.7227098196745,-0.0016127828197385879,-5789.7227098196745,-0.0016127828197385879,negative,negative,positive,False,0.0547102046489548,False,0.0,0.0547102046489549,0.5005423871761876,False,100M<=p<500M,0.50-0.55,>=1.00
1219,109726283,109726282,109726283,1,18.513499486338745,17.513499486338745,18.51349948346615,2.8725963829856482e-09,0.05109705818894545,-5811.549515858293,-5794.036016374826,-0.001613796688404734,-5794.036016374826,-0.001613796688404734,negative,negative,positive,False,0.0543187954462519,False,0.0,0.0543187954462519,0.5005408891330392,False,100M<=p<500M,0.50-0.55,0.50-1.00
1220,17640167,17640166,17640167,1,16.68568907561829,15.685689075618289,16.685689076781273,-1.1629843754690228e-09,0.05633980103194847,-2387.8891489729285,-2372.2034598961473,-0.002028674151570025,-2372.2034598961473,-0.002028674151570025,negative,negative,positive,False,0.0599169349585089,False,0.0,0.0599169349585089,0.5005323292302151,False,p<100M,0.50-0.55,0.50-1.00
1221,76024139,76024138,76024139,1,18.146561466241604,17.146561466241604,18.146561473608017,-7.3664132571593655e-09,0.05207009289232352,-4836.800957649946,-4819.654396176338,-0.0016786163696134284,-4819.654396176338,-0.0016786163696134284,negative,negative,positive,False,0.0557012615372335,False,0.0,0.0557012615372335,0.5005217581934827,False,p<100M,0.50-0.55,>=1.00
1222,109591463,109591462,109591463,1,18.512270037108657,17.512270037108657,18.512270033359528,3.7491290072466654e-09,0.05110025790364569,-5802.373621314764,-5784.8613512814045,-0.0016124462210849867,-5784.8613512814045,-0.0016124462210849867,negative,negative,positive,False,0.0544056248012128,False,0.0,0.0544056248012128,0.5005170243317842,False,100M<=p<500M,0.50-0.55,0.50-1.00
1223,604432651,604432650,604432651,1,20.21980080907446,19.21980080907446,20.21980082988739,-2.0812930046076872e-08,0.047010528817601246,-13246.881160020828,-13227.66135919094,-0.0013159984080247285,-13227.66135919094,-0.0013159984080247285,negative,negative,positive,False,0.0500016508242014,False,0.0,0.0500016508242014,0.5005163596301468,True,p>=500M,0.50-0.55,>=1.00
1224,12784633,12784632,12784633,1,16.363754460781138,15.363754460781138,16.363754460588098,1.9304025045130402e-10,0.057376156075779526,-2057.0358028821647,-2041.6720484215766,-0.002132435686227903,-2041.6720484215766,-0.002132435686227903,negative,negative,positive,False,0.0605715274214732,False,0.0,0.0605715274214732,0.5005127980117441,False,p<100M,0.50-0.55,0.25-0.50
1225,178013449,178013448,178013449,1,18.99736966158191,17.99736966158191,18.997369647026062,1.4555848082409284e-08,0.049868015976107426,-7312.706009179354,-7294.708639532328,-0.0015149370806337155,-7294.708639532328,-0.0015149370806337155,negative,negative,positive,False,0.0528018279129453,False,0.0,0.0528018279129453,0.5005087753658113,False,100M<=p<500M,0.50-0.55,0.50-1.00
1226,179412329,179412328,179412329,1,19.005197228750472,18.005197228750472,19.00519722700119,1.7492816084541118e-09,0.04984861785270051,-7317.609929829836,-7299.604732602835,-0.0015087887608815924,-7299.604732602835,-0.0015087887608815924,negative,negative,positive,False,0.0530676064879347,False,0.0,0.0530676064879347,0.5005058633127446,False,100M<=p<500M,0.50-0.55,0.50-1.00
1227,2275549,2275548,2275549,1,14.637731899935837,13.637731899935837,14.637731899973005,-3.716849050761084e-11,0.06364943773397679,-918.0032463064417,-904.3655144064687,-0.0027980361453928113,-904.3655144064687,-0.0027980361453928113,negative,negative,positive,False,0.0675544847184339,False,0.0,0.0675544847184339,0.500498271015141,False,p<100M,0.50-0.55,0.25-0.50
1228,108624221,108624220,108624221,1,18.503404970062665,17.503404970062665,18.50340497493744,-4.874774361951495e-09,0.05112334159177712,-5780.628374516964,-5763.1249695420265,-0.0016150701540802994,-5763.1249695420265,-0.0016150701540802994,negative,negative,positive,False,0.0550486957228522,False,0.0,0.0550486957228522,0.5004974230734828,False,100M<=p<500M,0.50-0.55,>=1.00
1229,604693459,604693458,604693459,1,20.22023220825092,19.22023220825092,20.220232248306274,-4.005535458873055e-08,0.04700957802988899,-13236.904508948326,-13217.68427670002,-0.0013146660901084228,-13217.68427670002,-0.0013146660901084228,negative,negative,positive,False,0.0497381509976261,False,0.0,0.0497381509976261,0.5004934714682265,True,p>=500M,0.50-0.55,0.50-1.00
1230,109670843,109670842,109670843,1,18.5129941014033,17.5129941014033,18.512994095683098,5.720202977954614e-09,0.05109837343495284,-5800.210769921541,-5782.697775825858,-0.001611133688434198,-5782.697775825858,-0.001611133688434198,negative,negative,positive,False,0.0544253157005279,False,0.0,0.0544253157005279,0.5004910687364007,False,100M<=p<500M,0.50-0.55,0.50-1.00
1231,604325339,604325338,604325339,1,20.21962325161272,19.21962325161272,20.21962320804596,4.356676086558764e-08,0.047010920158770515,-13240.889903903008,-13221.670280694962,-0.0013155422547674548,-13221.670280694962,-0.0013155422547674548,negative,negative,positive,False,0.0497866222158572,False,0.0,0.0497866222158572,0.5004879465651839,True,p>=500M,0.50-0.55,0.50-1.00
1232,604813789,604813788,604813789,1,20.220431181842184,19.220431181842184,20.220431208610535,-2.676835109127751e-08,0.0470091395124279,-13235.714876770973,-13216.494445562363,-0.001314391104505919,-13216.494445562363,-0.001314391104505919,negative,negative,positive,False,0.0497481806740492,False,0.0,0.0497481806740492,0.5004852577510679,True,p>=500M,0.50-0.55,0.50-1.00
1233,187505431,187505430,187505431,1,19.049318368288585,18.049318368288585,19.049318373203278,-4.914692652846497e-09,0.04973955839344291,-7502.693772017956,-7484.6444536447525,-0.001506278817312578,-7484.6444536447525,-0.001506278817312578,negative,negative,positive,False,0.0533554619999509,False,0.0,0.0533554619999509,0.5004848883635676,False,100M<=p<500M,0.50-0.55,>=1.00
1234,109507157,109507156,109507157,1,18.511500465815505,17.511500465815505,18.51150046288967,2.9258337974624737e-09,0.0511022609618652,-5818.0054423213005,-5800.493941858411,-0.0016175603055576888,-5800.493941858411,-0.0016175603055576888,negative,negative,positive,False,0.054893244927348,False,0.0,0.054893244927348,0.5004841533189177,False,100M<=p<500M,0.50-0.55,>=1.00
1235,108832939,108832938,108832939,1,18.505324594728904,17.505324594728904,18.505324602127075,-7.398170964734163e-09,0.051118341331708464,-5787.839270085096,-5770.333945482969,-0.0016152038997216984,-5770.333945482969,-0.0016152038997216984,negative,negative,positive,False,0.0548802733348801,False,0.0,0.0548802733348801,0.5004828538226177,False,100M<=p<500M,0.50-0.55,>=1.00
1236,180641081,180641080,180641081,1,19.012022642625844,18.012022642625844,19.012022644281387,-1.6555432580389606e-09,0.0498317155160234,-7334.219989717007,-7316.207967072725,-0.00150598669349763,-7316.207967072725,-0.00150598669349763,negative,negative,positive,False,0.0526178784625598,False,0.0,0.0526178784625598,0.5004791331224645,False,100M<=p<500M,0.50-0.55,0.50-1.00
1237,604691159,604691158,604691159,1,20.2202284046636,19.2202284046636,20.22022843360901,-2.8945407848368632e-08,0.04700958641268619,-13242.010763049126,-13222.790534615517,-0.0013151769681062405,-13222.790534615517,-0.0013151769681062405,negative,negative,positive,False,0.0499289457582351,False,0.0,0.0499289457582351,0.5004784029706907,True,p>=500M,0.50-0.55,>=1.00
1238,109710067,109710066,109710067,1,18.513351689494424,17.513351689494424,18.513351693749428,-4.2550034606847476e-09,0.05109744281790544,-5794.796925917268,-5777.283574223518,-0.0016092752882461419,-5777.283574223518,-0.0016092752882461419,negative,negative,positive,False,0.0541693985501834,False,0.0,0.0541693985501834,0.5004781697614162,False,100M<=p<500M,0.50-0.55,0.50-1.00
1239,108596263,108596262,108596263,1,18.503147554190647,17.503147554190647,18.503147557377815,-3.1871678629613598e-09,0.0511240121856671,-5762.579408094287,-5745.076260536909,-0.0016102641839946786,-5745.076260536909,-0.0016102641839946786,negative,negative,positive,False,0.0540306422510587,False,0.0,0.0540306422510587,0.5004728884140258,False,100M<=p<500M,0.50-0.55,0.50-1.00
1240,604674857,604674856,604674857,1,20.22020144508348,19.22020144508348,20.22020149230957,-4.722609148188894e-08,0.04700964582949424,-13237.503949046135,-13218.283747553825,-0.0013147499383275932,-13218.283747553825,-0.0013147499383275932,negative,negative,positive,False,0.0497429223679394,False,0.0,0.0497429223679394,0.5004715270769949,True,p>=500M,0.50-0.55,0.50-1.00
1241,40844981,40844980,40844981,1,17.525294507584782,16.525294507584782,17.52529450505972,2.5250628254980256e-09,0.05380449484315267,-3616.8323360458016,-3600.307041540742,-0.0018341698104479202,-3600.307041540742,-0.0018341698104479202,negative,negative,positive,False,0.0568777991674119,False,0.0,0.0568777991674119,0.5004674821189923,False,p<100M,0.50-0.55,0.50-1.00
1242,33915443,33915442,33915443,1,17.339381014343942,16.339381014343942,17.339381016790867,-2.4469244408464874e-09,0.05434610460565183,-3281.1685702502728,-3264.829189233482,-0.0018646380309596932,-3264.829189233482,-0.0018646380309596932,negative,negative,positive,False,0.0574527273383092,False,0.0,0.0574527273383092,0.5004658013048375,False,p<100M,0.50-0.55,0.50-1.00
1243,180643423,180643422,180643423,1,19.0120356074775,18.0120356074775,19.012035608291626,-8.141256557792076e-10,0.04983168342095861,-7356.752460509539,-7338.740424901247,-0.0015106129786813646,-7338.740424901247,-0.0015106129786813646,negative,negative,positive,False,0.0534700948311592,False,0.0,0.0534700948311592,0.5004658253621838,False,100M<=p<500M,0.50-0.55,>=1.00
1244,108531719,108531718,108531719,1,18.502553029235305,17.502553029235305,18.502553030848503,-1.6131984637013375e-09,0.05112556104916268,-5756.519427150488,-5739.016874119639,-0.0016091474658569598,-5739.016874119639,-0.0016091474658569598,negative,negative,positive,False,0.0541241277962125,False,0.0,0.0541241277962125,0.500464449608771,False,100M<=p<500M,0.50-0.55,0.50-1.00
1245,108835757,108835756,108835757,1,18.50535048728996,17.50535048728996,18.50535048544407,1.8458905515217339e-09,0.05111827389313333,-5774.522686839104,-5757.01733635366,-0.0016114510070993752,-5757.01733635366,-0.0016114510070993752,negative,negative,positive,False,0.0544483994163014,False,0.0,0.0544483994163014,0.500463149789002,False,100M<=p<500M,0.50-0.55,0.50-1.00
1246,109496897,109496896,109496897,1,18.51140676891976,17.51140676891976,18.511406764388084,4.531674591135015e-09,0.05110250484902825,-5794.840250387788,-5777.3288436234,-0.0016111921377623027,-5777.3288436234,-0.0016111921377623027,negative,negative,positive,False,0.0538157413221827,False,0.0,0.0538157413221827,0.5004614789909729,False,100M<=p<500M,0.50-0.55,0.50-1.00
1247,108555593,108555592,108555593,1,18.50277297760425,17.50277297760425,18.502772971987724,5.616524134666179e-09,0.051124988026154575,-5762.08364726603,-5744.580874294043,-0.0016104921248032101,-5744.580874294043,-0.0016104921248032101,negative,negative,positive,False,0.053939505601574,False,0.0,0.053939505601574,0.500460063192051,False,100M<=p<500M,0.50-0.55,0.50-1.00
1248,109683107,109683106,109683107,1,18.51310592067998,17.51310592067998,18.513105913996696,6.68328326014489e-09,0.05109808242351963,-5790.059342652559,-5772.546236738563,-0.0016081959951224933,-5772.546236738563,-0.0016081959951224933,negative,negative,positive,False,0.053791839156681,False,0.0,0.053791839156681,0.5004579077165827,False,100M<=p<500M,0.50-0.55,0.25-0.50
1249,30348053,30348052,30348053,1,17.228242921846906,16.228242921846906,17.22824292257428,-7.27375493170257e-10,0.054675092507518244,-3132.1664282232523,-3115.938185300678,-0.0019056425570850408,-3115.938185300678,-0.0019056425570850408,negative,negative,positive,False,0.0588533961673744,False,0.0,0.0588533961673744,0.5004574514599458,False,p<100M,0.50-0.55,>=1.00
1250,30650057,30650056,30650057,1,17.238145080051126,16.238145080051126,17.23814507946372,5.874056796528748e-10,0.05464561956251941,-3141.1455096155405,-3124.907364536077,-0.001899505000875328,-3124.907364536077,-0.001899505000875328,negative,negative,positive,False,0.0582871795959794,False,0.0,0.0582871795959794,0.5004559735385318,False,p<100M,0.50-0.55,0.50-1.00
1251,30422963,30422962,30422963,1,17.230708243076382,16.230708243076382,17.230708241462708,1.6136745273342967e-09,0.05466775172614959,-3111.164208766073,-3094.9335005246103,-0.0018899238672601872,-3094.9335005246103,-0.0018899238672601872,negative,negative,positive,False,0.0576765885135855,False,0.0,0.0576765885135855,0.5004556802594912,False,p<100M,0.50-0.55,0.25-0.50
1252,108804461,108804460,108804461,1,18.5050628933838,17.5050628933838,18.505062893033028,3.5077363236268866e-10,0.05111902295696211,-5789.3341494351625,-5771.8290865421295,-0.001615879534515435,-5771.8290865421295,-0.001615879534515435,negative,negative,positive,False,0.0549550380031999,False,0.0,0.0549550380031999,0.5004522900284982,False,100M<=p<500M,0.50-0.55,>=1.00
1253,604828963,604828962,604828963,1,20.22045627024118,19.22045627024118,20.22045624256134,2.7679838865424244e-08,0.04700908422073948,-13264.602625846863,-13245.382169604301,-0.001317244219469625,-13245.382169604301,-0.001317244219469625,negative,negative,positive,False,0.0501964922524844,False,0.0,0.0501964922524844,0.5004499982526319,True,p>=500M,0.50-0.55,>=1.00
1254,604838293,604838292,604838293,1,20.22047169597078,19.22047169597078,20.220471739768982,-4.37982023981931e-08,0.047009050224428285,-13252.74810886383,-13233.527637124062,-0.0013160531357330298,-13233.527637124062,-0.0013160531357330298,negative,negative,positive,False,0.0499339613526072,False,0.0,0.0499339613526072,0.5004488681458401,True,p>=500M,0.50-0.55,>=1.00
1255,112219651,112219650,112219651,1,18.53596867831969,17.53596867831969,18.53596867620945,2.1102408709339215e-09,0.051038651023865525,-5836.417280718684,-5818.881312042475,-0.001598727584130544,-5818.881312042475,-0.001598727584130544,negative,negative,positive,False,0.0541834620826938,False,0.0,0.0541834620826938,0.500445469269019,False,100M<=p<500M,0.50-0.55,0.50-1.00
1256,179380469,179380468,179380469,1,19.00501963321198,18.00501963321198,19.005019634962082,-1.7501022853139148e-09,0.04984905779974206,-7310.172570794821,-7292.167551159859,-0.0015074135544304104,-7292.167551159859,-0.0015074135544304104,negative,negative,positive,False,0.0526369272801094,False,0.0,0.0526369272801094,0.5004441870645746,False,100M<=p<500M,0.50-0.55,0.50-1.00
1257,30784291,30784290,30784291,1,17.24251508536547,16.24251508536547,17.242515087127686,-1.7622170389586245e-09,0.05463262266738669,-3142.029121272266,-3125.786606185138,-0.0018949315155691383,-3125.786606185138,-0.0018949315155691383,negative,negative,positive,False,0.0583171498986228,False,0.0,0.0583171498986228,0.5004438518120264,False,p<100M,0.50-0.55,0.50-1.00
1258,178878053,178878052,178878053,1,19.002214863480003,18.002214863480003,19.00221484899521,1.4484793808833274e-08,0.04985600691812759,-7387.928477048874,-7369.926262199879,-0.0015260760060244276,-7369.926262199879,-0.0015260760060244276,negative,negative,positive,False,0.0539744023408078,False,0.0,0.0539744023408078,0.5004313193321285,False,100M<=p<500M,0.50-0.55,>=1.00
1259,33902221,33902220,33902221,1,17.338991086428774,16.338991086428774,17.338991083204746,3.224027267378915e-09,0.05434725196781231,-3306.3090386912227,-3289.970047608018,-0.0018794476010620263,-3289.970047608018,-0.0018794476010620263,negative,negative,positive,False,0.058713318484109,False,0.0,0.058713318484109,0.5004310228872846,False,p<100M,0.50-0.55,>=1.00
1260,108563909,108563908,108563909,1,18.50284958058028,17.50284958058028,18.502849578857422,1.7228565241111937e-09,0.05112478845837839,-5770.321961522102,-5752.819111943245,-0.0016127265879301738,-5752.819111943245,-0.0016127265879301738,negative,negative,positive,False,0.0547342177082776,False,0.0,0.0547342177082776,0.5004259021618025,False,100M<=p<500M,0.50-0.55,>=1.00
1261,30423017,30423016,30423017,1,17.230710018049844,16.230710018049844,17.23071001842618,-3.7633540728165826e-10,0.05466774644166623,-3113.472082462162,-3097.2413724437356,-0.001891331103086945,-3097.2413724437356,-0.001891331103086945,negative,negative,positive,False,0.0579399010587369,False,0.0,0.0579399010587369,0.5004213581400544,False,p<100M,0.50-0.55,0.50-1.00
1262,604871021,604871020,604871021,1,20.22052580483748,19.22052580483748,20.220525860786438,-5.594895924332377e-08,0.04700893097587799,-13243.76062476635,-13224.540098905563,-0.0013151167206684772,-13224.540098905563,-0.0013151167206684772,negative,negative,positive,False,0.049249868910108,False,0.0,0.049249868910108,0.5004172830055039,True,p>=500M,0.50-0.55,0.25-0.50
1263,178039643,178039642,178039643,1,18.99751679694253,17.99751679694253,18.997516810894012,-1.3951481747653816e-08,0.04986765120940145,-7328.227534353733,-7310.230017542839,-0.0015180253029629465,-7310.230017542839,-0.0015180253029629465,negative,negative,positive,False,0.052871240885929,False,0.0,0.052871240885929,0.5004154683394679,False,100M<=p<500M,0.50-0.55,0.50-1.00
1264,108592369,108592368,108592369,1,18.503111695960275,17.503111695960275,18.50311169028282,5.677453174257607e-09,0.05112410560130633,-5754.236663177609,-5736.733551487327,-0.0016079609010699863,-5736.733551487327,-0.0016079609010699863,negative,negative,positive,False,0.0539675224819918,False,0.0,0.0539675224819918,0.50041477592948,False,100M<=p<500M,0.50-0.55,0.50-1.00
1265,109588133,109588132,109588133,1,18.512239651068523,17.512239651068523,18.512239649891853,1.1766694285597623e-09,0.05110033699017719,-5804.5795411765575,-5787.067301526666,-0.0016130909006358146,-5787.067301526666,-0.0016130909006358146,negative,negative,positive,False,0.0544460077514335,False,0.0,0.0544460077514335,0.500410813290574,False,100M<=p<500M,0.50-0.55,0.50-1.00
1266,40841069,40841068,40841069,1,17.525198726236486,16.525198726236486,17.525198727846146,-1.6096599608772522e-09,0.05380477110889812,-3630.4871525242925,-3613.9619537964463,-0.0018412345811284051,-3613.9619537964463,-0.0018412345811284051,negative,negative,positive,False,0.0577216447970325,False,0.0,0.0577216447970325,0.5004099383970891,False,p<100M,0.50-0.55,>=1.00
1267,604150829,604150828,604150829,1,20.219334441612435,19.219334441612435,20.219334483146667,-4.15342320536638e-08,0.047011556717245405,-13245.218022465706,-13225.99868798256,-0.0013162005735471273,-13225.99868798256,-0.0013162005735471273,negative,negative,positive,False,0.049805640280033,False,0.0,0.049805640280033,0.5004050442920047,True,p>=500M,0.50-0.55,0.50-1.00
1268,109594687,109594686,109594687,1,18.512299455025804,17.512299455025804,18.512299448251724,6.774079963633994e-09,0.051100181337105255,-5805.2360920012,-5787.723792552948,-0.001613215228981371,-5787.723792552948,-0.001613215228981371,negative,negative,positive,False,0.0545606120733685,False,0.0,0.0545606120733685,0.5004035760009933,False,100M<=p<500M,0.50-0.55,>=1.00
1269,604160737,604160736,604160737,1,20.219350841356142,19.219350841356142,20.219350814819336,2.6536806529975365e-08,0.04701152057054425,-13245.740047335625,-13226.520696520805,-0.001316239593589375,-13226.520696520805,-0.001316239593589375,negative,negative,positive,False,0.0497996713554166,False,0.0,0.0497996713554166,0.5004010574087953,True,p>=500M,0.50-0.55,0.50-1.00
1270,109813801,109813800,109813801,1,18.514296771308683,17.514296771308683,18.514296770095825,1.2128573700920242e-09,0.051094983420811,-5832.870639383793,-5815.356342613697,-0.001618949969544331,-5815.356342613697,-0.001618949969544331,negative,negative,positive,False,0.0550705480955389,False,0.0,0.0550705480955389,0.5004000914571882,False,100M<=p<500M,0.50-0.55,>=1.00
1271,30982811,30982810,30982811,1,17.24894312479542,16.24894312479542,17.248943123966455,8.289653408155573e-10,0.05461351612667402,-3181.054317340255,-3164.8053742162883,-0.0019110040970545747,-3164.8053742162883,-0.0019110040970545747,negative,negative,positive,False,0.059271953542285,False,0.0,0.059271953542285,0.5003991246554381,False,p<100M,0.50-0.55,>=1.00
1272,109682933,109682932,109682933,1,18.5131043342904,17.5131043342904,18.51310433447361,-1.8320989170206303e-10,0.05109808655210046,-5801.1903920173645,-5783.677287682891,-0.0016112985918983738,-5783.677287682891,-0.0016112985918983738,negative,negative,positive,False,0.0544393555110509,False,0.0,0.0544393555110509,0.5003982563944249,False,100M<=p<500M,0.50-0.55,0.50-1.00
1273,109684063,109684062,109684063,1,18.51311463666059,17.51311463666059,18.513114631175995,5.484594112203922e-09,0.05109805974018121,-5801.8907361626625,-5784.3776215314865,-0.0016114836061709597,-5784.3776215314865,-0.0016114836061709597,negative,negative,positive,False,0.0544678837576993,False,0.0,0.0544678837576993,0.5003979885648937,False,100M<=p<500M,0.50-0.55,0.50-1.00
1274,33862223,33862222,33862223,1,17.33781058520176,16.33781058520176,17.337810583412647,1.7891110815071443e-09,0.05435072588458438,-3273.317812629044,-3256.9800020456314,-0.001861953587787608,-3256.9800020456314,-0.001861953587787608,negative,negative,positive,False,0.057251626550972,False,0.0,0.057251626550972,0.5003924670600773,False,p<100M,0.50-0.55,0.25-0.50
1275,1516681,1516680,1516681,1,14.23203495276382,13.23203495276382,14.232034952845424,-8.16040568452081e-11,0.06532698818419828,-770.031177054625,-756.7991421017796,-0.0030338877235917016,-756.7991421017796,-0.0030338877235917016,negative,negative,positive,False,0.0696452439290524,False,0.0,0.0696452439290524,0.5003809910120949,False,p<100M,0.50-0.55,0.25-0.50
1276,604849313,604849312,604849313,1,20.220489915550687,19.220489915550687,20.220489859580994,5.596969288035325e-08,0.04700901007089582,-13272.80675625801,-13253.58626639843,-0.0013180335519945836,-13253.58626639843,-0.0013180335519945836,negative,negative,positive,False,0.050311318429549,False,0.0,0.050311318429549,0.5003830485271771,True,p>=500M,0.50-0.55,>=1.00
1277,604150787,604150786,604150787,1,20.219334372093368,19.219334372093368,20.219334363937378,8.155989661418062e-09,0.047011556870472614,-13243.65669119358,-13224.437356829643,-0.0013160452506645064,-13224.437356829643,-0.0013160452506645064,negative,negative,positive,False,0.0496766761936376,False,0.0,0.0496766761936376,0.5003830390387943,True,p>=500M,0.50-0.55,0.50-1.00
1278,152981,152980,152981,1,11.938069009656688,10.938069009656688,11.938069009658648,-1.9593215938584763e-12,0.07674895818590555,-276.2738208154042,-265.33575180574553,-0.004760020834986469,-265.33575180574553,-0.004760020834986469,negative,negative,positive,False,0.0849231420569244,False,0.0,0.0849231420569244,0.5003454824160403,False,p<100M,0.50-0.55,0.50-1.00
1279,7048673,7048672,7048673,1,15.76834993012118,14.76834993012118,15.768349929712713,4.084679261495694e-10,0.05939631144577564,-1544.2439500819892,-1529.4756001522765,-0.0023169484590357856,-1529.4756001522765,-0.0023169484590357856,negative,negative,positive,False,0.0645048251789462,False,0.0,0.0645048251789462,0.5003791296343405,False,p<100M,0.50-0.55,>=1.00
1280,109590289,109590288,109590289,1,18.51225932453802,17.51225932453802,18.51225931942463,5.1133923761881306e-09,0.051100285785502145,-5831.670862957835,-5814.158603638411,-0.0016206229614789654,-5814.158603638411,-0.0016206229614789654,negative,negative,positive,False,0.0551190930242849,False,0.0,0.0551190930242849,0.5003803588451224,False,100M<=p<500M,0.50-0.55,>=1.00
1281,108548681,108548680,108548681,1,18.5027093031323,17.5027093031323,18.502709299325943,3.806356119184784e-09,0.05112515391348593,-5751.606189608574,-5734.103480309248,-0.001607617035083002,-5734.103480309248,-0.001607617035083002,negative,negative,positive,False,0.0536516899731995,False,0.0,0.0536516899731995,0.5003798362346987,False,100M<=p<500M,0.50-0.55,0.25-0.50
1282,604872803,604872802,604872803,1,20.22052875091576,19.22052875091576,20.220528721809387,2.9106374199727725e-08,0.04700892448314126,-13246.35422539711,-13227.1336966753,-0.001315372320566138,-13227.1336966753,-0.001315372320566138,negative,negative,positive,False,0.0496609063716962,False,0.0,0.0496609063716962,0.5003793765080549,True,p>=500M,0.50-0.55,0.50-1.00
1283,187509379,187509378,187509379,1,19.04933942345705,18.04933942345705,19.049339413642883,9.814165480293013e-09,0.04973950646240905,-7488.433345168829,-7470.384005755186,-0.0015033897628068977,-7470.384005755186,-0.0015033897628068977,negative,negative,positive,False,0.0529500676287697,False,0.0,0.0529500676287697,0.5003688565702847,False,100M<=p<500M,0.50-0.55,0.50-1.00
1284,604150567,604150566,604150567,1,20.2193340079458,19.2193340079458,20.21933400630951,1.6362911026135407e-09,0.04701155767309148,-13246.069367289543,-13226.850033283234,-0.0013162856380387114,-13226.850033283234,-0.0013162856380387114,negative,negative,positive,False,0.049787894958497,False,0.0,0.049787894958497,0.5003652470482258,True,p>=500M,0.50-0.55,0.50-1.00
1285,30801559,30801558,30801559,1,17.24307586354593,16.24307586354593,17.243075862526894,1.019035522631384e-09,0.0546309552946383,-3149.989354234189,-3133.746278371662,-0.0018991007444213034,-3133.746278371662,-0.0018991007444213034,negative,negative,positive,False,0.0587082727437811,False,0.0,0.0587082727437811,0.5003640629789065,False,p<100M,0.50-0.55,>=1.00
1286,604365233,604365232,604365233,1,20.21968926354487,19.21968926354487,20.21968924999237,1.3552497790669804e-08,0.04701077466603171,-13241.508882164955,-13222.289192914963,-0.0013155518239230419,-13222.289192914963,-0.0013155518239230419,negative,negative,positive,False,0.0496823151673968,False,0.0,0.0496823151673968,0.5003643007467461,True,p>=500M,0.50-0.55,0.50-1.00
1287,179150141,179150140,179150141,1,19.003734788764884,18.003734788764884,19.003734797239304,-8.47441938844895e-09,0.04985224090028603,-7315.270087361336,-7297.266352564096,-0.0015096410600506567,-7297.266352564096,-0.0015096410600506567,negative,negative,positive,False,0.0525817042568226,False,0.0,0.0525817042568226,0.5003575239510551,False,100M<=p<500M,0.50-0.55,0.50-1.00
1288,604848941,604848940,604848941,1,20.22048930052128,19.22048930052128,20.220489263534546,3.698673367580341e-08,0.047009011426337774,-13264.775569200516,-13245.555079936981,-0.00131723535727422,-13245.555079936981,-0.00131723535727422,negative,negative,positive,False,0.0501959749673639,False,0.0,0.0501959749673639,0.5003564671660996,True,p>=500M,0.50-0.55,>=1.00
1289,179433659,179433658,179433659,1,19.00531610983449,18.00531610983449,19.005316108465195,1.3692940115106467e-09,0.04984832335986725,-7342.716256082058,-7324.710939973593,-0.0015138691498257492,-7324.710939973593,-0.0015138691498257492,negative,negative,positive,False,0.0536015516780141,False,0.0,0.0536015516780141,0.5003563890701073,False,100M<=p<500M,0.50-0.55,>=1.00
1290,7112603,7112602,7112603,1,15.77737883885844,14.77737883885844,15.777378838509321,3.491180677883676e-10,0.05936462103584044,-1562.4508202811703,-1547.673441442661,-0.0023312848331670313,-1547.673441442661,-0.0023312848331670313,negative,negative,positive,False,0.0644944161361092,False,0.0,0.0644944161361092,0.5003550500857846,False,p<100M,0.50-0.55,>=1.00
1291,179403041,179403040,179403041,1,19.005145458392903,18.005145458392903,19.005145460367203,-1.974299834728299e-09,0.04984874609958058,-7323.138550281525,-7305.1334048211575,-0.0015099788192219112,-7305.1334048211575,-0.0015099788192219112,negative,negative,positive,False,0.0532051415742351,False,0.0,0.0532051415742351,0.5003537843676675,False,100M<=p<500M,0.50-0.55,>=1.00
1292,33903361,33903360,33903361,1,17.339024711978958,16.339024711978958,17.33902471512556,-3.1466029781768157e-09,0.054347153022793186,-3301.934551715851,-3285.5955270007253,-0.0018769097504939985,-3285.5955270007253,-0.0018769097504939985,negative,negative,positive,False,0.0580245314114383,False,0.0,0.0580245314114383,0.5003477989171572,False,p<100M,0.50-0.55,0.50-1.00
1293,604863731,604863730,604863731,1,20.220513752608696,19.220513752608696,20.220513701438904,5.1169791959182476e-08,0.04700895753729154,-13253.36820435524,-13234.147690653801,-0.0013160816490206209,-13234.147690653801,-0.0013160816490206209,negative,negative,positive,False,0.0499184438155427,False,0.0,0.0499184438155427,0.5003411759145886,True,p>=500M,0.50-0.55,>=1.00
1294,3439283,3439282,3439283,1,15.050773577392423,14.050773577392423,15.050773577298969,9.345413332084718e-11,0.06202725910497538,-1125.297303227242,-1111.246529649943,-0.0026452018427418618,-1111.246529649943,-0.0026452018427418618,negative,negative,positive,False,0.0679278337612325,False,0.0,0.0679278337612325,0.5003334815041864,False,p<100M,0.50-0.55,>=1.00
1295,179471219,179471218,179471219,1,19.005525413203934,18.005525413203934,19.005525410175323,3.0286102514764934e-09,0.049847804880909785,-7309.991506844759,-7291.985981434584,-0.0015069146607858757,-7291.985981434584,-0.0015069146607858757,negative,negative,positive,False,0.0526245268308028,False,0.0,0.0526245268308028,0.5003367751963752,False,100M<=p<500M,0.50-0.55,0.50-1.00
1296,178913221,178913220,178913221,1,19.002411447369376,18.002411447369376,19.002411454916,-7.546624658516521e-09,0.049855519797499075,-7306.637496709824,-7288.635085254908,-0.0015090636405343679,-7288.635085254908,-0.0015090636405343679,negative,negative,positive,False,0.0522538393662541,False,0.0,0.0522538393662541,0.5003360689062812,False,100M<=p<500M,0.50-0.55,0.25-0.50
1297,187418041,187418040,187418041,1,19.04885219314561,18.04885219314561,19.04885220527649,-1.2130879412097784e-08,0.04974070820803951,-7471.801707029343,-7453.752854824066,-0.0015004850327297891,-7453.752854824066,-0.0015004850327297891,negative,negative,positive,False,0.0529970796372931,False,0.0,0.0529970796372931,0.5003347073029326,False,100M<=p<500M,0.50-0.55,>=1.00
1298,179403503,179403502,179403503,1,19.00514803359677,18.00514803359677,19.005148023366928,1.0229843638853708e-08,0.049848739720202845,-7310.009882867336,-7292.004734843969,-0.0015072627599939195,-7292.004734843969,-0.0015072627599939195,negative,negative,positive,False,0.0521564528207961,False,0.0,0.0521564528207961,0.5003314321860245,False,100M<=p<500M,0.50-0.55,0.25-0.50
1299,604872721,604872720,604872721,1,20.22052861535005,19.22052861535005,20.220528602600098,1.2749953981483486e-08,0.04700892478190869,-13245.236340045929,-13226.015811443329,-0.0013152612592565137,-13226.015811443329,-0.0013152612592565137,negative,negative,positive,False,0.0495427167337329,False,0.0,0.0495427167337329,0.5003313890216968,True,p>=500M,0.50-0.55,0.50-1.00
1300,179147951,179147950,179147951,1,19.00372256430682,18.00372256430682,19.003722578287125,-1.3980304913729924e-08,0.04985227118735998,-7310.698864251375,-7292.695141673088,-0.0015087065413619796,-7292.695141673088,-0.0015087065413619796,negative,negative,positive,False,0.0520211942136487,False,0.0,0.0520211942136487,0.5003297302079526,False,100M<=p<500M,0.50-0.55,0.10-0.25
1301,109707979,109707978,109707979,1,18.5133326573315,17.5133326573315,18.513332650065422,7.266077517442682e-09,0.05109749234794132,-5798.804565727711,-5781.291233077645,-0.0016104102663710967,-5781.291233077645,-0.0016104102663710967,negative,negative,positive,False,0.054225219869463,False,0.0,0.054225219869463,0.5003274372013758,False,100M<=p<500M,0.50-0.55,0.50-1.00
1302,179412287,179412286,179412287,1,19.00519699465282,18.00519699465282,19.00519698858261,6.0702092241626815e-09,0.04984861843261184,-7313.620323836803,-7295.615126848221,-0.0015079643446356105,-7295.615126848221,-0.0015079643446356105,negative,negative,positive,False,0.0527055774267524,False,0.0,0.0527055774267524,0.5003267209788186,False,100M<=p<500M,0.50-0.55,0.50-1.00
1303,30336851,30336850,30336851,1,17.227873736122326,16.227873736122326,17.227873735129833,9.924931987370655e-10,0.054676191970042816,-3145.631865929812,-3129.4039921946824,-0.0019143133266149468,-3129.4039921946824,-0.0019143133266149468,negative,negative,positive,False,0.0592436076200475,False,0.0,0.0592436076200475,0.5003257578452657,False,p<100M,0.50-0.55,>=1.00
1304,604157051,604157050,604157051,1,20.21934474031213,19.21934474031213,20.21934473514557,5.166562289105059e-09,0.047011534017858556,-13300.319405555725,-13281.10006082058,-0.0013216758982806203,-13281.10006082058,-0.0013216758982806203,negative,negative,positive,False,0.0505596791837698,False,0.0,0.0505596791837698,0.5003217151833651,True,p>=500M,0.50-0.55,>=1.00
1305,33840967,33840966,33840967,1,17.337182667944138,16.337182667944138,17.33718267083168,-2.887542649432362e-09,0.05435257386655975,-3290.4313276857138,-3274.094145014882,-0.0018724607845661398,-3274.094145014882,-0.0018724607845661398,negative,negative,positive,False,0.0584477315502231,False,0.0,0.0584477315502231,0.5003190717802011,False,p<100M,0.50-0.55,>=1.00
1306,3281351,3281350,3281351,1,15.003765785800727,14.003765785800727,15.00376578560099,1.9973711573584296e-10,0.06220772033389464,-1117.7196351848543,-1103.7158693992533,-0.0027066393447738577,-1103.7158693992533,-0.0027066393447738577,negative,negative,positive,False,0.0683376306427934,False,0.0,0.0683376306427934,0.5003142919114022,False,p<100M,0.50-0.55,>=1.00
1307,604693021,604693020,604693021,1,20.22023148391672,19.22023148391672,20.220231533050537,-4.91338170149902e-08,0.04700957962626248,-13243.749609947205,-13224.529378414154,-0.0013153474927731644,-13224.529378414154,-0.0013153474927731644,negative,negative,positive,False,0.0498401401261492,False,0.0,0.0498401401261492,0.5003119226146574,True,p>=500M,0.50-0.55,0.50-1.00
1308,30786757,30786756,30786757,1,17.24259518794879,16.24259518794879,17.242595188319683,-3.708926499257359e-10,0.05463238449060272,-3142.3439832776785,-3126.101388089359,-0.0018950288365065136,-3126.101388089359,-0.0018950288365065136,negative,negative,positive,False,0.0583182528591598,False,0.0,0.0583182528591598,0.5003099511462903,False,p<100M,0.50-0.55,0.50-1.00
1309,3279763,3279762,3279763,1,15.003281721652169,14.003281721652169,15.00328172184527,-1.9310064658384363e-10,0.062209584068904256,-1090.08682284737,-1076.0835411255248,-0.002639685758182809,-1076.0835411255248,-0.002639685758182809,negative,negative,positive,False,0.0663858194344287,False,0.0,0.0663858194344287,0.5003069867158209,False,p<100M,0.50-0.55,0.50-1.00
1310,30788371,30788370,30788371,1,17.242647611713153,16.242647611713153,17.242647610604763,1.1083898243668955e-09,0.05463222861505652,-3204.508322440088,-3188.265674829483,-0.0019326501409042335,-3188.265674829483,-0.0019326501409042335,negative,negative,positive,False,0.0595914878654254,False,0.0,0.0595914878654254,0.5003057409596584,False,p<100M,0.50-0.55,>=1.00
1311,179156687,179156686,179156687,1,19.003771327281537,18.003771327281537,19.00377133488655,-7.605013507827607e-09,0.049852150373403174,-7342.982705324888,-7324.978933990002,-0.0015153406611937653,-7324.978933990002,-0.0015153406611937653,negative,negative,positive,False,0.0535436359751333,False,0.0,0.0535436359751333,0.5003048989263622,False,100M<=p<500M,0.50-0.55,>=1.00
1312,108530111,108530110,108530111,1,18.50253821318036,17.50253821318036,18.502538219094276,-5.913914691291211e-09,0.05112559964931966,-5758.2409145236015,-5740.738376304507,-0.001609644655309521,-5740.738376304507,-0.001609644655309521,negative,negative,positive,False,0.0541566545571068,False,0.0,0.0541566545571068,0.5003037670425496,False,100M<=p<500M,0.50-0.55,0.50-1.00
1313,604814333,604814332,604814333,1,20.220432081292174,19.220432081292174,20.22043204307556,3.8216612097130565e-08,0.04700913753015056,-13274.204087615013,-13254.983655571938,-0.00131821817758447,-13254.983655571938,-0.00131821817758447,negative,negative,positive,False,0.0503872665449815,False,0.0,0.0503872665449815,0.5002969246208552,True,p>=500M,0.50-0.55,>=1.00
1314,33925037,33925036,33925037,1,17.33966385432573,16.33966385432573,17.339663855731487,-1.4057555119961762e-09,0.054345272379720776,-3286.411835283041,-3270.0721714273095,-0.0018673074277520752,-3270.0721714273095,-0.0018673074277520752,negative,negative,positive,False,0.0578964651790368,False,0.0,0.0578964651790368,0.5002936636667223,False,p<100M,0.50-0.55,0.50-1.00
1315,22052803,22052802,22052803,1,16.908950271959448,15.908950271959448,16.90895027294755,-9.881020446300681e-10,0.0556427044870766,-2695.6872865967453,-2679.7783363237977,-0.001995876566405015,-2679.7783363237977,-0.001995876566405015,negative,negative,positive,False,0.0601179768373061,False,0.0,0.0601179768373061,0.5002933365543091,False,p<100M,0.50-0.55,>=1.00
1316,39692819,39692818,39692819,1,17.496680847684278,16.496680847684278,17.496680848300457,-6.161791077374801e-10,0.05388715213820427,-3543.882795520127,-3527.3861146718264,-0.0018288820145615037,-3527.3861146718264,-0.0018288820145615037,negative,negative,positive,False,0.0573527406205413,False,0.0,0.0573527406205413,0.5002928491673138,False,p<100M,0.50-0.55,0.50-1.00
1317,187422727,187422726,187422727,1,19.048877195762188,18.048877195762188,19.048877209424973,-1.3662784681400808e-08,0.04974064653808416,-7471.781060516834,-7453.732183307409,-0.0015004581747106083,-7453.732183307409,-0.0015004581747106083,negative,negative,positive,False,0.0529843065624039,False,0.0,0.0529843065624039,0.500290293548146,False,100M<=p<500M,0.50-0.55,>=1.00
1318,604692973,604692972,604692973,1,20.22023140453759,19.22023140453759,20.220231413841248,-9.303658288217775e-09,0.04700957980120758,-13236.190072774887,-13216.969841361046,-0.0013145956632502687,-13216.969841361046,-0.0013145956632502687,negative,negative,positive,False,0.0494478777454631,False,0.0,0.0494478777454631,0.5002870023737359,True,p>=500M,0.50-0.55,0.50-1.00
1319,604141757,604141756,604141757,1,20.21931942538192,19.21931942538192,20.219319462776184,-3.739426546189861e-08,0.04701158981459154,-13271.915186882019,-13252.695867419243,-0.0013188692354015694,-13252.695867419243,-0.0013188692354015694,negative,negative,positive,False,0.0503036784341892,False,0.0,0.0503036784341892,0.5002843299419855,True,p>=500M,0.50-0.55,>=1.00
1320,179378609,179378608,179378609,1,19.005009264136387,18.005009264136387,19.00500926375389,3.8249581280069833e-10,0.04984908348668574,-7312.663974940777,-7294.658965677023,-0.0015079380350558392,-7294.658965677023,-0.0015079380350558392,negative,negative,positive,False,0.0526234060396044,False,0.0,0.0526234060396044,0.5002822785158536,False,100M<=p<500M,0.50-0.55,0.50-1.00
1321,30784867,30784866,30784867,1,17.242533796032262,16.242533796032262,17.242533795535564,4.966977940057404e-10,0.054632567032960384,-3131.7833056226373,-3115.5407718271017,-0.001888698461060903,-3115.5407718271017,-0.001888698461060903,negative,negative,positive,False,0.0572404470284414,False,0.0,0.0572404470284414,0.5002817355566485,False,p<100M,0.50-0.55,0.10-0.25
1322,30981373,30981372,30981373,1,17.24889671088637,16.24889671088637,17.248896710574627,3.1174351988738636e-10,0.05461365403850136,-3157.4658653885126,-3141.216968677938,-0.0018968149391488179,-3141.216968677938,-0.0018968149391488179,negative,negative,positive,False,0.0585806801571067,False,0.0,0.0585806801571067,0.5002794123492046,False,p<100M,0.50-0.55,>=1.00
1323,109814591,109814590,109814591,1,18.5143039652784,17.5143039652784,18.514303967356682,-2.0782806586794322e-09,0.05109496470076687,-5826.755738034844,-5809.241434067488,-0.0016172405525669363,-5809.241434067488,-0.0016172405525669363,negative,negative,positive,False,0.0549911817700453,False,0.0,0.0549911817700453,0.5002784113814717,False,100M<=p<500M,0.50-0.55,>=1.00
1324,108830327,108830326,108830327,1,18.505300594353937,17.505300594353937,18.505300596356392,-2.002455090632793e-09,0.051118403842140975,-5766.583045840263,-5749.077745243907,-0.0016092774529634054,-5749.077745243907,-0.0016092774529634054,negative,negative,positive,False,0.0538629340791559,False,0.0,0.0538629340791559,0.5002776297323009,False,100M<=p<500M,0.50-0.55,0.50-1.00
1325,76024181,76024180,76024181,1,18.14656201869756,17.14656201869756,18.14656202495098,-6.253422668578423e-09,0.05207009139954743,-4842.507834687829,-4825.361272662878,-0.0016806034261293366,-4825.361272662878,-0.0016806034261293366,negative,negative,positive,False,0.0558149218049393,False,0.0,0.0558149218049393,0.5002754839617162,False,p<100M,0.50-0.55,>=1.00
1326,108548647,108548646,108548647,1,18.50270898990873,17.50270898990873,18.502708986401558,3.5071714421519573e-09,0.0511251547295114,-5754.611607700586,-5737.108898714185,-0.0016084599425314366,-5737.108898714185,-0.0016084599425314366,negative,negative,positive,False,0.0538273325308029,False,0.0,0.0538273325308029,0.5002739293847936,False,100M<=p<500M,0.50-0.55,0.25-0.50
1327,604811069,604811068,604811069,1,20.220426684580108,19.220426684580108,20.22042667865753,5.922576207240127e-09,0.04700914942384382,-13245.472762703896,-13226.252336025238,-0.0013153650775073412,-13226.252336025238,-0.0013153650775073412,negative,negative,positive,False,0.0499183874873,False,0.0,0.0499183874873,0.5002711771285845,True,p>=500M,0.50-0.55,>=1.00
1328,604872761,604872760,604872761,1,20.220528681479667,19.220528681479667,20.220528721809387,-4.032972000800328e-08,0.04700892463616848,-13244.795282840729,-13225.57475411892,-0.001315217346216957,-13225.57475411892,-0.001315217346216957,negative,negative,positive,False,0.0494935673334156,False,0.0,0.0494935673334156,0.5002677775952714,True,p>=500M,0.50-0.55,0.50-1.00
1329,604435823,604435822,604435823,1,20.219806056957204,19.219806056957204,20.21980607509613,-1.8138926805022493e-08,0.047010517251232814,-13244.372044682503,-13225.152238607407,-0.0013157446442944444,-13225.152238607407,-0.0013157446442944444,negative,negative,positive,False,0.049709562660962,False,0.0,0.049709562660962,0.5002659585119693,True,p>=500M,0.50-0.55,0.50-1.00
1330,109707929,109707928,109707929,1,18.51333220157603,17.51333220157603,18.513332203030586,-1.4545555870881799e-09,0.05109749353401813,-5804.344562575221,-5786.8312303721905,-0.0016119539095857795,-5786.8312303721905,-0.0016119539095857795,negative,negative,positive,False,0.0545746808720723,False,0.0,0.0545746808720723,0.5002641729655186,False,100M<=p<500M,0.50-0.55,>=1.00
1331,30820781,30820780,30820781,1,17.24369972822304,16.24369972822304,17.243699729442596,-1.219557788090242e-09,0.054629100464648854,-3145.6118239052594,-3129.368124175817,-0.001895718862432704,-3129.368124175817,-0.001895718862432704,negative,negative,positive,False,0.0585632845316376,False,0.0,0.0585632845316376,0.5002582593503789,False,p<100M,0.50-0.55,0.50-1.00
1332,179472173,179472172,179472173,1,19.00553072880534,18.00553072880534,19.00553071498871,1.3816631394547585e-08,0.04984779171342859,-7313.715110182762,-7295.709579467773,-0.001507679304996537,-7295.709579467773,-0.001507679304996537,negative,negative,positive,False,0.0527462500459147,False,0.0,0.0527462500459147,0.5002569996192618,False,100M<=p<500M,0.50-0.55,0.50-1.00
1333,179436143,179436142,179436143,1,19.005329953295192,18.005329953295192,19.005329966545105,-1.3249913166646365e-08,0.049848289067000555,-7318.01364454627,-7300.008314579725,-0.0015087509771498757,-7300.008314579725,-0.0015087509771498757,negative,negative,positive,False,0.052928728109095,False,0.0,0.052928728109095,0.5002567274995846,False,100M<=p<500M,0.50-0.55,0.50-1.00
1334,109670909,109670908,109670909,1,18.512994703203912,17.512994703203912,18.512994706630707,-3.4267948478827748e-09,0.05109837186874841,-5810.671787276864,-5793.158792570233,-0.0016140476711230135,-5793.158792570233,-0.0016140476711230135,negative,negative,positive,False,0.0547446275199418,False,0.0,0.0547446275199418,0.5002529895726919,False,100M<=p<500M,0.50-0.55,>=1.00
1335,179142281,179142280,179142281,1,19.0036909139882,18.0036909139882,19.00369092822075,-1.423254758492476e-08,0.04985234960372971,-7322.807126164436,-7304.803435236216,-0.0015112404440201716,-7304.803435236216,-0.0015112404440201716,negative,negative,positive,False,0.0529566148345837,False,0.0,0.0529566148345837,0.5002517099477084,False,100M<=p<500M,0.50-0.55,0.50-1.00
1336,40869427,40869426,40869427,1,17.525892835378563,16.525892835378563,17.525892838835716,-3.457152786268125e-09,0.053802769127739375,-3614.626141808927,-3598.1002489700913,-0.0018323721455076312,-3598.1002489700913,-0.0018323721455076312,negative,negative,positive,False,0.0564929886994933,False,0.0,0.0564929886994933,0.5002515304695169,False,p<100M,0.50-0.55,0.25-0.50
1337,109814087,109814086,109814087,1,18.514299375713826,17.514299375713826,18.514299377799034,-2.0852084503530932e-09,0.05109497664366396,-5804.1275734603405,-5786.6132740825415,-0.0016109455718478747,-5786.6132740825415,-0.0016109455718478747,negative,negative,positive,False,0.0541177557023,False,0.0,0.0541177557023001,0.5002470309877739,False,100M<=p<500M,0.50-0.55,0.50-1.00
1338,604693499,604693498,604693499,1,20.22023227440014,19.22023227440014,20.220232248306274,2.6093864846643555e-08,0.047009577884101525,-13236.464044451714,-13217.243812203407,-0.0013146222282541668,-13217.243812203407,-0.0013146222282541668,negative,negative,positive,False,0.0494467000853943,False,0.0,0.0494467000853943,0.5002462476939111,True,p>=500M,0.50-0.55,0.50-1.00
1339,604724507,604724506,604724507,1,20.220283551956538,19.220283551956538,20.22028350830078,4.365575634324159e-08,0.04700946487282805,-13246.808934688568,-13227.588651180267,-0.0013156107495388098,-13227.588651180267,-0.0013156107495388098,negative,negative,positive,False,0.0494887973511942,False,0.0,0.0494887973511942,0.5002458129268414,True,p>=500M,0.50-0.55,0.50-1.00
1340,179470367,179470366,179470367,1,19.00552066591338,18.00552066591338,19.005520671606064,-5.692683657798625e-09,0.04984781664061213,-7313.240044742823,-7295.234524071217,-0.0015075903152213335,-7295.234524071217,-0.0015075903152213335,negative,negative,positive,False,0.0527362003664106,False,0.0,0.0527362003664106,0.5002453882867651,False,100M<=p<500M,0.50-0.55,0.50-1.00
1341,109670989,109670988,109670989,1,18.51299543265871,17.51299543265871,18.512995436787605,-4.128896335942045e-09,0.051098369970320204,-5798.106812700629,-5780.593817263842,-0.0016105461949718397,-5780.593817263842,-0.0016105461949718397,negative,negative,positive,False,0.0541830118855111,False,0.0,0.0541830118855111,0.5002444266117166,False,100M<=p<500M,0.50-0.55,0.50-1.00
1342,178013933,178013932,178013933,1,18.99737238047391,17.99737238047391,18.99737238883972,-8.365812931288019e-09,0.049868009235590594,-7321.7717298567295,-7303.77435746789,-0.0015168173179195702,-7303.77435746789,-0.0015168173179195702,negative,negative,positive,False,0.05302054803335,False,0.0,0.05302054803335,0.5002420236684721,False,100M<=p<500M,0.50-0.55,0.50-1.00
1343,108546583,108546582,108546583,1,18.50268997521181,17.50268997521181,18.502689972519875,2.691933786991285e-09,0.051125204267584864,-5762.913965314627,-5745.411275342107,-0.0016108062279117992,-5745.411275342107,-0.0016108062279117992,negative,negative,positive,False,0.0543539863466006,False,0.0,0.0543539863466006,0.5002410026865929,False,100M<=p<500M,0.50-0.55,0.50-1.00
1344,12783679,12783678,12783679,1,16.363679837161055,15.363679837161055,16.363679837435484,-2.744293681189447e-10,0.05737640069876703,-2068.4949160981923,-2053.131236260757,-0.002144503870688571,-2053.131236260757,-0.002144503870688571,negative,negative,positive,False,0.0616775499862131,False,0.0,0.0616775499862131,0.5002400611285404,False,p<100M,0.50-0.55,0.50-1.00
1345,604872871,604872870,604872871,1,20.22052886333608,19.22052886333608,20.220528841018677,2.2317404813065878e-08,0.04700892423538291,-13253.692638993263,-13234.472110152245,-0.00131610200048735,-13234.472110152245,-0.00131610200048735,negative,negative,positive,False,0.0498183210010096,False,0.0,0.0498183210010096,0.5002368371180739,True,p>=500M,0.50-0.55,0.50-1.00
1346,604829737,604829736,604829737,1,20.22045754994098,19.22045754994098,20.220457553863525,-3.9225440673362755e-09,0.04700908140044491,-13250.004803538322,-13230.784345984459,-0.0013157914674152727,-13230.784345984459,-0.0013157914674152727,negative,negative,positive,False,0.049331855490779,False,0.0,0.049331855490779,0.5002358590839825,True,p>=500M,0.50-0.55,0.50-1.00
1347,31019041,31019040,31019041,1,17.25011179969641,16.25011179969641,17.250111799687147,9.261924560632906e-12,0.054610043816629456,-3152.5323515310884,-3136.282239731401,-0.0018924182475504366,-3136.282239731401,-0.0018924182475504366,negative,negative,positive,False,0.0577898285461326,False,0.0,0.0577898285461326,0.5002336922652231,False,p<100M,0.50-0.55,0.50-1.00
1348,108547721,108547720,108547721,1,18.502700459134967,17.502700459134967,18.502700462937355,-3.802387738005564e-09,0.05112517695431333,-5772.249547213316,-5754.746846750379,-0.0016134132997785555,-5754.746846750379,-0.0016134132997785555,negative,negative,positive,False,0.0547403112391326,False,0.0,0.0547403112391326,0.5002318731247248,False,100M<=p<500M,0.50-0.55,>=1.00
1349,179471077,179471076,179471077,1,19.005524621990407,18.005524621990407,19.00552463531494,-1.3324534364755891e-08,0.04984780684085592,-7339.041230976582,-7321.035706341267,-0.0015129186135395614,-7321.035706341267,-0.0015129186135395614,negative,negative,positive,False,0.053549907961841,False,0.0,0.053549907961841,0.5002312640153012,False,100M<=p<500M,0.50-0.55,>=1.00
1350,187494557,187494556,187494557,1,19.049260373620047,18.049260373620047,19.04926037788391,-4.263863928599676e-09,0.04973970143361218,-7467.739082336426,-7449.689821958542,-0.0014992968289079416,-7449.689821958542,-0.0014992968289079416,negative,negative,positive,False,0.0521716934346017,False,0.0,0.0521716934346017,0.5002312168092086,False,100M<=p<500M,0.50-0.55,0.25-0.50
1351,108810833,108810832,108810833,1,18.505121455444257,17.505121455444257,18.50512145459652,8.477378798943391e-10,0.05111887042510966,-5777.077123090625,-5759.572001636028,-0.0016123906259417362,-5759.572001636028,-0.0016123906259417362,negative,negative,positive,False,0.0544069612487653,False,0.0,0.0544069612487653,0.5002283936326625,False,100M<=p<500M,0.50-0.55,0.50-1.00
1352,604365313,604365312,604365313,1,20.21968939591515,19.21968939591515,20.21968936920166,2.6713490086649472e-08,0.047010774374283616,-13260.849814295769,-13241.630124926567,-0.001317476045741237,-13241.630124926567,-0.001317476045741237,negative,negative,positive,False,0.050155433312829,False,0.0,0.050155433312829,0.5002277505049484,True,p>=500M,0.50-0.55,>=1.00
1353,178014229,178014228,178014229,1,18.99737404326372,17.99737404326372,18.997374057769775,-1.4506056800200895e-08,0.04986800511330097,-7351.808507114649,-7333.811133056879,-0.0015230536969979215,-7333.811133056879,-0.0015230536969979215,negative,negative,positive,False,0.0537108569243626,False,0.0,0.0537108569243626,0.5002269118323125,False,100M<=p<500M,0.50-0.55,>=1.00
1354,179471603,179471602,179471603,1,19.00552755282048,18.00552755282048,19.005527555942535,-3.122053726656304e-09,0.04984779958078232,-7313.880980730057,-7295.875453174114,-0.001507716481417555,-7295.875453174114,-0.001507716481417555,negative,negative,positive,False,0.0527741458847167,False,0.0,0.0527741458847167,0.5002256149028517,False,100M<=p<500M,0.50-0.55,0.50-1.00
1355,33926017,33926016,33926017,1,17.33969274112829,16.33969274112829,17.33969274163246,-5.041727035859367e-10,0.054345187384869674,-3295.389869451523,-3279.0501767098904,-0.0018724008502008498,-3279.0501767098904,-0.0018724008502008498,negative,negative,positive,False,0.0584126910881438,False,0.0,0.0584126910881438,0.5002248882556082,False,p<100M,0.50-0.55,>=1.00
1356,604325297,604325296,604325297,1,20.21962318211373,19.21962318211373,20.21962320804596,-2.5932230585112848e-08,0.04701092031194933,-13239.3291503191,-13220.109527111053,-0.0013153870161827317,-13220.109527111053,-0.0013153870161827317,negative,negative,positive,False,0.0493727444809386,False,0.0,0.0493727444809386,0.5002188688620116,True,p>=500M,0.50-0.55,0.50-1.00
1357,604203811,604203810,604203811,1,20.219422134411023,19.219422134411023,20.219422101974487,3.2436535235547126e-08,0.04701136343405286,-13272.665623903275,-13253.4462018013,-0.0013188627754703588,-13253.4462018013,-0.0013188627754703588,negative,negative,positive,False,0.0502871937555969,False,0.0,0.0502871937555969,0.5002177948561276,True,p>=500M,0.50-0.55,>=1.00
1358,109496249,109496248,109496249,1,18.51140085092633,17.51140085092633,18.51140084862709,2.2992381332187506e-09,0.05110252025327312,-5794.739371225238,-5777.227970376611,-0.0016111698036448214,-5777.227970376611,-0.0016111698036448214,negative,negative,positive,False,0.0535116384711465,False,0.0,0.0535116384711466,0.5002170472756148,False,100M<=p<500M,0.50-0.55,0.25-0.50
1359,178894523,178894522,178894523,1,19.00230693314166,18.00230693314166,19.002306938171387,-5.029725969052379e-09,0.049855778774998666,-7306.958774834871,-7288.9564678967,-0.0015092256471206551,-7288.9564678967,-0.0015092256471206551,negative,negative,positive,False,0.0521002272389071,False,0.0,0.0521002272389071,0.5002143274456148,False,100M<=p<500M,0.50-0.55,0.25-0.50
1360,179403113,179403112,179403113,1,19.00514585972381,18.00514585972381,19.005145847797394,1.1926417187169136e-08,0.04984874510539064,-7319.117968052626,-7301.112822204828,-0.0015091473939617412,-7301.112822204828,-0.0015091473939617412,negative,negative,positive,False,0.0529308585804796,False,0.0,0.0529308585804796,0.5002124408310069,False,100M<=p<500M,0.50-0.55,0.50-1.00
1361,187420867,187420866,187420867,1,19.048867271623,18.048867271623,19.048867285251617,-1.3628618233951784e-08,0.049740671016352773,-7459.521675437689,-7441.472808152437,-0.0014979993205093411,-7441.472808152437,-0.0014979993205093411,negative,negative,positive,False,0.0522054063825808,False,0.0,0.0522054063825808,0.5002117014507546,False,100M<=p<500M,0.50-0.55,0.25-0.50
1362,187422143,187422142,187422143,1,19.04887407980652,18.04887407980652,19.048874080181122,-3.746016830064036e-10,0.04974065422370536,-7459.247325122356,-7441.198451042175,-0.0014979379214105763,-7441.198451042175,-0.0014979379214105763,negative,negative,positive,False,0.0521111993927147,False,0.0,0.0521111993927147,0.500210629691307,False,100M<=p<500M,0.50-0.55,0.25-0.50
1363,604193621,604193620,604193621,1,20.219405269098782,19.219405269098782,20.21940529346466,-2.4365878203980174e-08,0.04701140060666741,-13253.030896782875,-13233.81149148941,-0.001316922209173502,-13233.81149148941,-0.001316922209173502,negative,negative,positive,False,0.0499190291734341,False,0.0,0.0499190291734341,0.5002075633476194,True,p>=500M,0.50-0.55,>=1.00
1364,604322441,604322440,604322441,1,20.21961845617099,19.21961845617099,20.219618439674377,1.6496613852723385e-08,0.04701093072813634,-13335.393801808357,-13316.174183368683,-0.0013249490987813494,-13316.174183368683,-0.0013249490987813494,negative,negative,positive,False,0.0507092541027113,False,0.0,0.0507092541027113,0.5002049781163019,True,p>=500M,0.50-0.55,>=1.00
1365,178911907,178911906,178911907,1,19.00240410299975,18.00240410299975,19.00240409374237,9.25738063983772e-09,0.04985553799614407,-7322.806062430143,-7304.803658336401,-0.0015124179595007452,-7304.803658336401,-0.0015124179595007452,negative,negative,positive,False,0.0531472480322193,False,0.0,0.0531472480322193,0.5002034083881475,False,100M<=p<500M,0.50-0.55,>=1.00
1366,40860823,40860822,40860823,1,17.52568228909902,16.52568228909902,17.525682285428047,3.670972859026733e-09,0.053803376379219114,-3650.839243270457,-3634.3135609850287,-0.0018510534991968961,-3634.3135609850287,-0.0018510534991968961,negative,negative,positive,False,0.0582185007319345,False,0.0,0.0582185007319345,0.5002018391170476,False,p<100M,0.50-0.55,>=1.00
1367,109816297,109816296,109816297,1,18.514319500433903,17.514319500433903,18.514319494366646,6.067256919095598e-09,0.05109492427545602,-5810.924724057317,-5793.41040456295,-0.0016128181020184321,-5793.41040456295,-0.0016128181020184321,negative,negative,positive,False,0.0545469035286039,False,0.0,0.0545469035286039,0.5002019776592533,False,100M<=p<500M,0.50-0.55,>=1.00
1368,108835807,108835806,108835807,1,18.50535094669769,17.50535094669769,18.505350947380066,-6.823768217145698e-10,0.051118272696582645,-5787.511985808611,-5770.006634861231,-0.0016150864001286509,-5770.006634861231,-0.0016150864001286509,negative,negative,positive,False,0.0548551884607386,False,0.0,0.0548551884607386,0.5002019278652958,False,100M<=p<500M,0.50-0.55,>=1.00
1369,3457109,3457108,3457109,1,15.055943248635216,14.055943248635216,15.055943248793483,-1.5826628896320472e-10,0.06200747643102985,-1098.0551331331953,-1083.9991898844019,-0.0025719142406146144,-1083.9991898844019,-0.0025719142406146144,negative,negative,positive,False,0.0653525952476683,False,0.0,0.0653525952476683,0.5001991669118393,False,p<100M,0.50-0.55,0.10-0.25
1370,30400861,30400860,30400861,1,17.2299814883438,16.2299814883438,17.229981489479542,-1.1357421669799805e-09,0.054669915519073374,-3115.6924613416195,-3099.46247985214,-0.0018935371053612603,-3099.46247985214,-0.0018935371053612603,negative,negative,positive,False,0.0575329823642898,False,0.0,0.0575329823642898,0.5001998136618228,False,p<100M,0.50-0.55,0.25-0.50
1371,108540833,108540832,108540833,1,18.502637001160096,17.502637001160096,18.50263699889183,2.268265575366968e-09,0.051125342278833245,-5767.242485225201,-5749.739848226309,-0.001612071732758257,-5749.739848226309,-0.001612071732758257,negative,negative,positive,False,0.0545025391870085,False,0.0,0.0545025391870085,0.5001967577276727,False,100M<=p<500M,0.50-0.55,0.50-1.00
1372,7113889,7113888,7113889,1,15.777559628332542,14.777559628332542,15.77755962871015,-3.7760905513550824e-10,0.05936398682952059,-1554.698271784,-1539.92071215529,-0.002319343950409079,-1539.92071215529,-0.002319343950409079,negative,negative,positive,False,0.0641203855136659,False,0.0,0.0641203855136659,0.5001937989814313,False,p<100M,0.50-0.55,>=1.00
1373,178011433,178011432,178011433,1,18.99735833653076,17.99735833653076,18.997358322143555,1.4387204316790303e-08,0.049868044052526414,-7310.426619976759,-7292.429261654615,-0.0015144740895721264,-7292.429261654615,-0.0015144740895721264,negative,negative,positive,False,0.052388894647438,False,0.0,0.052388894647438,0.500193915303433,False,100M<=p<500M,0.50-0.55,0.25-0.50
1374,108526073,108526072,108526073,1,18.50250100622384,17.50250100622384,18.502501010894775,-4.670933861916637e-09,0.05112569658458083,-5753.79033946991,-5736.287838459015,-0.0016084331606390837,-5736.287838459015,-0.0016084331606390837,negative,negative,positive,False,0.0535427410084577,False,0.0,0.0535427410084577,0.5001909311082686,False,100M<=p<500M,0.50-0.55,0.25-0.50
1375,604150991,604150990,604150991,1,20.21933470975736,19.21933470975736,20.219334721565247,-1.1807888000703315e-08,0.04701155612622631,-13285.902015209198,-13266.682680487633,-0.0013202490761415903,-13266.682680487633,-0.0013202490761415903,negative,negative,positive,False,0.0504467663969889,False,0.0,0.0504467663969889,0.5001879348553553,True,p>=500M,0.50-0.55,>=1.00
1376,179660891,179660890,179660891,1,19.006581693120733,18.006581693120733,19.00658169388771,-7.669775925478461e-10,0.04984518846537349,-7339.580351233482,-7321.573769539595,-0.0015120621235861441,-7321.573769539595,-0.0015120621235861441,negative,negative,positive,False,0.053207259258924,False,0.0,0.053207259258924,0.5001861389603119,False,100M<=p<500M,0.50-0.55,>=1.00
1377,604687079,604687078,604687079,1,20.22022165739484,19.22022165739484,20.220221638679504,1.871533683583948e-08,0.04700960128312528,-13266.716469168663,-13247.496247529984,-0.001317639594313977,-13247.496247529984,-0.001317639594313977,negative,negative,positive,False,0.0502780299133259,False,0.0,0.0502780299133259,0.5001860554042397,True,p>=500M,0.50-0.55,>=1.00
1378,39699377,39699376,39699377,1,17.49684605283907,16.49684605283907,17.496846050024033,2.8150388686754013e-09,0.05388667417833137,-3540.59747171402,-3524.1006256639957,-0.0018269931267177045,-3524.1006256639957,-0.0018269931267177045,negative,negative,positive,False,0.0571017256961637,False,0.0,0.0571017256961637,0.5001856087647503,False,p<100M,0.50-0.55,0.50-1.00
1379,604872551,604872550,604872551,1,20.22052833429916,19.22052833429916,20.22052836418152,-2.988235792145133e-08,0.04700892540130479,-13257.221096158028,-13238.000567793846,-0.0013164533050484056,-13238.000567793846,-0.0013164533050484056,negative,negative,positive,False,0.0499198517893476,False,0.0,0.0499198517893476,0.5001812586093717,True,p>=500M,0.50-0.55,>=1.00
1380,178912813,178912812,178912813,1,19.002409166931614,18.002409166931614,19.002409160137177,6.794437013013521e-09,0.04985552544820417,-7335.692933946848,-7317.690524786711,-0.0015150814680963362,-7317.690524786711,-0.0015150814680963362,negative,negative,positive,False,0.0534990594965381,False,0.0,0.0534990594965381,0.5001785770041759,False,100M<=p<500M,0.50-0.55,>=1.00
1381,604713541,604713540,604713541,1,20.220265417914835,19.220265417914835,20.22026538848877,2.9426065140114588e-08,0.047009504838616496,-13240.197591304779,-13220.97732591629,-0.001314967471086491,-13220.97732591629,-0.001314967471086491,negative,negative,positive,False,0.0495332491346926,False,0.0,0.0495332491346926,0.5001771604272638,True,p>=500M,0.50-0.55,0.50-1.00
1382,40395269,40395268,40395269,1,17.51422323211378,16.51422323211378,17.514223232865334,-7.515552624681732e-10,0.05383644686101789,-3602.986981727183,-3586.4727584943175,-0.001839587807769954,-3586.4727584943175,-0.001839587807769954,negative,negative,positive,False,0.057959605317554,False,0.0,0.057959605317554,0.5001761212329363,False,p<100M,0.50-0.55,>=1.00
1383,604813831,604813830,604813831,1,20.22043125128504,19.22043125128504,20.220431208610535,4.267450393058425e-08,0.047009139359384354,-13237.274014353752,-13218.053583145142,-0.0013145461073325675,-13218.053583145142,-0.0013145461073325675,negative,negative,positive,False,0.0494505928271106,False,0.0,0.0494505928271106,0.500175841638702,True,p>=500M,0.50-0.55,0.50-1.00
1384,604676183,604676182,604676183,1,20.220203637995144,19.220203637995144,20.220203638076782,-8.163780762515671e-11,0.04700964099648268,-13249.190780639648,-13229.970577001572,-0.0013159106346709503,-13229.970577001572,-0.0013159106346709503,negative,negative,positive,False,0.0498626558030613,False,0.0,0.0498626558030613,0.5001752949069839,True,p>=500M,0.50-0.55,0.50-1.00
1385,17998471,17998470,17998471,1,16.70579736780801,15.70579736780801,16.705797366797924,1.0100862368744856e-09,0.0562763045581244,-2432.7028255984187,-2416.997028231621,-0.0020413801686268275,-2416.997028231621,-0.0020413801686268275,negative,negative,positive,False,0.0602674255775238,False,0.0,0.0602674255775238,0.5001724443880635,False,p<100M,0.50-0.55,0.50-1.00
1386,178896671,178896670,178896671,1,19.00231894014483,18.00231894014483,19.00231894850731,-8.362480485857304e-09,0.049855749022514495,-7307.69741332531,-7289.695094376802,-0.001509367615536615,-7289.695094376802,-0.001509367615536615,negative,negative,positive,False,0.0521533774390629,False,0.0,0.0521533774390629,0.5001726238729657,False,100M<=p<500M,0.50-0.55,0.25-0.50
1387,604150727,604150726,604150727,1,20.219334272780408,19.219334272780408,20.21933424472809,2.8052319578364404e-08,0.04701155708936863,-13244.314694166183,-13225.095359921455,-0.001316110810889129,-13225.095359921455,-0.001316110810889129,negative,negative,positive,False,0.0494292859872481,False,0.0,0.0494292859872481,0.5001709903639839,True,p>=500M,0.50-0.55,0.50-1.00
1388,12836827,12836826,12836827,1,16.36782870730725,15.36782870730725,16.367828708142042,-8.347917912487901e-10,0.05736280347628861,-2060.506106538698,-2045.138277830556,-0.0021306479192854336,-2045.138277830556,-0.0021306479192854336,negative,negative,positive,False,0.0603526687466683,False,0.0,0.0603526687466683,0.5001703697018607,False,p<100M,0.50-0.55,0.10-0.25
1389,604673087,604673086,604673087,1,20.22019851788621,19.22019851788621,20.22019851207733,5.808878711377474e-09,0.047009652280817306,-13267.101753950119,-13247.881555438042,-0.001317696179479542,-13247.881555438042,-0.001317696179479542,negative,negative,positive,False,0.0502840921991392,False,0.0,0.0502840921991392,0.500170592295471,True,p>=500M,0.50-0.55,>=1.00
1390,179382869,179382868,179382869,1,19.00503301250549,18.00503301250549,19.005033016204834,-3.699344830465634e-09,0.049849024655731135,-7315.539265185595,-7297.53423216939,-0.0015085107221675135,-7297.53423216939,-0.0015085107221675135,negative,negative,positive,False,0.0527625272092595,False,0.0,0.0527625272092595,0.5001651069921722,False,100M<=p<500M,0.50-0.55,0.50-1.00
1391,108596123,108596122,108596123,1,18.50314626501102,17.50314626501102,18.50314626097679,4.034227174543048e-09,0.05112401554415207,-5770.604582294822,-5753.101436033845,-0.0016125147920790777,-5753.101436033845,-0.0016125147920790777,negative,negative,positive,False,0.0546489093154635,False,0.0,0.0546489093154635,0.5001552857576014,False,100M<=p<500M,0.50-0.55,>=1.00
1392,109592381,109592380,109592381,1,18.51227841363845,17.51227841363845,18.51227840781212,5.826333193681421e-09,0.05110023610187812,-5813.272205159068,-5795.759926751256,-0.0016154758129483511,-5795.759926751256,-0.0016154758129483511,negative,negative,positive,False,0.054215024139045,False,0.0,0.054215024139045,0.5001547635042866,False,100M<=p<500M,0.50-0.55,0.50-1.00
1393,109684087,109684086,109684087,1,18.51311485547084,17.51311485547084,18.513114854693413,7.774261234771984e-10,0.0510980591707278,-5788.864506855607,-5771.351392000914,-0.001607854383793838,-5771.351392000914,-0.001607854383793838,negative,negative,positive,False,0.0533278670073051,False,0.0,0.0533278670073051,0.5001517911515335,False,100M<=p<500M,0.50-0.55,0.10-0.25
1394,179425097,179425096,179425097,1,19.00526839189612,18.00526839189612,19.005268394947052,-3.050931951520397e-09,0.049848441566573226,-7314.09265768528,-7296.087389290333,-0.0015079967936949034,-7296.087389290333,-0.0015079967936949034,negative,negative,positive,False,0.0525931316567972,False,0.0,0.0525931316567972,0.5001512257566763,False,100M<=p<500M,0.50-0.55,0.50-1.00
1395,179403641,179403640,179403641,1,19.00514880281223,18.00514880281223,19.00514879822731,4.5849191110391985e-09,0.04984873781467794,-7314.97384428978,-7296.968695491552,-0.0015082881121305405,-7296.968695491552,-0.0015082881121305405,negative,negative,positive,False,0.0523502186813132,False,0.0,0.0523502186813132,0.5001503129364121,False,100M<=p<500M,0.50-0.55,0.25-0.50
1396,178899731,178899730,178899731,1,19.0023360448445,18.0023360448445,19.00233605504036,-1.0195858379802303e-08,0.04985570663836873,-7308.322730004787,-7290.320393949747,-0.0015094814597474565,-7290.320393949747,-0.0015094814597474565,negative,negative,positive,False,0.0521962848702515,False,0.0,0.0521962848702515,0.5001475586978517,False,100M<=p<500M,0.50-0.55,0.25-0.50
1397,33929663,33929662,33929663,1,17.339800204497706,16.339800204497706,17.33980020135641,3.1412952239406877e-09,0.054344871193213504,-3282.703274473548,-3266.3634742721915,-0.0018650331659893198,-3266.3634742721915,-0.0018650331659893198,negative,negative,positive,False,0.0574088068820105,False,0.0,0.0574088068820105,0.5001467079164726,False,p<100M,0.50-0.55,0.25-0.50
1398,604811167,604811166,604811167,1,20.220426846614167,19.220426846614167,20.22042679786682,4.8747345715582924e-08,0.04700914906674049,-13262.591055870056,-13243.37062907219,-0.001317067382423237,-13243.37062907219,-0.001317067382423237,negative,negative,positive,False,0.0502199766170714,False,0.0,0.0502199766170714,0.5001449616437196,True,p>=500M,0.50-0.55,>=1.00
1399,180643363,180643362,180643363,1,19.01203527533139,18.01203527533139,19.01203528046608,-5.13469089469254e-09,0.04983168424320052,-7334.776531130075,-7316.764495849609,-0.0015060897362776198,-7316.764495849609,-0.0015060897362776198,negative,negative,positive,False,0.052325014209861,False,0.0,0.052325014209861,0.5001426475789879,False,100M<=p<500M,0.50-0.55,0.25-0.50
1400,108547469,108547468,108547469,1,18.502698137572708,17.502698137572708,18.50269813835621,-7.835012638679473e-10,0.051125183002567715,-5760.784636348486,-5743.28193821013,-0.0016102012463276986,-5743.28193821013,-0.0016102012463276986,negative,negative,positive,False,0.0535894655450915,False,0.0,0.0535894655450916,0.500142509927999,False,100M<=p<500M,0.50-0.55,0.25-0.50
1401,33486547,33486546,33486547,1,17.326654334050062,16.326654334050062,17.326654333621264,4.2879833017650526e-10,0.054383577762594004,-3308.7606902755797,-3292.4340359419584,-0.0018951887791631551,-3292.4340359419584,-0.0018951887791631551,negative,negative,positive,False,0.0592177389534237,False,0.0,0.0592177389534237,0.5001419836388492,False,p<100M,0.50-0.55,>=1.00
1402,179145997,179145996,179145997,1,19.003711657061466,18.003711657061466,19.00371167063713,-1.3575665036569262e-08,0.049852298210964895,-7314.08175560832,-7296.078043937683,-0.001509416357716006,-7296.078043937683,-0.001509416357716006,negative,negative,positive,False,0.0523024872089549,False,0.0,0.0523024872089549,0.5001409623563822,False,100M<=p<500M,0.50-0.55,0.25-0.50
1403,604864229,604864228,604864229,1,20.22051457593429,19.22051457593429,20.22051453590393,4.003035769528651e-08,0.047008955722796994,-13245.855349779129,-13226.634835243225,-0.0013153338778094977,-13226.634835243225,-0.0013153338778094977,negative,negative,positive,False,0.0493544655854132,False,0.0,0.0493544655854132,0.5001394571591675,True,p>=500M,0.50-0.55,0.50-1.00
1404,604675733,604675732,604675733,1,20.22020289379489,19.22020289379489,20.220202922821045,-2.902615392486041e-08,0.04700964263664368,-13244.035252571106,-13224.815049648285,-0.0013153984296974434,-13224.815049648285,-0.0013153984296974434,negative,negative,positive,False,0.0496569007754921,False,0.0,0.0496569007754921,0.5001393925148787,True,p>=500M,0.50-0.55,0.50-1.00
1405,178897451,178897450,178897451,1,19.0023233001941,18.0023233001941,19.002323299646378,5.477218678606732e-10,0.04985573821863696,-7308.602242380381,-7290.599919080734,-0.0015095509803993532,-7290.599919080734,-0.0015095509803993532,negative,negative,positive,False,0.0522144979610413,False,0.0,0.0522144979610413,0.5001388788628718,False,100M<=p<500M,0.50-0.55,0.25-0.50
1406,179151281,179151280,179151281,1,19.00374115212227,18.00374115212227,19.003741145133972,6.988297940324628e-09,0.049852225134572964,-7315.045806467533,-7297.042065322399,-0.0015095888460385093,-7297.042065322399,-0.0015095888460385093,negative,negative,positive,False,0.0523720329466571,False,0.0,0.0523720329466571,0.5001352455162869,False,100M<=p<500M,0.50-0.55,0.25-0.50
1407,109713727,109713726,109713727,1,18.51338504959575,17.51338504959575,18.51338504254818,7.047571415341736e-09,0.051097356000520074,-5789.150029927492,-5771.636644884944,-0.0016076697132094333,-5771.636644884944,-0.0016076697132094333,negative,negative,positive,False,0.0533645039148469,False,0.0,0.0533645039148469,0.5001239265308304,False,100M<=p<500M,0.50-0.55,0.10-0.25
1408,604672951,604672950,604672951,1,20.220198292971265,19.220198292971265,20.220198273658752,1.9312512478109056e-08,0.04700965277651304,-13252.422944188118,-13233.20274591446,-0.0013162363338229148,-13233.20274591446,-0.0013162363338229148,negative,negative,positive,False,0.0499414648158332,False,0.0,0.0499414648158332,0.5001215492717889,True,p>=500M,0.50-0.55,>=1.00
1409,604872473,604872472,604872473,1,20.22052820534636,19.22052820534636,20.22052824497223,-3.962587058481404e-08,0.04700892568549833,-13260.103209137917,-13240.882680892944,-0.001316740018552455,-13240.882680892944,-0.001316740018552455,negative,negative,positive,False,0.0499151844057618,False,0.0,0.0499151844057619,0.5001202046128069,True,p>=500M,0.50-0.55,>=1.00
1410,179379503,179379502,179379503,1,19.005014247995817,18.005014247995817,19.00501424074173,7.25408710877673e-09,0.049849071140344016,-7332.43343681097,-7314.428422570229,-0.001512020178728409,-7314.428422570229,-0.001512020178728409,negative,negative,positive,False,0.0533045157066953,False,0.0,0.0533045157066953,0.5001162166699764,False,100M<=p<500M,0.50-0.55,>=1.00
1411,604143797,604143796,604143797,1,20.21932280206716,19.21932280206716,20.21932280063629,1.430869644991617e-09,0.04701158237201926,-13249.544450998306,-13230.32512819767,-0.0013166403026554294,-13230.32512819767,-0.0013166403026554294,negative,negative,positive,False,0.0496227945278836,False,0.0,0.0496227945278835,0.5001153999122473,True,p>=500M,0.50-0.55,0.50-1.00
1412,109683683,109683682,109683683,1,18.513111172158567,17.513111172158567,18.513111174106598,-1.9480310697872483e-09,0.05109806875654487,-5810.666104406118,-5793.152993232012,-0.0016139317577627847,-5793.152993232012,-0.0016139317577627847,negative,negative,positive,False,0.0546243496582797,False,0.0,0.0546243496582797,0.5001131613492665,False,100M<=p<500M,0.50-0.55,>=1.00
1413,187493987,187493986,187493987,1,19.049257333527173,18.049257333527173,19.049257338047028,-4.519854712725646e-09,0.049739708931830925,-7469.2168436050415,-7451.1675862669945,-0.0014995969963483796,-7451.1675862669945,-0.0014995969963483796,negative,negative,positive,False,0.0522420246474967,False,0.0,0.0522420246474967,0.5001115721082059,False,100M<=p<500M,0.50-0.55,0.25-0.50
1414,30363467,30363466,30363467,1,17.228750700282735,16.228750700282735,17.228750701993704,-1.7109691441419272e-09,0.05467358037751821,-3126.660757921636,-3110.4320072196424,-0.0019016800876307234,-3110.4320072196424,-0.0019016800876307234,negative,negative,positive,False,0.0585629651697203,False,0.0,0.0585629651697203,0.5001087394690684,False,p<100M,0.50-0.55,0.50-1.00
1415,179400791,179400790,179400791,1,19.005132916720832,18.005132916720832,19.005132913589478,3.131354731067404e-09,0.04984877716823672,-7315.745025843382,-7297.739892929792,-0.0015084620226472484,-7297.739892929792,-0.0015084620226472484,negative,negative,positive,False,0.0523464165203712,False,0.0,0.0523464165203712,0.5001065725106819,False,100M<=p<500M,0.50-0.55,0.25-0.50
1416,604872577,604872576,604872577,1,20.22052837728341,19.22052837728341,20.22052836418152,1.3101892903932821e-08,0.047008925306573586,-13242.780039429665,-13223.559511065483,-0.001315017179939321,-13223.559511065483,-0.001315017179939321,negative,negative,positive,False,0.0490823007042159,False,0.0,0.0490823007042159,0.500103626954076,True,p>=500M,0.50-0.55,0.25-0.50
1417,604141327,604141326,604141327,1,20.219318713628184,19.219318713628184,20.219318747520447,-3.389226321814931e-08,0.04701159138337254,-13266.52088701725,-13247.30156826973,-0.0013183329726269989,-13247.30156826973,-0.0013183329726269989,negative,negative,positive,False,0.0501598206296204,False,0.0,0.0501598206296204,0.5001016952082448,True,p>=500M,0.50-0.55,>=1.00
1418,108595829,108595828,108595829,1,18.503143557728382,17.503143557728382,18.503143563866615,-6.138233032970675e-09,0.05112402259698604,-5772.654896393418,-5755.151752829552,-0.00161309212311416,-5755.151752829552,-0.00161309212311416,negative,negative,positive,False,0.0547353567679747,False,0.0,0.0547353567679747,0.5001008676816074,False,100M<=p<500M,0.50-0.55,>=1.00
1419,604432681,604432680,604432681,1,20.21980085870778,19.21980085870778,20.21980082988739,2.882039140672532e-08,0.04701052870820905,-13236.441558361053,-13217.221757531166,-0.0013149597500305733,-13217.221757531166,-0.0013149597500305733,negative,negative,positive,False,0.0489909092562281,False,0.0,0.0489909092562281,0.5000989040093639,True,p>=500M,0.50-0.55,0.25-0.50
1420,604686097,604686096,604686097,1,20.220220033413064,19.220220033413064,20.22022008895874,-5.554567650278841e-08,0.04700960486225224,-13255.287061452866,-13236.066841363907,-0.0013165040684032963,-13236.066841363907,-0.0013165040684032963,negative,negative,positive,False,0.0500409639404426,False,0.0,0.0500409639404426,0.5000976091105336,True,p>=500M,0.50-0.55,>=1.00
1421,187505491,187505490,187505491,1,19.049318688279264,18.049318688279264,19.049318701028824,-1.274955963026514e-08,0.04973955760420849,-7486.496498227119,-7468.447179526091,-0.001503018837647218,-7468.447179526091,-0.001503018837647218,negative,negative,positive,False,0.0526943886600028,False,0.0,0.0526943886600028,0.5000948176368492,False,100M<=p<500M,0.50-0.55,0.50-1.00
1422,33902611,33902610,33902611,1,17.339002590033708,16.339002590033708,17.339002586901188,3.1325200211540505e-09,0.05434721811778572,-3280.1731213480234,-3263.834118761122,-0.0018645038386098424,-3263.834118761122,-0.0018645038386098424,negative,negative,positive,False,0.0569716522815128,False,0.0,0.0569716522815128,0.5000942581048852,False,p<100M,0.50-0.55,0.10-0.25
1423,187500433,187500432,187500433,1,19.049291712705408,18.049291712705408,19.04929170012474,1.2580667174688642e-08,0.04973962413764529,-7514.660870790482,-7496.611579090357,-0.0015087115217679518,-7496.611579090357,-0.0015087115217679518,negative,negative,positive,False,0.0534779811979873,False,0.0,0.0534779811979873,0.5000930277609161,False,100M<=p<500M,0.50-0.55,>=1.00
1424,604884127,604884126,604884127,1,20.220547472031907,19.220547472031907,20.220547437667847,3.436406004198034e-08,0.04700888322451059,-13267.07362294197,-13247.853075504303,-0.0013174179879053255,-13247.853075504303,-0.0013174179879053255,negative,negative,positive,False,0.0501105033314959,False,0.0,0.050110503331496,0.5000922480615451,True,p>=500M,0.50-0.55,>=1.00
1425,179436493,179436492,179436493,1,19.00533190384792,18.00533190384792,19.00533190369606,1.518607462003274e-10,0.049848284235116835,-7306.912355482578,-7288.907023578882,-0.0015064548063118903,-7288.907023578882,-0.0015064548063118903,negative,negative,positive,False,0.0519436214565968,False,0.0,0.0519436214565968,0.5000870159864793,False,100M<=p<500M,0.50-0.55,0.10-0.25
1426,12785053,12785052,12785053,1,16.36378731218182,15.36378731218182,16.363787312060595,1.212256961480307e-10,0.05737604838656981,-2067.9415300935507,-2052.57774278149,-0.00214378237798582,-2052.57774278149,-0.00214378237798582,negative,negative,positive,False,0.0615266506044893,False,0.0,0.0615266506044893,0.5000851024575945,False,p<100M,0.50-0.55,0.50-1.00
1427,3281207,3281206,3281207,1,15.003721900474298,14.003721900474298,15.00372190028429,1.900080093264478e-10,0.06220788929580699,-1093.749540827237,-1079.7458189269528,-0.0026479312487473006,-1079.7458189269528,-0.0026479312487473006,negative,negative,positive,False,0.0669272457595592,False,0.0,0.0669272457595592,0.5000806662887284,False,p<100M,0.50-0.55,0.50-1.00
1428,109707457,109707456,109707457,1,18.513327899234174,17.513327899234174,18.513327896595,2.639172436147419e-09,0.05109750473061253,-5813.691139489412,-5796.177811592817,-0.0016145616751967946,-5796.177811592817,-0.0016145616751967946,negative,negative,positive,False,0.0548208182936068,False,0.0,0.0548208182936068,0.5000811430273129,False,100M<=p<500M,0.50-0.55,>=1.00
1429,178906061,178906060,178906061,1,19.002371427167216,18.002371427167216,19.002371430397034,-3.22981819067536e-09,0.04985561896389017,-7310.539164304733,-7292.536792874336,-0.0015099080361534024,-7292.536792874336,-0.0015099080361534024,negative,negative,positive,False,0.0523728581014615,False,0.0,0.0523728581014615,0.5000776745355392,False,100M<=p<500M,0.50-0.55,0.25-0.50
1430,109682179,109682178,109682179,1,18.51309745990648,17.51309745990648,18.5130974650383,-5.131820302040069e-09,0.05109810444270079,-5806.227537617087,-5788.714440152049,-0.0016127086539059036,-5788.714440152049,-0.0016127086539059036,negative,negative,positive,False,0.0544808491312744,False,0.0,0.0544808491312744,0.5000735520364695,False,100M<=p<500M,0.50-0.55,0.50-1.00
1431,604150627,604150626,604150627,1,20.219334107258785,19.219334107258785,20.2193341255188,-1.826001394533705e-08,0.04701155745419539,-13265.630699276924,-13246.411365151405,-0.001318232228726311,-13246.411365151405,-0.001318232228726311,negative,negative,positive,False,0.0501342683893616,False,0.0,0.0501342683893616,0.5000687272587651,True,p>=500M,0.50-0.55,>=1.00
1432,108540779,108540778,108540779,1,18.502636503651352,17.502636503651352,18.50263650715351,-3.50215856315117e-09,0.051125343574977056,-5768.750394925475,-5751.247758418322,-0.001612494997872496,-5751.247758418322,-0.001612494997872496,negative,negative,positive,False,0.054584664384824,False,0.0,0.054584664384824,0.5000667282022097,False,100M<=p<500M,0.50-0.55,>=1.00
1433,40862287,40862286,40862287,1,17.525718117397776,16.525718117397776,17.525718115270138,2.1276385098190076e-09,0.05380327304331401,-3625.154761657119,-3608.6290435418487,-0.0018379312445911077,-3608.6290435418487,-0.0018379312445911077,negative,negative,positive,False,0.057360352413953,False,0.0,0.057360352413953,0.5000637264549253,False,p<100M,0.50-0.55,0.50-1.00
1434,179380829,179380828,179380829,1,19.00502164011742,18.00502164011742,19.005021631717682,8.399737794206885e-09,0.04984905282810935,-7309.077179223299,-7291.072157591581,-0.0015071852874713584,-7291.072157591581,-0.0015071852874713584,negative,negative,positive,False,0.0520554984603305,False,0.0,0.0520554984603305,0.5000636197547323,False,100M<=p<500M,0.50-0.55,0.10-0.25
1435,108624419,108624418,108624419,1,18.50340679285889,17.50340679285889,18.503406792879105,-2.021494083237485e-11,0.05112333684327461,-5812.097724840045,-5794.594318047166,-0.0016238873899481593,-5794.594318047166,-0.0016238873899481593,negative,negative,positive,False,0.0553402851877227,False,0.0,0.0553402851877227,0.5000610644326374,False,100M<=p<500M,0.50-0.55,>=1.00
1436,108596009,108596008,108596009,1,18.50314521524924,17.50314521524924,18.503145217895508,-2.6462672053639835e-09,0.051124018278921955,-5767.623455569148,-5750.120310351253,-0.0016116802525810128,-5750.120310351253,-0.0016116802525810128,negative,negative,positive,False,0.0545561364046841,False,0.0,0.0545561364046841,0.5000587457380969,False,100M<=p<500M,0.50-0.55,0.50-1.00
1437,30780143,30780142,30780143,1,17.24238033223816,16.24238033223816,17.24238033220172,3.644018420345674e-11,0.05463302334660148,-3149.458487994969,-3133.216107662767,-0.0018995931416433208,-3133.216107662767,-0.0018995931416433208,negative,negative,positive,False,0.0585878366316364,False,0.0,0.0585878366316364,0.500057882287861,False,p<100M,0.50-0.55,>=1.00
1438,604849351,604849350,604849351,1,20.22048997837625,19.22048997837625,20.220489978790283,-4.140332521274104e-10,0.04700900993243675,-13250.14528644085,-13230.924796462059,-0.0013157798801747337,-13230.924796462059,-0.0013157798801747337,negative,negative,positive,False,0.0494672848288116,False,0.0,0.0494672848288116,0.5000570170717196,True,p>=500M,0.50-0.55,0.50-1.00
1439,109567151,109567150,109567151,1,18.512048170400742,17.512048170400742,18.512048169970512,4.3023007378906186e-10,0.05110083536746826,-5815.346581369638,-5797.834533199668,-0.0016162803340995452,-5797.834533199668,-0.0016162803340995452,negative,negative,positive,False,0.0547128295829155,False,0.0,0.0547128295829155,0.5000568491695622,False,100M<=p<500M,0.50-0.55,>=1.00
1440,179403071,179403070,179403071,1,19.00514562561414,18.00514562561414,19.005145639181137,-1.3566996415192989e-08,0.04984874568533472,-7315.12825936079,-7297.123113721609,-0.001508322930905141,-7297.123113721609,-0.001508322930905141,negative,negative,positive,False,0.0526403019342879,False,0.0,0.0526403019342879,0.5000534974814728,False,100M<=p<500M,0.50-0.55,0.50-1.00
1441,178013243,178013242,178013243,1,18.997368504365305,17.997368504365305,18.99736851453781,-1.0172506392791547e-08,0.049868018845011186,-7353.671806514263,-7335.674437999725,-0.0015234457674403986,-7335.674437999725,-0.0015234457674403986,negative,negative,positive,False,0.0536823404322602,False,0.0,0.0536823404322602,0.5000523310975853,False,100M<=p<500M,0.50-0.55,>=1.00
1442,179433103,179433102,179433103,1,19.00531301119144,18.00531301119144,19.005313009023666,2.167773516248417e-09,0.049848331035797784,-7318.865055292845,-7300.859742283821,-0.0015089424210218841,-7300.859742283821,-0.0015089424210218841,negative,negative,positive,False,0.0528019141795445,False,0.0,0.0528019141795445,0.500049916864042,False,100M<=p<500M,0.50-0.55,0.50-1.00
1443,30799499,30799498,30799499,1,17.24300898157774,16.24300898157774,17.243008982390165,-8.124239059270622e-10,0.05463115415078203,-3141.911509513855,-3125.668500531465,-0.0018942835209938916,-3125.668500531465,-0.0018942835209938916,negative,negative,positive,False,0.0582339848437294,False,0.0,0.0582339848437294,0.5000444823168279,False,p<100M,0.50-0.55,0.50-1.00
1444,604685981,604685980,604685981,1,20.22021984157797,19.22021984157797,20.22021985054016,-8.962192765693544e-09,0.04700960528504157,-13240.388161063194,-13221.167941212654,-0.0013150223243838307,-13221.167941212654,-0.0013150223243838307,negative,negative,positive,False,0.0494059779892558,False,0.0,0.0494059779892558,0.5000420010479248,True,p>=500M,0.50-0.55,0.50-1.00
1445,604207243,604207242,604207243,1,20.219427814597392,19.219427814597392,20.219427824020386,-9.422993940688684e-09,0.047011350914441426,-13247.14396071434,-13227.92453289032,-0.0013163186123722485,-13227.92453289032,-0.0013163186123722485,negative,negative,positive,False,0.0494597084037629,False,0.0,0.0494597084037629,0.500039366618273,True,p>=500M,0.50-0.55,0.50-1.00
1446,604678229,604678228,604678229,1,20.220207021618634,19.220207021618634,20.22020697593689,4.568174460928276e-08,0.04700963353923421,-13252.950036168098,-13233.729829192162,-0.0013162818788727219,-13233.729829192162,-0.0013162818788727219,negative,negative,positive,False,0.0499229061268175,False,0.0,0.0499229061268175,0.5000342287352204,True,p>=500M,0.50-0.55,>=1.00
1447,109705723,109705722,109705723,1,18.513312093438003,17.513312093438003,18.513312086462975,6.975028554734308e-09,0.051097545864319534,-5801.429879382253,-5783.91656729579,-0.0016111617125515395,-5783.91656729579,-0.0016111617125515395,negative,negative,positive,False,0.0542159663791598,False,0.0,0.0542159663791598,0.5000318206294402,False,100M<=p<500M,0.50-0.55,0.50-1.00
1448,604141553,604141552,604141553,1,20.21931908771277,19.21931908771277,20.219319105148315,-1.7435546340038854e-08,0.04701159055885028,-13270.108379244804,-13250.889060139656,-0.001318689693951462,-13250.889060139656,-0.001318689693951462,negative,negative,positive,False,0.050148948967567,False,0.0,0.050148948967567,0.500030854266117,True,p>=500M,0.50-0.55,>=1.00
1449,76021661,76021660,76021661,1,18.146528870799965,17.146528870799965,18.146528869867325,9.326406313903135e-10,0.052070180967722535,-4826.731188639998,-4809.584659770131,-0.0016751425436915528,-4809.584659770131,-0.0016751425436915528,negative,negative,positive,False,0.0547061389693303,False,0.0,0.0547061389693303,0.5000303742068218,False,p<100M,0.50-0.55,0.25-0.50
1450,109548991,109548990,109548991,1,18.511882413557128,17.511882413557128,18.511882409453392,4.10373601766878e-09,0.05110126679976522,-5815.584529817104,-5798.072647407651,-0.0016165096280712963,-5798.072647407651,-0.0016165096280712963,negative,negative,positive,False,0.0547160509000266,False,0.0,0.0547160509000266,0.5000278637912903,False,100M<=p<500M,0.50-0.55,>=1.00
1451,39674473,39674472,39674473,1,17.496218541364772,16.496218541364772,17.496218539774418,1.5903545147466502e-09,0.053888489695035104,-3534.1576591208577,-3517.6614405810833,-0.0018243579997285907,-3517.6614405810833,-0.0018243579997285907,negative,negative,positive,False,0.0571186298906732,False,0.0,0.0571186298906732,0.5000267322155205,False,p<100M,0.50-0.55,0.50-1.00
1452,180619891,180619890,180619891,1,19.01190533130984,18.01190533130984,19.01190534234047,-1.103062885476902e-08,0.04983200592725766,-7342.559610962868,-7324.547705620527,-0.0015078104116880839,-7324.547705620527,-0.0015078104116880839,negative,negative,positive,False,0.0527177038476254,False,0.0,0.0527177038476254,0.5000261479777293,False,100M<=p<500M,0.50-0.55,0.50-1.00
1453,30370903,30370902,30370903,1,17.228995569869337,16.228995569869337,17.228995569050312,8.190248479422735e-10,0.0546728512021366,-3119.7861534915864,-3103.557157922536,-0.0018971906565408252,-3103.557157922536,-0.0018971906565408252,negative,negative,positive,False,0.0581011027814519,False,0.0,0.0581011027814519,0.5000252303923131,False,p<100M,0.50-0.55,0.50-1.00
1454,33913337,33913336,33913337,1,17.33931891680951,16.33931891680951,17.33931891620159,6.079190484342689e-10,0.05434628732430118,-3290.5693296194077,-3274.230010703206,-0.0018700785679195415,-3274.230010703206,-0.0018700785679195415,negative,negative,positive,False,0.0580626759467249,False,0.0,0.0580626759467249,0.5000235567771486,False,p<100M,0.50-0.55,0.50-1.00
1455,604873177,604873176,604873177,1,20.22052936922738,19.22052936922738,20.220529317855835,5.13715434635742e-08,0.047008923120470766,-13276.605231404305,-13257.384702086449,-0.0013183801436094397,-13257.384702086449,-0.0013183801436094397,negative,negative,positive,False,0.0502486490880784,False,0.0,0.0502486490880784,0.5000235770144709,True,p>=500M,0.50-0.55,>=1.00
1456,33453967,33453966,33453967,1,17.32568093242448,16.32568093242448,17.325680933892727,-1.468247745606277e-09,0.05438644601986424,-3284.6361653096974,-3268.3104843758047,-0.0018824301520350489,-3268.3104843758047,-0.0018824301520350489,negative,negative,positive,False,0.0588258697641753,False,0.0,0.0588258697641753,0.500021927791117,False,p<100M,0.50-0.55,>=1.00
1457,109497233,109497232,109497233,1,18.51140983749516,17.51140983749516,18.51140983402729,3.467871323437066e-09,0.05110249686168155,-5797.634911760688,-5780.1235019266605,-0.0016119685095835055,-5780.1235019266605,-0.0016119685095835055,negative,negative,positive,False,0.0535318452011645,False,0.0,0.0535318452011645,0.5000190449814592,False,100M<=p<500M,0.50-0.55,0.25-0.50
1458,180642773,180642772,180642773,1,19.012032009222114,18.012032009222114,19.012032002210617,7.0114971606471954e-09,0.04983169232859514,-7334.149575680494,-7316.137543678284,-0.0015059636605907175,-7316.137543678284,-0.0015059636605907175,negative,negative,positive,False,0.0520568223877897,False,0.0,0.0520568223877897,0.5000187608565243,False,100M<=p<500M,0.50-0.55,0.25-0.50
1459,30801733,30801732,30801733,1,17.243081512594685,16.243081512594685,17.243081513792276,-1.1975913594142185e-09,0.054630938498726536,-3134.3155000023544,-3118.072418488562,-0.0018895955574203145,-3118.072418488562,-0.0018895955574203145,negative,negative,positive,False,0.0574062037622427,False,0.0,0.0574062037622427,0.500018207105265,False,p<100M,0.50-0.55,0.25-0.50
1460,40882901,40882900,40882901,1,17.52622246513839,16.52622246513839,17.526222467422485,-2.284096467519703e-09,0.05380181844655033,-3628.6157948449254,-3612.089572377503,-0.0018391240292819162,-3612.089572377503,-0.0018391240292819162,negative,negative,positive,False,0.0576070126058503,False,0.0,0.0576070126058503,0.5000133583950583,False,p<100M,0.50-0.55,0.50-1.00
1461,109683839,109683838,109683839,1,18.51311259442927,17.51311259442927,18.51311258971691,4.712358503411451e-09,0.051098065055086156,-5800.048098996282,-5782.534986406565,-0.0016109722624503852,-5782.534986406565,-0.0016109722624503852,negative,negative,positive,False,0.054191893146005,False,0.0,0.054191893146005,0.5000119900855714,False,100M<=p<500M,0.50-0.55,0.50-1.00
1462,179381723,179381722,179381723,1,19.00502662391517,18.00502662391517,19.005026638507843,-1.4592671959690051e-08,0.04984904048193555,-7309.841044813395,-7291.836018174887,-0.0015073386433977255,-7291.836018174887,-0.0015073386433977255,negative,negative,positive,False,0.0520888394763615,False,0.0,0.0520888394763615,0.5000101066032611,False,100M<=p<500M,0.50-0.55,0.25-0.50
1463,109595639,109595638,109595639,1,18.512308141540554,17.512308141540554,18.5123081356287,5.911854117357507e-09,0.05110015872860128,-5813.108585357666,-5795.596277222037,-0.0016154009985698506,-5795.596277222037,-0.0016154009985698506,negative,negative,positive,False,0.0546729446820717,False,0.0,0.0546729446820717,0.5000099410652229,False,100M<=p<500M,0.50-0.55,>=1.00
1464,30775567,30775566,30775567,1,17.24223165391056,16.24223165391056,17.242231652140617,1.7699441912100156e-09,0.05463346543823796,-3159.9111115820706,-3143.66887992993,-0.0019061049671258974,-3143.66887992993,-0.0019061049671258974,negative,negative,positive,False,0.0589963664252072,False,0.0,0.0589963664252072,0.5000062227464737,False,p<100M,0.50-0.55,>=1.00
1465,108531329,108531328,108531329,1,18.502549435809307,17.502549435809307,18.502549439668655,-3.859348396417772e-09,0.05112557041108318,-5755.073001414537,-5737.570451974869,-0.001608745422778906,-5737.570451974869,-0.001608745422778906,negative,negative,positive,False,0.0535686467311318,False,0.0,0.0535686467311318,0.5000034485348235,False,100M<=p<500M,0.50-0.55,0.25-0.50
1466,109527673,109527672,109527673,1,18.51168779675333,17.51168779675333,18.5116878002882,-3.534871950705565e-09,0.05110177335809744,-5804.647351384163,-5787.135663583875,-0.0016136513234123757,-5787.135663583875,-0.0016136513234123757,negative,negative,positive,False,0.0541881378018258,False,0.0,0.0541881378018258,0.5000030392350111,False,100M<=p<500M,0.50-0.55,0.50-1.00
1467,108548059,108548058,108548059,1,18.50270357296795,17.50270357296795,18.502703577280045,-4.312095569503072e-09,0.051125168841996416,-5795.70361597836,-5778.20091240108,-0.0016199858650199671,-5778.20091240108,-0.0016199858650199671,negative,negative,positive,False,0.0551453136707533,False,0.0,0.0551453136707533,0.5000019062399017,False,100M<=p<500M,0.50-0.55,>=1.00
1468,604814519,604814518,604814519,1,20.22043238882452,19.22043238882452,20.22043240070343,-1.1878910299856216e-08,0.047009136852387064,-13257.999765515327,-13238.779333114624,-0.0013166064029281142,-13238.779333114624,-0.0013166064029281142,negative,negative,positive,False,0.0500539236422512,False,0.0,0.0500539236422512,0.5000011224444875,True,p>=500M,0.50-0.55,>=1.00
