candidate_id,block_id,x,y,h,p_star,E_theta_sign,DeltaD_sign,post_P0_flag,finite_zone_flag,source,E_theta,DeltaD,Q_delta_D,Q_R2Q,Q_exc,epsilon,S,E_theta_normalized,positive_flag,negative_flag,threshold_relevant_flag,forbidden_flag,positive_above_0p20_flag,positive_above_0p225_flag,positive_above_0p24_flag,positive_above_0p25_flag,positive_cap_pass_flag,h_bin,p_star_bin,finite_tail_regime,short_window_flag,single_step_flag,sign_consistent,sign_inconsistent_positive_harmless,neg_E_theta_norm,rho_proxy,h_over_x,pstar_over_x,log_pstar,inv_log_pstar,sqrt_h_over_sqrt_x,positive_formula_prediction,positive_formula_residual,failure_type,status
hexc_00000,1,180530237,179845447,684790,180530237,negative,negative,False,True,theta_local,-3089.9881332697114,-541095.7142812033,1.8091175489119344,1.8193520399038576,0.0022301154184481,0.0080043755734753,299093.72920882725,-0.010331169902637048,False,True,True,True,False,False,False,False,True,h>1024,100M<=p<500M,finite_zone,False,False,True,False,0.010331169902637048,1.0,0.0037932149837038103,1.0,19.011408839713177,0.05259999447863575,0.06158908169232441,,,,pass
hexc_00001,2,24181,24178,3,24317,positive,negative,False,True,theta_local,17.186562246627208,-19.53986210777775,0.1106139903704657,0.1157979799474991,0.0184358992034248,-0.0132519096263914,176.64910236341098,0.09729210064860783,True,False,False,False,False,False,False,False,True,2<=h<=4,1K<=p<100K,finite_zone,True,False,False,True,-0.09729210064860783,1.0,0.00012406434804185105,1.0056242504445638,10.09893097320806,0.09902038172683308,0.01113841766328822,0.11274507094988007,-0.002131080579414371,,pass
hexc_00002,3,30974597,30910184,64413,30974597,negative,negative,False,True,theta_local,-1027.9446158131832,-50165.02240775837,0.6643586881865706,0.6812241515207513,0.0022416133345536,0.014623849999627,75508.94313535435,-0.013613547920681797,False,True,False,False,False,False,False,False,True,h>1024,1M<=p<100M,finite_zone,False,False,True,False,0.013613547920681797,1.0,0.0020795427943743707,1.0,17.24867797490251,0.057975457681744565,0.0456020042802328,,,,pass
hexc_00003,4,59921,59920,1,59921,positive,negative,False,True,theta_local,10.0007823069704,-10.677432241970394,0.0882306914983774,0.0921982535693211,2.348567539256741e-16,0.0039675620709434,121.017211365353,0.08263933860430703,True,False,False,False,False,False,False,False,True,h=1,1K<=p<100K,finite_zone,True,True,False,True,-0.08263933860430703,1.0,1.668864004272292e-05,1.0,11.0007823069704,0.0909026260220032,0.004085173196172093,0.08558632888271145,0.002644362615665946,,pass
hexc_00004,5,356077,355293,784,356077,negative,negative,False,True,theta_local,-4.315460261267276,-618.4840667387305,0.1351797213221275,0.1566810093663226,0.0128661873649445,0.0086351006792505,4575.2725385852,-0.0009432138140128665,False,True,False,False,False,False,False,False,True,257<=h<=1024,100K<=p<1M,finite_zone,False,False,True,False,0.0009432138140128665,1.0,0.002201770965268748,1.0,12.782902278581227,0.07822949579107553,0.04692303235372527,,,,pass
hexc_00005,6,3448507,3446024,2483,3448507,negative,negative,False,True,theta_local,-285.247239607314,-1687.5380821821711,0.1494490028165924,0.1786966438467436,0.0076387824505859,0.0216088585795651,11291.73196460307,-0.025261602073224653,False,True,False,False,False,False,False,False,True,h>1024,1M<=p<100M,finite_zone,False,False,True,False,0.025261602073224653,1.0,0.0007200217369429727,1.0,15.053451941719482,0.06642994602643777,0.026833220770958018,,,,pass
hexc_00006,7,30774449,30670319,104130,30774449,negative,negative,False,True,theta_local,-928.3530182520336,-81816.70719328354,0.8528427097579773,0.862526348366495,0.0037875901851982,0.0058960484233194,95934.11101151556,-0.009676985677603223,False,True,True,False,False,False,False,False,True,h>1024,1M<=p<100M,finite_zone,False,False,True,False,0.009676985677603223,1.0,0.003383651158140963,1.0,17.242195325731537,0.05799725505415436,0.05816915985417842,,,,pass
hexc_00007,8,3452747,3451296,1451,3452747,negative,negative,False,True,theta_local,-246.6432758578178,-906.2861454643348,0.1049756413821095,0.1383470038914393,0.0076429115920426,0.0257284509172871,8633.299435299174,-0.028568831384367565,False,True,False,False,False,False,False,False,True,h>1024,1M<=p<100M,finite_zone,False,False,True,False,0.028568831384367565,1.0,0.00042024509759910005,1.0,15.05468070406716,0.0664245240172939,0.02049988042889763,,,,pass
hexc_00008,9,12883477,12871995,11482,12883477,negative,negative,False,True,theta_local,-480.68150179983786,-8643.103225239702,0.3009444286825112,0.3212949859833325,0.0039191521021917,0.0164314051986295,28719.930995492716,-0.016736861306361622,False,True,False,False,False,False,False,False,True,h>1024,1M<=p<100M,finite_zone,False,False,True,False,0.016736861306361622,1.0,0.0008912190397048871,1.0,16.371456195625765,0.06108192136672526,0.029853291940837728,,,,pass
hexc_00009,10,178298621,178254856,43765,178298621,negative,negative,False,True,theta_local,-1758.548029879923,-33018.34702990349,0.437251926315424,0.4625799992422776,0.0025143310542018,0.0228137418726517,75513.32548295001,-0.023287916650909273,False,True,False,False,False,False,False,False,True,h>1024,100M<=p<500M,finite_zone,False,False,True,False,0.023287916650909273,1.0,0.0002454589932021964,1.0,18.998970348647543,0.0526344313217577,0.015667130981842095,,,,pass
hexc_00010,11,211,210,1,211,positive,negative,False,True,theta_local,4.351858133476067,-5.028508068476066,0.1755617761599286,0.1912764152417241,0.0,0.0157146390817954,28.642385480853928,0.15193769863844186,True,False,False,False,False,False,False,False,True,h=1,p<1K,finite_zone,True,True,False,True,-0.15193769863844186,1.0,0.004739336492890996,1.0,5.351858133476067,0.18685099176021946,0.06884283908215143,0.17981107540316077,-0.0042492992432321686,,pass
hexc_00011,12,3279709,3278912,797,3279709,negative,negative,False,True,theta_local,-166.86828088206357,-466.2432979484343,0.0733688760483797,0.1060058846880691,0.0114062615417102,0.021230747097979,6354.78315956471,-0.026258689980775633,False,True,False,False,False,False,False,False,True,257<=h<=1024,1M<=p<100M,finite_zone,False,False,True,False,0.026258689980775633,1.0,0.00024300936455033052,1.0,15.003265256912323,0.06665215757211776,0.01558875763331801,,,,pass
hexc_00012,13,42899,42898,1,42899,positive,negative,False,True,theta_local,9.666603794621116,-10.343253729621123,0.0909085751563544,0.0968247715409328,0.0,0.0059161963845783,113.77643651142559,0.08496138647874055,True,False,False,False,False,False,False,False,True,h=1,1K<=p<100K,finite_zone,True,True,False,True,-0.08496138647874055,1.0,2.3310566679875986e-05,1.0,10.666603794621116,0.09375055258959496,0.004828101767762978,0.08811674811081027,0.0027918270455441208,,pass
hexc_00013,14,1195591,1195386,205,1195669,positive,negative,False,True,theta_local,18.90523282037472,-181.7593802670372,0.0648220454203745,0.0899443884131837,0.0127144572989962,0.0124078856938128,2803.974775684992,0.006742297749720769,True,False,False,False,False,False,False,False,True,65<=h<=256,1M<=p<100M,finite_zone,False,False,False,True,-0.006742297749720769,1.0,0.00017146331814140453,1.0000652397015368,13.994216419335903,0.07145809168838445,0.013094400258942923,0.078715826363015,-0.013893780942640502,,pass
hexc_00014,15,43133,43132,1,43133,positive,negative,False,True,theta_local,9.672043644375696,-10.34869357937572,0.0908636843222885,0.0943896668138165,0.0,0.0035259824915279,113.8925155474597,0.08492255700810557,True,False,False,False,False,False,False,False,True,h=1,1K<=p<100K,finite_zone,True,True,False,True,-0.08492255700810557,1.0,2.318410497762734e-05,1.0,10.672043644375696,0.09370276521751415,0.004814987536601454,0.08807365308441528,0.0027900312378732195,,pass
hexc_00015,16,58309,58308,1,58309,positive,negative,False,True,theta_local,9.973511734352114,-10.650161669352116,0.0884432993920433,0.0939517191622745,0.0,0.0055084197702311,120.41795978396352,0.08282412152012163,True,False,False,False,False,False,False,False,True,h=1,1K<=p<100K,finite_zone,True,True,False,True,-0.08282412152012163,1.0,1.7150011147507247e-05,1.0,10.973511734352114,0.09112853061154,0.004141257194078538,0.08578430105307255,0.00265899833897075,,pass
hexc_00016,17,59333,59332,1,59333,positive,negative,False,True,theta_local,9.990920922612805,-10.667570857612787,0.0883074552338765,0.0929815072257821,2.3527838405727803e-16,0.0046740519919053,120.80034272712787,0.08270606437914654,True,False,False,False,False,False,False,False,True,h=1,1K<=p<100K,finite_zone,True,True,False,True,-0.08270606437914654,1.0,1.6854027269816123e-05,1.0,10.990920922612803,0.09098418658827692,0.004105365668222031,0.08565775166632128,0.0026497035675552144,,pass
hexc_00017,18,3241093,3239129,1964,3241093,negative,negative,False,True,theta_local,-165.06704136906455,-1395.5062112850246,0.1401120285534746,0.159654089699117,0.0081749848918229,0.0113670762538194,9959.931532590872,-0.01657311004889265,False,True,False,False,False,False,False,False,True,h>1024,1M<=p<100M,finite_zone,False,False,True,False,0.01657311004889265,1.0,0.0006059684186785136,1.0,14.991421176559264,0.06670481658961126,0.02461642579007996,,,,pass
hexc_00018,19,1515197,1513853,1344,1515197,negative,negative,False,True,theta_local,-63.24655312102391,-1004.7642034281848,0.1353288100910507,0.1510851987794436,0.0103425912084517,0.0054137974799411,7424.614187859693,-0.008518496923980384,False,True,False,False,False,False,False,False,True,h>1024,1M<=p<100M,finite_zone,False,False,True,False,0.008518496923980384,1.0,0.0008870133718585768,1.0,14.231056021475348,0.07026885415185997,0.029782769714359624,,,,pass
hexc_00019,20,58511,58510,1,58511,positive,negative,False,True,theta_local,9.97697004973177,-10.653619984731762,0.0884162808823417,0.0923670994574258,0.0,0.003950818575084,120.4938714727083,0.08280064311811526,True,False,False,False,False,False,False,False,True,h=1,1K<=p<100K,finite_zone,True,True,False,True,-0.08280064311811526,1.0,1.7090803438669653e-05,1.0,10.97697004973177,0.09109982039391969,0.004134102494940063,0.08575911521460045,0.002657165667741254,,pass
hexc_00020,21,30847123,30831334,15789,30847123,negative,negative,False,True,theta_local,-424.33160930738086,-12121.907568691418,0.3244066291128366,0.338124053326903,0.0060303868534807,0.0076870373605856,37366.399083278666,-0.01135596738560949,False,True,False,False,False,False,False,False,True,h>1024,1M<=p<100M,finite_zone,False,False,True,False,0.01135596738560949,1.0,0.0005118467612036299,1.0,17.24455404626836,0.05798932215451494,0.02262403061356729,,,,pass
hexc_00021,22,60209,60208,1,60209,positive,negative,False,True,theta_local,10.005577121783782,-10.682227056783772,0.0881934154907322,0.0940510554686493,0.0,0.005857639977917,121.12272778353059,0.08260693352007112,True,False,False,False,False,False,False,False,True,h=1,1K<=p<100K,finite_zone,True,True,False,True,-0.08260693352007112,1.0,1.6608812635984655e-05,1.0,11.005577121783782,0.09086302235079156,0.004075391102211499,0.08555166941648484,0.0026417460742473586,,pass
hexc_00022,23,354553,354550,3,354619,positive,negative,False,True,theta_local,22.55722059933116,-24.91052046929002,0.088072855820278,0.0920232096308952,0.0146788192753852,-0.010728465464768,282.8399310693702,0.07975260251989916,True,False,False,False,False,False,False,False,True,2<=h<=4,100K<=p<1M,finite_zone,True,False,False,True,-0.07975260251989916,1.0,8.461358386475366e-06,1.0001861498845024,12.778799252687088,0.07825461377286469,0.0029088414165222834,0.07994671369725048,0.008126142123027522,,pass
hexc_00023,24,180619079,180557417,61662,180619079,negative,negative,False,True,theta_local,-1166.673386312199,-47831.82037550756,0.5329138719787416,0.5459231094474968,0.0051149881925594,0.0078942492761956,89755.2548180161,-0.012998385316577796,False,True,False,False,False,False,False,False,True,h>1024,100M<=p<500M,finite_zone,False,False,True,False,0.012998385316577796,1.0,0.0003413925059378694,1.0,19.011900835670836,0.052598633279412166,0.01847680995025574,,,,pass
hexc_00024,25,109813367,109790208,23159,109813367,negative,negative,False,True,theta_local,-719.8064293124298,-17682.881280788435,0.3389837450779626,0.3557665519303423,0.0045682420338709,0.0122145648185086,52164.39294669296,-0.013798807743205282,False,True,False,False,False,False,False,False,True,h>1024,100M<=p<500M,finite_zone,False,False,True,False,0.013798807743205282,1.0,0.00021089418012289887,1.0,18.514292819156463,0.054012324951742956,0.014522196119144612,,,,pass
hexc_00025,26,230563,230560,3,230647,positive,negative,False,True,theta_local,21.69655017143579,-24.04985004133846,0.0910569767225814,0.0944180902326222,0.0151761792087925,-0.0118150656987517,264.11869696278075,0.08214696809023421,True,False,False,False,False,False,False,False,True,2<=h<=4,100K<=p<1M,finite_zone,True,False,False,True,-0.08214696809023421,1.0,1.3011628058274744e-05,1.0003643255856316,12.34864368218124,0.08098055347106443,0.0036071634365904106,0.08303521495533239,0.008021761767249003,,pass
hexc_00026,27,1192781,1192323,458,1192781,negative,negative,False,True,theta_local,-38.252494546276125,-325.52679180880466,0.0776974809855303,0.0967472985369818,0.0120403626533005,0.0070094548981509,4189.669828156048,-0.009130193097605441,False,True,False,False,False,False,False,False,True,257<=h<=1024,1M<=p<100M,finite_zone,False,False,True,False,0.009130193097605441,1.0,0.0003839766059318517,1.0,13.991798113399025,0.07147044231880145,0.01959532102140334,,,,pass
hexc_00027,28,109670797,109660803,9994,109670797,negative,negative,False,True,theta_local,-700.5003791113922,-7240.816620533022,0.2113316628996534,0.2345732370876761,0.0098010101179576,0.0134405640700649,34262.81003604829,-0.020444919093745895,False,True,False,False,False,False,False,False,True,h>1024,100M<=p<500M,finite_zone,False,False,True,False,0.020444919093745895,1.0,9.112726699706577e-05,1.0,18.5129936819663,0.054016115231223266,0.009546060286687162,,,,pass
hexc_00028,29,3456977,3455716,1261,3456977,negative,negative,False,True,theta_local,-56.54292508843059,-945.3034224797802,0.1174356488415478,0.1341559286414388,0.0077614986724626,0.0089587811274282,8049.543999669534,-0.007024363751630143,False,True,False,False,False,False,False,False,True,h>1024,1M<=p<100M,finite_zone,False,False,True,False,0.007024363751630143,1.0,0.0003647695660109975,1.0,15.055905065714143,0.06641912230685065,0.019098941489281478,,,,pass
hexc_00029,30,4994789,4991760,3029,4994789,negative,negative,False,True,theta_local,-113.94054074237602,-2292.6780519420754,0.1751074858509674,0.1879865387221068,0.0057126820734734,0.0071663707976659,13092.975670345444,-0.00870241751082165,False,True,False,False,False,False,False,False,True,h>1024,1M<=p<100M,finite_zone,False,False,True,False,0.00870241751082165,1.0,0.0006064320234548447,1.0,15.42390572693032,0.06483442117089631,0.024625840563417215,,,,pass
hexc_00030,31,7108243,7105465,2778,7108243,negative,negative,False,True,theta_local,-80.20709910296955,-2126.957375998616,0.1621275115134674,0.1766899326140388,0.0068229245505902,0.007739496549981,13119.040415432122,-0.006113793125343279,False,True,False,False,False,False,False,False,True,h>1024,1M<=p<100M,finite_zone,False,False,True,False,0.006113793125343279,1.0,0.000390813876227923,1.0,15.77676565450406,0.06338434771099696,0.01976901303120424,,,,pass
hexc_00031,32,3293113,3292080,1033,3293113,negative,negative,False,True,theta_local,-117.56184933337444,-703.1382912358818,0.0971366049932867,0.1154116378424172,0.0061349229944132,0.0121401098547171,7238.654174546005,-0.016240843463246078,False,True,False,False,False,False,False,False,True,h>1024,1M<=p<100M,finite_zone,False,False,True,False,0.016240843463246078,1.0,0.0003136849540237459,1.0,15.007343875983839,0.06663404319003405,0.01771115337926206,,,,pass
hexc_00032,33,1197619,1197615,4,1197697,positive,negative,False,True,theta_local,23.99169028406876,-27.20127901406522,0.069431568892584,0.0726584885625681,0.0177247165152088,-0.0144977968452248,391.7710552695081,0.06123905776439849,True,False,False,False,False,False,False,False,True,2<=h<=4,1M<=p<100M,finite_zone,True,False,False,True,-0.06123905776439849,1.0,3.3399603713701938e-06,1.0000651292272418,13.995911104131594,0.07144943923692113,0.001827555846306808,0.07037075037949192,-0.000939181486907914,,pass
hexc_00033,34,127,126,1,127,positive,negative,False,True,theta_local,3.844187086458591,-4.520837021458592,0.1926535586334653,0.2157084836048593,0.0,0.0230549249713939,23.466148528612173,0.16381840768506986,True,False,False,False,False,False,False,False,True,h=1,p<1K,finite_zone,True,True,False,True,-0.16381840768506986,1.0,0.007874015748031496,1.0,4.844187086458591,0.2064329849677758,0.08873565094161139,0.18341465050306516,0.009238908130400153,,pass
hexc_00034,35,354953,354952,1,354953,positive,negative,False,True,theta_local,11.779740665326448,-12.456390600326472,0.0762690147674882,0.080127585396028,0.0,0.0038585706285397,163.3217714729985,0.0721259667898836,True,False,False,False,False,False,False,False,True,h=1,100K<=p<1M,finite_zone,True,True,False,True,-0.0721259667898836,1.0,2.8172743997092572e-06,1.0,12.779740665326448,0.07824884918933962,0.0016784738305106986,0.07508185369704568,0.001187161070442519,,pass
hexc_00035,36,39707851,39704004,3847,39707851,negative,negative,False,True,theta_local,-452.5803398765943,-2604.19045438886,0.1371454844597804,0.1623741874086595,0.0110407093348006,0.0141879936140783,18988.52495688672,-0.02383441267313675,False,True,False,False,False,False,False,False,True,h>1024,1M<=p<100M,finite_zone,False,False,True,False,0.02383441267313675,1.0,9.688260389614134e-05,1.0,17.497059484292244,0.05715246044043783,0.009842896113245398,,,,pass
hexc_00036,37,1657,1656,1,1657,positive,negative,False,True,theta_local,6.412764017426562,-7.089413952426561,0.129017905192041,0.1389495863976313,6.465466393439502e-17,0.0099316812055901,54.94907037805399,0.11670377630242393,True,False,False,False,False,False,False,False,True,h=1,1K<=p<100K,finite_zone,True,True,False,True,-0.11670377630242393,1.0,0.0006035003017501509,1.0,7.4127640174265625,0.13490244632759307,0.024566243134638045,0.1325505573505601,-0.003532652158519084,,pass
hexc_00037,38,155921,155920,1,156007,positive,negative,False,True,theta_local,10.957104747706284,-11.633754682706297,0.081363154764434,0.0868104441327406,0.0,0.0054472893683065,142.98554076951442,0.07663085853812723,True,False,False,False,False,False,False,False,True,h=1,100K<=p<1M,finite_zone,True,True,False,True,-0.07663085853812723,1.0,6.4135042746005994e-06,1.0005515613676157,11.957656157019837,0.08362842908916912,0.0025324897383011444,0.08025536234122654,0.0011077924232074515,,pass
hexc_00038,39,39690667,39682692,7975,39690667,negative,negative,False,True,theta_local,-364.0109776889212,-5972.95270429004,0.2184817075940539,0.2349256240499423,0.0069005695359736,0.0095433469199146,27338.45670681034,-0.013314979027263146,False,True,False,False,False,False,False,False,True,h>1024,1M<=p<100M,finite_zone,False,False,True,False,0.013314979027263146,1.0,0.00020092884808411006,1.0,17.496626629858657,0.05715387435275449,0.014174937322052258,,,,pass
hexc_00039,40,30417481,30409154,8327,30417481,negative,negative,False,True,theta_local,-228.7179970545885,-6388.011550910226,0.2357893781039462,0.24963148266117,0.0085348501864403,0.0053072543707834,27092.02425604648,-0.008442263113784956,False,True,False,False,False,False,False,False,True,h>1024,1M<=p<100M,finite_zone,False,False,True,False,0.008442263113784956,1.0,0.0002737570543727799,1.0,17.230528034003125,0.05803652668255881,0.016545605288800405,,,,pass
hexc_00040,41,604672261,604520611,151650,604672261,negative,negative,True,False,theta_local,-1617.0683062109456,-118889.25056613778,0.7467076670478365,0.7568596623500748,0.0014698183580815,0.0086821769441567,159217.93201370913,-0.010156320244579683,False,True,True,False,False,False,False,False,True,h>1024,p>=500M,post_P0_tail,False,False,True,False,0.010156320244579683,1.0,0.0002507970181221857,1.0,20.220197151857885,0.049455501966167395,0.01583657217083879,,,,pass
hexc_00041,42,7117417,7115469,1948,7117417,negative,negative,False,True,theta_local,-117.76229972501552,-1430.1054790106923,0.1301567329770984,0.1460888226947264,0.007641518998895,0.0082905707187329,10987.564348763462,-0.010717780209247962,False,True,False,False,False,False,False,False,True,h>1024,1M<=p<100M,finite_zone,False,False,True,False,0.010717780209247962,1.0,0.00027369479686240104,1.0,15.778055436668373,0.06337916633731613,0.01654372379068271,,,,pass
hexc_00042,43,12781267,12779528,1739,12781267,negative,negative,False,True,theta_local,-151.7480364006467,-1229.9006183879278,0.1101458902583867,0.1300675391522673,0.0053725661686165,0.014549082725264,11166.105385346242,-0.013590059484822,False,True,False,False,False,False,False,False,True,h>1024,1M<=p<100M,finite_zone,False,False,True,False,0.013590059484822,1.0,0.0001360584987388183,1.0,16.363491141279816,0.061111653458675586,0.011664411632775068,,,,pass
hexc_00043,44,109588091,109577354,10737,109588091,negative,negative,False,True,theta_local,-629.3445955758762,-7902.204580257003,0.2225301612998425,0.2415685632788372,0.0066368119233886,0.0124015900556059,35510.71249892,-0.017722668774810324,False,True,False,False,False,False,False,False,True,h>1024,100M<=p<500M,finite_zone,False,False,True,False,0.017722668774810324,1.0,9.797597441495719e-05,1.0,18.512239267815275,0.05401831650580299,0.009898281386935673,,,,pass
hexc_00044,45,12836777,12833438,3339,12836777,negative,negative,False,True,theta_local,-163.66723291570224,-2489.441898656397,0.1608095545919656,0.1752468754780604,0.0060864238556851,0.0083508970304095,15480.68399898904,-0.01057235151407977,False,True,False,False,False,False,False,False,True,h>1024,1M<=p<100M,finite_zone,False,False,True,False,0.01057235151407977,1.0,0.0002601120203303368,1.0,16.367824812256128,0.06109547306806498,0.016127988725514932,,,,pass
hexc_00045,46,618029,618028,1,618029,positive,negative,False,True,theta_local,12.3342906609052,-13.01094059590514,0.0731760324597099,0.0748436752518515,0.0,0.0016676427921415,177.80330742950363,0.0693704230771723,True,False,False,False,False,False,False,False,True,h=1,100K<=p<1M,finite_zone,True,True,False,True,-0.0693704230771723,1.0,1.6180470495721075e-06,1.0,13.3342906609052,0.07499461541901883,0.0012720247833953972,0.07248235329739217,0.0006936791623177313,,pass
hexc_00046,47,12807413,12805898,1515,12807413,negative,negative,False,True,theta_local,-205.7621329185172,-997.9957473512264,0.0957330676536776,0.1184377830877646,0.006714545286013,0.0159901701480738,10424.775595424973,-0.019737799728640506,False,True,False,False,False,False,False,False,True,h>1024,1M<=p<100M,finite_zone,False,False,True,False,0.019737799728640506,1.0,0.00011829086795280202,1.0,16.365534701877635,0.061104022460400816,0.010876160533607529,,,,pass
hexc_00047,48,3440630,3439819,811,3440807,positive,negative,False,True,theta_local,46.90968440981942,-691.6775565305757,0.1072136412049886,0.1225172337511368,0.0089098695882727,0.0063937229578754,6451.395072088945,0.007271246588628184,True,False,False,False,False,False,False,False,True,257<=h<=1024,1M<=p<100M,finite_zone,False,False,False,True,-0.007271246588628184,1.0,0.00023571264564919796,1.0000514440669297,15.051216594860197,0.06643981193795906,0.015352936059568474,0.08071740304341213,0.026496238161576466,,pass
hexc_00048,49,33902159,33888759,13400,33902159,negative,negative,False,True,theta_local,-291.8733586694325,-10356.155825807087,0.2975764937115444,0.3075518627750951,0.0049814047227133,0.0049939643408373,34801.659555293445,-0.008386765527824882,False,True,False,False,False,False,False,False,True,h>1024,1M<=p<100M,finite_zone,False,False,True,False,0.008386765527824882,1.0,0.00039525506325423107,1.0,17.33898925763836,0.057673488641183,0.019881022691356474,,,,pass
hexc_00049,50,3457967,3457512,455,3457967,negative,negative,False,True,theta_local,-93.6529697629686,-267.71927672099514,0.055366069112823,0.0793601948576568,0.006278619086263,0.0177155066585706,4835.439485065229,-0.01936803677353957,False,True,False,False,False,False,False,False,True,257<=h<=1024,1M<=p<100M,finite_zone,False,False,True,False,0.01936803677353957,1.0,0.00013158020304994235,1.0,15.056191402091347,0.06641785915800043,0.011470841427286072,,,,pass
hexc_00050,51,12842173,12840082,2091,12842173,negative,negative,False,True,theta_local,-192.29332879440085,-1468.9981860940732,0.1199057486653474,0.1392439305539144,0.0050051051752984,0.0143330767132684,12251.274041864273,-0.015695782180474318,False,True,False,False,False,False,False,False,True,h>1024,1M<=p<100M,finite_zone,False,False,True,False,0.015695782180474318,1.0,0.00016282291166767494,1.0,16.36824507866729,0.06109390439805294,0.012760208135750567,,,,pass
hexc_00051,52,1512479,1512478,1,1512479,positive,negative,False,True,theta_local,13.229260584493224,-13.905910519493318,0.0686807082255686,0.0713499660129912,0.0,0.0026692577874225,202.4718567814125,0.06533876260529117,True,False,False,False,False,False,False,False,True,h=1,1M<=p<100M,finite_zone,True,True,False,True,-0.06533876260529117,1.0,6.61166204621684e-07,1.0,14.229260584493225,0.07027772062097033,0.0008131212730101728,0.06868006301110308,6.452144655222369e-07,,pass
hexc_00052,53,356173,356170,3,356243,positive,negative,False,True,theta_local,22.56633807844032,-24.919637948399497,0.0880421204440856,0.0917954514179663,0.0146736966602346,-0.0109203656863539,283.0422282278585,0.07972781383092299,True,False,False,False,False,False,False,False,True,2<=h<=4,100K<=p<1M,finite_zone,True,False,False,True,-0.07972781383092299,1.0,8.42287315433792e-06,1.0001965337069345,12.783368361249144,0.0782266435371877,0.00290221866066944,0.0799337523401773,0.008108368103908303,,pass
hexc_00053,54,7112297,7110038,2259,7112297,negative,negative,False,True,theta_local,-113.30394854654696,-1681.6041273500573,0.1421341086327225,0.1547550134720171,0.0030623697626775,0.0095585350766169,11831.108968329036,-0.009576781758147345,False,True,False,False,False,False,False,False,True,h>1024,1M<=p<100M,finite_zone,False,False,True,False,0.009576781758147345,1.0,0.0003176189070844482,1.0,15.777335815708886,0.06338205712806964,0.01782186598211445,,,,pass
hexc_00054,55,12895717,12894136,1581,12895717,negative,negative,False,True,theta_local,-156.60587200935356,-1099.6240179754095,0.1031699645978112,0.1217247995908262,0.0082557947953519,0.010299040197663,10658.373512699049,-0.014693224235645673,False,True,False,False,False,False,False,False,True,h>1024,1M<=p<100M,finite_zone,False,False,True,False,0.014693224235645673,1.0,0.00012259884425193263,1.0,16.372405798698676,0.06107837860209175,0.011072436238332223,,,,pass
hexc_00055,56,1511449,1511046,403,1511527,positive,negative,False,True,theta_local,9.625130217388572,-329.9465646577695,0.0811829553542681,0.0952884508457212,0.007718928919738,0.006386566571715,4064.234459289399,0.0023682517122969953,True,False,False,False,False,False,False,False,True,257<=h<=1024,1M<=p<100M,finite_zone,False,False,False,True,-0.0023682517122969953,1.0,0.0002666315568702616,1.0000516061077813,14.228630956092058,0.07028083046681628,0.016328856569590586,0.08293480255516061,-0.0017518472008925118,,pass
hexc_00056,57,179620853,179616870,3983,179620853,negative,negative,False,True,theta_local,-637.8829200418768,-2527.025590101053,0.1108425832777827,0.1434186712486546,0.0081468555780067,0.024429232392865,22798.328181941317,-0.027979372651857314,False,True,False,False,False,False,False,False,True,h>1024,100M<=p<500M,finite_zone,False,False,True,False,0.027979372651857314,1.0,2.217448549807299e-05,1.0,19.006358815110175,0.05261397039421321,0.004708979241626892,,,,pass
hexc_00057,58,1188361,1188358,3,1188511,positive,negative,False,True,theta_local,24.97616952660599,-27.32946939660235,0.0806391928862905,0.0833294497303515,0.0134398679639979,-0.0107496111199369,338.9105026775217,0.07369547219482654,True,False,False,False,False,False,False,False,True,2<=h<=4,1M<=p<100M,finite_zone,True,False,False,True,-0.07369547219482654,1.0,2.524485404687633e-06,1.0001262242702345,13.988211821103459,0.07148876588295151,0.001588862928224972,0.07319057900007642,0.007448613886214081,,pass
hexc_00058,59,293,292,1,293,positive,negative,False,True,theta_local,4.680172609017068,-5.356822544017069,0.1660290921582204,0.1707575979731007,5.505631574898212e-17,0.0047285058148801,32.26436086822776,0.14505703764384356,True,False,False,False,False,False,False,False,True,h=1,p<1K,finite_zone,True,True,False,True,-0.14505703764384356,1.0,0.0034129692832764505,1.0,5.680172609017068,0.1760509880302821,0.0584206237836986,0.17368165134720148,-0.007652559188981084,,pass
hexc_00059,60,3290983,3290975,8,3291137,positive,negative,False,True,theta_local,37.02008815604045,-43.37603271443948,0.068097615704397,0.0730965487832678,0.0205672364492246,-0.0155683033703539,636.9684498607004,0.05811918653763217,True,False,False,False,False,False,False,False,True,5<=h<=16,1M<=p<100M,finite_zone,False,False,False,True,-0.05811918653763217,1.0,2.430884632342373e-06,1.0000467945291727,15.006743655743318,0.06663670833194277,0.0015591294469486405,0.06683576672462377,0.0012618489797732307,,pass
hexc_00060,61,1190071,1190068,3,1190143,positive,negative,False,True,theta_local,24.97904537377347,-27.33234524376985,0.080631858151701,0.0832943901091022,0.0134386455041789,-0.0107761135467777,338.97699830192045,0.0736894995793346,True,False,False,False,False,False,False,False,True,2<=h<=4,1M<=p<100M,finite_zone,True,False,False,True,-0.0736894995793346,1.0,2.5208579992286177e-06,1.0000605005919816,13.989584025935335,0.07148175372091814,0.0015877210079949869,0.07308578432422141,0.007546073827479585,,pass
hexc_00061,62,113166227,113154493,11734,113166227,negative,negative,False,True,theta_local,-570.3217879884924,-8753.869097322327,0.2349919129337335,0.2503069484559692,0.0041822745120619,0.0111327610101736,37251.7887447083,-0.015309916844449729,False,True,False,False,False,False,False,False,True,h>1024,100M<=p<500M,finite_zone,False,False,True,False,0.015309916844449729,1.0,0.00010368817898293985,1.0,18.544368331162183,0.05392472701912353,0.010182739267158904,,,,pass
hexc_00062,63,30816007,30813688,2319,30816007,negative,negative,False,True,theta_local,-215.2921471839013,-1627.3307655551475,0.1136507642000766,0.1321516982536188,0.0075446709207132,0.0109562631328288,14318.696200672357,-0.015035736785433853,False,True,False,False,False,False,False,False,True,h>1024,1M<=p<100M,finite_zone,False,False,True,False,0.015035736785433853,1.0,7.52530981707007e-05,1.0,17.243544820734687,0.0579927161378987,0.008674854360201137,,,,pass
hexc_00063,64,604810421,604757400,53021,604810421,negative,negative,True,False,theta_local,-1034.3984432700745,-41097.65520487146,0.436528398028676,0.4494568065190746,0.0016779826148503,0.0112504258755482,94146.57875745282,-0.010987106031064241,False,True,False,False,False,False,False,False,True,h>1024,p>=500M,post_P0_tail,False,False,True,False,0.010987106031064241,1.0,8.766548683525411e-05,1.0,20.220425613170573,0.04945494319113887,0.009362984931914294,,,,pass
hexc_00064,65,3438889,3438886,3,3439001,positive,negative,False,True,theta_local,27.10131744255433,-29.45461731255397,0.0750723212794575,0.0792717980142518,0.0125120542877309,-0.0083125775529367,392.34989421612295,0.06907435898944266,True,False,False,False,False,False,False,False,True,2<=h<=4,1M<=p<100M,finite_zone,True,False,False,True,-0.06907435898944266,1.0,8.723747698748055e-07,1.0000325686580753,15.050691580196565,0.06644212956405156,0.0009340100480588019,0.06820977744257761,0.0068625438368798836,,pass
hexc_00065,66,1196077,1196076,1,1196077,positive,negative,False,True,theta_local,12.994557592691232,-13.671207527691196,0.0698053209783983,0.0711424243631883,0.0,0.0013371033847899,195.8476422151518,0.06635033971160008,True,False,False,False,False,False,False,False,True,h=1,1M<=p<100M,finite_zone,True,True,False,True,-0.06635033971160008,1.0,8.360665743091791e-07,1.0,13.994557592691232,0.07145634961138449,0.0009143667613759695,0.06963906744344572,0.00016625353495257345,,pass
hexc_00066,67,39699197,39695992,3205,39699197,negative,negative,False,True,theta_local,-265.53724747196566,-2280.972504373403,0.1316093417511963,0.1495716452263878,0.0085253544488815,0.0094369490263099,17331.38752935575,-0.015321176508355204,False,True,False,False,False,False,False,False,True,h>1024,1M<=p<100M,finite_zone,False,False,True,False,0.015321176508355204,1.0,8.073211153364134e-05,1.0,17.496841518752603,0.05715317241275971,0.008985104981781868,,,,pass
hexc_00067,68,1192069,1192068,1,1192069,positive,negative,False,True,theta_local,12.991201010838148,-13.667850945838154,0.0698216715498185,0.0712244136304279,0.0,0.0014027420806093,195.75370572567843,0.06636503233835843,True,False,False,False,False,False,False,False,True,h=1,1M<=p<100M,finite_zone,True,True,False,True,-0.06636503233835843,1.0,8.388776153058254e-07,1.0,13.991201010838148,0.07147349246325313,0.0009159026232661556,0.06965295803450267,0.00016871351531583256,,pass
hexc_00068,69,108581987,108578163,3824,108581987,negative,negative,False,True,theta_local,-400.9453068567673,-2637.631696644796,0.1245862627972834,0.1469597990717331,0.0043804824344325,0.017993053840017,21171.12783884155,-0.01893830644776393,False,True,False,False,False,False,False,False,True,h>1024,100M<=p<500M,finite_zone,False,False,True,False,0.01893830644776393,1.0,3.521762776361792e-05,1.0,18.5030160861452,0.05404524296710664,0.005934444183208561,,,,pass
hexc_00069,70,12847921,12847029,892,12847921,negative,negative,False,True,theta_local,-139.04176855224262,-569.6987517866241,0.0711926004758948,0.0908608054490663,0.0077829840818417,0.0118852208913297,8002.218601068224,-0.01737540243323043,False,True,False,False,False,False,False,False,True,257<=h<=1024,1M<=p<100M,finite_zone,False,False,True,False,0.01737540243323043,1.0,6.942757509172107e-05,1.0,16.36869256633284,0.06109223421159501,0.00833232111069425,,,,pass
hexc_00070,71,1191481,1191480,1,1191481,positive,negative,False,True,theta_local,12.990707629107597,-13.667357564107531,0.0698240755547498,0.0710316103925829,0.0,0.001207534837833,195.7398999631695,0.06636719254251143,True,False,False,False,False,False,False,False,True,h=1,1M<=p<100M,finite_zone,True,True,False,True,-0.06636719254251143,1.0,8.392916043142945e-07,1.0,13.990707629107597,0.07147601297303255,0.0009161285959483498,0.06965500023721072,0.000169075317539083,,pass
hexc_00071,72,12843647,12843190,457,12843647,negative,negative,False,True,theta_local,-113.26485440576494,-249.96047798659333,0.043641826458844,0.0679786634633438,0.0081632419242064,0.0161735950802932,5727.543924457782,-0.01977546674449774,False,True,False,False,False,False,False,False,True,257<=h<=1024,1M<=p<100M,finite_zone,False,False,True,False,0.01977546674449774,1.0,3.558179386275565e-05,1.0,16.368359850163905,0.0610934760204448,0.005965047683192117,,,,pass
hexc_00072,73,40882169,40877269,4900,40882169,negative,negative,False,True,theta_local,-220.51959869872007,-3673.138631205552,0.1708297585564211,0.1837301433813745,0.0069729630121156,0.0059274218128377,21501.749239974473,-0.010255891101582853,False,True,False,False,False,False,False,False,True,h>1024,1M<=p<100M,finite_zone,False,False,True,False,0.010255891101582853,1.0,0.00011985665437663056,1.0,17.52620456018215,0.05705741916717688,0.010947906392394418,,,,pass
hexc_00073,74,1186291,1186290,1,1186291,positive,negative,False,True,theta_local,12.986342191006576,-13.662992126006657,0.0698453533838172,0.0716803042452162,0.0,0.0018349508613989,195.61776788393058,0.06638631209978839,True,False,False,False,False,False,False,False,True,h=1,1M<=p<100M,finite_zone,True,True,False,True,-0.06638631209978839,1.0,8.429634887224129e-07,1.0,13.986342191006575,0.07149832217339962,0.0009181304312146576,0.06967307448523363,0.0001722788985835666,,pass
hexc_00074,75,113195507,113182659,12848,113195507,negative,negative,False,True,theta_local,-330.4150379443963,-9888.473703891712,0.2536736118314834,0.2647255241959858,0.0052963922956069,0.0057555200688954,38981.08925283357,-0.008476290536708852,False,True,False,False,False,False,False,False,True,h>1024,100M<=p<500M,finite_zone,False,False,True,False,0.008476290536708852,1.0,0.00011350273823147415,1.0,18.544627032132933,0.05392397475922619,0.010653766387126862,,,,pass
hexc_00075,76,2879,2878,1,2879,positive,negative,False,True,theta_local,6.965198290612176,-7.641848225612179,0.1204495617554677,0.1282261417306278,1.1199458377620308e-16,0.0077765799751599,63.444383808771136,0.10978431615958485,True,False,False,False,False,False,False,False,True,h=1,1K<=p<100K,finite_zone,True,True,False,True,-0.10978431615958485,1.0,0.0003473428273706148,1.0,7.965198290612176,0.12554615258964805,0.01863713570725434,0.12156862089683518,-0.0011190591413674789,,pass
hexc_00076,77,39674417,39673239,1178,39674417,negative,negative,False,True,theta_local,-198.21267981504025,-737.8526257071599,0.070227735125299,0.0933658727593846,0.0048863359951688,0.0182518016389167,10506.57015195914,-0.018865593333337226,False,True,False,False,False,False,False,False,True,h>1024,1M<=p<100M,finite_zone,False,False,True,False,0.018865593333337226,1.0,2.9691677637002203e-05,1.0,17.49621712987685,0.05715521204251531,0.005449007032203408,,,,pass
hexc_00077,78,3441797,3441229,568,3441797,negative,negative,False,True,theta_local,-56.25170384278789,-395.00311291379376,0.0731587940029086,0.0865309897820664,0.0054337359968187,0.007938459782339,5399.256757814914,-0.010418416157255138,False,True,False,False,False,False,False,False,True,257<=h<=1024,1M<=p<100M,finite_zone,False,False,True,False,0.010418416157255138,1.0,0.00016503007004771054,1.0,15.051504276675633,0.06643854206317683,0.01284640300036203,,,,pass
hexc_00078,79,109546081,109535495,10586,109546081,negative,negative,False,True,theta_local,-330.4584709322444,-8081.547700812343,0.2292074218688508,0.2408302537232801,0.0043289464415077,0.0072938854129215,35258.66498963759,-0.009372404514730353,False,True,False,False,False,False,False,False,True,h>1024,100M<=p<500M,finite_zone,False,False,True,False,0.009372404514730353,1.0,9.663513202265995e-05,1.0,18.511855849746507,0.05401943533466384,0.009830316984851503,,,,pass
hexc_00079,80,1198513,1198510,3,1198607,positive,negative,False,True,theta_local,24.993182690643494,-27.34648256063997,0.0805918938395926,0.0831464357639209,0.0134319847655415,-0.0108774428412132,339.32051051026895,0.07365656338621805,True,False,False,False,False,False,False,False,True,2<=h<=4,1M<=p<100M,finite_zone,True,False,False,True,-0.07365656338621805,1.0,2.5031017602645947e-06,1.0000784305218215,13.996670607136007,0.07144556216748889,0.001582119388751871,0.07307771127938278,0.007514182560209817,,pass
hexc_00080,81,1512197,1512196,1,1512197,positive,negative,False,True,theta_local,13.22907411823977,-13.905724053239853,0.0686815873299589,0.0705955645536329,0.0,0.001913977223674,202.4665502623609,0.06533955411941986,True,False,False,False,False,False,False,False,True,h=1,1M<=p<100M,finite_zone,True,True,False,True,-0.06533955411941986,1.0,6.612895013017483e-07,1.0,14.22907411823977,0.07027864158203616,0.000813197086382968,0.06868081569060847,7.71639350430342e-07,,pass
hexc_00081,82,12782500,12782006,494,12782599,negative,negative,False,True,theta_local,-68.54730774172731,-323.79453525219947,0.0544062230194822,0.0796044258439215,0.0108684538700757,0.0143297489543634,5951.424621706459,-0.011517798190993916,False,True,False,False,False,False,False,False,True,257<=h<=1024,1M<=p<100M,finite_zone,False,False,True,False,0.011517798190993916,1.0,3.864658713084295e-05,1.0000077449638176,16.363595350870117,0.06111126427645536,0.006216637928240871,,,,pass
hexc_00082,83,42923,42922,1,42923,positive,negative,False,True,theta_local,9.66716309178561,-10.343813026785613,0.0909039576698389,0.0952612074725035,1.248884654177082e-16,0.0043572498026643,113.78836842675315,0.0849573926179324,True,False,False,False,False,False,False,False,True,h=1,1K<=p<100K,finite_zone,True,True,False,True,-0.0849573926179324,1.0,2.3297532791277403e-05,1.0,10.66716309178561,0.09374563709165215,0.004826751784717897,0.08811231425234611,0.0027916434174927868,,pass
hexc_00083,84,617579,617578,1,617579,positive,negative,False,True,theta_local,12.33356227452393,-13.010212209523957,0.0731799305719317,0.0752538383487422,0.0,0.0020739077768104,177.78388292860774,0.06937390539206914,True,False,False,False,False,False,False,False,True,h=1,100K<=p<1M,finite_zone,True,True,False,True,-0.06937390539206914,1.0,1.619226042336284e-06,1.0,13.33356227452393,0.0749987122279147,0.0012724881305286443,0.07248562721977825,0.0006943033521534525,,pass
hexc_00084,85,10357,10356,1,10357,positive,negative,False,True,theta_local,8.24541789858888,-8.922067833588883,0.1043788308928695,0.1086725867349362,0.0,0.0042937558420666,85.47775211954762,0.09646273672542288,True,False,False,False,False,False,False,False,True,h=1,1K<=p<100K,finite_zone,True,True,False,True,-0.09646273672542288,1.0,9.655305590421937e-05,1.0,9.24541789858888,0.1081616873319084,0.009826141455536825,0.10217084125382248,0.002207989639047031,,pass
hexc_00085,86,15859,15858,1,15859,positive,negative,False,True,theta_local,8.6714924414986,-9.3481423764986,0.0999397652056914,0.1069835705399953,0.0,0.0070438053343038,93.53776604596456,0.09270578941598219,True,False,False,False,False,False,False,False,True,h=1,1K<=p<100K,finite_zone,True,True,False,True,-0.09270578941598219,1.0,6.305567816381865e-05,1.0,9.6714924414986,0.1033966583801672,0.007940760553235355,0.09728925530387644,0.0026505099018149514,,pass
hexc_00086,87,109467389,109460158,7231,109467389,negative,negative,False,True,theta_local,-178.26963014023477,-5567.723402559313,0.1910786963521397,0.2045445847739718,0.0074324407919268,0.0060334476299052,29138.378630648243,-0.006118035337516266,False,True,False,False,False,False,False,False,True,h>1024,100M<=p<500M,finite_zone,False,False,True,False,0.006118035337516266,1.0,6.605620236360986e-05,1.0,18.51113724551284,0.05402153237464669,0.008127496684933799,,,,pass
hexc_00087,88,3290641,3290318,323,3290641,negative,negative,False,True,theta_local,-37.87575835699317,-218.61666116771448,0.0540154242762154,0.0705553720204413,0.0078480023338476,0.0086919454103782,4047.3006386062534,-0.009358276475857803,False,True,False,False,False,False,False,False,True,257<=h<=1024,1M<=p<100M,finite_zone,False,False,True,False,0.009358276475857803,1.0,9.81571675548928e-05,1.0,15.006592936590852,0.06663737759966032,0.009907429916728798,,,,pass
hexc_00088,89,1188149,1188148,1,1188149,positive,negative,False,True,theta_local,12.987907191915609,-13.66455712691561,0.0698377238341033,0.0739495641263946,0.0,0.0041118402922912,195.6615476096444,0.06637945651859609,True,False,False,False,False,False,False,False,True,h=1,1M<=p<100M,finite_zone,True,True,False,True,-0.06637945651859609,1.0,8.416452818627967e-07,1.0,13.987907191915609,0.0714903227680804,0.0009174122747504508,0.06966659389988306,0.0001711299342202488,,pass
hexc_00089,90,179641471,179630689,10782,179641471,negative,negative,False,True,theta_local,-461.50121601656247,-8106.104690189923,0.2161023309574808,0.2296201708973325,0.0058305796296811,0.0076872603101705,37510.49169286766,-0.012303256907301843,False,True,False,False,False,False,False,False,True,h>1024,100M<=p<500M,finite_zone,False,False,True,False,0.012303256907301843,1.0,6.001954860411937e-05,1.0,19.006473594749707,0.05261365265970417,0.007747228446620079,,,,pass
hexc_00090,91,179602723,179595316,7407,179602723,negative,negative,False,True,theta_local,-450.7172966904154,-5434.931495367947,0.1748153915205001,0.1917202756433797,0.0055138368213938,0.0113910473014857,31089.547940237317,-0.014497389848087155,False,True,False,False,False,False,False,False,True,h>1024,100M<=p<500M,finite_zone,False,False,True,False,0.014497389848087155,1.0,4.124102283237655e-05,1.0,19.006257875187373,0.05261424982060765,0.006421917379753226,,,,pass
hexc_00091,92,3453943,3453942,1,3453943,positive,negative,False,True,theta_local,14.055027034946916,-14.731676969946989,0.0649963708245559,0.0687276505309807,0.0,0.0037312797064247,226.65383902298257,0.06201098157230747,True,False,False,False,False,False,False,False,True,h=1,1M<=p<100M,finite_zone,True,True,False,True,-0.06201098157230747,1.0,2.895241757029575e-07,1.0,15.055027034946917,0.06642299596531584,0.0005380745075758165,0.06546772741928275,-0.0004713565947268572,,pass
hexc_00092,93,1188839,1188838,1,1188839,positive,negative,False,True,theta_local,12.988487758598636,-13.665137693598696,0.0698348939319513,0.0717695715648134,0.0,0.001934677632862,195.67778977246394,0.06637691366864772,True,False,False,False,False,False,False,False,True,h=1,1M<=p<100M,finite_zone,True,True,False,True,-0.06637691366864772,1.0,8.411567924672727e-07,1.0,13.988487758598637,0.0714873556925627,0.0009171460038986556,0.06966419008944147,0.00017070384250983395,,pass
hexc_00093,94,618119,618118,1,618119,positive,negative,False,True,theta_local,12.334436274537484,-13.011086209537496,0.073175253227646,0.0765541684740735,3.1969133879196994e-16,0.0033789152464271,177.80719075970106,0.06936972696006967,True,False,False,False,False,False,False,False,True,h=1,100K<=p<1M,finite_zone,True,True,False,True,-0.06936972696006967,1.0,1.6178114570171763e-06,1.0,13.334436274537483,0.07499379646888642,0.0012719321746921793,0.07248169883934308,0.0006935543883029166,,pass
hexc_00094,95,178011341,178005997,5344,178011341,negative,negative,False,True,theta_local,-366.6962581891348,-3879.7407328734553,0.1470561101400873,0.1648839859416764,0.0069070699511918,0.0109208058503972,26382.72377242652,-0.01389910539003488,False,True,False,False,False,False,False,False,True,h>1024,100M<=p<500M,finite_zone,False,False,True,False,0.01389910539003488,1.0,3.0020559195720006e-05,1.0,18.997357819709887,0.052638899024289226,0.005479102042827822,,,,pass
hexc_00095,96,3438637,3438262,375,3438637,negative,negative,False,True,theta_local,-28.83790962671685,-268.9157561582316,0.0613047056138632,0.0753076301542394,0.0091609752093495,0.0048419493310265,4386.543471100524,-0.006574176186035109,False,True,False,False,False,False,False,False,True,257<=h<=1024,1M<=p<100M,finite_zone,False,False,True,False,0.006574176186035109,1.0,0.00010905483771622303,1.0,15.050585729903096,0.06644259684944757,0.010442932428979085,,,,pass
hexc_00096,97,30981239,30980149,1090,30981239,negative,negative,False,True,theta_local,-175.80966234322875,-690.2088476648541,0.0702659379459539,0.0903727573504991,0.0038095629268263,0.0162972564777187,9822.80843096036,-0.017898105575295243,False,True,False,False,False,False,False,False,True,h>1024,1M<=p<100M,finite_zone,False,False,True,False,0.017898105575295243,1.0,3.5182582594582484e-05,1.0,17.2488923856975,0.057974737023067276,0.005931490756511594,,,,pass
hexc_00097,98,33843191,33842396,795,33843191,negative,negative,False,True,theta_local,-188.19672853522707,-443.2519099326764,0.0523006045347718,0.0761893412087709,0.004261589416467,0.0196271472575319,8475.081958908948,-0.022205888916200504,False,True,False,False,False,False,False,False,True,257<=h<=1024,1M<=p<100M,finite_zone,False,False,True,False,0.022205888916200504,1.0,2.3490692706843157e-05,1.0,17.33724838494695,0.0576792797678465,0.0048467197883561575,,,,pass
hexc_00098,99,4991034,4990677,357,4991101,negative,negative,False,True,theta_local,-17.691366021948568,-266.2477494151465,0.0592385896584613,0.076175182058325,0.0071299286054191,0.0098066637944444,4494.49845025331,-0.003936226971209988,False,True,False,False,False,False,False,False,True,257<=h<=1024,1M<=p<100M,finite_zone,False,False,True,False,0.003936226971209988,1.0,7.152826448387248e-05,1.000013424072046,15.423167084672558,0.06483752620392691,0.008457438411473802,,,,pass
hexc_00099,100,6421,6420,1,6421,positive,negative,False,True,theta_local,7.767329147794049,-8.443979082794051,0.1098531528794008,0.1159896775054861,0.0,0.0061365246260852,76.86606038575913,0.10105017882812024,True,False,False,False,False,False,False,False,True,h=1,1K<=p<100K,finite_zone,True,True,False,True,-0.10105017882812024,1.0,0.0001557389814670612,1.0,8.76732914779405,0.11405982177042029,0.012479542518340214,0.10850818605542734,0.001344966823973462,,pass
hexc_00100,101,1510643,1510642,1,1510643,positive,negative,False,True,theta_local,13.228045945966745,-13.904695880966642,0.0686864351030437,0.070535407834942,0.0,0.0018489727318982,202.43729144054066,0.06534391885919917,True,False,False,False,False,False,False,False,True,h=1,1M<=p<100M,finite_zone,True,True,False,True,-0.06534391885919917,1.0,6.619697704884608e-07,1.0,14.228045945966743,0.07028372018179153,0.0008136152472074629,0.06868496620802356,1.4688950201457995e-06,,pass
hexc_00101,102,33477793,33476547,1246,33477793,negative,negative,False,True,theta_local,-154.43846648475437,-835.5915545465327,0.0788530878574153,0.096662723146914,0.0059616473562023,0.0118479879332962,10596.814623892416,-0.014574046255045851,False,True,False,False,False,False,False,False,True,h>1024,1M<=p<100M,finite_zone,False,False,True,False,0.014574046255045851,1.0,3.721870196162572e-05,1.0,17.326392881460524,0.05771541756218708,0.0061007132338461645,,,,pass
hexc_00102,103,33824779,33823778,1001,33824779,negative,negative,False,True,theta_local,-12.808745615198404,-782.6896931372066,0.0823075164766412,0.0986530057695944,0.0059703851044254,0.0103751041885277,9509.334343228942,-0.001346965534377155,False,True,False,False,False,False,False,False,True,257<=h<=1024,1M<=p<100M,finite_zone,False,False,True,False,0.001346965534377155,1.0,2.9593689289145096e-05,1.0,17.33670419837081,0.05768109027862248,0.005440008206716705,,,,pass
hexc_00103,104,30358319,30357034,1285,30358319,negative,negative,False,True,theta_local,-165.14358633355937,-855.725877447961,0.0804237049730352,0.097634505621578,0.0035506716837985,0.0136601289647441,10640.21954391273,-0.015520693501858994,False,True,False,False,False,False,False,False,True,h>1024,1M<=p<100M,finite_zone,False,False,True,False,0.015520693501858994,1.0,4.232777183743276e-05,1.0,17.228581140052334,0.05804308502661539,0.006505979698510653,,,,pass
hexc_00104,105,604432601,604410439,22162,604432601,negative,negative,True,False,theta_local,-688.5913402072983,-16921.907040198,0.2780296336118464,0.2914811871626422,0.0048112529540787,0.0086403005967169,60863.681401035305,-0.01131366562712694,False,True,False,False,False,False,False,False,True,h>1024,p>=500M,post_P0_tail,False,False,True,False,0.01131366562712694,1.0,3.666579195651295e-05,1.0,20.219800726352254,0.049456471581181834,0.0060552284809504055,,,,pass
hexc_00105,106,479,478,1,479,positive,negative,False,True,theta_local,5.171700597410915,-5.848350532410915,0.1535407636762682,0.1648068982246287,4.663591625904842e-17,0.0112661345483603,38.08988826408224,0.13577620815148708,True,False,False,False,False,False,False,False,True,h=1,p<1K,finite_zone,True,True,False,True,-0.13577620815148708,1.0,0.0020876826722338203,1.0,6.171700597410915,0.16202989503727858,0.04569116623849538,0.16214468258062387,-0.008603918904355662,,pass
hexc_00106,107,231701,231700,1,231701,positive,negative,False,True,theta_local,11.35320302633692,-12.029852961336928,0.078831748748131,0.0810551545684911,0.0,0.00222340582036,152.60162500989966,0.07439765484542127,True,False,False,False,False,False,False,False,True,h=1,100K<=p<1M,finite_zone,True,True,False,True,-0.07439765484542127,1.0,4.315907138941999e-06,1.0,12.35320302633692,0.0809506650111723,0.002077476146419496,0.07725275594695491,0.001578992801176085,,pass
hexc_00107,108,39634747,39633125,1622,39634747,negative,negative,False,True,theta_local,-169.89877765908955,-1118.8124807367185,0.0907597358435971,0.1078488246263689,0.0056096653888982,0.0114794233938734,12327.189698576536,-0.01378244204992711,False,True,False,False,False,False,False,False,True,h>1024,1M<=p<100M,finite_zone,False,False,True,False,0.01378244204992711,1.0,4.092368749067579e-05,1.0,17.49521674098589,0.05715848021804205,0.006397162456173501,,,,pass
hexc_00108,109,33492847,33491912,935,33492847,negative,negative,False,True,theta_local,-137.96589757999288,-604.6244752512366,0.0658629327433626,0.0863386781827271,0.0043309131910465,0.0161448322483178,9180.041793874834,-0.015028896455792539,False,True,False,False,False,False,False,False,True,257<=h<=1024,1M<=p<100M,finite_zone,False,False,True,False,0.015028896455792539,1.0,2.7916408539411416e-05,1.0,17.326842451608083,0.05771392005167053,0.0052835980675493685,,,,pass
hexc_00109,110,39655321,39654336,985,39655321,negative,negative,False,True,theta_local,-127.70959529037896,-655.0241926712538,0.068182796019551,0.0882379519127139,0.0103891851313233,0.0096659707618394,9606.883714235315,-0.013293550654843576,False,True,False,False,False,False,False,False,True,257<=h<=1024,1M<=p<100M,finite_zone,False,False,True,False,0.013293550654843576,1.0,2.4839037363989565e-05,1.0,17.495735696284598,0.05715678479370036,0.004983877743684084,,,,pass
hexc_00110,111,30780011,30777698,2313,30780011,negative,negative,False,True,theta_local,-140.46546636399898,-1697.337130708749,0.1187096625628934,0.1309387070981607,0.0072627341203376,0.0049663104149295,14298.222183973307,-0.009823981230438908,False,True,False,False,False,False,False,False,True,h>1024,1M<=p<100M,finite_zone,False,False,True,False,0.009823981230438908,1.0,7.514617197505226e-05,1.0,17.24237604374986,0.05799664718265364,0.008668689172824935,,,,pass
hexc_00111,112,3459077,3459076,1,3459077,positive,negative,False,True,theta_local,14.056512348440547,-14.733162283440493,0.0649900997036011,0.067178289113327,0.0,0.0021881894097258,226.69856409874268,0.062005299435059405,True,False,False,False,False,False,False,False,True,h=1,1M<=p<100M,finite_zone,True,True,False,True,-0.062005299435059405,1.0,2.8909446074776596e-07,1.0,15.056512348440547,0.06641644338727443,0.0005376750512602998,0.06546213875272322,-0.0004720390491221166,,pass
hexc_00112,113,30784249,30783029,1220,30784249,negative,negative,False,True,theta_local,-133.72293008495535,-835.7371197162352,0.0804801201663452,0.0966458075650577,0.0083504817829622,0.0078152056157501,10384.392045996461,-0.012877299845060272,False,True,False,False,False,False,False,False,True,h>1024,1M<=p<100M,finite_zone,False,False,True,False,0.012877299845060272,1.0,3.963065657375627e-05,1.0,17.24251372103232,0.05799618409351797,0.006295288442458873,,,,pass
hexc_00113,114,359419,359416,3,359477,positive,negative,False,True,theta_local,22.58448267109209,-24.93778254105206,0.087981785829136,0.0897827713986883,0.0146636407876059,-0.0128626552180536,283.4425592301818,0.07967922224676,True,False,False,False,False,False,False,False,True,2<=h<=4,100K<=p<1M,finite_zone,True,False,False,True,-0.07967922224676,1.0,8.346804147805208e-06,1.0001613715468576,12.792405476349705,0.07817138081252789,0.0028890836173093375,0.07982505135530116,0.008156734473834845,,pass
hexc_00114,115,3453551,3453550,1,3453551,positive,negative,False,True,theta_local,14.054913535029169,-14.731563470029188,0.0649968500806915,0.0680235969848095,0.0,0.0030267469041179,226.65042154720445,0.06201141581420776,True,False,False,False,False,False,False,False,True,h=1,1M<=p<100M,finite_zone,True,True,False,True,-0.06201141581420776,1.0,2.8955703853801496e-07,1.0,15.054913535029169,0.06642349673236184,0.000538105044148459,0.06546815450024845,-0.00047130441955695046,,pass
hexc_00115,116,12830269,12829371,898,12830269,negative,negative,False,True,theta_local,-46.90137454561159,-666.5577464566404,0.0830318255781195,0.0962426881171498,0.0044981624772096,0.0087127000618206,8027.738060865798,-0.005842414661515904,False,True,False,False,False,False,False,False,True,257<=h<=1024,1M<=p<100M,finite_zone,False,False,True,False,0.005842414661515904,1.0,6.999073830798091e-05,1.0,16.367317702856827,0.06109736599207428,0.008366046755067826,,,,pass
hexc_00116,117,17992177,17991472,705,17992327,negative,negative,False,True,theta_local,-3.3720180676377822,-556.6135410993293,0.0751177449862599,0.0927710098591296,0.0043468868821478,0.0133063779907217,7409.880863717906,-0.0004550704835416035,False,True,False,False,False,False,False,False,True,257<=h<=1024,1M<=p<100M,finite_zone,False,False,True,False,0.0004550704835416035,1.0,3.91836963364689e-05,1.0000083369566672,16.70545594720046,0.0598606828308438,0.0062596881980230374,,,,pass
hexc_00117,118,179650181,179648340,1841,179650181,negative,negative,False,True,theta_local,-377.4982097341908,-1085.0677523256454,0.0700042897116968,0.0958698914280892,0.0047737129410581,0.0210918887753342,15500.018024528928,-0.024354694887244406,False,True,False,False,False,False,False,False,True,h>1024,100M<=p<500M,finite_zone,False,False,True,False,0.024354694887244406,1.0,1.0247693543932472e-05,1.0,19.006522079037907,0.052613518446012246,0.0032012018905299413,,,,pass
hexc_00118,119,1513271,1513270,1,1513271,positive,negative,False,True,theta_local,13.2297840910738,-13.906434026073724,0.0686782402480672,0.0705260023814927,0.0,0.0018477621334254,202.48675527857705,0.06533654052025545,True,False,False,False,False,False,False,False,True,h=1,1M<=p<100M,finite_zone,True,True,False,True,-0.06533654052025545,1.0,6.608201703462235e-07,1.0,14.229784091073801,0.07027513513907002,0.0008129084636945439,0.06867794992836829,2.9031969890624953e-07,,pass
hexc_00119,120,108561281,108557409,3872,108561281,negative,negative,False,True,theta_local,-263.9525918434665,-2812.800304471888,0.1320368412344232,0.1470745643860575,0.0051891364890148,0.0098485866626193,21303.147501672913,-0.012390309545701573,False,True,False,False,False,False,False,False,True,h>1024,100M<=p<500M,finite_zone,False,False,True,False,0.012390309545701573,1.0,3.566649144458787e-05,1.0,18.502825373347576,0.05404580002362513,0.005972142952457507,,,,pass
hexc_00120,121,108842081,108840439,1642,108842081,negative,negative,False,True,theta_local,-217.0841446013817,-1087.6344517544494,0.0783788743940216,0.0996639793175021,0.0082387254087246,0.0130463795147557,13876.627601038987,-0.015643869017939772,False,True,False,False,False,False,False,False,True,h>1024,100M<=p<500M,finite_zone,False,False,True,False,0.015643869017939772,1.0,1.5086076863965877e-05,1.0,18.505408591505432,0.05403825562970988,0.0038840799250228976,,,,pass
hexc_00121,122,30418643,30418642,1,30418643,positive,negative,False,True,theta_local,16.230566234990423,-16.907216169990534,0.0569472827269941,0.0587452641225273,1.531690711227097e-15,0.0017979813955316,296.89241277839204,0.054668174518509256,True,False,False,False,False,False,False,False,True,h=1,1M<=p<100M,finite_zone,True,True,False,True,-0.054668174518509256,1.0,3.287457629191414e-08,1.0,17.230566234990423,0.058036398012810624,0.00018131347520775762,0.057730216391245426,-0.0007829336642513271,,pass
hexc_00122,123,3277217,3277216,1,3277217,positive,negative,False,True,theta_local,14.0025051445914,-14.679155079591396,0.0652189030525632,0.0681011679331808,0.0,0.0028822648806175,225.07516061349145,0.06221257426374602,True,False,False,False,False,False,False,False,True,h=1,1M<=p<100M,finite_zone,True,True,False,True,-0.06221257426374602,1.0,3.051369500402323e-07,1.0,15.002505144591401,0.06665553454987569,0.0005523920256848684,0.06566572869428655,-0.00044682564172335293,,pass
hexc_00123,124,30340831,30340827,4,30340987,positive,negative,False,True,theta_local,30.456009776270783,-33.665598506270726,0.0567134556707363,0.0597199396392292,0.0144204613622394,-0.0114139773937466,593.6086614387333,0.05130654546457315,True,False,False,False,False,False,False,False,True,2<=h<=4,1M<=p<100M,finite_zone,True,False,False,True,-0.05130654546457315,1.0,1.3183554530856455e-07,1.000005141586267,17.228010062667327,0.058045009049941025,0.00036309164863511324,0.05726943395320405,-0.0005559782824677492,,pass
hexc_00124,125,33827861,33826320,1541,33827861,negative,negative,False,True,theta_local,-102.04793904212896,-1122.15241752471,0.0951070884702718,0.110098889929409,0.0057695318036443,0.0092222696554927,11798.830513831439,-0.00864898761979003,False,True,False,False,False,False,False,False,True,h>1024,1M<=p<100M,finite_zone,False,False,True,False,0.00864898761979003,1.0,4.5554166135423104e-05,1.0,17.336795310853695,0.0576807871391289,0.0067493826484666805,,,,pass
hexc_00125,126,40847383,40847382,1,40847383,positive,negative,False,True,theta_local,16.525353313570633,-17.20200324857069,0.0560074063047842,0.057385037625347,0.0,0.0013776313205627,307.1380087654812,0.053804325228235625,True,False,False,False,False,False,False,False,True,h=1,1M<=p<100M,finite_zone,True,True,False,True,-0.053804325228235625,1.0,2.4481372527586408e-08,1.0,17.525353313570633,0.057060190576908774,0.00015646524383257262,0.05672711278568565,-0.0007197064809014511,,pass
hexc_00126,127,3236861,3236860,1,3236861,positive,negative,False,True,theta_local,13.990114590991642,-14.666764525991653,0.0652716233260424,0.0687664195967628,0.0,0.0034947962707203,224.7035354510605,0.062260322530789156,True,False,False,False,False,False,False,False,True,h=1,1M<=p<100M,finite_zone,True,True,False,True,-0.062260322530789156,1.0,3.0894128601753365e-07,1.0,14.990114590991642,0.06671063079137189,0.0005558248699163556,0.06571254900920809,-0.0004409256831656855,,pass
hexc_00127,128,187449539,187440181,9358,187449539,negative,negative,False,True,theta_local,-385.9233859879023,-7059.687735016454,0.2011169548690546,0.2128199890626043,0.0051155744267494,0.0065874597668001,35102.39969381473,-0.010994216616361545,False,True,False,False,False,False,False,False,True,h>1024,100M<=p<500M,finite_zone,False,False,True,False,0.010994216616361545,1.0,4.992276881513163e-05,1.0,19.049020241820685,0.05249613824256302,0.007065604631956958,,,,pass
hexc_00128,129,40874291,40872504,1787,40874291,negative,negative,False,True,theta_local,-139.55697264443688,-1280.0985765136688,0.0985859298052889,0.1130432056909814,0.0053009968762809,0.0091562790094115,12984.59708238197,-0.010747886265473225,False,True,False,False,False,False,False,False,True,h>1024,1M<=p<100M,finite_zone,False,False,True,False,0.010747886265473225,1.0,4.3719412772199524e-05,1.0,17.526011841465508,0.057058046579316984,0.006612065696300931,,,,pass
hexc_00129,130,109678603,109674416,4187,109678603,negative,negative,False,True,theta_local,-243.7212716620761,-3083.211946461258,0.139025752502687,0.1528036364238857,0.0035003288755931,0.0102775550456054,22177.272130943267,-0.010989686658622873,False,True,False,False,False,False,False,False,True,h>1024,100M<=p<500M,finite_zone,False,False,True,False,0.010989686658622873,1.0,3.8175176246546464e-05,1.0,18.51306485608397,0.0540159075644014,0.006178606335294916,,,,pass
hexc_00130,131,12786583,12786580,3,12786847,positive,negative,False,True,theta_local,29.727813795617536,-32.08111366561752,0.0691693522625108,0.071246224678351,0.0115282255457049,-0.0094513531298647,463.80532152250925,0.06409545646874341,True,False,False,False,False,False,False,False,True,2<=h<=4,1M<=p<100M,finite_zone,True,False,False,True,-0.06409545646874341,1.0,2.3462093039242775e-07,1.0000206466418746,16.363927622444486,0.0611100234046756,0.0004843768474983375,0.06294156475379764,0.0062277875087131535,,pass
hexc_00131,132,1189387,1189386,1,1189387,positive,negative,False,True,theta_local,12.988948606314286,-13.66559854131424,0.0698326477486181,0.0709787746513286,0.0,0.0011461269027104,195.6906831101024,0.06637489531888573,True,False,False,False,False,False,False,False,True,h=1,1M<=p<100M,finite_zone,True,True,False,True,-0.06637489531888573,1.0,8.407692365899408e-07,1.0,13.988948606314286,0.07148500063461691,0.0009169346959243831,0.06966228207989666,0.0001703656687214311,,pass
hexc_00132,133,30343471,30342328,1143,30343471,negative,negative,False,True,theta_local,-126.54371300174604,-781.7068219863181,0.077901608662357,0.0943688419287908,0.0047078243264234,0.0117594089400103,10034.54017714075,-0.012610813327552345,False,True,False,False,False,False,False,False,True,h>1024,1M<=p<100M,finite_zone,False,False,True,False,0.012610813327552345,1.0,3.766872946077922e-05,1.0,17.228091928768904,0.05804473322609317,0.00613748559760259,,,,pass
hexc_00133,134,1189751,1189750,1,1189751,positive,negative,False,True,theta_local,12.989254599495716,-13.665904534495668,0.0698311564099448,0.0714970560553375,0.0,0.0016658996453926,195.69924424951205,0.06637355524446847,True,False,False,False,False,False,False,False,True,h=1,1M<=p<100M,finite_zone,True,True,False,True,-0.06637355524446847,1.0,8.405120062937539e-07,1.0,13.989254599495716,0.07148343701143647,0.0009167944187732351,0.06966101525542445,0.0001701411545203535,,pass
hexc_00134,135,12831227,12830878,349,12831293,negative,negative,False,True,theta_local,-5.285039920639065,-271.95312120092467,0.054340305264288,0.0716348006649615,0.0030501315616617,0.0142443638390116,5004.629986494569,-0.0010560301031047664,False,True,False,False,False,False,False,False,True,257<=h<=1024,1M<=p<100M,finite_zone,False,False,True,False,0.0010560301031047664,1.0,2.7199269407360653e-05,1.000005143701378,16.367397510937142,0.06109706807889114,0.005215291881319842,,,,pass
hexc_00135,136,359539,359538,1,359539,positive,negative,False,True,theta_local,11.792577934264838,-12.469227869264842,0.0761944640634262,0.0782047695913046,0.0,0.0020103055278783,163.65005020423962,0.07205972695729324,True,False,False,False,False,False,False,False,True,h=1,100K<=p<1M,finite_zone,True,True,False,True,-0.07205972695729324,1.0,2.7813394374462853e-06,1.0,12.792577934264838,0.07817032697698142,0.0016677348222802946,0.07501903253174214,0.0011754315316840624,,pass
hexc_00136,137,2819,2818,1,2819,positive,negative,False,True,theta_local,6.944137491114112,-7.620787426114113,0.1207553395984347,0.1252023670442801,1.125891913241079e-16,0.0044470274458452,63.10932047772483,0.11003346951842281,True,False,False,False,False,False,False,False,True,h=1,1K<=p<100K,finite_zone,True,True,False,True,-0.11003346951842281,1.0,0.000354735721887194,1.0,7.9441374911141125,0.12587898952133528,0.018834429162764506,0.12195673714748412,-0.0012013975490494239,,pass
hexc_00137,138,7048213,7048210,3,7048303,positive,negative,False,True,theta_local,28.53656905120186,-30.889868921201696,0.0717275226371058,0.0741760381642046,0.0119545874356355,-0.0095060719085368,430.6557341661463,0.0662630653379214,True,False,False,False,False,False,False,False,True,2<=h<=4,1M<=p<100M,finite_zone,True,False,False,True,-0.0662630653379214,1.0,4.2563980401840864e-07,1.0000127691941205,15.76829743659348,0.06341838768713866,0.0006524107632606996,0.06523782678475887,0.006489695852346933,,pass
hexc_00138,139,109556411,109553597,2814,109556411,negative,negative,False,True,theta_local,-129.7691972891198,-2106.388627552733,0.1158702945195927,0.13072783862462,0.0080790635414207,0.0067784805636065,18178.849344311962,-0.007138471463801623,False,True,False,False,False,False,False,False,True,h>1024,100M<=p<500M,finite_zone,False,False,True,False,0.007138471463801623,1.0,2.5685397817568156e-05,1.0,18.511950143516636,0.05401916017747195,0.0050680763429104105,,,,pass
hexc_00139,140,1512661,1512660,1,1512661,positive,negative,False,True,theta_local,13.229380909503124,-13.906030844503109,0.0686801409592871,0.0706156379648199,0.0,0.0019354970055327,202.4752810677319,0.06533825185839667,True,False,False,False,False,False,False,False,True,h=1,1M<=p<100M,finite_zone,True,True,False,True,-0.06533825185839667,1.0,6.610866545775954e-07,1.0,14.229380909503123,0.0702771263458235,0.0008130723550690894,0.06867957732121877,5.636380683293751e-07,,pass
hexc_00140,141,12799573,12799572,1,12799573,positive,negative,False,True,theta_local,15.36492236895841,-16.04157230395822,0.0598989258227295,0.0616477751710293,8.490089787554659e-16,0.0017488493482989,267.81068414203537,0.057372327837411856,True,False,False,False,False,False,False,False,True,h=1,1M<=p<100M,finite_zone,True,True,False,True,-0.057372327837411856,1.0,7.812760628811602e-08,1.0,16.36492236895841,0.06110630881432331,0.00027951315941850753,0.06072381873323707,-0.0008248929105075659,,pass
hexc_00141,142,2275961,2275960,1,2275961,positive,negative,False,True,theta_local,13.637912938756417,-14.314562873756472,0.0668066617083421,0.0680251836107398,0.0,0.0012185219023976,214.26849520261246,0.06364870825204795,True,False,False,False,False,False,False,False,True,h=1,1M<=p<100M,finite_zone,True,True,False,True,-0.06364870825204795,1.0,4.3937483990279273e-07,1.0,14.637912938756415,0.06831574994221522,0.0006628535584145209,0.0670621853339648,-0.00025552362562270003,,pass
hexc_00142,143,42533,42532,1,42533,positive,negative,False,True,theta_local,9.658035524203411,-10.334685459203412,0.0909793723352606,0.0954963866947735,1.251024665859847e-16,0.0045170143595127,113.59372123518189,0.08502261761640532,True,False,False,False,False,False,False,False,True,h=1,1K<=p<100K,finite_zone,True,True,False,True,-0.08502261761640532,1.0,2.351115604354266e-05,1.0,10.658035524203411,0.09382592108358924,0.004848830378920535,0.08818476113433249,0.00279461120092811,,pass
hexc_00143,144,445069,445068,1,445069,positive,negative,False,True,theta_local,12.005984605308186,-12.682634540308186,0.0749761277465446,0.0786725939660381,0.0,0.0036964662194934,169.15563555351352,0.07097596580818623,True,False,False,False,False,False,False,False,True,h=1,100K<=p<1M,finite_zone,True,True,False,True,-0.07097596580818623,1.0,2.246842624402059e-06,1.0,13.005984605308186,0.07688768135184981,0.0014989471719850766,0.07399404120880093,0.0009820865377436622,,pass
hexc_00144,145,1517807,1517806,1,1517807,positive,negative,False,True,theta_local,13.232777087879647,-13.90942702287964,0.0686641337067916,0.070706350398406,0.0,0.0020422166916143,202.57194363327184,0.06532383927675463,True,False,False,False,False,False,False,False,True,h=1,1M<=p<100M,finite_zone,True,True,False,True,-0.06532383927675463,1.0,6.588452945598485e-07,1.0,14.232777087879647,0.07026035704947423,0.0008116928572802945,0.06866587112451206,-1.7374177204571017e-06,,pass
hexc_00145,146,1518061,1518060,1,1518061,positive,negative,False,True,theta_local,13.232944420583566,-13.909594355583522,0.0686633452081087,0.0707800350270976,0.0,0.0021166898189888,202.57670687942087,0.06532312931940479,True,False,False,False,False,False,False,False,True,h=1,1M<=p<100M,finite_zone,True,True,False,True,-0.06532312931940479,1.0,6.587350574186413e-07,1.0,14.232944420583566,0.0702595310183189,0.0008116249487408832,0.06866519592888376,-1.85072077506232e-06,,pass
hexc_00146,147,3458821,3458820,1,3458821,positive,negative,False,True,theta_local,14.056438337519856,-14.733088272519694,0.0649904121554223,0.0670028543786573,0.0,0.0020124422232349,226.69633541153766,0.06200558254284183,True,False,False,False,False,False,False,False,True,h=1,1M<=p<100M,finite_zone,True,True,False,True,-0.06200558254284183,1.0,2.891158576867667e-07,1.0,15.056438337519856,0.06641676986170443,0.0005376949485412399,0.0654624172135907,-0.0004720050581683982,,pass
hexc_00147,148,359701,359700,1,359701,positive,negative,False,True,theta_local,11.793028409774374,-12.469678344774366,0.0761918506327011,0.0779234045557953,3.473229348461692e-16,0.0017315539230937,163.66157589329424,0.0720574047109464,True,False,False,False,False,False,False,False,True,h=1,100K<=p<1M,finite_zone,True,True,False,True,-0.0720574047109464,1.0,2.7800867943097185e-06,1.0,12.793028409774374,0.0781675743982528,0.0016673592277339994,0.0750168305425043,0.0011750200901968072,,pass
hexc_00148,149,1511821,1511818,3,1511863,positive,negative,False,True,theta_local,25.45764956203124,-27.81094943202902,0.07930770621417,0.0810451897299419,0.013217952921949,-0.0114804694061771,350.67146384142916,0.07259686683129422,True,False,False,False,False,False,False,False,True,2<=h<=4,1M<=p<100M,finite_zone,True,False,False,True,-0.07259686683129422,1.0,1.9843619052784686e-06,1.000027781066674,14.228853223150812,0.07027973261913807,0.001408673810815857,0.07188269550716297,0.007425010707007032,,pass
hexc_00149,150,108590687,108589025,1662,108590687,negative,negative,False,True,theta_local,-181.7529341824936,-1138.9160956331416,0.0815994829746902,0.0995905772584955,0.006137821325365,0.0118532729584401,13957.39352890752,-0.013021982493082278,False,True,False,False,False,False,False,False,True,h>1024,100M<=p<500M,finite_zone,False,False,True,False,0.013021982493082278,1.0,1.5305179900003765e-05,1.0,18.50309620672248,0.05404500894486424,0.00391218352074692,,,,pass
hexc_00150,151,39670783,39670780,3,39670973,positive,negative,False,True,theta_local,31.992251009850825,-34.34555087985109,0.0647777485633063,0.0668468275799452,0.0107962914747605,-0.0087272124581216,530.2059988436567,0.06033928525822747,True,False,False,False,False,False,False,False,True,2<=h<=4,1M<=p<100M,finite_zone,True,False,False,True,-0.06033928525822747,1.0,7.56224045287939e-08,1.0000047894189534,17.496130319540367,0.057155495628834034,0.00027499528092095305,0.05875548994694557,0.006022258616360729,,pass
hexc_00151,152,3291539,3291538,1,3291539,positive,negative,False,True,theta_local,14.006865794521072,-14.683515729521105,0.065200369270617,0.0668271319376652,5.04812603275621e-16,0.0016267626670476,225.20602097476657,0.06219578736791626,True,False,False,False,False,False,False,False,True,h=1,1M<=p<100M,finite_zone,True,True,False,True,-0.06219578736791626,1.0,3.03809251538566e-07,1.0,15.006865794521072,0.06663616598511161,0.0005511889435924545,0.0656492610781596,-0.00044889180754260904,,pass
hexc_00152,153,108849263,108847420,1843,108849263,negative,negative,False,True,theta_local,-288.5408809320145,-1185.2750978010554,0.0806224586721068,0.1012159404301471,0.0041836326284956,0.0164098491295446,14701.549882292638,-0.01962656204564861,False,True,False,False,False,False,False,False,True,h>1024,100M<=p<500M,finite_zone,False,False,True,False,0.01962656204564861,1.0,1.693167182950977e-05,1.0,18.505474574836423,0.05403806295028991,0.004114811275078089,,,,pass
hexc_00153,154,12801751,12800706,1045,12801751,negative,negative,False,True,theta_local,-46.73192403059045,-783.6660109766922,0.0905182056127375,0.1004851300491716,0.0050052374179884,0.0049616870184455,8657.551325414432,-0.005397822348844512,False,True,False,False,False,False,False,False,True,h>1024,1M<=p<100M,finite_zone,False,False,True,False,0.005397822348844512,1.0,8.162945834519043e-05,1.0,16.365092516409007,0.06110567349358499,0.00903490223218771,,,,pass
hexc_00154,155,109764139,109762638,1501,109764139,negative,negative,False,True,theta_local,-260.5729102754683,-932.0165881492584,0.0701843166475464,0.0926824198591366,0.0054369060202125,0.0170611971913775,13279.556354871775,-0.01962210960307223,False,True,False,False,False,False,False,False,True,h>1024,100M<=p<500M,finite_zone,False,False,True,False,0.01962210960307223,1.0,1.36747758755708e-05,1.0,18.513844430778967,0.0540136330808482,0.0036979421136046466,,,,pass
hexc_00155,156,33871261,33870647,614,33871261,negative,negative,False,True,theta_local,-111.19601929144392,-376.82136611255737,0.0505882267641985,0.0691402528338287,0.0048358116328674,0.0137162144367627,7448.7957023873205,-0.014928053303409284,False,True,False,False,False,False,False,False,True,257<=h<=1024,1M<=p<100M,finite_zone,False,False,True,False,0.014928053303409284,1.0,1.8127462098325775e-05,1.0,17.338077454688452,0.057676521668184516,0.004257635740446308,,,,pass
hexc_00156,157,1184609,1184608,1,1184609,positive,negative,False,True,theta_local,12.984923320297408,-13.661573255297412,0.0698522719729946,0.072561666975567,0.0,0.0027093950025723,195.57808027459825,0.0663925287642978,True,False,False,False,False,False,False,False,True,h=1,1M<=p<100M,finite_zone,True,True,False,True,-0.0663925287642978,1.0,8.441603938514733e-07,1.0,13.984923320297407,0.07150557619065542,0.0009187820165041723,0.0696789509233029,0.00017332104969169926,,pass
hexc_00157,158,60127,60126,1,60127,positive,negative,False,True,theta_local,10.00421427088809,-10.680864205888083,0.0882040074099491,0.0919654214564058,0.0,0.0037614140464566,121.09273171961709,0.08261614160338082,True,False,False,False,False,False,False,False,True,h=1,1K<=p<100K,finite_zone,True,True,False,True,-0.08261614160338082,1.0,1.663146340246478e-05,1.0,11.00421427088809,0.09087427556236558,0.004078169123818283,0.085561516321782,0.0026424910881671093,,pass
hexc_00158,159,178905659,178902349,3310,178905659,negative,negative,False,True,theta_local,-326.6294922581101,-2303.350362132319,0.1108742011675251,0.127736784305964,0.0068125269739167,0.0100500561645221,20774.44831960572,-0.01572265540981207,False,True,False,False,False,False,False,False,True,h>1024,100M<=p<500M,finite_zone,False,False,True,False,0.01572265540981207,1.0,1.8501371161210725e-05,1.0,19.002369180175418,0.05262501693963872,0.004301322024821058,,,,pass
hexc_00159,160,33870121,33869043,1078,33870121,negative,negative,False,True,theta_local,-89.73245844873679,-766.8938900258777,0.0777008385778053,0.0914618710863124,0.0048588717149927,0.0089021607935143,9869.827714381128,-0.009091593191438329,False,True,False,False,False,False,False,False,True,h>1024,1M<=p<100M,finite_zone,False,False,True,False,0.009091593191438329,1.0,3.182746232291287e-05,1.0,17.338043797270597,0.057676633632533725,0.005641583317023056,,,,pass
hexc_00160,161,108572459,108571084,1375,108572459,negative,negative,False,True,theta_local,-209.315923583554,-883.006688561607,0.069555537464766,0.0882403302666724,0.0024587559453669,0.0162260368565394,12694.987642197459,-0.016488076198498933,False,True,False,False,False,False,False,False,True,h>1024,100M<=p<500M,finite_zone,False,False,True,False,0.016488076198498933,1.0,1.2664353489497736e-05,1.0,18.502928332933774,0.05404549928564971,0.0035587010958350713,,,,pass
hexc_00161,162,1198751,1198750,1,1198751,positive,negative,False,True,theta_local,12.996790739381732,-13.673440674381707,0.0697944471199921,0.0719876878780127,0.0,0.0021932407580205,195.9101510020422,0.06634056822939334,True,False,False,False,False,False,False,False,True,h=1,1M<=p<100M,finite_zone,True,True,False,True,-0.06634056822939334,1.0,8.342015981634217e-07,1.0,13.996790739381732,0.07144494896150545,0.0009133463735973455,0.06962982882934998,0.00016461829064211286,,pass
hexc_00162,163,109511267,109509400,1867,109511267,negative,negative,False,True,theta_local,-89.89320921839476,-1393.649967181189,0.0941231697498315,0.1088223400603969,0.0057324423742787,0.0089667279362865,14806.662067218394,-0.006071132630048756,False,True,False,False,False,False,False,False,True,h>1024,100M<=p<500M,finite_zone,False,False,True,False,0.006071132630048756,1.0,1.704847410814816e-05,1.0,18.511537996904675,0.054020362876775044,0.0041289797902324685,,,,pass
hexc_00163,164,39637237,39636755,482,39637237,negative,negative,False,True,theta_local,-62.1134514057519,-320.8295301391008,0.0477429272116286,0.0651451540987114,0.0081526776783095,0.0092495492087732,6719.938405053582,-0.009243157847851827,False,True,False,False,False,False,False,False,True,257<=h<=1024,1M<=p<100M,finite_zone,False,False,True,False,0.009243157847851827,1.0,1.2160282514141942e-05,1.0,17.495279562675854,0.05715827497454706,0.0034871596628405104,,,,pass
hexc_00164,165,40844717,40842945,1772,40844717,negative,negative,False,True,theta_local,-107.09979019561752,-1300.8074713921385,0.1006122437916457,0.1129806929343217,0.0071650986788164,0.0052033504638595,12928.918214824169,-0.008283739475806875,False,True,False,False,False,False,False,False,True,h>1024,1M<=p<100M,finite_zone,False,False,True,False,0.008283739475806875,1.0,4.338382366561629e-05,1.0,17.52528804410147,0.057060403086303196,0.006586639785627894,,,,pass
hexc_00165,166,30799294,30798784,510,30799397,negative,negative,False,True,theta_local,-27.196169889806526,-378.16818960660703,0.05632146779202,0.0722199673831855,0.0036411696989401,0.0122573298922252,6714.459058543708,-0.0040503888180241695,False,True,False,False,False,False,False,False,True,257<=h<=1024,1M<=p<100M,finite_zone,False,False,True,False,0.0040503888180241695,1.0,1.6558821121029592e-05,1.000003344232501,17.243005669830076,0.057994529442723,0.004069253140445994,,,,pass
hexc_00166,167,109682107,109679748,2359,109682107,negative,negative,False,True,theta_local,-174.45589668660523,-1699.7513207575412,0.1021088236250638,0.1167362250522532,0.0080947911380502,0.0065326102891391,16646.46854613568,-0.010480054445367846,False,True,False,False,False,False,False,False,True,h>1024,100M<=p<500M,finite_zone,False,False,True,False,0.010480054445367846,1.0,2.1507610170180264e-05,1.0,18.51309680346416,0.05401581435110741,0.0046376298008983284,,,,pass
hexc_00167,168,1196593,1196592,1,1196593,positive,negative,False,True,theta_local,12.994988910012886,-13.671638845012922,0.0698032205016516,0.0735589050981222,0.0,0.0037556845964705,195.85971459138366,0.0663484521925499,True,False,False,False,False,False,False,False,True,h=1,1M<=p<100M,finite_zone,True,True,False,True,-0.0663484521925499,1.0,8.357060420711136e-07,1.0,13.994988910012886,0.07145414736874409,0.0009141695915261639,0.06963728288976356,0.00016593761188803124,,pass
hexc_00168,169,359837,359836,1,359837,positive,negative,False,True,theta_local,11.793406430119706,-12.47005636511966,0.07618965768838,0.0800334901917534,0.0,0.0038438325033733,163.67124808622825,0.07205545609273102,True,False,False,False,False,False,False,False,True,h=1,100K<=p<1M,finite_zone,True,True,False,True,-0.07205545609273102,1.0,2.7790360635509967e-06,1.0,12.793406430119706,0.07816526469804674,0.0016670441096596686,0.07501498285415509,0.001174674834224912,,pass
hexc_00169,170,17641579,17641576,3,17641879,positive,negative,False,True,theta_local,30.3715381206486,-32.72483799064821,0.0678615121586035,0.0694300887821649,0.0113102521439808,-0.0097416755204194,482.2297197587475,0.06298147309511126,True,False,False,False,False,False,False,False,True,2<=h<=4,1M<=p<100M,finite_zone,True,False,False,True,-0.06298147309511126,1.0,1.7005280536396431e-07,1.0000170052805364,16.68578612214452,0.05993124882937648,0.0004123745934996048,0.0617273898245958,0.006134122334007702,,pass
hexc_00170,171,33862193,33861455,738,33862193,negative,negative,False,True,theta_local,-113.83924430671334,-472.5772802525694,0.0578703613322382,0.0736278072537615,0.0033281269586732,0.0124293189628499,8166.136678142829,-0.01394040398704214,False,True,False,False,False,False,False,False,True,257<=h<=1024,1M<=p<100M,finite_zone,False,False,True,False,0.01394040398704214,1.0,2.1794217521588163e-05,1.0,17.337809699258347,0.05767741239210721,0.004668427735500268,,,,pass
hexc_00171,172,1198363,1198360,3,1198397,positive,negative,False,True,theta_local,24.99293236459349,-27.34623223458982,0.0805931739270694,0.0829932104381138,0.0134321981138236,-0.0110321616027793,339.31201492741843,0.07365766982916794,True,False,False,False,False,False,False,False,True,2<=h<=4,1M<=p<100M,finite_zone,True,False,False,True,-0.07365766982916794,1.0,2.5034150753986897e-06,1.0000283720375212,13.996495388404176,0.0714464565771572,0.0015822184031917621,0.07300389409135755,0.007589279835711851,,pass
hexc_00172,173,30850279,30850276,3,30850439,positive,negative,False,True,theta_local,31.489312639240573,-33.84261250924055,0.0657043168709606,0.0687690106203953,0.0109507195414241,-0.0078860257919895,515.074413994828,0.061135462728608314,True,False,False,False,False,False,False,False,True,2<=h<=4,1M<=p<100M,finite_zone,True,False,False,True,-0.061135462728608314,1.0,9.724385312690364e-08,1.0000051863388335,17.24466153836029,0.057988960686501535,0.0003118394669167192,0.059660887721496136,0.006043429149464458,,pass
hexc_00173,174,30825511,30824836,675,30825511,negative,negative,False,True,theta_local,-36.97787149460965,-499.2839402244276,0.0646289466049177,0.0784523836661713,0.0110815667281192,0.0027418703331342,7725.391894077939,-0.004786536657506763,False,True,False,False,False,False,False,False,True,257<=h<=1024,1M<=p<100M,finite_zone,False,False,True,False,0.004786536657506763,1.0,2.1897447215068065e-05,1.0,17.243853184330643,0.05799167908183609,0.004679470826393522,,,,pass
hexc_00174,175,12776941,12776609,332,12776941,positive,negative,False,True,theta_local,11.625904943145828,-275.4532928884128,0.0564605318020301,0.0675855848506355,0.0075023689938937,0.0036226840547116,4878.687537946786,0.0023829984709450433,True,False,False,False,False,False,False,False,True,257<=h<=1024,1M<=p<100M,finite_zone,False,False,False,True,-0.0023829984709450433,1.0,2.598431032905294e-05,1.0,16.363152619890418,0.06111291773838487,0.005097480782607517,0.05667794314116592,-0.00021741133913581734,,pass
hexc_00175,176,30359687,30358683,1004,30359687,negative,negative,False,True,theta_local,-108.11236392766864,-689.6235787695141,0.0733236285375701,0.0892723594368366,0.0091440118637463,0.0068047190355201,9405.202559174486,-0.011494953271602678,False,True,False,False,False,False,False,False,True,257<=h<=1024,1M<=p<100M,finite_zone,False,False,True,False,0.011494953271602678,1.0,3.3070169662816355e-05,1.0,17.228626200820642,0.05804293321729666,0.005750666888528352,,,,pass
hexc_00176,177,110319577,110315160,4417,110319577,negative,negative,False,True,theta_local,-231.7350443422174,-3277.7856986797688,0.143809262978564,0.1561570928801292,0.0049735266541079,0.0073743032474572,22792.590899852876,-0.0101671216475751,False,True,False,False,False,False,False,False,True,h>1024,100M<=p<500M,finite_zone,False,False,True,False,0.0101671216475751,1.0,4.003822458456308e-05,1.0,18.51889195714175,0.05399891107493358,0.0063275765174799015,,,,pass
hexc_00177,178,109496207,109495510,697,109496207,negative,negative,False,True,theta_local,-178.6808742050422,-375.0578184447095,0.0414575164409133,0.0652388028843534,0.003842439627185,0.019938846816255,9046.79900396964,-0.019750728862953506,False,True,False,False,False,False,False,False,True,257<=h<=1024,100M<=p<500M,finite_zone,False,False,True,False,0.019750728862953506,1.0,6.365517300521652e-06,1.0,18.51140046735147,0.05402076421844465,0.002522997681434062,,,,pass
hexc_00178,179,30851221,30850871,350,30851287,positive,negative,False,True,theta_local,12.138297093206972,-290.4046647422156,0.0521985971886696,0.0668106572193494,0.0065934160084319,0.0080186440222478,5563.457264810393,0.002181790299708657,True,False,False,False,False,False,False,False,True,257<=h<=1024,1M<=p<100M,finite_zone,False,False,False,True,-0.002181790299708657,1.0,1.1344769790472799e-05,1.0000021392994463,17.244689025435775,0.05798886825532244,0.0033681997848216782,0.05092393631866887,0.001274660870000728,,pass
hexc_00179,180,7112887,7112886,1,7112887,positive,negative,False,True,theta_local,14.777418767184288,-15.45406870218426,0.0620827481297267,0.0641352518065375,0.0,0.0020525036768107,248.92694295509898,0.05936448096681047,True,False,False,False,False,False,False,False,True,h=1,1M<=p<100M,finite_zone,True,True,False,True,-0.05936448096681047,1.0,1.4058988987172156e-07,1.0,15.777418767184288,0.06338172389009009,0.0003749531835732583,0.06281121853370264,-0.0007284704039759379,,pass
hexc_00180,181,180635669,180633960,1709,180635669,negative,negative,False,True,theta_local,-264.0889231567578,-1093.7313259743723,0.073195493426418,0.0931836500249432,0.0083508383322143,0.0116373182663108,14942.604725711406,-0.017673553440274433,False,True,False,False,False,False,False,False,True,h>1024,100M<=p<500M,finite_zone,False,False,True,False,0.017673553440274433,1.0,9.461032859462546e-06,1.0,19.011992682214604,0.05259837917650174,0.003075879201051716,,,,pass
hexc_00181,182,30787789,30787786,3,30788077,positive,negative,False,True,theta_local,31.485257351625947,-33.838557221625706,0.0657118639213774,0.0676460987104531,0.0109519773833038,-0.0090177425942281,514.9535441897173,0.061141937378386635,True,False,False,False,False,False,False,False,True,2<=h<=4,1M<=p<100M,finite_zone,True,False,False,True,-0.061141937378386635,1.0,9.744122905350559e-08,1.000009354357989,17.24263806260762,0.05799576586651202,0.0003121557769023434,0.05967442182500737,0.006037442096370027,,pass
hexc_00182,183,109726069,109724532,1537,109726069,negative,negative,False,True,theta_local,-204.0286805520348,-1017.3847377309448,0.0757131542144072,0.0924099628241718,0.0053973574784846,0.0112994511312799,13437.357725843489,-0.015183690478049511,False,True,False,False,False,False,False,False,True,h>1024,100M<=p<500M,finite_zone,False,False,True,False,0.015183690478049511,1.0,1.4007610169648927e-05,1.0,18.513497536029277,0.05401464515572443,0.0037426742003077063,,,,pass
hexc_00183,184,604356173,604335487,20686,604356173,negative,negative,True,False,theta_local,-365.2446493016978,-16072.78416682542,0.273340851201797,0.2819169646022565,0.0052977977633042,0.0032783156371552,58801.251610062136,-0.006211511478085557,False,True,False,False,False,False,False,False,True,h>1024,p>=500M,post_P0_tail,False,False,True,False,0.006211511478085557,1.0,3.4228160353381545e-05,1.0,20.21967427249738,0.04945678088198439,0.005850483770884383,,,,pass
hexc_00184,185,187500319,187498570,1749,187500319,negative,negative,False,True,theta_local,-263.1556726067745,-1126.5450067751608,0.0742328278540055,0.09346455550884,0.0050027230018491,0.0142290046529853,15175.833109722682,-0.01734044323656794,False,True,False,False,False,False,False,False,True,h>1024,100M<=p<500M,finite_zone,False,False,True,False,0.01734044323656794,1.0,9.327984129989666e-06,1.0,19.049291104706626,0.05249539179717422,0.003054174868927722,,,,pass
hexc_00185,186,22052341,22052337,4,22052431,positive,negative,False,True,theta_local,29.817858553351044,-33.027447283351194,0.0577580583405468,0.0607248084445193,0.014690835140949,-0.0117240850369766,571.8240576685993,0.05214516275324672,True,False,False,False,False,False,False,False,True,2<=h<=4,1M<=p<100M,finite_zone,True,False,False,True,-0.05214516275324672,1.0,1.8138663827119307e-07,1.0000040811993611,16.908933403213215,0.05914033583040604,0.0004258951024268688,0.058396923563565295,-0.0006388652230184949,,pass
hexc_00186,187,338531,338530,1,338531,positive,negative,False,True,theta_local,11.732370947643444,-12.40902088264346,0.0765453740251714,0.079871308359875,0.0,0.0033259343347036,162.11326994839482,0.07237144097690575,True,False,False,False,False,False,False,False,True,h=1,100K<=p<1M,finite_zone,True,True,False,True,-0.07237144097690575,1.0,2.9539392256543716e-06,1.0,12.732370947643444,0.07853996746655295,0.0017187027740870064,0.0753148593046431,0.0012305147205283057,,pass
hexc_00187,188,31027859,31027175,684,31027859,negative,negative,False,True,theta_local,-97.48691281590504,-445.9374260051891,0.0572990909146683,0.072244005949339,0.003662831067288,0.0112820839673825,7782.6265458433445,-0.012526222637262767,False,True,False,False,False,False,False,False,True,257<=h<=1024,1M<=p<100M,finite_zone,False,False,True,False,0.012526222637262767,1.0,2.2044705050387137e-05,1.0,17.25039603629999,0.05796968358846377,0.004695178915695028,,,,pass
hexc_00188,189,39649783,39649782,1,39649783,positive,negative,False,True,theta_local,16.495596033142387,-17.172245968142306,0.0561008725011637,0.0574888285914167,0.0,0.001387956090253,306.09588055490764,0.05389029085670233,True,False,False,False,False,False,False,False,True,h=1,1M<=p<100M,finite_zone,True,True,False,True,-0.05389029085670233,1.0,2.522081898909762e-08,1.0,17.495596033142387,0.05715724106258927,0.00015881063877806682,0.056828065460832855,-0.0007271929596691581,,pass
hexc_00189,190,31026221,31025775,446,31026421,positive,negative,False,True,theta_local,88.76041429147188,-443.08727352010055,0.0705059941082901,0.0841518906254193,0.00564606360833,0.007999832908799,6284.391548888212,0.014123947179448853,True,False,False,False,False,False,False,False,True,257<=h<=1024,1M<=p<100M,finite_zone,False,False,False,True,-0.014123947179448853,1.0,1.4374937895272519e-05,1.0000064461604912,17.25034968977884,0.05796983933563497,0.0037914295318880074,0.05489152602056069,0.015614468087729413,,pass
hexc_00190,191,109772783,109770459,2324,109772783,negative,negative,False,True,theta_local,-157.8722686231877,-1689.007908053478,0.1022154880101353,0.1148387219870256,0.0054696825559333,0.0071535514209569,16523.992018567693,-0.009554123994116533,False,True,False,False,False,False,False,False,True,h>1024,100M<=p<500M,finite_zone,False,False,True,False,0.009554123994116533,1.0,2.117100374507222e-05,1.0,18.513923178352957,0.05401340333793923,0.004601195903791994,,,,pass
hexc_00191,192,3459179,3459178,1,3459179,positive,negative,False,True,theta_local,14.056541835640791,-14.733191770640817,0.0649899752183574,0.068254632757475,0.0,0.0032646575391175,226.69945204840138,0.06200518664085546,True,False,False,False,False,False,False,False,True,h=1,1M<=p<100M,finite_zone,True,True,False,True,-0.06200518664085546,1.0,2.890859362871942e-07,1.0,15.056541835640791,0.06641631331524414,0.0005376671240527862,0.06546202780961963,-0.0004720525912622342,,pass
hexc_00192,193,1199993,1199992,1,1199993,positive,negative,False,True,theta_local,12.997826281407882,-13.674476216407925,0.0697894059054362,0.0715987515628432,0.0,0.0018093456574069,195.9391406044732,0.06633603802338585,True,False,False,False,False,False,False,False,True,h=1,1M<=p<100M,finite_zone,True,True,False,True,-0.06633603802338585,1.0,8.333381944728011e-07,1.0,13.997826281407882,0.07143966355177694,0.0009128735917271356,0.06962554552370137,0.0001638603817348261,,pass
hexc_00193,194,33878263,33877658,605,33878389,positive,negative,False,True,theta_local,1.8396280710575184,-482.4036024700822,0.0652409739893801,0.0805833243274027,0.0037853230281918,0.0115570273098307,7394.181493191804,0.00024879401090592063,True,False,False,False,False,False,False,False,True,257<=h<=1024,1M<=p<100M,finite_zone,False,False,False,True,-0.00024879401090592063,1.0,1.7858058425250434e-05,1.0000037191989448,17.338287876440486,0.05767582169164548,0.0042258796037334566,0.05198460310853492,0.013256370880845178,,pass
hexc_00194,195,33865589,33865210,379,33865589,negative,negative,False,True,theta_local,-66.91772891101186,-234.10470740420124,0.0400034137475729,0.057783925386995,0.005601889555006,0.0121786220844159,5852.118243743754,-0.01143478756304193,False,True,False,False,False,False,False,False,True,257<=h<=1024,1M<=p<100M,finite_zone,False,False,True,False,0.01143478756304193,1.0,1.1191300998780798e-05,1.0,17.33790998306811,0.05767707878150146,0.0033453401917863,,,,pass
hexc_00195,196,39648137,39647291,846,39648137,negative,negative,False,True,theta_local,-58.70055013602325,-613.5582144819077,0.0689152235942374,0.0817237377621316,0.0056067813907826,0.0072017327771115,8903.086756192612,-0.006593280706289156,False,True,False,False,False,False,False,False,True,257<=h<=1024,1M<=p<100M,finite_zone,False,False,True,False,0.006593280706289156,1.0,2.1337698666648576e-05,1.0,17.49555451881262,0.05715737668815926,0.004619274690538393,,,,pass
hexc_00196,197,30786463,30786460,3,30786629,positive,negative,False,True,theta_local,31.48517121172168,-33.838471081721764,0.0657120551260068,0.06834819426233,0.0109520092507447,-0.0083158701144215,514.9507349425379,0.061142103652371785,True,False,False,False,False,False,False,False,True,2<=h<=4,1M<=p<100M,finite_zone,True,False,False,True,-0.061142103652371785,1.0,9.744542593281989e-08,1.000005391980235,17.242591030308347,0.05799592406049876,0.0003121624992416928,0.059668684163769914,0.00604337096223688,,pass
hexc_00197,198,40839499,40839496,3,40839853,positive,negative,False,True,theta_local,32.05032051862896,-34.40362038862895,0.0646724170800167,0.0664294699592638,0.0107787362260313,-0.0090216833467843,531.9674436485441,0.06024865036628765,True,False,False,False,False,False,False,False,True,2<=h<=4,1M<=p<100M,finite_zone,True,False,False,True,-0.06024865036628765,1.0,7.345829585225813e-08,1.0000086680789106,17.52516895184192,0.05706079084018751,0.0002710319092879252,0.05865738083038008,0.006015036249636618,,pass
hexc_00198,199,39635782,39635564,218,39635819,positive,negative,False,True,theta_local,26.93335827774129,-200.3120510326244,0.0443239885397641,0.0588053295328899,0.0085391222223537,0.005942218770772,4519.269533988792,0.005959670711202171,True,False,False,False,False,False,False,False,True,65<=h<=256,1M<=p<100M,finite_zone,False,False,False,True,-0.005959670711202171,1.0,5.500080709899958e-06,1.000000933499937,17.495243787594845,0.05715839185442267,0.0023452250872570755,0.04912624900690554,-0.004802260467141439,,pass
hexc_00199,200,17590933,17590930,3,17591099,positive,negative,False,True,theta_local,30.365788199920942,-32.71908806992133,0.067873037135191,0.0690704028270101,0.0113121729737901,-0.0101148072819711,482.06312036325556,0.06299131154658542,True,False,False,False,False,False,False,False,True,2<=h<=4,1M<=p<100M,finite_zone,True,False,False,True,-0.06299131154658542,1.0,1.7054240386226244e-07,1.0000094366796803,16.682903593443097,0.05994160395394428,0.00041296780003078015,0.06172682806065466,0.006146209074536335,,pass
hexc_00200,201,7051567,7051566,1,7051567,positive,negative,False,True,theta_local,14.768760419593791,-15.445410354593832,0.0621161230329858,0.0648470887681662,9.144186443769882e-16,0.0027309657351794,248.65380517054777,0.05939486994564241,True,False,False,False,False,False,False,False,True,h=1,1M<=p<100M,finite_zone,True,True,False,True,-0.05939486994564241,1.0,1.4181245104811456e-07,1.0,15.768760419593791,0.06341652567423307,0.00037657993978452243,0.0628424119018598,-0.0007262888688739991,,pass
hexc_00201,202,673,672,1,673,positive,negative,False,True,theta_local,5.511745329644728,-6.188395264644726,0.1459429870062299,0.1551610461475472,0.0,0.0092180591413172,42.402827238149925,0.12998532618329273,True,False,False,False,False,False,False,False,True,h=1,p<1K,finite_zone,True,True,False,True,-0.12998532618329273,1.0,0.0014858841010401188,1.0,6.511745329644728,0.15356865930359698,0.03854716722458499,0.15365716936532725,-0.007714182359097349,,pass
hexc_00202,203,12784609,12784608,1,12784609,positive,negative,False,True,theta_local,15.363752583525644,-16.040402518525752,0.0599031214624846,0.0615986076879811,8.491303682508412e-16,0.0016954862254956,267.77239861484225,0.057376162229567644,True,False,False,False,False,False,False,False,True,h=1,1M<=p<100M,finite_zone,True,True,False,True,-0.057376162229567644,1.0,7.821905229952672e-08,1.0,16.363752583525645,0.061110677083125724,0.0002796766924495617,0.060727923419299,-0.0008248019568143986,,pass
hexc_00203,204,445141,445140,1,445141,positive,negative,False,True,theta_local,12.006146364893356,-12.682796299893312,0.0749752190301023,0.078849161619478,0.0,0.0038739425893756,169.15984326502866,0.07097515659247157,True,False,False,False,False,False,False,False,True,h=1,100K<=p<1M,finite_zone,True,True,False,True,-0.07097515659247157,1.0,2.246479205465235e-06,1.0,13.006146364893356,0.0768867250870892,0.0014988259423512906,0.07399327761933194,0.0009819414107703622,,pass
hexc_00204,205,12807857,12807856,1,12807857,positive,negative,False,True,theta_local,15.365569368699422,-16.04221930369954,0.0598966054974771,0.0621526059796389,0.0,0.0022560004821617,267.8318607617128,0.057370207282284494,True,False,False,False,False,False,False,False,True,h=1,1M<=p<100M,finite_zone,True,True,False,True,-0.057370207282284494,1.0,7.807707409600217e-08,1.0,16.365569368699422,0.06110389302510838,0.00027942275157188284,0.060721548541036396,-0.0008249430435592967,,pass
hexc_00205,206,180640297,180639336,961,180640297,negative,negative,False,True,theta_local,-238.54340509111228,-524.896014638326,0.0468441253110418,0.0697019970406704,0.0037910451931427,0.0190668265364857,11205.162037994125,-0.021288706426758175,False,True,False,False,False,False,False,False,True,257<=h<=1024,100M<=p<500M,finite_zone,False,False,True,False,0.021288706426758175,1.0,5.319964680970382e-06,1.0,19.012018302518392,0.05259830829573401,0.002306504862550778,,,,pass
hexc_00206,207,1518191,1518190,1,1518191,positive,negative,False,True,theta_local,13.233030052474517,-13.909679987474531,0.0686629417038318,0.0719532466962552,0.0,0.0032903049924233,202.57914447464273,0.06532276600729214,True,False,False,False,False,False,False,False,True,h=1,1M<=p<100M,finite_zone,True,True,False,True,-0.06532276600729214,1.0,6.58678651105164e-07,1.0,14.233030052474517,0.07025910830745015,0.0008115901989952589,0.0686648504044085,-1.908700576702671e-06,,pass
hexc_00207,208,604822567,604819805,2762,604822567,negative,negative,True,False,theta_local,-456.8694624263994,-1737.604354405883,0.0808644451752684,0.1030306737173388,0.0057553685344391,0.0164108600076312,21487.86590496896,-0.021261742066286383,False,True,False,False,False,False,False,False,True,h>1024,p>=500M,post_P0_tail,False,False,True,False,0.021261742066286383,1.0,4.5666285464510455e-06,1.0,20.220445695294853,0.04945489407450067,0.0021369671374288947,,,,pass
hexc_00208,209,40865926,40865652,274,40866037,positive,negative,False,True,theta_local,23.938660520016867,-241.52330759304232,0.0475037148836558,0.0613874169888523,0.0048335818541216,0.0090501202510748,5084.303578879494,0.0047083460199858086,True,False,False,False,False,False,False,False,True,257<=h<=1024,1M<=p<100M,finite_zone,False,False,False,True,-0.0047083460199858086,1.0,6.7048523505866475e-06,1.00000271619931,17.52580988484923,0.057058704081029844,0.00258937296475163,0.04924672040216205,-0.0017430055185062507,,pass
hexc_00209,210,30339269,30339268,1,30339269,positive,negative,False,True,theta_local,16.227953437988603,-16.904603372988277,0.0569557541697192,0.058274726799016,1.5321553398766329e-15,0.0013189726292951,296.8023796615033,0.05467595460823539,True,False,False,False,False,False,False,False,True,h=1,1M<=p<100M,finite_zone,True,True,False,True,-0.05467595460823539,1.0,3.296058319664854e-08,1.0,17.227953437988603,0.058045199831742285,0.0001815504976491349,0.05773913882526438,-0.0007833846555451787,,pass
hexc_00210,211,1507291,1507290,1,1507291,positive,negative,False,True,theta_local,13.225824557839376,-13.90247449283936,0.0686969111557099,0.071217737590593,0.0,0.002520826434883,202.37408435042587,0.06535335095049953,True,False,False,False,False,False,False,False,True,h=1,1M<=p<100M,finite_zone,True,True,False,True,-0.06535335095049953,1.0,6.634418967538451e-07,1.0,14.225824557839376,0.07029469511128854,0.0008145194268731994,0.06869393495445242,2.9762012574846564e-06,,pass
hexc_00211,212,338609,338608,1,338609,positive,negative,False,True,theta_local,11.73260132836337,-12.409251263363387,0.0765440251200754,0.0799255305017518,0.0,0.0033815053816763,162.11913658704063,0.07237024311478625,True,False,False,False,False,False,False,False,True,h=1,100K<=p<1M,finite_zone,True,True,False,True,-0.07237024311478625,1.0,2.953258773393501e-06,1.0,12.73260132836337,0.07853854638269261,0.0017185048074979312,0.07531372149799131,0.0012303036220840807,,pass
hexc_00212,213,17594719,17594718,1,17594719,positive,negative,False,True,theta_local,15.683109358164144,-16.35975929316419,0.058779097856778,0.0598206042552528,1.6338650562563493e-15,0.0010415063984731,278.3261378564641,0.05634795739612533,True,False,False,False,False,False,False,False,True,h=1,1M<=p<100M,finite_zone,True,True,False,True,-0.05634795739612533,1.0,5.683523561814201e-08,1.0,16.683109358164145,0.05994086465126683,0.0002384014169801472,0.059613835292943396,-0.0008347374361653975,,pass
hexc_00213,214,231107,231106,1,231107,positive,negative,False,True,theta_local,11.350636085721526,-12.027286020721531,0.078847692554879,0.081042286548022,0.0,0.0021945939931429,152.53821172192673,0.0744117553076697,True,False,False,False,False,False,False,False,True,h=1,100K<=p<1M,finite_zone,True,True,False,True,-0.0744117553076697,1.0,4.327000047597001e-06,1.0,12.350636085721526,0.08096748969521433,0.002080144237209766,0.07726634816480948,0.0015813443900695168,,pass
hexc_00214,215,604883911,604879711,4200,604883911,negative,negative,True,False,theta_local,-418.75836712238106,-2918.6660872864286,0.1101473269558678,0.1286153186276067,0.0050950061723419,0.0133729854993968,26497.838558132553,-0.01580349152643842,False,True,False,False,False,False,False,False,True,h>1024,p>=500M,post_P0_tail,False,False,True,False,0.01580349152643842,1.0,6.943481093845791e-06,1.0,20.220547114938658,0.0494546460249443,0.0026350485942095623,,,,pass
hexc_00215,216,12837191,12837190,1,12837191,positive,negative,False,True,theta_local,15.367857062822154,-16.044506997822282,0.0598884026158601,0.062888385067126,8.487045579549704e-16,0.002999982451265,267.9067448289771,0.05736271056793472,True,False,False,False,False,False,False,False,True,h=1,1M<=p<100M,finite_zone,True,True,False,True,-0.05736271056793472,1.0,7.789866178667903e-08,1.0,16.367857062822154,0.06109535268800664,0.0002791033174053634,0.06071352193564694,-0.000825119319786842,,pass
hexc_00216,217,3236683,3236682,1,3236683,positive,negative,False,True,theta_local,13.99005959793064,-14.666709532930668,0.0652718575046076,0.0666226148249239,5.059451852682883e-16,0.0013507573203157,224.7018867495125,0.06226053461458526,True,False,False,False,False,False,False,False,True,h=1,1M<=p<100M,finite_zone,True,True,False,True,-0.06226053461458526,1.0,3.0895827611168593e-07,1.0,14.99005959793064,0.06671087552834339,0.0005558401533819646,0.06571275690619505,-0.00044089940158745233,,pass
hexc_00217,218,12784091,12784090,1,12784091,positive,negative,False,True,theta_local,15.3637120652357,-16.04036200023552,0.0599032667989344,0.0613983378884961,8.491345733300948e-16,0.0014950710895608,267.77107255394037,0.057376295051963844,True,False,False,False,False,False,False,False,True,h=1,1M<=p<100M,finite_zone,True,True,False,True,-0.057376295051963844,1.0,7.822222166597532e-08,1.0,16.3637120652357,0.06111082839965604,0.00027968235851761426,0.060728065598145475,-0.0008247987992110739,,pass
hexc_00218,219,604167899,604161649,6250,604167899,negative,negative,True,False,theta_local,-386.3863224858651,-4579.814371747323,0.1417010086026295,0.1550942530280692,0.0050566548961573,0.0083365895292823,32320.266573334302,-0.01195492375068006,False,True,False,False,False,False,False,False,True,h>1024,p>=500M,post_P0_tail,False,False,True,False,0.01195492375068006,1.0,1.0344806485655406e-05,1.0,20.21936269574705,0.049457543002101666,0.003216334324297679,,,,pass
hexc_00219,220,1513319,1513318,1,1513319,positive,negative,False,True,theta_local,13.229815809938929,-13.906465744938828,0.0686780907208851,0.0718988838707155,0.0,0.0032207931498303,202.4876579847879,0.0653364058906387,True,False,False,False,False,False,False,False,True,h=1,1M<=p<100M,finite_zone,True,True,False,True,-0.0653364058906387,1.0,6.60799210212784e-07,1.0,14.229815809938929,0.07027497849280255,0.0008128955715298146,0.06867782190186489,2.6881902021047566e-07,,pass
hexc_00220,221,3452881,3452880,1,3452881,positive,negative,False,True,theta_local,14.05471951299229,-14.73136944799228,0.0649976693597736,0.0679598564990468,5.016084563539974e-16,0.0029621871392726,226.64457961487085,0.062012158141505,True,False,False,False,False,False,False,False,True,h=1,1M<=p<100M,finite_zone,True,True,False,True,-0.062012158141505,1.0,2.8961322443489944e-07,1.0,15.05471951299229,0.06642435278432092,0.0005381572487989913,0.0654688845802649,-0.0004712152204913028,,pass
hexc_00221,222,3281627,3281626,1,3281627,positive,negative,False,True,theta_local,14.003849893960211,-14.680499828960135,0.0652131864302844,0.0684583966021968,1.0100311337334605e-15,0.0032452101719113,225.1155116404899,0.062207396513503696,True,False,False,False,False,False,False,False,True,h=1,1M<=p<100M,finite_zone,True,True,False,True,-0.062207396513503696,1.0,3.047268930929688e-07,1.0,15.003849893960213,0.06664956041732656,0.0005520207361077741,0.06566064981007913,-0.0004474633797947325,,pass
hexc_00222,223,604848841,604844050,4791,604848841,negative,negative,True,False,theta_local,-382.9342517927116,-3424.0588496471173,0.1209887029426208,0.1356230693499753,0.0069214615088821,0.0077129048984723,28300.649286826258,-0.013530935206174393,False,True,False,False,False,False,False,False,True,h>1024,p>=500M,post_P0_tail,False,False,True,False,0.013530935206174393,1.0,7.920987319871544e-06,1.0,20.220489135190732,0.04945478783001593,0.002814424864847442,,,,pass
hexc_00223,224,30417889,30417888,1,30417889,positive,negative,False,True,theta_local,16.230541447252687,-16.907191382252677,0.0569473630841647,0.0595665514274872,0.0,0.0026191883433224,296.89155856549274,0.054668248318256965,True,False,False,False,False,False,False,False,True,h=1,1M<=p<100M,finite_zone,True,True,False,True,-0.054668248318256965,1.0,3.287539118838918e-08,1.0,17.230541447252687,0.058036481503571345,0.00018131572239711913,0.05773030103608279,-0.0007829379519180904,,pass
hexc_00224,225,30422683,30422680,3,30422863,positive,negative,False,True,theta_local,31.461398013179057,-33.81469788317918,0.0657565156123869,0.0672912160005141,0.0109594193326503,-0.0094247189445232,514.2410233915939,0.06118025708194277,True,False,False,False,False,False,False,False,True,2<=h<=4,1M<=p<100M,finite_zone,True,False,False,True,-0.06118025708194277,1.0,9.861063207344335e-08,1.0000059166379245,17.23070495608016,0.058035930772938706,0.00031402329861563355,0.059712476191696506,0.0060440394206904,,pass
hexc_00225,226,39648883,39648882,1,39648883,positive,negative,False,True,theta_local,16.495573334147675,-17.172223269147707,0.05610094391665,0.0582681497791033,1.485640806578735e-15,0.0021672058624517,306.0950862905392,0.05389035653610726,True,False,False,False,False,False,False,False,True,h=1,1M<=p<100M,finite_zone,True,True,False,True,-0.05389035653610726,1.0,2.5221391482831938e-08,1.0,17.495573334147675,0.05715731521917093,0.00015881244120921994,0.056828142492977296,-0.0007271985763272967,,pass
hexc_00226,227,17642329,17642326,3,17642453,positive,negative,False,True,theta_local,30.371623145248783,-32.724923015248805,0.0678614238273246,0.0713316310686374,0.0113102374220943,-0.0078400301807815,482.2316003642705,0.062981403794995,True,False,False,False,False,False,False,False,True,2<=h<=4,1M<=p<100M,finite_zone,True,False,False,True,-0.062981403794995,1.0,1.7004557618214693e-07,1.0000070285504823,16.685818657832034,0.0599311319693995,0.0004123658280970271,0.061712393352621575,0.006149030474703027,,pass
hexc_00227,228,604708931,604704593,4338,604708931,negative,negative,True,False,theta_local,-435.4909596411353,-3011.5924615006134,0.111835079555793,0.1280136512189761,0.0051487807720973,0.0110297908910857,26928.87127601291,-0.016171898004096893,False,True,False,False,False,False,False,False,True,h>1024,p>=500M,post_P0_tail,False,False,True,False,0.016171898004096893,1.0,7.173699242090406e-06,1.0,20.22025779444147,0.04945535364415082,0.0026783762323636323,,,,pass
hexc_00228,229,12421837,12421836,1,12421837,positive,negative,False,True,theta_local,15.334966530134755,-16.011616465134693,0.0600065531060309,0.0618751942454069,8.521257400904751e-16,0.0018686411393751,266.8311315406227,0.05747067983257471,True,False,False,False,False,False,False,False,True,h=1,1M<=p<100M,finite_zone,True,True,False,True,-0.05747067983257471,1.0,8.050339092358079e-08,1.0,16.334966530134757,0.06121836847080154,0.00028373119483691034,0.0608289901096033,-0.0008224370035724016,,pass
hexc_00229,230,30405923,30405922,1,30405923,positive,negative,False,True,theta_local,16.23014798292479,-16.906797917924905,0.0569486386516722,0.0593788171181867,1.5317650739754629e-15,0.0024301784665129,296.8779995134872,0.05466941979372726,True,False,False,False,False,False,False,False,True,h=1,1M<=p<100M,finite_zone,True,True,False,True,-0.05466941979372726,1.0,3.28883290272096e-08,1.0,17.23014798292479,0.05803780681344163,0.00018135139654055493,0.05773164463988345,-0.0007830059882112522,,pass
hexc_00230,231,17591797,17591796,1,17591797,positive,negative,False,True,theta_local,15.682943271814093,-16.359593206814225,0.0587796714636137,0.0608439203610845,3.267795176339872e-15,0.0020642488974675,278.3205962105671,0.05634848259648365,True,False,False,False,False,False,False,False,True,h=1,1M<=p<100M,finite_zone,True,True,False,True,-0.05634848259648365,1.0,5.684467595891426e-08,1.0,16.682943271814093,0.05994146139005966,0.00023842121541279472,0.059614411479264495,-0.0008347400156507936,,pass
hexc_00231,232,7103281,7103277,4,7103387,positive,negative,False,True,theta_local,27.552134414332773,-30.76172314433279,0.0617991268029398,0.0636678531151053,0.0157384918917144,-0.0138697655795489,497.7695436122153,0.05535118563982918,True,False,False,False,False,False,False,False,True,2<=h<=4,1M<=p<100M,finite_zone,True,False,False,True,-0.05535118563982918,1.0,5.631200567737641e-07,1.0000149226815045,15.776082270516582,0.06338709337671673,0.0007504132573280966,0.06261151138694121,-0.0008123845840014091,,pass
hexc_00232,233,108545317,108544444,873,108545317,negative,negative,False,True,theta_local,-132.8930425093655,-560.4937472700594,0.0554108042573524,0.072593883103974,0.0084071568650214,0.0087759219816,10115.242952743962,-0.013137899221028163,False,True,False,False,False,False,False,False,True,257<=h<=1024,100M<=p<500M,finite_zone,False,False,True,False,0.013137899221028163,1.0,8.04272375933086e-06,1.0,18.50267831194847,0.05404622958581247,0.0028359696330057665,,,,pass
hexc_00233,234,33928207,33928206,1,33928207,positive,negative,False,True,theta_local,16.33975729127334,-17.01640722627326,0.056595492268226,0.0577100468058422,0.0,0.0011145545376161,300.66718292026695,0.05434499745722642,True,False,False,False,False,False,False,False,True,h=1,1M<=p<100M,finite_zone,True,True,False,True,-0.05434499745722642,1.0,2.9474000792320088e-08,1.0,17.33975729127334,0.057670934096826984,0.0001716799370698862,0.057357852840954404,-0.000762360572728403,,pass
hexc_00234,235,12805417,12804850,567,12805417,negative,negative,False,True,theta_local,-26.94325242094044,-423.5606315620903,0.066415879984152,0.0752600730877132,0.0051852383941086,0.0036589547094525,6377.399978185327,-0.004224802037366813,False,True,False,False,False,False,False,False,True,257<=h<=1024,1M<=p<100M,finite_zone,False,False,True,False,0.004224802037366813,1.0,4.4278136354325677e-05,1.0,16.365378842489662,0.06110460439838313,0.00665418186964601,,,,pass
hexc_00235,236,7114039,7114038,1,7114039,positive,negative,False,True,theta_local,14.777580713623388,-15.45423064862348,0.0620821242243371,0.0641316326651891,9.133965375020562e-16,0.002049508440851,248.93205317490072,0.059363912863566015,True,False,False,False,False,False,False,False,True,h=1,1M<=p<100M,finite_zone,True,True,False,True,-0.059363912863566015,1.0,1.4056712368318476e-07,1.0,15.777580713623388,0.06338107331858141,0.0003749228236359914,0.06281063522187935,-0.0007285109975422518,,pass
hexc_00236,237,1189109,1189108,1,1189109,positive,negative,False,True,theta_local,12.988714845146502,-13.665364780146549,0.0698337870883699,0.0718770358244725,0.0,0.0020432487361025,195.6841430188221,0.0663759190947688,True,False,False,False,False,False,False,False,True,h=1,1M<=p<100M,finite_zone,True,True,False,True,-0.0663759190947688,1.0,8.409657987619302e-07,1.0,13.988714845146502,0.07148619519876467,0.0009170418740504329,0.0696632498897074,0.0001705371986625015,,pass
hexc_00237,238,109610882,109610360,522,109610987,negative,negative,False,True,theta_local,-77.7013201168142,-337.05846232146905,0.0430469387390257,0.0613897943072523,0.0082632311922063,0.0100796243760201,7830.021650666098,-0.009923512805383389,False,True,False,False,False,False,False,False,True,257<=h<=1024,100M<=p<500M,finite_zone,False,False,True,False,0.009923512805383389,1.0,4.7623008817682905e-06,1.0000009579340854,18.512448173804223,0.05401770692949384,0.002182269662935424,,,,pass
hexc_00238,239,1185979,1185978,1,1185979,positive,negative,False,True,theta_local,12.986079151806315,-13.66272908680628,0.0698466358920832,0.0720020312883792,0.0,0.0021553953962959,195.61041004059126,0.06638746449696396,True,False,False,False,False,False,False,False,True,h=1,1M<=p<100M,finite_zone,True,True,False,True,-0.06638746449696396,1.0,8.43185250329053e-07,1.0,13.986079151806315,0.07149966685773039,0.0009182511913028227,0.06967416382669844,0.00017247206538476,,pass
hexc_00239,240,3458053,3458052,1,3458053,positive,negative,False,True,theta_local,14.056216271886404,-14.732866206886342,0.0649913496676827,0.0681051918998026,0.0,0.0031138422321198,226.68964842581693,0.06200643200735402,True,False,False,False,False,False,False,False,True,h=1,1M<=p<100M,finite_zone,True,True,False,True,-0.06200643200735402,1.0,2.8918006751197856e-07,1.0,15.056216271886404,0.06641774944925849,0.0005377546536404669,0.0654632527286283,-0.00047190306094559153,,pass
hexc_00240,241,40846425,40846297,128,40846543,positive,negative,False,True,theta_local,64.7786110793472,-166.6075602538226,0.0479465292351877,0.0576405602980837,0.0057913343016973,0.0039026967611985,3474.8617451865503,0.018642068614407425,True,False,False,False,False,False,False,False,True,65<=h<=256,1M<=p<100M,finite_zone,False,False,False,True,-0.018642068614407425,1.0,3.133689178428712e-06,1.0000028888697114,17.52533274900626,0.057060257532439894,0.0017702229177221473,0.05111253746327571,-0.0031660082280880117,,pass
hexc_00241,242,30338299,30338298,1,30338299,positive,negative,False,True,theta_local,16.227921465711795,-16.90457140071203,0.0569558578486832,0.0582182910904303,0.0,0.0012624332417471,296.80127802873324,0.054676049825300194,True,False,False,False,False,False,False,False,True,h=1,1M<=p<100M,finite_zone,True,True,False,True,-0.054676049825300194,1.0,3.2961637038385046e-08,1.0,17.227921465711795,0.05804530755438312,0.00018155339996371605,0.057739248010935995,-0.0007833901622527964,,pass
hexc_00242,243,30781189,30781182,7,30781319,positive,negative,False,True,theta_local,44.727242683927344,-50.29013128392762,0.0639348107058531,0.0666639054628127,0.0156184300412248,-0.0128893352842653,786.5845026944545,0.05686260348470335,True,False,False,False,False,False,False,False,True,5<=h<=16,1M<=p<100M,finite_zone,False,False,False,True,-0.05686260348470335,1.0,2.2741161818018142e-07,1.0000042233586233,17.24241853795849,0.05799650424901474,0.00047687694238679793,0.05891752574132214,0.005017284964530966,,pass
hexc_00243,244,7108399,7108398,1,7108399,positive,negative,False,True,theta_local,14.776787600614824,-15.45343753561474,0.0620851798448041,0.0646375517059872,0.0,0.002552371861183,248.90702699491365,0.059366695183405906,True,False,False,False,False,False,False,False,True,h=1,1M<=p<100M,finite_zone,True,True,False,True,-0.059366695183405906,1.0,1.4067865351959e-07,1.0,15.776787600614824,0.06338425954096193,0.00037507153120383584,0.06281349196667185,-0.0007283121218677538,,pass
hexc_00244,245,7114351,7114350,1,7114351,positive,negative,False,True,theta_local,14.77762456960429,-15.454274504604427,0.0620819552695042,0.0631548657549673,0.0,0.0010729104854631,248.93343705938096,0.05936375901996329,True,False,False,False,False,False,False,False,True,h=1,1M<=p<100M,finite_zone,True,True,False,True,-0.05936375901996329,1.0,1.4056095910927082e-07,1.0,15.77762456960429,0.06338089714255893,0.0003749146024220327,0.06281047725867883,-0.0007285219891746339,,pass
hexc_00245,246,12808387,12808371,16,12808469,positive,negative,False,True,theta_local,49.4624408087016,-62.0306187855017,0.0579003711442876,0.0624388750646292,0.011422400501544,-0.0068838965812025,1071.3336988967037,0.04616903291629837,True,False,False,False,False,False,False,False,True,5<=h<=16,1M<=p<100M,finite_zone,False,False,False,True,-0.04616903291629837,1.0,1.2491814933449465e-06,1.0000064020551533,16.36561715072719,0.06110371462255342,0.00111766788150369,0.059645760095186295,-0.0017453889508986936,,pass
hexc_00246,247,30364069,30364068,1,30364069,positive,negative,False,True,theta_local,16.22877052654409,-16.90542046154451,0.0569531046618265,0.0580503951554774,0.0,0.0010972904936508,296.8305338563143,0.054673521337935856,True,False,False,False,False,False,False,False,True,h=1,1M<=p<100M,finite_zone,True,True,False,True,-0.054673521337935856,1.0,3.293366248113848e-08,1.0,17.22877052654409,0.058042446990591474,0.0001814763413812899,0.05773634848872944,-0.0007832438269029379,,pass
hexc_00247,248,22048823,22048822,1,22048823,positive,negative,False,True,theta_local,15.90876977974763,-16.585419714747786,0.0580099437328339,0.0588375187079942,0.0,0.0008275749751602,285.9064954645067,0.055643261108499695,True,False,False,False,False,False,False,False,True,h=1,1M<=p<100M,finite_zone,True,True,False,True,-0.055643261108499695,1.0,4.535389485416069e-08,1.0,16.90876977974763,0.0591409081219938,0.00021296453895933165,0.05883377926072941,-0.000823835527895514,,pass
hexc_00248,249,1197167,1197166,1,1197167,positive,negative,False,True,theta_local,12.99546849026404,-13.672118425263989,0.0698008851370829,0.0733451964419051,0.0,0.0035443113048221,195.8731382619736,0.06634635359179801,True,False,False,False,False,False,False,False,True,h=1,1M<=p<100M,finite_zone,True,True,False,True,-0.06634635359179801,1.0,8.353053500472365e-07,1.0,13.99546849026404,0.0714516988620746,0.0009139504089649704,0.06963529875030816,0.00016558638677473259,,pass
hexc_00249,250,12777763,12777762,1,12777763,positive,negative,False,True,theta_local,15.363216952468896,-16.03986688746909,0.0599050427929224,0.0613798520197853,8.491859597695261e-16,0.0014748092268619,267.75486903356546,0.05737791812309856,True,False,False,False,False,False,False,False,True,h=1,1M<=p<100M,finite_zone,True,True,False,True,-0.05737791812309856,1.0,7.826096007571904e-08,1.0,16.363216952468896,0.06111267747074142,0.00027975160424154684,0.06072980296884278,-0.0008247601759203832,,pass
hexc_00250,251,12802759,12802758,1,12802759,positive,negative,False,True,theta_local,15.365171252537955,-16.041821187538062,0.0598980332340975,0.0619768263150305,8.489831552814959e-16,0.0020787930809321,267.8188301248947,0.05737151209783329,True,False,False,False,False,False,False,False,True,h=1,1M<=p<100M,finite_zone,True,True,False,True,-0.05737151209783329,1.0,7.810816402933149e-08,1.0,16.365171252537955,0.06110537950190514,0.0002794783784648313,0.06072294544401813,-0.0008249122099206266,,pass
hexc_00251,252,39640132,39639838,294,39640253,positive,negative,False,True,theta_local,38.41162530909082,-272.11499404329606,0.0518481490538338,0.0623250464295579,0.0073904639568024,0.0030864334189215,5248.306815364988,0.007318860474512774,True,False,False,False,False,False,False,False,True,257<=h<=1024,1M<=p<100M,finite_zone,False,False,False,True,-0.007318860474512774,1.0,7.416726059338047e-06,1.0000030524620855,17.49535564984767,0.057158026393633606,0.002723366677356916,0.05028130836148503,0.0015668406923487685,,pass
hexc_00252,253,153059,153058,1,153059,positive,negative,False,True,theta_local,10.938578746956969,-11.615228681956978,0.0814934132197051,0.0867976721097067,1.9940908392275103e-16,0.0053042588900013,142.52966249729263,0.07674598083865349,True,False,False,False,False,False,False,False,True,h=1,100K<=p<1M,finite_zone,True,True,False,True,-0.07674598083865349,1.0,6.5334282858244206e-06,1.0,11.938578746956969,0.08376206424528469,0.0025560571757737385,0.07954188015183883,0.0019515330678662735,,pass
hexc_00253,254,109611739,109611738,1,109611739,positive,negative,False,True,theta_local,17.51245503440681,-18.1891049694068,0.0530741803612816,0.0542307354806207,0.0,0.001156555119339,342.7109914009339,0.051099776411662204,True,False,False,False,False,False,False,False,True,h=1,100M<=p<500M,finite_zone,True,True,False,True,-0.051099776411662204,1.0,9.12311043619151e-09,1.0,18.512455034406806,0.05401768691086212,9.55149749316384e-05,0.053409427966261136,-0.00033524760497953554,,pass
hexc_00254,255,33472333,33472329,4,33472553,positive,negative,False,True,theta_local,30.652459490191177,-33.8620482201909,0.0563994358043719,0.0583129230101737,0.0143392191682336,-0.0124257319624319,600.3969319417552,0.051053657771130634,True,False,False,False,False,False,False,False,True,2<=h<=4,1M<=p<100M,finite_zone,True,False,False,True,-0.051053657771130634,1.0,1.1950167919278288e-07,1.0000065725923557,17.32623634754177,0.05771593899224854,0.0003456901491115749,0.05692752933397083,-0.0005280935295989275,,pass
hexc_00255,256,33913801,33913800,1,33913801,positive,negative,False,True,theta_local,16.339332598648777,-17.01598253364864,0.0565968521213006,0.0584800149533509,1.5125349664516692e-15,0.0018831628320487,300.65245496656416,0.05434624706612121,True,False,False,False,False,False,False,False,True,h=1,1M<=p<100M,finite_zone,True,True,False,True,-0.05434624706612121,1.0,2.9486520841471e-08,1.0,17.339332598648777,0.057672346632184,0.00017171639654229586,0.057359299226726224,-0.000762447105425626,,pass
hexc_00256,257,7103077,7103076,1,7103077,positive,negative,False,True,theta_local,14.776038628411124,-15.45268856341113,0.0620880656803594,0.0630835742905236,0.0,0.0009955086101641,248.88339480511993,0.059369322891071226,True,False,False,False,False,False,False,False,True,h=1,1M<=p<100M,finite_zone,True,True,False,True,-0.059369322891071226,1.0,1.4078405738808688e-07,1.0,15.776038628411124,0.06338726872784758,0.0003752120165827407,0.06281618982515869,-0.0007281241447992873,,pass
hexc_00257,258,179145961,179143998,1963,179145961,negative,negative,False,True,theta_local,-157.64794417599842,-1402.1072909315062,0.0876282709656389,0.0992292790633997,0.0064071073075682,0.0051939007901924,16000.627143280099,-0.009852610323602658,False,True,False,False,False,False,False,False,True,h>1024,100M<=p<500M,finite_zone,False,False,True,False,0.009852610323602658,1.0,1.0957545395064753e-05,1.0,19.003711456108032,0.0526212999134223,0.0033102183304224444,,,,pass
hexc_00258,259,1512751,1512750,1,1512751,positive,negative,False,True,theta_local,13.22944040553211,-13.90609034053216,0.068679860471675,0.0718102487098728,0.0,0.0031303882381978,202.4769742545898,0.06533799931688884,True,False,False,False,False,False,False,False,True,h=1,1M<=p<100M,finite_zone,True,True,False,True,-0.06533799931688884,1.0,6.610473237168576e-07,1.0,14.22944040553211,0.07027683250363245,0.0008130481681406443,0.06867933716866492,5.233030100776359e-07,,pass
hexc_00259,260,108586733,108586732,1,108586733,positive,negative,False,True,theta_local,17.503059794097258,-18.17970972909734,0.0531006503458317,0.0543474529340776,0.0,0.0012468025882458,342.3632217439384,0.05112424081342537,True,False,False,False,False,False,False,False,True,h=1,100M<=p<500M,finite_zone,True,True,False,True,-0.05112424081342537,1.0,9.209228166022823e-09,1.0,18.503059794097258,0.05404511530136299,9.596472354997343e-05,0.053440768833964425,-0.0003401184881327221,,pass
hexc_00260,261,3284137,3284136,1,3284137,positive,negative,False,True,theta_local,14.004614466102092,-14.681264401102112,0.0652099366280215,0.0686459109048948,5.049641012330126e-16,0.0034359742768727,225.13845527636016,0.06220445302829879,True,False,False,False,False,False,False,False,True,h=1,1M<=p<100M,finite_zone,True,True,False,True,-0.06220445302829879,1.0,3.044939964441191e-07,1.0,15.004614466102092,0.06664616423562002,0.0005518097466012349,0.06565776237496945,-0.00044782574694794686,,pass
hexc_00261,262,7118317,7118316,1,7118317,positive,negative,False,True,theta_local,14.77818187904236,-15.454831814042336,0.0620798083191851,0.0645287401420676,0.0,0.0024489318228824,248.95102340814066,0.05936180408792453,True,False,False,False,False,False,False,False,True,h=1,1M<=p<100M,finite_zone,True,True,False,True,-0.05936180408792453,1.0,1.4048264498476255e-07,1.0,15.778181879042359,0.06337865843264662,0.0003748101452532503,0.06280846993765743,-0.0007286616184723274,,pass
hexc_00262,263,39693439,39693438,1,39693439,positive,negative,False,True,theta_local,16.496696467516113,-17.173346402516017,0.0560974105369326,0.0588645021490785,0.0,0.0027670916121458,306.13438727639084,0.05388710694764979,True,False,False,False,False,False,False,False,True,h=1,1M<=p<100M,finite_zone,True,True,False,True,-0.05388710694764979,1.0,2.5193080397997262e-08,1.0,17.496696467516113,0.05715364622439285,0.00015872328246982942,0.056824331032098385,-0.0007269204951657823,,pass
hexc_00263,264,31039823,31039822,1,31039823,positive,negative,False,True,theta_local,16.250781550943447,-16.927431485943544,0.0568818238780469,0.0576298658887291,1.5281029932752637e-15,0.0007480420106806,297.5894641183708,0.05460805408245047,True,False,False,False,False,False,False,False,True,h=1,1M<=p<100M,finite_zone,True,True,False,True,-0.05460805408245047,1.0,3.2216678555158e-08,1.0,17.250781550943447,0.057968388101541396,0.00017949005140998204,0.05766120284831544,-0.0007793789702685433,,pass
hexc_00264,265,33881387,33881386,1,33881387,positive,negative,False,True,theta_local,16.338376365517014,-17.015026300517093,0.0565999141903111,0.0586131860322688,0.0,0.0020132718419576,300.619294992319,0.05434906088092073,True,False,False,False,False,False,False,False,True,h=1,1M<=p<100M,finite_zone,True,True,False,True,-0.05434906088092073,1.0,2.951473031490712e-08,1.0,17.338376365517014,0.057675527334198624,0.0001717985166260382,0.057362555945970506,-0.0007626417556594045,,pass
hexc_00265,266,40875397,40875396,1,40875397,positive,negative,False,True,theta_local,16.526038899672752,-17.2026888346727,0.0560052565803902,0.0570659692284134,0.0,0.0010607126480231,307.1620395128425,0.05380234786135347,True,False,False,False,False,False,False,False,True,h=1,1M<=p<100M,finite_zone,True,True,False,True,-0.05380234786135347,1.0,2.4464594190975076e-08,1.0,17.526038899672752,0.057057958488193936,0.0001564116178260908,0.05672478767606037,-0.0007195310956701756,,pass
hexc_00266,267,359207,359206,1,359207,positive,negative,False,True,theta_local,11.791654102970854,-12.46830403797088,0.0761998242251346,0.0800494306768673,0.0,0.0038496064517326,163.6264146900511,0.0720644898643484,True,False,False,False,False,False,False,False,True,h=1,100K<=p<1M,finite_zone,True,True,False,True,-0.0720644898643484,1.0,2.783910113110268e-06,1.0,12.791654102970854,0.0781759725482063,0.0016685053530361442,0.07502354887783236,0.001176275347302247,,pass
hexc_00267,268,30796769,30796057,712,30796769,negative,negative,False,True,theta_local,-22.283667759237915,-543.5274568098926,0.0685109275461097,0.0776137683916326,0.0048481858744813,0.0042546549710414,7933.441806696943,-0.002808827278524607,False,True,False,False,False,False,False,False,True,257<=h<=1024,1M<=p<100M,finite_zone,False,False,True,False,0.002808827278524607,1.0,2.311930839238363e-05,1.0,17.24292033984374,0.05799481644007075,0.004808254193819585,,,,pass
hexc_00268,269,178899467,178898710,757,178899467,negative,negative,False,True,theta_local,-129.92303273409152,-471.67007232254673,0.0474762557332885,0.0645219433395106,0.003270137559218,0.0137755500470039,9934.862491521833,-0.013077486763904848,False,True,False,False,False,False,False,False,True,257<=h<=1024,100M<=p<500M,finite_zone,False,False,True,False,0.013077486763904848,1.0,4.231426804642185e-06,1.0,19.002334569156453,0.05262511279130645,0.0020570432189534046,,,,pass
hexc_00269,270,17643289,17643288,1,17643289,positive,negative,False,True,theta_local,15.685866042410211,-16.362515977410567,0.0587695788232723,0.0599602263937145,0.0,0.0011906475704421,278.4181255852582,0.05633924159728181,True,False,False,False,False,False,False,False,True,h=1,1M<=p<100M,finite_zone,True,True,False,True,-0.05633924159728181,1.0,5.667877457542072e-08,1.0,16.68586604241021,0.05993096177677055,0.00023807304462164698,0.0596042722723209,-0.0008346934490486013,,pass
hexc_00270,271,187425023,187423758,1265,187425023,negative,negative,False,True,theta_local,-64.92019598792695,-940.1718167404042,0.0728488403777864,0.0855229588678136,0.0080795888060062,0.0045945296840208,12905.789740300213,-0.005030315640832436,False,True,False,False,False,False,False,False,True,h>1024,100M<=p<500M,finite_zone,False,False,True,False,0.005030315640832436,1.0,6.7493655849784796e-06,1.0,19.048889446069147,0.05249649869779448,0.002597954115256557,,,,pass
hexc_00271,272,39650965,39650618,347,39651113,positive,negative,False,True,theta_local,55.3992965006438,-331.103306085764,0.0580683692317381,0.0666565964958798,0.0069916062564718,0.0015966210076697,5701.956339851794,0.009715840178124505,True,False,False,False,False,False,False,False,True,257<=h<=1024,1M<=p<100M,finite_zone,False,False,False,True,-0.009715840178124505,1.0,8.751363302255065e-06,1.0000037325699387,17.495629576269064,0.057157131479074766,0.0029582703227147896,0.05139734622646963,0.006671023005268471,,pass
hexc_00272,273,30401963,30401962,1,30401963,positive,negative,False,True,theta_local,16.230017736660166,-16.906667671660216,0.0569490609081324,0.0584108084726998,3.0635764641965103e-15,0.0014617475645642,296.8735112056239,0.05466980759162021,True,False,False,False,False,False,False,False,True,h=1,1M<=p<100M,finite_zone,True,True,False,True,-0.05466980759162021,1.0,3.2892612888187516e-08,1.0,17.230017736660166,0.05803824553658516,0.00018136320709611283,0.0577320894083484,-0.0007830285002159987,,pass
hexc_00273,274,109547591,109546815,776,109547591,negative,negative,False,True,theta_local,-109.57283284869368,-506.9791800952535,0.0531078472806105,0.0689354203592449,0.0068967990800009,0.0089307739986334,9546.219740681327,-0.011478138553813902,False,True,False,False,False,False,False,False,True,257<=h<=1024,100M<=p<500M,finite_zone,False,False,True,False,0.011478138553813902,1.0,7.083679275065027e-06,1.0,18.511869633805045,0.05401939511144093,0.002661518227453088,,,,pass
hexc_00274,275,109494199,109492961,1238,109494199,negative,negative,False,True,theta_local,-108.80604725032116,-875.2634479402586,0.0725940084781449,0.0837417020986148,0.0052280124558904,0.0059196811645793,12056.965392726095,-0.009024331057296,False,True,False,False,False,False,False,False,True,h>1024,100M<=p<500M,finite_zone,False,False,True,False,0.009024331057296,1.0,1.1306535061277538e-05,1.0,18.511382128648542,0.054020817735288516,0.00336251915403876,,,,pass
hexc_00275,276,108562160,108561847,313,108562291,negative,negative,False,True,theta_local,-16.954684245508304,-231.94008344249687,0.0382936799710714,0.0551202378966553,0.0091059828634137,0.0077205750621701,6056.876320523745,-0.0027992455761490956,False,True,False,False,False,False,False,False,True,257<=h<=1024,100M<=p<500M,finite_zone,False,False,True,False,0.0027992455761490956,1.0,2.8831408660255103e-06,1.00000120668196,18.502834676805424,0.05404577284871754,0.0016979814092108047,,,,pass
hexc_00276,277,7103683,7103682,1,7103683,positive,negative,False,True,theta_local,14.776123939910772,-15.452773874910918,0.0620877369564192,0.0630902209402763,9.135652321072365e-16,0.0010024839838561,248.88608656742576,0.059369023570981214,True,False,False,False,False,False,False,False,True,h=1,1M<=p<100M,finite_zone,True,True,False,True,-0.059369023570981214,1.0,1.4077204740132688e-07,1.0,15.776123939910772,0.06338692595271636,0.0003751960119741772,0.06281588252102654,-0.0007281455646073465,,pass
hexc_00277,278,30401417,30401416,1,30401417,positive,negative,False,True,theta_local,16.229999777132257,-16.906649712132094,0.0569491191331462,0.0591615064749945,1.5317914253899786e-15,0.0022123873418467,296.8728923199776,0.05466986106511579,True,False,False,False,False,False,False,False,True,h=1,1M<=p<100M,finite_zone,True,True,False,True,-0.05466986106511579,1.0,3.289320362929136e-08,1.0,17.229999777132257,0.0580383060322035,0.00018136483570221478,0.05773215073714355,-0.0007830316039973487,,pass
hexc_00278,279,40863643,40862800,843,40863643,negative,negative,False,True,theta_local,-1.7644553033559305,-667.9906081991116,0.0749037015573616,0.0829200752976066,0.0054947698464153,0.0025216038938296,8917.99195914986,-0.00019785343061961378,False,True,False,False,False,False,False,False,True,257<=h<=1024,1M<=p<100M,finite_zone,False,False,True,False,0.00019785343061961378,1.0,2.0629585081290967e-05,1.0,17.525751301480234,0.057058894811290596,0.00454198030393032,,,,pass
hexc_00279,280,33913261,33913260,1,33913261,positive,negative,False,True,theta_local,16.339316675800756,-17.01596661080066,0.0565969031070541,0.058191274874661,1.5125377444014474e-15,0.0015943717676053,300.65190278370216,0.05434629391837158,True,False,False,False,False,False,False,False,True,h=1,1M<=p<100M,finite_zone,True,True,False,True,-0.05434629391837158,1.0,2.9486990354599045e-08,1.0,17.339316675800756,0.05767239959321053,0.00017171776365478047,0.057359353455831874,-0.0007624503487777753,,pass
hexc_00280,281,108810601,108810600,1,108810601,positive,negative,False,True,theta_local,17.505119323301336,-18.181769258300847,0.0530948456059851,0.0544870044829864,0.0,0.0013921588770012,342.4394411696205,0.051118875978513605,True,False,False,False,False,False,False,False,True,h=1,100M<=p<500M,finite_zone,True,True,False,True,-0.051118875978513605,1.0,9.190281009476274e-09,1.0,18.505119323301336,0.0540391003445634,9.586595333837908e-05,0.05343389828437206,-0.00033905267838696407,,pass
hexc_00281,282,1512877,1512876,1,1512877,positive,negative,False,True,theta_local,13.229523694026316,-13.906173629026284,0.0686794678208969,0.0708017239099497,0.0,0.0021222560890527,202.47934455885633,0.06533764578727576,True,False,False,False,False,False,False,False,True,h=1,1M<=p<100M,finite_zone,True,True,False,True,-0.06533764578727576,1.0,6.609922683734368e-07,1.0,14.229523694026316,0.0702764211580609,0.0008130143100668259,0.06867900098150348,4.6683939342040404e-07,,pass
hexc_00282,283,17591999,17591998,1,17591999,positive,negative,False,True,theta_local,15.682954754372712,-16.359604689372645,0.0587796318063267,0.0606328476734683,0.0,0.0018532158671415,278.32097933644707,0.05634844628587787,True,False,False,False,False,False,False,False,True,h=1,1M<=p<100M,finite_zone,True,True,False,True,-0.05634844628587787,1.0,5.6844023240337837e-08,1.0,16.682954754372712,0.05994142013349844,0.00023841984657393318,0.059614371643901265,-0.0008347398375745663,,pass
hexc_00283,284,30400757,30400756,1,30400757,positive,negative,False,True,theta_local,16.229978067382206,-16.90662800238215,0.0569491895165871,0.0592359497084479,0.0,0.0022867601918607,296.8721442024719,0.05466992570482828,True,False,False,False,False,False,False,False,True,h=1,1M<=p<100M,finite_zone,True,True,False,True,-0.05466992570482828,1.0,3.289391774027206e-08,1.0,17.229978067382206,0.058038379160393935,0.00018136680440552526,0.05773222487235952,-0.0007830353557724198,,pass
hexc_00284,285,187503637,187502433,1204,187503637,negative,negative,False,True,theta_local,-118.1895832631717,-838.3759977755972,0.0665835810014716,0.0793621467961531,0.0052601195003006,0.0075184462943807,12591.33235500006,-0.009386582764312326,False,True,False,False,False,False,False,False,True,h>1024,100M<=p<500M,finite_zone,False,False,True,False,0.009386582764312326,1.0,6.421208779006244e-06,1.0,19.049308800519945,0.052495343031696,0.0025340104141471564,,,,pass
hexc_00285,286,1188899,1188898,1,1188899,positive,negative,False,True,theta_local,12.988538226732649,-13.665188161732658,0.0698346479419578,0.0732650773543473,0.0,0.0034304294123894,195.67920172076055,0.0663766926301531,True,False,False,False,False,False,False,False,True,h=1,1M<=p<100M,finite_zone,True,True,False,True,-0.0663766926301531,1.0,8.411143419247555e-07,1.0,13.988538226732647,0.0714870977790203,0.0009171228608669372,0.06966398113567496,0.00017066680628284592,,pass
hexc_00286,287,108554851,108554850,1,108554851,positive,negative,False,True,theta_local,17.50276614237342,-18.17941607737339,0.0531014781004076,0.0546923953449301,0.0,0.0015909172445224,342.3523549193602,0.05112500583352532,True,False,False,False,False,False,False,False,True,h=1,100M<=p<500M,finite_zone,True,True,False,True,-0.05112500583352532,1.0,9.211932868849869e-09,1.0,18.50276614237342,0.05404597303480409,9.597881468766879e-05,0.053441748465223426,-0.000340270364815827,,pass
hexc_00287,288,108533473,108533470,3,108533687,positive,negative,False,True,theta_local,34.005138362130026,-36.35843823213054,0.0613169333288047,0.06296609300304,0.010219488903672,-0.0085703292294367,592.9591755211038,0.05734819489427019,True,False,False,False,False,False,False,False,True,2<=h<=4,100M<=p<500M,finite_zone,True,False,False,True,-0.05734819489427019,1.0,2.7641242071006057e-08,1.0000019717419344,18.50257116201875,0.05404654257202671,0.00016625655497154408,0.05520863929459563,0.006108294034209073,,pass
hexc_00288,289,187420763,187420762,1,187420763,positive,negative,False,True,theta_local,18.04886671672199,-18.72551665172159,0.0516054444654362,0.0528698455510337,2.506466400735398e-15,0.0012644010855949,362.85932319143876,0.049740672385038036,True,False,False,False,False,False,False,False,True,h=1,100M<=p<500M,finite_zone,True,True,False,True,-0.049740672385038036,1.0,5.335588138652493e-09,1.0,19.04886671672199,0.05249656133727646,7.304511029940671e-05,0.05162571873084132,-2.027426540512217e-05,,pass
hexc_00289,290,1200061,1200060,1,1200061,positive,negative,False,True,theta_local,12.997882946799592,-13.674532881799564,0.0697891300685882,0.0734962713434768,0.0,0.0037071412748885,195.94072699230284,0.06633579014591585,True,False,False,False,False,False,False,False,True,h=1,1M<=p<100M,finite_zone,True,True,False,True,-0.06633579014591585,1.0,8.332909743754693e-07,1.0,13.997882946799592,0.07143937435400795,0.0009128477279237043,0.06962531115311799,0.00016381891547020966,,pass
hexc_00290,291,22052747,22052746,1,22052747,positive,negative,False,True,theta_local,15.908947732596488,-16.585597667596176,0.058009345127958,0.0591697378973292,0.0,0.0011603927693711,285.9125134236799,0.055642712318162126,True,False,False,False,False,False,False,False,True,h=1,1M<=p<100M,finite_zone,True,True,False,True,-0.055642712318162126,1.0,4.53458247174377e-08,1.0,16.908947732596488,0.05914028571229388,0.00021294559097909894,0.058833166244075974,-0.0008238211161179718,,pass
hexc_00291,292,1196119,1196118,1,1196119,positive,negative,False,True,theta_local,12.994592706870844,-13.671242641870776,0.0698051499707627,0.072507583675384,0.0,0.0027024337046212,195.8486250312026,0.06635018604190121,True,False,False,False,False,False,False,False,True,h=1,1M<=p<100M,finite_zone,True,True,False,True,-0.06635018604190121,1.0,8.360372170327534e-07,1.0,13.994592706870844,0.07145617031848564,0.0009143507078975514,0.06963892215712275,0.00016622781363995198,,pass
hexc_00292,293,179406523,179405418,1105,179406523,negative,negative,False,True,theta_local,-97.72642586632604,-780.0027880678463,0.0649638467600302,0.0771394318911972,0.0039139147599851,0.0082616703711818,12006.721075940846,-0.008139310078765047,False,True,False,False,False,False,False,False,True,h>1024,100M<=p<500M,finite_zone,False,False,True,False,0.008139310078765047,1.0,6.1591963409268015e-06,1.0,19.005164867017143,0.052617275724635676,0.0024817728221831264,,,,pass
hexc_00293,294,40836767,40836766,1,40836767,positive,negative,False,True,theta_local,16.525093385541517,-17.201743320541482,0.0560082213784741,0.0575917731273201,0.0,0.0015835517488459,307.12889817195105,0.05380507495028904,True,False,False,False,False,False,False,False,True,h=1,1M<=p<100M,finite_zone,True,True,False,True,-0.05380507495028904,1.0,2.448773674958157e-08,1.0,17.525093385541517,0.05706103688012391,0.00015648558000525662,0.05672799431948072,-0.0007197729410066203,,pass
hexc_00294,295,30775879,30775878,1,30775879,positive,negative,False,True,theta_local,16.242241791771498,-16.918891726771562,0.0569094579577928,0.0597981788803012,0.0,0.0028887209225083,297.2949020059116,0.05463343529331199,True,False,False,False,False,False,False,False,True,h=1,1M<=p<100M,finite_zone,True,True,False,True,-0.05463343529331199,1.0,3.249297932319009e-08,1.0,17.242241791771498,0.057997098757612206,0.0001802580908674839,0.05769035268987199,-0.0007808947320791931,,pass
hexc_00295,296,12422077,12422076,1,12422077,positive,negative,False,True,theta_local,15.334985850761935,-16.011635785761882,0.0600064835650318,0.0608018746772307,2.556371173032396e-15,0.0007953911121962,266.83176274459265,0.05747061629031156,True,False,False,False,False,False,False,False,True,h=1,1M<=p<100M,finite_zone,True,True,False,True,-0.05747061629031156,1.0,8.050183556260358e-08,1.0,16.334985850761935,0.06121829606319222,0.0002837284539178325,0.06082892223763614,-0.000822438672604342,,pass
hexc_00296,297,604724143,604718720,5423,604724143,negative,negative,True,False,theta_local,-287.04929571977755,-4021.722906728215,0.1335727555775139,0.1444593757832343,0.0050062983240905,0.0058803218816298,30108.856325827302,-0.009533716346228249,False,True,False,False,False,False,False,False,True,h>1024,p>=500M,post_P0_tail,False,False,True,False,0.009533716346228249,1.0,8.967725305453863e-06,1.0,20.22028295002937,0.049455292117885394,0.002994616053094931,,,,pass
hexc_00297,298,30423259,30423255,4,30423359,positive,negative,False,True,theta_local,30.46143587930456,-33.67102460930437,0.0567047477261971,0.0588683256744303,0.0144182081956392,-0.012254630247406,593.7955102434684,0.05129953890492494,True,False,False,False,False,False,False,False,True,2<=h<=4,1M<=p<100M,finite_zone,True,False,False,True,-0.05129953890492494,1.0,1.3147835345319184e-07,1.0000032869588362,17.230721259475303,0.0580358758603963,0.00036259943939999666,0.05725715132678788,-0.0005524036005907784,,pass
hexc_00298,299,39651863,39651244,619,39651863,negative,negative,False,True,theta_local,-24.148225995829307,-467.65545386830127,0.0614073830493204,0.0700647985436921,0.0057408280408995,0.0029165874534721,7615.622595294372,-0.0031708800815248234,False,True,False,False,False,False,False,False,True,257<=h<=1024,1M<=p<100M,finite_zone,False,False,True,False,0.0031708800815248234,1.0,1.5610868018988164e-05,1.0,17.495648491069943,0.05715706968566589,0.003951059100923215,,,,pass
hexc_00299,300,108555463,108555462,1,108555463,positive,negative,False,True,theta_local,17.50277178006044,-18.17942171506093,0.0531014622084794,0.0542277324548623,0.0,0.0011262702463828,342.35256354500103,0.05112499114603464,True,False,False,False,False,False,False,False,True,h=1,100M<=p<500M,finite_zone,True,True,False,True,-0.05112499114603464,1.0,9.211880935001862e-09,1.0,18.502771780060442,0.054045956567310226,9.597854413879104e-05,0.053441729657689896,-0.00034026744921049346,,pass
hexc_00300,301,604360789,604358714,2075,604360789,negative,negative,True,False,theta_local,-235.00910780034724,-1413.9698777417052,0.0759245923608201,0.0905498237696835,0.0040411722714955,0.0105840591373678,18623.345002921153,-0.012619059989678817,False,True,False,False,False,False,False,False,True,h>1024,p>=500M,post_P0_tail,False,False,True,False,0.012619059989678817,1.0,3.4333795933938394e-06,1.0,20.21968191034833,0.0494567622000129,0.0018529380975612325,,,,pass
hexc_00301,302,30848879,30848878,1,30848879,positive,negative,False,True,theta_local,16.24461097054039,-16.921260905540294,0.0569017887666288,0.0591459350334649,1.5291967807111497e-15,0.0022441462668344,297.37660752528194,0.05462639144929827,True,False,False,False,False,False,False,False,True,h=1,1M<=p<100M,finite_zone,True,True,False,True,-0.05462639144929827,1.0,3.241608876614285e-08,1.0,17.24461097054039,0.05798913073239734,0.00018004468547042107,0.05768226505131646,-0.0007804762846876645,,pass
hexc_00302,303,155849,155848,1,155849,positive,negative,False,True,theta_local,10.956642868748848,-11.633292803748844,0.081373715100142,0.0823330539773264,0.0,0.0009593388771843,142.96130869080267,0.07664061674509375,True,False,False,False,False,False,False,False,True,h=1,100K<=p<1M,finite_zone,True,True,False,True,-0.07664061674509375,1.0,6.416467221477199e-06,1.0,11.956642868748848,0.08363551633826133,0.002533074657699058,0.07943796825333105,0.0019357468468109568,,pass
hexc_00303,304,604870961,604869251,1710,604870961,negative,negative,True,False,theta_local,-193.460685806944,-1165.450258677953,0.0689304006027278,0.084228112951883,0.0064493327137434,0.0088483796354117,16907.637972320623,-0.011442206541425666,False,True,False,False,False,False,False,False,True,h>1024,p>=500M,post_P0_tail,False,False,True,False,0.011442206541425666,1.0,2.8270492555518795e-06,1.0,20.220525705642775,0.04945469838704235,0.0016813831376434937,,,,pass
hexc_00304,305,30386689,30386676,13,30386821,positive,negative,False,True,theta_local,55.9180601763964,-66.33657441749074,0.0619776393332608,0.0656901337841472,0.0172880108593613,-0.0135755164084749,1070.3307697924963,0.052243719189010294,True,False,False,False,False,False,False,False,True,5<=h<=16,1M<=p<100M,finite_zone,False,False,False,True,-0.052243719189010294,1.0,4.2781890452098945e-07,1.0000043440073383,17.22951955264276,0.058039923687054545,0.0006540786684497435,0.058137957363115556,0.0038396819701452464,,pass
hexc_00305,306,17997751,17997750,1,17997751,positive,negative,False,True,theta_local,15.705757363609788,-16.38240729860945,0.058700983870679,0.0614815788836374,0.0,0.0027805950129583,279.08232909180265,0.05627643073898621,True,False,False,False,False,False,False,False,True,h=1,1M<=p<100M,finite_zone,True,True,False,True,-0.05627643073898621,1.0,5.556249778097274e-08,1.0,16.705757363609788,0.05985960278450492,0.00023571698661948985,0.05953529435216054,-0.00083431048148154,,pass
hexc_00306,307,17642591,17642590,1,17642591,positive,negative,False,True,theta_local,15.68582647984297,-16.36247641484306,0.0587697154139291,0.0615114980157123,0.0,0.0027417826017831,278.4168053154288,0.05633936666312908,True,False,False,False,False,False,False,False,True,h=1,1M<=p<100M,finite_zone,True,True,False,True,-0.05633936666312908,1.0,5.668101697760833e-08,1.0,16.68582647984297,0.05993110387477858,0.0002380777540586443,0.05960440950991042,-0.000834694095981317,,pass
hexc_00307,308,2275513,2275512,1,2275513,positive,negative,False,True,theta_local,13.637716079452618,-14.314366014452617,0.0668075398802362,0.0691152327817433,0.0,0.002307692901507,214.26273202266572,0.0636495014821801,True,False,False,False,False,False,False,False,True,h=1,1M<=p<100M,finite_zone,True,True,False,True,-0.0636495014821801,1.0,4.3946134344211615e-07,1.0,14.637716079452618,0.0683166687051492,0.000662918806070635,0.0670629504855269,-0.00025541060529070403,,pass
hexc_00308,309,108834839,108833866,973,108834839,negative,negative,False,True,theta_local,-84.74379677806667,-688.3129050843572,0.0644369918839945,0.0759633517847871,0.0033723912730158,0.0081539686277766,10681.952787670814,-0.007933361854573872,False,True,False,False,False,False,False,False,True,257<=h<=1024,100M<=p<500M,finite_zone,False,False,True,False,0.007933361854573872,1.0,8.940151967330976e-06,1.0,18.505342052526448,0.0540384499330816,0.0029900086901764977,,,,pass
hexc_00309,310,3459473,3459472,1,3459473,positive,negative,False,True,theta_local,14.056626823294508,-14.73327675829455,0.0649896164311518,0.0675533283624984,0.0,0.0025637119313465,226.70201129595165,0.062004861549040544,True,False,False,False,False,False,False,False,True,h=1,1M<=p<100M,finite_zone,True,True,False,True,-0.062004861549040544,1.0,2.8906136859573697e-07,1.0,15.056626823294508,0.06641593842605394,0.0005376442770045423,0.06546170805203655,-0.0004720916208847542,,pass
hexc_00310,311,1516759,1516758,1,1516759,positive,negative,False,True,theta_local,13.232086379526844,-13.908736314526893,0.0686673886274796,0.0704701582316363,0.0,0.0018027696041566,202.55228271431352,0.06532676996876811,True,False,False,False,False,False,False,False,True,h=1,1M<=p<100M,finite_zone,True,True,False,True,-0.06532676996876811,1.0,6.593005217045028e-07,1.0,14.232086379526844,0.0702637669090121,0.0008119732272091875,0.06866865828641089,-1.2696589312827244e-06,,pass
hexc_00311,312,12785933,12785932,1,12785933,positive,negative,False,True,theta_local,15.363856140188712,-16.04050607518866,0.0599027500147229,0.0626516042594357,2.5473588631481777e-15,0.0027488542447102,267.77578777679184,0.05737582276481048,True,False,False,False,False,False,False,False,True,h=1,1M<=p<100M,finite_zone,True,True,False,True,-0.05737582276481048,1.0,7.821095261487761e-08,1.0,16.363856140188712,0.06111029035167671,0.0002796622116319572,0.06072756003955182,-0.0008248100248289189,,pass
hexc_00312,313,33868273,33868272,1,33868273,positive,negative,False,True,theta_local,16.33798923441809,-17.014639169417933,0.0566011539635097,0.0584495095176475,0.0,0.0018483555541377,300.60587069279757,0.05435020013669195,True,False,False,False,False,False,False,False,True,h=1,1M<=p<100M,finite_zone,True,True,False,True,-0.05435020013669195,1.0,2.9526158596867338e-08,1.0,17.33798923441809,0.057676815141566376,0.00017183177411895432,0.057363874450158336,-0.0007627204866486395,,pass
hexc_00313,314,30402367,30402366,1,30402367,positive,negative,False,True,theta_local,16.23003102518748,-16.906680960187714,0.0569490178266376,0.0585071691732537,0.0,0.001558151346616,296.8739691289231,0.05466976802583619,True,False,False,False,False,False,False,False,True,h=1,1M<=p<100M,finite_zone,True,True,False,True,-0.05466976802583619,1.0,3.289217579670688e-08,1.0,17.23003102518748,0.058038200775040044,0.00018136200207515045,0.057732044030259555,-0.0007830262036219518,,pass
hexc_00314,315,33926353,33926350,3,33926539,positive,negative,False,True,theta_local,31.67940523101436,-34.03270510101447,0.0653510059939369,0.0662381750517639,0.0108918343889229,-0.010004665331096,520.7678838818778,0.06083210238479296,True,False,False,False,False,False,False,False,True,2<=h<=4,1M<=p<100M,finite_zone,True,False,False,True,-0.06083210238479296,1.0,8.842683444341925e-08,1.0000054824637354,17.339708127431496,0.05767109761311354,0.0002973664985223104,0.059318229981679904,0.006032776012256991,,pass
hexc_00315,316,604434563,604433380,1183,604434563,negative,negative,True,False,theta_local,-212.4494583474634,-727.5709528394036,0.0517403185429252,0.0706267903397897,0.0036185414675334,0.0152679303293309,14061.97281595378,-0.015108083419591904,False,True,False,False,False,False,False,False,True,h>1024,p>=500M,post_P0_tail,False,False,True,False,0.015108083419591904,1.0,1.9572011139276957e-06,1.0,20.21980397236647,0.049456463641618716,0.0013990000407175462,,,,pass
hexc_00316,317,12783493,12783492,1,12783493,positive,negative,False,True,theta_local,15.36366528725307,-16.040315222252957,0.0599034345893696,0.0614653493746613,8.49139428093181e-16,0.0015619147852907,267.7695416332511,0.057376448394925436,True,False,False,False,False,False,False,False,True,h=1,1M<=p<100M,finite_zone,True,True,False,True,-0.057376448394925436,1.0,7.822588082928508e-08,1.0,16.36366528725307,0.061111003094091496,0.00027968890008236844,0.06072822974255576,-0.0008247951531861614,,pass
hexc_00317,318,30820421,30820420,1,30820421,positive,negative,False,True,theta_local,16.24368804772401,-16.92033798272405,0.0569047760842253,0.0586821462517961,0.0,0.0017773701675707,297.3447774872199,0.054629135191123966,True,False,False,False,False,False,False,False,True,h=1,1M<=p<100M,finite_zone,True,True,False,True,-0.054629135191123966,1.0,3.244602012412485e-08,1.0,17.24368804772401,0.05799223444731649,0.00018012778831741883,0.05768541556567852,-0.0007806394814532241,,pass
hexc_00318,319,109684921,109684920,1,109684921,positive,negative,False,True,theta_local,17.51312245909733,-18.189772394097417,0.0530723009742895,0.0544238599579058,0.0,0.0013515589836162,342.7357031855339,0.05109803938230768,True,False,False,False,False,False,False,False,True,h=1,100M<=p<500M,finite_zone,True,True,False,True,-0.05109803938230768,1.0,9.117023478550895e-09,1.0,18.51312245909733,0.05401573949555987,9.548310572321625e-05,0.053407201698242535,-0.0003349007239530355,,pass
hexc_00319,320,604702619,604700469,2150,604702619,negative,negative,True,False,theta_local,-249.2969172381811,-1459.161415153525,0.076968173203785,0.0924905344982734,0.0032712471962181,0.0122511140982701,18957.984247465138,-0.01314996963727905,False,True,False,False,False,False,False,False,True,h>1024,p>=500M,post_P0_tail,False,False,True,False,0.01314996963727905,1.0,3.555466658231887e-06,1.0,20.220247356307322,0.049455379174086565,0.001885594510554135,,,,pass
hexc_00320,321,109471009,109470995,14,109471171,positive,negative,False,True,theta_local,60.04468101919571,-71.26896250889331,0.0555864061262656,0.0605347509168848,0.0102675552005105,-0.0053192104098913,1282.1293455634543,0.04683199961608243,True,False,False,False,False,False,False,False,True,5<=h<=16,100M<=p<500M,finite_zone,False,False,False,True,-0.04683199961608243,1.0,1.2788774057979132e-07,1.0000014798438552,18.51117179401814,0.05402143155103496,0.0003576139546770949,0.05288064958381211,0.0027057565424534885,,pass
hexc_00321,322,39669379,39669378,1,39669379,positive,negative,False,True,theta_local,16.496090138221277,-17.17274007322112,0.0560993179947859,0.0582727770264986,0.0,0.0021734590317126,306.1131701247638,0.053888861206128104,True,False,False,False,False,False,False,False,True,h=1,1M<=p<100M,finite_zone,True,True,False,True,-0.053888861206128104,1.0,2.5208360332537597e-08,1.0,17.496090138221277,0.05715562689148697,0.00015877140905256714,0.056826388657122084,-0.0007270706623361822,,pass
hexc_00322,323,179438221,179438217,4,179438351,positive,negative,False,True,theta_local,34.01068305675338,-37.22027178675398,0.0515226455014222,0.0532141645529486,0.0130795953907561,-0.0113880763392298,722.4060687203362,0.04707973054130014,True,False,False,False,False,False,False,False,True,2<=h<=4,100M<=p<500M,finite_zone,True,False,False,True,-0.04707973054130014,1.0,2.2291794789918253e-08,1.0000007244833307,19.00534225843271,0.052616784607301556,0.00014930436962767786,0.051217327245652644,0.0003053182557695572,,pass
hexc_00323,324,109683631,109683630,1,109683631,positive,negative,False,True,theta_local,17.51311069806788,-18.189760633067635,0.0530723340907695,0.055032164231841,0.0,0.0019598301410714,342.7352677189154,0.051098069990365744,True,False,False,False,False,False,False,False,True,h=1,100M<=p<500M,finite_zone,True,True,False,True,-0.051098069990365744,1.0,9.117130704763047e-09,1.0,18.51311069806788,0.05401577381073862,9.548366721467628e-05,0.05340724092827798,-0.00033490683750847516,,pass
hexc_00324,325,1190201,1190200,1,1190201,positive,negative,False,True,theta_local,12.989632758387462,-13.666282693387416,0.0698293134405508,0.0715945211420518,0.0,0.0017652077015009,195.70982471454758,0.06637189919991743,True,False,False,False,False,False,False,False,True,h=1,1M<=p<100M,finite_zone,True,True,False,True,-0.06637189919991743,1.0,8.401942192957324e-07,1.0,13.989632758387462,0.07148150471644452,0.0009166210881796973,0.06965944972111116,0.00016986371943963907,,pass
hexc_00325,326,187501387,187501386,1,187501387,positive,negative,False,True,theta_local,18.04929680068071,-18.725946735680736,0.0516042994663513,0.0525393820764277,0.0,0.0009350826100763,362.8757086004244,0.04973961158848317,True,False,False,False,False,False,False,False,True,h=1,100M<=p<500M,finite_zone,True,True,False,True,-0.04973961158848317,1.0,5.333293881180729e-09,1.0,19.04929680068071,0.05249537610040628,7.302940422309859e-05,0.05162429262251167,-1.9993156160372227e-05,,pass
hexc_00326,327,109497079,109497076,3,109497203,positive,negative,False,True,theta_local,34.02281684386655,-36.3761167138664,0.0612881804444233,0.0638594994842023,0.0102146967561249,-0.0076433777163459,593.5258062825443,0.057323230908800954,True,False,False,False,False,False,False,False,True,2<=h<=4,100M<=p<500M,finite_zone,True,False,False,True,-0.057323230908800954,1.0,2.739799113727956e-08,1.0000011324503004,18.511409563515596,0.05402073767364072,0.00016552338546948453,0.05517672583826427,0.006111454606159028,,pass
hexc_00327,328,33488869,33488866,3,33489013,positive,negative,False,True,theta_local,31.65344728612889,-34.00674715612877,0.0653990366187609,0.0671490711147243,0.0108998394938855,-0.0091498049979221,519.9885031085197,0.06087335988565681,True,False,False,False,False,False,False,False,True,2<=h<=4,1M<=p<100M,finite_zone,True,False,False,True,-0.06087335988565681,1.0,8.958200409813781e-08,1.0000042999361967,17.32672797285207,0.0577143013710854,0.00029930252938813895,0.059363240565727615,0.006035796053033282,,pass
hexc_00328,329,109452151,109452148,3,109452269,positive,negative,False,True,theta_local,34.021996050826246,-36.37529592082683,0.0612895154313816,0.0627535154340644,0.0102149192539583,-0.0087509192512756,593.4994862465794,0.0573243900613778,True,False,False,False,False,False,False,False,True,2<=h<=4,100M<=p<500M,finite_zone,True,False,False,True,-0.0573243900613778,1.0,2.7409237484971857e-08,1.0000010780966744,18.510999112645628,0.054021935494387156,0.0001655573540649036,0.055178068588290996,0.006111446843090604,,pass
hexc_00329,330,187419913,187418830,1083,187419913,negative,negative,False,True,theta_local,-73.41046525155639,-787.0428884391849,0.0659092077597731,0.0766870226372487,0.0044724201538576,0.006305394723618,11941.319205471427,-0.006147600946629099,False,True,False,False,False,False,False,False,True,h>1024,100M<=p<500M,finite_zone,False,False,True,False,0.006147600946629099,1.0,5.778468160957902e-06,1.0,19.048862181461786,0.05249657383595293,0.00240384445440172,,,,pass
hexc_00330,331,33415939,33415938,1,33415939,positive,negative,False,True,theta_local,16.324543559684656,-17.001193494684685,0.0566442469597574,0.0587411588277256,1.51511840953764e-15,0.0020969118679666,300.1398095514111,0.05438979782149964,True,False,False,False,False,False,False,False,True,h=1,1M<=p<100M,finite_zone,True,True,False,True,-0.05438979782149964,1.0,2.992583868434761e-08,1.0,17.324543559684656,0.05772157843898787,0.00017299086300827455,0.05740967571705857,-0.0007654287573011717,,pass
hexc_00331,332,40835099,40835098,1,40835099,positive,negative,False,True,theta_local,16.525052539162417,-17.201702474162175,0.05600834946535,0.0578586384299054,0.0,0.0018502889645553,307.12746650040305,0.053805192767221066,True,False,False,False,False,False,False,False,True,h=1,1M<=p<100M,finite_zone,True,True,False,True,-0.053805192767221066,1.0,2.4488737005388427e-08,1.0,17.525052539162417,0.057061169874689205,0.00015648877597255475,0.05672813284852052,-0.0007197833831705178,,pass
hexc_00332,333,445001,445000,1,445001,positive,negative,False,True,theta_local,12.005831808336865,-12.682481743336892,0.0749769861339492,0.0776707266078231,0.0,0.0026937404738738,169.15166102674692,0.0709767302044906,True,False,False,False,False,False,False,False,True,h=1,100K<=p<1M,finite_zone,True,True,False,True,-0.0709767302044906,1.0,2.247185961379862e-06,1.0,13.005831808336863,0.0768885846546924,0.0014990616936536875,0.07399476250798553,0.0009822236259636602,,pass
hexc_00333,334,40836461,40836460,1,40836461,positive,negative,False,True,theta_local,16.525085892265995,-17.20173582726602,0.0560082448759908,0.0572224328808061,0.0,0.0012141880048152,307.12863553130063,0.05380509656378772,True,False,False,False,False,False,False,False,True,h=1,1M<=p<100M,finite_zone,True,True,False,True,-0.05380509656378772,1.0,2.448792024362738e-08,1.0,17.525085892265995,0.05706106127795416,0.00015648616630113788,0.056728019732648516,-0.0007197748566577164,,pass
hexc_00334,335,604685377,604682818,2559,604685377,negative,negative,True,False,theta_local,-132.574005324258,-1900.7429405446544,0.0919002176538831,0.103142612325526,0.0052564239415806,0.0059859707300621,20682.68159824472,-0.006409904087848511,False,True,False,False,False,False,False,False,True,h>1024,p>=500M,post_P0_tail,False,False,True,False,0.006409904087848511,1.0,4.231952842477949e-06,1.0,20.22021884271192,0.0494554489137211,0.002057171077591251,,,,pass
hexc_00335,336,12842771,12842770,1,12842771,positive,negative,False,True,theta_local,15.368291642911316,-16.04494157791123,0.0598868446154668,0.0614933608736022,1.6973189842787913e-15,0.0016065162581336,267.92097130740046,0.05736128668061012,True,False,False,False,False,False,False,False,True,h=1,1M<=p<100M,finite_zone,True,True,False,True,-0.05736128668061012,1.0,7.786481593419364e-08,1.0,16.368291642911316,0.061093730599129085,0.00027904267762153095,0.06071199724756249,-0.0008251526320956909,,pass
hexc_00336,337,3454739,3454738,1,3454739,positive,negative,False,True,theta_local,14.055257469638663,-14.73190740463872,0.0649953978302506,0.0678335682776829,5.015726099020225e-16,0.0028381704474318,226.66077747711077,0.06201009996561062,True,False,False,False,False,False,False,False,True,h=1,1M<=p<100M,finite_zone,True,True,False,True,-0.06201009996561062,1.0,2.8945746697507396e-07,1.0,15.055257469638663,0.06642197929970046,0.0005380125156305139,0.0654668603431352,-0.0004714625128846017,,pass
hexc_00337,338,108591737,108591025,712,108591737,negative,negative,False,True,theta_local,-45.88831219329336,-519.7337882343145,0.0568920636044594,0.0670776998596762,0.0047116498114509,0.0054739864437658,9135.435688319378,-0.005023111514206862,False,True,False,False,False,False,False,False,True,257<=h<=1024,100M<=p<500M,finite_zone,False,False,True,False,0.005023111514206862,1.0,6.556668303408758e-06,1.0,18.503105876013212,0.05404498070220554,0.002560599207882553,,,,pass
hexc_00338,339,108529951,108529950,1,108530069,positive,negative,False,True,theta_local,17.50253673893403,-18.17918667393405,0.0531021185270431,0.0549969698681508,0.0,0.0018948513411076,342.3439060096253,0.0511255974816211,True,False,False,False,False,False,False,False,True,h=1,100M<=p<500M,finite_zone,True,True,False,True,-0.0511255974816211,1.0,9.214046360345265e-09,1.0000010872574705,18.502537826190906,0.05404663994711415,9.598982425416386e-05,0.053444131226281666,-0.00034201269923856553,,pass
hexc_00339,340,40882771,40882770,1,40882771,positive,negative,False,True,theta_local,16.526219285319847,-17.202869220319826,0.0560046909904061,0.0576333796617081,0.0,0.0016286886713019,307.1683624371173,0.053801827617266575,True,False,False,False,False,False,False,False,True,h=1,1M<=p<100M,finite_zone,True,True,False,True,-0.053801827617266575,1.0,2.4460181527323578e-08,1.0,17.526219285319847,0.057057371228808655,0.0001563975112568086,0.05672417591848378,-0.0007194849280776766,,pass
hexc_00340,341,7102457,7102456,1,7102457,positive,negative,False,True,theta_local,14.775951338485887,-15.452601273485923,0.0620884020312099,0.0646932136535411,0.0,0.0026048116223311,248.88064063427467,0.059369629155683765,True,False,False,False,False,False,False,False,True,h=1,1M<=p<100M,finite_zone,True,True,False,True,-0.059369629155683765,1.0,1.4079634695430046e-07,1.0,15.775951338485887,0.06338761945597989,0.00037522839305455084,0.06281650425724616,-0.0007281022260362674,,pass
hexc_00341,342,40863883,40863879,4,40864051,positive,negative,False,True,theta_local,31.05151430036597,-34.26110303036603,0.0557721724135561,0.0574566735917498,0.014176984271913,-0.0124924830937193,614.3046172976117,0.05054742130535292,True,False,False,False,False,False,False,False,True,2<=h<=4,1M<=p<100M,finite_zone,True,False,False,True,-0.05054742130535292,1.0,9.788594980070788e-08,1.0000041112098916,17.52576128585591,0.05705886230500273,0.0003128673038217766,0.05622960817214073,-0.0004574357585846317,,pass
hexc_00342,343,1518239,1518238,1,1518239,positive,negative,False,True,theta_local,13.233061668549976,-13.909711603550022,0.0686627927275693,0.07170621495335,0.0,0.0030434222257806,202.58004446074662,0.0653226318701599,True,False,False,False,False,False,False,False,True,h=1,1M<=p<100M,finite_zone,True,True,False,True,-0.0653226318701599,1.0,6.586578266004233e-07,1.0,14.233061668549976,0.07025895224002618,0.0008115773694481772,0.06866472283436997,-1.930106800676623e-06,,pass
hexc_00343,344,109597217,109596735,482,109597217,negative,negative,False,True,theta_local,-74.72895699034427,-308.14794080563934,0.0409556604771101,0.0542204176570948,0.0062528487522781,0.0070119084277064,7523.940212803085,-0.009932157204436848,False,True,False,False,False,False,False,False,True,257<=h<=1024,100M<=p<500M,finite_zone,False,False,True,False,0.009932157204436848,1.0,4.397921892487471e-06,1.0,18.512322539820033,0.05401807352097494,0.0020971222883960465,,,,pass
hexc_00344,345,31018453,31018450,3,31018529,positive,negative,False,True,theta_local,31.500185622358515,-33.853485492358686,0.0656840261013088,0.0692098295960013,0.0109473377461031,-0.0074215342514106,515.3990627819344,0.06111804987058399,True,False,False,False,False,False,False,False,True,2<=h<=4,1M<=p<100M,finite_zone,True,False,False,True,-0.06111804987058399,1.0,9.671662219905036e-08,1.0000024501544291,17.250095293569558,0.05797069424728205,0.00031099296165516404,0.05963715536248815,0.006046870738820653,,pass
hexc_00345,346,40845353,40845352,1,40845443,positive,negative,False,True,theta_local,16.525303615149454,-17.201953550149483,0.0560075480621169,0.0574305097109247,0.0,0.0014229616488077,307.13634403475606,0.05380445504449784,True,False,False,False,False,False,False,False,True,h=1,1M<=p<100M,finite_zone,True,True,False,True,-0.05380445504449784,1.0,2.4482589243383452e-08,1.0000022034330318,17.52530581858006,0.0570603452146219,0.00015646913191867413,0.05673055911016145,-0.0007230110480445501,,pass
hexc_00346,347,177979733,177979051,682,177979733,negative,negative,False,True,theta_local,-55.09311664328777,-486.9858554314424,0.051670881830267,0.064256989998171,0.0034968755719729,0.009089232595931,9424.763777617254,-0.00584557002628837,False,True,False,False,False,False,False,False,True,257<=h<=1024,100M<=p<500M,finite_zone,False,False,True,False,0.00584557002628837,1.0,3.83189697222436e-06,1.0,18.99718024222331,0.052639391070122644,0.0019575231728447967,,,,pass
hexc_00347,348,12783283,12783282,1,12783283,positive,negative,False,True,theta_local,15.363648859683163,-16.040298794683167,0.0599034935145176,0.0626209646339798,1.6982822660137025e-15,0.0027174711194604,267.7690040030101,0.0573765022463558,True,False,False,False,False,False,False,False,True,h=1,1M<=p<100M,finite_zone,True,True,False,True,-0.0573765022463558,1.0,7.822716590096613e-08,1.0,16.363648859683163,0.06111106444381148,0.00027969119739628225,0.06072828738713376,-0.0008247938726161641,,pass
hexc_00348,349,7051327,7051326,1,7051327,positive,negative,False,True,theta_local,14.768726384026335,-15.445376319026307,0.0621162542989741,0.0640096837074059,9.144225917840625e-16,0.0018934294084308,248.65273177428833,0.05939498946439276,True,False,False,False,False,False,False,False,True,h=1,1M<=p<100M,finite_zone,True,True,False,True,-0.05939498946439276,1.0,1.4181727779749825e-07,1.0,15.768726384026337,0.06341666255386334,0.0003765863483950238,0.06284253454883326,-0.0007262802498591639,,pass
hexc_00349,350,178894801,178894798,3,178894987,positive,negative,False,True,theta_local,35.0046169630778,-37.35791683307798,0.0597323013681423,0.0624748732312566,0.0099553835702951,-0.0072128117071808,625.4223590488089,0.05596956433779495,True,False,False,False,False,False,False,False,True,2<=h<=4,100M<=p<500M,finite_zone,True,False,False,True,-0.05596956433779495,1.0,1.676963211468622e-08,1.000001039717191,19.00230952684543,0.052625182143636505,0.00012949761432044305,0.05348301159296076,0.006249289775181542,,pass
hexc_00350,351,33843569,33843568,1,33843569,positive,negative,False,True,theta_local,16.337259554044127,-17.01390948904418,0.0566034908858585,0.0573142485737193,0.0,0.0007107576878608,300.58056884429436,0.05435234758141367,True,False,False,False,False,False,False,False,True,h=1,1M<=p<100M,finite_zone,True,True,False,True,-0.05435234758141367,1.0,2.954771111758337e-08,1.0,17.337259554044127,0.057679242609408696,0.00017189447669306706,0.057366359653182375,-0.0007628687673238779,,pass
hexc_00351,352,109712341,109712340,1,109712341,positive,negative,False,True,theta_local,17.51337241663912,-18.190022351638618,0.0530715971584078,0.0539020807162376,0.0,0.0008304835578298,342.7449582371743,0.05109738887689234,True,False,False,False,False,False,False,False,True,h=1,100M<=p<500M,finite_zone,True,True,False,True,-0.05109738887689234,1.0,9.114744894560221e-09,1.0,18.513372416639122,0.0540150102042585,9.547117310769896e-05,0.053406367942418154,-0.00033477078401035476,,pass
hexc_00352,353,179664509,179664508,1,179664509,positive,negative,False,True,theta_local,18.00660183085661,-18.683251765856767,0.0517182132568102,0.0530489105874725,0.0,0.0013306973306622,361.2509131567218,0.04984513858666646,True,False,False,False,False,False,False,False,True,h=1,100M<=p<500M,finite_zone,True,True,False,True,-0.04984513858666646,1.0,5.5659295515064695e-09,1.0,19.00660183085661,0.05261329767936381,7.460515767362515e-05,0.051765892817632775,-4.767956082257774e-05,,pass
hexc_00353,354,30784619,30784618,1,30784619,positive,negative,False,True,theta_local,16.242525740093644,-16.91917567509381,0.0569085386889664,0.0583295511087164,0.0,0.0014210124197499,297.3046938977919,0.05463259098653026,True,False,False,False,False,False,False,False,True,h=1,1M<=p<100M,finite_zone,True,True,False,True,-0.05463259098653026,1.0,3.248375430600587e-08,1.0,17.242525740093644,0.05799614366674386,0.00018023250069287134,0.05768938335354923,-0.000780844664582829,,pass
hexc_00354,355,33843947,33843946,1,33843947,positive,negative,False,True,theta_local,16.337270723016555,-17.01392065801656,0.056603455113919,0.0578346580287957,1.5128947513897902e-15,0.0012312029148751,300.58095612316697,0.05435231470992509,True,False,False,False,False,False,False,False,True,h=1,1M<=p<100M,finite_zone,True,True,False,True,-0.05435231470992509,1.0,2.9547381101855525e-08,1.0,17.337270723016555,0.05767920545143379,0.00017189351675341198,0.05736632161269006,-0.0007628664987710601,,pass
hexc_00355,356,33821509,33821502,7,33821677,positive,negative,False,True,theta_local,45.00982232048878,-50.57271092048859,0.0635973076915966,0.0654611569085146,0.0155337822934355,-0.0136699330765176,795.2020731086848,0.056601741673700384,True,False,False,False,False,False,False,False,True,5<=h<=16,1M<=p<100M,finite_zone,False,False,False,True,-0.056601741673700384,1.0,2.069688848004978e-07,1.0000049672532352,17.336612486249123,0.05768139541638655,0.00045493833076637745,0.05857251374736627,0.005024793944230332,,pass
hexc_00356,357,30978317,30978316,1,30978317,positive,negative,False,True,theta_local,16.24879806610611,-16.92544800110636,0.0568882399079218,0.058206963587266,0.0,0.0013187236793441,297.5210347253059,0.05461394714867216,True,False,False,False,False,False,False,False,True,h=1,1M<=p<100M,finite_zone,True,True,False,True,-0.05461394714867216,1.0,3.2280643264125677e-08,1.0,17.24879806610611,0.05797505403956233,0.00017966814760587274,0.05766797277668689,-0.0007797328687650928,,pass
hexc_00357,358,2275027,2275026,1,2275027,positive,negative,False,True,theta_local,13.63750247842863,-14.314152413428587,0.0668084927615614,0.0701677034244439,0.0,0.0033592106628824,214.25647880600428,0.06365036219407175,True,False,False,False,False,False,False,False,True,h=1,1M<=p<100M,finite_zone,True,True,False,True,-0.06365036219407175,1.0,4.3955522286109134e-07,1.0,14.63750247842863,0.06831766563139481,0.0006629896099194099,0.06706378072316665,-0.00025528796160526057,,pass
hexc_00358,359,109548913,109548912,1,109548913,positive,negative,False,True,theta_local,17.511881701546663,-18.18853163654694,0.0530757949033395,0.0540412935367529,0.0,0.0009654986334133,342.6897641320582,0.051101268653003365,True,False,False,False,False,False,False,False,True,h=1,100M<=p<500M,finite_zone,True,True,False,True,-0.051101268653003365,1.0,9.1283425149093e-09,1.0,18.511881701546663,0.05401935989664682,9.554235979349318e-05,0.05341134039584161,-0.00033554549250210813,,pass
hexc_00359,360,33488180,33487676,504,33488281,negative,negative,False,True,theta_local,-1.5258205110753806,-399.1853001142031,0.0592280253357018,0.0702213435707402,0.0045249017385928,0.0064684164964455,6739.804304662162,-0.0002263894383431751,False,True,False,False,False,False,False,False,True,257<=h<=1024,1M<=p<100M,finite_zone,False,False,True,False,0.0002263894383431751,1.0,1.5050086328967415e-05,1.0000030159895223,17.32670611469817,0.05771437417938914,0.0038794440747312517,,,,pass
hexc_00360,361,33862651,33862647,4,33862799,positive,negative,False,True,theta_local,30.67564639008905,-33.885235120088964,0.05636261671122,0.0585493445209605,0.0143296944521975,-0.012142966642457,601.2005314391919,0.051023984154930375,True,False,False,False,False,False,False,False,True,2<=h<=4,1M<=p<100M,finite_zone,True,False,False,True,-0.051023984154930375,1.0,1.1812424254675159e-07,1.0000043705969743,17.33782759516301,0.05767735285815074,0.0003436920751875893,0.056883749019221774,-0.0005211323080017774,,pass
hexc_00361,362,3441017,3441016,1,3441017,positive,negative,False,True,theta_local,14.051277625191709,-14.727927560191688,0.0650122065361843,0.0664152882950914,5.018378956711261e-16,0.0014030817589065,226.54095815059657,0.062025329723603036,True,False,False,False,False,False,False,False,True,h=1,1M<=p<100M,finite_zone,True,True,False,True,-0.062025329723603036,1.0,2.906117580936101e-07,1.0,15.051277625191709,0.06643954253599538,0.0005390841846072004,0.06548183763183157,-0.0004696310956472799,,pass
hexc_00362,363,17998027,17998026,1,17998027,positive,negative,False,True,theta_local,15.70577269874159,-16.3824226337415,0.0587009310494316,0.0607228067308972,3.258870007946012e-15,0.0020218756814622,279.08284146201987,0.05627638236899266,True,False,False,False,False,False,False,False,True,h=1,1M<=p<100M,finite_zone,True,True,False,True,-0.05627638236899266,1.0,5.55616457292791e-08,1.0,16.70577269874159,0.05985954783613977,0.00023571517925088982,0.05953524119124509,-0.0008343101418134893,,pass
hexc_00363,364,12783557,12783556,1,12783557,positive,negative,False,True,theta_local,15.36367029369691,-16.040320228696828,0.059903416631445,0.0625314742892232,0.0,0.0026280576577781,267.7697054808187,0.05737643198325684,True,False,False,False,False,False,False,False,True,h=1,1M<=p<100M,finite_zone,True,True,False,True,-0.05737643198325684,1.0,7.822548919678615e-08,1.0,16.36367029369691,0.06111098439725885,0.00027968819995985916,0.060728212174880225,-0.0008247955434352236,,pass
hexc_00364,365,1196653,1196652,1,1196653,positive,negative,False,True,theta_local,12.995039051118322,-13.671688986118284,0.0698029763271531,0.071617662491785,0.0,0.0018146861646318,195.86111804232684,0.06634823277333693,True,False,False,False,False,False,False,False,True,h=1,1M<=p<100M,finite_zone,True,True,False,True,-0.06634823277333693,1.0,8.356641398968623e-07,1.0,13.995039051118322,0.07145389136446115,0.0009141466730765158,0.06963707543897502,0.00016590088817808324,,pass
hexc_00365,366,178000301,178000300,1,178000301,positive,negative,False,True,theta_local,17.99729579926617,-18.673945734265544,0.0517431093034384,0.0530150818740687,0.0,0.0012719725706302,360.8972476848159,0.049868199091902835,True,False,False,False,False,False,False,False,True,h=1,100M<=p<500M,finite_zone,True,True,False,True,-0.049868199091902835,1.0,5.617968028042829e-09,1.0,18.997295799266166,0.05263907087442563,7.495310552634112e-05,0.05179676453652671,-5.3655233088305276e-05,,pass
hexc_00366,367,444929,444928,1,444929,positive,negative,False,True,theta_local,12.005669997857035,-12.68231993285707,0.0749778951791259,0.0781852146270972,0.0,0.0032073194479712,169.14745209315862,0.07097753971041117,True,False,False,False,False,False,False,False,True,h=1,100K<=p<1M,finite_zone,True,True,False,True,-0.07097753971041117,1.0,2.2475496090387453e-06,1.0,13.005669997857035,0.07688954126659922,0.0014991829805059641,0.07399552637566198,0.0009823688034639178,,pass
hexc_00367,368,108530371,108530370,1,108530371,positive,negative,False,True,theta_local,17.50254060882601,-18.17919054382673,0.053102113858876,0.0550780849806609,0.0,0.0019759711217848,342.34400898125557,0.051125593407958046,True,False,False,False,False,False,False,False,True,h=1,100M<=p<500M,finite_zone,True,True,False,True,-0.051125593407958046,1.0,9.214010703050117e-09,1.0,18.50254060882601,0.0540466318189289,9.598963851921789e-05,0.053442500854640196,-0.00034038699576419834,,pass
hexc_00368,369,33877069,33877068,1,33877069,positive,negative,False,True,theta_local,16.33824891278976,-17.014898847789937,0.0566003223470189,0.0580315698450999,0.0,0.0014312474980809,300.61487536185524,0.05434943594565349,True,False,False,False,False,False,False,False,True,h=1,1M<=p<100M,finite_zone,True,True,False,True,-0.05434943594565349,1.0,2.951849228751165e-08,1.0,17.33824891278976,0.05767595130453679,0.00017180946506962778,0.05736299002744172,-0.0007626676804228169,,pass
hexc_00369,370,179411671,179411668,3,179411909,positive,negative,False,True,theta_local,35.01038711128105,-37.36368698128172,0.0597233888789916,0.0609062405598658,0.0099538981554082,-0.0087710464745341,625.6123050382492,0.05596179427631391,True,False,False,False,False,False,False,False,True,2<=h<=4,100M<=p<500M,finite_zone,True,False,False,True,-0.05596179427631391,1.0,1.6721320208873144e-08,1.0000013265580698,19.005194887771488,0.05261719260997581,0.00012931094388671496,0.05347353532838395,0.006249853550607649,,pass
hexc_00370,371,30801703,30801702,1,30801703,positive,negative,False,True,theta_local,16.243080538623037,-16.919730473623076,0.0569067426414861,0.0590182314704876,0.0,0.0021114888290014,297.3238264614405,0.054630941394565896,True,False,False,False,False,False,False,False,True,h=1,1M<=p<100M,finite_zone,True,True,False,True,-0.054630941394565896,1.0,3.246573736523594e-08,1.0,17.243080538623037,0.057994277632705184,0.0001801825112635406,0.057687489414739,-0.000780746773252905,,pass
hexc_00371,372,179380241,179380240,1,179380241,positive,negative,False,True,theta_local,18.005018362169785,-18.68166829716938,0.0517224477549528,0.0524959052411155,0.0,0.0007734574861626,361.1907229464107,0.04984906094844845,True,False,False,False,False,False,False,False,True,h=1,100M<=p<500M,finite_zone,True,True,False,True,-0.04984906094844845,1.0,5.574750008279898e-09,1.0,19.005018362169785,0.05261768133781645,7.466424852819385e-05,0.05177114560020479,-4.869784525199372e-05,,pass
hexc_00372,373,1198289,1198288,1,1198289,positive,negative,False,True,theta_local,12.996405263957271,-13.673055198957286,0.0697963238732166,0.0723746919761434,0.0,0.0025783681029267,195.89936031293087,0.06634225473323002,True,False,False,False,False,False,False,False,True,h=1,1M<=p<100M,finite_zone,True,True,False,True,-0.06634225473323002,1.0,8.345232243640724e-07,1.0,13.996405263957273,0.07144691662902486,0.0009135224268533708,0.06963142339364925,0.00016490047956735365,,pass
hexc_00373,374,30339893,30339892,1,30339893,positive,negative,False,True,theta_local,16.22797400518101,-16.904623940180954,0.0569556874751023,0.0584872273607094,0.0,0.001531539885607,296.80308832319264,0.05467589335697937,True,False,False,False,False,False,False,False,True,h=1,1M<=p<100M,finite_zone,True,True,False,True,-0.05467589335697937,1.0,3.295990529696331e-08,1.0,17.22797400518101,0.05804513053591023,0.00018154863066672605,0.05773906858812605,-0.0007833811130237497,,pass
hexc_00374,375,33866071,33866070,1,33866071,positive,negative,False,True,theta_local,16.337924215703186,-17.014574150703083,0.0566013621888936,0.0578606794756717,0.0,0.001259317286778,300.60361610946694,0.05435039147950108,True,False,False,False,False,False,False,False,True,h=1,1M<=p<100M,finite_zone,True,True,False,True,-0.05435039147950108,1.0,2.952807841216656e-08,1.0,17.337924215703186,0.05767703143461008,0.00017183736035032243,0.05736409589428404,-0.000762733705390442,,pass
hexc_00375,376,15937,15936,1,15937,positive,negative,False,True,theta_local,8.676398728859631,-9.353048663859632,0.0998908439790589,0.1034376505744083,1.5177236024125767e-16,0.0035468065953491,93.63269235987632,0.092664202109152,True,False,False,False,False,False,False,False,True,h=1,1K<=p<100K,finite_zone,True,True,False,True,-0.092664202109152,1.0,6.274706657463764e-05,1.0,9.676398728859633,0.10334423250020934,0.007921304600546405,0.09723681439130405,0.002654029587754847,,pass
hexc_00376,377,187427707,187426768,939,187427707,negative,negative,False,True,theta_local,-24.65274645334739,-721.3557811583332,0.0648749065102214,0.0744485929586305,0.0071608480192961,0.0024128384291128,11119.180280355069,-0.002217137039940156,False,True,False,False,False,False,False,False,True,257<=h<=1024,100M<=p<500M,finite_zone,False,False,True,False,0.002217137039940156,1.0,5.00993164260394e-06,1.0,19.048903766359675,0.05249645923278787,0.0022382876585917057,,,,pass
hexc_00377,378,108563563,108563562,1,108563563,positive,negative,False,True,theta_local,17.502846393512364,-18.17949632851196,0.0531012518834482,0.054274460944475,0.0,0.0011732090610267,342.35532466191347,0.05112479676136765,True,False,False,False,False,False,False,False,True,h=1,100M<=p<500M,finite_zone,True,True,False,True,-0.05112479676136765,1.0,9.211193630408022e-09,1.0,18.502846393512364,0.054045738624876064,9.597496356033704e-05,0.053441480744568226,-0.0003402288611200274,,pass
hexc_00378,379,604681513,604678930,2583,604681513,negative,negative,True,False,theta_local,-197.01518438104904,-1855.401426915501,0.0892902943009101,0.1005708971627918,0.0026467580587345,0.008633844803147,20779.430076271892,-0.009481260249097082,False,True,False,False,False,False,False,False,True,h>1024,p>=500M,post_P0_tail,False,False,True,False,0.009481260249097082,1.0,4.271670200706136e-06,1.0,20.220212452591547,0.049455464542947164,0.0020668019258521454,,,,pass
hexc_00379,380,3280747,3280746,1,3280747,positive,negative,False,True,theta_local,14.00358169833306,-14.680231633333053,0.0652143264684215,0.0681975726185681,5.050336217792108e-16,0.002983246150146,225.10746377855475,0.06220842909104436,True,False,False,False,False,False,False,False,True,h=1,1M<=p<100M,finite_zone,True,True,False,True,-0.06220842909104436,1.0,3.048086304734867e-07,1.0,15.00358169833306,0.06665075180755692,0.0005520947658450374,0.06566166269873697,-0.00044733623031546765,,pass
hexc_00380,381,22053061,22053060,1,22053061,positive,negative,False,True,theta_local,15.908961971084082,-16.58561190608407,0.0580092972325014,0.0603424434897043,0.0,0.0023331462572028,285.9129949395677,0.05564266840843207,True,False,False,False,False,False,False,False,True,h=1,1M<=p<100M,finite_zone,True,True,False,True,-0.05564266840843207,1.0,4.53451790660716e-08,1.0,16.908961971084082,0.05914023591218043,0.00021294407497291773,0.05883311719509843,-0.0008238199625970263,,pass
hexc_00381,382,604365031,604363228,1803,604365031,negative,negative,True,False,theta_local,-144.9856360139354,-1287.5809733347232,0.0741699091988454,0.0869939928500895,0.0064837278787602,0.0063403557724837,17359.88337106884,-0.008351763252946825,False,True,False,False,False,False,False,False,True,h>1024,p>=500M,post_P0_tail,False,False,True,False,0.008351763252946825,1.0,2.9832963648090353e-06,1.0,20.219688929309836,0.04945674503184027,0.0017272221527090935,,,,pass
hexc_00382,383,31019393,31019392,1,31019393,positive,negative,False,True,theta_local,16.250123147500577,-16.926773082500404,0.0568839534723354,0.0578361073290868,0.0,0.0009521538567513,297.56674860393525,0.0546100101027406,True,False,False,False,False,False,False,False,True,h=1,1M<=p<100M,finite_zone,True,True,False,True,-0.0546100101027406,1.0,3.223789711165528e-08,1.0,17.250123147500577,0.05797060064147386,0.00017954914957096088,0.05766345004010698,-0.0007794965677715773,,pass
hexc_00383,384,30977831,30977830,1,30977831,positive,negative,False,True,theta_local,16.248782377590423,-16.9254323125906,0.0568882906617377,0.0578287310274751,1.528457235071048e-15,0.0009404403657358,297.5204935094739,0.05461399376535054,True,False,False,False,False,False,False,False,True,h=1,1M<=p<100M,finite_zone,True,True,False,True,-0.05461399376535054,1.0,3.228114970347666e-08,1.0,17.248782377590423,0.05797510677038848,0.00017966955697467686,0.057668026325250255,-0.0007797356635125541,,pass
hexc_00384,385,7048859,7048858,1,7048859,positive,negative,False,True,theta_local,14.76837631771867,-15.445026252718662,0.0621176044423331,0.0650198321388196,0.0,0.0029022276964864,248.64169169719102,0.059396218779368584,True,False,False,False,False,False,False,False,True,h=1,1M<=p<100M,finite_zone,True,True,False,True,-0.059396218779368584,1.0,1.418669319389138e-07,1.0,15.76837631771867,0.06341807043736748,0.0003766522692602738,0.06284379602319135,-0.0007261915808582445,,pass
hexc_00385,386,4995779,4995778,1,4995779,positive,negative,False,True,theta_local,14.42410391386088,-15.100753848860904,0.0634744203320034,0.0665766157119201,0.0,0.0031021953799166,237.90298154557854,0.060630193956175554,True,False,False,False,False,False,False,False,True,h=1,1M<=p<100M,finite_zone,True,True,False,True,-0.060630193956175554,1.0,2.001689826551575e-07,1.0,15.42410391386088,0.06483358810240829,0.00044740248396176515,0.06409602736653386,-0.0006216070345304581,,pass
hexc_00386,387,12802553,12802552,1,12802553,positive,negative,False,True,theta_local,15.365155162126715,-16.0418050971266,0.0598980909394628,0.061787082836556,8.489848247425777e-16,0.0018889918970923,267.81830348048265,0.05737156483498693,True,False,False,False,False,False,False,False,True,h=1,1M<=p<100M,finite_zone,True,True,False,True,-0.05737156483498693,1.0,7.810942083192313e-08,1.0,16.365155162126715,0.06110543958142626,0.0002794806269348971,0.060723001902220686,-0.0008249109627578854,,pass
hexc_00387,388,30333337,30333336,1,30333337,positive,negative,False,True,theta_local,16.22775789669213,-16.904407831692424,0.0569563882724318,0.0585540342059468,1.5321901211109224e-15,0.0015976459335134,296.795642147038,0.0546765369575494,True,False,False,False,False,False,False,False,True,h=1,1M<=p<100M,finite_zone,True,True,False,True,-0.0546765369575494,1.0,3.2967028982007484e-08,1.0,17.22775789669213,0.05804585866579935,0.00018156824882673592,0.057739806602280286,-0.0007834183298484829,,pass
hexc_00388,389,12783647,12783646,1,12783647,positive,negative,False,True,theta_local,15.363677333966155,-16.040327268966166,0.0599033913782841,0.0620305679197299,0.0,0.0021271765414457,267.7699358901577,0.05737640890450268,True,False,False,False,False,False,False,False,True,h=1,1M<=p<100M,finite_zone,True,True,False,True,-0.05737640890450268,1.0,7.822493847021903e-08,1.0,16.363677333966155,0.061110958105015656,0.00027968721542147583,0.06072818747049036,-0.0008247960922062592,,pass
hexc_00389,390,179409773,179409772,1,179409773,positive,negative,False,True,theta_local,18.00518298213642,-18.68183291713558,0.0517220074973868,0.0528986214654153,0.0,0.0011766139680284,361.19698018448787,0.04984865314471885,True,False,False,False,False,False,False,False,True,h=1,100M<=p<500M,finite_zone,True,True,False,True,-0.04984865314471885,1.0,5.5738323686525145e-09,1.0,19.00518298213642,0.05261722557156813,7.465810316805883e-05,0.0517705995086597,-4.859201127289936e-05,,pass
hexc_00390,391,12807943,12807942,1,12807943,positive,negative,False,True,theta_local,15.36557608330525,-16.0422260183052,0.0598965814179306,0.0627475897600344,0.0,0.0028510083421037,267.8320805384528,0.057370185275841916,True,False,False,False,False,False,False,False,True,h=1,1M<=p<100M,finite_zone,True,True,False,True,-0.057370185275841916,1.0,7.80765498409854e-08,1.0,16.36557608330525,0.06110386795489062,0.00027942181346663934,0.06072152498112948,-0.000824943563198885,,pass
hexc_00391,392,3439379,3439378,1,3439379,positive,negative,False,True,theta_local,14.050801489797482,-14.72745142479755,0.0650142180560311,0.0675932165846349,0.0,0.0025789985286037,226.5266254852901,0.06202715225945877,True,False,False,False,False,False,False,False,True,h=1,1M<=p<100M,finite_zone,True,True,False,True,-0.06202715225945877,1.0,2.907501615844023e-07,1.0,15.050801489797482,0.06644164436544274,0.0005392125384154214,0.06548362974823085,-0.00046941169219975876,,pass
hexc_00392,393,30801247,30801246,1,30801247,positive,negative,False,True,theta_local,16.243065734137215,-16.919715669137076,0.0569067905665278,0.0584941961271208,1.5294708707654757e-15,0.0015874055605914,297.32331591177694,0.05463098541170894,True,False,False,False,False,False,False,False,True,h=1,1M<=p<100M,finite_zone,True,True,False,True,-0.05463098541170894,1.0,3.2466218007342364e-08,1.0,17.243065734137215,0.057994327425211586,0.0001801838450231939,0.05768753995308806,-0.0007807493865602602,,pass
hexc_00393,394,3277457,3277456,1,3277457,positive,negative,False,True,theta_local,14.002578374778016,-14.679228309778068,0.0652185917202014,0.0667620359967211,0.0,0.0015434442765196,225.077357891357,0.062212292280136625,True,False,False,False,False,False,False,False,True,h=1,1M<=p<100M,finite_zone,True,True,False,True,-0.062212292280136625,1.0,3.051146056225909e-07,1.0,15.002578374778016,0.06665520919265296,0.0005523718001695877,0.06566545210387398,-0.0004468603836725732,,pass
hexc_00394,395,33870359,33870358,1,33870359,positive,negative,False,True,theta_local,16.33805082408824,-17.014700759088555,0.0566009567212113,0.0592817646450739,0.0,0.0026808079238625,300.60800637866686,0.05435001888641545,True,False,False,False,False,False,False,False,True,h=1,1M<=p<100M,finite_zone,True,True,False,True,-0.05435001888641545,1.0,2.9524340146498004e-08,1.0,17.33805082408824,0.05767661025717332,0.00017182648266928473,0.05736366468516696,-0.0007627079639556597,,pass
hexc_00395,396,1196399,1196398,1,1196399,positive,negative,False,True,theta_local,12.994826769896724,-13.67147670489669,0.0698040100946836,0.073189163234131,0.0,0.0033851531394474,195.85517631941798,0.06634916173317579,True,False,False,False,False,False,False,False,True,h=1,1M<=p<100M,finite_zone,True,True,False,True,-0.06634916173317579,1.0,8.358415545315568e-07,1.0,13.994826769896724,0.07145497521634414,0.0009142437063122484,0.06963795372636472,0.00016605636831887316,,pass
hexc_00396,397,7049759,7049758,1,7049759,positive,negative,False,True,theta_local,14.76850398980699,-15.445153924807071,0.0621171120270466,0.0639775221679599,0.0,0.0018604101409132,248.64571807655895,0.0593957704321283,True,False,False,False,False,False,False,False,True,h=1,1M<=p<100M,finite_zone,True,True,False,True,-0.0593957704321283,1.0,1.418488206476278e-07,1.0,15.76850398980699,0.06341755696332485,0.0003766282260368012,0.06284333595039948,-0.0007262239233528783,,pass
hexc_00397,398,39691853,39691852,1,39691853,positive,negative,False,True,theta_local,16.49665651049233,-17.173306445492017,0.0560975362341721,0.0570431336777607,0.0,0.0009455974435885,306.1329890461536,0.05388722254956077,True,False,False,False,False,False,False,False,True,h=1,1M<=p<100M,finite_zone,True,True,False,True,-0.05388722254956077,1.0,2.5194087058621326e-08,1.0,17.49665651049233,0.057153776745878494,0.00015872645355649234,0.05682446662848717,-0.0007269303943150673,,pass
hexc_00398,399,3266671,3266670,1,3266671,positive,negative,False,True,theta_local,13.999281981502422,-14.67593191650235,0.0652326090198635,0.0678918946863361,5.053232106820984e-16,0.002659285666472,224.97845996062324,0.06222498804531172,True,False,False,False,False,False,False,False,True,h=1,1M<=p<100M,finite_zone,True,True,False,True,-0.06222498804531172,1.0,3.0612204289933087e-07,1.0,14.999281981502422,0.06666985801275227,0.0005532829681992125,0.06567790403703722,-0.0004452950171737191,,pass
hexc_00399,400,31019929,31019925,4,31019993,positive,negative,False,True,theta_local,30.5002807892536,-33.70986951925352,0.0566424072579121,0.058517488803213,0.0144020784216403,-0.0125269968763395,595.1348318541795,0.05124936259272219,True,False,False,False,False,False,False,False,True,2<=h<=4,1M<=p<100M,finite_zone,True,False,False,True,-0.05124936259272219,1.0,1.289493602644932e-07,1.0000020631897641,17.25014249005178,0.05797053563915218,0.00035909519666029116,0.05718718790121269,-0.0005447806433005881,,pass
hexc_00400,401,617429,617428,1,617429,positive,negative,False,True,theta_local,12.333319361116503,-13.00996929611648,0.0731812306661782,0.0738358982563811,3.197449012234574e-16,0.0006546675902025,177.77740518552426,0.06937506680472552,True,False,False,False,False,False,False,False,True,h=1,100K<=p<1M,finite_zone,True,True,False,True,-0.06937506680472552,1.0,1.6196194218282588e-06,1.0,13.333319361116505,0.07500007859380202,0.001272642692128572,0.07248671913222893,0.0006945115339492686,,pass
hexc_00401,402,1518623,1518622,1,1518623,positive,negative,False,True,theta_local,13.233314561175357,-13.909964496175348,0.0686616011102512,0.0714560474941763,0.0,0.002794446383925,202.5872433973664,0.06532155894544044,True,False,False,False,False,False,False,False,True,h=1,1M<=p<100M,finite_zone,True,True,False,True,-0.06532155894544044,1.0,6.584912779537779e-07,1.0,14.233314561175355,0.07025770390318854,0.0008114747549700963,0.06866370243379549,-2.1013235442929323e-06,,pass
hexc_00402,403,30418939,30418938,1,30418939,positive,negative,False,True,theta_local,16.230575965817664,-16.907225900817593,0.0569472511815487,0.0579128565004976,0.0,0.0009656053189489,296.89274811381335,0.054668145547279244,True,False,False,False,False,False,False,False,True,h=1,1M<=p<100M,finite_zone,True,True,False,True,-0.054668145547279244,1.0,3.2874256396648154e-08,1.0,17.230575965817664,0.0580363652372282,0.0001813125930448521,0.05773018316256007,-0.00078293198101137,,pass
hexc_00403,404,180628367,180627380,987,180628367,negative,negative,False,True,theta_local,-74.42642537397955,-709.5216761226675,0.0624818185687814,0.0719233861912456,0.002885187462367,0.0065563801600971,11355.650209534304,-0.006554131555715804,False,True,False,False,False,False,False,False,True,257<=h<=1024,100M<=p<500M,finite_zone,False,False,True,False,0.006554131555715804,1.0,5.464258003284722e-06,1.0,19.011952257487682,0.052598491015364256,0.0023375752401334,,,,pass
hexc_00404,405,33844781,33844780,1,33844781,positive,negative,False,True,theta_local,16.337295365228773,-17.013945300228897,0.0566033761901026,0.059041266201577,0.0,0.0024378900114743,300.5818105811831,0.05435224218538097,True,False,False,False,False,False,False,False,True,h=1,1M<=p<100M,finite_zone,True,True,False,True,-0.05435224218538097,1.0,2.9546652997991035e-08,1.0,17.337295365228773,0.05767912346960264,0.00017189139884820018,0.05736623768361793,-0.0007628614935153294,,pass
hexc_00405,406,1189151,1189150,1,1189151,positive,negative,False,True,theta_local,12.988750165086293,-13.665400100086345,0.0698336149384409,0.0720468489481977,0.0,0.0022132340097567,195.68513118120177,0.06637576440623323,True,False,False,False,False,False,False,False,True,h=1,1M<=p<100M,finite_zone,True,True,False,True,-0.06637576440623323,1.0,8.409360964250965e-07,1.0,13.988750165086293,0.07148601470457609,0.0009170256792615442,0.06966310365772399,0.00017051128071690624,,pass
hexc_00406,407,3439063,3439062,1,3439063,positive,negative,False,True,theta_local,14.050709608525468,-14.727359543525496,0.0650146062393565,0.0681046044048134,5.018757753027013e-16,0.0030899981654563,226.52385972016083,0.06202750397191357,True,False,False,False,False,False,False,False,True,h=1,1M<=p<100M,finite_zone,True,True,False,True,-0.06202750397191357,1.0,2.907768773064058e-07,1.0,15.050709608525468,0.06644204997706889,0.0005392373107514036,0.06548397558526853,-0.0004693693459120324,,pass
hexc_00407,408,910277,910276,1,910277,positive,negative,False,True,theta_local,12.721504227778484,-13.398154162778496,0.0711609148989283,0.0749287563478817,0.0,0.0037678414489533,188.27967827294285,0.06756705951736618,True,False,False,False,False,False,False,False,True,h=1,100K<=p<1M,finite_zone,True,True,False,True,-0.06756705951736618,1.0,1.0985667000264754e-06,1.0,13.721504227778485,0.07287830717389943,0.0010481253264884288,0.07078665608258139,0.00037425881634690905,,pass
hexc_00408,409,40841363,40841362,1,40841363,positive,negative,False,True,theta_local,16.52520592484683,-17.201855859846546,0.0560078684785423,0.0586737489929136,0.0,0.0026658805143712,307.13284270828643,0.05380475034557736,True,False,False,False,False,False,False,False,True,h=1,1M<=p<100M,finite_zone,True,True,False,True,-0.05380475034557736,1.0,2.448498107176296e-08,1.0,17.52520592484683,0.057060670458783214,0.0001564767748637572,0.05672761264706616,-0.0007197441685238629,,pass
hexc_00409,410,1517917,1517916,1,1517917,positive,negative,False,True,theta_local,13.232849558236008,-13.909499493236012,0.068663792212565,0.0705537248388434,0.0,0.0018899326262783,202.57400654737893,0.06532353179844448,True,False,False,False,False,False,False,False,True,h=1,1M<=p<100M,finite_zone,True,True,False,True,-0.06532353179844448,1.0,6.587975495366347e-07,1.0,14.232849558236008,0.07025999930009363,0.0008116634459778479,0.06866557870169498,-1.786489129990132e-06,,pass
hexc_00410,411,179435749,179435746,3,179436077,positive,negative,False,True,theta_local,35.010655503905085,-37.36395537390581,0.0597229713209217,0.0608113493141144,0.0099538285623943,-0.0088654505692016,625.621173017839,0.05596143003764162,True,False,False,False,False,False,False,False,True,2<=h<=4,100M<=p<500M,finite_zone,True,False,False,True,-0.05596143003764162,1.0,1.671907641993904e-08,1.0000018279523553,19.00532958547625,0.05261681969273469,0.00012930226765195976,0.05347382055061978,0.006249150770301921,,pass
hexc_00411,412,1511563,1511562,1,1511563,positive,negative,False,True,theta_local,13.228654772782928,-13.905304707782877,0.0686835644370623,0.0706974408897726,0.0,0.0020138764527102,202.4546166430384,0.06534133423149976,True,False,False,False,False,False,False,False,True,h=1,1M<=p<100M,finite_zone,True,True,False,True,-0.06534133423149976,1.0,6.615668682019869e-07,1.0,14.228654772782928,0.07028071282696627,0.0008133676095112141,0.06868250844912493,1.055987937370606e-06,,pass
hexc_00412,413,108593347,108593346,1,108593347,positive,negative,False,True,theta_local,17.503120702077418,-18.179770637077127,0.0531004786597596,0.0546182774138054,0.0,0.0015177987540457,342.3654757156459,0.05112408213909617,True,False,False,False,False,False,False,False,True,h=1,100M<=p<500M,finite_zone,True,True,False,True,-0.05112408213909617,1.0,9.208667267618154e-09,1.0,18.503120702077418,0.054044937397383246,9.596180108573491e-05,0.053440565643515736,-0.00034008698375613544,,pass
hexc_00413,414,179407799,179407294,505,179407799,negative,negative,False,True,theta_local,-48.87590784572831,-352.2875416484185,0.0434018246580878,0.0551196856546969,0.0052021848081,0.0065156761885089,8116.883205341699,-0.006021511780970706,False,True,False,False,False,False,False,False,True,257<=h<=1024,100M<=p<500M,finite_zone,False,False,True,False,0.006021511780970706,1.0,2.814816316875946e-06,1.0,19.005171979330793,0.05261725603365005,0.0016777414332595907,,,,pass
hexc_00414,415,17640599,17640598,1,17640599,positive,negative,False,True,theta_local,15.685713564882494,-16.362363499882576,0.0587701052588732,0.0611881261978987,0.0,0.0024180209390254,278.41303716930366,0.056339723614824734,True,False,False,False,False,False,False,False,True,h=1,1M<=p<100M,finite_zone,True,True,False,True,-0.056339723614824734,1.0,5.668741747374905e-08,1.0,16.685713564882494,0.05993150943838837,0.00023809119570817615,0.05960480119874623,-0.00083469593987303,,pass
hexc_00415,416,30371023,30371022,1,30371023,positive,negative,False,True,theta_local,16.228999521011747,-16.905649456011815,0.0569523621639329,0.0596340487654195,0.0,0.0026816866014865,296.83842449502305,0.05467283943653949,True,False,False,False,False,False,False,False,True,h=1,1M<=p<100M,finite_zone,True,True,False,True,-0.05467283943653949,1.0,3.292612171806001e-08,1.0,17.228999521011747,0.05804167553550878,0.00018145556403169347,0.05773556648873801,-0.000783204324805109,,pass
hexc_00416,417,4991237,4991236,1,4991237,positive,negative,False,True,theta_local,14.4231943327982,-15.09984426779829,0.0634780835669539,0.0657125416893429,0.0,0.0022344581223889,237.87492342725852,0.06063352170540487,True,False,False,False,False,False,False,False,True,h=1,1M<=p<100M,finite_zone,True,True,False,True,-0.06063352170540487,1.0,2.0035113539990186e-07,1.0,15.4231943327982,0.06483741165560299,0.0004476060046513026,0.06409936848881315,-0.0006212849218592414,,pass
hexc_00417,418,30400031,30400030,1,30400031,positive,negative,False,True,theta_local,16.22995418611277,-16.90660412111265,0.0569492669403372,0.0580098213946896,0.0,0.0010605544543523,296.871321255545,0.05466999681030869,True,False,False,False,False,False,False,False,True,h=1,1M<=p<100M,finite_zone,True,True,False,True,-0.05466999681030869,1.0,3.28947032981644e-08,1.0,17.22995418611277,0.058038459603449985,0.0001813689700532161,0.057732306423002644,-0.0007830394826654416,,pass
hexc_00418,419,109592159,109592158,1,109592159,positive,negative,False,True,theta_local,17.512276387948138,-18.188926322947736,0.053074683430619,0.0538415692856274,0.0,0.0007668858550083,342.70437706378215,0.05110024137418255,True,False,False,False,False,False,False,False,True,h=1,100M<=p<500M,finite_zone,True,True,False,True,-0.05110024137418255,1.0,9.124740393151666e-09,1.0,18.512276387948138,0.05401820819026989,9.552350701870019e-05,0.05341002386427207,-0.00033534043365306826,,pass
hexc_00419,420,1512517,1512516,1,1512517,positive,negative,False,True,theta_local,13.229285708493393,-13.905935643493422,0.0686805897789442,0.0708371017721546,0.0,0.0021565119932103,202.47257177393428,0.06533865596009826,True,False,False,False,False,False,False,False,True,h=1,1M<=p<100M,finite_zone,True,True,False,True,-0.06533865596009826,1.0,6.611495936905172e-07,1.0,14.229285708493391,0.07027759653480743,0.0008131110586448306,0.0686799615980127,6.281809314945264e-07,,pass
hexc_00420,421,179641801,179641800,1,179641801,positive,negative,False,True,theta_local,18.006475431740324,-18.68312536674057,0.0517185512467677,0.0535518097468465,0.0,0.0018332585000787,361.2461083373485,0.049845451663454415,True,False,False,False,False,False,False,False,True,h=1,100M<=p<500M,finite_zone,True,True,False,True,-0.049845451663454415,1.0,5.566633124547666e-09,1.0,19.006475431740324,0.052613647574553765,7.460987283562187e-05,0.051766312113811,-4.776086704329913e-05,,pass
hexc_00421,422,187430753,187430752,1,187430753,positive,negative,False,True,theta_local,18.04892001782697,-18.725569952826845,0.0516053025608131,0.0533821363327469,2.5064523739830458e-15,0.0017768337719312,362.8613538455689,0.04974054091610003,True,False,False,False,False,False,False,False,True,h=1,100M<=p<500M,finite_zone,True,True,False,True,-0.04974054091610003,1.0,5.335303753488095e-09,1.0,19.048920017826966,0.052496414445761135,7.304316363280067e-05,0.051625541990267365,-2.0239429454262103e-05,,pass
hexc_00422,423,1197103,1197102,1,1197103,positive,negative,False,True,theta_local,12.995415029292625,-13.672064964292645,0.0698011454629597,0.0725973533181587,0.0,0.002796207855199,195.87164184214984,0.06634658752575037,True,False,False,False,False,False,False,False,True,h=1,1M<=p<100M,finite_zone,True,True,False,True,-0.06634658752575037,1.0,8.353500074763826e-07,1.0,13.995415029292623,0.07145197179983476,0.000913974839629835,0.06963551992607675,0.00016562553688294346,,pass
hexc_00423,424,178906843,178906839,4,178907011,positive,negative,False,True,theta_local,34.004751585154295,-37.214340315154,0.051530514780634,0.0537613436683464,0.0130816248069056,-0.0108507959191932,722.1806433251417,0.047086212984864796,True,False,False,False,False,False,False,False,True,2<=h<=4,100M<=p<500M,finite_zone,True,False,False,True,-0.047086212984864796,1.0,2.235800449511034e-08,1.0000009390361888,19.002376737202397,0.0526249960112739,0.00014952593251710668,0.05122750210027749,0.0003030126803565125,,pass
hexc_00424,425,108843373,108842535,838,108843373,negative,negative,False,True,theta_local,-42.267090202042255,-623.5230392004587,0.0628973838335527,0.0705332046108587,0.0033935898639005,0.0042422309134053,9913.338221673994,-0.004263658644232651,False,True,False,False,False,False,False,False,True,257<=h<=1024,100M<=p<500M,finite_zone,False,False,True,False,0.004263658644232651,1.0,7.699136630027076e-06,1.0,18.505420461843816,0.05403822096676443,0.002774731812270706,,,,pass
hexc_00425,426,1198103,1198102,1,1198103,positive,negative,False,True,theta_local,12.996250030589469,-13.672899965589522,0.0697970796819855,0.0716439824546732,0.0,0.0018469027726876,195.89501491877564,0.06634293392293893,True,False,False,False,False,False,False,False,True,h=1,1M<=p<100M,finite_zone,True,True,False,True,-0.06634293392293893,1.0,8.346527802701437e-07,1.0,13.996250030589467,0.07144770905167118,0.0009135933341865754,0.06963206555381496,0.00016501412817053474,,pass
hexc_00426,427,108829177,108829176,1,108829177,positive,negative,False,True,theta_local,17.5052900273906,-18.18193996239097,0.0530943645370289,0.0544294247853158,0.0,0.0013350602482868,342.4457589978419,0.05111843136448631,True,False,False,False,False,False,False,False,True,h=1,100M<=p<500M,finite_zone,True,True,False,True,-0.05111843136448631,1.0,9.18871232482076e-09,1.0,18.505290027390597,0.054038601854920966,9.585777133243168e-05,0.05343332882697527,-0.0003389642899463696,,pass
hexc_00427,428,109588771,109588770,1,109588771,positive,negative,False,True,theta_local,17.51224547284982,-18.18889540784949,0.0530747704886614,0.0537769958239419,0.0,0.0007022253352804,342.70323244704866,0.051100321837657746,True,False,False,False,False,False,False,False,True,h=1,100M<=p<500M,finite_zone,True,True,False,True,-0.051100321837657746,1.0,9.125022489758554e-09,1.0,18.51224547284982,0.05401829839965155,9.552498358941787e-05,0.05341012698565728,-0.00033535649699587694,,pass
hexc_00428,429,108831199,108831195,4,108831299,positive,negative,False,True,theta_local,33.01061719521155,-36.2202059252113,0.0528844768057111,0.055060010476967,0.0134309492743368,-0.0112554156030809,684.8929612800813,0.048198213533270834,True,False,False,False,False,False,False,False,True,2<=h<=4,100M<=p<500M,finite_zone,True,False,False,True,-0.048198213533270834,1.0,3.6754166422442885e-08,1.0000009188541605,18.505309525648055,0.05403854491674492,0.00019171376169290218,0.052887679019585576,-3.2022138744744466e-06,,pass
hexc_00429,430,1190983,1190982,1,1190983,positive,negative,False,True,theta_local,12.990289574516003,-13.666939509516055,0.0698261126573121,0.072546546180588,0.0,0.0027204335232759,195.72820237881118,0.06636902304643189,True,False,False,False,False,False,False,False,True,h=1,1M<=p<100M,finite_zone,True,True,False,True,-0.06636902304643189,1.0,8.396425473747317e-07,1.0,13.990289574516003,0.07147814880269161,0.0009163201118466905,0.06965673073339262,0.00016938192391947882,,pass
hexc_00430,431,39691187,39691186,1,39691187,positive,negative,False,True,theta_local,16.496639731089576,-17.17328966608966,0.056097589019169,0.0580269088590896,1.4854597164314516e-15,0.001929319839919,306.13240187954233,0.05388727109514109,True,False,False,False,False,False,False,False,True,h=1,1M<=p<100M,finite_zone,True,True,False,True,-0.05388727109514109,1.0,2.519450980390181e-08,1.0,17.496639731089576,0.05715383155675953,0.00015872778522962451,0.05682452357036172,-0.000726934551192715,,pass
hexc_00431,432,604813747,604812190,1557,604813747,negative,negative,True,False,theta_local,-101.12905906513606,-1136.002312900042,0.0704132009754753,0.0809591793277333,0.0057665882988697,0.0047793900533881,16133.371259399311,-0.006268315371854981,False,True,False,False,False,False,False,False,True,h>1024,p>=500M,post_P0_tail,False,False,True,False,0.006268315371854981,1.0,2.574346247457236e-06,1.0,20.22043111239932,0.049454929741176115,0.0016044769388985423,,,,pass
hexc_00432,433,40864661,40864660,1,40864661,positive,negative,False,True,theta_local,16.52577621329047,-17.20242614829067,0.0560060802405509,0.0575819322666712,0.0,0.0015758520261202,307.1528318783381,0.053803105484100694,True,False,False,False,False,False,False,False,True,h=1,1M<=p<100M,finite_zone,True,True,False,True,-0.053803105484100694,1.0,2.447102155087008e-08,1.0,17.52577621329047,0.05705881370558991,0.00015643216277629764,0.05672567855154864,-0.0007195983109977433,,pass
hexc_00433,434,30360431,30360430,1,30360431,positive,negative,False,True,theta_local,16.22865070670187,-16.905300641701615,0.0569534931766531,0.0588814400924941,0.0,0.0019279469158409,296.82640517353883,0.054673878145085605,True,False,False,False,False,False,False,False,True,h=1,1M<=p<100M,finite_zone,True,True,False,True,-0.054673878145085605,1.0,3.293760882380095e-08,1.0,17.22865070670187,0.058042850657538975,0.00018148721394026894,0.05773675766684838,-0.000783264490195279,,pass
hexc_00434,435,30360047,30360046,1,30360047,positive,negative,False,True,theta_local,16.228638058580096,-16.905287993579805,0.0569535341883904,0.0581421661772224,1.5320335746796019e-15,0.0011886319888304,296.8259693535545,0.05467391580973795,True,False,False,False,False,False,False,False,True,h=1,1M<=p<100M,finite_zone,True,True,False,True,-0.05467391580973795,1.0,3.2938025425322955e-08,1.0,17.228638058580096,0.05804289326874485,0.00018148836168008944,0.057736800859554904,-0.0007832666711645037,,pass
hexc_00435,436,109496869,109496868,1,109496869,positive,negative,False,True,theta_local,17.51140651320472,-18.188056448204406,0.0530771331385695,0.0551035992031224,0.0,0.0020264660645528,342.6721710971181,0.05110250551464169,True,False,False,False,False,False,False,False,True,h=1,100M<=p<500M,finite_zone,True,True,False,True,-0.05110250551464169,1.0,9.132681227624874e-09,1.0,18.51140651320472,0.054020746575181695,9.556506279820504e-05,0.05341292546167309,-0.000335792323103587,,pass
hexc_00436,437,187505317,187505316,1,187505317,positive,negative,False,True,theta_local,18.04931776030601,-18.72596769530628,0.0516042436674944,0.0530690201586509,0.0,0.0014647764911564,362.87650713311,0.049739559892989095,True,False,False,False,False,False,False,False,True,h=1,100M<=p<500M,finite_zone,True,True,False,True,-0.049739559892989095,1.0,5.333182098510838e-09,1.0,19.04931776030601,0.05249531834067825,7.302863889263471e-05,0.05162422312298376,-1.9979455489357867e-05,,pass
hexc_00437,438,12837337,12837336,1,12837337,positive,negative,False,True,theta_local,15.367868435962098,-16.044518370962123,0.0598883618413151,0.0612899637796794,0.0,0.0014016019383642,267.90711713696436,0.05736267330332048,True,False,False,False,False,False,False,False,True,h=1,1M<=p<100M,finite_zone,True,True,False,True,-0.05736267330332048,1.0,7.78977758393349e-08,1.0,16.367868435962098,0.06109531023617495,0.0002791017302693319,0.060713482033606825,-0.0008251201922917228,,pass
hexc_00438,439,12830437,12830436,1,12830437,positive,negative,False,True,theta_local,15.367330796806776,-16.04398073180664,0.0598902894252703,0.0626960586435312,8.487591363773255e-16,0.00280576921826,267.8895174120995,0.05736443495535109,True,False,False,False,False,False,False,False,True,h=1,1M<=p<100M,finite_zone,True,True,False,True,-0.05736443495535109,1.0,7.793966799416107e-08,1.0,16.367330796806776,0.06109731711386303,0.00027917676836399023,0.06071536833034008,-0.0008250789050697829,,pass
hexc_00439,440,39623959,39623958,1,39623959,positive,negative,False,True,theta_local,16.494944518523248,-17.171594453523085,0.056102922366103,0.0579331348020495,0.0,0.0018302124359464,306.07308370620666,0.05389217607372627,True,False,False,False,False,False,False,False,True,h=1,1M<=p<100M,finite_zone,True,True,False,True,-0.05389217607372627,1.0,2.5237256075295252e-08,1.0,17.494944518523248,0.05715936960767282,0.00015886238093172107,0.05683027648004946,-0.0007273541139464559,,pass
hexc_00440,441,17992691,17992690,1,17992691,positive,negative,False,True,theta_local,15.705476177842002,-16.38212611284189,0.058701952420658,0.0612759643063083,1.6294928491749139e-15,0.0025740118856486,279.0729343284466,0.05627731766835514,True,False,False,False,False,False,False,False,True,h=1,1M<=p<100M,finite_zone,True,True,False,True,-0.05627731766835514,1.0,5.557812336131377e-08,1.0,16.705476177842,0.05986061033844646,0.00023575012908016353,0.059536269118165785,-0.0008343166975077823,,pass
hexc_00441,442,39646073,39646072,1,39646073,positive,negative,False,True,theta_local,16.49550245952606,-17.172152394526165,0.0561011669032699,0.0571023960704463,0.0,0.0010012291671763,306.09260631128245,0.053890561612425475,True,False,False,False,False,False,False,False,True,h=1,1M<=p<100M,finite_zone,True,True,False,True,-0.053890561612425475,1.0,2.5223179102757542e-08,1.0,17.49550245952606,0.05715754676456941,0.00015881806919477878,0.0568283830159495,-0.0007272161126796045,,pass
hexc_00442,443,604711937,604711166,771,604711937,negative,negative,True,False,theta_local,-83.51108885949861,-529.020330384823,0.0465984620509916,0.0595213337383874,0.0062676337811714,0.0066552379062243,11352.742281621395,-0.0073560278906966954,False,True,False,False,False,False,False,False,True,257<=h<=1024,p>=500M,post_P0_tail,False,False,True,False,0.0073560278906966954,1.0,1.2749872341283053e-06,1.0,20.220262765415725,0.04945534148598588,0.001129153326226472,,,,pass
hexc_00443,444,178895309,178895308,1,178895413,positive,negative,False,True,theta_local,18.00231132678245,-18.678961261783115,0.0517296853259106,0.0530953390628619,0.0,0.0013656537369512,361.0878578537786,0.04985576483735554,True,False,False,False,False,False,False,False,True,h=1,100M<=p<500M,finite_zone,True,True,False,True,-0.04985576483735554,1.0,5.5898614982688e-09,1.0000005813455959,19.00231190812788,0.052625175548890395,7.476537633335901e-05,0.05178099059751862,-5.1305271608015346e-05,,pass
hexc_00444,445,179382103,179382099,4,179382319,positive,negative,False,True,theta_local,34.01005747345147,-37.21964620345079,0.0515234728710148,0.0531359360204135,0.0130798087714223,-0.0114673456220237,722.3823265296458,0.04708041188775641,True,False,False,False,False,False,False,False,True,2<=h<=4,100M<=p<500M,finite_zone,True,False,False,True,-0.04708041188775641,1.0,2.229876856778739e-08,1.0000012041335027,19.005029946433204,0.0526176492654081,0.00014932772203374493,0.05121908028671984,0.0003043925842949602,,pass
hexc_00445,446,3242093,3242092,1,3242093,positive,negative,False,True,theta_local,13.99172966686262,-14.668379601862624,0.065264746549958,0.0681785423845579,1.0116649352359689e-15,0.0029137958345988,224.75195840428884,0.06225409454138764,True,False,False,False,False,False,False,False,True,h=1,1M<=p<100M,finite_zone,True,True,False,True,-0.06225409454138764,1.0,3.0844272511615184e-07,1.0,14.991729666862621,0.06670344398020846,0.0005553762014312027,0.06570644371223211,-0.0004416971622741156,,pass
hexc_00446,447,1192097,1192096,1,1192097,positive,negative,False,True,theta_local,12.991224499135525,-13.667874434135456,0.0698215571070981,0.072182493775885,0.0,0.0023609366687868,195.75436298521012,0.06636492950155626,True,False,False,False,False,False,False,False,True,h=1,1M<=p<100M,finite_zone,True,True,False,True,-0.06636492950155626,1.0,8.388579117303374e-07,1.0,13.991224499135525,0.07147337247442402,0.0009158918668327269,0.06965286081465782,0.00016869629244027629,,pass
hexc_00447,448,179438731,179438730,1,179438731,positive,negative,False,True,theta_local,18.00534437614944,-18.681994311149538,0.0517215758745481,0.0535246964138259,0.0,0.0018031205392777,361.2031148560351,0.04984825333891664,True,False,False,False,False,False,False,False,True,h=1,100M<=p<500M,finite_zone,True,True,False,True,-0.04984825333891664,1.0,5.572932858068418e-09,1.0,19.005344376149438,0.05261677874434834,7.465207872570207e-05,0.05177006411937568,-4.848824482758113e-05,,pass
hexc_00448,449,178913599,178913595,4,178913689,positive,negative,False,True,theta_local,34.00482710906792,-37.21441583906744,0.0515304169178657,0.0532662829880072,0.013081599559448,-0.0113457334893066,722.183480455503,0.04708613258173677,True,False,False,False,False,False,False,False,True,2<=h<=4,100M<=p<500M,finite_zone,True,False,False,True,-0.04708613258173677,1.0,2.235716022905559e-08,1.0000005030361052,19.002414063159225,0.052624892641337705,0.00014952310934787167,0.051226727942659034,0.00030368897520666877,,pass
hexc_00449,450,1511597,1511596,1,1511597,positive,negative,False,True,theta_local,13.228677265803476,-13.905327200803526,0.0686834583853081,0.0712006740325232,0.0,0.0025172156472151,202.4552567343927,0.06534123874668558,True,False,False,False,False,False,False,False,True,h=1,1M<=p<100M,finite_zone,True,True,False,True,-0.06534123874668558,1.0,6.6155198773218e-07,1.0,14.228677265803476,0.07028060172559766,0.0008133584620154756,0.06868241765045102,1.04073485707179e-06,,pass
hexc_00450,451,1199767,1199766,1,1199767,positive,negative,False,True,theta_local,12.997637929238774,-13.67428786423875,0.0697903227852879,0.073442667720498,0.0,0.00365234493521,195.93386759806396,0.06633686196559928,True,False,False,False,False,False,False,False,True,h=1,1M<=p<100M,finite_zone,True,True,False,True,-0.06633686196559928,1.0,8.334951703122356e-07,1.0,13.997637929238774,0.07144062484365049,0.0009129595666360234,0.06962632456717444,0.00016399821811347026,,pass
hexc_00451,452,179433593,179433592,1,179433593,positive,negative,False,True,theta_local,18.00531574201046,-18.68196567701125,0.0517216524515145,0.053478344253127,0.0,0.0017566918016124,361.2020264535106,0.0498483242710375,True,False,False,False,False,False,False,False,True,h=1,100M<=p<500M,finite_zone,True,True,False,True,-0.0498483242710375,1.0,5.573092436487074e-09,1.0,19.00531574201046,0.052616858018809,7.465314753235174e-05,0.05177015910679783,-4.850665528333131e-05,,pass
hexc_00452,453,180641719,180641716,3,180641999,positive,negative,False,True,theta_local,35.02405233789855,-37.37735220789818,0.0597022952272879,0.0607003725406591,0.0099503825467233,-0.0089523052333521,626.0622320398534,0.0559434039389059,True,False,False,False,False,False,False,False,True,2<=h<=4,100M<=p<500M,finite_zone,True,False,False,True,-0.0559434039389059,1.0,1.6607459321177075e-08,1.0000015500295367,19.01202772451343,0.05259828222902472,0.00012886993179627695,0.05345041712186771,0.006251878105420189,,pass
hexc_00453,454,604143557,604142790,767,604143557,negative,negative,True,False,theta_local,-59.3237404284406,-549.8922565899411,0.0485676094473233,0.0613546266448391,0.0067334208268465,0.0060535963706692,11322.20141875332,-0.005239594159681775,False,True,False,False,False,False,False,False,True,257<=h<=1024,p>=500M,post_P0_tail,False,False,True,False,0.005239594159681775,1.0,1.2695658028841645e-06,1.0,20.21932240481067,0.04945764155588496,0.0011267501066714678,,,,pass
hexc_00454,455,230891,230890,1,230891,positive,negative,False,True,theta_local,11.349701016670412,-12.026350951670423,0.0788535020663953,0.0812431088851837,1.8635339450072852e-16,0.0023896068187881,152.51511520115022,0.07441689305156042,True,False,False,False,False,False,False,False,True,h=1,100K<=p<1M,finite_zone,True,True,False,True,-0.07441689305156042,1.0,4.331047983680611e-06,1.0,12.349701016670412,0.08097362022369095,0.0020811170038420737,0.07727130113162906,0.0015822009347662425,,pass
hexc_00455,456,30775091,30775090,1,30775091,positive,negative,False,True,theta_local,16.24221618697599,-16.918866121975952,0.0569095408535267,0.0592299076839352,0.0,0.0023203668304084,297.2940190384169,0.05463351142922637,True,False,False,False,False,False,False,False,True,h=1,1M<=p<100M,finite_zone,True,True,False,True,-0.05463351142922637,1.0,3.249381130993244e-08,1.0,17.24221618697599,0.05799718488365526,0.0001802603986180338,0.05769044009927726,-0.0007808992457505604,,pass
hexc_00456,457,12783817,12783816,1,12783817,positive,negative,False,True,theta_local,15.363690632117276,-16.040340567117255,0.0599033436784113,0.0622910070873101,0.0,0.0023876634088987,267.7703711036427,0.057376365311794096,True,False,False,False,False,False,False,False,True,h=1,1M<=p<100M,finite_zone,True,True,False,True,-0.057376365311794096,1.0,7.822389823008262e-08,1.0,16.363690632117276,0.06111090844245638,0.00027968535576622996,0.06072814080713629,-0.0008247971287249911,,pass
hexc_00457,458,109709671,109709668,3,109709861,positive,negative,False,True,theta_local,34.026696141718304,-36.3799960117185,0.0612818694412442,0.063077134089216,0.0102136449222288,-0.0084183802742571,593.6502320086511,0.057317750936585914,True,False,False,False,False,False,False,False,True,2<=h<=4,100M<=p<500M,finite_zone,True,False,False,True,-0.057317750936585914,1.0,2.734490015925761e-08,1.0000017318436767,18.513349811816298,0.0540150761566522,0.00016536293465966795,0.05517088928180369,0.006110980159440504,,pass
hexc_00458,459,40861831,40861830,1,40861831,positive,negative,False,True,theta_local,16.52570695790138,-17.202356892901662,0.0560062973967055,0.0574831963320775,1.480536390023432e-15,0.0014768989353704,307.1504043742329,0.05380330522946802,True,False,False,False,False,False,False,False,True,h=1,1M<=p<100M,finite_zone,True,True,False,True,-0.05380330522946802,1.0,2.447271635967561e-08,1.0,17.52570695790138,0.05705903918182056,0.00015643757975523532,0.05672591342535016,-0.0007196160286446623,,pass
hexc_00459,460,178299031,178299027,4,178299217,positive,negative,False,True,theta_local,33.99794528509872,-37.207534015098645,0.0515395484256806,0.0536908999369261,0.0130839545118638,-0.0109326030006184,721.9220026491189,0.04709365438418837,True,False,False,False,False,False,False,False,True,2<=h<=4,100M<=p<500M,finite_zone,True,False,False,True,-0.04709365438418837,1.0,2.24342217541272e-08,1.0000010431913116,18.998973691348684,0.05263442206119571,0.00014978057869472663,0.05123896697296848,0.00030058145271211895,,pass
hexc_00460,461,33487507,33487506,1,33487507,positive,negative,False,True,theta_local,16.3266830018682,-17.003332936868446,0.0566373857222335,0.0575407317020136,0.0,0.00090334597978,300.21394384722845,0.05438349329362414,True,False,False,False,False,False,False,False,True,h=1,1M<=p<100M,finite_zone,True,True,False,True,-0.05438349329362414,1.0,2.9861882522338856e-08,1.0,17.3266830018682,0.057714451167149405,0.0001728059099751477,0.05740238695207833,-0.0007650012298448319,,pass
hexc_00461,462,17594867,17594866,1,17594867,positive,negative,False,True,theta_local,15.68311776974364,-16.359767704743717,0.0587790688062869,0.0600786871028681,0.0,0.0012996182965811,278.326418519136,0.056347930797181464,True,False,False,False,False,False,False,False,True,h=1,1M<=p<100M,finite_zone,True,True,False,True,-0.056347930797181464,1.0,5.683475754605022e-08,1.0,16.68311776974364,0.05994083442925707,0.0002384004143160205,0.05961380611159828,-0.0008347373053113755,,pass
hexc_00462,463,604208350,604207847,503,604208581,negative,negative,True,False,theta_local,-17.733697378940747,-382.0148076699807,0.0416637529037263,0.0555703834394379,0.0060333598827342,0.0078732706529773,9168.996574857616,-0.0019340935765608715,False,True,False,False,False,False,False,False,True,257<=h<=1024,p>=500M,post_P0_tail,False,False,True,False,0.0019340935765608715,1.0,8.324942877734146e-07,1.0000003823184502,20.219430029066906,0.04945737830208008,0.0009124112492584769,,,,pass
hexc_00463,464,109593397,109593396,1,109593397,positive,negative,False,True,theta_local,17.51228768431294,-18.18893761931304,0.0530746516197172,0.054101887905503,2.6538721203443164e-15,0.0010272362857831,342.7047953067646,0.05110021197292324,True,False,False,False,False,False,False,False,True,h=1,100M<=p<500M,finite_zone,True,True,False,True,-0.05110021197292324,1.0,9.12463731733765e-09,1.0,18.51228768431294,0.05401817522787237,9.552296748603264e-05,0.053409986183768465,-0.00033533456405126366,,pass
hexc_00464,465,40864853,40864852,1,40864853,positive,negative,False,True,theta_local,16.52578091171557,-17.202430846715288,0.0560060655082994,0.0570730258776849,0.0,0.0010669603693854,307.1529965654539,0.05380309193302611,True,False,False,False,False,False,False,False,True,h=1,1M<=p<100M,finite_zone,True,True,False,True,-0.05380309193302611,1.0,2.44709065758783e-08,1.0,17.52578091171557,0.05705879840889278,0.00015643179528432926,0.05672566261724965,-0.000719597108950247,,pass
hexc_00465,466,33862469,33862468,1,33862469,positive,negative,False,True,theta_local,16.337817849908106,-17.014467784907993,0.0566017028334791,0.0578902569502811,0.0,0.0012885541168019,300.5999277965921,0.054350704505037234,True,False,False,False,False,False,False,False,True,h=1,1M<=p<100M,finite_zone,True,True,False,True,-0.054350704505037234,1.0,2.9531219356745666e-08,1.0,17.337817849908106,0.05767738527748463,0.00017184649940207007,0.05736445816118585,-0.0007627553277067475,,pass
hexc_00466,467,30400417,30400416,1,30400417,positive,negative,False,True,theta_local,16.229966883387636,-16.906616818387647,0.0569492257753875,0.0588312415358487,0.0,0.0018820157604611,296.87175880263464,0.05466995900468118,True,False,False,False,False,False,False,False,True,h=1,1M<=p<100M,finite_zone,True,True,False,True,-0.05466995900468118,1.0,3.289428562772675e-08,1.0,17.229966883387636,0.058038416833183545,0.00018136781861103902,0.057732263063872136,-0.0007830372884846323,,pass
hexc_00467,468,31039963,31039962,1,31039963,positive,negative,False,True,theta_local,16.250786061268272,-16.927435996268287,0.0568818092900305,0.0583303218485938,1.5281021942113905e-15,0.0014485125585617,297.5896197316477,0.05460804068341653,True,False,False,False,False,False,False,False,True,h=1,1M<=p<100M,finite_zone,True,True,False,True,-0.05460804068341653,1.0,3.2216533247800584e-08,1.0,17.250786061268272,0.057968372945347416,0.000179489646631221,0.05766118745428672,-0.0007793781642562239,,pass
hexc_00468,469,30802151,30802150,1,30802151,positive,negative,False,True,theta_local,16.243095083167603,-16.919745018167305,0.0569066955580024,0.0592880023223457,0.0,0.0023813067643432,297.32432804715876,0.054630898150356794,True,False,False,False,False,False,False,False,True,h=1,1M<=p<100M,finite_zone,True,True,False,True,-0.054630898150356794,1.0,3.2465265169305874e-08,1.0,17.243095083167603,0.05799422871455264,0.00018018120093202253,0.05768743976377455,-0.0007807442057721492,,pass
hexc_00469,470,33904141,33904140,1,33904141,positive,negative,False,True,theta_local,16.33904771828289,-17.01569765328304,0.0565977643363144,0.0581891914296216,1.512584668726146e-15,0.0015914270933056,300.64257577689114,0.05434708532569322,True,False,False,False,False,False,False,False,True,h=1,1M<=p<100M,finite_zone,True,True,False,True,-0.05434708532569322,1.0,2.9494922168946854e-08,1.0,17.33904771828289,0.05767329418821343,0.0001717408575993111,0.057360269458725854,-0.0007625051224114526,,pass
hexc_00470,471,187509061,187509060,1,187509061,positive,negative,False,True,theta_local,18.049337727540443,-18.72598766254032,0.0516041905106976,0.0522625737058333,0.0,0.0006583831951356,362.87726785789573,0.04973951064525938,True,False,False,False,False,False,False,False,True,h=1,100M<=p<500M,finite_zone,True,True,False,True,-0.04973951064525938,1.0,5.333075610676756e-09,1.0,19.049337727540443,0.052495263315860956,7.302790980629773e-05,0.05162415691411404,-1.9966403416435408e-05,,pass
hexc_00471,472,33388783,33388782,1,33388783,positive,negative,False,True,theta_local,16.323730563217257,-17.00038049821751,0.0566468546928166,0.0589474946578349,1.5152606208025618e-15,0.0023006399650167,300.1116406269477,0.054392193948612576,True,False,False,False,False,False,False,False,True,h=1,1M<=p<100M,finite_zone,True,True,False,True,-0.054392193948612576,1.0,2.9950178178102505e-08,1.0,17.323730563217257,0.05772428729197957,0.00017306119778304582,0.05741244557416869,-0.000765590881352092,,pass
hexc_00472,473,109490539,109490538,1,109490539,positive,negative,False,True,theta_local,17.511348701661493,-18.187998636661177,0.0530772959532355,0.0545556595614845,0.0,0.0014783636082489,342.67003075450464,0.0511026559956361,True,False,False,False,False,False,False,False,True,h=1,100M<=p<500M,finite_zone,True,True,False,True,-0.0511026559956361,1.0,9.133209217282235e-09,1.0,18.511348701661493,0.054020915283727794,9.556782522000923e-05,0.05341311830187068,-0.0003358223486351758,,pass
hexc_00473,474,39691573,39691572,1,39691573,positive,negative,False,True,theta_local,16.49664945612307,-17.173299391123237,0.0560975584259437,0.0584362579013333,0.0,0.0023386994753895,306.1327421904517,0.053887242959004204,True,False,False,False,False,False,False,False,True,h=1,1M<=p<100M,finite_zone,True,True,False,True,-0.053887242959004204,1.0,2.5194264787641447e-08,1.0,17.49664945612307,0.05715379978936729,0.00015872701341498695,0.05682449056789496,-0.0007269321419512559,,pass
hexc_00474,475,17585857,17585856,1,17585857,positive,negative,False,True,theta_local,15.682605557419812,-16.359255492419834,0.0587808378509593,0.0607320488763139,0.0,0.0019512110253545,278.3093281844544,0.05634955055126967,True,False,False,False,False,False,False,False,True,h=1,1M<=p<100M,finite_zone,True,True,False,True,-0.05634955055126967,1.0,5.68638764661853e-08,1.0,16.682605557419812,0.059942674815280074,0.00023846147795018237,0.0596155830868772,-0.0008347452359179011,,pass
hexc_00475,476,59141,59140,1,59141,positive,negative,False,True,theta_local,9.987679702292931,-10.664329637292925,0.0883327149329663,0.091902998374857,2.354172125591544e-16,0.0035702834418904,120.72910524018012,0.0827280189182493,True,False,False,False,False,False,False,False,True,h=1,1K<=p<100K,finite_zone,True,True,False,True,-0.0827280189182493,1.0,1.6908743511269677e-05,1.0,10.987679702292933,0.09101102572104626,0.004112024259567261,0.08568126785557606,0.0026514470773902343,,pass
hexc_00476,477,17998327,17998326,1,17998327,positive,negative,False,True,theta_local,15.705789367096394,-16.382439302096373,0.0587008736360581,0.060032945144278,1.6294317524071412e-15,0.0013320715082182,279.0833983777909,0.05627632979384789,True,False,False,False,False,False,False,False,True,h=1,1M<=p<100M,finite_zone,True,True,False,True,-0.05627632979384789,1.0,5.5560719615773177e-08,1.0,16.705789367096394,0.059859488110726035,0.00023571321476695612,0.05953518340859576,-0.0008343097725376572,,pass
hexc_00477,478,12895963,12895962,1,12895963,positive,negative,False,True,theta_local,15.372424874617732,-16.04907480961765,0.0598720307362329,0.0621454033244644,2.5446931700865627e-15,0.0022733725882289,268.05629627500144,0.05734774779864532,True,False,False,False,False,False,False,False,True,h=1,1M<=p<100M,finite_zone,True,True,False,True,-0.05734774779864532,1.0,7.754364679861442e-08,1.0,16.37242487461773,0.061078307438155115,0.00027846659907179965,0.06069749742248676,-0.0008254666862538562,,pass
hexc_00478,479,30795049,30795048,1,30795049,positive,negative,False,True,theta_local,16.24286448826941,-16.919514423269447,0.0569074420471223,0.0587764106373514,1.5295065726628117e-15,0.0018689685902275,297.3163757608224,0.05463158376898844,True,False,False,False,False,False,False,False,True,h=1,1M<=p<100M,finite_zone,True,True,False,True,-0.05463158376898844,1.0,3.2472752357042846e-08,1.0,17.24286448826941,0.0579950042917936,0.00018020197656253066,0.05768822695170339,-0.0007807849045810902,,pass
hexc_00479,480,12422209,12422208,1,12422209,positive,negative,False,True,theta_local,15.334996476947772,-16.011646411947822,0.0600064453181241,0.0626318690183186,0.0,0.0026254237001944,266.8321099018961,0.05747058134264973,True,False,False,False,False,False,False,False,True,h=1,1M<=p<100M,finite_zone,True,True,False,True,-0.05747058134264973,1.0,8.05009801396837e-08,1.0,16.334996476947772,0.0612182562396764,0.000283726946446198,0.06082888490863492,-0.0008224395905108151,,pass
hexc_00480,481,33877339,33877338,1,33877339,positive,negative,False,True,theta_local,16.33825688275092,-17.01490681775067,0.0566002968237105,0.0574697978033588,0.0,0.0008695009796482,300.6151517322596,0.05434941249169786,True,False,False,False,False,False,False,False,True,h=1,1M<=p<100M,finite_zone,True,True,False,True,-0.05434941249169786,1.0,2.9518257027212203e-08,1.0,17.33825688275092,0.057675924792350765,0.00017180878041361044,0.05736296288312359,-0.0007626660594130946,,pass
hexc_00481,482,178037333,178037332,1,178037333,positive,negative,False,True,theta_local,17.997503822219905,-18.67415375721976,0.0517425525262968,0.0526050690035047,0.0,0.0008625164772078,360.9051514752599,0.04986768337512532,True,False,False,False,False,False,False,False,True,h=1,100M<=p<500M,finite_zone,True,True,False,True,-0.04986768337512532,1.0,5.616799483285901e-09,1.0,18.997503822219905,0.05263849447580464,7.494530994856117e-05,0.05179607441300704,-5.3521886710240774e-05,,pass
hexc_00482,483,33453599,33453598,1,33453599,positive,negative,False,True,theta_local,16.325669932173774,-17.00231986717381,0.0566406344516098,0.0582047066805612,0.0,0.0015640722289513,300.17883859863036,0.05438647843528656,True,False,False,False,False,False,False,False,True,h=1,1M<=p<100M,finite_zone,True,True,False,True,-0.05438647843528656,1.0,2.989215001949417e-08,1.0,17.325669932173774,0.05771782585693842,0.00017289346436315679,0.0574058382851701,-0.0007652038335602962,,pass
hexc_00483,484,33486469,33486468,1,33486469,positive,negative,False,True,theta_local,16.326652004753736,-17.003301939753783,0.0566374851187895,0.0590543775726441,0.0,0.0024168924538545,300.2128696938367,0.054383584625815655,True,False,False,False,False,False,False,False,True,h=1,1M<=p<100M,finite_zone,True,True,False,True,-0.054383584625815655,1.0,2.986280816887561e-08,1.0,17.326652004753736,0.0577145544174166,0.00017280858823818802,0.057402492552032225,-0.0007650074332427245,,pass
hexc_00484,485,30788267,30788266,1,30788267,positive,negative,False,True,theta_local,16.242644233808694,-16.919294168808847,0.0569081550801295,0.0592444114270652,0.0,0.0023362563469356,297.30878017369616,0.05463223865880881,True,False,False,False,False,False,False,False,True,h=1,1M<=p<100M,finite_zone,True,True,False,True,-0.05463223865880881,1.0,3.247990541331865e-08,1.0,17.242644233808694,0.05799574510962997,0.00018022182279990026,0.05768897884442836,-0.0007808237642988602,,pass
hexc_00485,486,179621503,179621500,3,179621809,positive,negative,False,True,theta_local,35.01272485653976,-37.36602472653976,0.0597197771485649,0.0607185564329466,0.0099532962003244,-0.0089545169159427,625.6892860397697,0.055958645349593376,True,False,False,False,False,False,False,False,True,2<=h<=4,100M<=p<500M,finite_zone,True,False,False,True,-0.055958645349593376,1.0,1.6701786533876182e-08,1.0000017035822264,19.006364137417915,0.052613955660846014,0.0001292353919554399,0.05347008418690735,0.006249692961657546,,pass
hexc_00486,487,109567753,109567750,3,109567891,positive,negative,False,True,theta_local,34.02410731121271,-36.37740718121222,0.0612860813932336,0.062415968235633,0.0102143469142481,-0.0090844600718488,593.5671910201213,0.05732140830212991,True,False,False,False,False,False,False,False,True,2<=h<=4,100M<=p<500M,finite_zone,True,False,False,True,-0.05732140830212991,1.0,2.7380318733012624e-08,1.0000012594946617,18.512054924226998,0.05401885442179006,0.00016546999345202327,0.05517467663010067,0.006111404763132926,,pass
hexc_00487,488,108563857,108563856,1,108563857,positive,negative,False,True,theta_local,17.502849101599622,-18.179499036598827,0.0531012442497539,0.054996504598093,0.0,0.001895260348339,342.3554248765661,0.051124789706224624,True,False,False,False,False,False,False,False,True,h=1,100M<=p<500M,finite_zone,True,True,False,True,-0.051124789706224624,1.0,9.211168685725673e-09,1.0,18.502849101599626,0.05404573071471177,9.597483360613696e-05,0.05344147171029734,-0.00034022746054344216,,pass
hexc_00488,489,12883709,12883708,1,12883709,positive,negative,False,True,theta_local,15.371474203024786,-16.048124138024832,0.0598754373811424,0.0626855439789416,0.0,0.0028101065977991,268.02516758030606,0.05735086127096316,True,False,False,False,False,False,False,False,True,h=1,1M<=p<100M,finite_zone,True,True,False,True,-0.05735086127096316,1.0,7.761740039300794e-08,1.0,16.371474203024786,0.06108185418117328,0.00027859899567839067,0.0607008322774254,-0.0008253948962829993,,pass
hexc_00489,490,1196177,1196176,1,1196177,positive,negative,False,True,theta_local,12.994641195853822,-13.671291130853774,0.0698049138286094,0.0723425694553522,0.0,0.0025376556267427,195.84998220068888,0.06634997384139724,True,False,False,False,False,False,False,False,True,h=1,1M<=p<100M,finite_zone,True,True,False,True,-0.06634997384139724,1.0,8.359966794211893e-07,1.0,13.994641195853822,0.0714559227353588,0.0009143285401983192,0.06963872153294037,0.0001661922956690265,,pass
hexc_00490,491,30805079,30805078,1,30805079,positive,negative,False,True,theta_local,16.243190136946268,-16.919840071946055,0.0569063878525934,0.059199372758358,3.0588976035762426e-15,0.0022929849057614,297.32760609888106,0.05463061553572773,True,False,False,False,False,False,False,False,True,h=1,1M<=p<100M,finite_zone,True,True,False,True,-0.05463061553572773,1.0,3.2462179369837035e-08,1.0,17.243190136946268,0.05799390901903596,0.00018017263768352017,0.057687115277481604,-0.0007807274248882029,,pass
hexc_00491,492,40864429,40864428,1,40864429,positive,negative,False,True,theta_local,16.525770535997356,-17.202420470997367,0.0560060980421217,0.0574003500361583,0.0,0.0013942519940365,307.1526328804331,0.05380312185840982,True,False,False,False,False,False,False,False,True,h=1,1M<=p<100M,finite_zone,True,True,False,True,-0.05380312185840982,1.0,2.447116048042663e-08,1.0,17.525770535997356,0.057058832189205766,0.0001564326068325483,0.056725697805595665,-0.0007195997634739659,,pass
hexc_00492,493,30776687,30776686,1,30776687,positive,negative,False,True,theta_local,16.24226804575415,-16.91891798075403,0.0569093729605598,0.0575172282560766,0.0,0.0006078552955167,297.2958073616347,0.054633357227257616,True,False,False,False,False,False,False,False,True,h=1,1M<=p<100M,finite_zone,True,True,False,True,-0.054633357227257616,1.0,3.2492126264272696e-08,1.0,17.24226804575415,0.05799701044818443,0.0001802557246366192,0.05769026306433522,-0.0007808901037754251,,pass
hexc_00493,494,3440929,3440928,1,3440929,positive,negative,False,True,theta_local,14.05125205102998,-14.727901986029906,0.0650123145756811,0.067330432211459,5.018396010567469e-16,0.0023181176357773,226.54018830363418,0.06202542761285666,True,False,False,False,False,False,False,False,True,h=1,1M<=p<100M,finite_zone,True,True,False,True,-0.06202542761285666,1.0,2.906191903407481e-07,1.0,15.05125205102998,0.06643965542597956,0.0005390910779643344,0.06548193388836343,-0.0004696193126823289,,pass
hexc_00494,495,33475061,33475060,1,33475061,positive,negative,False,True,theta_local,16.326311271795266,-17.002961206795135,0.056638577749375,0.0589771353560745,0.0,0.0023385576066994,300.2010622871397,0.054384588606749475,True,False,False,False,False,False,False,False,True,h=1,1M<=p<100M,finite_zone,True,True,False,True,-0.054384588606749475,1.0,2.987298514556852e-08,1.0,17.326311271795266,0.0577156894109282,0.0001728380315369523,0.05740365335505904,-0.0007650756056840347,,pass
hexc_00495,496,7051189,7051188,1,7051189,positive,negative,False,True,theta_local,14.768706813050487,-15.445356748050472,0.0621163297791918,0.0641413382477075,9.14424861615543e-16,0.0020250084685147,248.6521145559449,0.05939505818973293,True,False,False,False,False,False,False,False,True,h=1,1M<=p<100M,finite_zone,True,True,False,True,-0.05939505818973293,1.0,1.4182005332717644e-07,1.0,15.768706813050489,0.06341674126202794,0.0003765900334942183,0.0628426050728299,-0.0007262752936381053,,pass
hexc_00496,497,109712789,109712788,1,109712789,positive,negative,False,True,theta_local,17.513376500036497,-18.190026435037,0.0530715856607732,0.0538341563467544,0.0,0.0007625706859811,342.7451094321036,0.051097378250136126,True,False,False,False,False,False,False,False,True,h=1,100M<=p<500M,finite_zone,True,True,False,True,-0.051097378250136126,1.0,9.114707675510829e-09,1.0,18.513376500036497,0.05401499829045386,9.54709781845291e-05,0.05340635432190166,-0.00033476866112846365,,pass
hexc_00497,498,12784687,12784686,1,12784687,positive,negative,False,True,theta_local,15.363758684593112,-16.04040861959311,0.0599030995784161,0.0623343985337305,8.491297350710445e-16,0.0024312989553135,267.7725982875965,0.057376142229803265,True,False,False,False,False,False,False,False,True,h=1,1M<=p<100M,finite_zone,True,True,False,True,-0.057376142229803265,1.0,7.821857508126715e-08,1.0,16.363758684593112,0.06111065429860714,0.0002796758392876781,0.06072790201064748,-0.0008248024322313821,,pass
hexc_00498,499,7047823,7047822,1,7047823,positive,negative,False,True,theta_local,14.768229332775425,-15.444879267775375,0.0621181713545507,0.0635363577559428,0.0,0.001418186401392,248.6370562909993,0.05939673495607596,True,False,False,False,False,False,False,False,True,h=1,1M<=p<100M,finite_zone,True,True,False,True,-0.05939673495607596,1.0,1.4188778577441572e-07,1.0,15.768229332775425,0.06341866159451565,0.0003766799513836856,0.062844325694555,-0.0007261543400043022,,pass
hexc_00499,500,30849131,30849130,1,30849131,positive,negative,False,True,theta_local,16.244619139361394,-16.921269074361135,0.0569017623271792,0.0582246638945879,0.0,0.0013229015674086,297.3768892616293,0.054626367165571954,True,False,False,False,False,False,False,False,True,h=1,1M<=p<100M,finite_zone,True,True,False,True,-0.054626367165571954,1.0,3.2415823965997617e-08,1.0,17.244619139361394,0.057989103262795064,0.00018004395009551868,0.057682237166330586,-0.0007804748391513835,,pass
hexc_00500,501,33921049,33921048,1,33921049,positive,negative,False,True,theta_local,16.339546294117334,-17.016196229117213,0.0565961678666402,0.0589798781115919,0.0,0.0023837102449516,300.65986568583816,0.05434561828478515,True,False,False,False,False,False,False,False,True,h=1,1M<=p<100M,finite_zone,True,True,False,True,-0.05434561828478515,1.0,2.9480220378797836e-08,1.0,17.339546294117334,0.05767163586853844,0.00017169805001454686,0.05735857143716627,-0.0007624035705260726,,pass
hexc_00501,502,3454387,3454386,1,3454387,positive,negative,False,True,theta_local,14.05515557541925,-14.731805510419235,0.064995828067846,0.0679790673252031,0.0,0.002983239257357,226.6577094000773,0.06201048979371031,True,False,False,False,False,False,False,False,True,h=1,1M<=p<100M,finite_zone,True,True,False,True,-0.06201048979371031,1.0,2.8948696252041246e-07,1.0,15.05515557541925,0.06642242884774391,0.0005380399265114184,0.06546724374740576,-0.0004714156795597585,,pass
hexc_00502,503,108585611,108585610,1,108585611,positive,negative,False,True,theta_local,17.50304946128987,-18.17969939628984,0.053100679471831,0.0539363070407058,0.0,0.0008356275688747,342.36283936693934,0.051124267732019724,True,False,False,False,False,False,False,False,True,h=1,100M<=p<500M,finite_zone,True,True,False,True,-0.051124267732019724,1.0,9.209323323695254e-09,1.0,18.50304946128987,0.054045145482213335,9.596521934375629e-05,0.05344080330446754,-0.0003401238326365408,,pass
hexc_00503,504,109595947,109595946,1,109595947,positive,negative,False,True,theta_local,17.51231095186741,-18.18896088686688,0.0530745860977019,0.0549182451089935,0.0,0.0018436590112915,342.70565677863004,0.051100151414131594,True,False,False,False,False,False,False,False,True,h=1,100M<=p<500M,finite_zone,True,True,False,True,-0.051100151414131594,1.0,9.124425011811796e-09,1.0,18.51231095186741,0.05401810733408873,9.552185619957245e-05,0.05340990857181227,-0.00033532247411036803,,pass
hexc_00504,505,30816259,30816258,1,30816259,positive,negative,False,True,theta_local,16.24355299826949,-16.920202933269593,0.056905213238747,0.0592946600278837,0.0,0.0023894467891366,297.3401200041287,0.054629536700408744,True,False,False,False,False,False,False,False,True,h=1,1M<=p<100M,finite_zone,True,True,False,True,-0.054629536700408744,1.0,3.245040223733841e-08,1.0,17.24355299826949,0.05799268863559366,0.00018013995180786083,0.05768587658023172,-0.0007806633414847233,,pass
hexc_00505,506,109494731,109494730,1,109494731,positive,negative,False,True,theta_local,17.511386987341627,-18.18803692234178,0.0530771881291531,0.0542490598802129,0.0,0.0011718717510597,342.67144819512095,0.0511025563395362,True,False,False,False,False,False,False,False,True,h=1,100M<=p<500M,finite_zone,True,True,False,True,-0.0511025563395362,1.0,9.132859552849168e-09,1.0,18.511386987341627,0.05402080355641722,9.556599579792578e-05,0.0534129905934817,-0.0003358024643285995,,pass
hexc_00506,507,33844543,33844542,1,33844543,positive,negative,False,True,theta_local,16.337288333100634,-17.013938268100446,0.0566033987125048,0.0580375180528237,1.5128916779921825e-15,0.0014341193403173,300.5815667450674,0.054352262881631724,True,False,False,False,False,False,False,False,True,h=1,1M<=p<100M,finite_zone,True,True,False,True,-0.054352262881631724,1.0,2.9546860774571547e-08,1.0,17.337288333100634,0.05767914686466762,0.00017189200323043403,0.057366261634384186,-0.0007628629218793884,,pass
hexc_00507,508,356287,356286,1,356287,positive,negative,False,True,theta_local,11.78349186482108,-12.460141799821088,0.0762472151122743,0.079146666755995,0.0,0.0028994516437206,163.41766425794674,0.07210659825746511,True,False,False,False,False,False,False,False,True,h=1,100K<=p<1M,finite_zone,True,True,False,True,-0.07210659825746511,1.0,2.8067260382781296e-06,1.0,12.78349186482108,0.07822588777577293,0.0016753286359034547,0.07506348246343753,0.0011837326488367689,,pass
hexc_00508,509,187493880,187493471,409,187493959,negative,negative,False,True,theta_local,-8.965630290394472,-316.3358721645318,0.0431053026544292,0.0527000394631234,0.0054600607682315,0.0041346760404626,7338.676512738205,-0.0012216958023469574,False,True,False,False,False,False,False,False,True,257<=h<=1024,100M<=p<500M,finite_zone,False,False,True,False,0.0012216958023469574,1.0,2.1814045343773355e-06,1.000000421347086,19.04925718418904,0.05249548527435516,0.001476957864794164,,,,pass
hexc_00509,510,109637959,109637958,1,109637959,positive,negative,False,True,theta_local,17.51269421375678,-18.1893441487573,0.0530735068459402,0.0539602066688582,0.0,0.0008866998229179,342.7198470520638,0.05109915391359393,True,False,False,False,False,False,False,False,True,h=1,100M<=p<500M,finite_zone,True,True,False,True,-0.05109915391359393,1.0,9.120928637498623e-09,1.0,18.51269421375678,0.054016989015942374,9.550355300981543e-05,0.053408630155211245,-0.00033512330927104594,,pass
hexc_00510,511,30824461,30824460,1,30824461,positive,negative,False,True,theta_local,16.24381912105483,-16.920469056055026,0.0569043518068205,0.0591672091169923,1.5293372277290878e-15,0.0022628573101702,297.3492978796562,0.054628745508688105,True,False,False,False,False,False,False,False,True,h=1,1M<=p<100M,finite_zone,True,True,False,True,-0.054628745508688105,1.0,3.244176759489809e-08,1.0,17.24381912105483,0.0579917936380458,0.00018011598372964595,0.057684968125790714,-0.0007806163189702162,,pass
hexc_00511,512,3440893,3440892,1,3440893,positive,negative,False,True,theta_local,14.051241588684398,-14.727891523684434,0.0650123587745575,0.0667862835392073,0.0,0.0017739247646498,226.53987336094283,0.062025467659270514,True,False,False,False,False,False,False,False,True,h=1,1M<=p<100M,finite_zone,True,True,False,True,-0.062025467659270514,1.0,2.906222309150561e-07,1.0,15.051241588684398,0.06643970160918852,0.0005390938980502896,0.06548197326679528,-0.0004696144922377854,,pass
hexc_00512,513,33413521,33413518,3,33413579,positive,negative,False,True,theta_local,31.64894233292109,-34.00224220292148,0.0654073972440767,0.0672557489636599,0.0109012329315828,-0.0090528812119997,519.8531608900043,0.06088054226454475,True,False,False,False,False,False,False,False,True,2<=h<=4,1M<=p<100M,finite_zone,True,False,False,True,-0.06088054226454475,1.0,8.978401288508325e-08,1.000001735824249,17.324472932211297,0.057721813755193994,0.00029963980524136516,0.059367546151469774,0.006039851092606921,,pass
hexc_00513,514,33925271,33925270,1,33925271,positive,negative,False,True,theta_local,16.339670751862588,-17.0163206868624,0.0565957693595299,0.0576781537726849,0.0,0.0010823844131549,300.66418178299887,0.05434525208478464,True,False,False,False,False,False,False,False,True,h=1,1M<=p<100M,finite_zone,True,True,False,True,-0.05434525208478464,1.0,2.9476551565350796e-08,1.0,17.339670751862588,0.057671221922860456,0.00017168736577089996,0.05735814756910229,-0.0007623782095723883,,pass
hexc_00514,515,17988973,17988972,1,17988973,positive,negative,False,True,theta_local,15.70526951702647,-16.381919452026523,0.0587026642883238,0.0612996030095636,0.0,0.0025969387212397,279.06602963649374,0.056277969545357645,True,False,False,False,False,False,False,False,True,h=1,1M<=p<100M,finite_zone,True,True,False,True,-0.056277969545357645,1.0,5.5589610368529654e-08,1.0,16.70526951702647,0.059861350873793,0.00023577449049574817,0.05953698553970743,-0.0008343212513836351,,pass
hexc_00515,516,108563101,108563100,1,108563101,positive,negative,False,True,theta_local,17.50284213793185,-18.17949207293168,0.0531012638792985,0.0539925958935485,0.0,0.0008913320142499,342.3551671812265,0.051124807848063475,True,False,False,False,False,False,False,False,True,h=1,100M<=p<500M,finite_zone,True,True,False,True,-0.051124807848063475,1.0,9.211232829467537e-09,1.0,18.50284213793185,0.0540457510551822,9.597516777514659e-05,0.053441494941329104,-0.0003402310620306062,,pass
hexc_00516,517,30819307,30819306,1,30819307,positive,negative,False,True,theta_local,16.243651902204352,-16.920301837204534,0.0569048930864643,0.0592365302710272,0.0,0.0023316371845629,297.3435309243958,0.05462924265312015,True,False,False,False,False,False,False,False,True,h=1,1M<=p<100M,finite_zone,True,True,False,True,-0.05462924265312015,1.0,3.2447192923578713e-08,1.0,17.243651902204352,0.05799235600854158,0.00018013104375309304,0.057685538954478366,-0.0007806458680140668,,pass
hexc_00517,518,179148961,179148960,1,179148961,positive,negative,False,True,theta_local,18.00372820208916,-18.680378137089065,0.0517258984023017,0.0522904782391367,0.0,0.0005645798368349,361.14168557887865,0.04985225721929816,True,False,False,False,False,False,False,False,True,h=1,100M<=p<500M,finite_zone,True,True,False,True,-0.04985225721929816,1.0,5.5819469698180386e-09,1.0,19.003728202089153,0.052621253543821266,7.471242848293742e-05,0.05177542546076008,-4.9527058458384565e-05,,pass
hexc_00518,519,179651309,179651308,1,179651309,positive,negative,False,True,theta_local,18.006528357887458,-18.683178292887533,0.0517184097222482,0.0530909043365744,0.0,0.0013724946143261,361.2481202191801,0.049845320570699035,True,False,False,False,False,False,False,False,True,h=1,100M<=p<500M,finite_zone,True,True,False,True,-0.049845320570699035,1.0,5.566338511900295e-09,1.0,19.006528357887458,0.05261350106501765,7.460789845519236e-05,0.05176613654502704,-4.772682277884299e-05,,pass
hexc_00519,520,179378389,179378386,3,179378513,positive,negative,False,True,theta_local,35.01001606420933,-37.36331593420982,0.0597239657899124,0.0607122453167207,0.0099539943072285,-0.0089657147804203,625.6000491601744,0.0559622974953533,True,False,False,False,False,False,False,False,True,2<=h<=4,100M<=p<500M,finite_zone,True,False,False,True,-0.0559622974953533,1.0,1.6724422695088425e-08,1.000000691276138,19.00500872895537,0.05261770800854381,0.00012932293955477666,0.05347322712178548,0.006250738668126921,,pass
hexc_00520,521,3452957,3452956,1,3452957,positive,negative,False,True,theta_local,14.054741523355116,-14.73139145835512,0.0649975764175927,0.0671528393559398,0.0,0.002155262938347,226.64524233503275,0.06201207392908359,True,False,False,False,False,False,False,False,True,h=1,1M<=p<100M,finite_zone,True,True,False,True,-0.06201207392908359,1.0,2.8960685001290197e-07,1.0,15.054741523355117,0.06642425567045795,0.0005381513263134283,0.06546880175759062,-0.0004712253399979244,,pass
hexc_00521,522,33913889,33913888,1,33913889,positive,negative,False,True,theta_local,16.339335193459245,-17.01598512845885,0.056596843812596,0.0584378328293779,0.0,0.0018409890167819,300.65254495113436,0.05434623943101798,True,False,False,False,False,False,False,False,True,h=1,1M<=p<100M,finite_zone,True,True,False,True,-0.05434623943101798,1.0,2.9486444329637337e-08,1.0,17.339335193459245,0.05767233800158732,0.00017171617375668879,0.05735929038947418,-0.0007624465768781841,,pass
hexc_00522,523,179152973,179152972,1,179152973,positive,negative,False,True,theta_local,18.00375059660964,-18.68040053160894,0.0517258385022471,0.0538687959944211,0.0,0.0021429574921739,361.1425367381412,0.049852201735138935,True,False,False,False,False,False,False,False,True,h=1,100M<=p<500M,finite_zone,True,True,False,True,-0.049852201735138935,1.0,5.581821966191987e-09,1.0,19.00375059660964,0.05262119153354943,7.471159191311604e-05,0.0517753511707415,-4.951266849440028e-05,,pass
hexc_00523,524,179663573,179663572,1,179663573,positive,negative,False,True,theta_local,18.00659662113298,-18.68324655613287,0.0517182271874704,0.0534388495763542,0.0,0.0017206223888837,361.2507151184637,0.049845151490504704,True,False,False,False,False,False,False,False,True,h=1,100M<=p<500M,finite_zone,True,True,False,True,-0.049845151490504704,1.0,5.565958548536714e-09,1.0,19.00659662113298,0.052613312100711594,7.46053520100047e-05,0.05176591009952536,-4.7682912054959614e-05,,pass
hexc_00524,525,40862021,40862020,1,40862021,positive,negative,False,True,theta_local,16.52571160770668,-17.202361542706512,0.0560062828167919,0.0578255929598368,0.0,0.0018193101430448,307.1505673565046,0.05380329181852221,True,False,False,False,False,False,False,False,True,h=1,1M<=p<100M,finite_zone,True,True,False,True,-0.05380329181852221,1.0,2.4472602566573985e-08,1.0,17.52571160770668,0.05705902404329559,0.00015643721605351454,0.05672589765591751,-0.0007196148391256096,,pass
hexc_00525,526,179146273,179146269,4,179146433,positive,negative,False,True,theta_local,34.0074263842422,-37.21701511424271,0.0515269655534317,0.0531778236195784,0.0130807094930725,-0.0114298514269259,722.2822984918428,0.04708328925580926,True,False,False,False,False,False,False,False,True,2<=h<=4,100M<=p<500M,finite_zone,True,False,False,True,-0.04708328925580926,1.0,2.232812289653383e-08,1.0000008931249158,19.00371409082765,0.05262129261788152,0.00014942597798419736,0.05122298931983216,0.00030397623359953996,,pass
hexc_00526,527,113356141,113356140,1,113356141,positive,negative,False,True,theta_local,17.546045110777136,-18.22269504577708,0.0529797596530064,0.0543127915521944,0.0,0.0013330318991879,343.9557892509805,0.05101250119669884,True,False,False,False,False,False,False,False,True,h=1,100M<=p<500M,finite_zone,True,True,False,True,-0.05101250119669884,1.0,8.821754085647641e-09,1.0,18.546045110777136,0.053919851592450746,9.392419329250393e-05,0.05329740799560678,-0.00031764834260038233,,pass
hexc_00527,528,12787051,12787050,1,12787051,positive,negative,False,True,theta_local,15.363943576211096,-16.040593511211227,0.0599024363937307,0.0623841782535297,0.0,0.0024817418597989,267.7786493654204,0.05737553614756233,True,False,False,False,False,False,False,False,True,h=1,1M<=p<100M,finite_zone,True,True,False,True,-0.05737553614756233,1.0,7.820411445922911e-08,1.0,16.363943576211096,0.0611099638264299,0.0002796499856235096,0.06072725322817263,-0.0008248168344419313,,pass
hexc_00528,529,30775463,30775462,1,30775463,positive,negative,False,True,theta_local,16.242228274600745,-16.918878209600734,0.056909501719713,0.0589936799309258,0.0,0.0020841782112127,297.2944358734414,0.054633475486621896,True,False,False,False,False,False,False,False,True,h=1,1M<=p<100M,finite_zone,True,True,False,True,-0.054633475486621896,1.0,3.249341853930841e-08,1.0,17.242228274600745,0.057997144224861255,0.00018025930916129799,0.05769039883465288,-0.0007808971149398797,,pass
hexc_00529,530,30372257,30372256,1,30372257,positive,negative,False,True,theta_local,16.229040151020538,-16.905690086020513,0.0569522304261081,0.0585621346261097,0.0,0.0016099042000015,296.8398245254778,0.054672718449971985,True,False,False,False,False,False,False,False,True,h=1,1M<=p<100M,finite_zone,True,True,False,True,-0.054672718449971985,1.0,3.292478395662199e-08,1.0,17.229040151020538,0.058041538659991246,0.0001814518777985557,0.05773542774058682,-0.0007831973144787202,,pass
hexc_00530,531,30405521,30405520,1,30405521,positive,negative,False,True,theta_local,16.230134761729122,-16.90678469672912,0.0569486815143068,0.0588415207934629,0.0,0.001892839279156,296.87754390734625,0.054669459158535924,True,False,False,False,False,False,False,False,True,h=1,1M<=p<100M,finite_zone,True,True,False,True,-0.054669459158535924,1.0,3.2888763853117335e-08,1.0,17.230134761729122,0.05803785134757968,0.00018135259538566668,0.057731689787913654,-0.0007830082736068542,,pass
hexc_00531,532,604687003,604687002,1,604687003,positive,negative,True,False,theta_local,19.220221531709992,-19.89687146670985,0.048664579562722,0.0495970487553804,4.448958455640229e-15,0.0009324691926539,408.8573587914284,0.04700960156012469,True,False,False,False,False,False,False,False,True,h=1,p>=500M,post_P0_tail,True,True,False,True,-0.04700960156012469,1.0,1.6537481292615115e-09,1.0,20.220221531709992,0.049455442336859085,4.066630213409515e-05,0.047759096775324084,0.0009054827873979168,,pass
hexc_00532,533,1516817,1516816,1,1516817,positive,negative,False,True,theta_local,13.232124618225994,-13.908774553225951,0.0686672084218936,0.0719952590113774,0.0,0.0033280505894837,202.55337114871438,0.06532660771422553,True,False,False,False,False,False,False,False,True,h=1,1M<=p<100M,finite_zone,True,True,False,True,-0.06532660771422553,1.0,6.592753113922114e-07,1.0,14.232124618225994,0.07026357812517861,0.000811957702957618,0.06866850397969948,-1.2955578058831962e-06,,pass
hexc_00533,534,109710431,109710430,1,109710431,positive,negative,False,True,theta_local,17.51335500732484,-18.190004942324776,0.0530716461779371,0.0537419808709699,0.0,0.0006703346930327,342.7443136272395,0.05109743418346525,True,False,False,False,False,False,False,False,True,h=1,100M<=p<500M,finite_zone,True,True,False,True,-0.05109743418346525,1.0,9.114903577400038e-09,1.0,18.513355007324833,0.05401506099809293,9.547200415514507e-05,0.05340642601266299,-0.00033477983472588596,,pass
hexc_00534,535,187510417,187510416,1,187510417,positive,negative,False,True,theta_local,18.04934495916482,-18.725994894165524,0.0516041712586878,0.0531373503880506,0.0,0.0015331791293628,362.87754337325816,0.04973949280900843,True,False,False,False,False,False,False,False,True,h=1,100M<=p<500M,finite_zone,True,True,False,True,-0.04973949280900843,1.0,5.3330370440166e-09,1.0,19.04934495916482,0.052495243387300335,7.302764575156864e-05,0.05162413293494894,-1.9961676261143202e-05,,pass
hexc_00535,536,40837523,40837522,1,40837523,positive,negative,False,True,theta_local,16.52511189809914,-17.20176183309877,0.0560081633266247,0.0582862399690892,0.0,0.0022780766424644,307.12954704089606,0.05380502155300196,True,False,False,False,False,False,False,False,True,h=1,1M<=p<100M,finite_zone,True,True,False,True,-0.05380502155300196,1.0,2.4487283423140037e-08,1.0,17.52511189809914,0.05706097660400473,0.00015648413153780173,0.056727931534841236,-0.0007197682082165369,,pass
hexc_00536,537,109705909,109705906,3,109705961,positive,negative,False,True,theta_local,34.026627559532216,-36.37992742953247,0.0612819892595111,0.062945964652692,0.0102136648919393,-0.0085496894987584,593.6479521817448,0.057317855531176826,True,False,False,False,False,False,False,False,True,2<=h<=4,100M<=p<500M,finite_zone,True,False,False,True,-0.057317855531176826,1.0,2.7345837861842064e-08,1.000000473994523,18.5133142628758,0.054015179875451604,0.00016536576992183738,0.05516913720110672,0.0061128520584043805,,pass
hexc_00537,538,22051937,22051936,1,22051937,positive,negative,False,True,theta_local,15.9089110018039,-16.58556093680363,0.0580094686834484,0.0592227219681117,0.0,0.0012132532846632,285.911271266925,0.05564282559169009,True,False,False,False,False,False,False,False,True,h=1,1M<=p<100M,finite_zone,True,True,False,True,-0.05564282559169009,1.0,4.53474903361097e-08,1.0,16.9089110018039,0.05914041418121584,0.00021294950184517854,0.05883329277501259,-0.0008238240915641945,,pass
hexc_00538,539,30405239,30405238,1,30405239,positive,negative,False,True,theta_local,16.230125487054703,-16.90677542205458,0.0569487115825017,0.0586840450587244,0.0,0.0017353334762226,296.8772242996521,0.05466948677299973,True,False,False,False,False,False,False,False,True,h=1,1M<=p<100M,finite_zone,True,True,False,True,-0.05466948677299973,1.0,3.288906888710857e-08,1.0,17.230125487054703,0.058037882588337364,0.00018135343638075505,0.057731721459284735,-0.0007830098767830362,,pass
hexc_00539,540,39693659,39693658,1,39693659,positive,negative,False,True,theta_local,16.49670200997844,-17.17335194497855,0.0560973931014394,0.0578586689500238,0.0,0.0017612758485843,306.13458122598354,0.05388709091247958,True,False,False,False,False,False,False,False,True,h=1,1M<=p<100M,finite_zone,True,True,False,True,-0.05388709091247958,1.0,2.519294076668518e-08,1.0,17.49670200997844,0.05715362811972771,0.00015872284261153206,0.05682431222345263,-0.0007269191220132323,,pass
hexc_00540,541,109549709,109549708,1,109549709,positive,negative,False,True,theta_local,17.511888967680907,-18.188538902681103,0.0530757744408255,0.0553866981611319,0.0,0.0023109237203063,342.6900331517461,0.051101249740538826,True,False,False,False,False,False,False,False,True,h=1,100M<=p<500M,finite_zone,True,True,False,True,-0.051101249740538826,1.0,9.128276187388139e-09,1.0,18.511888967680907,0.05401933869341244,9.55420126823176e-05,0.05341131615857697,-0.00033554171775147107,,pass
hexc_00541,542,109708373,109708372,1,109708373,positive,negative,False,True,theta_local,17.513336248677327,-18.18998618367732,0.0530716989968936,0.0539226810221447,0.0,0.000850982025251,342.74361905658986,0.05109748300167691,True,False,False,False,False,False,False,False,True,h=1,100M<=p<500M,finite_zone,True,True,False,True,-0.05109748300167691,1.0,9.115074562267001e-09,1.0,18.513336248677327,0.054015115728881354,9.547289962218076e-05,0.053406488583737755,-0.00033478958684415167,,pass
hexc_00542,543,1513361,1513360,1,1513361,positive,negative,False,True,theta_local,13.229843563120635,-13.906493498120652,0.0686779598890257,0.0719137564642965,0.0,0.0032357965752707,202.48844783088578,0.06533628809367896,True,False,False,False,False,False,False,False,True,h=1,1M<=p<100M,finite_zone,True,True,False,True,-0.06533628809367896,1.0,6.607808711867162e-07,1.0,14.229843563120635,0.07027484143196708,0.0008128842913888275,0.06867770988234012,2.500066855759542e-07,,pass
hexc_00543,544,39639179,39639178,1,39639179,positive,negative,False,True,theta_local,16.495328555808953,-17.17197849080867,0.0561017140488234,0.0572991505271071,0.0,0.0011974364782836,306.0865212757042,0.053891064810890385,True,False,False,False,False,False,False,False,True,h=1,1M<=p<100M,finite_zone,True,True,False,True,-0.053891064810890385,1.0,2.5227565888788968e-08,1.0,17.495328555808953,0.05715811491107843,0.00015883187932146673,0.056828973184192444,-0.0007272591353690433,,pass
hexc_00544,545,3439529,3439528,1,3439529,positive,negative,False,True,theta_local,14.050845101370722,-14.727495036370785,0.0650140338058985,0.067250622654454,0.0,0.0022365888485555,226.52793826545508,0.06202698532004182,True,False,False,False,False,False,False,False,True,h=1,1M<=p<100M,finite_zone,True,True,False,True,-0.06202698532004182,1.0,2.90737481788931e-07,1.0,15.050845101370722,0.06644145184305479,0.0005392007805900609,0.06548346559699048,-0.00046943179109197597,,pass
hexc_00545,546,109707407,109707406,1,109707407,positive,negative,False,True,theta_local,17.51332744347653,-18.18997737847621,0.053071723789842,0.0546180793996679,0.0,0.0015463556098258,342.7432930293814,0.05109750591669555,True,False,False,False,False,False,False,False,True,h=1,100M<=p<500M,finite_zone,True,True,False,True,-0.05109750591669555,1.0,9.115154822682119e-09,1.0,18.513327443476534,0.05401514141923557,9.547331995213175e-05,0.053406517954244004,-0.00033479416440200527,,pass
hexc_00546,547,187428431,187428430,1,187428431,positive,negative,False,True,theta_local,18.04890762917491,-18.72555756417478,0.0516053355433057,0.0533980768267338,0.0,0.0017927412834281,362.86088186483806,0.04974057147305821,True,False,False,False,False,False,False,False,True,h=1,100M<=p<500M,finite_zone,True,True,False,True,-0.04974057147305821,1.0,5.3353698511193324e-09,1.0,19.04890762917491,0.052496448587341614,7.30436160873716e-05,0.051625583069660586,-2.0247526354884304e-05,,pass
hexc_00547,548,187428029,187428028,1,187428029,positive,negative,False,True,theta_local,18.04890548435393,-18.72555541935435,0.0516053412535002,0.0533775287472083,0.0,0.001772187493708,362.8608001518493,0.049740576763323184,True,False,False,False,False,False,False,False,True,h=1,100M<=p<500M,finite_zone,True,True,False,True,-0.049740576763323184,1.0,5.335381294544799e-09,1.0,19.04890548435393,0.05249645449820532,7.304369442015374e-05,0.05162559018164892,-2.0248928148718093e-05,,pass
hexc_00548,549,180642563,180642562,1,180642563,positive,negative,False,True,theta_local,18.012030846706068,-18.68868078170636,0.0517037002906878,0.0527301641514067,0.0,0.0010264638607188,361.4573169161031,0.04983169520645447,True,False,False,False,False,False,False,False,True,h=1,100M<=p<500M,finite_zone,True,True,False,True,-0.04983169520645447,1.0,5.5357939092128585e-09,1.0,19.012030846706068,0.05259827359123263,7.440291599939386e-05,0.05174788395629171,-4.418366560390852e-05,,pass
hexc_00549,550,7049821,7049820,1,7049821,positive,negative,False,True,theta_local,14.768512784395195,-15.445162719395055,0.0621170781077055,0.0635646765148008,0.0,0.0014475984070952,248.6459954316347,0.059395739548340334,True,False,False,False,False,False,False,False,True,h=1,1M<=p<100M,finite_zone,True,True,False,True,-0.059395739548340334,1.0,1.4184757315114808e-07,1.0,15.768512784395195,0.06341752159338819,0.0003766265698953648,0.0628433042587695,-0.0007262261510639911,,pass
hexc_00550,551,178893971,178893970,1,178893971,positive,negative,False,True,theta_local,18.0023038475198,-18.678953782519784,0.0517297084993061,0.0530024887145839,0.0,0.0012727802152777,361.0875515134657,0.04985578642095187,True,False,False,False,False,False,False,False,True,h=1,100M<=p<500M,finite_zone,True,True,False,True,-0.04985578642095187,1.0,5.589903306467494e-09,1.0,19.002303847519798,0.052625197872021245,7.476565592882533e-05,0.0517801505484734,-5.044204916729994e-05,,pass
hexc_00551,552,40874503,40874502,1,40874503,positive,negative,False,True,theta_local,16.526017028086365,-17.202666963086358,0.0560053251584087,0.0570161561593372,0.0,0.0010108310009284,307.1612728687732,0.05380241094113021,True,False,False,False,False,False,False,False,True,h=1,1M<=p<100M,finite_zone,True,True,False,True,-0.05380241094113021,1.0,2.4465129276311934e-08,1.0,17.526017028086365,0.05705802969365186,0.00015641332832054926,0.05672486185124037,-0.0007195366928316738,,pass
hexc_00552,553,30819421,30819420,1,30819421,positive,negative,False,True,theta_local,16.243655601177505,-16.920305536177693,0.0569048811129488,0.0587588750929464,1.5293662329733794e-15,0.0018539939799959,297.3436584920203,0.05462923165591382,True,False,False,False,False,False,False,False,True,h=1,1M<=p<100M,finite_zone,True,True,False,True,-0.05462923165591382,1.0,3.244707290250521e-08,1.0,17.243655601177505,0.05799234356847824,0.00018013071060345376,0.05768552632740742,-0.000780645214458621,,pass
hexc_00553,554,180640799,180640798,1,180640799,positive,negative,False,True,theta_local,18.012021081517933,-18.68867101651722,0.0517037263878936,0.05321805432487,0.0,0.0015143279369763,361.4569456040823,0.04983171938061799,True,False,False,False,False,False,False,False,True,h=1,100M<=p<500M,finite_zone,True,True,False,True,-0.04983171938061799,1.0,5.535847967545803e-09,1.0,19.012021081517933,0.05259830060740493,7.440327927951699e-05,0.051747916348036105,-4.41899601425072e-05,,pass
hexc_00554,555,108537551,108537550,1,108537551,positive,negative,False,True,theta_local,17.502606763234606,-18.17925669823489,0.0531019273740633,0.0546192148320618,0.0,0.0015172874579984,342.34645703489497,0.051125421056864004,True,False,False,False,False,False,False,False,True,h=1,100M<=p<500M,finite_zone,True,True,False,True,-0.051125421056864004,1.0,9.213401175782933e-09,1.0,18.502606763234606,0.05404643858005125,9.598646350284468e-05,0.053442280160520106,-0.00034035278645680456,,pass
hexc_00555,556,17641999,17641998,1,17641999,positive,negative,False,True,theta_local,15.685792924117932,-16.36244285911789,0.0587698312663253,0.0598426521833724,0.0,0.001072820917047,278.4156855065441,0.056339472740479776,True,False,False,False,False,False,False,False,True,h=1,1M<=p<100M,finite_zone,True,True,False,True,-0.056339472740479776,1.0,5.6682918982140287e-08,1.0,16.685792924117933,0.05993122439836723,0.00023808174852797998,0.059604525910657014,-0.0008346946443317169,,pass
hexc_00556,557,3290149,3290148,1,3290149,positive,negative,False,True,theta_local,14.00644341046985,-14.683093345469842,0.0652021640410813,0.0675498915325295,5.048410214407318e-16,0.0023477274914476,225.19334383163397,0.0621974129969924,True,False,False,False,False,False,False,False,True,h=1,1M<=p<100M,finite_zone,True,True,False,True,-0.0621974129969924,1.0,3.0393760282589025e-07,1.0,15.00644341046985,0.06663804158301158,0.0005513053625948965,0.06565085594739051,-0.0004486919063092093,,pass
hexc_00557,558,33912947,33912946,1,33912947,positive,negative,False,True,theta_local,16.33930741684292,-17.0159573518431,0.0565969327547419,0.0574866140386708,0.0,0.0008896812839288,300.65158169578393,0.05434632116246754,True,False,False,False,False,False,False,False,True,h=1,1M<=p<100M,finite_zone,True,True,False,True,-0.05434632116246754,1.0,2.948726337466337e-08,1.0,17.33930741684292,0.057672430389499166,0.00017171855862038724,0.05735938498945892,-0.0007624522347170204,,pass
hexc_00558,559,179412619,179412616,3,179412683,positive,negative,False,True,theta_local,35.01039767912757,-37.36369754912721,0.0597233786571672,0.0619950192191761,0.0099538964517706,-0.0076822558897617,625.612589060102,0.055961785762217386,True,False,False,False,False,False,False,False,True,2<=h<=4,100M<=p<500M,finite_zone,True,False,False,True,-0.055961785762217386,1.0,1.672123185493435e-08,1.000000356719613,19.00519920185707,0.0526171806661351,0.00012931060225261637,0.05347207453665792,0.006251304120509282,,pass
hexc_00559,560,12421481,12421480,1,12421481,positive,negative,False,True,theta_local,15.334937870516908,-16.01158780551691,0.0600066562612844,0.0622752181913237,0.0,0.0022685619300392,266.83019523364743,0.05747077408945044,True,False,False,False,False,False,False,False,True,h=1,1M<=p<100M,finite_zone,True,True,False,True,-0.05747077408945044,1.0,8.050569815306242e-08,1.0,16.334937870516907,0.06121847587831418,0.00028373526067984996,0.06082909078886467,-0.000822434527580268,,pass
hexc_00560,561,33413669,33413668,1,33413669,positive,negative,False,True,theta_local,16.32447562572338,-17.00112556072372,0.0566444648526678,0.0587642933105582,0.0,0.0021198284578903,300.1374557062835,0.054389998033762973,True,False,False,False,False,False,False,False,True,h=1,1M<=p<100M,finite_zone,True,True,False,True,-0.054389998033762973,1.0,2.992787173416963e-08,1.0,17.32447562572338,0.05772180478093086,0.00017299673908536436,0.05740990716417804,-0.0007654423115102393,,pass
hexc_00561,562,30819749,30819748,1,30819749,positive,negative,False,True,theta_local,16.243666243760785,-16.92031617876046,0.0569048466631077,0.0580547828799747,0.0,0.001149936216867,297.3440255262152,0.05462920001508041,True,False,False,False,False,False,False,False,True,h=1,1M<=p<100M,finite_zone,True,True,False,True,-0.05462920001508041,1.0,3.244672758366721e-08,1.0,17.243666243760785,0.05799230777630172,0.00018012975207795968,0.05768548999715417,-0.0007806433340464686,,pass
hexc_00562,563,179149511,179149510,1,179149511,positive,negative,False,True,theta_local,18.003731272155274,-18.680381207155733,0.0517258901905932,0.0531911372632449,0.0,0.0014652470726516,361.1418022642923,0.049852249612964236,True,False,False,False,False,False,False,False,True,h=1,100M<=p<500M,finite_zone,True,True,False,True,-0.049852249612964236,1.0,5.581929832898065e-09,1.0,19.003731272155274,0.052621245042820834,7.47123137969777e-05,0.05177541527633611,-4.952508574291442e-05,,pass
hexc_00563,564,33919969,33919968,1,33919969,positive,negative,False,True,theta_local,16.339514454972466,-17.0161643899728,0.0565962698147988,0.0572929033583325,0.0,0.0006966335435336,300.65876153419913,0.054345711967931094,True,False,False,False,False,False,False,False,True,h=1,1M<=p<100M,finite_zone,True,True,False,True,-0.054345711967931094,1.0,2.9481159018747925e-08,1.0,17.339514454972466,0.05767174176628857,0.00017170078339584803,0.05735867987253673,-0.0007624100577379306,,pass
hexc_00564,565,108548483,108548482,1,108548483,positive,negative,False,True,theta_local,17.50270747906425,-18.179357414063816,0.0531016434654513,0.0548290277819213,0.0,0.0017273843164699,342.3501840558202,0.0511251586656382,True,False,False,False,False,False,False,False,True,h=1,100M<=p<500M,finite_zone,True,True,False,True,-0.0511251586656382,1.0,9.212473287166988e-09,1.0,18.502707479064252,0.05404614438894937,9.598162994639645e-05,0.05344194416828496,-0.00034030070283366104,,pass
hexc_00565,566,179410463,179410462,1,179410463,positive,negative,False,True,theta_local,18.00518682807336,-18.68183676307308,0.0517219972119527,0.0529344425052005,0.0,0.0012124452932477,361.1971263699731,0.04984864361747635,True,False,False,False,False,False,False,False,True,h=1,100M<=p<500M,finite_zone,True,True,False,True,-0.04984864361747635,1.0,5.57381093208594e-09,1.0,19.00518682807336,0.052617214923815325,7.465795960301848e-05,0.05177058675059665,-4.858953864395055e-05,,pass
hexc_00566,567,187494809,187494808,1,187494809,positive,negative,False,True,theta_local,18.04926171765816,-18.725911652657487,0.0516043928648815,0.0533769146537428,0.0,0.0017725217888612,362.87437198783675,0.049739698118618184,True,False,False,False,False,False,False,False,True,h=1,100M<=p<500M,finite_zone,True,True,False,True,-0.049739698118618184,1.0,5.333480992532438e-09,1.0,19.049261717658162,0.05249547278113285,7.303068528045206e-05,0.051624408953511614,-2.0016088630114837e-05,,pass
hexc_00567,568,22049009,22049008,1,22049009,positive,negative,False,True,theta_local,15.90877821553649,-16.5854281505367,0.058009915355913,0.0601826318256086,3.1810882533527895e-15,0.0021727164696923,285.90678074220136,0.05564323509305377,True,False,False,False,False,False,False,False,True,h=1,1M<=p<100M,finite_zone,True,True,False,True,-0.05564323509305377,1.0,4.5353512259893406e-08,1.0,16.90877821553649,0.05914087861659681,0.00021296364069928322,0.05883375020082937,-0.0008238348449163685,,pass
hexc_00568,569,12801863,12801862,1,12801863,positive,negative,False,True,theta_local,15.365101265173926,-16.04175120017385,0.0598982842320005,0.0618257782739292,0.0,0.0019274940419286,267.81653941939726,0.05737174148573541,True,False,False,False,False,False,False,False,True,h=1,1M<=p<100M,finite_zone,True,True,False,True,-0.05737174148573541,1.0,7.811363080514141e-08,1.0,16.365101265173926,0.06110564082655996,0.0002794881586134579,0.06072319101666612,-0.0008249067846656244,,pass
hexc_00569,570,3457007,3457006,1,3457007,positive,negative,False,True,theta_local,14.055913743778772,-14.732563678778774,0.064992626918314,0.0670021121055387,0.0,0.0020094851872246,226.68053866010652,0.06200758930105926,True,False,False,False,False,False,False,False,True,h=1,1M<=p<100M,finite_zone,True,True,False,True,-0.06200758930105926,1.0,2.8926756584525286e-07,1.0,15.055913743778772,0.06641908402359227,0.000537836002741777,0.065464391002368,-0.0004717640840539994,,pass
hexc_00570,571,33876299,33876298,1,33876299,positive,negative,False,True,theta_local,16.338226183292385,-17.01487611829225,0.0566003951369519,0.0575605054459224,1.5127280133403276e-15,0.0009601103089689,300.6140871830056,0.054349502833997664,True,False,False,False,False,False,False,False,True,h=1,1M<=p<100M,finite_zone,True,True,False,True,-0.054349502833997664,1.0,2.9519163235629723e-08,1.0,17.338226183292385,0.05767602691465802,0.00017181141765211568,0.057363067440231896,-0.0007626723032799973,,pass
hexc_00571,572,109707049,109707048,1,109707049,positive,negative,False,True,theta_local,17.513324180245785,-18.189974115245604,0.053071732978181,0.0553866321277111,0.0,0.00231489914953,342.74317220287327,0.051097514409067395,True,False,False,False,False,False,False,False,True,h=1,100M<=p<500M,finite_zone,True,True,False,True,-0.051097514409067395,1.0,9.115184567584167e-09,1.0,18.513324180245785,0.05401515094015514,9.547347572799562e-05,0.053406528839032186,-0.0003347958608511878,,pass
hexc_00572,573,187422503,187422502,1,187422503,positive,negative,False,True,theta_local,18.04887600060225,-18.72552593560249,0.0516054197487172,0.0527563650979463,0.0,0.001150945349229,362.85967688632047,0.04974064948599054,True,False,False,False,False,False,False,False,True,h=1,100M<=p<500M,finite_zone,True,True,False,True,-0.04974064948599054,1.0,5.335538603921003e-09,1.0,19.048876000602252,0.05249653575194588,7.304477122916467e-05,0.05162568794651379,-2.0268197796588505e-05,,pass
hexc_00573,574,39640721,39640720,1,39640721,positive,negative,False,True,theta_local,16.495367455958934,-17.1720173909589,0.0561015916580808,0.0571320591561566,0.0,0.0010304674980758,306.087882419027,0.0538909522506911,True,False,False,False,False,False,False,False,True,h=1,1M<=p<100M,finite_zone,True,True,False,True,-0.0538909522506911,1.0,2.5226584551779468e-08,1.0,17.495367455958934,0.05715798782262212,0.00015882879005954642,0.05682884117052711,-0.0007272495124463138,,pass
hexc_00574,575,109549457,109549456,1,109549457,positive,negative,False,True,theta_local,17.511886667352663,-18.188536602352546,0.0530757809188891,0.0540619683285294,2.653987101521224e-15,0.0009861874096376,342.6899479849093,0.0511012557278856,True,False,False,False,False,False,False,False,True,h=1,100M<=p<500M,finite_zone,True,True,False,True,-0.0511012557278856,1.0,9.128297185443831e-09,1.0,18.511886667352663,0.05401934540597571,9.554212257137598e-05,0.053411323831661583,-0.00033554291277248377,,pass
hexc_00575,576,31038971,31038970,1,31038971,positive,negative,False,True,theta_local,16.2507541019566,-16.927404036956887,0.0568819126581259,0.0595944719958201,0.0,0.0027125593376941,297.58851708617243,0.05460813562658697,True,False,False,False,False,False,False,False,True,h=1,1M<=p<100M,finite_zone,True,True,False,True,-0.05460813562658697,1.0,3.221756288248086e-08,1.0,17.2507541019566,0.05796848033945246,0.00017949251483691698,0.057661296533510376,-0.0007793838753844748,,pass
hexc_00576,577,178897717,178897716,1,178897717,positive,negative,False,True,theta_local,18.002324787078347,-18.67897472207824,0.0517296524826795,0.053307626629905,0.0,0.0015779741472254,361.08834731361213,0.049855734534249546,True,False,False,False,False,False,False,False,True,h=1,100M<=p<500M,finite_zone,True,True,False,True,-0.049855734534249546,1.0,5.589786257585389e-09,1.0,19.002324787078347,0.05262513988183192,7.476487315300808e-05,0.051780081084079166,-5.0428601399664374e-05,,pass
hexc_00577,578,30405371,30405370,1,30405371,positive,negative,False,True,theta_local,16.230129828402376,-16.906779763402483,0.0569486975079895,0.0588782474204922,0.0,0.0019295499125027,296.87737390360127,0.05466947384704516,True,False,False,False,False,False,False,False,True,h=1,1M<=p<100M,finite_zone,True,True,False,True,-0.05466947384704516,1.0,3.2888926104535936e-08,1.0,17.230129828402376,0.05803786796496371,0.0001813530427220231,0.057731706634350344,-0.0007830091263608466,,pass
hexc_00578,579,33453479,33453478,1,33453479,positive,negative,False,True,theta_local,16.325666345109337,-17.002316280109426,0.056640645955332,0.0580210470558037,0.0,0.0013804011004716,300.17871430205435,0.05438648900561837,True,False,False,False,False,False,False,False,True,h=1,1M<=p<100M,finite_zone,True,True,False,True,-0.05438648900561837,1.0,2.989225724475472e-08,1.0,17.325666345109337,0.05771783780669876,0.00017289377445343346,0.05740585050575531,-0.0007652045504233096,,pass
hexc_00579,580,108832879,108832878,1,108832879,positive,negative,False,True,theta_local,17.50532404342507,-18.18197397842505,0.053094268675935,0.0551944556078763,0.0,0.0021001869319412,342.447017952166,0.051118342767611034,True,False,False,False,False,False,False,False,True,h=1,100M<=p<500M,finite_zone,True,True,False,True,-0.051118342767611034,1.0,9.188399766581568e-09,1.0,18.50532404342507,0.05403850252248349,9.585614099566896e-05,0.05343321535191392,-0.00033894667597891837,,pass
hexc_00580,581,618463,618462,1,618463,positive,negative,False,True,theta_local,12.3349926468749,-13.011642581874868,0.0731722760275234,0.0758472344787391,3.196646625557592e-16,0.0026749584512153,177.82202889220764,0.06936706730723526,True,False,False,False,False,False,False,False,True,h=1,100K<=p<1M,finite_zone,True,True,False,True,-0.06936706730723526,1.0,1.6169116018258167e-06,1.0,13.3349926468749,0.07499066752274162,0.0012715783899649351,0.07247919835696615,0.0006930776705572489,,pass
hexc_00581,582,30816061,30816060,1,30816061,positive,negative,False,True,theta_local,16.243546573069203,-16.92019650806924,0.0569052340372607,0.058953267494846,1.529385572896721e-15,0.0020480334575837,297.33989841760666,0.05462955580302088,True,False,False,False,False,False,False,False,True,h=1,1M<=p<100M,finite_zone,True,True,False,True,-0.05462955580302088,1.0,3.245061073834193e-08,1.0,17.243546573069203,0.05799271024452649,0.0001801405305264252,0.05768589851379735,-0.0007806644765366508,,pass
hexc_00582,583,108833357,108833356,1,108833357,positive,negative,False,True,theta_local,17.50532843547052,-18.18197837047046,0.0530942562986715,0.0551126535106919,0.0,0.0020183972120203,342.44718050463354,0.051118331328278116,True,False,False,False,False,False,False,False,True,h=1,100M<=p<500M,finite_zone,True,True,False,True,-0.051118331328278116,1.0,9.188359410800863e-09,1.0,18.505328435470513,0.054038489697012186,9.585593049363646e-05,0.0534332007003675,-0.0003389444016960036,,pass
hexc_00583,584,1188223,1188222,1,1188223,positive,negative,False,True,theta_local,12.987969471727038,-13.66461940672707,0.0698374202477117,0.0716596292835551,0.0,0.0018222090358433,195.66328994196758,0.06637918372720393,True,False,False,False,False,False,False,False,True,h=1,1M<=p<100M,finite_zone,True,True,False,True,-0.06637918372720393,1.0,8.415928659855936e-07,1.0,13.987969471727038,0.07149000446571135,0.000917383707063513,0.06966633602571348,0.00017108422199821338,,pass
hexc_00584,585,178900037,178900036,1,178900037,positive,negative,False,True,theta_local,18.002337755298377,-18.678987690298527,0.0517296177907042,0.0529724911905533,0.0,0.001242873399849,361.08884016643816,0.04985570239999798,True,False,False,False,False,False,False,False,True,h=1,100M<=p<500M,finite_zone,True,True,False,True,-0.04985570239999798,1.0,5.589713768477309e-09,1.0,19.002337755298377,0.05262510396759853,7.4764388370917e-05,0.05178003806362108,-5.0420272916879005e-05,,pass
hexc_00585,586,30372487,30372486,1,30372487,positive,negative,False,True,theta_local,16.229047723692176,-16.905697658692134,0.0569522058727156,0.0591456035531357,0.0,0.00219339768042,296.8400854652626,0.0546726959004038,True,False,False,False,False,False,False,False,True,h=1,1M<=p<100M,finite_zone,True,True,False,True,-0.0546726959004038,1.0,3.29245346289884e-08,1.0,17.229047723692176,0.058041513149033205,0.00018145119076211212,0.05773540188054893,-0.0007831960078333311,,pass
hexc_00586,587,3459373,3459372,1,3459373,positive,negative,False,True,theta_local,14.056597916739856,-14.73324785173986,0.0649897384637499,0.0670778427952545,0.0,0.0020881043315045,226.70114082637502,0.06200497212100696,True,False,False,False,False,False,False,False,True,h=1,1M<=p<100M,finite_zone,True,True,False,True,-0.06200497212100696,1.0,2.890697244847549e-07,1.0,15.056597916739857,0.06641606593533354,0.0005376520477825365,0.06546181680985375,-0.0004720783461038408,,pass
hexc_00587,588,108625339,108625338,1,108625339,positive,negative,False,True,theta_local,17.503415262373498,-18.18006519737355,0.0530996483753574,0.0546879388476579,0.0,0.0015882904723004,342.3763763718365,0.05112331477965052,True,False,False,False,False,False,False,False,True,h=1,100M<=p<500M,finite_zone,True,True,False,True,-0.05112331477965052,1.0,9.205955159320608e-09,1.0,18.503415262373498,0.054044077043089965,9.594766885818857e-05,0.05343958298570861,-0.0003399346103512141,,pass
hexc_00588,589,179148199,179148198,1,179148199,positive,negative,False,True,theta_local,18.00372394863652,-18.680373883636094,0.0517259097792976,0.0533955975603065,0.0,0.0016696877810088,361.14152391598105,0.04985226775757045,True,False,False,False,False,False,False,False,True,h=1,100M<=p<500M,finite_zone,True,True,False,True,-0.04985226775757045,1.0,5.58197071241559e-09,1.0,19.003723948636516,0.05262126532161862,7.471258737599435e-05,0.05177543957086872,-4.9529791571120696e-05,,pass
hexc_00589,590,30372071,30372070,1,30372071,positive,negative,False,True,theta_local,16.22903402699197,-16.9056839619916,0.0569522502824801,0.059405209494254,0.0,0.0024529592117738,296.8396135032472,0.054672736685848156,True,False,False,False,False,False,False,False,True,h=1,1M<=p<100M,finite_zone,True,True,False,True,-0.054672736685848156,1.0,3.292498558955693e-08,1.0,17.22903402699197,0.058041559290749785,0.00018145243340764798,0.05773544865363345,-0.00078319837115335,,pass
hexc_00590,591,1188553,1188552,1,1188553,positive,negative,False,True,theta_local,12.988247158814184,-13.664897093814147,0.0698360666787188,0.0720415041049189,0.0,0.0022054374262,195.6710585760731,0.06637796745891578,True,False,False,False,False,False,False,False,True,h=1,1M<=p<100M,finite_zone,True,True,False,True,-0.06637796745891578,1.0,8.413591989587338e-07,1.0,13.988247158814184,0.07148858528496091,0.0009172563431008444,0.06966518626338658,0.0001708804153322252,,pass
hexc_00591,592,30775243,30775242,1,30775243,positive,negative,False,True,theta_local,16.242221126023114,-16.91887106102331,0.0569095248633034,0.0592419667918848,0.0,0.0023324419285813,297.2941893586778,0.054633496742942704,True,False,False,False,False,False,False,False,True,h=1,1M<=p<100M,finite_zone,True,True,False,True,-0.054633496742942704,1.0,3.2493650821863536e-08,1.0,17.242221126023114,0.05799716827031832,0.00018025995346128196,0.057690423238401234,-0.0007808983750978368,,pass
hexc_00592,593,31020361,31020360,1,31020361,positive,negative,False,True,theta_local,16.250154353298075,-16.92680428829817,0.0568838525341379,0.0594288049849526,0.0,0.0025449524508146,297.56782521260857,0.054609917391732585,True,False,False,False,False,False,False,False,True,h=1,1M<=p<100M,finite_zone,True,True,False,True,-0.054609917391732585,1.0,3.223689111806275e-08,1.0,17.250154353298075,0.05797049577175574,0.0001795463481056152,0.05766334353100766,-0.0007794909968697611,,pass
hexc_00593,594,7117519,7117518,1,7117519,positive,negative,False,True,theta_local,14.778069767607407,-15.454719702607465,0.062080240199606,0.0629010542370778,0.0,0.0008208140374717,248.94748559148692,0.05936219734252565,True,False,False,False,False,False,False,False,True,h=1,1M<=p<100M,finite_zone,True,True,False,True,-0.05936219734252565,1.0,1.404983955785717e-07,1.0,15.778069767607409,0.06337910877115105,0.0003748311560937427,0.06280887373681976,-0.000728633537213759,,pass
hexc_00594,595,180625573,180625572,1,180625573,positive,negative,False,True,theta_local,18.01193678914428,-18.688586724143534,0.051703951658141,0.0540405158920827,0.0,0.0023365642339416,361.45374047441766,0.04983192805116122,True,False,False,False,False,False,False,False,True,h=1,100M<=p<500M,finite_zone,True,True,False,True,-0.04983192805116122,1.0,5.536314616978406e-09,1.0,19.01193678914428,0.05259853381013738,7.440641516010836e-05,0.051748195951278664,-4.424429313766576e-05,,pass
hexc_00595,596,187503917,187503916,1,187503917,positive,negative,False,True,theta_local,18.0493102938232,-18.72596022882317,0.0516042635448012,0.0530090126830941,0.0,0.0014047491382928,362.8762226703586,0.049739578308550206,True,False,False,False,False,False,False,False,True,h=1,100M<=p<500M,finite_zone,True,True,False,True,-0.049739578308550206,1.0,5.333221918771969e-09,1.0,19.0493102938232,0.05249533891650939,7.302891152668214e-05,0.051624247880916574,-1.9984336115372314e-05,,pass
hexc_00596,597,187494523,187494522,1,187494523,positive,negative,False,True,theta_local,18.04926019228144,-18.725910127281168,0.0516043969257703,0.0528707607606841,0.0,0.0012663638349137,362.87431387323807,0.04973970188087367,True,False,False,False,False,False,False,False,True,h=1,100M<=p<500M,finite_zone,True,True,False,True,-0.04973970188087367,1.0,5.333489128106424e-09,1.0,19.049260192281434,0.05249547698472772,7.303074098012716e-05,0.05162441401147455,-2.0017085704253368e-05,,pass
hexc_00597,598,604874233,604874232,1,604874233,positive,negative,True,False,theta_local,19.220531115046366,-19.89718105004613,0.0486638465993474,0.0500097816638249,0.0,0.0013459350644774,408.86987857455824,0.047008919272935545,True,False,False,False,False,False,False,False,True,h=1,p>=500M,post_P0_tail,True,True,False,True,-0.047008919272935545,1.0,1.653236235639087e-09,1.0,20.220531115046366,0.04945468515690405,4.0660007816515325e-05,0.04775807851994718,0.0009057680794002237,,pass
hexc_00598,599,3293281,3293280,1,3293281,positive,negative,False,True,theta_local,14.007394890241423,-14.684044825241472,0.0651981212062808,0.0680363504019927,5.047770088927673e-16,0.0028382291957113,225.2219013916444,0.062193751156924965,True,False,False,False,False,False,False,False,True,h=1,1M<=p<100M,finite_zone,True,True,False,True,-0.062193751156924965,1.0,3.0364854988080275e-07,1.0,15.007394890241423,0.06663381668261766,0.0005510431470228105,0.06564726334783288,-0.0004491421415520891,,pass
hexc_00599,600,39634897,39634896,1,39634897,positive,negative,False,True,theta_local,16.49522052553676,-17.17187046053641,0.056102053945051,0.0573656258538636,0.0,0.0012635719088125,306.0827412371627,0.05389137740620186,True,False,False,False,False,False,False,False,True,h=1,1M<=p<100M,finite_zone,True,True,False,True,-0.05389137740620186,1.0,2.523029137681372e-08,1.0,17.49522052553676,0.05715846785356938,0.00015884045887875584,0.05682933980219085,-0.0007272858571398463,,pass
hexc_00600,601,231131,231130,1,231131,positive,negative,False,True,theta_local,11.35073992833084,-12.027389863330823,0.0788470474415688,0.0819644318764493,0.0,0.0031173844348804,152.54077677726565,0.07441118478703414,True,False,False,False,False,False,False,False,True,h=1,100K<=p<1M,finite_zone,True,True,False,True,-0.07441118478703414,1.0,4.3265507439504006e-06,1.0,12.350739928330839,0.08096680893637331,0.0020800362362108984,0.07726579817627188,0.0015812492652969162,,pass
hexc_00601,602,3281137,3281136,1,3281137,positive,negative,False,True,theta_local,14.003700566633828,-14.680350501633823,0.0652138211816056,0.0679109811235516,0.0,0.0026971599419459,225.11103069320825,0.06220797143307793,True,False,False,False,False,False,False,False,True,h=1,1M<=p<100M,finite_zone,True,True,False,True,-0.06220797143307793,1.0,3.047724005428606e-07,1.0,15.003700566633828,0.06665022376038768,0.0005520619535367933,0.06566121376895251,-0.000447392587346912,,pass
hexc_00602,603,3279949,3279948,1,3279949,positive,negative,False,True,theta_local,14.003338431458957,-14.679988366458929,0.0652153605746005,0.0689578925494887,0.0,0.0037425319748881,225.10016408889325,0.06220936572009323,True,False,False,False,False,False,False,False,True,h=1,1M<=p<100M,finite_zone,True,True,False,True,-0.06220936572009323,1.0,3.048827893360537e-07,1.0,15.003338431458955,0.0666518324950401,0.0005521619231131876,0.06566258145653991,-0.00044722088193940857,,pass
hexc_00603,604,108583547,108583546,1,108583547,positive,negative,False,True,theta_local,17.503030453065875,-18.17968038806612,0.0531007330520803,0.0548036969719685,0.0,0.0017029639198881,342.3621359470832,0.051124317251517594,True,False,False,False,False,False,False,False,True,h=1,100M<=p<500M,finite_zone,True,True,False,True,-0.051124317251517594,1.0,9.209498378239568e-09,1.0,18.503030453065875,0.054045201002968904,9.596613141228299e-05,0.05344086671638926,-0.0003401336643089545,,pass
hexc_00604,605,108549391,108549390,1,108549391,positive,negative,False,True,theta_local,17.502715843955013,-18.17936577895489,0.0531016198857352,0.0552486098001437,0.0,0.0021469899144084,342.35049360214384,0.051125136873018395,True,False,False,False,False,False,False,False,True,h=1,100M<=p<500M,finite_zone,True,True,False,True,-0.051125136873018395,1.0,9.212396226156626e-09,1.0,18.502715843955013,0.05404611995523393,9.598122850931127e-05,0.0534419162626778,-0.000340296376942599,,pass
hexc_00605,606,179378777,179378776,1,179378777,positive,negative,False,True,theta_local,18.00501020070247,-18.68166013570226,0.0517224695820737,0.0534127556850271,0.0,0.0016902861029533,361.19041272880486,0.049849081166562684,True,False,False,False,False,False,False,False,True,h=1,100M<=p<500M,finite_zone,True,True,False,True,-0.049849081166562684,1.0,5.5747955066055555e-09,1.0,19.00501020070247,0.05261770393383097,7.466455321372757e-05,0.051771172674150545,-4.870309207684331e-05,,pass
hexc_00606,607,108835721,108835720,1,108835721,positive,negative,False,True,theta_local,17.505350156516258,-18.182000091515874,0.053094195086478,0.0538377238745202,0.0,0.0007435287880421,342.44798441527627,0.05111827475465019,True,False,False,False,False,False,False,False,True,h=1,100M<=p<500M,finite_zone,True,True,False,True,-0.05111827475465019,1.0,9.188159832193329e-09,1.0,18.505350156516258,0.05403842626819313,9.585488945376407e-05,0.05343312824054025,-0.00033893315406224866,,pass
hexc_00607,608,604715329,604715326,3,604715411,positive,negative,True,False,theta_local,37.44053674605736,-39.79383661605789,0.0561928873996106,0.0575299398750813,0.0093654812356028,-0.0080284287601321,708.1650090885637,0.05286979201958144,True,False,False,False,False,False,False,False,True,2<=h<=4,p>=500M,post_P0_tail,True,False,False,True,-0.05286979201958144,1.0,4.96101199379386e-09,1.0000001356009944,20.22026851028334,0.04945532743501572,7.043445175334198e-05,0.049340530157534035,0.0068523572420765635,,pass
hexc_00608,609,7050133,7050132,1,7050133,positive,negative,False,True,theta_local,14.768557039858733,-15.445206974858593,0.0621169074219217,0.0632807219153433,0.0,0.0011638144934215,248.64739111927835,0.059395584137756446,True,False,False,False,False,False,False,False,True,h=1,1M<=p<100M,finite_zone,True,True,False,True,-0.059395584137756446,1.0,1.4184129575995234e-07,1.0,15.768557039858731,0.06341734360805908,0.0003766182360958539,0.06284314478275532,-0.0007262373608336245,,pass
hexc_00609,610,39690817,39690816,1,39690817,positive,negative,False,True,theta_local,16.496630409077497,-17.173280344077284,0.0560976183445912,0.0572432765201052,1.4854612993050434e-15,0.0011456581755124,306.1320756718554,0.05388729806529755,True,False,False,False,False,False,False,False,True,h=1,1M<=p<100M,finite_zone,True,True,False,True,-0.05388729806529755,1.0,2.5194744668521183e-08,1.0,17.496630409077497,0.05715386200769183,0.00015872852506251415,0.056824555205158056,-0.0007269368605668583,,pass
hexc_00610,611,12787499,12787498,1,12787499,positive,negative,False,True,theta_local,15.363978611040649,-16.04062854604058,0.0599023107295336,0.0624350554689092,0.0,0.0025327447393755,267.7797959825958,0.05737542130340268,True,False,False,False,False,False,False,False,True,h=1,1M<=p<100M,finite_zone,True,True,False,True,-0.05737542130340268,1.0,7.820137463940369e-08,1.0,16.363978611040647,0.061109832991672816,0.00027964508692162585,0.06072713029189658,-0.00082481956236298,,pass
hexc_00611,612,179471947,179471946,1,179471947,positive,negative,False,True,theta_local,18.005529469556407,-18.682179404556337,0.0517210808802791,0.0533176291738061,0.0,0.0015965482935269,361.210150418177,0.04984779483276205,True,False,False,False,False,False,False,False,True,h=1,100M<=p<500M,finite_zone,True,True,False,True,-0.04984779483276205,1.0,5.571901440396141e-09,1.0,19.005529469556407,0.05261626631353934,7.464517024159125e-05,0.05176945011357881,-4.836923329970544e-05,,pass
hexc_00612,613,3454541,3454540,1,3454541,positive,negative,False,True,theta_local,14.055200155417774,-14.731850090417764,0.0649956398328031,0.0671373968539844,5.015764288214365e-16,0.0021417570211807,226.65905171969138,0.06201031923842954,True,False,False,False,False,False,False,False,True,h=1,1M<=p<100M,finite_zone,True,True,False,True,-0.06201031923842954,1.0,2.894740574797057e-07,1.0,15.055200155417774,0.06642223216408978,0.0005380279337355131,0.06546707600288992,-0.00047143617008682526,,pass
hexc_00613,614,178894333,178894332,1,178894333,positive,negative,False,True,theta_local,18.002305871062745,-18.67895580606273,0.0517297030860038,0.0522469832588965,0.0,0.0005172801728926,361.08762841742566,0.04985578140675499,True,False,False,False,False,False,False,False,True,h=1,100M<=p<500M,finite_zone,True,True,False,True,-0.04985578140675499,1.0,5.589891995069514e-09,1.0,19.002305871062745,0.05262519226799883,7.476558028310563e-05,0.051780143835619574,-5.044074961577105e-05,,pass
hexc_00614,615,12772597,12772596,1,12772597,positive,negative,False,True,theta_local,15.362812574599436,-16.03946250959939,0.0599064933944401,0.0613475132513681,0.0,0.001441019856928,267.74163535146937,0.05737924381627232,True,False,False,False,False,False,False,False,True,h=1,1M<=p<100M,finite_zone,True,True,False,True,-0.05737924381627232,1.0,7.829261347555239e-08,1.0,16.362812574599435,0.06111418776209262,0.00027980817263895705,0.06073122197175529,-0.0008247285773151924,,pass
hexc_00615,616,39639547,39639546,1,39639547,positive,negative,False,True,theta_local,16.495337839510107,-17.1719877745104,0.0561016848396584,0.058118617673595,0.0,0.0020169328339365,306.08684611859417,0.0538910379478344,True,False,False,False,False,False,False,False,True,h=1,1M<=p<100M,finite_zone,True,True,False,True,-0.0538910379478344,1.0,2.5227331684693572e-08,1.0,17.495337839510107,0.05715808458077774,0.00015883114204932725,0.05682894167850905,-0.0007272568388506512,,pass
hexc_00616,617,33924949,33924948,1,33924949,positive,negative,False,True,theta_local,16.33966126036794,-17.01631119536796,0.0565957997505963,0.0587249591196037,0.0,0.0021291593690073,300.6638526243047,0.05434528001204457,True,False,False,False,False,False,False,False,True,h=1,1M<=p<100M,finite_zone,True,True,False,True,-0.05434528001204457,1.0,2.9476831343209977e-08,1.0,17.33966126036794,0.05767125349130266,0.00017168818055769003,0.05735817989441849,-0.0007623801438221903,,pass
hexc_00617,618,40841677,40841676,1,40841677,positive,negative,False,True,theta_local,16.525213613101332,-17.2018635481013,0.0560078443699331,0.0573691069320696,0.0,0.0013612625621364,307.13311218483227,0.05380472816996847,True,False,False,False,False,False,False,False,True,h=1,1M<=p<100M,finite_zone,True,True,False,True,-0.05380472816996847,1.0,2.448479282572065e-08,1.0,17.525213613101332,0.05706064542645172,0.00015647617334827897,0.05672758657270194,-0.0007197422027688388,,pass
hexc_00618,619,179143313,179143312,1,179143313,positive,negative,False,True,theta_local,18.003696674755687,-18.68034660975627,0.0517259827307091,0.0526954111441211,0.0,0.0009694284134119,361.14048730612035,0.04985233533091756,True,False,False,False,False,False,False,False,True,h=1,100M<=p<500M,finite_zone,True,True,False,True,-0.04985233533091756,1.0,5.5821229564957305e-09,1.0,19.003696674755687,0.05262134084303659,7.471360623404368e-05,0.05177553004736257,-4.9547316653471285e-05,,pass
hexc_00619,620,109709029,109709025,4,109709357,positive,negative,False,True,theta_local,33.02668443806669,-36.23627316806596,0.0528620170331875,0.0536476402628444,0.0134251522178237,-0.0126395289881668,685.487902312095,0.04817982101021822,True,False,False,False,False,False,False,False,True,2<=h<=4,100M<=p<500M,finite_zone,True,False,False,True,-0.04817982101021822,1.0,3.6460080236422476e-08,1.0000029897265794,18.513345217870473,0.05401508956008257,0.0001909452283677769,0.052863782117848146,-1.7650846606473425e-06,,pass
hexc_00620,621,109547923,109547922,1,109547923,positive,negative,False,True,theta_local,17.51187266444673,-18.188522599447424,0.0530758203531791,0.0542878804108003,0.0,0.0012120600576211,342.68942954469037,0.05110129217499834,True,False,False,False,False,False,False,False,True,h=1,100M<=p<500M,finite_zone,True,True,False,True,-0.05110129217499834,1.0,9.128425009025502e-09,1.0,18.511872664446738,0.05401938626774186,9.554279150739474e-05,0.05341137054042733,-0.00033555018724822777,,pass
hexc_00621,622,109706381,109706380,1,109706381,positive,negative,False,True,theta_local,17.51331809128396,-18.18996802628408,0.0530717501229917,0.0547045381421748,0.0,0.001632788019183,342.74294674906184,0.05109753025525068,True,False,False,False,False,False,False,False,True,h=1,100M<=p<500M,finite_zone,True,True,False,True,-0.05109753025525068,1.0,9.115240069764037e-09,1.0,18.513318091283956,0.05401516870553845,9.547376639561277e-05,0.053406549149292104,-0.00033479902630040304,,pass
hexc_00622,623,3236923,3236922,1,3236923,positive,negative,False,True,theta_local,13.990133745167933,-14.66678368016801,0.0652715417616462,0.0665491911550268,5.05940180063456e-16,0.00127764939338,224.7041096980224,0.06226024866198101,True,False,False,False,False,False,False,False,True,h=1,1M<=p<100M,finite_zone,True,True,False,True,-0.06226024866198101,1.0,3.0893536855835003e-07,1.0,14.990133745167933,0.06671054554949184,0.0005558195467580733,0.06571247659853108,-0.0004409348368848709,,pass
hexc_00623,624,17992787,17992786,1,17992787,positive,negative,False,True,theta_local,15.705481513327612,-16.382131448327527,0.0587019340421742,0.0602231644947032,0.0,0.0015212304525289,279.0731125921306,0.05627730083865658,True,False,False,False,False,False,False,False,True,h=1,1M<=p<100M,finite_zone,True,True,False,True,-0.05627730083865658,1.0,5.5577826825827485e-08,1.0,16.705481513327612,0.05986059121984609,0.00023574950016029195,0.05953625062194723,-0.0008343165797730298,,pass
hexc_00624,625,179156291,179156290,1,179156291,positive,negative,False,True,theta_local,18.00376911692342,-18.68041905192331,0.0517257889648885,0.053043692849709,0.0,0.0013179038848204,361.1432406493323,0.049852155849719915,True,False,False,False,False,False,False,False,True,h=1,100M<=p<500M,finite_zone,True,True,False,True,-0.049852155849719915,1.0,5.581718590054982e-09,1.0,19.00376911692342,0.052621140251039485,7.471090007525663e-05,0.05177528973275769,-4.9500767869192774e-05,,pass
hexc_00625,626,39641387,39641386,1,39641387,positive,negative,False,True,theta_local,16.49538425672311,-17.172034191723014,0.0561015387983461,0.058475346315823,0.0,0.0023738075174768,306.08847029039487,0.053890903636695194,True,False,False,False,False,False,False,False,True,h=1,1M<=p<100M,finite_zone,True,True,False,True,-0.053890903636695194,1.0,2.522616072944168e-08,1.0,17.49538425672311,0.057157932933980624,0.00015882745584262716,0.05682878415457493,-0.0007272453562288325,,pass
hexc_00626,627,108562541,108562540,1,108562541,positive,negative,False,True,theta_local,17.502836979628164,-18.179486914627887,0.0531012784197977,0.0539266504041357,0.0,0.0008253719843379,342.35497629469546,0.051124821286552324,True,False,False,False,False,False,False,False,True,h=1,100M<=p<500M,finite_zone,True,True,False,True,-0.051124821286552324,1.0,9.211280343926363e-09,1.0,18.502836979628164,0.054045766122298514,9.597541530999678e-05,0.053441512149606574,-0.00034023372980887534,,pass
hexc_00627,628,179642357,179642356,1,179642357,positive,negative,False,True,theta_local,18.00647852678356,-18.68312846178378,0.0517185429706006,0.0535047767229565,0.0,0.0017862337523558,361.2462259890843,0.049845443997324025,True,False,False,False,False,False,False,False,True,h=1,100M<=p<500M,finite_zone,True,True,False,True,-0.049845443997324025,1.0,5.5666158956041756e-09,1.0,19.006478526783553,0.05261363900686915,7.46097573753204e-05,0.05176630184680464,-4.775887620404179e-05,,pass
hexc_00628,629,604176893,604176892,1,604176893,positive,negative,True,False,theta_local,19.21937758222657,-19.896027517226685,0.0486665777929119,0.0500161652626329,4.449329859214345e-15,0.0013495874697165,408.82322981264656,0.047011461631068105,True,False,False,False,False,False,False,False,True,h=1,p>=500M,post_P0_tail,True,True,False,True,-0.047011461631068105,1.0,1.6551443982482793e-09,1.0,20.219377582226574,0.049457506589076675,4.068346590751923e-05,0.04776187263042386,0.0009047051624880356,,pass
hexc_00629,630,30848971,30848970,1,30848971,positive,negative,False,True,theta_local,16.24461395281611,-16.921263887816167,0.0569017791141042,0.058579513692382,0.0,0.0016777345782777,297.3767103816601,0.054626382583785396,True,False,False,False,False,False,False,False,True,h=1,1M<=p<100M,finite_zone,True,True,False,True,-0.054626382583785396,1.0,3.241599209257255e-08,1.0,17.24461395281611,0.057989120703783356,0.00018004441699917429,0.05768225487105627,-0.0007804757569520732,,pass
hexc_00630,631,108582251,108582250,1,108582251,positive,negative,False,True,theta_local,17.503018517484747,-18.179668452484293,0.0531007666960659,0.0547495290911708,0.0,0.0016487623951048,342.36169425838347,0.05112434834568572,True,False,False,False,False,False,False,False,True,h=1,100M<=p<500M,finite_zone,True,True,False,True,-0.05112434834568572,1.0,9.209608299610587e-09,1.0,18.503018517484747,0.05404523586543637,9.596670411976535e-05,0.05344090653380107,-0.00034013983773516915,,pass
hexc_00631,632,39640963,39640962,1,39640963,positive,negative,False,True,theta_local,16.49537356077376,-17.17202349577383,0.056101572450676,0.0580400668049056,0.0,0.0019384943542295,306.0880960310215,0.053890934586041474,True,False,False,False,False,False,False,False,True,h=1,1M<=p<100M,finite_zone,True,True,False,True,-0.053890934586041474,1.0,2.522643054862214e-08,1.0,17.49537356077376,0.05715796787798188,0.00015882830525011006,0.056828820452905715,-0.0007272480022297162,,pass
hexc_00632,633,22048451,22048450,1,22048451,positive,negative,False,True,theta_local,15.908752907956416,-16.585402842956682,0.0580100004874779,0.059301344400477,0.0,0.001291343912999,285.90592490232456,0.05564331314012258,True,False,False,False,False,False,False,False,True,h=1,1M<=p<100M,finite_zone,True,True,False,True,-0.05564331314012258,1.0,4.53546600620606e-08,1.0,16.908752907956416,0.05914096713362284,0.00021296633551352805,0.05883383738128645,-0.0008238368938085494,,pass
hexc_00633,634,33925711,33925710,1,33925711,positive,negative,False,True,theta_local,16.33968372146117,-17.01633365646103,0.0565957278318849,0.0587468552079326,0.0,0.0021511273760476,300.6646315603055,0.054345213923786224,True,False,False,False,False,False,False,False,True,h=1,1M<=p<100M,finite_zone,True,True,False,True,-0.054345213923786224,1.0,2.94761692687885e-08,1.0,17.33968372146117,0.057671178786399026,0.00017168625241640198,0.05735810339837055,-0.0007623755664856527,,pass
hexc_00634,635,109814323,109814320,3,109814437,positive,negative,False,True,theta_local,34.02860303138397,-36.38190290138391,0.0612787742526439,0.0633755060442757,0.0102131290574457,-0.008116397265814,593.7113355333502,0.057315063726743526,True,False,False,False,False,False,False,False,True,2<=h<=4,100M<=p<500M,finite_zone,True,False,False,True,-0.057315063726743526,1.0,2.731884073082161e-08,1.0000010381159479,18.514302562913677,0.05401229652599053,0.00016528412123014604,0.05516655023677086,0.006112224015873038,,pass
hexc_00635,636,31019627,31019626,1,31019627,positive,negative,False,True,theta_local,16.25013069114005,-16.926780626140044,0.0568839290716649,0.0592948192838186,0.0,0.0024108902121536,297.5670088614119,0.05460998769090139,True,False,False,False,False,False,False,False,True,h=1,1M<=p<100M,finite_zone,True,True,False,True,-0.05460998769090139,1.0,3.2237653921499444e-08,1.0,17.25013069114005,0.057970575290401505,0.00017954847234521223,0.0576634242927605,-0.0007794952210955983,,pass
hexc_00636,637,179471563,179471562,1,179471563,positive,negative,False,True,theta_local,18.00552732994397,-18.682177264943675,0.051721086602178,0.0529207311887221,0.0,0.001199644586544,361.21006908924704,0.04984780013287836,True,False,False,False,False,False,False,False,True,h=1,100M<=p<500M,finite_zone,True,True,False,True,-0.04984780013287836,1.0,5.571913362118543e-09,1.0,19.005527329943966,0.05261627223699603,7.464525009750147e-05,0.05176945721125614,-4.837060907814106e-05,,pass
hexc_00637,638,40844891,40844890,1,40844891,positive,negative,False,True,theta_local,16.525292304129255,-17.201942239129494,0.0560075976140371,0.0565828693332161,1.480606450739212e-15,0.0005752717191774,307.1358703451721,0.05380450119863057,True,False,False,False,False,False,False,False,True,h=1,1M<=p<100M,finite_zone,True,True,False,True,-0.05380450119863057,1.0,2.4482866168011075e-08,1.0,17.525292304129255,0.057060389216126405,0.00015647001683393236,0.05672731969591882,-0.0007197220818817227,,pass
hexc_00638,639,180628951,180628950,1,180628951,positive,negative,False,True,theta_local,18.01195549064018,-18.68860542564016,0.0517039016784745,0.053746653892514,0.0,0.0020427522140394,361.45445157808325,0.04983188175439899,True,False,False,False,False,False,False,False,True,h=1,100M<=p<500M,finite_zone,True,True,False,True,-0.04983188175439899,1.0,5.536211080581429e-09,1.0,19.01195549064018,0.052598482070522014,7.440571940772717e-05,0.05174813391719035,-4.423223871585086e-05,,pass
hexc_00639,640,30419219,30419218,1,30419219,positive,negative,False,True,theta_local,16.23058517056709,-16.907235105566997,0.0569472213415776,0.058670038662687,0.0,0.0017228173211093,296.8930653201665,0.054668118142349294,True,False,False,False,False,False,False,False,True,h=1,1M<=p<100M,finite_zone,True,True,False,True,-0.054668118142349294,1.0,3.287395379874809e-08,1.0,17.23058517056709,0.05803633423362651,0.00018131175857827889,0.05773015173032525,-0.0007829303887476532,,pass
hexc_00640,641,187504433,187504432,1,187504433,positive,negative,False,True,theta_local,18.049313045761924,-18.725962980761324,0.0516042562185729,0.0527700079995033,0.0,0.0011657517809303,362.87632751543543,0.04973957152108296,True,False,False,False,False,False,False,False,True,h=1,100M<=p<500M,finite_zone,True,True,False,True,-0.04973957152108296,1.0,5.333207242092244e-09,1.0,19.049313045761924,0.052495331332826155,7.30288110412065e-05,0.051624238755828555,-1.998253725565835e-05,,pass
hexc_00641,642,17640383,17640382,1,17640383,positive,negative,False,True,theta_local,15.685701320325355,-16.362351255325393,0.0587701475341726,0.0597908065041726,0.0,0.0010206589699999,278.4126285511074,0.056339762323123134,True,False,False,False,False,False,False,False,True,h=1,1M<=p<100M,finite_zone,True,True,False,True,-0.056339762323123134,1.0,5.6688111590320915e-08,1.0,16.685701320325357,0.05993155341824738,0.00023809265337326334,0.059604843673775276,-0.0008346961396026795,,pass
hexc_00642,643,40865009,40865008,1,40865009,positive,negative,False,True,theta_local,16.52578472916971,-17.202434664169687,0.0560060535384038,0.0577667541715999,0.0,0.001760700633196,307.1531303731982,0.05380308092282991,True,False,False,False,False,False,False,False,True,h=1,1M<=p<100M,finite_zone,True,True,False,True,-0.05380308092282991,1.0,2.4470813159493003e-08,1.0,17.52578472916971,0.05705878598038533,0.000156431496699012,0.05672564967068827,-0.000719596132284471,,pass
hexc_00643,644,109489717,109489716,1,109489717,positive,negative,False,True,theta_local,17.511341194135333,-18.1879911291353,0.0530773170967577,0.0543575136108819,0.0,0.0012801965141241,342.66975280569176,0.05110267553747297,True,False,False,False,False,False,False,False,True,h=1,100M<=p<500M,finite_zone,True,True,False,True,-0.05110267553747297,1.0,9.133277785346728e-09,1.0,18.511341194135333,0.05402093719264463,9.55681839596564e-05,0.05341314334450664,-0.00033582624774894376,,pass
hexc_00644,645,22052533,22052532,1,22052533,positive,negative,False,True,theta_local,15.908938028542916,-16.585587963543276,0.0580093777705235,0.0601268944145263,0.0,0.0021175166440027,285.91218525310484,0.055642742244299485,True,False,False,False,False,False,False,False,True,h=1,1M<=p<100M,finite_zone,True,True,False,True,-0.055642742244299485,1.0,4.5346264757885184e-08,1.0,16.908938028542916,0.05914031965295294,0.0002129466241993171,0.058833199672771785,-0.0008238219022482854,,pass
hexc_00645,646,4994851,4994850,1,4994851,positive,negative,False,True,theta_local,14.423918139790043,-15.10056807479009,0.0634751684817397,0.0655616696833343,0.0,0.0020865012015945,237.89725078294435,0.06063087359067599,True,False,False,False,False,False,False,False,True,h=1,1M<=p<100M,finite_zone,True,True,False,True,-0.06063087359067599,1.0,2.0020617231625127e-07,1.0,15.423918139790043,0.06483436899345554,0.00044744404378229384,0.06409670974704684,-0.0006215412653071406,,pass
hexc_00646,647,1184527,1184526,1,1184527,positive,negative,False,True,theta_local,12.984854096749215,-13.661504031749246,0.0698526095506292,0.0713029062187651,0.0,0.0014502966681358,195.57614410736335,0.0663928320911218,True,False,False,False,False,False,False,False,True,h=1,1M<=p<100M,finite_zone,True,True,False,True,-0.0663928320911218,1.0,8.442188316517901e-07,1.0,13.984854096749217,0.07150593013569231,0.0009188138177301156,0.06967923764527018,0.00017337190535902935,,pass
hexc_00647,648,12784897,12784896,1,12784897,positive,negative,False,True,theta_local,15.363775110358976,-16.040425045358916,0.0599030406605139,0.0624796157859059,1.6982560607578553e-15,0.0025765751253902,267.77313586240393,0.057376088384959195,True,False,False,False,False,False,False,False,True,h=1,1M<=p<100M,finite_zone,True,True,False,True,-0.057376088384959195,1.0,7.821729029181854e-08,1.0,16.363775110358976,0.06111059295644786,0.00027967354235218343,0.060727844372644446,-0.0008248037121305479,,pass
hexc_00648,649,109494937,109494936,1,109494937,positive,negative,False,True,theta_local,17.511388868708924,-18.18803880370888,0.053077182830663,0.0546385149744283,0.0,0.0015613321437652,342.67151784856065,0.051102551442422074,True,False,False,False,False,False,False,False,True,h=1,100M<=p<500M,finite_zone,True,True,False,True,-0.051102551442422074,1.0,9.13284237060203e-09,1.0,18.511388868708924,0.0540207980661229,9.556590590059842e-05,0.05341298431786323,-0.00033580148720023517,,pass
hexc_00649,650,180642689,180642688,1,180642689,positive,negative,False,True,theta_local,18.01203154421586,-18.68868147921603,0.0517036984266119,0.0538199983464121,0.0,0.0021162999198001,361.4573434382588,0.04983169347973843,True,False,False,False,False,False,False,False,True,h=1,100M<=p<500M,finite_zone,True,True,False,True,-0.04983169347973843,1.0,5.535790047943761e-09,1.0,19.01203154421586,0.0525982716615172,7.440289005101725e-05,0.051747881642607796,-4.418321599589797e-05,,pass
hexc_00650,651,30372383,30372382,1,30372383,positive,negative,False,True,theta_local,16.229044299534714,-16.90569423453462,0.0569522169750933,0.0577692159185545,0.0,0.0008169989434611,296.8399674753296,0.05467270609670684,True,False,False,False,False,False,False,False,True,h=1,1M<=p<100M,finite_zone,True,True,False,True,-0.05467270609670684,1.0,3.292464736797241e-08,1.0,17.229044299534714,0.05804152468439622,0.00018145150142110262,0.057735413573758665,-0.0007831965986653672,,pass
hexc_00651,652,39644461,39644460,1,39644461,positive,negative,False,True,theta_local,16.49546179893472,-17.1721117339348,0.05610129483093,0.0588197708884661,0.0,0.002718476057536,306.0911835579841,0.0538906792648927,True,False,False,False,False,False,False,False,True,h=1,1M<=p<100M,finite_zone,True,True,False,True,-0.0538906792648927,1.0,2.522420471298626e-08,1.0,17.49546179893472,0.05715767960242633,0.00015882129804590525,0.05682852100353908,-0.0007272261726090773,,pass
hexc_00652,653,30336731,30336730,1,30336731,positive,negative,False,True,theta_local,16.227869780529264,-16.904519715529204,0.0569560254529983,0.0590425078700368,0.0,0.0020864824170384,296.79949717487347,0.05467620375033131,True,False,False,False,False,False,False,False,True,h=1,1M<=p<100M,finite_zone,True,True,False,True,-0.05467620375033131,1.0,3.296334071063886e-08,1.0,17.227869780529264,0.05804548169560628,0.00018155809183464906,0.05773942451657943,-0.0007833990635811305,,pass
hexc_00653,654,109442621,109442620,1,109442621,positive,negative,False,True,theta_local,17.510910960747644,-18.187560895748,0.053078528795507,0.0553579920235929,0.0,0.0022794632280858,342.65382459672725,0.051103795445319816,True,False,False,False,False,False,False,False,True,h=1,100M<=p<500M,finite_zone,True,True,False,True,-0.051103795445319816,1.0,9.137208071798646e-09,1.0,18.510910960747644,0.054022192755424,9.558874448280324e-05,0.05341457846547959,-0.0003360496699725893,,pass
hexc_00654,655,109568047,109568046,1,109568047,positive,negative,False,True,theta_local,17.512056348000765,-18.1887062830001,0.0530753030773353,0.0552176978121025,0.0,0.0021423947347671,342.69623023155543,0.051100814082979826,True,False,False,False,False,False,False,False,True,h=1,100M<=p<500M,finite_zone,True,True,False,True,-0.051100814082979826,1.0,9.126748421462692e-09,1.0,18.512056348000765,0.054018850267166366,9.553401709057717e-05,0.05341075783740412,-0.0003354547600688193,,pass
hexc_00655,656,1189057,1189056,1,1189057,positive,negative,False,True,theta_local,12.988671113968772,-13.665321048968847,0.0698340002359772,0.0719034765237246,0.0,0.0020694762877473,195.68291953478433,0.06637611062247016,True,False,False,False,False,False,False,False,True,h=1,1M<=p<100M,finite_zone,True,True,False,True,-0.06637611062247016,1.0,8.410025759908903e-07,1.0,13.988671113968772,0.07148641867785586,0.000917061925930245,0.06966343094677696,0.0001705692892002425,,pass
hexc_00656,657,179470607,179470606,1,179470607,positive,negative,False,True,theta_local,18.005522003180605,-18.682171938180545,0.0517211008473831,0.0532267242816651,2.517912122113758e-15,0.0015056234342794,361.20986661338213,0.04984781332801371,True,False,False,False,False,False,False,False,True,h=1,100M<=p<500M,finite_zone,True,True,False,True,-0.04984781332801371,1.0,5.5719430424615435e-09,1.0,19.005522003180605,0.05261628698399593,7.464544890655788e-05,0.05176947488158179,-4.837403419868935e-05,,pass
hexc_00657,658,604205663,604205662,1,604205663,positive,negative,True,False,theta_local,19.219425199597183,-19.896075134598505,0.0486664650442789,0.0500425677380953,0.0,0.0013761026938163,408.82515540210574,0.047011356678122326,True,False,False,False,False,False,False,False,True,h=1,p>=500M,post_P0_tail,True,True,False,True,-0.047011356678122326,1.0,1.6550655865004695e-09,1.0,20.219425199597186,0.04945739011512167,4.068249729921295e-05,0.0477617160106536,0.0009047490336253003,,pass
hexc_00658,659,40835243,40835242,1,40835243,positive,negative,False,True,theta_local,16.525056065534326,-17.201706000534614,0.0560083384072625,0.0569943124153184,1.480646368299962e-15,0.0009859740080543,307.12759010012144,0.05380518259576508,True,False,False,False,False,False,False,False,True,h=1,1M<=p<100M,finite_zone,True,True,False,True,-0.05380518259576508,1.0,2.4488650649146377e-08,1.0,17.525056065534326,0.057061158392905306,0.000156488500053986,0.05672812088895074,-0.00071978248168824,,pass
hexc_00659,660,109719919,109719918,1,109719919,positive,negative,False,True,theta_local,17.513441485790604,-18.19009142078994,0.0530714026808062,0.0544002260223994,0.0,0.0013288233415931,342.7475156477926,0.05109720912984653,True,False,False,False,False,False,False,False,True,h=1,100M<=p<500M,finite_zone,True,True,False,True,-0.05109720912984653,1.0,9.114115368605038e-09,1.0,18.513441485790604,0.054014808687380886,9.546787610817075e-05,0.053406137556530675,-0.0003347348757244753,,pass
hexc_00660,661,17998151,17998150,1,17998151,positive,negative,False,True,theta_local,15.705779588361928,-16.38242952336168,0.0587009073184403,0.0608850796926477,0.0,0.0021841723742073,279.08307165493,0.05627636063781472,True,False,False,False,False,False,False,False,True,h=1,1M<=p<100M,finite_zone,True,True,False,True,-0.05627636063781472,1.0,5.55612629319534e-08,1.0,16.705779588361928,0.05985952314950028,0.00023571436725824203,0.05953521730762934,-0.0008343099891890415,,pass
hexc_00661,662,33915559,33915558,1,33915647,positive,negative,False,True,theta_local,16.33938443460891,-17.016034369609315,0.0565966692022885,0.0590007255143094,0.0,0.0024040563120208,300.6543425513327,0.05434607827698074,True,False,False,False,False,False,False,False,True,h=1,1M<=p<100M,finite_zone,True,True,False,True,-0.05434607827698074,1.0,2.9484992418966173e-08,1.000002594679333,17.33938702928488,0.057672165591037196,0.00017171194605782722,0.05736298242948501,-0.0007663132271965092,,pass
hexc_00662,663,604872091,604872087,4,604872131,positive,negative,True,False,theta_local,36.44105514430968,-39.65064387430903,0.0484881126989565,0.0503724694200252,0.0122977701368278,-0.0104134134157591,817.7394760749742,0.04456316004116768,True,False,False,False,False,False,False,False,True,2<=h<=4,p>=500M,post_P0_tail,True,False,False,True,-0.04456316004116768,1.0,6.612968360611632e-09,1.0000000661296835,20.220527639937764,0.049454693656207575,8.132015961993454e-05,0.04721389953387689,0.001274213165079606,,pass
hexc_00663,664,604206971,604206345,626,604206971,negative,negative,True,False,theta_local,-80.07547556299744,-417.239971956551,0.0407906886563794,0.0508464536997485,0.0025127654287879,0.007542999614581,10228.804310497868,-0.00782842971008993,False,True,False,False,False,False,False,False,True,257<=h<=1024,p>=500M,post_P0_tail,False,False,True,False,0.00782842971008993,1.0,1.0360688142408075e-06,1.0,20.21942736442063,0.04945738481989172,0.001017874655466383,,,,pass
hexc_00664,665,179661413,179661412,1,179661413,positive,negative,False,True,theta_local,18.006584598590244,-18.68323453359062,0.0517182593354566,0.0530721365313695,0.0,0.0013538771959128,361.25025810336786,0.04984518126887498,True,False,False,False,False,False,False,False,True,h=1,100M<=p<500M,finite_zone,True,True,False,True,-0.04984518126887498,1.0,5.566025465913485e-09,1.0,19.006584598590244,0.05261334538106188,7.460580048436908e-05,0.05176594998116224,-4.76906457056378e-05,,pass
hexc_00665,666,604874693,604874692,1,604874693,positive,negative,True,False,theta_local,19.220531875534743,-19.89718181053468,0.0486638447988578,0.0497726846618487,8.897643783709675e-15,0.0011088398629819,408.8699093295167,0.04700891759692817,True,False,False,False,False,False,False,False,True,h=1,p>=500M,post_P0_tail,True,True,False,True,-0.04700891759692817,1.0,1.6532349783726197e-09,1.0,20.220531875534746,0.049454683296927586,4.065999235578654e-05,0.047758076018614704,0.0009057687802430936,,pass
hexc_00666,667,179381333,179381332,1,179381333,positive,negative,False,True,theta_local,18.005024449778265,-18.68167438477758,0.0517224314741952,0.0531241987332051,0.0,0.0014017672590098,361.1909543366696,0.04984904586784199,True,False,False,False,False,False,False,False,True,h=1,100M<=p<500M,finite_zone,True,True,False,True,-0.04984904586784199,1.0,5.574716071487773e-09,1.0,19.005024449778265,0.052617664483544886,7.466402126518349e-05,0.051771125405849494,-4.869393165429087e-05,,pass
hexc_00667,668,108592553,108592552,1,108592553,positive,negative,False,True,theta_local,17.50311339036888,-18.17976332536909,0.0531004992697852,0.0543074254810474,0.0,0.0012069262112621,342.36520513684803,0.051124101187130414,True,False,False,False,False,False,False,False,True,h=1,100M<=p<500M,finite_zone,True,True,False,True,-0.051124101187130414,1.0,9.208734598955418e-09,1.0,18.503113390368878,0.05404495875383402,9.596215190873649e-05,0.05344059003553836,-0.0003400907657531635,,pass
hexc_00668,669,12837637,12837636,1,12837637,positive,negative,False,True,theta_local,15.367891805021792,-16.04454174002194,0.0598882780596343,0.0620429187160608,8.487009550680204e-16,0.0021546406564255,267.9078821408995,0.05736259673367665,True,False,False,False,False,False,False,False,True,h=1,1M<=p<100M,finite_zone,True,True,False,True,-0.05736259673367665,1.0,7.789595546283167e-08,1.0,16.36789180502179,0.06109522300808419,0.0002790984691158869,0.060713400044591914,-0.0008251219849576136,,pass
hexc_00669,670,31025339,31025338,1,31025339,positive,negative,False,True,theta_local,16.250314815667288,-16.92696475066714,0.0568833335085937,0.0580349191062369,3.0563713700183293e-15,0.00115158559764,297.57336123963034,0.05460944067026621,True,False,False,False,False,False,False,False,True,h=1,1M<=p<100M,finite_zone,True,True,False,True,-0.05460944067026621,1.0,3.2231718725136254e-08,1.0,17.250314815667288,0.05796995653040303,0.00017953194346727338,0.0576627958551541,-0.0007794623465604,,pass
hexc_00670,671,30824513,30824512,1,30824513,positive,negative,False,True,theta_local,16.24382080802532,-16.920470743025362,0.0569043463462274,0.0588239211504652,1.5293369284976504e-15,0.0019195748042362,297.34935605928695,0.05462874049334261,True,False,False,False,False,False,False,False,True,h=1,1M<=p<100M,finite_zone,True,True,False,True,-0.05462874049334261,1.0,3.244171286663961e-08,1.0,17.24382080802532,0.057991787964683406,0.0001801158318045352,0.057684962367055004,-0.0007806160208276014,,pass
hexc_00671,672,40834943,40834942,1,40834943,positive,negative,False,True,theta_local,16.525048718912146,-17.20169865391199,0.056008361444996,0.0579663029192045,0.0,0.0019579414742084,307.12733260024424,0.05380520378634319,True,False,False,False,False,False,False,False,True,h=1,1M<=p<100M,finite_zone,True,True,False,True,-0.05380520378634319,1.0,2.4488830558671285e-08,1.0,17.525048718912146,0.05706118231333934,0.00015648907488598456,0.05672814580476926,-0.0007197843597732609,,pass
hexc_00672,673,12799261,12799260,1,12799261,positive,negative,False,True,theta_local,15.364897992848151,-16.041547927848114,0.0598990132459132,0.0616151003010251,1.6980230160336058e-15,0.0017160870551101,267.8098863163255,0.05737240773367043,True,False,False,False,False,False,False,False,True,h=1,1M<=p<100M,finite_zone,True,True,False,True,-0.05737240773367043,1.0,7.81295107584727e-08,1.0,16.364897992848153,0.06110639983439088,0.0002795165661610644,0.06072390426522123,-0.0008248910193080286,,pass
hexc_00673,674,187509559,187509555,4,187509659,positive,negative,False,True,theta_local,34.09868075615101,-37.3082694861514,0.0514061644235071,0.0532207644598697,0.0130495572184996,-0.0112349571821371,725.7547787224318,0.04698374954716242,True,False,False,False,False,False,False,False,True,2<=h<=4,100M<=p<500M,finite_zone,True,False,False,True,-0.04698374954716242,1.0,2.1332245787000116e-08,1.0000005333061446,19.04934091671457,0.052495254527287316,0.00014605562566022618,0.051070889458112445,0.00033527496539465657,,pass
hexc_00674,675,40882381,40882380,1,40882381,positive,negative,False,True,theta_local,16.52620974580355,-17.202859680803613,0.0560047209007865,0.0579261844879289,0.0,0.0019214635871423,307.16802805389926,0.05380185512960896,True,False,False,False,False,False,False,False,True,h=1,1M<=p<100M,finite_zone,True,True,False,True,-0.05380185512960896,1.0,2.4460414866736848e-08,1.0,17.52620974580355,0.0570574022851369,0.00015639825723689138,0.05672420827061808,-0.0007194873698315798,,pass
hexc_00675,676,18001673,18001672,1,18001673,positive,negative,False,True,theta_local,15.705975255985816,-16.38262519098589,0.0587002333580212,0.0597757164079624,0.0,0.0010754830499411,279.0896092536104,0.05627574347174532,True,False,False,False,False,False,False,False,True,h=1,1M<=p<100M,finite_zone,True,True,False,True,-0.05627574347174532,1.0,5.5550392455190136e-08,1.0,16.705975255985816,0.059858822048817296,0.00023569130755119106,0.059534539006848686,-0.0008343056488274853,,pass
hexc_00676,677,179149903,179149902,1,179149903,positive,negative,False,True,theta_local,18.003733460269373,-18.68038339526902,0.0517258843378983,0.0534075488090611,0.0,0.0016816644711627,361.14188542896176,0.04985224419173829,True,False,False,False,False,False,False,False,True,h=1,100M<=p<500M,finite_zone,True,True,False,True,-0.04985224419173829,1.0,5.581917619012052e-09,1.0,19.003733460269373,0.052621238983943594,7.471223205748876e-05,0.05177540801763869,-4.952367974039168e-05,,pass
hexc_00677,678,16183,16182,1,16183,positive,negative,False,True,theta_local,8.691716587516886,-9.36836652251688,0.0997384149531701,0.1069747307954135,0.0,0.0072363158422433,93.92937041274996,0.09253459859597946,True,False,False,False,False,False,False,False,True,h=1,1K<=p<100K,finite_zone,True,True,False,True,-0.09253459859597946,1.0,6.179323981956374e-05,1.0,9.691716587516886,0.10318089586812916,0.007860867625113893,0.0970736112466184,0.0026648037065516994,,pass
hexc_00678,679,17989039,17989038,1,17989039,positive,negative,False,True,theta_local,15.705273185934022,-16.38192312093406,0.0587026516501865,0.0610495652145156,0.0,0.002346913564329,279.06615221668625,0.0562779579722709,True,False,False,False,False,False,False,False,True,h=1,1M<=p<100M,finite_zone,True,True,False,True,-0.0562779579722709,1.0,5.5589406415762396e-08,1.0,16.705273185934022,0.05986133772670107,0.00023577405797874034,0.059536972820832146,-0.0008343211706456424,,pass
hexc_00679,680,604864891,604864888,3,604865039,positive,negative,True,False,theta_local,37.441031337481846,-39.79433120748217,0.0561922107259703,0.0585344103602869,0.009365368456664,-0.0070231688223475,708.1823386793789,0.05286919666381687,True,False,False,False,False,False,False,False,True,2<=h<=4,p>=500M,post_P0_tail,True,False,False,True,-0.05286919666381687,1.0,4.9597853084847005e-09,1.0000002446827418,20.2205159150769,0.04945472233249876,7.042574322280668e-05,0.04933985814739894,0.0068523525785713565,,pass
hexc_00680,681,179436689,179436688,1,179436689,positive,negative,False,True,theta_local,18.00533299615579,-18.68198293115529,0.0517216063083092,0.0537520972306284,0.0,0.0020304909223191,361.202682294768,0.04984828152926647,True,False,False,False,False,False,False,False,True,h=1,100M<=p<500M,finite_zone,True,True,False,True,-0.04984828152926647,1.0,5.5729962783698045e-09,1.0,19.00533299615579,0.05261681025016873,7.465250349700139e-05,0.0517701018699841,-4.849556167489666e-05,,pass
hexc_00681,682,33912811,33912810,1,33912811,positive,negative,False,True,theta_local,16.339303406567062,-17.015953341567183,0.0565969455958729,0.0577269241070986,0.0,0.0011299785112256,300.65144262498814,0.054346332962544874,True,False,False,False,False,False,False,False,True,h=1,1M<=p<100M,finite_zone,True,True,False,True,-0.054346332962544874,1.0,2.9487381626960973e-08,1.0,17.339303406567062,0.05767244372811779,0.00017171890294012763,0.05735939864742812,-0.0007624530515552147,,pass
hexc_00682,683,108595723,108595722,1,108595723,positive,negative,False,True,theta_local,17.503142581631487,-18.179792516631096,0.0531004169864259,0.0551376168754321,0.0,0.0020371998890061,342.3662853961843,0.051124025139849705,True,False,False,False,False,False,False,False,True,h=1,100M<=p<500M,finite_zone,True,True,False,True,-0.051124025139849705,1.0,9.208465788288918e-09,1.0,18.503142581631487,0.054044873490448266,9.596075129076949e-05,0.05344049265284956,-0.0003400756664236615,,pass
hexc_00683,684,33924533,33924532,1,33924533,positive,negative,False,True,theta_local,16.339648997930915,-17.016298932931022,0.0565958390140637,0.0593030599397281,0.0,0.0027072209256644,300.6634273714466,0.054345316092417634,True,False,False,False,False,False,False,False,True,h=1,1M<=p<100M,finite_zone,True,True,False,True,-0.054345316092417634,1.0,2.947719280321412e-08,1.0,17.339648997930915,0.05767129427587184,0.00017168923321866786,0.057358221656782726,-0.0007623826427190297,,pass
hexc_00684,685,180619633,180619632,1,180619633,positive,negative,False,True,theta_local,18.011903902894705,-18.688553837894688,0.0517040395467397,0.053162119593626,0.0,0.0014580800468862,361.4524900129029,0.04983200946340618,True,False,False,False,False,False,False,False,True,h=1,100M<=p<500M,finite_zone,True,True,False,True,-0.04983200946340618,1.0,5.536496688596416e-09,1.0,19.011903902894705,0.05259862479358222,7.440763864413665e-05,0.05174830503715255,-4.426549041285088e-05,,pass
hexc_00685,686,33844607,33844606,1,33844607,positive,negative,False,True,theta_local,16.337290224097938,-17.013940159098183,0.0566033926560444,0.0589132052300743,1.5128913479666836e-15,0.0023098125740283,300.5816323146019,0.05435225731623752,True,False,False,False,False,False,False,False,True,h=1,1M<=p<100M,finite_zone,True,True,False,True,-0.05435225731623752,1.0,2.9546804901590376e-08,1.0,17.337290224097938,0.057679140573539664,0.00017189184070685374,0.05736625519382499,-0.000762862537780587,,pass
hexc_00686,687,109814843,109814842,1,109814843,positive,negative,False,True,theta_local,17.514306260052784,-18.19095619505333,0.0530689678616307,0.0545676585381428,0.0,0.0014986906765121,342.77953629102973,0.051094958729340924,True,False,False,False,False,False,False,False,True,h=1,100M<=p<500M,finite_zone,True,True,False,True,-0.051094958729340924,1.0,9.106237123154655e-09,1.0,18.514306260052784,0.0540122857402246,9.542660595009472e-05,0.05340325304738891,-0.00033428518575821103,,pass
hexc_00687,688,30819587,30819586,1,30819587,positive,negative,False,True,theta_local,16.2436609873771,-16.92031092237721,0.0569048636779178,0.0590050793129095,0.0,0.0021002156349916,297.34384424759105,0.054629215642518554,True,False,False,False,False,False,False,False,True,h=1,1M<=p<100M,finite_zone,True,True,False,True,-0.054629215642518554,1.0,3.2446898136564905e-08,1.0,17.2436609873771,0.05799232545409187,0.00018013022549412662,0.05768550794070526,-0.0007806442627874624,,pass
hexc_00688,689,12776207,12776206,1,12776207,positive,negative,False,True,theta_local,15.36309517099996,-16.039745106000055,0.0599054796452054,0.0616763461067941,8.491985998595986e-16,0.0017708664615877,267.7508835752022,0.057378317359259,True,False,False,False,False,False,False,False,True,h=1,1M<=p<100M,finite_zone,True,True,False,True,-0.057378317359259,1.0,7.82704913907547e-08,1.0,16.36309517099996,0.06111313229860591,0.0002797686390408237,0.060730230310024336,-0.0008247506648189351,,pass
hexc_00689,690,179472523,179472522,1,179472523,positive,negative,False,True,theta_local,18.00553267896649,-18.68218261396578,0.0517210722974534,0.0525914466370504,0.0,0.0008703743395969,361.21027241126313,0.04984778688261095,True,False,False,False,False,False,False,False,True,h=1,100M<=p<500M,finite_zone,True,True,False,True,-0.04984778688261095,1.0,5.571883557908193e-09,1.0,19.00553267896649,0.05261625742838056,7.464505045820649e-05,0.05176943946709178,-4.836716963838028e-05,,pass
hexc_00690,691,39640879,39640878,1,39640879,positive,negative,False,True,theta_local,16.49537144175135,-17.172021376751673,0.0561015791176952,0.0579616447381054,0.0,0.0018600656204101,306.0880218848487,0.05389094071755922,True,False,False,False,False,False,False,False,True,h=1,1M<=p<100M,finite_zone,True,True,False,True,-0.05389094071755922,1.0,2.5226484004050464e-08,1.0,17.49537144175135,0.05715797480089948,0.0001588284735305684,0.056828827644131996,-0.0007272485264367967,,pass
hexc_00691,692,108573587,108573586,1,108573587,positive,negative,False,True,theta_local,17.50293872225489,-18.1795886572545,0.0531009916237648,0.0550361137334319,0.0,0.001935122109667,342.35874135951923,0.051124556226460206,True,False,False,False,False,False,False,False,True,h=1,100M<=p<500M,finite_zone,True,True,False,True,-0.051124556226460206,1.0,9.210343211742649e-09,1.0,18.502938722254886,0.054045468939332555,9.59705330387544e-05,0.05344117273293869,-0.00034018110917389405,,pass
hexc_00692,693,109442251,109442250,1,109442251,positive,negative,False,True,theta_local,17.51090757997494,-18.1875575149752,0.0530785383172509,0.0546254127662521,0.0,0.0015468744490011,342.6536994343737,0.05110380424574606,True,False,False,False,False,False,False,False,True,h=1,100M<=p<500M,finite_zone,True,True,False,True,-0.05110380424574606,1.0,9.13723896267448e-09,1.0,18.51090757997494,0.05402220262186376,9.558890606484875e-05,0.0534145897426872,-0.0003360514254363012,,pass
hexc_00693,694,39640409,39640408,1,39640409,positive,negative,False,True,theta_local,16.49535958523358,-17.172009520233587,0.0561016164215395,0.0587946146469265,0.0,0.002692998225387,306.0876070166245,0.05389097502512629,True,False,False,False,False,False,False,False,True,h=1,1M<=p<100M,finite_zone,True,True,False,True,-0.05389097502512629,1.0,2.5226783104079476e-08,1.0,17.49535958523358,0.05715801353657339,0.0001588294151096688,0.0568288678810398,-0.0007272514595003041,,pass
hexc_00694,695,604435457,604435456,1,604435457,positive,negative,True,False,theta_local,19.219805451433675,-19.896455386433445,0.0486655647009115,0.0493137121900815,0.0,0.00064814748917,408.84053249382697,0.0470105185858104,True,False,False,False,False,False,False,False,True,h=1,p>=500M,post_P0_tail,True,True,False,True,-0.0470105185858104,1.0,1.6544363644107e-09,1.0,20.219805451433675,0.04945646002390668,4.067476323730355e-05,0.047760465313834155,0.0009050993870773419,,pass
hexc_00695,696,179413093,179413092,1,179413093,positive,negative,False,True,theta_local,18.005201487088662,-18.681851422088585,0.0517219580084463,0.053125528818645,0.0,0.0014035708101986,361.19768356483723,0.04984860730386333,True,False,False,False,False,False,False,False,True,h=1,100M<=p<500M,finite_zone,True,True,False,True,-0.04984860730386333,1.0,5.5737292261050315e-09,1.0,19.005201487088666,0.05261717433931747,7.465741239893752e-05,0.05177053812249155,-4.8580114045251865e-05,,pass
hexc_00696,697,108592199,108592198,1,108592199,positive,negative,False,True,theta_local,17.50311013047152,-18.179760065471783,0.0531005084586912,0.0552761062932465,0.0,0.0021755978345552,342.3650845003576,0.051124109679628375,True,False,False,False,False,False,False,False,True,h=1,100M<=p<500M,finite_zone,True,True,False,True,-0.051124109679628375,1.0,9.20876461853397e-09,1.0,18.503110130471516,0.054044968275531576,9.596230832224687e-05,0.05344060091062919,-0.0003400924519379872,,pass
hexc_00697,698,30419023,30419022,1,30419023,positive,negative,False,True,theta_local,16.230578727251388,-16.907228662251782,0.0569472422295268,0.058411252820423,0.0,0.0014640105908961,296.892843276008,0.05466813732577091,True,False,False,False,False,False,False,False,True,h=1,1M<=p<100M,finite_zone,True,True,False,True,-0.05466813732577091,1.0,3.287416561669321e-08,1.0,17.230578727251388,0.05803635593611425,0.0001813123427036704,0.0577301737328586,-0.0007829315033318004,,pass
hexc_00698,699,108553589,108553588,1,108553589,positive,negative,False,True,theta_local,17.50275451684656,-18.17940445184649,0.0531015108713336,0.0545865214664789,0.0,0.0014850105951452,342.3519247106858,0.051125036120763044,True,False,False,False,False,False,False,False,True,h=1,100M<=p<500M,finite_zone,True,True,False,True,-0.051125036120763044,1.0,9.212039963045348e-09,1.0,18.50275451684656,0.05404600699260808,9.59793725914342e-05,0.05344178724841764,-0.0003402763770840381,,pass
hexc_00699,700,17984893,17984892,1,17984893,positive,negative,False,True,theta_local,15.705042685691884,-16.381692620691865,0.0587034456555991,0.0605582183755319,3.2591548404555226e-15,0.0018547727199295,279.0584511307879,0.056278685064195796,True,False,False,False,False,False,False,False,True,h=1,1M<=p<100M,finite_zone,True,True,False,True,-0.056278685064195796,1.0,5.560222126425773e-08,1.0,16.705042685691883,0.05986216370799907,0.00023580123253337274,0.059537771891022384,-0.0008343262354232814,,pass
hexc_00700,701,33863117,33863116,1,33863117,positive,negative,False,True,theta_local,16.337836985955153,-17.014486920955278,0.0566016415485248,0.0587001623650556,0.0,0.0020985208165307,300.6005913515545,0.054350648189004855,True,False,False,False,False,False,False,False,True,h=1,1M<=p<100M,finite_zone,True,True,False,True,-0.054350648189004855,1.0,2.9530654251349633e-08,1.0,17.337836985955153,0.05767732161803512,0.00017184485517858728,0.05736439298644003,-0.0007627514379152239,,pass
hexc_00701,702,33413759,33413758,1,33413759,positive,negative,False,True,theta_local,16.32447831922821,-17.001128254228206,0.056644456213427,0.0586290314487052,0.0,0.0019845752352781,300.1375490334083,0.05438999009554494,True,False,False,False,False,False,False,False,True,h=1,1M<=p<100M,finite_zone,True,True,False,True,-0.05438999009554494,1.0,2.992779112341117e-08,1.0,17.32447831922821,0.057721795806694697,0.0001729965061017452,0.057409897987553915,-0.000765441774126914,,pass
hexc_00702,703,179400479,179400478,1,179400479,positive,negative,False,True,theta_local,18.00513117759656,-18.681781112595672,0.0517221460419875,0.0528297241791223,0.0,0.0011075781371347,361.19501107765257,0.049848781476457535,True,False,False,False,False,False,False,False,True,h=1,100M<=p<500M,finite_zone,True,True,False,True,-0.049848781476457535,1.0,5.574121125953069e-09,1.0,19.005131177596553,0.05261736899657975,7.466003700744508e-05,0.05177077135905095,-4.862531706344847e-05,,pass
hexc_00703,704,109611101,109611100,1,109611101,positive,negative,False,True,theta_local,17.512449213845407,-18.189099148845344,0.0530741967518617,0.0550890190175448,0.0,0.002014822265683,342.7107758952054,0.05109979156068436,True,False,False,False,False,False,False,False,True,h=1,100M<=p<500M,finite_zone,True,True,False,True,-0.05109979156068436,1.0,9.123163537970483e-09,1.0,18.512449213845407,0.054017703894744674,9.551525290743089e-05,0.05340944738146347,-0.00033525062960176877,,pass
hexc_00704,705,108532859,108532858,1,108532859,positive,negative,False,True,theta_local,17.50256353302188,-18.17921346802177,0.0531020492369649,0.0552219564852861,0.0,0.0021199072483211,342.34485729351104,0.05112553368376138,True,False,False,False,False,False,False,False,True,h=1,100M<=p<500M,finite_zone,True,True,False,True,-0.05112553368376138,1.0,9.213799481685081e-09,1.0,18.502563533021878,0.0540465648565552,9.598853828288604e-05,0.053442424378457254,-0.0003403751414923564,,pass
hexc_00705,706,109707751,109707750,1,109707751,positive,negative,False,True,theta_local,17.51333057908488,-18.18998051408471,0.0530717149608556,0.0545132051318996,0.0,0.0014414901710439,342.7434091304793,0.05109749775645639,True,False,False,False,False,False,False,False,True,h=1,100M<=p<500M,finite_zone,True,True,False,True,-0.05109749775645639,1.0,9.11512624117142e-09,1.0,18.51333057908488,0.05401513227067489,9.54731702687798e-05,0.053406507495151745,-0.0003347925342961425,,pass
hexc_00706,707,31027937,31027936,1,31027937,positive,negative,False,True,theta_local,16.250398550166704,-16.92704848516678,0.0568830626678919,0.0585998688638257,1.5281708492298745e-15,0.0017168061959322,297.5762501395935,0.05460919190474245,True,False,False,False,False,False,False,False,True,h=1,1M<=p<100M,finite_zone,True,True,False,True,-0.05460919190474245,1.0,3.222901993129611e-08,1.0,17.250398550166704,0.05796967514065559,0.00017952442711591119,0.057662510060891625,-0.0007794473929997256,,pass
hexc_00707,708,109721779,109721778,1,109721779,positive,negative,False,True,theta_local,17.5134584379015,-18.190108372901705,0.0530713549490682,0.0547506845400794,0.0,0.0016793295910111,342.7481433319063,0.05109716501350098,True,False,False,False,False,False,False,False,True,h=1,100M<=p<500M,finite_zone,True,True,False,True,-0.05109716501350098,1.0,9.113960866420149e-09,1.0,18.5134584379015,0.05401475922795492,9.546706692058862e-05,0.053406081011388995,-0.0003347260623207948,,pass
hexc_00708,709,30794947,30794946,1,30794947,positive,negative,False,True,theta_local,16.242861176043185,-16.919511111042993,0.056907452769708,0.0590213018912058,0.0,0.0021138491214977,297.31626153629736,0.05463159361722367,True,False,False,False,False,False,False,False,True,h=1,1M<=p<100M,finite_zone,True,True,False,True,-0.05463159361722367,1.0,3.247285991432296e-08,1.0,17.242861176043185,0.05799501543220541,0.00018020227499763414,0.057688238258770896,-0.0007807854890628935,,pass
hexc_00709,710,31028143,31028142,1,31028143,positive,negative,False,True,theta_local,16.250405189322773,-16.927055124322578,0.0568830411935349,0.0591241272165089,0.0,0.0022410860229739,297.57647919581404,0.05460917218067336,True,False,False,False,False,False,False,False,True,h=1,1M<=p<100M,finite_zone,True,True,False,True,-0.05460917218067336,1.0,3.2228805958513214e-08,1.0,17.250405189322773,0.057969652829891506,0.00017952383117155564,0.057662487400810036,-0.0007794462072751376,,pass
hexc_00710,711,179149753,179149752,1,179149753,positive,negative,False,True,theta_local,18.00373262298138,-18.68038255798183,0.0517258865774496,0.0537788253624078,0.0,0.0020529387849581,361.1418536057668,0.04985224626618545,True,False,False,False,False,False,False,False,True,h=1,100M<=p<500M,finite_zone,True,True,False,True,-0.04985224626618545,1.0,5.581922292686611e-09,1.0,19.00373262298138,0.052621241302389786,7.471226333532274e-05,0.05177541079519954,-4.9524217749938315e-05,,pass
hexc_00711,712,30808223,30808222,1,30808223,positive,negative,False,True,theta_local,16.243292192830328,-16.91994212783038,0.05690605748387,0.0583692107538644,0.0,0.0014631532699943,297.33112564732335,0.05463031210562585,True,False,False,False,False,False,False,False,True,h=1,1M<=p<100M,finite_zone,True,True,False,True,-0.05463031210562585,1.0,3.245886658247053e-08,1.0,17.243292192830328,0.05799356577717768,0.00018016344407917643,0.05768676688886765,-0.000780709404997644,,pass
hexc_00712,713,178013153,178013152,1,178013153,positive,negative,False,True,theta_local,17.997367998784814,-18.674017933784853,0.0517429160587847,0.0533575856221749,0.0,0.0016146695633902,360.8999908812533,0.04986802009841689,True,False,False,False,False,False,False,False,True,h=1,100M<=p<500M,finite_zone,True,True,False,True,-0.04986802009841689,1.0,5.617562428097658e-09,1.0,18.997367998784814,0.05263887081957701,7.49503997861096e-05,0.05179652501190657,-5.360895312186975e-05,,pass
hexc_00713,714,109708829,109708828,1,109708829,positive,negative,False,True,theta_local,17.51334040514269,-18.189990340142685,0.0530716872934735,0.0550639317692912,0.0,0.0019922444758176,342.7437729566889,0.05109747218472669,True,False,False,False,False,False,False,False,True,h=1,100M<=p<500M,finite_zone,True,True,False,True,-0.05109747218472669,1.0,9.115036675854046e-09,1.0,18.51334040514269,0.05401510360184471,9.547270120748677e-05,0.05340647471949045,-0.000334787426016947,,pass
hexc_00714,715,39691237,39691236,1,39691237,positive,negative,False,True,theta_local,16.49664099081427,-17.173290925813944,0.056097585056296,0.0578619642067515,0.0,0.0017643791504554,306.1324459614422,0.0538872674505467,True,False,False,False,False,False,False,False,True,h=1,1M<=p<100M,finite_zone,True,True,False,True,-0.0538872674505467,1.0,2.5194478065775577e-08,1.0,17.49664099081427,0.05715382744179295,0.00015872768525300045,0.05682451929541221,-0.0007269342391162115,,pass
hexc_00715,716,179665093,179665092,1,179665093,positive,negative,False,True,theta_local,18.006605081354188,-18.68325501635354,0.0517182045650686,0.0536009635875191,0.0,0.0018827590224504,361.25103671855885,0.04984513053559112,True,False,False,False,False,False,False,False,True,h=1,100M<=p<500M,finite_zone,True,True,False,True,-0.04984513053559112,1.0,5.5659114594953625e-09,1.0,19.006605081354188,0.05261328868147092,7.460503642178163e-05,0.0517658820349598,-4.767746989119831e-05,,pass
hexc_00716,717,179602889,179602888,1,179602889,positive,negative,False,True,theta_local,18.006258799449103,-18.68290873444857,0.0517191305295898,0.0529285737480202,0.0,0.0012094432184303,361.2378735516365,0.04984598824706356,True,False,False,False,False,False,False,False,True,h=1,100M<=p<500M,finite_zone,True,True,False,True,-0.04984598824706356,1.0,5.567839167665059e-09,1.0,19.006258799449103,0.05261424726201166,7.461795472716375e-05,0.051767030736266983,-4.790020667718581e-05,,pass
hexc_00717,718,33924997,33924996,1,33924997,positive,negative,False,True,theta_local,16.339662675254843,-17.016312610254772,0.0565957952202304,0.0584408196615828,0.0,0.0018450244413523,300.66390169162594,0.05434527584895614,True,False,False,False,False,False,False,False,True,h=1,1M<=p<100M,finite_zone,True,True,False,True,-0.05434527584895614,1.0,2.9476789636856858e-08,1.0,17.339662675254843,0.057671248785426725,0.00017168805909805392,0.05735817507571794,-0.0007623798554875424,,pass
hexc_00718,719,179150627,179150626,1,179150627,positive,negative,False,True,theta_local,18.003737501569564,-18.680387436569617,0.0517258735283716,0.0529327722024033,0.0,0.0012068986740316,361.1420390285614,0.04985223417910014,True,False,False,False,False,False,False,False,True,h=1,100M<=p<500M,finite_zone,True,True,False,True,-0.04985223417910014,1.0,5.581895060852899e-09,1.0,19.003737501569564,0.05262122779360679,7.471208109036248e-05,0.05177539461131109,-4.952108293948543e-05,,pass
hexc_00719,720,7118591,7118590,1,7118591,positive,negative,False,True,theta_local,14.778220370546276,-15.454870305546136,0.0620796600419671,0.0652064611469634,0.0,0.0031268011049962,248.9522380615215,0.05936166907201797,True,False,False,False,False,False,False,False,True,h=1,1M<=p<100M,finite_zone,True,True,False,True,-0.05936166907201797,1.0,1.4047723770055057e-07,1.0,15.778220370546277,0.06337850381825905,0.00037480293181957715,0.06280833130079744,-0.0007286712588303393,,pass
hexc_00720,721,604672807,604672806,1,604672807,positive,negative,True,False,theta_local,19.22019805482597,-19.89684798982489,0.0486646351470256,0.0495872400319328,0.0,0.0009226048849071,408.856409376388,0.04700965330136748,True,False,False,False,False,False,False,False,True,h=1,p>=500M,post_P0_tail,True,True,False,True,-0.04700965330136748,1.0,1.6537869545702922e-09,1.0,20.22019805482597,0.049455499757646,4.06667794959263e-05,0.04775917399357099,0.0009054611534546064,,pass
hexc_00721,722,1512547,1512546,1,1512547,positive,negative,False,True,theta_local,13.2293055427845,-13.90595547778446,0.0686804962708415,0.0702608961700486,0.0,0.001580399899207,202.47313622991769,0.06533857176866173,True,False,False,False,False,False,False,False,True,h=1,1M<=p<100M,finite_zone,True,True,False,True,-0.06533857176866173,1.0,6.611364803870557e-07,1.0,14.2293055427845,0.07027749857455885,0.0008131029949440944,0.06867988153702731,6.147338141859748e-07,,pass
hexc_00722,723,179661607,179661606,1,179661607,positive,negative,False,True,theta_local,18.006585678398604,-18.68323561339821,0.0517182564480717,0.053059303052776,0.0,0.0013410466047042,361.25029915030694,0.049845178594320076,True,False,False,False,False,False,False,False,True,h=1,100M<=p<500M,finite_zone,True,True,False,True,-0.049845178594320076,1.0,5.5660194556759144e-09,1.0,19.006585678398604,0.05261334239197531,7.460576020439651e-05,0.05176594639918064,-4.76899511089382e-05,,pass
hexc_00723,724,108811009,108811008,1,108811009,positive,negative,False,True,theta_local,17.50512307292896,-18.181773007929223,0.0530948350388976,0.0540320931092931,0.0,0.0009372580703954,342.4395799442476,0.05111886621219124,True,False,False,False,False,False,False,False,True,h=1,100M<=p<500M,finite_zone,True,True,False,True,-0.05111886621219124,1.0,9.190246549409353e-09,1.0,18.505123072928956,0.054039089394811675,9.586577360773423e-05,0.05343388577585251,-0.0003390507369549073,,pass
hexc_00724,725,187504777,187504776,1,187504777,positive,negative,False,True,theta_local,18.04931488038353,-18.72596481538312,0.0516042513344346,0.0530638386214726,0.0,0.0014595872870379,362.8763974120014,0.0497395669961162,True,False,False,False,False,False,False,False,True,h=1,100M<=p<500M,finite_zone,True,True,False,True,-0.0497395669961162,1.0,5.333197457683972e-09,1.0,19.04931488038353,0.05249532627705015,7.302874405111984e-05,0.05162423267245031,-1.998133801570795e-05,,pass
hexc_00725,726,39674683,39674682,1,39674683,positive,negative,False,True,theta_local,16.496223834426743,-17.172873769426587,0.0560988973873106,0.0568285448518926,0.0,0.0007296474645819,306.11784846436245,0.05388847438063448,True,False,False,False,False,False,False,False,True,h=1,1M<=p<100M,finite_zone,True,True,False,True,-0.05388847438063448,1.0,2.520499029570066e-08,1.0,17.496223834426743,0.05715519014064812,0.0001587607958398441,0.05682593494643684,-0.0007270375591262382,,pass
hexc_00726,727,1509097,1509096,1,1509097,positive,negative,False,True,theta_local,13.227022016664836,-13.90367195166482,0.0686912635505407,0.0701254608877874,0.0,0.0014341973372466,202.40815546266595,0.06534826616264754,True,False,False,False,False,False,False,False,True,h=1,1M<=p<100M,finite_zone,True,True,False,True,-0.06534826616264754,1.0,6.626479278667972e-07,1.0,14.227022016664835,0.07028877855313988,0.0008140318960991621,0.06868910002380724,2.1635267334618735e-06,,pass
hexc_00727,728,33902807,33902806,1,33902807,positive,negative,False,True,theta_local,16.339008371282635,-17.015658306282603,0.0565978903315975,0.0576533742965644,1.512591533678928e-15,0.0010554839649653,300.6412112994093,0.05434720110614036,True,False,False,False,False,False,False,False,True,h=1,1M<=p<100M,finite_zone,True,True,False,True,-0.05434720110614036,1.0,2.949608272848912e-08,1.0,17.339008371282635,0.05767342506485139,0.00017174423637633117,0.05736040346538296,-0.0007625131337854613,,pass
hexc_00728,729,108537769,108537768,1,108537769,positive,negative,False,True,theta_local,17.502608771754048,-18.1792587067539,0.0531019217122018,0.0550102371348021,0.0,0.0019083154226002,342.34653136058984,0.05112541582411636,True,False,False,False,False,False,False,False,True,h=1,100M<=p<500M,finite_zone,True,True,False,True,-0.05112541582411636,1.0,9.213382670506153e-09,1.0,18.502608771754048,0.0540464327131314,9.598636710755415e-05,0.053442273460010625,-0.00034035174780882443,,pass
hexc_00729,730,30981329,30981328,1,30981329,positive,negative,False,True,theta_local,16.24889529067716,-16.92554522567707,0.0568879253793559,0.0588661597811044,0.0,0.0019782344017484,297.52438874874474,0.05461365825844661,True,False,False,False,False,False,False,False,True,h=1,1M<=p<100M,finite_zone,True,True,False,True,-0.05461365825844661,1.0,3.227750494499445e-08,1.0,17.24889529067716,0.05797472725922854,0.00017965941373886994,0.057667640927014485,-0.0007797155476585854,,pass
hexc_00730,731,30649523,30649522,1,30649523,positive,negative,False,True,theta_local,16.23812765741952,-16.914777592419796,0.0569227805988697,0.058857594872207,0.0,0.0019348142733372,297.15304513349173,0.054645671391739474,True,False,False,False,False,False,False,False,True,h=1,1M<=p<100M,finite_zone,True,True,False,True,-0.054645671391739474,1.0,3.2626935172857336e-08,1.0,17.23812765741952,0.0580109406237972,0.0001806292755144009,0.05770439819827655,-0.0007816175994068489,,pass
hexc_00731,732,108548351,108548350,1,108548351,positive,negative,False,True,theta_local,17.50270626301704,-18.17935619801665,0.053101646893358,0.0541939682170777,0.0,0.0010923213237196,342.35013905549,0.05112516183374503,True,False,False,False,False,False,False,False,True,h=1,100M<=p<500M,finite_zone,True,True,False,True,-0.05112516183374503,1.0,9.212484489976269e-09,1.0,18.50270626301704,0.05404614794100615,9.598168830551102e-05,0.05344194822506698,-0.0003403013317089809,,pass
hexc_00732,733,604676711,604676710,1,604676711,positive,negative,True,False,theta_local,19.2202045111894,-19.896854446189536,0.0486646198608102,0.0502399087413142,4.4489659455368665e-15,0.0015752888804995,408.85667047432406,0.04700963907202883,True,False,False,False,False,False,False,False,True,h=1,p>=500M,post_P0_tail,True,True,False,True,-0.04700963907202883,1.0,1.653776277155149e-09,1.0,20.220204511189397,0.04945548396637744,4.0666648216384256e-05,0.047759152757827605,0.0009054671029825948,,pass
hexc_00733,734,109567411,109567410,1,109567411,positive,negative,False,True,theta_local,17.51205054337192,-18.188700478372084,0.0530753194237436,0.0542083537049825,0.0,0.0011330342812388,342.6960153203566,0.05110082919114607,True,False,False,False,False,False,False,False,True,h=1,100M<=p<500M,finite_zone,True,True,False,True,-0.05110082919114607,1.0,9.126801399003577e-09,1.0,18.51205054337192,0.05401886720528869,9.553429436073508e-05,0.05341077719956,-0.0003354577758164015,,pass
hexc_00734,735,109721527,109721526,1,109721527,positive,negative,False,True,theta_local,17.513456141180725,-18.1901060761802,0.0530713614158946,0.0550365316698288,0.0,0.0019651702539341,342.7480582914223,0.05109717099050601,True,False,False,False,False,False,False,False,True,h=1,100M<=p<500M,finite_zone,True,True,False,True,-0.05109717099050601,1.0,9.113981798667457e-09,1.0,18.513456141180725,0.054014765928855,9.546717655124958e-05,0.05340608867228669,-0.00033472725639208806,,pass
hexc_00735,736,179403751,179403750,1,179403751,positive,negative,False,True,theta_local,18.00514941595456,-18.681799350953952,0.0517220972657532,0.0536376134985399,0.0,0.0019155162327866,361.19570432275793,0.049848736295782424,True,False,False,False,False,False,False,False,True,h=1,100M<=p<500M,finite_zone,True,True,False,True,-0.049848736295782424,1.0,5.574019464063491e-09,1.0,19.00514941595456,0.05261731850213784,7.465935617230765e-05,0.051770710857220736,-4.8613591467537576e-05,,pass
hexc_00736,737,180620933,180620932,1,180620933,positive,negative,False,True,theta_local,18.0119111003145,-18.688561035314702,0.0517040203115896,0.0538326091705561,0.0,0.0021285888589664,361.4527636862617,0.04983199164565997,True,False,False,False,False,False,False,False,True,h=1,100M<=p<500M,finite_zone,True,True,False,True,-0.04983199164565997,1.0,5.536456840248965e-09,1.0,19.0119111003145,0.05259860488109782,7.440737087311287e-05,0.051748281162830256,-4.426085124065865e-05,,pass
hexc_00737,738,12842237,12842236,1,12842237,positive,negative,False,True,theta_local,15.36825006223514,-16.044899997235007,0.0598869936816295,0.0614714067975274,8.486638038868595e-16,0.001584413115897,267.9196100998607,0.0573614229152804,True,False,False,False,False,False,False,False,True,h=1,1M<=p<100M,finite_zone,True,True,False,True,-0.0573614229152804,1.0,7.786805367320351e-08,1.0,16.36825006223514,0.061093885797065255,0.00027904847907344617,0.06071214312880113,-0.0008251494471716303,,pass
hexc_00738,739,109511539,109511538,1,109511539,positive,negative,False,True,theta_local,17.511540480664287,-18.1881904156644,0.0530767558498132,0.0537774692048976,0.0,0.0007007133550843,342.6771309672726,0.05110215680642175,True,False,False,False,False,False,False,False,True,h=1,100M<=p<500M,finite_zone,True,True,False,True,-0.05110215680642175,1.0,9.131457827471497e-09,1.0,18.511540480664287,0.0540203556286697,9.555866170824859e-05,0.05341247859106035,-0.00033572274124715057,,pass
hexc_00739,740,39641299,39641298,1,39641299,positive,negative,False,True,theta_local,16.495382036818505,-17.172031971818797,0.0561015457827602,0.0573304417021529,0.0,0.0012288959193926,306.0883926142316,0.05389091006011428,True,False,False,False,False,False,False,False,True,h=1,1M<=p<100M,finite_zone,True,True,False,True,-0.05389091006011428,1.0,2.5226216729174288e-08,1.0,17.495382036818505,0.05715794018647493,0.00015882763213362558,0.05682879168815802,-0.0007272459053978206,,pass
hexc_00740,741,179150393,179150392,1,179150393,positive,negative,False,True,theta_local,18.003736195405267,-18.680386130405168,0.0517258770220531,0.0523094644224999,0.0,0.0005835874004467,361.14198938455627,0.049852237415224175,True,False,False,False,False,False,False,False,True,h=1,100M<=p<500M,finite_zone,True,True,False,True,-0.049852237415224175,1.0,5.5819023517297e-09,1.0,19.003736195405267,0.05262123141036763,7.471212988350487e-05,0.05177539894428973,-4.95219222366311e-05,,pass
hexc_00741,742,12837437,12837436,1,12837437,positive,negative,False,True,theta_local,15.367876225709342,-16.044526160709438,0.0598883339138447,0.0627022450990248,8.487025706940754e-16,0.0028139111851792,267.9073721401411,0.05736264777988445,True,False,False,False,False,False,False,False,True,h=1,1M<=p<100M,finite_zone,True,True,False,True,-0.05736264777988445,1.0,7.789716903771368e-08,1.0,16.36787622570934,0.061095281159890526,0.0002791006432054819,0.06071345470371403,-0.0008251207898693283,,pass
hexc_00742,743,108595901,108595900,1,108595901,positive,negative,False,True,theta_local,17.50314422073705,-18.179794155737,0.0531004123661783,0.0549229874174412,0.0,0.0018225750512628,342.366346053395,0.051124020869759444,True,False,False,False,False,False,False,False,True,h=1,100M<=p<500M,finite_zone,True,True,False,True,-0.051124020869759444,1.0,9.208450694653752e-09,1.0,18.503144220737052,0.0540448687028699,9.596067264590089e-05,0.05344048718475847,-0.0003400748185801647,,pass
hexc_00743,744,109726187,109726186,1,109726187,positive,negative,False,True,theta_local,17.513498611434034,-18.190148546434106,0.0530712418335488,0.0541001988799444,0.0,0.0010289570463955,342.7496308355699,0.05109706046579501,True,False,False,False,False,False,False,False,True,h=1,100M<=p<500M,finite_zone,True,True,False,True,-0.05109706046579501,1.0,9.113594733771256e-09,1.0,18.513498611434034,0.05401464201814317,9.546514931518861e-05,0.05340594700935908,-0.00033470517581028064,,pass
hexc_00744,745,108538211,108538210,1,108538211,positive,negative,False,True,theta_local,17.50261284406089,-18.17926277906099,0.0531019102326897,0.0549443877096655,0.0,0.0018424774769757,342.3466820572072,0.05112540521463605,True,False,False,False,False,False,False,False,True,h=1,100M<=p<500M,finite_zone,True,True,False,True,-0.05112540521463605,1.0,9.213345150861202e-09,1.0,18.502612844060895,0.05404642081785694,9.598617166478305e-05,0.05344225987461604,-0.0003403496419263352,,pass
hexc_00745,746,187492807,187492806,1,187492807,positive,negative,False,True,theta_local,18.04925103997221,-18.72590097497232,0.0516044212912413,0.0533032779270732,0.0,0.0016988566358318,362.87396518388226,0.049739724454538795,True,False,False,False,False,False,False,False,True,h=1,100M<=p<500M,finite_zone,True,True,False,True,-0.049739724454538795,1.0,5.333537942071559e-09,1.0,19.04925103997221,0.05249550220644575,7.303107518085407e-05,0.051624444359416266,-2.002306817496663e-05,,pass
hexc_00746,747,33870209,33870208,1,33870209,positive,negative,False,True,theta_local,16.338046395427412,-17.01469633042734,0.0566009709040498,0.058690891355918,0.0,0.0020899204518681,300.60785280999346,0.05435003191934002,True,False,False,False,False,False,False,False,True,h=1,1M<=p<100M,finite_zone,True,True,False,True,-0.05435003191934002,1.0,2.952447090007623e-08,1.0,17.338046395427412,0.057676624989521974,0.00017182686315031251,0.057363679768497544,-0.0007627088644477434,,pass
hexc_00747,748,33471629,33471628,1,33471629,positive,negative,False,True,theta_local,16.32620874245429,-17.002858677454242,0.0566389065391257,0.0584436456897662,1.5148271943191749e-15,0.0018047391506389,300.1975093870995,0.05438489072006899,True,False,False,False,False,False,False,False,True,h=1,1M<=p<100M,finite_zone,True,True,False,True,-0.05438489072006899,1.0,2.987604816007013e-08,1.0,17.32620874245429,0.057716030948519445,0.00017284689224880538,0.0574040026520557,-0.0007650961129299985,,pass
hexc_00748,749,17585999,17585998,1,17585999,positive,negative,False,True,theta_local,15.68261363205767,-16.359263567057496,0.0587808099624885,0.0611815204056907,1.6339621587385608e-15,0.0024007104432005,278.3095975965164,0.05634952501635886,True,False,False,False,False,False,False,False,True,h=1,1M<=p<100M,finite_zone,True,True,False,True,-0.05634952501635886,1.0,5.686341731282937e-08,1.0,16.68261363205767,0.05994264580211691,0.00023846051520708703,0.059615555073979865,-0.0008347451114913626,,pass
hexc_00749,750,179665253,179665252,1,179665253,positive,negative,False,True,theta_local,18.006605971899624,-18.68325590689892,0.0517182021837754,0.0527384927380705,0.0,0.001020290554295,361.25107057105043,0.04984512832982209,True,False,False,False,False,False,False,False,True,h=1,100M<=p<500M,finite_zone,True,True,False,True,-0.04984512832982209,1.0,5.565906502800517e-09,1.0,19.006605971899624,0.05261328621630043,7.460500320220164e-05,0.051765879080808874,-4.767689703347178e-05,,pass
hexc_00750,751,39640607,39640606,1,39640607,positive,negative,False,True,theta_local,16.49536458012416,-17.17201451512392,0.0561016007062417,0.0581314530842754,0.0,0.0020298523780336,306.08778179146304,0.05389096057209633,True,False,False,False,False,False,False,False,True,h=1,1M<=p<100M,finite_zone,True,True,False,True,-0.05389096057209633,1.0,2.5226657099372874e-08,1.0,17.49536458012416,0.05715799721807816,0.00015882901844238941,0.056828850930112695,-0.0007272502238709969,,pass
hexc_00751,752,12422119,12422118,1,12422119,positive,negative,False,True,theta_local,15.334989231833312,-16.011639166833447,0.0600064713955124,0.0619481415866009,0.0,0.0019416701910884,266.83187320411025,0.05747060517055611,True,False,False,False,False,False,False,False,True,h=1,1M<=p<100M,finite_zone,True,True,False,True,-0.05747060517055611,1.0,8.050156338061164e-08,1.0,16.334989231833312,0.06121828339202203,0.00028372797426516063,0.06082891036018201,-0.0008224389646696098,,pass
hexc_00752,753,108829241,108829240,1,108829241,positive,negative,False,True,theta_local,17.50529061546801,-18.181940550468425,0.0530943628797564,0.0550718611036335,0.0,0.001977498223877,342.4457807629284,0.05111842983279954,True,False,False,False,False,False,False,False,True,h=1,100M<=p<500M,finite_zone,True,True,False,True,-0.05111842983279954,1.0,9.188706921148149e-09,1.0,18.50529061546801,0.054038600137634715,9.585774314654059e-05,0.053433326865190534,-0.00033896398543413475,,pass
hexc_00753,754,180642263,180642262,1,180642263,positive,negative,False,True,theta_local,18.01202918596652,-18.6886791209663,0.0517037047289673,0.0523594101727958,0.0,0.0006557054438284,361.45725376804273,0.04983169931768846,True,False,False,False,False,False,False,False,True,h=1,100M<=p<500M,finite_zone,True,True,False,True,-0.04983169931768846,1.0,5.535803102732388e-09,1.0,19.01202918596652,0.05259827818579917,7.440297778135219e-05,0.05174788946506914,-4.418473610184187e-05,,pass
hexc_00754,755,3236957,3236956,1,3236957,positive,negative,False,True,theta_local,13.9901442489153,-14.666794183915272,0.0652714970335329,0.0674403172566828,5.059394710287885e-16,0.0021688202231493,224.70442460328843,0.062260208153954444,True,False,False,False,False,False,False,False,True,h=1,1M<=p<100M,finite_zone,True,True,False,True,-0.062260208153954444,1.0,3.0893212359632827e-07,1.0,14.9901442489153,0.06671049880473037,0.0005558166276716884,0.0657124368900821,-0.00044093985654920786,,pass
hexc_00755,756,108538103,108538102,1,108538103,positive,negative,False,True,theta_local,17.502611849019125,-18.17926178401921,0.0531019130376337,0.0540255426517967,0.0,0.0009236296141629,342.3466452354629,0.05112540780699337,True,False,False,False,False,False,False,False,True,h=1,100M<=p<500M,finite_zone,True,True,False,True,-0.05112540780699337,1.0,9.213354318529043e-09,1.0,18.502611849019125,0.054046423724389635,9.598621941992008e-05,0.05344226319411893,-0.0003403501564852307,,pass
hexc_00756,757,108553421,108553420,1,108553421,positive,negative,False,True,theta_local,17.50275296922265,-18.179402904223025,0.0531015152338989,0.0536206781597749,0.0,0.0005191629258759,342.3518674400776,0.051125040152690815,True,False,False,False,False,False,False,False,True,h=1,100M<=p<500M,finite_zone,True,True,False,True,-0.051125040152690815,1.0,9.2120542198297e-09,1.0,18.50275296922265,0.05404601151317282,9.597944686144894e-05,0.0534417924113495,-0.0003402771774505958,,pass
hexc_00757,758,33844303,33844302,1,33844303,positive,negative,False,True,theta_local,16.337281241828904,-17.01393117682892,0.0566034214243512,0.057322995670915,0.0,0.0007195742465637,300.5813208582724,0.05435228375196382,True,False,False,False,False,False,False,False,True,h=1,1M<=p<100M,finite_zone,True,True,False,True,-0.05435228375196382,1.0,2.9547070300132935e-08,1.0,17.337281241828904,0.05767917045651561,0.00017189261269796597,0.057366285786591975,-0.0007628643622407741,,pass
hexc_00758,759,3281171,3281170,1,3281171,positive,negative,False,True,theta_local,14.00371092884176,-14.68036086384177,0.0652137771341773,0.0668113902823667,0.0,0.0015976131481894,225.11134163624564,0.06220793153758626,True,False,False,False,False,False,False,False,True,h=1,1M<=p<100M,finite_zone,True,True,False,True,-0.06220793153758626,1.0,3.047692424442371e-07,1.0,15.003710928841759,0.06665017772887717,0.0005520590932538265,0.06566117463419596,-0.0004473975000186675,,pass
hexc_00759,760,12808039,12808038,1,12808039,positive,negative,False,True,theta_local,15.365583578625944,-16.042233513625888,0.0598965545386514,0.0611901506330895,0.0,0.001293596094438,267.8323258689912,0.05737016071070503,True,False,False,False,False,False,False,False,True,h=1,1M<=p<100M,finite_zone,True,True,False,True,-0.05737016071070503,1.0,7.807596463439875e-08,1.0,16.365583578625944,0.06110383996975439,0.00027942076629055104,0.060721498681892694,-0.0008249441432412949,,pass
hexc_00760,761,33914047,33914046,1,33914047,positive,negative,False,True,theta_local,16.339339852306598,-17.015989787306353,0.0565968288947567,0.0586737719164166,0.0,0.0020769430216598,300.6527065137878,0.05434622572259227,True,False,False,False,False,False,False,False,True,h=1,1M<=p<100M,finite_zone,True,True,False,True,-0.05434622572259227,1.0,2.948630695711426e-08,1.0,17.339339852306598,0.057672322505805965,0.000171715773757434,0.057359274522648995,-0.0007624456278922942,,pass
hexc_00761,762,179410171,179410170,1,179410171,positive,negative,False,True,theta_local,18.005185200519243,-18.681835135518668,0.0517220015646237,0.0533353866234197,0.0,0.0016133850587959,361.19706450603564,0.04984864764929,True,False,False,False,False,False,False,False,True,h=1,100M<=p<500M,finite_zone,True,True,False,True,-0.04984864764929,1.0,5.57382000377225e-09,1.0,19.005185200519243,0.052617219429815336,7.465802035797795e-05,0.05177059214965474,-4.8590585031038636e-05,,pass
hexc_00762,763,17591191,17591190,1,17591191,positive,negative,False,True,theta_local,15.68290882334712,-16.359558758347248,0.0587797904385255,0.0608443000978966,0.0,0.002064509659371,278.3194468081132,0.05634859153108217,True,False,False,False,False,False,False,False,True,h=1,1M<=p<100M,finite_zone,True,True,False,True,-0.05634859153108217,1.0,5.6846634204585696e-08,1.0,16.68290882334712,0.05994158516292654,0.000238425322070844,0.05961453098818925,-0.0008347405496637525,,pass
hexc_00763,764,109683073,109683072,1,109683073,positive,negative,False,True,theta_local,17.51310561069601,-18.18975554569533,0.0530723484157052,0.0541096892228777,0.0,0.0010373408071724,342.73507935278406,0.05109808323025324,True,False,False,False,False,False,False,False,True,h=1,100M<=p<500M,finite_zone,True,True,False,True,-0.05109808323025324,1.0,9.117177087115347e-09,1.0,18.51310561069601,0.05401578865418705,9.54839100954467e-05,0.05340725789769363,-0.0003349094819884296,,pass
hexc_00764,765,12808583,12808582,1,12808583,positive,negative,False,True,theta_local,15.36562605104874,-16.042275986048708,0.0598964022269967,0.0624356832554669,0.0,0.0025392810284701,267.83371604276516,0.05737002151213592,True,False,False,False,False,False,False,False,True,h=1,1M<=p<100M,finite_zone,True,True,False,True,-0.05737002151213592,1.0,7.807264862943855e-08,1.0,16.36562605104874,0.06110368139176186,0.0002794148325150949,0.06072134965675069,-0.0008249474297539888,,pass
hexc_00765,766,33871373,33871372,1,33871373,positive,negative,False,True,theta_local,16.338080761321024,-17.01473069632084,0.0566008608470466,0.0590450032161895,0.0,0.0024441423691428,300.6090444860902,0.05434993078552239,True,False,False,False,False,False,False,False,True,h=1,1M<=p<100M,finite_zone,True,True,False,True,-0.05434993078552239,1.0,2.9523456282684496e-08,1.0,17.338080761321024,0.057676510668405026,0.00017182391068382914,0.05736356272364396,-0.0007627018765973548,,pass
hexc_00766,767,40833383,40833382,1,40833493,positive,negative,False,True,theta_local,16.525010515606738,-17.20166045060705,0.0560084640254823,0.0583978036622422,1.4806536099199137e-15,0.0023893396367583,307.12608799235676,0.05380529743867927,True,False,False,False,False,False,False,False,True,h=1,1M<=p<100M,finite_zone,True,True,False,True,-0.05380529743867927,1.0,2.4489766130815075e-08,1.0000026938742743,17.525013209477383,0.057061297931530704,0.00015649206411449455,0.05673228271377284,-0.0007238186882905437,,pass
hexc_00767,768,30785057,30785056,1,30785057,positive,negative,False,True,theta_local,16.242539967876812,-16.919189902876496,0.0569084926279926,0.0593828883794093,1.5295641466333878e-15,0.0024743957514151,297.3051845438293,0.054632548681579775,True,False,False,False,False,False,False,False,True,h=1,1M<=p<100M,finite_zone,True,True,False,True,-0.054632548681579775,1.0,3.248329213748085e-08,1.0,17.242539967876812,0.05799609581088514,0.0001802312185429618,0.057689334783247004,-0.0007808421552544034,,pass
hexc_00768,769,30781873,30781872,1,30781873,positive,negative,False,True,theta_local,16.242436535725727,-16.919086470725688,0.0569088274805524,0.0591803064401032,1.5295824974719249e-15,0.0022714789595491,297.3016176885294,0.05463285622866087,True,False,False,False,False,False,False,False,True,h=1,1M<=p<100M,finite_zone,True,True,False,True,-0.05463285622866087,1.0,3.248665212802353e-08,1.0,17.242436535725727,0.05799644371188694,0.00018024053963529827,0.05768968787665196,-0.0007808603960995641,,pass
hexc_00769,770,39655523,39655522,1,39655523,positive,negative,False,True,theta_local,16.49574079016558,-17.17239072516577,0.0561004170714749,0.0581089872552633,0.0,0.0020085701837883,306.1009457966637,0.05388987200687497,True,False,False,False,False,False,False,False,True,h=1,1M<=p<100M,finite_zone,True,True,False,True,-0.05388987200687497,1.0,2.521716836265153e-08,1.0,17.49574079016558,0.05715676815251536,0.00015879914471637286,0.05682757420896811,-0.0007271571374932104,,pass
hexc_00770,771,179400653,179400652,1,179400653,positive,negative,False,True,theta_local,18.00513214749316,-18.681782082493555,0.0517221434481201,0.0530759787374816,0.0,0.0013538352893614,361.195047943678,0.0498487790737949,True,False,False,False,False,False,False,False,True,h=1,100M<=p<500M,finite_zone,True,True,False,True,-0.0498487790737949,1.0,5.574115719634532e-09,1.0,19.00513214749316,0.05261736631133624,7.466000080119564e-05,0.05177076814162729,-4.862469350718629e-05,,pass
hexc_00771,772,604205269,604205268,1,604205269,positive,negative,True,False,theta_local,19.21942454750113,-19.8960744824999,0.0486664665883053,0.050031926940773,0.0,0.0013654603524676,408.8251290320913,0.04701135811539724,True,False,False,False,False,False,False,False,True,h=1,p>=500M,post_P0_tail,True,True,False,True,-0.04701135811539724,1.0,1.6550666657625589e-09,1.0,20.21942454750113,0.04945739171017048,4.0682510563663085e-05,0.047761718155483024,0.0009047484328222749,,pass
hexc_00772,773,179641949,179641948,1,179642051,positive,negative,False,True,theta_local,18.006476255601687,-18.6831261906018,0.0517185459536955,0.0531779872246815,0.0,0.0014594412709859,361.24616123835153,0.04984544664467991,True,False,False,False,False,False,False,False,True,h=1,100M<=p<500M,finite_zone,True,True,False,True,-0.04984544664467991,1.0,5.566628538415601e-09,1.000000567796111,19.006476823397637,0.05261364372217396,7.460984210153243e-05,0.05176715408419841,-4.860813050290569e-05,,pass
hexc_00773,774,604715861,604715860,1,604715861,positive,negative,True,False,theta_local,19.22026925443476,-19.896919189433905,0.0486644665739034,0.050523556039102,8.897874910619307e-15,0.0018590894651896,408.8592887218397,0.04700949638326778,True,False,False,False,False,False,False,False,True,h=1,p>=500M,post_P0_tail,True,True,False,True,-0.04700949638326778,1.0,1.6536692097778463e-09,1.0,20.22026925443476,0.04945532561494835,4.066533179230002e-05,0.04775893980966761,0.0009055267642357895,,pass
hexc_00774,775,12802243,12802242,1,12802243,positive,negative,False,True,theta_local,15.365130947913094,-16.041780882913145,0.0598981777795952,0.0616732137971503,0.0,0.001775036017555,267.81751094234295,0.057371644198504164,True,False,False,False,False,False,False,False,True,h=1,1M<=p<100M,finite_zone,True,True,False,True,-0.057371644198504164,1.0,7.811131221302393e-08,1.0,16.365130947913094,0.061105529994400776,0.0002794840106571822,0.06072308686537187,-0.0008249090857766692,,pass
hexc_00775,776,33843647,33843646,1,33843647,positive,negative,False,True,theta_local,16.33726185876294,-17.013911793762873,0.0566034835043103,0.0580181471462947,0.0,0.0014146636419843,300.5806487593162,0.054352340798374775,True,False,False,False,False,False,False,False,True,h=1,1M<=p<100M,finite_zone,True,True,False,True,-0.054352340798374775,1.0,2.9547643018496205e-08,1.0,17.33726185876294,0.057679234941852155,0.0001718942786089642,0.05736635180352101,-0.0007628682992107116,,pass
hexc_00776,777,17640809,17640808,1,17640809,positive,negative,False,True,theta_local,15.68572546916931,-16.362375404169597,0.0587700641584428,0.0603935734510648,1.6333527576117716e-15,0.0016235092926202,278.41343443248536,0.056339685982261974,True,False,False,False,False,False,False,False,True,h=1,1M<=p<100M,finite_zone,True,True,False,True,-0.056339685982261974,1.0,5.668674265448937e-08,1.0,16.68572546916931,0.05993146668077025,0.00023808977855945302,0.05960475990409453,-0.0008346957456517312,,pass
hexc_00777,778,7049899,7049898,1,7049899,positive,negative,False,True,theta_local,14.768523848444696,-15.445173783444488,0.0621170354354632,0.0630278233070192,0.0,0.0009107878715559,248.64634435896912,0.05939570069497371,True,False,False,False,False,False,False,False,True,h=1,1M<=p<100M,finite_zone,True,True,False,True,-0.05939570069497371,1.0,1.418460037512594e-07,1.0,15.768523848444696,0.06341747709622378,0.0003766244863936218,0.0628432643890704,-0.0007262289536071956,,pass
hexc_00778,779,109504859,109504858,1,109504859,positive,negative,False,True,theta_local,17.51147948066554,-18.18812941566557,0.0530769276417148,0.0544341084483662,0.0,0.0013571808066513,342.6748725631013,0.05110231558469732,True,False,False,False,False,False,False,False,True,h=1,100M<=p<500M,finite_zone,True,True,False,True,-0.05110231558469732,1.0,9.132014863376976e-09,1.0,18.51147948066554,0.054020533639380794,9.556157629181811e-05,0.0534126820665477,-0.00033575442483289863,,pass
hexc_00779,780,33489829,33489828,1,33489829,positive,negative,False,True,theta_local,16.32675233875556,-17.00340227375591,0.0566371633851281,0.0580387605100748,0.0,0.0014015971249466,300.2163466085713,0.054383288995394845,True,False,False,False,False,False,False,False,True,h=1,1M<=p<100M,finite_zone,True,True,False,True,-0.054383288995394845,1.0,2.985981206413446e-08,1.0,17.32675233875556,0.05771422020982276,0.0001727999191670368,0.05740215073772581,-0.0007649873525977097,,pass
hexc_00780,781,179403241,179403240,1,179403241,positive,negative,False,True,theta_local,18.00514657320059,-18.68179650820093,0.0517221048683441,0.0537922432211968,0.0,0.0020701383528526,361.1955962688382,0.04984874333794298,True,False,False,False,False,False,False,False,True,h=1,100M<=p<500M,finite_zone,True,True,False,True,-0.04984874333794298,1.0,5.574035309651959e-09,1.0,19.00514657320059,0.05261732637253707,7.465946229147354e-05,0.051770720287445116,-4.861541910101269e-05,,pass
hexc_00781,782,39638461,39638460,1,39638461,positive,negative,False,True,theta_local,16.495310442252595,-17.171960377252617,0.0561017710393171,0.058224590403179,0.0,0.0021228193638618,306.0858874707927,0.053891117223843286,True,False,False,False,False,False,False,False,True,h=1,1M<=p<100M,finite_zone,True,True,False,True,-0.053891117223843286,1.0,2.522802285386408e-08,1.0,17.495310442252595,0.05715817408903581,0.00015883331783307959,0.05682903465538125,-0.0007272636160641499,,pass
hexc_00782,783,33388679,33388678,1,33388679,positive,negative,False,True,theta_local,16.323727448393875,-17.000377383393698,0.0566468646842523,0.0577338441229788,0.0,0.0010869794387264,300.1115327062354,0.054392203129269207,True,False,False,False,False,False,False,False,True,h=1,1M<=p<100M,finite_zone,True,True,False,True,-0.054392203129269207,1.0,2.995027146776307e-08,1.0,17.323727448393875,0.05772429767086369,0.00017306146731078836,0.05741245618639179,-0.0007655915021394927,,pass
hexc_00783,784,109517449,109517448,1,109517449,positive,negative,False,True,theta_local,17.511594446123887,-18.18824438112369,0.0530766038699337,0.054757713314497,0.0,0.0016811094445632,342.67912893776474,0.05110201633932668,True,False,False,False,False,False,False,False,True,h=1,100M<=p<500M,finite_zone,True,True,False,True,-0.05110201633932668,1.0,9.13096505744943e-09,1.0,18.511594446123887,0.05402019814718815,9.555608330948601e-05,0.053412298580562734,-0.0003356947106290323,,pass
hexc_00784,785,30423473,30423472,1,30423473,positive,negative,False,True,theta_local,16.230725006589036,-16.90737494158884,0.0569467680247893,0.0593544515613056,0.0,0.0024076835365162,296.89788425269273,0.05466770181755457,True,False,False,False,False,False,False,False,True,h=1,1M<=p<100M,finite_zone,True,True,False,True,-0.05466770181755457,1.0,3.2869357157218705e-08,1.0,17.230725006589036,0.05803586323950963,0.00018129908206391643,0.057729674221348226,-0.0007829061965589287,,pass
hexc_00785,786,179410691,179410690,1,179410691,positive,negative,False,True,theta_local,18.00518809890144,-18.68183803390184,0.0517219938132984,0.0536146024132842,0.0,0.0018926085999857,361.197174674625,0.049848640469352896,True,False,False,False,False,False,False,False,True,h=1,100M<=p<500M,finite_zone,True,True,False,True,-0.049848640469352896,1.0,5.573803848734967e-09,1.0,19.005188098901442,0.052617211405437396,7.465791216431764e-05,0.051770582534899745,-4.8588721601343365e-05,,pass
hexc_00786,787,179663243,179663242,1,179663243,positive,negative,False,True,theta_local,18.00659478436497,-18.683244719364662,0.0517182320989399,0.0536805356077712,0.0,0.0019623035088312,361.25064529704986,0.049845156039952467,True,False,False,False,False,False,False,False,True,h=1,100M<=p<500M,finite_zone,True,True,False,True,-0.049845156039952467,1.0,5.565968771920698e-09,1.0,19.006594784364975,0.05261331718518093,7.460542052639807e-05,0.05176591619252169,-4.768409358178738e-05,,pass
hexc_00787,788,33902543,33902542,1,33902543,positive,negative,False,True,theta_local,16.339000584286474,-17.015650519286282,0.0565979152668499,0.0582634791934014,0.0,0.0016655639265514,300.64094126188667,0.0543472240198106,True,False,False,False,False,False,False,False,True,h=1,1M<=p<100M,finite_zone,True,True,False,True,-0.0543472240198106,1.0,2.949631241526631e-08,1.0,17.339000584286474,0.05767345096615622,0.00017174490506348744,0.05736042998608082,-0.0007625147192309167,,pass
hexc_00788,789,30400081,30400080,1,30400081,positive,negative,False,True,theta_local,16.229955830846585,-16.90660576584696,0.0569492616080586,0.0584791030093198,1.5317992392961869e-15,0.0015298414012595,296.87137793292425,0.054669991913176674,True,False,False,False,False,False,False,False,True,h=1,1M<=p<100M,finite_zone,True,True,False,True,-0.054669991913176674,1.0,3.289464919517813e-08,1.0,17.229955830846585,0.05803845406322586,0.00018136882090143865,0.057732300806503156,-0.0007830391984445587,,pass
hexc_00789,790,108548801,108548800,1,108548801,positive,negative,False,True,theta_local,17.502710408626463,-18.179360343627195,0.0531016352073352,0.0550239769450118,0.0,0.0019223417376765,342.3502924654942,0.05112515103339828,True,False,False,False,False,False,False,False,True,h=1,100M<=p<500M,finite_zone,True,True,False,True,-0.05112515103339828,1.0,9.21244629869288e-09,1.0,18.502710408626466,0.054046135831741324,9.598148935442124e-05,0.053441934395149104,-0.00034029918781390556,,pass
hexc_00790,791,109515877,109515876,1,109515877,positive,negative,False,True,theta_local,17.5115800921438,-18.18823002714361,0.0530766442941529,0.0549357814860258,0.0,0.0018591371918728,342.6785975078546,0.05110205370133281,True,False,False,False,False,False,False,False,True,h=1,100M<=p<500M,finite_zone,True,True,False,True,-0.05110205370133281,1.0,9.131096124080712e-09,1.0,18.5115800921438,0.05402024003474419,9.555676911700558e-05,0.05341234646056736,-0.0003357021664144588,,pass
hexc_00791,792,3281233,3281232,1,3281233,positive,negative,False,True,theta_local,14.003729824356268,-14.680379759356242,0.065213696813724,0.0668612257977394,0.0,0.0016475289840153,225.11190864227777,0.062207858788179006,True,False,False,False,False,False,False,False,True,h=1,1M<=p<100M,finite_zone,True,True,False,True,-0.062207858788179006,1.0,3.047634837270014e-07,1.0,15.003729824356268,0.06665009379045551,0.0005520538775581613,0.0656611032719363,-0.00044740645821229885,,pass
hexc_00792,793,30819821,30819820,1,30819821,positive,negative,False,True,theta_local,16.243668579922442,-16.920318514922656,0.0569048391010043,0.0585918386816566,1.5293639307664341e-15,0.0016869995806507,297.34410609420445,0.054629193069581576,True,False,False,False,False,False,False,False,True,h=1,1M<=p<100M,finite_zone,True,True,False,True,-0.054629193069581576,1.0,3.244665178295487e-08,1.0,17.243668579922442,0.05799229991953938,0.00018012954167197248,0.05768548202227408,-0.0007806429212697807,,pass
hexc_00793,794,40869523,40869522,1,40869523,positive,negative,False,True,theta_local,16.525895184319918,-17.202545119319893,0.0560057072007129,0.0579407179303479,0.0,0.0019350107296349,307.1570020117681,0.053802762353067766,True,False,False,False,False,False,False,False,True,h=1,1M<=p<100M,finite_zone,True,True,False,True,-0.053802762353067766,1.0,2.4468110381420405e-08,1.0,17.525895184319918,0.05705842637326057,0.00015642285760533977,0.05672527507217118,-0.0007195678714582779,,pass
hexc_00794,795,109516811,109516810,1,109516811,positive,negative,False,True,theta_local,17.51158862055121,-18.18823855555184,0.0530766202761258,0.0550972136041918,0.0,0.0020205933280659,342.6789132565211,0.05110203150271595,True,False,False,False,False,False,False,False,True,h=1,100M<=p<500M,finite_zone,True,True,False,True,-0.05110203150271595,1.0,9.131018250704908e-09,1.0,18.511588620551212,0.0540202151472737,9.555636164434531e-05,0.05341231801269464,-0.00033569773656883656,,pass
hexc_00795,796,109773007,109773006,1,109773007,positive,negative,False,True,theta_local,17.51392521892955,-18.190575153929785,0.0530700406762051,0.0537023351121069,0.0,0.0006322944359017,342.7654270121156,0.05109595028763065,True,False,False,False,False,False,False,False,True,h=1,100M<=p<500M,finite_zone,True,True,False,True,-0.05109595028763065,1.0,9.10970763513839e-09,1.0,18.51392521892955,0.05401339738466431,9.544478841266499e-05,0.05340452403018747,-0.00033448335398237466,,pass
hexc_00796,797,33411431,33411430,1,33411431,positive,negative,False,True,theta_local,16.324408644903276,-17.0010585799032,0.05664467969009,0.0588318641221281,1.5151420077647554e-15,0.0021871844320365,300.1351348955994,0.054390195438403593,True,False,False,False,False,False,False,False,True,h=1,1M<=p<100M,finite_zone,True,True,False,True,-0.054390195438403593,1.0,2.992987639469857e-08,1.0,17.324408644903276,0.05772202794894204,0.00017300253291411245,0.0574101353643679,-0.0007654556742778956,,pass
hexc_00797,798,3280793,3280792,1,3280793,positive,negative,False,True,theta_local,14.003595719431765,-14.6802456544317,0.0652142668669576,0.0676751651816931,5.050326778557562e-16,0.002460898314735,225.10788451215117,0.06220837510769579,True,False,False,False,False,False,False,False,True,h=1,1M<=p<100M,finite_zone,True,True,False,True,-0.06220837510769579,1.0,3.0480435675155365e-07,1.0,15.003595719431765,0.06665068952136984,0.0005520908953710011,0.0656616097450673,-0.0004473428781096994,,pass
hexc_00798,799,109494367,109494366,1,109494367,positive,negative,False,True,theta_local,17.511383662975224,-18.188033597974936,0.0530771974915582,0.0544354326344731,0.0,0.0013582351429148,342.671325117866,0.051102564992714136,True,False,False,False,False,False,False,False,True,h=1,100M<=p<500M,finite_zone,True,True,False,True,-0.051102564992714136,1.0,9.132889913871094e-09,1.0,18.511383662975224,0.05402081325774197,9.556615464625065e-05,0.0534130016824681,-0.0003358041909098941,,pass
hexc_00799,800,109588943,109588942,1,109588943,positive,negative,False,True,theta_local,17.512247042352456,-18.18889697735267,0.0530747660688795,0.0551859703215391,0.0,0.0021112042526595,342.70329055708726,0.05110031775266914,True,False,False,False,False,False,False,False,True,h=1,100M<=p<500M,finite_zone,True,True,False,True,-0.05110031775266914,1.0,9.125008168022936e-09,1.0,18.512247042352456,0.05401829381988003,9.55249086260905e-05,0.053410121750373296,-0.0003353556814937944,,pass
hexc_00800,801,12776243,12776242,1,12776243,positive,negative,False,True,theta_local,15.363097988733678,-16.039747923733785,0.0599054695374101,0.0615826442165738,8.491983073947703e-16,0.0016771746791628,267.7509757889001,0.057378308121820744,True,False,False,False,False,False,False,False,True,h=1,1M<=p<100M,finite_zone,True,True,False,True,-0.057378308121820744,1.0,7.827027084566253e-08,1.0,16.363097988733678,0.06111312177489373,0.0002797682448843373,0.06073022042234255,-0.0008247508849324528,,pass
hexc_00801,802,30417553,30417552,1,30417553,positive,negative,False,True,theta_local,16.23053040106024,-16.907180336060264,0.0569473988939106,0.0580181511169566,0.0,0.0010707522230459,296.8911779018611,0.05466828120580034,True,False,False,False,False,False,False,False,True,h=1,1M<=p<100M,finite_zone,True,True,False,True,-0.05466828120580034,1.0,3.287575433829276e-08,1.0,17.23053040106024,0.05803651870974717,0.00018131672382406638,0.057730338756490696,-0.000782939862580094,,pass
hexc_00802,803,33925471,33925470,1,33925471,positive,negative,False,True,theta_local,16.33967664715552,-17.01632658215567,0.0565957504832544,0.0580579226831622,1.512474944544164e-15,0.0014621721999062,300.66438622791054,0.054345234738808305,True,False,False,False,False,False,False,False,True,h=1,1M<=p<100M,finite_zone,True,True,False,True,-0.054345234738808305,1.0,2.9476377792956802e-08,1.0,17.33967664715552,0.057671202315300645,0.00017168685969798855,0.05735812749142433,-0.0007623770081699247,,pass
hexc_00803,804,178898003,178898002,1,178898003,positive,negative,False,True,theta_local,18.00232638575594,-18.678976320756192,0.0517296482059704,0.0527469382777879,0.0,0.0010172900718174,361.0884080707964,0.04985573057284723,True,False,False,False,False,False,False,False,True,h=1,100M<=p<500M,finite_zone,True,True,False,True,-0.04985573057284723,1.0,5.589777321326499e-09,1.0,19.00232638575594,0.05262513545444602,7.476481339056828e-05,0.05178007578066479,-5.042757469439496e-05,,pass
hexc_00804,805,109709983,109709982,1,109709983,positive,negative,False,True,theta_local,17.51335092383969,-18.19000085884,0.053071657675849,0.0550647003640815,0.0,0.0019930426882324,342.744162429236,0.05109744481047303,True,False,False,False,False,False,False,False,True,h=1,100M<=p<500M,finite_zone,True,True,False,True,-0.05109744481047303,1.0,9.114940798049345e-09,1.0,18.513350923839692,0.0540150729121813,9.547219908459919e-05,0.05340643963347591,-0.0003347819576269076,,pass
hexc_00805,806,108585227,108585226,1,108585227,positive,negative,False,True,theta_local,17.50304592490346,-18.179695859903404,0.053100689440164,0.0543407069590195,0.0,0.0012400175188554,342.3627084990866,0.05112427694487105,True,False,False,False,False,False,False,False,True,h=1,100M<=p<500M,finite_zone,True,True,False,True,-0.05112427694487105,1.0,9.209355891478682e-09,1.0,18.50304592490346,0.054045155811567686,9.596538902895503e-05,0.053440815101941874,-0.00034012566177787223,,pass
hexc_00806,807,109720099,109720098,1,109720099,positive,negative,False,True,theta_local,17.513443126330024,-18.19009306133012,0.0530713980615686,0.0549238276792854,0.0,0.0018524296177167,342.7475763918564,0.051097204860486765,True,False,False,False,False,False,False,False,True,h=1,100M<=p<500M,finite_zone,True,True,False,True,-0.051097204860486765,1.0,9.114100416551757e-09,1.0,18.513443126330024,0.05401480390094422,9.546779779879578e-05,0.053406132084377944,-0.00033473402280934095,,pass
hexc_00807,808,604691687,604691686,1,604691687,positive,negative,True,False,theta_local,19.22022927783623,-19.89687921283621,0.048664561222878,0.0491088496551064,4.448955046956111e-15,0.0004442884322238,408.8576720482654,0.047009584488284455,True,False,False,False,False,False,False,False,True,h=1,p>=500M,post_P0_tail,True,True,False,True,-0.047009584488284455,1.0,1.6537353191693539e-09,1.0,20.22022927783623,0.049455423391074935,4.066614463124521e-05,0.0477590712974012,0.0009054899254768017,,pass
hexc_00808,809,33492971,33492970,1,33492971,positive,negative,False,True,theta_local,16.32684615388429,-17.003496088884276,0.0566368625583607,0.0587843967905765,0.0,0.0021475342322157,300.2195976403748,0.05438301257548747,True,False,False,False,False,False,False,False,True,h=1,1M<=p<100M,finite_zone,True,True,False,True,-0.05438301257548747,1.0,2.9857010893419996e-08,1.0,17.32684615388429,0.05771390771977406,0.00017279181373381088,0.05740183113242403,-0.0007649685740633294,,pass
hexc_00809,810,604693769,604693768,1,604693769,positive,negative,True,False,theta_local,19.22023272090724,-19.896882655906666,0.0486645530710147,0.0503376269382549,0.0,0.0016730738672401,408.8578112876477,0.04700957690003639,True,False,False,False,False,False,False,False,True,h=1,p>=500M,post_P0_tail,True,True,False,True,-0.04700957690003639,1.0,1.6537296252510252e-09,1.0,20.220232720907237,0.04945541496987935,4.0666074623093695e-05,0.047759059972734885,0.0009054930982798151,,pass
hexc_00810,811,33844121,33844120,1,33844121,positive,negative,False,True,theta_local,16.33727586424765,-17.013925799247772,0.0566034386476207,0.0585494753453541,1.5128938541161414e-15,0.0019460366977318,300.5811343930241,0.054352299578741645,True,False,False,False,False,False,False,False,True,h=1,1M<=p<100M,finite_zone,True,True,False,True,-0.054352299578741645,1.0,2.9547229192331513e-08,1.0,17.33727586424765,0.05767918834712473,0.0001718930748818332,0.05736630410213306,-0.0007628654545123598,,pass
hexc_00811,812,30419107,30419106,1,30419107,positive,negative,False,True,theta_local,16.230581488677487,-16.90723142367733,0.0569472332775291,0.0587260679523749,0.0,0.0017788346748457,296.89293843795525,0.05466812910428773,True,False,False,False,False,False,False,False,True,h=1,1M<=p<100M,finite_zone,True,True,False,True,-0.05466812910428773,1.0,3.2874074837239636e-08,1.0,17.230581488677487,0.05803634663502896,0.0001813120923635256,0.05773016430318356,-0.0007829310256544653,,pass
hexc_00812,813,40395413,40395412,1,40395413,positive,negative,False,True,theta_local,16.51422679688131,-17.190876731881417,0.0560423176990859,0.0577659682430466,1.4824779392393316e-15,0.0017236505439591,306.74814029259534,0.05383643656691454,True,False,False,False,False,False,False,False,True,h=1,1M<=p<100M,finite_zone,True,True,False,True,-0.05383643656691454,1.0,2.475528595288777e-08,1.0,17.51422679688131,0.05709644003114463,0.00015733812618970574,0.05676485227522865,-0.0007225345761427485,,pass
hexc_00813,814,17640283,17640282,1,17640283,positive,negative,False,True,theta_local,15.68569565149813,-16.362345586498122,0.0587701671062663,0.0603442256773584,1.6333585952849472e-15,0.0015740585710904,278.41243937442357,0.05633978024381011,True,False,False,False,False,False,False,False,True,h=1,1M<=p<100M,finite_zone,True,True,False,True,-0.05633978024381011,1.0,5.668843294634219e-08,1.0,16.68569565149813,0.059931573779497455,0.00023809332822727767,0.0596048633383226,-0.0008346962320563006,,pass
hexc_00814,815,179434153,179434152,1,179434153,positive,negative,False,True,theta_local,18.005318862937354,-18.68196879793686,0.0517216441051303,0.0538741721336456,2.5179659483103307e-15,0.0021525280285127,361.2021450819224,0.049848316539907754,True,False,False,False,False,False,False,False,True,h=1,100M<=p<500M,finite_zone,True,True,False,True,-0.049848316539907754,1.0,5.573075043300146e-09,1.0,19.005318862937354,0.05261684937841899,7.465303103893469e-05,0.05177014875381181,-4.850464868150911e-05,,pass
hexc_00815,816,3454793,3454792,1,3454793,positive,negative,False,True,theta_local,14.055273100219722,-14.73192303521978,0.0649953318322741,0.0663843003850636,0.0,0.0013889685527894,226.66124812219957,0.06201004016638134,True,False,False,False,False,False,False,False,True,h=1,1M<=p<100M,finite_zone,True,True,False,True,-0.06201004016638134,1.0,2.8945294262203264e-07,1.0,15.055273100219722,0.0664219103395345,0.0005380083109228264,0.06546680152913575,-0.00047146969686165385,,pass
hexc_00816,817,30802217,30802216,1,30802217,positive,negative,False,True,theta_local,16.24309722587281,-16.919747160872703,0.0569066886216616,0.0585321383384456,0.0,0.001625449716784,297.3244019409026,0.054630891779617045,True,False,False,False,False,False,False,False,True,h=1,1M<=p<100M,finite_zone,True,True,False,True,-0.054630891779617045,1.0,3.246519560588772e-08,1.0,17.24309722587281,0.05799422150792762,0.0001801810078945273,0.05768743244918606,-0.0007807438275244591,,pass
hexc_00817,818,31020079,31020078,1,31020079,positive,negative,False,True,theta_local,16.25014526245346,-16.92679519745343,0.0568838819393249,0.0594310936382445,0.0,0.0025472116989195,297.5675115757456,0.05460994440018698,True,False,False,False,False,False,False,False,True,h=1,1M<=p<100M,finite_zone,True,True,False,True,-0.05460994440018698,1.0,3.223718417996292e-08,1.0,17.25014526245346,0.05797052632226771,0.00017954716422144605,0.057663374559133285,-0.0007794926198083849,,pass
hexc_00818,819,1185749,1185748,1,1185749,positive,negative,False,True,theta_local,12.98588520039138,-13.662535135391408,0.0698475815770744,0.0716117424653728,0.0,0.0017641608882983,195.60498483852666,0.06638831424010652,True,False,False,False,False,False,False,False,True,h=1,1M<=p<100M,finite_zone,True,True,False,True,-0.06638831424010652,1.0,8.43348803161546e-07,1.0,13.985885200391381,0.07150065839036174,0.0009183402436796212,0.06967496707070575,0.00017261450636864295,,pass
hexc_00819,820,33904331,33904330,1,33904331,positive,negative,False,True,theta_local,16.3390533223024,-17.015703257302448,0.0565977463914077,0.0579569097919857,0.0,0.0013591634005779,300.64277011364595,0.054347068835635316,True,False,False,False,False,False,False,False,True,h=1,1M<=p<100M,finite_zone,True,True,False,True,-0.054347068835635316,1.0,2.949475687929073e-08,1.0,17.3390533223024,0.05767327554808009,0.00017174037638042702,0.05736025037275927,-0.0007625039813515672,,pass
hexc_00820,821,179381039,179381038,1,179381039,positive,negative,False,True,theta_local,18.0050228108104,-18.68167274581083,0.0517224358574682,0.0529985614028999,0.0,0.0012761255454316,361.1908920394236,0.04984904992799533,True,False,False,False,False,False,False,False,True,h=1,100M<=p<500M,finite_zone,True,True,False,True,-0.04984904992799533,1.0,5.574725208275775e-09,1.0,19.0050228108104,0.052617669021222224,7.466408245117444e-05,0.05177113084277907,-4.869498531086952e-05,,pass
hexc_00821,822,179603471,179603470,1,179603471,positive,negative,False,True,theta_local,18.00626203992625,-18.682911974926355,0.0517191218643393,0.0536815582664552,0.0,0.0019624364021158,361.2379967303415,0.04984598022053489,True,False,False,False,False,False,False,False,True,h=1,100M<=p<500M,finite_zone,True,True,False,True,-0.04984598022053489,1.0,5.567821125238721e-09,1.0,19.00626203992625,0.05261423829153312,7.461783382837323e-05,0.05176701998679811,-4.789812245881153e-05,,pass
hexc_00822,823,30406001,30406000,1,30406001,positive,negative,False,True,theta_local,16.230150548211164,-16.9068004832111,0.056948630335114,0.0593466964714865,0.0,0.0023980661363724,296.8780879140215,0.054669412155846135,True,False,False,False,False,False,False,False,True,h=1,1M<=p<100M,finite_zone,True,True,False,True,-0.054669412155846135,1.0,3.28882446593355e-08,1.0,17.230150548211164,0.058037798172565595,0.0001813511639315709,0.05773163587988872,-0.0007830055447747217,,pass
hexc_00823,824,179394233,179394232,1,179394233,positive,negative,False,True,theta_local,18.00509636102991,-18.68174629602981,0.0517222391548508,0.0535472114495682,0.0,0.0018249722947173,361.1936876920323,0.04984886772545635,True,False,False,False,False,False,False,False,True,h=1,100M<=p<500M,finite_zone,True,True,False,True,-0.04984886772545635,1.0,5.574315201091219e-09,1.0,19.00509636102991,0.05261746538946824,7.466133672183495e-05,0.051770886855552645,-4.8647700701842655e-05,,pass
hexc_00824,825,179410591,179410590,1,179410591,positive,negative,False,True,theta_local,18.005187541520904,-18.68183747652074,0.0517219953039349,0.0534232251378626,0.0,0.0017012298339276,361.1971534883814,0.049848641850108254,True,False,False,False,False,False,False,False,True,h=1,100M<=p<500M,finite_zone,True,True,False,True,-0.049848641850108254,1.0,5.573806955465634e-09,1.0,19.005187541520904,0.052617212948585,7.465793297075424e-05,0.05177058438388893,-4.858907995403117e-05,,pass
hexc_00825,826,604810681,604810680,1,604810681,positive,negative,True,False,theta_local,19.22042604305725,-19.89707597805864,0.0486640953632368,0.0501523170498039,4.44886846170197e-15,0.0014882216865625,408.86562936274794,0.047009150837682125,True,False,False,False,False,False,False,False,True,h=1,p>=500M,post_P0_tail,True,True,False,True,-0.047009150837682125,1.0,1.6534099535851285e-09,1.0,20.22042604305725,0.04945494213972575,4.066214398657711e-05,0.04775842411369413,0.000905671249542668,,pass
hexc_00826,827,31018847,31018846,1,31018847,positive,negative,False,True,theta_local,16.25010554545384,-16.926755480454176,0.0568840104080336,0.0593598199872785,0.0,0.0024758095792448,297.5661413292974,0.054610062397760804,True,False,False,False,False,False,False,False,True,h=1,1M<=p<100M,finite_zone,True,True,False,True,-0.054610062397760804,1.0,3.223846456962117e-08,1.0,17.25010554545384,0.05797065979480594,0.0001795507297941759,0.057663510118022954,-0.000779499709989355,,pass
hexc_00827,828,30355397,30355396,1,30355397,positive,negative,False,True,theta_local,16.2284848850314,-16.90513482003098,0.0569540308607625,0.0592740371209023,0.0,0.0023200062601397,296.82069143375537,0.054674371947055725,True,False,False,False,False,False,False,False,True,h=1,1M<=p<100M,finite_zone,True,True,False,True,-0.054674371947055725,1.0,3.294307104598237e-08,1.0,17.2284848850314,0.05804340931156567,0.00018150226182056897,0.05773732394069042,-0.0007832930799279228,,pass
hexc_00828,829,1507091,1507090,1,1507091,positive,negative,False,True,theta_local,13.225691860656145,-13.902341795656184,0.0686975370558974,0.069946484813987,0.0,0.0012489477580895,202.37030891433844,0.06535391447296976,True,False,False,False,False,False,False,False,True,h=1,1M<=p<100M,finite_zone,True,True,False,True,-0.06535391447296976,1.0,6.635299394661636e-07,1.0,14.225691860656143,0.07029535081985645,0.0008145734708828686,0.06869447077630464,3.0662795927616227e-06,,pass
hexc_00829,830,108592873,108592872,1,108592873,positive,negative,False,True,theta_local,17.503116337159607,-18.179766272160123,0.0531004909634591,0.0539425138851413,0.0,0.0008420229216821,342.36531418646274,0.051124093510322335,True,False,False,False,False,False,False,False,True,h=1,100M<=p<500M,finite_zone,True,True,False,True,-0.051124093510322335,1.0,9.208707462781651e-09,1.0,18.503116337159607,0.05404495014667939,9.596201051865082e-05,0.05344058020497844,-0.000340089241519341,,pass
hexc_00830,831,108531679,108531678,1,108531679,positive,negative,False,True,theta_local,17.502552660679388,-18.17920259567927,0.0531020798854151,0.0537885048618473,2.656665497549741e-15,0.0006864249764295,342.3444549612139,0.051125562009357944,True,False,False,False,False,False,False,False,True,h=1,100M<=p<500M,finite_zone,True,True,False,True,-0.051125562009357944,1.0,9.213899657813273e-09,1.0,18.502552660679388,0.05404659661502519,9.598906009443615e-05,0.053442460649094414,-0.00034038076367931547,,pass
hexc_00831,832,179380633,179380632,1,179380633,positive,negative,False,True,theta_local,18.0050205474694,-18.6816704824696,0.0517224419105677,0.0536472988717289,0.0,0.0019248569611612,361.1908060097341,0.0498490555348858,True,False,False,False,False,False,False,False,True,h=1,100M<=p<500M,finite_zone,True,True,False,True,-0.0498490555348858,1.0,5.574737825794159e-09,1.0,19.0050205474694,0.052617675287552075,7.466416694636163e-05,0.05177113835093472,-4.8696440367021476e-05,,pass
hexc_00832,833,187449623,187449622,1,187449623,positive,negative,False,True,theta_local,18.049020689941184,-18.725670624940904,0.0516050345415085,0.0533469583478093,0.0,0.0017419238063008,362.8651892458073,0.04974029260689059,True,False,False,False,False,False,False,False,True,h=1,100M<=p<500M,finite_zone,True,True,False,True,-0.04974029260689059,1.0,5.33476666421463e-09,1.0,19.049020689941184,0.052496137007612624,7.303948702047839e-05,0.05162520817290539,-2.0173631396891434e-05,,pass
hexc_00833,834,3439333,3439332,1,3439333,positive,negative,False,True,theta_local,14.05078811520061,-14.72743805020059,0.0650142745612238,0.0667417119043933,0.0,0.0017274373431694,226.52622288866394,0.062027203455851006,True,False,False,False,False,False,False,False,True,h=1,1M<=p<100M,finite_zone,True,True,False,True,-0.062027203455851006,1.0,2.907540502766089e-07,1.0,15.05078811520061,0.06644170340754751,0.0005392161443026431,0.06548368008948069,-0.00046940552825688875,,pass
hexc_00834,835,30811943,30811942,1,30811943,positive,negative,False,True,theta_local,16.243412932524684,-16.920062867524393,0.0569056666380709,0.0585590592521217,0.0,0.0016533926140507,297.33528956155953,0.054629953129602164,True,False,False,False,False,False,False,False,True,h=1,1M<=p<100M,finite_zone,True,True,False,True,-0.054629953129602164,1.0,3.245494774542456e-08,1.0,17.243412932524684,0.057993159701800724,0.00018015256796788815,0.05768635472039274,-0.0007806880823218385,,pass
hexc_00835,836,1189553,1189552,1,1189553,positive,negative,False,True,theta_local,12.989088164268896,-13.66573809926888,0.0698319675681315,0.0738165199461072,0.0,0.0039845523779756,195.6945876676881,0.06637428412852102,True,False,False,False,False,False,False,False,True,h=1,1M<=p<100M,finite_zone,True,True,False,True,-0.06637428412852102,1.0,8.406519087421914e-07,1.0,13.989088164268896,0.07148428748588578,0.0009168707153913203,0.06966170429885699,0.0001702632692745093,,pass
hexc_00836,837,30775181,30775180,1,30775181,positive,negative,False,True,theta_local,16.242219111414734,-16.918869046414784,0.0569095313856205,0.0575277906754467,1.529621073772958e-15,0.0006182592898245,297.2941198860355,0.0546335027333908,True,False,False,False,False,False,False,False,True,h=1,1M<=p<100M,finite_zone,True,True,False,True,-0.0546335027333908,1.0,3.249371628391073e-08,1.0,17.242219111414734,0.05799717504679996,0.00018026013503797983,0.05769043011585362,-0.0007808987302331191,,pass
hexc_00837,838,31040293,31040292,1,31040293,positive,negative,False,True,theta_local,16.25079669266773,-16.92744662766745,0.0568817749042813,0.0583320902109802,1.5281003107204277e-15,0.0014503153066973,297.5899865317559,0.05460800910024438,True,False,False,False,False,False,False,False,True,h=1,1M<=p<100M,finite_zone,True,True,False,True,-0.05460800910024438,1.0,3.221619074278712e-08,1.0,17.25079669266773,0.05796833722033484,0.0001794886925206909,0.05766115116864312,-0.0007793762643618224,,pass
hexc_00838,839,109706111,109706110,1,109706111,positive,negative,False,True,theta_local,17.513315630166108,-18.18996556516595,0.0530717570528121,0.0544823672840614,2.6535774177466016e-15,0.0014106102312466,342.7428556221527,0.05109753666017527,True,False,False,False,False,False,False,False,True,h=1,100M<=p<500M,finite_zone,True,True,False,True,-0.05109753666017527,1.0,9.115262503471662e-09,1.0,18.513315630166108,0.05401517588619147,9.547388388178025e-05,0.05340655735856448,-0.00033480030575237796,,pass
hexc_00839,840,3293167,3293166,1,3293167,positive,negative,False,True,theta_local,14.007360273707592,-14.684010208707605,0.0651982682830492,0.0681897010081382,0.0,0.0029914327250889,225.22086238485682,0.062193884373694705,True,False,False,False,False,False,False,False,True,h=1,1M<=p<100M,finite_zone,True,True,False,True,-0.062193884373694705,1.0,3.0365906132303644e-07,1.0,15.007360273707592,0.06663397038265068,0.0005510526847072215,0.06564739404868591,-0.00044912576563671536,,pass
hexc_00840,841,109442429,109442428,1,109442429,positive,negative,False,True,theta_local,17.51090920640216,-18.187559141401834,0.0530785337365138,0.0545916136692518,2.6542673943169984e-15,0.0015130799327353,342.653759647664,0.051103800012023415,True,False,False,False,False,False,False,False,True,h=1,100M<=p<500M,finite_zone,True,True,False,True,-0.051103800012023415,1.0,9.137224101632467e-09,1.0,18.510909206402154,0.05402219787530164,9.558882833068133e-05,0.05341458431743118,-0.0003360505809173811,,pass
hexc_00841,842,179148029,179148028,1,179148029,positive,negative,False,True,theta_local,18.003722999701044,-18.68037293470116,0.0517259123174815,0.0529334073685359,0.0,0.0012074950510543,361.1414878493664,0.04985227010863529,True,False,False,False,False,False,False,False,True,h=1,100M<=p<500M,finite_zone,True,True,False,True,-0.04985227010863529,1.0,5.581976009348113e-09,1.0,19.003722999701044,0.052621267949218765,7.471262282471492e-05,0.05177544271880152,-4.953040132002484e-05,,pass
hexc_00842,843,1518427,1518426,1,1518427,positive,negative,False,True,theta_local,13.233185488555364,-13.909835423555364,0.068662209288773,0.0720703082374865,0.0,0.0034080989487134,202.58356915162298,0.06532210654582274,True,False,False,False,False,False,False,False,True,h=1,1M<=p<100M,finite_zone,True,True,False,True,-0.06532210654582274,1.0,6.585762766336478e-07,1.0,14.233185488555364,0.07025834103012858,0.000811527126246343,0.06866422322777854,-2.013939005549026e-06,,pass
hexc_00843,844,7108613,7108612,1,7108613,positive,negative,False,True,theta_local,14.776817705393524,-15.453467640393455,0.0620850638548624,0.0639845617092927,0.0,0.0018994978544302,248.9079769092186,0.05936658956809129,True,False,False,False,False,False,False,False,True,h=1,1M<=p<100M,finite_zone,True,True,False,True,-0.05936658956809129,1.0,1.4067441848360575e-07,1.0,15.776817705393524,0.06338413859330681,0.0003750658855236047,0.06281338352897947,-0.0007283196741170728,,pass
hexc_00844,845,30819511,30819510,1,30819511,positive,negative,False,True,theta_local,16.243658521409802,-16.920308456409657,0.0569048716602072,0.0584555384497958,0.0,0.0015506667895885,297.3437592029889,0.05462922297394066,True,False,False,False,False,False,False,False,True,h=1,1M<=p<100M,finite_zone,True,True,False,True,-0.05462922297394066,1.0,3.244697814965332e-08,1.0,17.243658521409802,0.057992333747411876,0.00018013044759188635,0.057685516358700895,-0.0007806446984936974,,pass
hexc_00845,846,1510391,1510390,1,1510391,positive,negative,False,True,theta_local,13.22787911566918,-13.904529050669224,0.068687221762788,0.0698496571702368,0.0,0.0011624354074487,202.43254413009518,0.06534462713252351,True,False,False,False,False,False,False,False,True,h=1,1M<=p<100M,finite_zone,True,True,False,True,-0.06534462713252351,1.0,6.620802163148483e-07,1.0,14.227879115669179,0.07028454429997925,0.0008136831178750413,0.06868563970765029,1.5820551377138115e-06,,pass
hexc_00846,847,17594219,17594218,1,17594219,positive,negative,False,True,theta_local,15.683080940142546,-16.359730875142304,0.0587791960023478,0.0602853522506817,0.0,0.0015061562483338,278.32518965534746,0.05634804725926188,True,False,False,False,False,False,False,False,True,h=1,1M<=p<100M,finite_zone,True,True,False,True,-0.05634804725926188,1.0,5.683685078604512e-08,1.0,16.683080940142546,0.059940966754756735,0.00023840480445252172,0.05961393388044378,-0.0008347378780959799,,pass
hexc_00847,848,187509781,187509780,1,187509781,positive,negative,False,True,theta_local,18.049341567347508,-18.725991502347824,0.0516041802883724,0.0535126337722001,0.0,0.0019084534838276,362.8774141494736,0.04973950117466601,True,False,False,False,False,False,False,False,True,h=1,100M<=p<500M,finite_zone,True,True,False,True,-0.04973950117466601,1.0,5.333055132734649e-09,1.0,19.049341567347508,0.05249525273430452,7.302776959989021e-05,0.051624144181792175,-1.9963893419773504e-05,,pass
hexc_00848,849,30405577,30405576,1,30405577,positive,negative,False,True,theta_local,16.230136603498202,-16.90678653849818,0.0569486755433546,0.0584289519707461,0.0,0.0014802764273914,296.8776073752086,0.054669453674846394,True,False,False,False,False,False,False,False,True,h=1,1M<=p<100M,finite_zone,True,True,False,True,-0.054669453674846394,1.0,3.288870327966478e-08,1.0,17.230136603498202,0.05803784514377976,0.00018135242838094223,0.05773168349859903,-0.0007830079552444275,,pass
hexc_00849,850,30419423,30419422,1,30419423,positive,negative,False,True,theta_local,16.230591876831177,-16.907241811830772,0.0569471996012189,0.0588391093536454,0.0,0.0018919097524264,296.89329642592054,0.0546680981760764,True,False,False,False,False,False,False,False,True,h=1,1M<=p<100M,finite_zone,True,True,False,True,-0.0546680981760764,1.0,3.2873733338071533e-08,1.0,17.230591876831177,0.058036311645488683,0.00018131115061703054,0.05773012882988371,-0.000782929228664811,,pass
hexc_00850,851,109638391,109638390,1,109638391,positive,negative,False,True,theta_local,17.51269815399019,-18.1893480889903,0.0530734957506106,0.0552138610279271,0.0,0.0021403652773164,342.7199929407518,0.05109914365870602,True,False,False,False,False,False,False,False,True,h=1,100M<=p<500M,finite_zone,True,True,False,True,-0.05109914365870602,1.0,9.120892698981691e-09,1.0,18.51269815399019,0.05401697751899347,9.550336485685565e-05,0.05340861701211641,-0.0003351212615058108,,pass
hexc_00851,852,40840829,40840828,1,40840829,positive,negative,False,True,theta_local,16.52519284978146,-17.201842784781547,0.0560079094790097,0.0581785538517203,0.0,0.0021706443727105,307.1323844220313,0.05380478805867035,True,False,False,False,False,False,False,False,True,h=1,1M<=p<100M,finite_zone,True,True,False,True,-0.05380478805867035,1.0,2.4485301216584022e-08,1.0,17.52519284978146,0.057060713030183285,0.00015647779783913121,0.056727656990563924,-0.0007197475115542223,,pass
hexc_00852,853,108531433,108531432,1,108531433,positive,negative,False,True,theta_local,17.5025503940575,-18.17920032905749,0.0531020862748845,0.0552671935291183,0.0,0.0021651072542337,342.3443710846374,0.051125567914567425,True,False,False,False,False,False,False,False,True,h=1,100M<=p<500M,finite_zone,True,True,False,True,-0.051125567914567425,1.0,9.21392054226355e-09,1.0,18.5025503940575,0.05404660323590697,9.598916887994995e-05,0.05344246821065046,-0.0003403819357659654,,pass
hexc_00853,854,109722043,109722042,1,109722043,positive,negative,False,True,theta_local,17.51346084398428,-18.19011077898449,0.053071348174313,0.0547359397556698,0.0,0.0016645915813567,342.748232421739,0.0510971587518929,True,False,False,False,False,False,False,False,True,h=1,100M<=p<500M,finite_zone,True,True,False,True,-0.0510971587518929,1.0,9.113938937502285e-09,1.0,18.513460843984276,0.05401475220798265,9.546695206982511e-05,0.053406072985705544,-0.00033472481139254495,,pass
hexc_00854,855,17590231,17590230,1,17590231,positive,negative,False,True,theta_local,15.682854249089136,-16.35950418408902,0.0587799789230074,0.0613662107477397,0.0,0.0025862318247322,278.31762589635144,0.056348764109282835,True,False,False,False,False,False,False,False,True,h=1,1M<=p<100M,finite_zone,True,True,False,True,-0.056348764109282835,1.0,5.684973665212242e-08,1.0,16.682854249089136,0.05994178124852939,0.00023843182810212737,0.059614720317963554,-0.0008347413949561511,,pass
hexc_00855,856,12895819,12895818,1,12895819,positive,negative,False,True,theta_local,15.372413708270248,-16.0490636432703,0.0598720707475718,0.0616168261681965,0.0,0.0017447554206246,268.0559306347555,0.057347784366749234,True,False,False,False,False,False,False,False,True,h=1,1M<=p<100M,finite_zone,True,True,False,True,-0.057347784366749234,1.0,7.7544512682754e-08,1.0,16.372413708270248,0.061078349094908765,0.00027846815380354355,0.060697536592140056,-0.0008254658445682531,,pass
hexc_00856,857,604712203,604712202,1,604712203,positive,negative,True,False,theta_local,19.220263205294494,-19.89691314029551,0.048664480895886,0.0492150762316946,4.448940117218696e-15,0.000550595335804,408.85904409138635,0.04700950971503633,True,False,False,False,False,False,False,False,True,h=1,p>=500M,post_P0_tail,True,True,False,True,-0.04700950971503633,1.0,1.6536792130851045e-09,1.0,20.220263205294494,0.04945534041011687,4.0665454787633996e-05,0.047758959705999526,0.000905521189886474,,pass
hexc_00857,858,179382757,179382756,1,179382757,positive,negative,False,True,theta_local,18.005032388142443,-18.681682323142013,0.0517224102437762,0.0535747962963188,0.0,0.0018523860525425,361.19125607434324,0.049849026202440805,True,False,False,False,False,False,False,False,True,h=1,100M<=p<500M,finite_zone,True,True,False,True,-0.049849026202440805,1.0,5.574671817537067e-09,1.0,19.005032388142443,0.05261764250525123,7.466372491067578e-05,0.051771099072005056,-4.8688828228858616e-05,,pass
hexc_00858,859,1509019,1509018,1,1509019,positive,negative,False,True,theta_local,13.226970328790664,-13.903620263790684,0.0686915073081964,0.0709615737150018,0.0,0.0022700664068053,202.40668473628998,0.06534848562943321,True,False,False,False,False,False,False,False,True,h=1,1M<=p<100M,finite_zone,True,True,False,True,-0.06534848562943321,1.0,6.626821796147033e-07,1.0,14.226970328790665,0.0702890339186504,0.0008140529341601215,0.06868930870980239,2.198598394009821e-06,,pass
hexc_00859,860,7102489,7102488,1,7102489,positive,negative,False,True,theta_local,14.77595584395884,-15.452605778958969,0.0620883846703586,0.0636864195243564,9.13584700649999e-16,0.0015980348539968,248.8807827905391,0.059369613347746715,True,False,False,False,False,False,False,False,True,h=1,1M<=p<100M,finite_zone,True,True,False,True,-0.059369613347746715,1.0,1.4079571260159642e-07,1.0,15.77595584395884,0.06338760135303843,0.0003752275477648149,0.06281648802778705,-0.0007281033574284557,,pass
hexc_00860,861,30402013,30402012,1,30402013,positive,negative,False,True,theta_local,16.23001938128946,-16.90666931628948,0.0569490555762295,0.0584739115607995,0.0,0.0015248559845699,296.8735678796104,0.05466980269483316,True,False,False,False,False,False,False,False,True,h=1,1M<=p<100M,finite_zone,True,True,False,True,-0.05466980269483316,1.0,3.289255879207735e-08,1.0,17.23001938128946,0.05803823999675397,0.00018136305795855273,0.05773208379221484,-0.0007830282159853388,,pass
hexc_00861,862,39641179,39641178,1,39641179,positive,negative,False,True,theta_local,16.495379009667914,-17.172028944668,0.0561015553069865,0.0577647807069204,0.0,0.0016632253999338,306.08828669192866,0.05389091881934758,True,False,False,False,False,False,False,False,True,h=1,1M<=p<100M,finite_zone,True,True,False,True,-0.05389091881934758,1.0,2.522629309284671e-08,1.0,17.495379009667914,0.05715795007626882,0.0001588278725313876,0.056828801961253506,-0.0007272466542670025,,pass
hexc_00862,863,109726417,109726416,1,109726417,positive,negative,False,True,theta_local,17.513500707558627,-18.190150642558365,0.0530712359315602,0.0547346133640878,2.6535243629794604e-15,0.0016633774325248,342.7497084487738,0.0510970550108466,True,False,False,False,False,False,False,False,True,h=1,100M<=p<500M,finite_zone,True,True,False,True,-0.0510970550108466,1.0,9.113575630561235e-09,1.0,18.513500707558627,0.05401463590252942,9.546504926181747e-05,0.05340594001756971,-0.0003347040860095102,,pass
hexc_00863,864,12830303,12830302,1,12830303,positive,negative,False,True,theta_local,15.367320352836725,-16.043970287836828,0.0598903268709988,0.061618925562123,0.0,0.0017285986911241,267.88917553238326,0.05736446917758749,True,False,False,False,False,False,False,False,True,h=1,1M<=p<100M,finite_zone,True,True,False,True,-0.05736446917758749,1.0,7.794048199796996e-08,1.0,16.367320352836725,0.06109735609999737,0.0002791782262247003,0.060715404973196385,-0.0008250781021975837,,pass
hexc_00864,865,33864067,33864066,1,33864067,positive,negative,False,True,theta_local,16.337865039683184,-17.014514974683152,0.0566015517041133,0.0578379832097438,0.0,0.0012364315056304,300.60156413426836,0.05435056562907844,True,False,False,False,False,False,False,False,True,h=1,1M<=p<100M,finite_zone,True,True,False,True,-0.05435056562907844,1.0,2.9529825818027115e-08,1.0,17.337865039683184,0.0576772282925945,0.00017184244475107748,0.05736429743935223,-0.0007627457352389275,,pass
hexc_00865,866,31025143,31025142,1,31025143,positive,negative,False,True,theta_local,16.250308498230464,-16.926958433230084,0.0568833539425574,0.0595441933396197,0.0,0.0026608393970622,297.5731432841221,0.05460945943873271,True,False,False,False,False,False,False,False,True,h=1,1M<=p<100M,finite_zone,True,True,False,True,-0.05460945943873271,1.0,3.223192234762625e-08,1.0,17.250308498230464,0.057969977760257446,0.00017953251055902452,0.0576628174172249,-0.0007794634746675008,,pass
hexc_00866,867,30801877,30801876,1,30801877,positive,negative,False,True,theta_local,16.243086187645382,-16.91973612264519,0.0569067243545064,0.0578221710482515,0.0,0.000915446693745,297.324021274567,0.054630924598741165,True,False,False,False,False,False,False,False,True,h=1,1M<=p<100M,finite_zone,True,True,False,True,-0.054630924598741165,1.0,3.246555396607811e-08,1.0,17.243086187645382,0.057994258633149845,0.0001801820023367431,0.05768747013057118,-0.0007807457760647812,,pass
hexc_00867,868,359167,359166,1,359167,positive,negative,False,True,theta_local,11.791542740365744,-12.468192675365742,0.0762004704130229,0.0770398696559618,0.0,0.0008393992429388,163.6235656786036,0.07206506404784746,True,False,False,False,False,False,False,False,True,h=1,100K<=p<1M,finite_zone,True,True,False,True,-0.07206506404784746,1.0,2.7842201538560057e-06,1.0,12.791542740365745,0.07817665314476424,0.0016685982601740918,0.0750240933453814,0.0011763770676414959,,pass
hexc_00868,869,33388841,33388840,1,33388841,positive,negative,False,True,theta_local,16.323732300326082,-17.000382235326015,0.0566468491206829,0.0589455636856937,0.0,0.0022987145650107,300.1117008133612,0.05439218882864475,True,False,False,False,False,False,False,False,True,h=1,1M<=p<100M,finite_zone,True,True,False,True,-0.05439218882864475,1.0,2.995012615142886e-08,1.0,17.323732300326082,0.0577242815037714,0.0001730610474700441,0.05741243965582821,-0.0007655905351453066,,pass
hexc_00869,870,604866473,604866472,1,604866473,positive,negative,True,False,theta_local,19.220518285850886,-19.89716822085211,0.0486638769730617,0.0491519986144946,0.0,0.0004881216414329,408.86935974843004,0.04700894754666118,True,False,False,False,False,False,False,False,True,h=1,p>=500M,post_P0_tail,True,True,False,True,-0.04700894754666118,1.0,1.6532574454659848e-09,1.0,20.220518285850886,0.04945471653413258,4.0660268634946136e-05,0.047758120716623775,0.0009057562564379271,,pass
hexc_00870,871,33921259,33921258,1,33921259,positive,negative,False,True,theta_local,16.33955248494445,-17.01620241994442,0.0565961480438073,0.0589072212043223,0.0,0.0023110731605149,300.6600803781432,0.054345600069001604,True,False,False,False,False,False,False,False,True,h=1,1M<=p<100M,finite_zone,True,True,False,True,-0.054345600069001604,1.0,2.9480037872415052e-08,1.0,17.33955248494445,0.05767161527774595,0.0001716975185388975,0.057358550352921256,-0.000762402309113959,,pass
hexc_00871,872,604685567,604685566,1,604685567,positive,negative,True,False,theta_local,19.22021915692486,-19.8968690919246,0.0486645851853012,0.0499192156985863,4.448959500665601e-15,0.0012546305132805,408.85726275407103,0.04700960679396292,True,False,False,False,False,False,False,False,True,h=1,p>=500M,post_P0_tail,True,True,False,True,-0.04700960679396292,1.0,1.6537520565626465e-09,1.0,20.22021915692486,0.04945544814520608,4.066635042098869e-05,0.04775910458627286,0.000905480599028341,,pass
hexc_00872,873,30649621,30649620,1,30649621,positive,negative,False,True,theta_local,16.238130854854056,-16.91478078985392,0.0569227702423194,0.0590986334793916,1.5303467005815801e-15,0.0021758632370705,297.15315536907144,0.054645661879934956,True,False,False,False,False,False,False,False,True,h=1,1M<=p<100M,finite_zone,True,True,False,True,-0.054645661879934956,1.0,3.2626830850534823e-08,1.0,17.238130854854056,0.05801092986357113,0.0001806289867394899,0.05770438728178884,-0.0007816170394694399,,pass
hexc_00873,874,40884703,40884702,1,40884703,positive,negative,False,True,theta_local,16.526266541273976,-17.202916476273913,0.0560045428236628,0.0579413878612287,0.0,0.0019368450375659,307.17001887577965,0.053801691329638655,True,False,False,False,False,False,False,False,True,h=1,1M<=p<100M,finite_zone,True,True,False,True,-0.053801691329638655,1.0,2.445902566541819e-08,1.0,17.526266541273976,0.05705721738540389,0.00015639381594365612,0.05672401565563834,-0.0007194728319755359,,pass
hexc_00874,875,39693497,39693496,1,39693497,positive,negative,False,True,theta_local,16.496697928713708,-17.173347863713843,0.0560974059402927,0.0577138689826572,1.4854498345574184e-15,0.0016164630423629,306.13443840865455,0.05388710272018628,True,False,False,False,False,False,False,False,True,h=1,1M<=p<100M,finite_zone,True,True,False,True,-0.05388710272018628,1.0,2.5193043585955654e-08,1.0,17.496697928713708,0.05715364145133391,0.00015872316650683243,0.05682432607344512,-0.0007269201331524186,,pass
hexc_00875,876,108532477,108532476,1,108532477,positive,negative,False,True,theta_local,17.502560013344283,-18.17920994834457,0.0531020591587121,0.0539817996673655,0.0,0.0008797405086533,342.34472704740676,0.05112554285353601,True,False,False,False,False,False,False,False,True,h=1,100M<=p<500M,finite_zone,True,True,False,True,-0.05112554285353601,1.0,9.213831911345763e-09,1.0,18.502560013344283,0.054046575137645124,9.598870720738853e-05,0.05344243612026389,-0.0003403769615517929,,pass
hexc_00876,877,30341053,30341052,1,30341053,positive,negative,False,True,theta_local,16.228012237940277,-16.904662172940334,0.0569555634955781,0.0589348047105401,1.532144881269458e-15,0.0019792412149604,296.80440567061993,0.054675779496175636,True,False,False,False,False,False,False,False,True,h=1,1M<=p<100M,finite_zone,True,True,False,True,-0.054675779496175636,1.0,3.295864517292791e-08,1.0,17.228012237940277,0.05804500172096213,0.00018154516014735265,0.05773893802302155,-0.0007833745274434464,,pass
hexc_00877,878,180627001,180627000,1,180627001,positive,negative,False,True,theta_local,18.0119446949703,-18.6885946299708,0.0517039305298461,0.0533332629001659,0.0,0.0016293323703197,361.45404108460934,0.04983190847976729,True,False,False,False,False,False,False,False,True,h=1,100M<=p<500M,finite_zone,True,True,False,True,-0.04983190847976729,1.0,5.536270848011256e-09,1.0,19.0119446949703,0.05259851193784267,7.440612103860311e-05,0.05174816972713403,-4.423919728793052e-05,,pass
hexc_00878,879,30781943,30781942,1,30781943,positive,negative,False,True,theta_local,16.24243880978879,-16.91908874478895,0.0569088201184301,0.058586881232034,0.0,0.0016780611136038,297.3016961093107,0.05463284946688241,True,False,False,False,False,False,False,False,True,h=1,1M<=p<100M,finite_zone,True,True,False,True,-0.05463284946688241,1.0,3.2486578251411875e-08,1.0,17.24243880978879,0.057996436062877896,0.00018024033469623795,0.05768968011351783,-0.0007808599950877293,,pass
hexc_00879,880,18002111,18002110,1,18002111,positive,negative,False,True,theta_local,15.705999586761717,-16.382649521761778,0.0587001495538228,0.0611464846554823,1.629390744810952e-15,0.0024463351016578,279.09042219288267,0.05627566672964189,True,False,False,False,False,False,False,False,True,h=1,1M<=p<100M,finite_zone,True,True,False,True,-0.05627566672964189,1.0,5.5549040887482585e-08,1.0,16.705999586761717,0.05985873486986237,0.000235688440292439,0.05953445466215879,-0.0008343051083359865,,pass
hexc_00880,881,179149097,179149096,1,179149097,positive,negative,False,True,theta_local,18.00372896123365,-18.680378896234288,0.0517258963717692,0.0523875652398403,0.0,0.000661668868071,361.14171443203065,0.04985225533845683,True,False,False,False,False,False,False,False,True,h=1,100M<=p<500M,finite_zone,True,True,False,True,-0.04985225533845683,1.0,5.581942732315307e-09,1.0,19.00372896123365,0.052621251441753024,7.471240012417823e-05,0.051775422942426985,-4.952657065778604e-05,,pass
hexc_00881,882,178894493,178894492,1,178894493,positive,negative,False,True,theta_local,18.002306765445063,-18.67895670044527,0.0517297006933885,0.0529924606807178,0.0,0.0012627599873292,361.0876624080793,0.049855779190538914,True,False,False,False,False,False,False,False,True,h=1,100M<=p<500M,finite_zone,True,True,False,True,-0.049855779190538914,1.0,5.589886995571183e-09,1.0,19.002306765445066,0.05262518979108684,7.476554684860657e-05,0.05178014086861671,-5.0440175228205764e-05,,pass
hexc_00882,883,180640973,180640972,1,180640973,positive,negative,False,True,theta_local,18.012022044755017,-18.688671979754872,0.0517037238136682,0.0538739677253463,0.0,0.002170243911678,361.45698223025073,0.049831716996080126,True,False,False,False,False,False,False,False,True,h=1,100M<=p<500M,finite_zone,True,True,False,True,-0.049831716996080126,1.0,5.535842635214326e-09,1.0,19.012022044755017,0.05259829794253143,7.44032434455268e-05,0.05174791315291771,-4.418933924951046e-05,,pass
hexc_00883,884,179412253,179412252,1,179412253,positive,negative,False,True,theta_local,18.00519680514516,-18.68184674014537,0.0517219705296503,0.0527759043101292,0.0,0.0010539337804788,361.1975056022997,0.04984861890206399,True,False,False,False,False,False,False,False,True,h=1,100M<=p<500M,finite_zone,True,True,False,True,-0.04984861890206399,1.0,5.573755322051499e-09,1.0,19.005196805145157,0.05261718730159513,7.465758717003583e-05,0.05177055365382355,-4.858312417324595e-05,,pass
hexc_00884,885,17998069,17998068,1,17998069,positive,negative,False,True,theta_local,15.705775032327988,-16.382424967328006,0.0587009230114953,0.0605791328840376,0.0,0.0018782098725422,279.0829194307532,0.05627637500841376,True,False,False,False,False,False,False,False,True,h=1,1M<=p<100M,finite_zone,True,True,False,True,-0.05627637500841376,1.0,5.556151607152967e-08,1.0,16.70577503232799,0.05985953947451474,0.00023571490422018222,0.05953523310161413,-0.0008343100901188269,,pass
hexc_00885,886,59183,59182,1,59183,positive,negative,False,True,theta_local,9.988389617470986,-10.665039552470986,0.0883271811389778,0.0905353629639327,0.0,0.0022081818249548,120.74470638534416,0.08272320929411249,True,False,False,False,False,False,False,False,True,h=1,1K<=p<100K,finite_zone,True,True,False,True,-0.08272320929411249,1.0,1.6896743997431695e-05,1.0,10.988389617470986,0.09100514586869493,0.0041105649243664425,0.08567611543026454,0.0026510657087132627,,pass
hexc_00886,887,7113299,7113298,1,7113299,positive,negative,False,True,theta_local,14.77747668854144,-15.45412662354147,0.0620825249838504,0.0652555822922497,9.134085820722716e-16,0.0031730573083983,248.9287706574686,0.059364277779186764,True,False,False,False,False,False,False,False,True,h=1,1M<=p<100M,finite_zone,True,True,False,True,-0.059364277779186764,1.0,1.4058174695032503e-07,1.0,15.77747668854144,0.06338149120678217,0.00037494232483186666,0.06281100990730537,-0.0007284849234549737,,pass
hexc_00887,888,109814219,109814218,1,109814219,positive,negative,False,True,theta_local,17.51430057774468,-18.19095051274417,0.0530689838597476,0.0543812614326261,0.0,0.0013122775728784,342.77932588307675,0.05109497351575652,True,False,False,False,False,False,False,False,True,h=1,100M<=p<500M,finite_zone,True,True,False,True,-0.05109497351575652,1.0,9.106288867746718e-09,1.0,18.514300577744674,0.05401230231738062,9.542687707216827e-05,0.053403272000982493,-0.00033428814123489387,,pass
hexc_00888,889,33868033,33868032,1,33868033,positive,negative,False,True,theta_local,16.337982148114918,-17.01463208311452,0.0566011766576419,0.0580902158457348,0.0,0.0014890391880928,300.6056249683516,0.05435022099082482,True,False,False,False,False,False,False,False,True,h=1,1M<=p<100M,finite_zone,True,True,False,True,-0.05435022099082482,1.0,2.9526367828919972e-08,1.0,17.337982148114918,0.057676838714978466,0.0001718323829460558,0.057363898585042206,-0.0007627219274003033,,pass
hexc_00889,890,7102801,7102800,1,7102801,positive,negative,False,True,theta_local,14.775999771256355,-15.452649706256352,0.0620882154066622,0.064466073133591,0.0,0.0023778577269287,248.88216878268057,0.05936945922453164,True,False,False,False,False,False,False,False,True,h=1,1M<=p<100M,finite_zone,True,True,False,True,-0.05936945922453164,1.0,1.4078952796227854e-07,1.0,15.775999771256355,0.06338742485417537,0.0003752193064892564,0.0628163297945894,-0.0007281143879271992,,pass
hexc_00890,891,30642761,30642760,1,30642761,positive,negative,False,True,theta_local,16.237907009742973,-16.914556944743254,0.056923495289825,0.0578939114446271,0.0,0.000970416154802,297.14543807654593,0.05464632778767419,True,False,False,False,False,False,False,False,True,h=1,1M<=p<100M,finite_zone,True,True,False,True,-0.05464632778767419,1.0,3.263413502458215e-08,1.0,17.237907009742973,0.05801168317213881,0.00018064920432867162,0.05770515152234279,-0.0007816562325177884,,pass
hexc_00891,892,30776287,30776286,1,30776287,positive,negative,False,True,theta_local,16.24225504881919,-16.918904983819175,0.0569094150380873,0.0591546579044083,1.5296146975125734e-15,0.0022452428663193,297.2953591685308,0.054633395873535245,True,False,False,False,False,False,False,False,True,h=1,1M<=p<100M,finite_zone,True,True,False,True,-0.054633395873535245,1.0,3.249254856506895e-08,1.0,17.24225504881919,0.05799705416539953,0.00018025689602639048,0.05769030743311143,-0.0007808923950241298,,pass
hexc_00892,893,179662079,179662078,1,179662079,positive,negative,False,True,theta_local,18.00658830555633,-18.68323824055642,0.051718249423115,0.0534604288438405,2.5176296116156068e-15,0.0017421794207229,361.2503990169108,0.04984517208716885,True,False,False,False,False,False,False,False,True,h=1,100M<=p<500M,finite_zone,True,True,False,True,-0.04984517208716885,1.0,5.566004832884072e-09,1.0,19.006588305556335,0.05261333511957339,7.460566220391098e-05,0.05176593768427251,-4.7688261157509404e-05,,pass
hexc_00893,894,33844361,33844360,1,33844361,positive,negative,False,True,theta_local,16.337282955557516,-17.0139328905575,0.0566034159356386,0.0585939985010802,1.5128926165061945e-15,0.00199058256544,300.58138028106515,0.054352278708285205,True,False,False,False,False,False,False,False,True,h=1,1M<=p<100M,finite_zone,True,True,False,True,-0.054352278708285205,1.0,2.954701966451664e-08,1.0,17.337282955557516,0.05767916475513524,0.00017189246540938506,0.05736627994979249,-0.0007628640141538884,,pass
hexc_00894,895,604814921,604814920,1,604814921,positive,negative,True,False,theta_local,19.220433053490883,-19.89708298848928,0.0486640787655517,0.0492165780619318,0.0,0.00055249929638,408.8659128707066,0.047009135387544164,True,False,False,False,False,False,False,False,True,h=1,p>=500M,post_P0_tail,True,True,False,True,-0.047009135387544164,1.0,1.653398362505015e-09,1.0,20.220433053490883,0.04945492499367409,4.066200145719606e-05,0.04775840105557361,0.0009056777099780908,,pass
hexc_00895,896,18002051,18002050,1,18002051,positive,negative,False,True,theta_local,15.705996253813709,-16.38264618881385,0.0587001610337156,0.060904601565583,0.0,0.0022044405318673,279.09031083243764,0.05627567724213613,True,False,False,False,False,False,False,False,True,h=1,1M<=p<100M,finite_zone,True,True,False,True,-0.05627567724213613,1.0,5.5549226029856266e-08,1.0,16.70599625381371,0.05985874681204458,0.000235688833061425,0.05953446621610037,-0.0008343051823847675,,pass
hexc_00896,897,3437477,3437476,1,3437477,positive,negative,False,True,theta_local,14.05024833002549,-14.726898265025511,0.0650165551354885,0.0654695768526705,5.019065399847779e-16,0.0004530217171815,226.50997479543503,0.06202926976047966,True,False,False,False,False,False,False,False,True,h=1,1M<=p<100M,finite_zone,True,True,False,True,-0.06202926976047966,1.0,2.909110373683955e-07,1.0,15.05024833002549,0.06644408637464033,0.000539361694383644,0.06548571185120533,-0.0004691567157168314,,pass
hexc_00897,898,178011803,178011802,1,178011803,positive,negative,False,True,theta_local,17.99736041504677,-18.67401035004696,0.0517429363568698,0.0534994171955925,0.0,0.0017564808387226,360.8997027391863,0.04986803889958601,True,False,False,False,False,False,False,False,True,h=1,100M<=p<500M,finite_zone,True,True,False,True,-0.04986803889958601,1.0,5.617605030381047e-09,1.0,18.997360415046778,0.052638891832991405,7.495068398874721e-05,0.05179655017123497,-5.3613814365166546e-05,,pass
hexc_00898,899,40864177,40864176,1,40864177,positive,negative,False,True,theta_local,16.5257643692459,-17.20241430424585,0.0560061173784385,0.0577574596493002,1.4805266900818209e-15,0.0017513422708602,307.1524167263291,0.05380313964441391,True,False,False,False,False,False,False,False,True,h=1,1M<=p<100M,finite_zone,True,True,False,True,-0.05380313964441391,1.0,2.4471311388456448e-08,1.0,17.5257643692459,0.05705885226636926,0.00015643308917379485,0.05672571871960064,-0.0007196013411621405,,pass
hexc_00899,900,1197739,1197738,1,1197739,positive,negative,False,True,theta_local,12.995946170816742,-13.672596105816751,0.069798559178531,0.0724750996658737,0.0,0.0026765404873426,195.88650921639982,0.06634426343500693,True,False,False,False,False,False,False,False,True,h=1,1M<=p<100M,finite_zone,True,True,False,True,-0.06634426343500693,1.0,8.34906436210226e-07,1.0,13.995946170816742,0.07144926022115762,0.0009137321468626492,0.06963332257466304,0.00016523660386796868,,pass
hexc_00900,901,112219777,112219776,1,112219777,positive,negative,False,True,theta_local,17.535969801117066,-18.21261973611672,0.053008045770433,0.0552387382691653,0.0,0.0022306924987322,343.5821764679237,0.051038648108552846,True,False,False,False,False,False,False,False,True,h=1,100M<=p<500M,finite_zone,True,True,False,True,-0.051038648108552846,1.0,8.911085253716019e-09,1.0,18.535969801117062,0.05394915997002409,9.439854476482155e-05,0.05333100328109408,-0.0003229575106610816,,pass
hexc_00901,902,179662261,179662260,1,179662261,positive,negative,False,True,theta_local,18.0065893185687,-18.6832392535689,0.0517182467143445,0.0527959244485922,0.0,0.0010776777342476,361.2504375247298,0.049845169578060476,True,False,False,False,False,False,False,False,True,h=1,100M<=p<500M,finite_zone,True,True,False,True,-0.049845169578060476,1.0,5.5659991944552005e-09,1.0,19.0065893185687,0.05261333231539016,7.460562441569135e-05,0.051765934323869,-4.7687609524497965e-05,,pass
hexc_00902,903,604435093,604435092,1,604435093,positive,negative,True,False,theta_local,19.21980484921865,-19.896454784218804,0.0486655661267839,0.0491846653022056,4.449141822612188e-15,0.0005190991754171,408.84050814048635,0.04701051991309607,True,False,False,False,False,False,False,False,True,h=1,p>=500M,post_P0_tail,True,True,False,True,-0.04701051991309607,1.0,1.6544373607374248e-09,1.0,20.219804849218658,0.04945646149688939,4.0674775484782025e-05,0.04776046729459438,0.0009050988321895256,,pass
hexc_00903,904,108532547,108532546,1,108532547,positive,negative,False,True,theta_local,17.50256065831231,-18.179210593312742,0.0531020573405887,0.0540662185454775,0.0,0.0009641612048887,342.3447509145264,0.05112554117320815,True,False,False,False,False,False,False,False,True,h=1,100M<=p<500M,finite_zone,True,True,False,True,-0.05112554117320815,1.0,9.213825968720701e-09,1.0,18.50256065831231,0.054046573253672764,9.598867625257003e-05,0.05344243396862103,-0.0003403766280323309,,pass
hexc_00904,905,179151461,179151460,1,179151461,positive,negative,False,True,theta_local,18.00374215685921,-18.680392091859176,0.0517258610765716,0.0532813829057262,0.0,0.0015555218291545,361.14221596438796,0.049852222645259923,True,False,False,False,False,False,False,False,True,h=1,100M<=p<500M,finite_zone,True,True,False,True,-0.049852222645259923,1.0,5.581869075575108e-09,1.0,19.00374215685921,0.052621214903142643,7.471190718737615e-05,0.05177537916817854,-4.951809160693571e-05,,pass
hexc_00905,906,604712503,604712502,1,604712503,positive,negative,True,False,theta_local,19.22026370139813,-19.896913636397585,0.0486644797213041,0.0496511704472867,0.0,0.0009866907259825,408.859064154079,0.04700950862166762,True,False,False,False,False,False,False,False,True,h=1,p>=500M,post_P0_tail,True,True,False,True,-0.04700950862166762,1.0,1.6536783926890296e-09,1.0,20.220263701398135,0.04945533919673138,4.0665444700495155e-05,0.04775895807425634,0.000905521647047762,,pass
hexc_00906,907,108595961,108595960,1,108595961,positive,negative,False,True,theta_local,17.503144773243942,-18.17979470824412,0.0531004108087937,0.0547479999666079,0.0,0.0016475891578141,342.36636649962463,0.05112401943040492,True,False,False,False,False,False,False,False,True,h=1,100M<=p<500M,finite_zone,True,True,False,True,-0.05112401943040492,1.0,9.208445606922711e-09,1.0,18.503144773243942,0.0540448670890814,9.596064613643819e-05,0.053440485341583965,-0.000340074532790266,,pass
hexc_00907,908,109527331,109527330,1,109527331,positive,negative,False,True,theta_local,17.511684674249903,-18.18833460924997,0.0530763497674983,0.0546177716113432,0.0,0.0015414218438448,342.6824694788587,0.05110178148558679,True,False,False,False,False,False,False,False,True,h=1,100M<=p<500M,finite_zone,True,True,False,True,-0.05110178148558679,1.0,9.130141224750561e-09,1.0,18.511684674249903,0.05401993484639562,9.555177248356286e-05,0.05341199761036797,-0.00033564784286966437,,pass
hexc_00908,909,7103477,7103476,1,7103477,positive,negative,False,True,theta_local,14.776094940448528,-15.452744875448616,0.0620878486973244,0.0625995472242675,0.0,0.000511698526943,248.8851715700456,0.05936912531685313,True,False,False,False,False,False,False,False,True,h=1,1M<=p<100M,finite_zone,True,True,False,True,-0.05936912531685313,1.0,1.4077612977419368e-07,1.0,15.776094940448527,0.06338704246993897,0.00037520145225491025,0.06281598698105584,-0.0007281382837314374,,pass
hexc_00909,910,33486917,33486916,1,33486917,positive,negative,False,True,theta_local,16.326665383202304,-17.003315318202112,0.0566374422188908,0.0589292298645833,0.0,0.0022917876456924,300.21333330146103,0.05438354520652747,True,False,False,False,False,False,False,False,True,h=1,1M<=p<100M,finite_zone,True,True,False,True,-0.05438354520652747,1.0,2.986240865350489e-08,1.0,17.326665383202304,0.05771450985424297,0.00017280743228664932,0.05740244697476271,-0.0007650047558719134,,pass
hexc_00910,911,179436233,179436232,1,179436233,positive,negative,False,True,theta_local,18.005330454866257,-18.681980389866112,0.0517216131045405,0.0536850831213623,0.0,0.0019634700168217,361.20258569866684,0.04984828782451518,True,False,False,False,False,False,False,False,True,h=1,100M<=p<500M,finite_zone,True,True,False,True,-0.04984828782451518,1.0,5.573010440984904e-09,1.0,19.005330454866257,0.05261681728580273,7.46525983538745e-05,0.051770110300149996,-4.849719560949539e-05,,pass
hexc_00911,912,187510061,187510060,1,187510061,positive,negative,False,True,theta_local,18.04934306060183,-18.7259929956017,0.0516041763130337,0.0524473870154861,0.0,0.0008432107024523,362.87747104049913,0.04973949749166827,True,False,False,False,False,False,False,False,True,h=1,100M<=p<500M,finite_zone,True,True,False,True,-0.04973949749166827,1.0,5.333047169132967e-09,1.0,19.04934306060183,0.05249524861926691,7.302771507539427e-05,0.05162413923034692,-1.996291731322375e-05,,pass
hexc_00912,913,109594997,109594996,1,109594997,positive,negative,False,True,theta_local,17.51230228362608,-18.188952218626586,0.0530746105076697,0.054632572985037,0.0,0.0015579624773672,342.7053358403473,0.05110017397506866,True,False,False,False,False,False,False,False,True,h=1,100M<=p<500M,finite_zone,True,True,False,True,-0.05110017397506866,1.0,9.124504104872598e-09,1.0,18.512302283626077,0.05401813262764668,9.552227020372055e-05,0.05340993748585676,-0.000335326978187063,,pass
hexc_00913,914,604814239,604814238,1,604814239,positive,negative,True,False,theta_local,19.220431925872564,-19.89708186087228,0.0486640814352671,0.0493688680772857,0.0,0.0007047866420185,408.86586726884644,0.047009137872676285,True,False,False,False,False,False,False,False,True,h=1,p>=500M,post_P0_tail,True,True,False,True,-0.047009137872676285,1.0,1.6534002269083482e-09,1.0,20.220431925872564,0.04945492775159141,4.0662024382811394e-05,0.04775840476443971,0.0009056766708273878,,pass
hexc_00914,915,179143049,179143048,1,179143049,positive,negative,False,True,theta_local,18.00369520107414,-18.68034513607472,0.0517259866724769,0.0536214877934271,0.0,0.0018955011209501,361.1404312953283,0.04985233898209346,True,False,False,False,False,False,False,False,True,h=1,100M<=p<500M,finite_zone,True,True,False,True,-0.04985233898209346,1.0,5.582131182773383e-09,1.0,19.00369520107414,0.052621344923669225,7.471366128609534e-05,0.051775534936053136,-4.954826357623371e-05,,pass
hexc_00915,916,604811353,604811352,1,604811353,positive,negative,True,False,theta_local,19.220427154148123,-19.897077089148297,0.04866409273265,0.0502642768158267,4.4488679727808455e-15,0.0016001840831721,408.8656742962107,0.04700914838897312,True,False,False,False,False,False,False,False,True,h=1,p>=500M,post_P0_tail,True,True,False,True,-0.04700914838897312,1.0,1.6534081164974427e-09,1.0,20.220427154148123,0.049454939422229505,4.066212139691488e-05,0.047758420459188766,0.000905672273461236,,pass
hexc_00916,917,617647,617646,1,617647,positive,negative,False,True,theta_local,12.333672375833435,-13.01032231083343,0.0731793413150955,0.0774150599023891,3.197279706797315e-16,0.0042357185872932,177.78681902606365,0.06937337899062873,True,False,False,False,False,False,False,False,True,h=1,100K<=p<1M,finite_zone,True,True,False,True,-0.06937337899062873,1.0,1.6190477732426451e-06,1.0,13.333672375833435,0.07499809293443015,0.0012724180811520423,0.07248513231916043,0.0006942089959350722,,pass
hexc_00917,918,39641051,39641050,1,39641051,positive,negative,False,True,theta_local,16.495375780697184,-17.172025715697146,0.056101565466197,0.0584684694230504,1.4856743577442814e-15,0.0023669039568518,306.0881737078056,0.053890928162562114,True,False,False,False,False,False,False,False,True,h=1,1M<=p<100M,finite_zone,True,True,False,True,-0.053890928162562114,1.0,2.5226374547940214e-08,1.0,17.495375780697184,0.057157960625419064,0.00015882812895687027,0.056828812919257565,-0.0007272474530605685,,pass
hexc_00918,919,108548719,108548718,1,108548719,positive,negative,False,True,theta_local,17.502709653205585,-18.179359588205443,0.0531016373367823,0.0545307991961619,0.0,0.0014291618593795,342.3502645108271,0.0511251530014578,True,False,False,False,False,False,False,False,True,h=1,100M<=p<500M,finite_zone,True,True,False,True,-0.0511251530014578,1.0,9.212453257969815e-09,1.0,18.502709653205585,0.054046138038314324,9.598152560763877e-05,0.053441936915263,-0.0003402995784807031,,pass
hexc_00919,920,33920959,33920958,1,33920959,positive,negative,False,True,theta_local,16.33954364089398,-17.016193575893794,0.0565961763621818,0.0581434284620721,0.0,0.0015472520998902,300.6597736744668,0.05434562609158777,True,False,False,False,False,False,False,False,True,h=1,1M<=p<100M,finite_zone,True,True,False,True,-0.05434562609158777,1.0,2.948029859651079e-08,1.0,17.33954364089398,0.05767164469320732,0.00017169827779133602,0.057358580473312326,-0.0007624041111305227,,pass
hexc_00920,921,108540463,108540462,1,108540463,positive,negative,False,True,theta_local,17.502633592298928,-18.17928352729905,0.053101851745115,0.0549539576212059,2.6566422567748547e-15,0.0018521058760881,342.3474498508687,0.05112535115983285,True,False,False,False,False,False,False,False,True,h=1,100M<=p<500M,finite_zone,True,True,False,True,-0.05112535115983285,1.0,9.213153992166036e-09,1.0,18.502633592298928,0.05404636021199787,9.598517589797937e-05,0.053442190657592814,-0.0003403389124778111,,pass
hexc_00921,922,30808091,30808090,1,30808091,positive,negative,False,True,theta_local,16.24328790825076,-16.919937843250864,0.0569060713535577,0.0588642345773177,1.5294314575575596e-15,0.0019581632237584,297.3309778868269,0.05463032484436736,True,False,False,False,False,False,False,False,True,h=1,1M<=p<100M,finite_zone,True,True,False,True,-0.05463032484436736,1.0,3.245900565536501e-08,1.0,17.24328790825076,0.05799358018730923,0.00018016383004189552,0.05768678151513762,-0.00078071016157992,,pass
hexc_00922,923,3291647,3291646,1,3291647,positive,negative,False,True,theta_local,14.006898605381958,-14.683548540381937,0.0652002298566927,0.0684103219780649,0.0,0.0032100921213721,225.20700575221494,0.0621956610923246,True,False,False,False,False,False,False,False,True,h=1,1M<=p<100M,finite_zone,True,True,False,True,-0.0621956610923246,1.0,3.0379928345901e-07,1.0,15.006898605381958,0.06663602029278506,0.0005511799011747526,0.0656491371905028,-0.00044890733381010295,,pass
hexc_00923,924,109683781,109683780,1,109683781,positive,negative,False,True,theta_local,17.51311206563655,-18.18976200063662,0.0530723302399947,0.0551290948259741,0.0,0.0020567645859793,342.73531835481765,0.05109806643126885,True,False,False,False,False,False,False,False,True,h=1,100M<=p<500M,finite_zone,True,True,False,True,-0.05109806643126885,1.0,9.117118236469254e-09,1.0,18.51311206563655,0.054015769820578576,9.54836019244627e-05,0.053407236366622035,-0.0003349061266273365,,pass
hexc_00924,925,109773101,109773100,1,109773193,positive,negative,False,True,theta_local,17.513926075241702,-18.190576010241784,0.0530700334604548,0.0550956797823624,0.0,0.0020256463219075,342.76548975226314,0.05109594343322034,True,False,False,False,False,False,False,False,True,h=1,100M<=p<500M,finite_zone,True,True,False,True,-0.05109594343322034,1.0,9.10969983438839e-09,1.0000008380923848,18.513926913333734,0.054013392441330195,9.54447475474077e-05,0.05340576796498553,-0.00033573450453072695,,pass
hexc_00925,926,111004819,111004818,1,111004819,positive,negative,False,True,theta_local,17.525084172748645,-18.20173410774896,0.0530386407864781,0.0553538355119092,0.0,0.002315194725431,343.17874360742235,0.05106692794701871,True,False,False,False,False,False,False,False,True,h=1,100M<=p<500M,finite_zone,True,True,False,True,-0.05106692794701871,1.0,9.008617905137975e-09,1.0,18.525084172748645,0.05398086133778823,9.491373928540574e-05,0.05336730530380307,-0.00032866451732496693,,pass
hexc_00926,927,39639401,39639400,1,39639401,positive,negative,False,True,theta_local,16.495334156312897,-17.17198409131288,0.0561016964280408,0.0580108520218464,0.0,0.0019091555938055,306.0867172410487,0.05389104860542684,True,False,False,False,False,False,False,False,True,h=1,1M<=p<100M,finite_zone,True,True,False,True,-0.05389104860542684,1.0,2.5227424602102337e-08,1.0,17.495334156312897,0.05715809661395732,0.00015883143455280613,0.056828954178010926,-0.0007272577499701297,,pass
hexc_00927,928,33489931,33489930,1,33489931,positive,negative,False,True,theta_local,16.32675538445175,-17.00340531945176,0.0566371536187742,0.0578008375393387,0.0,0.0011636839205644,300.2164521526277,0.05438328002141387,True,False,False,False,False,False,False,False,True,h=1,1M<=p<100M,finite_zone,True,True,False,True,-0.05438328002141387,1.0,2.985972112035704e-08,1.0,17.32675538445175,0.05771421006482004,0.00017279965601920926,0.05740214036176905,-0.0007649867429948484,,pass
hexc_00928,929,109769447,109769446,1,109769447,positive,negative,False,True,theta_local,17.513892787844487,-18.19054272284393,0.0530701319873542,0.0550907910074587,0.0,0.0020206590201044,342.7642261598001,0.051096034682684,True,False,False,False,False,False,False,False,True,h=1,100M<=p<500M,finite_zone,True,True,False,True,-0.051096034682684,1.0,9.11000307763234e-09,1.0,18.513892787844487,0.054013492000805026,9.544633611423929e-05,0.05340463220607039,-0.00033450021871619245,,pass
hexc_00929,930,604143751,604143750,1,604143751,positive,negative,True,False,theta_local,19.219322725926347,-19.89597266092641,0.048666707682567,0.0499265506780113,4.449354001873224e-15,0.0012598429954398,408.8210114951616,0.04701158253984166,True,False,False,False,False,False,False,False,True,h=1,p>=500M,post_P0_tail,True,True,False,True,-0.04701158253984166,1.0,1.6552351958366942e-09,1.0,20.219322725926347,0.049457640770417303,4.068458179503255e-05,0.04776205306002668,0.0009046546225403226,,pass
hexc_00930,931,40884761,40884760,1,40884761,positive,negative,False,True,theta_local,16.526267959896458,-17.202917894896473,0.0560045383757134,0.0572384388419331,0.0,0.0012339004662196,307.1700686020932,0.053801687238298326,True,False,False,False,False,False,False,False,True,h=1,1M<=p<100M,finite_zone,True,True,False,True,-0.053801687238298326,1.0,2.4458990967319095e-08,1.0,17.526267959896458,0.05705721276704181,0.00015639370501180377,0.05672401084455436,-0.0007194724688409648,,pass
hexc_00931,932,108810703,108810702,1,108810703,positive,negative,False,True,theta_local,17.50512026070956,-18.18177019570976,0.0530948429642106,0.0547312475022079,0.0,0.0016364045379972,342.4394758633235,0.051118873536929225,True,False,False,False,False,False,False,False,True,h=1,100M<=p<500M,finite_zone,True,True,False,True,-0.051118873536929225,1.0,9.190272394435315e-09,1.0,18.50512026070956,0.054039097607121195,9.586590840562308e-05,0.05343389515723773,-0.0003390521930271284,,pass
hexc_00932,933,108532727,108532726,1,108532727,positive,negative,False,True,theta_local,17.502562316799608,-18.17921225179998,0.0531020526654187,0.0549057081271222,0.0,0.0018036554617034,342.3448122870529,0.05112553685237057,True,False,False,False,False,False,False,False,True,h=1,100M<=p<500M,finite_zone,True,True,False,True,-0.05112553685237057,1.0,9.213810687720027e-09,1.0,18.502562316799608,0.0540465684091786,9.598859665460282e-05,0.0534424284358308,-0.0003403757704120991,,pass
hexc_00933,934,7118443,7118442,1,7118443,positive,negative,False,True,theta_local,14.778199579698969,-15.454849514698935,0.0620797401325145,0.0639860467502799,9.13324886862577e-16,0.0019063066177643,248.95158197681272,0.059361741999596554,True,False,False,False,False,False,False,False,True,h=1,1M<=p<100M,finite_zone,True,True,False,True,-0.059361741999596554,1.0,1.4048015837171135e-07,1.0,15.778199579698969,0.06337858733176698,0.0003748068280750917,0.06280840618424421,-0.0007286660517297136,,pass
hexc_00934,935,177978791,177978790,1,177978791,positive,negative,False,True,theta_local,17.99717494947184,-18.6738248844722,0.0517434327655703,0.0526763305513066,0.0,0.0009328977857362,360.89265606084047,0.04986849869961837,True,False,False,False,False,False,False,False,True,h=1,100M<=p<500M,finite_zone,True,True,False,True,-0.04986849869961837,1.0,5.61864699934949e-09,1.0,18.99717494947184,0.05263940573584084,7.495763469687053e-05,0.051797165460645944,-5.3732695075643655e-05,,pass
hexc_00935,936,39649187,39649186,1,39649187,positive,negative,False,True,theta_local,16.495581001421293,-17.17223093642133,0.0561009197938843,0.0585131648548839,1.485639504442834e-15,0.0024122450609981,306.0953545772937,0.05389033435087925,True,False,False,False,False,False,False,False,True,h=1,1M<=p<100M,finite_zone,True,True,False,True,-0.05389033435087925,1.0,2.522119810426378e-08,1.0,17.495581001421293,0.05715729017051579,0.00015881183238116665,0.056828116473030876,-0.0007271966791465787,,pass
hexc_00936,937,604698079,604698078,1,604698079,positive,negative,True,False,theta_local,19.22023984845652,-19.89688978345657,0.0486645361957419,0.0500423855703042,4.448950395359241e-15,0.0013778493745578,408.85809952910887,0.04700956119150606,True,False,False,False,False,False,False,False,True,h=1,p>=500M,post_P0_tail,True,True,False,True,-0.04700956119150606,1.0,1.6537178382536253e-09,1.0,20.22023984845652,0.049455397537054115,4.0665929698626404e-05,0.0477590365293854,0.0009054996663565018,,pass
hexc_00937,938,39693569,39693568,1,39693569,positive,negative,False,True,theta_local,16.496699742611202,-17.17334967761144,0.0560974002341289,0.0571426503152974,0.0,0.0010452500811685,306.13450188309093,0.05388709747231004,True,False,False,False,False,False,False,False,True,h=1,1M<=p<100M,finite_zone,True,True,False,True,-0.05388709747231004,1.0,2.5192997888398494e-08,1.0,17.496699742611202,0.05715363552616811,0.0001587230225531208,0.056824319917885946,-0.0007269196837570435,,pass
hexc_00938,939,3269009,3269008,1,3269009,positive,negative,False,True,theta_local,13.999997438838074,-14.676647373838025,0.0652295661588534,0.0682460248436658,0.0,0.0030164586848123,224.99992316514877,0.062222232087440085,True,False,False,False,False,False,False,False,True,h=1,1M<=p<100M,finite_zone,True,True,False,True,-0.062222232087440085,1.0,3.0590310396820566e-07,1.0,14.999997438838074,0.0666666780496105,0.0005530850784176026,0.06567520118558567,-0.00044563502673226896,,pass
hexc_00939,940,3277531,3277530,1,3277531,positive,negative,False,True,theta_local,14.002600953003942,-14.679250888003937,0.0652184957312538,0.0659166392050288,5.050996537368379e-16,0.0006981434737745,225.07803535507477,0.06221220533986782,True,False,False,False,False,False,False,False,True,h=1,1M<=p<100M,finite_zone,True,True,False,True,-0.06221220533986782,1.0,3.0510771675386137e-07,1.0,15.002600953003942,0.0666551088796221,0.0005523655644171362,0.06566536682621149,-0.00044687109495769595,,pass
hexc_00940,941,178299293,178299292,1,178299293,positive,negative,False,True,theta_local,17.99897411759836,-18.675624052598323,0.0517386175960202,0.0537060290310206,2.5196479886351746e-15,0.0019674114349977,360.96101752117244,0.04986403861891435,True,False,False,False,False,False,False,False,True,h=1,100M<=p<500M,finite_zone,True,True,False,True,-0.04986403861891435,1.0,5.6085471970996545e-09,1.0,18.99897411759836,0.05263442088032114,7.489023432397347e-05,0.051791196695998964,-5.2579099978765365e-05,,pass
hexc_00941,942,178037383,178037382,1,178037383,positive,negative,False,True,theta_local,17.99750410305984,-18.674154038059896,0.0517425517746324,0.0532726980772996,0.0,0.0015301463026671,360.9051621457754,0.04986768267889268,True,False,False,False,False,False,False,False,True,h=1,100M<=p<500M,finite_zone,True,True,False,True,-0.04986768267889268,1.0,5.616797905864523e-09,1.0,18.99750410305984,0.052638493697650245,7.494529942474393e-05,0.051796073481311655,-5.35217066792576e-05,,pass
hexc_00942,943,3291163,3291162,1,3291163,positive,negative,False,True,theta_local,14.006751555717493,-14.683401490717529,0.0652008546779488,0.0663088578637002,0.0,0.0011080031857513,225.20259225502934,0.06219622703035154,True,False,False,False,False,False,False,False,True,h=1,1M<=p<100M,finite_zone,True,True,False,True,-0.06219622703035154,1.0,3.0384396032648643e-07,1.0,15.006751555717491,0.06663667325251382,0.0005512204280743652,0.06564969242475094,-0.0004488377468021415,,pass
hexc_00943,944,109489841,109489840,1,109489841,positive,negative,False,True,theta_local,17.51134232666114,-18.18799226166084,0.053077313907212,0.0553662236802841,0.0,0.002288909773072,342.6697947348363,0.051102672589545615,True,False,False,False,False,False,False,False,True,h=1,100M<=p<500M,finite_zone,True,True,False,True,-0.051102672589545615,1.0,9.133267441679817e-09,1.0,18.51134232666114,0.05402093388763819,9.556812984295453e-05,0.053413139566773404,-0.0003358256595614034,,pass
hexc_00944,945,180620701,180620700,1,180620701,positive,negative,False,True,theta_local,18.011909815855688,-18.688559750856257,0.051704023744314,0.0532484287553092,0.0,0.0015444050109951,361.45271484622987,0.04983199482543204,True,False,False,False,False,False,False,False,True,h=1,100M<=p<500M,finite_zone,True,True,False,True,-0.04983199482543204,1.0,5.536463951604307e-09,1.0,19.011909815855688,0.0525986084346988,7.44074186597298e-05,0.05174828542346588,-4.42616791518774e-05,,pass
hexc_00945,946,109592773,109592772,1,109592773,positive,negative,False,True,theta_local,17.512281990523043,-18.18893192552241,0.053074667653594,0.053857183474842,2.6538737528380955e-15,0.0007825158212452,342.7045844966438,0.051100226792252165,True,False,False,False,False,False,False,False,True,h=1,100M<=p<500M,finite_zone,True,True,False,True,-0.051100226792252165,1.0,9.124689271253316e-09,1.0,18.512281990523043,0.05401819184214718,9.552323943027327e-05,0.053410005176149467,-0.00033533752255546917,,pass
hexc_00946,947,33415721,33415720,1,33415721,positive,negative,False,True,theta_local,16.32453703583054,-17.00118697083053,0.0566442678844403,0.0578975849812232,0.0,0.0012533170967828,300.1395835058641,0.054389817048278784,True,False,False,False,False,False,False,False,True,h=1,1M<=p<100M,finite_zone,True,True,False,True,-0.054389817048278784,1.0,2.9926033916790246e-08,1.0,17.32453703583054,0.057721600175046746,0.00017299142729277148,0.05740969794343975,-0.0007654300589994556,,pass
hexc_00947,948,33488537,33488536,1,33488537,positive,negative,False,True,theta_local,16.32671375913419,-17.003363694133895,0.0566372870951272,0.0578979058425053,0.0,0.001260618747378,300.2150096909701,0.05438340266844182,True,False,False,False,False,False,False,False,True,h=1,1M<=p<100M,finite_zone,True,True,False,True,-0.05438340266844182,1.0,2.9860964066599865e-08,1.0,17.32671375913419,0.05771434871617396,0.00017280325247691334,0.05740228216930987,-0.0007649950741826714,,pass
hexc_00948,949,178912931,178912930,1,178912931,positive,negative,False,True,theta_local,18.00240982647052,-18.679059761470853,0.0517294249901216,0.0530418844504978,0.0,0.0013124594603761,361.09157921314335,0.049855523813930165,True,False,False,False,False,False,False,False,True,h=1,100M<=p<500M,finite_zone,True,True,False,True,-0.049855523813930165,1.0,5.589310925770927e-09,1.0,19.00240982647052,0.05262490437433843,7.476169424090741e-05,0.05177979897656426,-5.0373986442663055e-05,,pass
hexc_00949,950,604715537,604715536,1,604715537,positive,negative,True,False,theta_local,19.22026871864579,-19.89691865364512,0.0486644678424404,0.050292038029149,4.4489376910821536e-15,0.001627570186704,408.8592670542455,0.04700949756409884,True,False,False,False,False,False,False,False,True,h=1,p>=500M,post_P0_tail,True,True,False,True,-0.04700949756409884,1.0,1.6536700957958022e-09,1.0,20.22026871864579,0.04945532692539671,4.0665342686319545e-05,0.04775894157194016,0.000905526270500237,,pass
hexc_00950,951,179378933,179378932,1,179378933,positive,negative,False,True,theta_local,18.00501107037019,-18.681661005370188,0.0517224672562242,0.0528374174512601,2.5180475075871088e-15,0.0011149501950333,361.19044578489354,0.049849079012164815,True,False,False,False,False,False,False,False,True,h=1,100M<=p<500M,finite_zone,True,True,False,True,-0.049849079012164815,1.0,5.574790658387961e-09,1.0,19.00501107037019,0.05261770152604922,7.466452074705872e-05,0.05177116978921115,-4.8702532986943936e-05,,pass
hexc_00951,952,31034411,31034410,1,31034411,positive,negative,False,True,theta_local,16.250607179077214,-16.927257114077292,0.0568823878652467,0.0595614854614243,0.0,0.0026790975961775,297.5834480468303,0.054608572102168386,True,False,False,False,False,False,False,False,True,h=1,1M<=p<100M,finite_zone,True,True,False,True,-0.054608572102168386,1.0,3.222229672733276e-08,1.0,17.250607179077214,0.05796897405517833,0.00017950570109980565,0.05766179799203397,-0.0007794101267872694,,pass
hexc_00952,953,39646561,39646560,1,39646561,positive,negative,False,True,theta_local,16.495514768361712,-17.172164703361886,0.0561011281769306,0.058083894710532,2.97130150576841e-15,0.0019827665335984,306.09303700996276,0.05389052599659369,True,False,False,False,False,False,False,False,True,h=1,1M<=p<100M,finite_zone,True,True,False,True,-0.05389052599659369,1.0,2.5222868636702184e-08,1.0,17.495514768361712,0.05715750655181439,0.00015881709176503072,0.056828341244161695,-0.0007272130672310931,,pass
hexc_00953,954,178037701,178037700,1,178037701,positive,negative,False,True,theta_local,17.99750588919997,-18.67415582419926,0.0517425469940463,0.0531012747989439,0.0,0.0013587278048975,360.90523001018784,0.04986767825085806,True,False,False,False,False,False,False,False,True,h=1,100M<=p<500M,finite_zone,True,True,False,True,-0.04986767825085806,1.0,5.6167878734852906e-09,1.0,18.997505889199978,0.052638488748593934,7.494523249337005e-05,0.05179606755573474,-5.352056168844016e-05,,pass
hexc_00954,955,604170577,604170576,1,604170577,positive,negative,True,False,theta_local,19.21936712827992,-19.896017063279945,0.0486666025458861,0.0492397505590195,0.0,0.0005731480131333,408.8228070681663,0.047011484672564566,True,False,False,False,False,False,False,False,True,h=1,p>=500M,post_P0_tail,True,True,False,True,-0.047011484672564566,1.0,1.6551617011299773e-09,1.0,20.219367128279913,0.049457532159913414,4.0683678559466296e-05,0.047761907014828964,0.0009046955310571397,,pass
hexc_00955,956,109706543,109706542,1,109706543,positive,negative,False,True,theta_local,17.51331956795176,-18.189969502952408,0.0530717459651096,0.0555431705366381,0.0,0.0024714245715284,342.74300142510543,0.05109752641230426,True,False,False,False,False,False,False,False,True,h=1,100M<=p<500M,finite_zone,True,True,False,True,-0.05109752641230426,1.0,9.115226609592465e-09,1.0,18.513319567951758,0.05401516439715604,9.547369590412045e-05,0.05340654422373858,-0.00033479825862898355,,pass
hexc_00956,957,18001723,18001722,1,18001723,positive,negative,False,True,theta_local,15.70597803350158,-16.38262796850131,0.0587002237912155,0.0603358846572112,0.0,0.0016356608659956,279.08970205583734,0.05627573471112629,True,False,False,False,False,False,False,False,True,h=1,1M<=p<100M,finite_zone,True,True,False,True,-0.05627573471112629,1.0,5.555023816331359e-08,1.0,16.70597803350158,0.05985881209676172,0.0002356909802332571,0.05953452937835224,-0.0008343055871367425,,pass
hexc_00957,958,187422899,187422898,1,187422899,positive,negative,False,True,theta_local,18.048878113473307,-18.72552804847328,0.0516054141235671,0.0523554099310386,0.0,0.0007499958074714,362.85975738196237,0.04974064427451583,True,False,False,False,False,False,False,False,True,h=1,100M<=p<500M,finite_zone,True,True,False,True,-0.04974064427451583,1.0,5.335527330627833e-09,1.0,19.048878113473307,0.0524965299291142,7.3044694062114e-05,0.05162568094046582,-2.026681689872023e-05,,pass
hexc_00958,959,108582037,108582036,1,108582037,positive,negative,False,True,theta_local,17.50301654662663,-18.179666481626555,0.0531007722515213,0.0549312559663093,0.0,0.0018304837147879,342.36162132473885,0.051124353480101574,True,False,False,False,False,False,False,False,True,h=1,100M<=p<500M,finite_zone,True,True,False,True,-0.051124353480101574,1.0,9.209626450459757e-09,1.0,18.50301654662663,0.054045241622091865,9.596679868819088e-05,0.05344091310863619,-0.00034014085711488867,,pass
hexc_00959,960,1197767,1197766,1,1197767,positive,negative,False,True,theta_local,12.99596954792371,-13.672619482923665,0.0697984453529163,0.0705694820952203,0.0,0.0007710367423039,195.88716358640784,0.06634416114862501,True,False,False,False,False,False,False,False,True,h=1,1M<=p<100M,finite_zone,True,True,False,True,-0.06634416114862501,1.0,8.348869187412911e-07,1.0,13.99596954792371,0.07144914088130101,0.0009137214667179987,0.06963322586569465,0.00016521948722164614,,pass
hexc_00960,961,604811017,604811016,1,604811017,positive,negative,True,False,theta_local,19.22042659860284,-19.89707653360165,0.0486640940479382,0.0501190700615863,0.0,0.001454976013648,408.8656518294853,0.04700914961332725,True,False,False,False,False,False,False,False,True,h=1,p>=500M,post_P0_tail,True,True,False,True,-0.04700914961332725,1.0,1.6534090350407754e-09,1.0,20.22042659860284,0.04945494078097721,4.066213269174129e-05,0.047758422286440894,0.0009056717614973064,,pass
hexc_00961,962,109773067,109773066,1,109773067,positive,negative,False,True,theta_local,17.51392576551186,-18.19057570051245,0.0530700391372822,0.05489917504497,0.0,0.0018291359076877,342.76544725088394,0.051095948865267936,True,False,False,False,False,False,False,False,True,h=1,100M<=p<500M,finite_zone,True,True,False,True,-0.051095948865267936,1.0,9.10970265593472e-09,1.0,18.51392576551186,0.05401339579003939,9.544476232845216e-05,0.05340452220702874,-0.0003344830697465384,,pass
hexc_00962,963,179667317,179667316,1,179667317,positive,negative,False,True,theta_local,18.00661745986466,-18.683267394864743,0.0517181714653075,0.0531647891908394,0.0,0.0014466177255318,361.25150726563214,0.04984509987559498,True,False,False,False,False,False,False,False,True,h=1,100M<=p<500M,finite_zone,True,True,False,True,-0.04984509987559498,1.0,5.565842562228499e-09,1.0,19.00661745986466,0.05261325441581864,7.460457467359826e-05,0.051765840972501254,-4.766950719375246e-05,,pass
hexc_00963,964,1198187,1198186,1,1198187,positive,negative,False,True,theta_local,12.99632013896536,-13.672970073965304,0.0697967383324383,0.0725736917080832,0.0,0.0027769533756448,195.89697743240728,0.06634262717733681,True,False,False,False,False,False,False,False,True,h=1,1M<=p<100M,finite_zone,True,True,False,True,-0.06634262717733681,1.0,8.345942661704726e-07,1.0,13.996320138965359,0.07144735116597029,0.0009135613094754355,0.06963177553229372,0.0001649628001445802,,pass
hexc_00964,965,12772481,12772480,1,12772481,positive,negative,False,True,theta_local,15.36280349261503,-16.03945342761517,0.0599065259745284,0.0615028587662349,8.492288752441135e-16,0.0015963327917056,267.7413381379346,0.057379273590917976,True,False,False,False,False,False,False,False,True,h=1,1M<=p<100M,finite_zone,True,True,False,True,-0.057379273590917976,1.0,7.829332453107584e-08,1.0,16.36280349261503,0.06111422168281412,0.000279809443248572,0.06073125384161315,-0.0008247278670847555,,pass
hexc_00965,966,179394643,179394642,1,179394643,positive,negative,False,True,theta_local,18.00509864649653,-18.68174858149632,0.0517222330426254,0.0535599774174267,0.0,0.0018377443748012,361.19377456306427,0.04984886206379742,True,False,False,False,False,False,False,False,True,h=1,100M<=p<500M,finite_zone,True,True,False,True,-0.04984886206379742,1.0,5.5743024611944516e-09,1.0,19.00509864649653,0.052617459061931444,7.466125140388722e-05,0.05177087927400548,-4.8646231380074234e-05,,pass
hexc_00966,967,12772691,12772690,1,12772691,positive,negative,False,True,theta_local,15.362819934078022,-16.039469869078175,0.0599064669935783,0.0621562171320395,0.0,0.0022497501384611,267.7418761950611,0.057379219688763104,True,False,False,False,False,False,False,False,True,h=1,1M<=p<100M,finite_zone,True,True,False,True,-0.057379219688763104,1.0,7.829203728486033e-08,1.0,16.362819934078022,0.061114160274864986,0.0002798071430197241,0.060731196146401434,-0.0008247291528231324,,pass
hexc_00967,968,7055803,7055802,1,7055803,positive,negative,False,True,theta_local,14.769360956777874,-15.44601089177786,0.0621138070145171,0.0640608430714085,9.143489989496429e-16,0.0019470360568904,248.6727449851504,0.05939276118763973,True,False,False,False,False,False,False,False,True,h=1,1M<=p<100M,finite_zone,True,True,False,True,-0.05939276118763973,1.0,1.417273129649453e-07,1.0,15.769360956777874,0.06341411061240165,0.00037646688163096804,0.06284024790472076,-0.0007264408902036557,,pass
hexc_00968,969,30848669,30848668,1,30848669,positive,negative,False,True,theta_local,16.24460416313858,-16.921254098138434,0.0569018107996866,0.0582469097724379,0.0,0.0013450989727512,297.3763727433364,0.05462641168590482,True,False,False,False,False,False,False,False,True,h=1,1M<=p<100M,finite_zone,True,True,False,True,-0.05462641168590482,1.0,3.241630943623532e-08,1.0,17.24460416313858,0.05798915362392386,0.00018004529828972296,0.05768228828898292,-0.0007804774892963204,,pass
hexc_00969,970,33478231,33478230,1,33478231,positive,negative,False,True,theta_local,16.326405964674663,-17.003055899674564,0.0566382740928767,0.0580317043722804,0.0,0.0013934302794036,300.20434365271376,0.05438430958734423,True,False,False,False,False,False,False,False,True,h=1,1M<=p<100M,finite_zone,True,True,False,True,-0.05438430958734423,1.0,2.987015652051627e-08,1.0,17.326405964674663,0.057715373981125404,0.00017282984846523554,0.057403330756082394,-0.0007650566632056918,,pass
hexc_00970,971,39651991,39651990,1,39651991,positive,negative,False,True,theta_local,16.495651719160218,-17.172301654160037,0.0561006973028075,0.0576970160239945,0.0,0.0015963187211869,306.0978290781539,0.05389012973021934,True,False,False,False,False,False,False,False,True,h=1,1M<=p<100M,finite_zone,True,True,False,True,-0.05389012973021934,1.0,2.5219414581224938e-08,1.0,17.495651719160218,0.05715705913972089,0.00015880621707359236,0.05682787648287424,-0.0007271791800667407,,pass
hexc_00971,972,1186033,1186032,1,1186033,positive,negative,False,True,theta_local,12.986124682773283,-13.662774617773266,0.0698464138919876,0.0726904701419275,0.0,0.0028440562499398,195.61168364208007,0.06638726501907018,True,False,False,False,False,False,False,False,True,h=1,1M<=p<100M,finite_zone,True,True,False,True,-0.06638726501907018,1.0,8.431468601632501e-07,1.0,13.986124682773283,0.07149943409497132,0.000918230287108441,0.06967397526405383,0.0001724386279337714,,pass
hexc_00972,973,179471339,179471338,1,179471339,positive,negative,False,True,theta_local,18.0055260818346,-18.68217601683409,0.0517210899399584,0.0533847122027223,2.517911041407948e-15,0.0016636222627613,361.2100216472951,0.049847803224618625,True,False,False,False,False,False,False,False,True,h=1,100M<=p<500M,finite_zone,True,True,False,True,-0.049847803224618625,1.0,5.57192031648017e-09,1.0,19.005526081834596,0.052616275692352235,7.464529668023412e-05,0.05176946135157512,-4.837141161671832e-05,,pass
hexc_00973,974,30364123,30364122,1,30364123,positive,negative,False,True,theta_local,16.22877230496028,-16.905422239960444,0.056953098895366,0.0580150846827492,0.0,0.0010619857873831,296.8305951361664,0.054673516042089886,True,False,False,False,False,False,False,False,True,h=1,1M<=p<100M,finite_zone,True,True,False,True,-0.054673516042089886,1.0,3.293360391143192e-08,1.0,17.22877230496028,0.058042440999240164,0.00018147618001112961,0.05773634241554593,-0.0007832435201799298,,pass
hexc_00974,975,17642869,17642868,1,17642869,positive,negative,False,True,theta_local,15.685842237041545,-16.362492172041584,0.0587696610117686,0.0601273708835792,1.6333298972183836e-15,0.0013577098718089,278.4173311594396,0.05633931685114397,True,False,False,False,False,False,False,False,True,h=1,1M<=p<100M,finite_zone,True,True,False,True,-0.05633931685114397,1.0,5.668012385060502e-08,1.0,16.685842237041545,0.05993104727911555,0.00023807587834680992,0.05960435485014104,-0.0008346938383724384,,pass
hexc_00975,976,604830077,604830076,1,604830077,positive,negative,True,False,theta_local,19.220458112082497,-19.89710804708193,0.0486640194377288,0.0493076414475111,0.0,0.0006436220097822,408.8669262624829,0.04700908016155706,True,False,False,False,False,False,False,False,True,h=1,p>=500M,post_P0_tail,True,True,False,True,-0.04700908016155706,1.0,1.6533569311897828e-09,1.0,20.220458112082497,0.04945486370570713,4.066149199414334e-05,0.0477583186349968,0.0009057008027320013,,pass
hexc_00976,977,7108573,7108572,1,7108573,positive,negative,False,True,theta_local,14.776812078400951,-15.453462013401122,0.062085085534928,0.0629207767537194,0.0,0.0008356912187913,248.9077993571782,0.059366609309001575,True,False,False,False,False,False,False,False,True,h=1,1M<=p<100M,finite_zone,True,True,False,True,-0.059366609309001575,1.0,1.4067521005974055e-07,1.0,15.776812078400953,0.0633841612000334,0.0003750669407715649,0.06281340379744615,-0.0007283182625181517,,pass
hexc_00977,978,604872287,604872286,1,604872287,positive,negative,True,False,theta_local,19.22052789784348,-19.897177832843223,0.0486638542162197,0.0506320408823422,0.0,0.0019681866661224,408.8697484674664,0.04700892636319081,True,False,False,False,False,False,False,False,True,h=1,p>=500M,post_P0_tail,True,True,False,True,-0.04700892636319081,1.0,1.6532415544440376e-09,1.0,20.22052789784348,0.04945469302543037,4.066007322231525e-05,0.047758089101691326,0.0009057651145283757,,pass
hexc_00978,979,1516871,1516870,1,1516871,positive,negative,False,True,theta_local,13.232160218459114,-13.908810153459058,0.0686670406513233,0.0706981135254867,0.0,0.0020310728741633,202.55438448389017,0.06532645665594818,True,False,False,False,False,False,False,False,True,h=1,1M<=p<100M,finite_zone,True,True,False,True,-0.06532645665594818,1.0,6.592518414552062e-07,1.0,14.232160218459114,0.07026340236832071,0.000811943250144495,0.06866836032066637,-1.3196693430667095e-06,,pass
hexc_00979,980,30399133,30399132,1,30399133,positive,negative,False,True,theta_local,16.229924646232913,-16.906574581233144,0.0569493627097548,0.0593702946236736,0.0,0.0024209319139187,296.8703033148644,0.05467008476431963,True,False,False,False,False,False,False,False,True,h=1,1M<=p<100M,finite_zone,True,True,False,True,-0.05467008476431963,1.0,3.289567501810002e-08,1.0,17.229924646232913,0.058038559107606795,0.00018137164888179193,0.0577324072969454,-0.0007830445871905983,,pass
hexc_00980,981,179471009,179471008,1,179471009,positive,negative,False,True,theta_local,18.0055242430992,-18.68217417809956,0.0517210948572358,0.0531997381477983,0.0,0.0014786432905624,361.2099517550314,0.04984780777942228,True,False,False,False,False,False,False,False,True,h=1,100M<=p<500M,finite_zone,True,True,False,True,-0.04984780777942228,1.0,5.571930561776693e-09,1.0,19.0055242430992,0.05261628078284104,7.46453653067402e-05,0.05176946745116151,-4.837259392571208e-05,,pass
hexc_00981,982,33489431,33489430,1,33489431,positive,negative,False,True,theta_local,16.32674045447974,-17.00339038947959,0.0566372014933686,0.0589451733440807,0.0,0.002307971850712,300.2159347769048,0.05438332401180636,True,False,False,False,False,False,False,False,True,h=1,1M<=p<100M,finite_zone,True,True,False,True,-0.05438332401180636,1.0,2.9860166928485585e-08,1.0,17.32674045447974,0.05771425979555521,0.000172800945971038,0.057402191224610766,-0.0007649897312421647,,pass
hexc_00982,983,109559207,109559206,1,109559207,positive,negative,False,True,theta_local,17.511975664289874,-18.18862559928948,0.0530755302915063,0.05444012530015,0.0,0.0013645950086436,342.6932429952605,0.05110102408564871,True,False,False,False,False,False,False,False,True,h=1,100M<=p<500M,finite_zone,True,True,False,True,-0.05110102408564871,1.0,9.127484831101416e-09,1.0,18.511975664289874,0.05401908570618037,9.553787118782485e-05,0.0534110269693977,-0.00033549667789140036,,pass
hexc_00983,984,108834899,108834898,1,108834899,positive,negative,False,True,theta_local,17.50534260382036,-18.18199253881994,0.0530942163707537,0.0545411270878509,0.0,0.0014469107170971,342.4477048847686,0.05111829442603738,True,False,False,False,False,False,False,False,True,h=1,100M<=p<500M,finite_zone,True,True,False,True,-0.05111829442603738,1.0,9.188229227832518e-09,1.0,18.505342603820353,0.05403844832321851,9.585525143586301e-05,0.05343315343578148,-0.00033893706502777926,,pass
hexc_00984,985,17591831,17591830,1,17591831,positive,negative,False,True,theta_local,15.682945204531208,-16.359595139531393,0.0587796647885895,0.059811529361056,0.0,0.0010318645724664,278.32066069739085,0.05634847648476508,True,False,False,False,False,False,False,False,True,h=1,1M<=p<100M,finite_zone,True,True,False,True,-0.05634847648476508,1.0,5.684456609434231e-08,1.0,16.682945204531208,0.059941454445848856,0.00023842098501252425,0.05961440477426927,-0.000834739985679768,,pass
hexc_00985,986,108830363,108830362,1,108830363,positive,negative,False,True,theta_local,17.50530092514403,-18.181950860143843,0.0530943338258685,0.0544065484650341,0.0,0.0013122146391655,342.44616233013653,0.05111840298057707,True,False,False,False,False,False,False,False,True,h=1,100M<=p<500M,finite_zone,True,True,False,True,-0.05111840298057707,1.0,9.188612189045074e-09,1.0,18.50530092514403,0.05403857003164172,9.585724901667622e-05,0.0534332924728429,-0.000338958646974398,,pass
hexc_00986,987,604692163,604692162,1,604692163,positive,negative,True,False,theta_local,19.220230065013933,-19.89688000001479,0.0486645593591472,0.0497842615972893,4.4489547005586506e-15,0.0011197022381375,408.85770388209335,0.04700958275340869,True,False,False,False,False,False,False,False,True,h=1,p>=500M,post_P0_tail,True,True,False,True,-0.04700958275340869,1.0,1.6537340173862978e-09,1.0,20.220230065013933,0.049455421465765155,4.0666128625507225e-05,0.04775906870828073,0.0009054906508664737,,pass
hexc_00987,988,112219399,112219398,1,112219399,positive,negative,False,True,theta_local,17.535966432721164,-18.21261636772124,0.0530080552321496,0.0547956749890023,0.0,0.0017876197568526,343.5820515949658,0.05103865685450172,True,False,False,False,False,False,False,False,True,h=1,100M<=p<500M,finite_zone,True,True,False,True,-0.05103865685450172,1.0,8.911115269829595e-09,1.0,18.535966432721164,0.053949169773782085,9.439870375079095e-05,0.05333101451344313,-0.0003229592812935278,,pass
hexc_00988,989,187492559,187492558,1,187492559,positive,negative,False,True,theta_local,18.04924971725392,-18.72589965225416,0.051604424812612,0.0534997227519696,0.0,0.0018952979393575,362.8739147902986,0.04973972771695208,True,False,False,False,False,False,False,False,True,h=1,100M<=p<500M,finite_zone,True,True,False,True,-0.04973972771695208,1.0,5.333544996844382e-09,1.0,19.04924971725392,0.05249550585156362,7.303112348063927e-05,0.05162444874538896,-2.0023932776960796e-05,,pass
hexc_00989,990,109527281,109527280,1,109527281,positive,negative,False,True,theta_local,17.51168421774274,-18.188334152742755,0.0530763510531175,0.0546979058091081,0.0,0.0016215547559905,342.68245257742564,0.05110178267381856,True,False,False,False,False,False,False,False,True,h=1,100M<=p<500M,finite_zone,True,True,False,True,-0.05110178267381856,1.0,9.130145392726402e-09,1.0,18.51168421774274,0.05401993617855356,9.555179429359975e-05,0.053411999133119004,-0.0003356480800015063,,pass
hexc_00990,991,39651919,39651918,1,39651919,positive,negative,False,True,theta_local,16.49564990336072,-17.172299838360686,0.0561007030156267,0.0575033334265888,0.0,0.001402630410962,306.097765540966,0.05389013498418713,True,False,False,False,False,False,False,False,True,h=1,1M<=p<100M,finite_zone,True,True,False,True,-0.05389013498418713,1.0,2.521946037466686e-08,1.0,17.49564990336072,0.05715706507181028,0.00015880636125378245,0.05682788264502925,-0.0007271796294025454,,pass
hexc_00991,992,109769281,109769280,1,109769281,positive,negative,False,True,theta_local,17.513891275582832,-18.19054121058344,0.0530701362452047,0.0545327978215142,0.0,0.0014626615763094,342.7641701641021,0.051096038618032524,True,False,False,False,False,False,False,False,True,h=1,100M<=p<500M,finite_zone,True,True,False,True,-0.051096038618032524,1.0,9.110016854351082e-09,1.0,18.513891275582832,0.05401349641276421,9.544640828418366e-05,0.053404637250313414,-0.000334501005108713,,pass
hexc_00992,993,179434019,179434018,1,179434019,positive,negative,False,True,theta_local,18.00531811614502,-18.681968051144395,0.051721646102297,0.0530179853254557,0.0,0.0012963392231586,361.2021166958701,0.04984831838985425,True,False,False,False,False,False,False,False,True,h=1,100M<=p<500M,finite_zone,True,True,False,True,-0.04984831838985425,1.0,5.573079205231423e-09,1.0,19.00531811614502,0.052616851445938174,7.465305891409556e-05,0.05177015123113082,-4.850512883382285e-05,,pass
hexc_00993,994,30402601,30402600,1,30402601,positive,negative,False,True,theta_local,16.230038721926995,-16.906688656927145,0.0569489928737855,0.0583838509096424,1.5317845008280332e-15,0.0014348580358552,296.87423435910364,0.054669745109287224,True,False,False,False,False,False,False,False,True,h=1,1M<=p<100M,finite_zone,True,True,False,True,-0.054669745109287224,1.0,3.2891922635171904e-08,1.0,17.230038721926995,0.05803817484910218,0.00018136130412844934,0.05773201774719383,-0.000783024873408332,,pass
hexc_00994,995,40835357,40835356,1,40835357,positive,negative,False,True,theta_local,16.525058857236605,-17.201708792236786,0.0560083296529722,0.0577954298990485,0.0,0.0017871002460762,307.12768794960715,0.053805174543390566,True,False,False,False,False,False,False,False,True,h=1,1M<=p<100M,finite_zone,True,True,False,True,-0.053805174543390566,1.0,2.448858228422002e-08,1.0,17.525058857236605,0.0570611493031917,0.00015648828161948748,0.05672811142098899,-0.0007197817680167917,,pass
hexc_00995,996,40844953,40844952,1,40844953,positive,negative,False,True,theta_local,16.525293822065805,-17.201943757065692,0.0560075928541781,0.0576823253845206,1.4806061942566022e-15,0.001674732530341,307.13592354973787,0.053804496820410795,True,False,False,False,False,False,False,False,True,h=1,1M<=p<100M,finite_zone,True,True,False,True,-0.053804496820410795,1.0,2.4482829004601867e-08,1.0,17.525293822065805,0.057060384273895405,0.00015646989807819862,0.056727314547915464,-0.0007197216937373657,,pass
hexc_00996,997,31027889,31027888,1,31027889,positive,negative,False,True,theta_local,16.25039700317255,-16.92704693817268,0.0568830676716483,0.0582113431712301,1.5281711233188096e-15,0.0013282754995802,297.5761967670646,0.05460919650066288,True,False,False,False,False,False,False,False,True,h=1,1M<=p<100M,finite_zone,True,True,False,True,-0.05460919650066288,1.0,3.2229069789440076e-08,1.0,17.25039700317255,0.05796968033930397,0.00017952456597758446,0.057662515340932696,-0.0007794476692843944,,pass
hexc_00997,998,40861603,40861602,1,40861603,positive,negative,False,True,theta_local,16.525701378106486,-17.202351313106647,0.0560063148926992,0.0582342885153666,0.0,0.0022279736226673,307.1502087945636,0.053803321322694095,True,False,False,False,False,False,False,False,True,h=1,1M<=p<100M,finite_zone,True,True,False,True,-0.053803321322694095,1.0,2.447285291279444e-08,1.0,17.525701378106486,0.05705905734815402,0.00015643801620064874,0.05672593234876855,-0.0007196174560693477,,pass
hexc_00998,999,3260947,3260946,1,3260947,positive,negative,False,True,theta_local,13.997528201956154,-14.67417813695613,0.0652400690960375,0.0679057846689434,0.0,0.0026657155729058,224.9258521684702,0.06223174467055908,True,False,False,False,False,False,False,False,True,h=1,1M<=p<100M,finite_zone,True,True,False,True,-0.06223174467055908,1.0,3.066593845284821e-07,1.0,14.997528201956154,0.06667765424635562,0.0005537683491573729,0.06568453005154118,-0.0004444609555036838,,pass
hexc_00999,1000,30784337,30784336,1,30784337,positive,negative,False,True,theta_local,16.242516579632973,-16.919166514632707,0.0569085683450456,0.0582834135511458,0.0,0.0013748452061001,297.30437799891797,0.05463261822431719,True,False,False,False,False,False,False,False,True,h=1,1M<=p<100M,finite_zone,True,True,False,True,-0.05463261822431719,1.0,3.248405187352257e-08,1.0,17.242516579632973,0.057996174478452275,0.00018023332620112895,0.057689414625214264,-0.0007808462801686608,,pass
hexc_01000,1001,179650267,179650266,1,179650267,positive,negative,False,True,theta_local,18.00652255774591,-18.683172492746053,0.0517184252317892,0.0525808654579029,0.0,0.0008624402261136,361.24789973810414,0.04984533493703409,True,False,False,False,False,False,False,False,True,h=1,100M<=p<500M,finite_zone,True,True,False,True,-0.04984533493703409,1.0,5.566370797545211e-09,1.0,19.00652255774591,0.05261351712086125,7.4608114823692e-05,0.05176615578548982,-4.7730553700622846e-05,,pass
hexc_01001,1002,12847993,12847992,1,12847993,positive,negative,False,True,theta_local,15.36869817033665,-16.045348105336643,0.0598853872592107,0.0623766146835073,8.486173386253481e-16,0.0024912274242956,267.9342797915824,0.057359954770593274,True,False,False,False,False,False,False,False,True,h=1,1M<=p<100M,finite_zone,True,True,False,True,-0.057359954770593274,1.0,7.783316818432263e-08,1.0,16.36869817033665,0.06109221329599685,0.000278985964134977,0.060710571003012026,-0.0008251837438013263,,pass
hexc_01002,1003,108811211,108811210,1,108811211,positive,negative,False,True,theta_local,17.50512492935704,-18.181774864357067,0.0530948298071677,0.0539684199046391,0.0,0.0008735900974713,342.4396486511113,0.0511188613769191,True,False,False,False,False,False,False,False,True,h=1,100M<=p<500M,finite_zone,True,True,False,True,-0.0511188613769191,1.0,9.190229488393434e-09,1.0,18.505124929357038,0.054039083973627895,9.586568462381852e-05,0.05343387958292656,-0.0003390497757588609,,pass
hexc_01003,1004,178899659,178899658,1,178899659,positive,negative,False,True,theta_local,18.00233564238434,-18.678985577384083,0.0517296234430687,0.0536210536138784,0.0,0.0018914301708096,361.08875986583035,0.04985570763563359,True,False,False,False,False,False,False,False,True,h=1,100M<=p<500M,finite_zone,True,True,False,True,-0.04985570763563359,1.0,5.589725579074469e-09,1.0,19.00233564238434,0.052625109819106626,7.476446735632153e-05,0.0517800450729502,-5.0421629881496066e-05,,pass
hexc_01004,1005,3459227,3459226,1,3459227,positive,negative,False,True,theta_local,14.05655571166946,-14.73320564666949,0.0649899166385012,0.0670937609135922,0.0,0.0021038442750909,226.69986989860627,0.06200513356252208,True,False,False,False,False,False,False,False,True,h=1,1M<=p<100M,finite_zone,True,True,False,True,-0.06200513356252208,1.0,2.8908192495028513e-07,1.0,15.05655571166946,0.06641625210638036,0.0005376633937235129,0.06546197560231204,-0.0004720589638108341,,pass
hexc_01005,1006,33827929,33827928,1,33827929,positive,negative,False,True,theta_local,16.336797321029024,-17.013447256029394,0.0566049713635142,0.0585224770074963,0.0,0.001917505643982,300.5645413504392,0.054353708017677825,True,False,False,False,False,False,False,False,True,h=1,1M<=p<100M,finite_zone,True,True,False,True,-0.054353708017677825,1.0,2.9561372202241526e-08,1.0,17.336797321029024,0.0576807804511292,0.00017193420893539928,0.05736793398514761,-0.0007629626216334104,,pass
hexc_01006,1007,39651163,39651162,1,39651163,positive,negative,False,True,theta_local,16.495630837266923,-17.17228077226673,0.0561007630009194,0.0572648554389082,0.0,0.0011640924379887,306.0970983939253,0.05389019015148655,True,False,False,False,False,False,False,False,True,h=1,1M<=p<100M,finite_zone,True,True,False,True,-0.05389019015148655,1.0,2.521994121584782e-08,1.0,17.495630837266923,0.05715712735947364,0.00015880787516948843,0.05682794734834862,-0.0007271843474292161,,pass
hexc_01007,1008,39640807,39640806,1,39640807,positive,negative,False,True,theta_local,16.49536962544285,-17.17201956044255,0.0561015848322929,0.0581475215926058,0.0,0.0020459367603128,306.08795833086833,0.05389094597315731,True,False,False,False,False,False,False,False,True,h=1,1M<=p<100M,finite_zone,True,True,False,True,-0.05389094597315731,1.0,2.5226529823169343e-08,1.0,17.49536962544285,0.057157980734841865,0.00015882861777138696,0.05682883380805204,-0.0007272489757591399,,pass
hexc_01008,1009,604365197,604365196,1,604365197,positive,negative,True,False,theta_local,19.21968920397824,-19.89633913897705,0.0486658399429225,0.0494720464864998,4.449192715931263e-15,0.0008062065435728,408.8358315054741,0.04701077479731837,True,False,False,False,False,False,False,False,True,h=1,p>=500M,post_P0_tail,True,True,False,True,-0.04701077479731837,1.0,1.6546286996072674e-09,1.0,20.219689203978238,0.04945674436000971,4.0677127474875454e-05,0.047760847666308504,0.0009049922766139959,,pass
hexc_01009,1010,33496499,33496498,1,33496499,positive,negative,False,True,theta_local,16.326951483871323,-17.003601418871312,0.0566365248119579,0.0583219062948139,1.5146973271832312e-15,0.0016853814828544,300.2232477244306,0.05438270223116609,True,False,False,False,False,False,False,False,True,h=1,1M<=p<100M,finite_zone,True,True,False,True,-0.05438270223116609,1.0,2.98538662204668e-08,1.0,17.326951483871323,0.05771355687876447,0.0001727827138936844,0.057401472299656975,-0.0007649474876990775,,pass
hexc_01010,1011,180643147,180643146,1,180643147,positive,negative,False,True,theta_local,18.012034079604486,-18.688684014604405,0.0517036916508565,0.0534756590852837,2.51618752726558e-15,0.0017719674344246,361.4574398440424,0.04983168720327382,True,False,False,False,False,False,False,False,True,h=1,100M<=p<500M,finite_zone,True,True,False,True,-0.04983168720327382,1.0,5.53577601258242e-09,1.0,19.012034079604486,0.05259826464716727,7.440279573095638e-05,0.05174787323256469,-4.418158170819281e-05,,pass
hexc_01011,1012,109719781,109719780,1,109719781,positive,negative,False,True,theta_local,17.51344022804189,-18.19009016304153,0.0530714062222299,0.0542528835115265,0.0,0.0011814772892965,342.7474690772799,0.05109721240302756,True,False,False,False,False,False,False,False,True,h=1,100M<=p<500M,finite_zone,True,True,False,True,-0.05109721240302756,1.0,9.114126831879113e-09,1.0,18.513440228041894,0.05401481235698821,9.546793614548871e-05,0.0534061417518541,-0.0003347355296241944,,pass
hexc_01012,1013,12842437,12842436,1,12842437,positive,negative,False,True,theta_local,15.368265635724608,-16.04491557072447,0.059886937850793,0.0613526555481265,8.486621889753206e-16,0.0014657176973325,267.9201199216431,0.057361371890320395,True,False,False,False,False,False,False,False,True,h=1,1M<=p<100M,finite_zone,True,True,False,True,-0.057361371890320395,1.0,7.786684100533256e-08,1.0,16.368265635724608,0.06109382766964919,0.0002790463062026311,0.06071208849089538,-0.0008251506401023775,,pass
hexc_01013,1014,604691863,604691862,1,604691863,positive,negative,True,False,theta_local,19.220229568893604,-19.896879503892706,0.0486645605337643,0.0502046222580501,4.448954918876341e-15,0.0015400617242812,408.8576838187592,0.04700958384681761,True,False,False,False,False,False,False,False,True,h=1,p>=500M,post_P0_tail,True,True,False,True,-0.04700958384681761,1.0,1.6537348378375649e-09,1.0,20.220229568893604,0.04945542267919549,4.066613871315502e-05,0.04775907034007898,0.0009054901936853196,,pass
hexc_01014,1015,109511377,109511376,1,109511377,positive,negative,False,True,theta_local,17.511539001367023,-18.188188936367624,0.0530767600158883,0.0545448919648038,0.0,0.0014681319489154,342.6770761991325,0.05110216065690639,True,False,False,False,False,False,False,False,True,h=1,100M<=p<500M,finite_zone,True,True,False,True,-0.05110216065690639,1.0,9.131471335622052e-09,1.0,18.511539001367026,0.05402035994555357,9.555873238810805e-05,0.05341248352549699,-0.00033572350960869163,,pass
hexc_01015,1016,33865879,33865878,1,33865879,positive,negative,False,True,theta_local,16.337918546296063,-17.01456848129601,0.0566013803454998,0.0571409787010661,0.0,0.0005395983555662,300.603419517997,0.054350408163996014,True,False,False,False,False,False,False,False,True,h=1,1M<=p<100M,finite_zone,True,True,False,True,-0.054350408163996014,1.0,2.952824581933928e-08,1.0,17.337918546296063,0.05767705029469251,0.0001718378474589905,0.05736411520346252,-0.0007627348579627158,,pass
hexc_01016,1017,39641611,39641610,1,39641611,positive,negative,False,True,theta_local,16.49538990736715,-17.172039842367212,0.0561015210199192,0.0579249643167587,0.0,0.0018234432968394,306.0886680108044,0.05389088728624509,True,False,False,False,False,False,False,False,True,h=1,1M<=p<100M,finite_zone,True,True,False,True,-0.05389088728624509,1.0,2.5226018185789675e-08,1.0,17.49538990736715,0.057157914473166954,0.00015882700710455282,0.05682876497825795,-0.000727243958338751,,pass
hexc_01017,1018,187509191,187509190,1,187509191,positive,negative,False,True,theta_local,18.04933842084003,-18.725988355839945,0.0516041886649967,0.0528718226933726,0.0,0.0012676340283758,362.8772942716921,0.04973950893528819,True,False,False,False,False,False,False,False,True,h=1,100M<=p<500M,finite_zone,True,True,False,True,-0.04973950893528819,1.0,5.333071913258908e-09,1.0,19.04933842084003,0.05249526140529884,7.302788449119218e-05,0.05162415461521874,-1.996595022204367e-05,,pass
hexc_01018,1019,178014461,178014460,1,178014461,positive,negative,False,True,theta_local,17.99737534652948,-18.6740252815298,0.0517428963923587,0.0538922776913126,0.0,0.0021493812989538,360.9002700569258,0.049868001882322516,True,False,False,False,False,False,False,False,True,h=1,100M<=p<500M,finite_zone,True,True,False,True,-0.049868001882322516,1.0,5.617521151834963e-09,1.0,18.997375346529473,0.05263885046008129,7.495012442841547e-05,0.05179650063549657,-5.360424313786971e-05,,pass
hexc_01019,1020,40847533,40847532,1,40847533,positive,negative,False,True,theta_local,16.52535698576977,-17.20200692076969,0.0560073947897934,0.0569461819823584,0.0,0.0009387871925649,307.13813747866925,0.05380431463649627,True,False,False,False,False,False,False,False,True,h=1,1M<=p<100M,finite_zone,True,True,False,True,-0.05380431463649627,1.0,2.4481282627276413e-08,1.0,17.52535698576977,0.05706017862072536,0.00015646495654706973,0.056727100331628755,-0.0007197055418353554,,pass
hexc_01020,1021,178037983,178037982,1,178037983,positive,negative,False,True,theta_local,17.997507473132902,-18.674157408132487,0.0517425427546693,0.0532913830085584,0.0,0.001548840253889,360.9052901917406,0.04986767432411768,True,False,False,False,False,False,False,False,True,h=1,100M<=p<500M,finite_zone,True,True,False,True,-0.04986767432411768,1.0,5.616778976877086e-09,1.0,18.997507473132906,0.052638484359816315,7.494517313928287e-05,0.051796062300986545,-5.3519546317243316e-05,,pass
hexc_01021,1022,604871249,604871248,1,604871249,positive,negative,True,False,theta_local,19.22052618177728,-19.8971761167777,0.0486638582790862,0.0498206641871817,8.897648794561762e-15,0.0011568059080866,408.8696790679402,0.047008930145156315,True,False,False,False,False,False,False,False,True,h=1,p>=500M,post_P0_tail,True,True,False,True,-0.047008930145156315,1.0,1.6532443915184336e-09,1.0,20.220526181777274,0.04945469722252824,4.0660108110019005e-05,0.047758094746027435,0.0009057635330587677,,pass
hexc_01022,1023,12828757,12828756,1,12828757,positive,negative,False,True,theta_local,15.367199849591334,-16.04384978459143,0.0598907589257675,0.0619647852683792,0.0,0.0020740263426116,267.88523091646255,0.057364864039046067,True,False,False,False,False,False,False,False,True,h=1,1M<=p<100M,finite_zone,True,True,False,True,-0.057364864039046067,1.0,7.794987464490909e-08,1.0,16.367199849591334,0.06109780592829803,0.0002791950476726066,0.06071582776206674,-0.0008250688362992434,,pass
hexc_01023,1024,179667049,179667048,1,179667049,positive,negative,False,True,theta_local,18.00661596821774,-18.683265903217944,0.0517181754539244,0.0539139775736893,0.0,0.0021958021197648,361.2514505633096,0.0498451035702127,True,False,False,False,False,False,False,False,True,h=1,100M<=p<500M,finite_zone,True,True,False,True,-0.0498451035702127,1.0,5.565850864506602e-09,1.0,19.00661596821774,0.052613258544928154,7.460463031546099e-05,0.051765845920648035,-4.767046672363162e-05,,pass
hexc_01024,1025,178913809,178913808,1,178913809,positive,negative,False,True,theta_local,18.002414733873472,-18.67906466887325,0.051729411862175,0.0539057463052351,2.518735645949014e-15,0.0021763344430575,361.0917657181316,0.04985551165386076,True,False,False,False,False,False,False,False,True,h=1,100M<=p<500M,finite_zone,True,True,False,True,-0.04985551165386076,1.0,5.5892834968372954e-09,1.0,19.002414733873472,0.0526248907838756,7.476151079825298e-05,0.051779782696877996,-5.037083470299519e-05,,pass
hexc_01025,1026,40840901,40840900,1,40840901,positive,negative,False,True,theta_local,16.525194612721595,-17.20184454772152,0.0560079039508217,0.0569264558814041,0.0,0.0009185519305823,307.132446213766,0.053804782973727115,True,False,False,False,False,False,False,False,True,h=1,1M<=p<100M,finite_zone,True,True,False,True,-0.053804782973727115,1.0,2.4485258050501875e-08,1.0,17.525194612721595,0.05706070729018306,0.0001564776599086971,0.0567276510116308,-0.0007197470608091006,,pass
hexc_01026,1027,179380543,179380542,1,179380543,positive,negative,False,True,theta_local,18.00502004574287,-18.6816699807423,0.0517224432523878,0.0535322410820112,0.0,0.0018097978296233,361.19078693908835,0.04984905677779444,True,False,False,False,False,False,False,False,True,h=1,100M<=p<500M,finite_zone,True,True,False,True,-0.04984905677779444,1.0,5.574740622788727e-09,1.0,19.00502004574287,0.052617676676642085,7.466418567686068e-05,0.051771140015306694,-4.8696762918895575e-05,,pass
hexc_01027,1028,618377,618376,1,618377,positive,negative,False,True,theta_local,12.334853582808185,-13.011503517808135,0.0731730201495836,0.0742407126876558,0.0,0.0010676925380721,177.81832007493225,0.06936773206276105,True,False,False,False,False,False,False,False,True,h=1,100K<=p<1M,finite_zone,True,True,False,True,-0.06936773206276105,1.0,1.6171364717639886e-06,1.0,13.334853582808183,0.07499144957161279,0.0012716668084698872,0.07247982332874803,0.0006931968208355732,,pass
hexc_01028,1029,179439251,179439250,1,179439251,positive,negative,False,True,theta_local,18.005347274070324,-18.681997209070687,0.0517215681245821,0.0528225922871366,0.0,0.0011010241625544,361.2032250080123,0.04984824616023549,True,False,False,False,False,False,False,False,True,h=1,100M<=p<500M,finite_zone,True,True,False,True,-0.04984824616023549,1.0,5.572916708173286e-09,1.0,19.005347274070324,0.05261677072138197,7.465197055787132e-05,0.05177005450616545,-4.848638158335555e-05,,pass
hexc_01029,1030,31036051,31036050,1,31036051,positive,negative,False,True,theta_local,16.250660022247622,-16.92730995724787,0.0568822169484691,0.0583362442918414,0.0,0.0014540273433722,297.58527120317234,0.054608415115923875,True,False,False,False,False,False,False,False,True,h=1,1M<=p<100M,finite_zone,True,True,False,True,-0.054608415115923875,1.0,3.2220594044003855e-08,1.0,17.250660022247622,0.05796879648142924,0.00017950095833728537,0.05766161763422151,-0.0007794006857524058,,pass
hexc_01030,1031,39640529,39640528,1,39640529,positive,negative,False,True,theta_local,16.49536261244297,-17.172012547443046,0.0561016068971069,0.0573762923742834,0.0,0.0012746854771764,306.08771294086733,0.05389096626570465,True,False,False,False,False,False,False,False,True,h=1,1M<=p<100M,finite_zone,True,True,False,True,-0.05389096626570465,1.0,2.522670673744036e-08,1.0,17.49536261244297,0.05715800364656544,0.00015882917470490227,0.05682885760774048,-0.0007272507106335785,,pass
hexc_01031,1032,180641369,180641368,1,180641369,positive,negative,False,True,theta_local,18.012024236946296,-18.68867417194633,0.0517037179550934,0.0526777806841792,2.516190132562089e-15,0.0009740627290832,361.4570655862334,0.04983171156921025,True,False,False,False,False,False,False,False,True,h=1,100M<=p<500M,finite_zone,True,True,False,True,-0.04983171156921025,1.0,5.5358304996016725e-09,1.0,19.012024236946296,0.05259829187765751,7.440316189250073e-05,0.05174790588128109,-4.418792618768319e-05,,pass
hexc_01032,1033,30819869,30819868,1,30819869,positive,negative,False,True,theta_local,16.243670137360514,-16.920320072360482,0.0569048340596109,0.0588432889266009,0.0,0.0019384548669899,297.3441598060988,0.054629188439259006,True,False,False,False,False,False,False,False,True,h=1,1M<=p<100M,finite_zone,True,True,False,True,-0.054629188439259006,1.0,3.24466012493434e-08,1.0,17.243670137360514,0.05799229468170921,0.000180129401401724,0.05768547670569757,-0.0007806426460866683,,pass
hexc_01033,1034,604866091,604866090,1,604866091,positive,negative,True,False,theta_local,19.22051765430634,-19.897167589306264,0.0486638784682702,0.0496337461663637,4.4488281496307836e-15,0.0009698676980889,408.8693342081144,0.047008948938496574,True,False,False,False,False,False,False,False,True,h=1,p>=500M,post_P0_tail,True,True,False,True,-0.047008948938496574,1.0,1.6532584895720333e-09,1.0,20.22051765430634,0.04945471807874469,4.066028147433356e-05,0.0477581227938455,0.0009057556744246978,,pass
hexc_01034,1035,12772339,12772338,1,12772339,positive,negative,False,True,theta_local,15.362792374901147,-16.039442309901233,0.0599065658575002,0.0617667099828097,8.492300292631398e-16,0.0018601441253086,267.74097430412314,0.057379310039601075,True,False,False,False,False,False,False,False,True,h=1,1M<=p<100M,finite_zone,True,True,False,True,-0.057379310039601075,1.0,7.829419497869576e-08,1.0,16.362792374901147,0.06111426320692658,0.00027981099867356135,0.06073129285512402,-0.0008247269976238217,,pass
hexc_01035,1036,109467517,109467516,1,109467517,positive,negative,False,True,theta_local,17.51113841481016,-18.187788349810035,0.053077888192579,0.0540584124171681,0.0,0.000980524224589,342.66224541226046,0.051103203370836285,True,False,False,False,False,False,False,False,True,h=1,100M<=p<500M,finite_zone,True,True,False,True,-0.051103203370836285,1.0,9.135130013043047e-09,1.0,18.511138414810162,0.05402152896225618,9.557787407681261e-05,0.05341381975049453,-0.00033593155791553087,,pass
hexc_01036,1037,179472079,179472078,1,179472079,positive,negative,False,True,theta_local,18.00553020504713,-18.68218014004742,0.0517210789133803,0.052754244206941,0.0,0.0010331652935606,361.2101783749588,0.04984779301084994,True,False,False,False,False,False,False,False,True,h=1,100M<=p<500M,finite_zone,True,True,False,True,-0.04984779301084994,1.0,5.571897342315848e-09,1.0,19.00553020504713,0.05261626427735433,7.464514279118132e-05,0.0517694476737558,-4.83687603754987e-05,,pass
hexc_01037,1038,187417903,187417902,1,187417903,positive,negative,False,True,theta_local,18.04885145682348,-18.72550139182385,0.0516054850923225,0.0531407114795376,0.0,0.001535226387215,362.85874182412607,0.04974071002420985,True,False,False,False,False,False,False,False,True,h=1,100M<=p<500M,finite_zone,True,True,False,True,-0.04974071002420985,1.0,5.335669559807208e-09,1.0,19.04885145682348,0.05249660339189586,7.304566763201777e-05,0.05162576933099494,-2.0284238672438337e-05,,pass
hexc_01038,1039,7055563,7055562,1,7055563,positive,negative,False,True,theta_local,14.769326941644254,-15.44597687664418,0.0621139381919194,0.0636332271852552,0.0,0.0015192889933357,248.6716721924673,0.05939288062619801,True,False,False,False,False,False,False,False,True,h=1,1M<=p<100M,finite_zone,True,True,False,True,-0.05939288062619801,1.0,1.4173213392042562e-07,1.0,15.769326941644254,0.06341424739943473,0.00037647328447105733,0.06284037047428948,-0.0007264322823700778,,pass
hexc_01039,1040,30400789,30400788,1,30400789,positive,negative,False,True,theta_local,16.22997911998702,-16.90662905498675,0.0569491861040166,0.058155166661356,0.0,0.0012059805573393,296.8721804751887,0.05466992257074574,True,False,False,False,False,False,False,False,True,h=1,1M<=p<100M,finite_zone,True,True,False,True,-0.05466992257074574,1.0,3.289388311599413e-08,1.0,17.22997911998702,0.05803837561474382,0.0001813667089517647,0.0577322212778868,-0.0007830351738701974,,pass
hexc_01040,1041,33929477,33929476,1,33929477,positive,negative,False,True,theta_local,16.339794722553787,-17.016444657554075,0.0565953724175197,0.0581526512748014,0.0,0.0015572788572816,300.66848102030417,0.05434488732275984,True,False,False,False,False,False,False,False,True,h=1,1M<=p<100M,finite_zone,True,True,False,True,-0.05434488732275984,1.0,2.9472897563378298e-08,1.0,17.339794722553787,0.057670809603028624,0.00017167672400001782,0.05735772536105066,-0.0007623529435309626,,pass
hexc_01041,1042,40836821,40836820,1,40836821,positive,negative,False,True,theta_local,16.525094707878427,-17.201744642878566,0.0560082172318745,0.0576029681021219,0.0,0.0015947508702474,307.12894452010846,0.05380507113616082,True,False,False,False,False,False,False,False,True,h=1,1M<=p<100M,finite_zone,True,True,False,True,-0.05380507113616082,1.0,2.448770436856483e-08,1.0,17.525094707878427,0.05706103257464559,0.00015648547654196164,0.0567279898348243,-0.0007197726029498017,,pass
hexc_01042,1043,30776353,30776352,1,30776353,positive,negative,False,True,theta_local,16.242257193325095,-16.918907128325372,0.0569094080952544,0.0581186934414031,0.0,0.0012092853461486,297.295433120771,0.05463338949686108,True,False,False,False,False,False,False,False,True,h=1,1M<=p<100M,finite_zone,True,True,False,True,-0.05463338949686108,1.0,3.249247888468136e-08,1.0,17.242257193325095,0.05799704695201535,0.00018025670274550505,0.05769030011222265,-0.0007808920169682446,,pass
hexc_01043,1044,3454223,3454222,1,3454223,positive,negative,False,True,theta_local,14.05510809843038,-14.731758033430424,0.0649960285363692,0.0663552024669976,0.0,0.0013591739306283,226.65627985542403,0.06201067143339523,True,False,False,False,False,False,False,False,True,h=1,1M<=p<100M,finite_zone,True,True,False,True,-0.06201067143339523,1.0,2.895007068159757e-07,1.0,15.055108098430381,0.06642263831398582,0.0005380526989208173,0.06546742239322811,-0.00047139385685891766,,pass
hexc_01044,1045,178016203,178016202,1,178016203,positive,negative,False,True,theta_local,17.99738513220344,-18.67403506720348,0.0517428702007741,0.0535819133808564,0.0,0.0018390431800822,360.9006418612643,0.0498679776222784,True,False,False,False,False,False,False,False,True,h=1,100M<=p<500M,finite_zone,True,True,False,True,-0.0498679776222784,1.0,5.617466180873434e-09,1.0,18.99738513220344,0.05263882334547447,7.494975771057192e-05,0.05179646817117023,-5.3597970396127015e-05,,pass
hexc_01045,1046,109816381,109816380,1,109816381,positive,negative,False,True,theta_local,17.514320265347404,-18.19097020034769,0.0530689284307955,0.0544962849282872,0.0,0.0014273564974916,342.78005488785357,0.051094922285013104,True,False,False,False,False,False,False,False,True,h=1,100M<=p<500M,finite_zone,True,True,False,True,-0.051094922285013104,1.0,9.10610958851394e-09,1.0,18.514320265347404,0.05401224488223121,9.542593771356895e-05,0.0534032063321066,-0.000334277901311103,,pass
hexc_01046,1047,179661673,179661672,1,179661673,positive,negative,False,True,theta_local,18.00658604575582,-18.683235980755853,0.0517182554657682,0.0530176351764428,0.0,0.0012993797106745,361.2503131147199,0.049845177684420684,True,False,False,False,False,False,False,False,True,h=1,100M<=p<500M,finite_zone,True,True,False,True,-0.049845177684420684,1.0,5.566017410958875e-09,1.0,19.00658604575582,0.05261334137507038,7.460574650091556e-05,0.05176594518056943,-4.768971480122869e-05,,pass
hexc_01047,1048,30776717,30776716,1,30776717,positive,negative,False,True,theta_local,16.242269020517465,-16.918918955517256,0.0569093698047695,0.0582514018082677,0.0,0.0013420320034981,297.29584097589634,0.054633354328809225,True,False,False,False,False,False,False,False,True,h=1,1M<=p<100M,finite_zone,True,True,False,True,-0.054633354328809225,1.0,3.249209459215549e-08,1.0,17.242269020517465,0.05799700716941885,0.00018025563678330698,0.057690259736701055,-0.0007808899319315526,,pass
hexc_01048,1049,604141169,604141168,1,604141169,positive,negative,True,False,theta_local,19.219318452099937,-19.895968387099856,0.0486667178022326,0.0498451115752558,0.0,0.0011783937730231,408.82083866742903,0.047011591959808655,True,False,False,False,False,False,False,False,True,h=1,p>=500M,post_P0_tail,True,True,False,True,-0.047011591959808655,1.0,1.6552422700397032e-09,1.0,20.219318452099937,0.04945765122444778,4.0684668734545494e-05,0.04776206711720721,0.0009046506850253905,,pass
hexc_01049,1050,17591569,17591568,1,17591569,positive,negative,False,True,theta_local,15.682930311143984,-16.35958024614365,0.0587797162259127,0.0600975242305102,0.0,0.0013178080045974,278.3201637664867,0.05634852358128861,True,False,False,False,False,False,False,False,True,h=1,1M<=p<100M,finite_zone,True,True,False,True,-0.05634852358128861,1.0,5.684541270878112e-08,1.0,16.682930311143984,0.05994150795750869,0.00023842276046716078,0.05961445644251939,-0.0008347402166066914,,pass
hexc_01050,1051,108835253,108835252,1,108835253,positive,negative,False,True,theta_local,17.50534585644821,-18.18199579144857,0.0530942072045132,0.0545099643960911,0.0,0.0014157571915778,342.4478252667649,0.051118285954398004,True,False,False,False,False,False,False,False,True,h=1,100M<=p<500M,finite_zone,True,True,False,True,-0.051118285954398004,1.0,9.18819934199078e-09,1.0,18.50534585644821,0.05403843882504627,9.585509554525924e-05,0.05343314258525256,-0.00033893538073935525,,pass
hexc_01051,1052,39640759,39640758,1,39640759,positive,negative,False,True,theta_local,16.495368414568688,-17.17201834956859,0.0561015886420331,0.0574714944854633,0.0,0.0013699058434301,306.0879159614877,0.05389094947689524,True,False,False,False,False,False,False,False,True,h=1,1M<=p<100M,finite_zone,True,True,False,True,-0.05389094947689524,1.0,2.522656036934106e-08,1.0,17.495368414568688,0.05715798469081012,0.00015882871393215102,0.056828837917338504,-0.0007272492753054027,,pass
hexc_01052,1053,30336773,30336772,1,30336773,positive,negative,False,True,theta_local,16.227871164988613,-16.90452109998887,0.0569560209634723,0.0583789727930857,1.5321699737586777e-15,0.0014229518296118,296.7995448774461,0.054676199627224475,True,False,False,False,False,False,False,False,True,h=1,1M<=p<100M,finite_zone,True,True,False,True,-0.054676199627224475,1.0,3.296329507426515e-08,1.0,17.227871164988613,0.0580454770309783,0.00018155796615479354,0.05773941978862762,-0.0007833988251553237,,pass
hexc_01053,1054,33865669,33865668,1,33865669,positive,negative,False,True,theta_local,16.337912345345213,-17.014562280345217,0.0566014002044191,0.0588976206745489,0.0,0.0022962204701297,300.6032044948739,0.054350426412782364,True,False,False,False,False,False,False,False,True,h=1,1M<=p<100M,finite_zone,True,True,False,True,-0.054350426412782364,1.0,2.9528428923107943e-08,1.0,17.337912345345213,0.05767707092304423,0.00017183838023883936,0.05736413632300419,-0.0007627361185850862,,pass
hexc_01054,1055,179400047,179400046,1,179400047,positive,negative,False,True,theta_local,18.00512876957333,-18.68177870457293,0.0517221524819564,0.0526726107882914,0.0,0.000950458306335,361.1949195480638,0.0498487874416999,True,False,False,False,False,False,False,False,True,h=1,100M<=p<500M,finite_zone,True,True,False,True,-0.0498487874416999,1.0,5.5741345485823645e-09,1.0,19.00512876957333,0.05261737566340364,7.466012689905078e-05,0.05177077934715091,-4.862686519450932e-05,,pass
hexc_01055,1056,179379173,179379172,1,179379173,positive,negative,False,True,theta_local,18.00501240831905,-18.68166234331875,0.0517224636779969,0.053722866414157,0.0,0.00200040273616,361.19049664036123,0.04984907569771059,True,False,False,False,False,False,False,False,True,h=1,100M<=p<500M,finite_zone,True,True,False,True,-0.04984907569771059,1.0,5.574783199608129e-09,1.0,19.005012408319054,0.05261769782177414,7.466447079842011e-05,0.051771165350848136,-4.870167285123822e-05,,pass
hexc_01056,1057,31034303,31034302,1,31034303,positive,negative,False,True,theta_local,16.250603699063113,-16.927253634063163,0.0568823991210947,0.0577357907455695,0.0,0.0008533916244747,297.58332798212996,0.054608582440609614,True,False,False,False,False,False,False,False,True,h=1,1M<=p<100M,finite_zone,True,True,False,True,-0.054608582440609614,1.0,3.222240886157488e-08,1.0,17.250603699063113,0.05796898574942687,0.00017950601344126295,0.05766180986959868,-0.0007794107485039822,,pass
hexc_01057,1058,604357393,604357392,1,604357393,positive,negative,True,False,theta_local,19.219676291172497,-19.896326226171368,0.0486658705170885,0.0502046417587178,0.0,0.0015387712416292,408.8353093198032,0.047010803257549104,True,False,False,False,False,False,False,False,True,h=1,p>=500M,post_P0_tail,True,True,False,True,-0.047010803257549104,1.0,1.6546500656441874e-09,1.0,20.219676291172497,0.049456775944359696,4.0677390103645876e-05,0.04776089013816054,0.0009049803789279581,,pass
hexc_01058,1059,109594403,109594402,1,109594403,positive,negative,False,True,theta_local,17.51229686365595,-18.188946798655707,0.0530746257704381,0.0544968190492292,0.0,0.001422193278791,342.705135168126,0.05110018808170085,True,False,False,False,False,False,False,False,True,h=1,100M<=p<500M,finite_zone,True,True,False,True,-0.05110018808170085,1.0,9.124553559546284e-09,1.0,18.51229686365595,0.05401814844290004,9.552252906799675e-05,0.05340995556487238,-0.00033532979443427757,,pass
hexc_01059,1060,40846573,40846572,1,40846573,positive,negative,False,True,theta_local,16.52533348346227,-17.201983418462078,0.0560074684865437,0.0569631998944803,0.0,0.0009557314079365,307.13731370656376,0.053804382424372,True,False,False,False,False,False,False,False,True,h=1,1M<=p<100M,finite_zone,True,True,False,True,-0.053804382424372,1.0,2.448185800066997e-08,1.0,17.52533348346227,0.05706025514114451,0.00015646679520163367,0.05672718003839994,-0.0007197115518562391,,pass
hexc_01060,1061,33914129,33914128,1,33914129,positive,negative,False,True,theta_local,16.339342270180843,-17.015992205180737,0.0565968211526176,0.0587143832589468,0.0,0.0021175621063291,300.6527903624802,0.054346218608120736,True,False,False,False,False,False,False,False,True,h=1,1M<=p<100M,finite_zone,True,True,False,True,-0.054346218608120736,1.0,2.9486235663018208e-08,1.0,17.339342270180843,0.05767231446372333,0.00017171556616398586,0.05735926628799737,-0.0007624451353797704,,pass
hexc_01061,1062,604361011,604361010,1,604361011,positive,negative,True,False,theta_local,19.219682277678515,-19.896332212680136,0.048665856342601,0.0497861772683231,0.0,0.001120320925722,408.83555141026665,0.04701079006309693,True,False,False,False,False,False,False,False,True,h=1,p>=500M,post_P0_tail,True,True,False,True,-0.04701079006309693,1.0,1.654640160101261e-09,1.0,20.219682277678515,0.04945676130153382,4.067726834610777e-05,0.04776087044778432,0.0009049858948166761,,pass
hexc_01062,1063,108592613,108592612,1,108592613,positive,negative,False,True,theta_local,17.5031139428928,-18.179763877892583,0.0531004977123456,0.0545203554621977,0.0,0.001419857749852,342.3652255836739,0.051124099747727,True,False,False,False,False,False,False,False,True,h=1,100M<=p<500M,finite_zone,True,True,False,True,-0.051124099747727,1.0,9.208729510910654e-09,1.0,18.5031139428928,0.05404495713999039,9.596212539804782e-05,0.05344058819230613,-0.00034009047996052394,,pass
hexc_01063,1064,40882469,40882468,1,40882469,positive,negative,False,True,theta_local,16.52621189831774,-17.20286183331791,0.0560047141517503,0.0567934646373467,1.480451081013544e-15,0.0007887504855948,307.16810350473435,0.05380184892167042,True,False,False,False,False,False,False,False,True,h=1,1M<=p<100M,finite_zone,True,True,False,True,-0.05380184892167042,1.0,2.446036221540338e-08,1.0,17.52621189831774,0.057057395277526304,0.00015639808891224785,0.056724200970621697,-0.0007194868188713996,,pass
hexc_01064,1065,109589027,109589026,1,109589027,positive,negative,False,True,theta_local,17.512247808852848,-18.188897743852976,0.0530747639103832,0.0543602998727245,0.0,0.0012855359623412,342.70331893637706,0.05110031575767727,True,False,False,False,False,False,False,False,True,h=1,100M<=p<500M,finite_zone,True,True,False,True,-0.05110031575767727,1.0,9.125001173703276e-09,1.0,18.512247808852848,0.05401829158325032,9.552487201615753e-05,0.053410119193609606,-0.0003353552832264031,,pass
hexc_01065,1066,7114117,7114116,1,7114117,positive,negative,False,True,theta_local,14.77759167779893,-15.454241612799024,0.062082081984848,0.06364220805078,0.0,0.0015601260659319,248.93239915135004,0.059363874401958436,True,False,False,False,False,False,False,False,True,h=1,1M<=p<100M,finite_zone,True,True,False,True,-0.059363874401958436,1.0,1.4056558248901444e-07,1.0,15.77759167779893,0.06338102927375962,0.00037492076828179907,0.06281059573039682,-0.0007285137455488241,,pass
hexc_01066,1067,108591991,108591990,1,108591991,positive,negative,False,True,theta_local,17.50310821504664,-18.179758150045927,0.0531005138578349,0.0549443196533628,0.0,0.0018438057955278,342.3650136177265,0.051124114669584886,True,False,False,False,False,False,False,False,True,h=1,100M<=p<500M,finite_zone,True,True,False,True,-0.051124114669584886,1.0,9.208782257247683e-09,1.0,18.50310821504664,0.05404497387021737,9.596240022658709e-05,0.0534406073005298,-0.0003400934426948943,,pass
hexc_01067,1068,109706759,109706758,1,109706759,positive,negative,False,True,theta_local,17.513321536838767,-18.18997147183927,0.0530717404212749,0.0547005126306362,0.0,0.0016287722093612,342.7430743263781,0.051097521288385406,True,False,False,False,False,False,False,False,True,h=1,100M<=p<500M,finite_zone,True,True,False,True,-0.051097521288385406,1.0,9.115208662758874e-09,1.0,18.513321536838767,0.05401515865265712,9.54736019157069e-05,0.05340653765634551,-0.0003347972350706066,,pass
hexc_01068,1069,40861279,40861278,1,40861279,positive,negative,False,True,theta_local,16.525693448870705,-17.20234338387081,0.0560063397556142,0.0570760752474639,0.0,0.0010697354918496,307.1499308637895,0.05380334419218634,True,False,False,False,False,False,False,False,True,h=1,1M<=p<100M,finite_zone,True,True,False,True,-0.05380334419218634,1.0,2.4473046964584737e-08,1.0,17.525693448870705,0.057059083163664294,0.0001564386364188359,0.056725959240127244,-0.0007196194845130455,,pass
hexc_01069,1070,31039139,31039138,1,31039139,positive,negative,False,True,theta_local,16.250759514492515,-16.927409449492643,0.0568818951519796,0.0582970257036431,3.0562137946677548e-15,0.0014151305516603,297.58870382685404,0.054608119547265105,True,False,False,False,False,False,False,False,True,h=1,1M<=p<100M,finite_zone,True,True,False,True,-0.054608119547265105,1.0,3.221738850423654e-08,1.0,17.250759514492515,0.05796846215147172,0.00017949202908273265,0.057661278060164856,-0.0007793829081852582,,pass
hexc_01070,1071,30780077,30780076,1,30780077,positive,negative,False,True,theta_local,16.24237818799631,-16.919028122996224,0.05690901637797,0.0583531546770101,0.0,0.00144413829904,297.2996055778909,0.05463302972240538,True,False,False,False,False,False,False,False,True,h=1,1M<=p<100M,finite_zone,True,True,False,True,-0.05463302972240538,1.0,3.248854770571237e-08,1.0,17.24237818799631,0.057996639970243416,0.00018024579802512005,0.057689887062686296,-0.0007808706847162936,,pass
hexc_01071,1072,17594911,17594910,1,17594911,positive,negative,False,True,theta_local,15.683120270469844,-16.359770205469886,0.0587790601697069,0.0604306117113545,0.0,0.0016515515416475,278.3265019589618,0.05634792288943531,True,False,False,False,False,False,False,False,True,h=1,1M<=p<100M,finite_zone,True,True,False,True,-0.05634792288943531,1.0,5.683461541806037e-08,1.0,16.683120270469843,0.05994082544439016,0.00023840011622912511,0.05961379743611239,-0.00083473726640549,,pass
hexc_01072,1073,187494023,187494022,1,187494023,positive,negative,False,True,theta_local,18.04925752553332,-18.725907460533563,0.0516044040252423,0.0528184107877725,2.506363557975746e-15,0.0012140067625276,362.8742122740876,0.04973970845825849,True,False,False,False,False,False,False,False,True,h=1,100M<=p<500M,finite_zone,True,True,False,True,-0.04973970845825849,1.0,5.333503351197494e-09,1.0,19.049257525533314,0.05249548433368683,7.303083835748769e-05,0.05162442285408608,-2.0018828843781922e-05,,pass
hexc_01073,1074,604884331,604884330,1,604884331,positive,negative,True,False,theta_local,19.22054780928653,-19.897197744285226,0.0486638070750198,0.0500412215505364,4.448814880531853e-15,0.0013774144755121,408.8705537076421,0.047008882481250895,True,False,False,False,False,False,False,False,True,h=1,p>=500M,post_P0_tail,True,True,False,True,-0.047008882481250895,1.0,1.6532086363467068e-09,1.0,20.220547809286526,0.049454644326734715,4.065966842396414e-05,0.04775802361070469,0.0009057834643151075,,pass
hexc_01074,1075,604361111,604361110,1,604361111,positive,negative,True,False,theta_local,19.21968244314252,-19.896332378142688,0.0486658559508218,0.0501998774771426,4.449195691276317e-15,0.0015340215263163,408.83555810152575,0.04701078969840905,True,False,False,False,False,False,False,False,True,h=1,p>=500M,post_P0_tail,True,True,False,True,-0.04701078969840905,1.0,1.6546398863179003e-09,1.0,20.219682443142517,0.04945676089681363,4.06772649807961e-05,0.047760869903552106,0.0009049860472696916,,pass
hexc_01075,1076,30399821,30399820,1,30399821,positive,negative,False,True,theta_local,16.22994727820122,-16.906597213201167,0.0569492893360211,0.0579107278753571,0.0,0.0009614385393359,296.8710832095936,0.0546700173783606,True,False,False,False,False,False,False,False,True,h=1,1M<=p<100M,finite_zone,True,True,False,True,-0.0546700173783606,1.0,3.289493053265018e-08,1.0,17.22994727820122,0.05803848287250235,0.00018136959649469968,0.057732330012403965,-0.0007830406763828651,,pass
hexc_01076,1077,187494157,187494156,1,187494157,positive,negative,False,True,theta_local,18.049258240222507,-18.72590817522177,0.0516044021225794,0.0524179537194175,0.0,0.000813551596838,362.8742395026851,0.049739706695517444,True,False,False,False,False,False,False,False,True,h=1,100M<=p<500M,finite_zone,True,True,False,True,-0.049739706695517444,1.0,5.333499539401647e-09,1.0,19.049258240222507,0.05249548236416367,7.303081226031685e-05,0.051624420484263744,-2.0018361684345787e-05,,pass
hexc_01077,1078,109527767,109527766,1,109527767,positive,negative,False,True,theta_local,17.511688654983555,-18.188338589983687,0.0530763385569247,0.0542052505928554,0.0,0.0011289120359306,342.68261685904685,0.051101771124231,True,False,False,False,False,False,False,False,True,h=1,100M<=p<500M,finite_zone,True,True,False,True,-0.051101771124231,1.0,9.130104880162488e-09,1.0,18.511688654983555,0.05401992323000683,9.555158230067406e-05,0.05341198433200889,-0.0003356457750841868,,pass
hexc_01078,1079,30781769,30781768,1,30781769,positive,negative,False,True,theta_local,16.2424331571082,-16.91908309210794,0.0569088384185974,0.0582198634934368,0.0,0.0013110250748393,297.3015011773442,0.054632866274763194,True,False,False,False,False,False,False,False,True,h=1,1M<=p<100M,finite_zone,True,True,False,True,-0.054632866274763194,1.0,3.2486761888181283e-08,1.0,17.2424331571082,0.0579964550761648,0.00018024084411747876,0.057689699410485185,-0.0007808609918877815,,pass
hexc_01079,1080,179663629,179663628,1,179663629,positive,negative,False,True,theta_local,18.00659693282661,-18.68324686782671,0.0517182263540104,0.0528439772376782,0.0,0.0011257508836677,361.25072696693394,0.04984515071847812,True,False,False,False,False,False,False,False,True,h=1,100M<=p<500M,finite_zone,True,True,False,True,-0.04984515071847812,1.0,5.5659568136631596e-09,1.0,19.00659693282661,0.05261331123789358,7.460534038299911e-05,0.05176590906556333,-4.768271155292797e-05,,pass
hexc_01080,1081,17999011,17999010,1,17999011,positive,negative,False,True,theta_local,15.705827369906494,-16.382477304906843,0.0587007427375652,0.0591723335658698,1.6294243390760133e-15,0.0004715908283029,279.08466811311695,0.056276209926160115,True,False,False,False,False,False,False,False,True,h=1,1M<=p<100M,finite_zone,True,True,False,True,-0.056276209926160115,1.0,5.55586081924168e-08,1.0,16.705827369906494,0.059859351940950725,0.00023570873592723877,0.05953505166787498,-0.0008343089303097864,,pass
hexc_01081,1082,179380961,179380960,1,179380961,positive,negative,False,True,theta_local,18.00502237598173,-18.68167231098141,0.0517224370203758,0.0521747116325183,0.0,0.0004522746121424,361.19087551156645,0.0498490510051801,True,False,False,False,False,False,False,False,True,h=1,100M<=p<500M,finite_zone,True,True,False,True,-0.0498490510051801,1.0,5.574727632326599e-09,1.0,19.005022375981735,0.05261767022509719,7.46640986842177e-05,0.05177113228523145,-4.869526485564574e-05,,pass
hexc_01082,1083,109603309,109603308,1,109603309,positive,negative,False,True,theta_local,17.51237812362827,-18.189028058627628,0.0530743969412556,0.054542461859309,0.0,0.0014680649180533,342.7081437921906,0.051099976586046134,True,False,False,False,False,False,False,False,True,h=1,100M<=p<500M,finite_zone,True,True,False,True,-0.051099976586046134,1.0,9.123812128701333e-09,1.0,18.51237812362827,0.05401791133056267,9.551864806780576e-05,0.053409684511789735,-0.0003352875705341374,,pass
hexc_01083,1084,179408591,179408590,1,179408591,positive,negative,False,True,theta_local,18.005176393844856,-18.68182632884509,0.0517220251168898,0.0534419489733958,0.0,0.0017199238565059,361.19672976115777,0.04984866946539306,True,False,False,False,False,False,False,False,True,h=1,100M<=p<500M,finite_zone,True,True,False,True,-0.04984866946539306,1.0,5.573869090806248e-09,1.0,19.005176393844856,0.052617243811736825,7.465834910313949e-05,0.05177062136389177,-4.8596247001965465e-05,,pass
hexc_01084,1085,33412189,33412188,1,33412189,positive,negative,False,True,theta_local,16.32443133149224,-17.001081266492292,0.0566446069238786,0.0583910982497657,1.515138039567383e-15,0.0017464913258855,300.13592095958995,0.05439012857674622,True,False,False,False,False,False,False,False,True,h=1,1M<=p<100M,finite_zone,True,True,False,True,-0.05439012857674622,1.0,2.992919739559716e-08,1.0,17.32443133149224,0.057721952361126365,0.00017300057050656555,0.057410058072291825,-0.0007654511484132265,,pass
hexc_01085,1086,12772057,12772056,1,12772057,positive,negative,False,True,theta_local,15.362770295694418,-16.03942023069453,0.0599066450631845,0.06227170973379,0.0,0.0023650646706054,267.7402517496596,0.05737938242494369,True,False,False,False,False,False,False,False,True,h=1,1M<=p<100M,finite_zone,True,True,False,True,-0.05737938242494369,1.0,7.82959236714963e-08,1.0,16.362770295694418,0.061114345671840965,0.0002798140876930543,0.06073137033399556,-0.0008247252708110595,,pass
hexc_01086,1087,108548851,108548850,1,108548851,positive,negative,False,True,theta_local,17.50271086924868,-18.17936080424897,0.0531016339088899,0.0542782829612496,0.0,0.0011766490523596,342.350309511013,0.05112514983336283,True,False,False,False,False,False,False,False,True,h=1,100M<=p<500M,finite_zone,True,True,False,True,-0.05112514983336283,1.0,9.212442055236494e-09,1.0,18.502710869248673,0.054046134486270894,9.598146724882098e-05,0.05344193285849497,-0.000340298949605064,,pass
hexc_01087,1088,108811249,108811248,1,108811249,positive,negative,False,True,theta_local,17.50512527858569,-18.18177521358575,0.0530948288229823,0.0542851518691058,0.0,0.0011903230461234,342.4396615761514,0.05111886046731452,True,False,False,False,False,False,False,False,True,h=1,100M<=p<500M,finite_zone,True,True,False,True,-0.05111886046731452,1.0,9.190226278902468e-09,1.0,18.505125278585698,0.05403908295380249,9.58656678842977e-05,0.0534338784179218,-0.00033904959493950143,,pass
hexc_01088,1089,108537413,108537412,1,108537413,positive,negative,False,True,theta_local,17.50260549178444,-18.17925542678404,0.0531019309581811,0.0539085459451573,0.0,0.0008066149869761,342.34640998461157,0.05112542436934326,True,False,False,False,False,False,False,False,True,h=1,100M<=p<500M,finite_zone,True,True,False,True,-0.05112542436934326,1.0,9.213412890170876e-09,1.0,18.502605491784436,0.05404644229397973,9.598652452386676e-05,0.05344228440213361,-0.00034035344395250827,,pass
hexc_01089,1090,179149561,179149560,1,179149561,positive,negative,False,True,theta_local,18.003731551251725,-18.680381486251463,0.0517258894440735,0.0533156574202763,0.0,0.0015897679762027,361.1418128720403,0.049852248921480616,True,False,False,False,False,False,False,False,True,h=1,100M<=p<500M,finite_zone,True,True,False,True,-0.049852248921480616,1.0,5.5819282750014664e-09,1.0,19.003731551251725,0.05262124427000405,7.471230337100755e-05,0.051775414350481164,-4.952490640766638e-05,,pass
hexc_01090,1091,30336529,30336528,1,30336529,positive,negative,False,True,theta_local,16.22786312191227,-16.904513056912492,0.0569560470455834,0.0581716915777917,0.0,0.0012156445322082,296.79926774734486,0.05467622358060027,True,False,False,False,False,False,False,False,True,h=1,1M<=p<100M,finite_zone,True,True,False,True,-0.05467622358060027,1.0,3.2963560201630186e-08,1.0,17.22786312191227,0.05804550413034633,0.00018155869629855295,0.05773944725586899,-0.0007834002102855911,,pass
hexc_01091,1092,108833029,108833028,1,108833029,positive,negative,False,True,theta_local,17.505325421684084,-18.18197535668424,0.0530942647918506,0.054911741915113,0.0,0.0018174771232623,342.44706896242724,0.05111833917785625,True,False,False,False,False,False,False,False,True,h=1,100M<=p<500M,finite_zone,True,True,False,True,-0.05111833917785625,1.0,9.188387102595481e-09,1.0,18.505325421684084,0.054038498497747285,9.585607493839648e-05,0.05343321075414109,-0.00033894596229049057,,pass
hexc_01092,1093,30781631,30781630,1,30781631,positive,negative,False,True,theta_local,16.24242867392501,-16.919078608924792,0.0569088529326064,0.0581949055190804,0.0,0.0012860525864739,297.30134657539134,0.05463287960522628,True,False,False,False,False,False,False,False,True,h=1,1M<=p<100M,finite_zone,True,True,False,True,-0.05463287960522628,1.0,3.248690753261255e-08,1.0,17.24242867392501,0.05799647015575349,0.00018024124814429286,0.057689714715055906,-0.0007808617824495087,,pass
hexc_01093,1094,76020619,76020618,1,76020619,positive,negative,False,True,theta_local,17.14651516408628,-17.82316509908651,0.0541250559286734,0.0560191245093466,0.0,0.0018940685806732,329.29601260041335,0.05207021800440944,True,False,False,False,False,False,False,False,True,h=1,1M<=p<100M,finite_zone,True,True,False,True,-0.05207021800440944,1.0,1.3154325933599672e-08,1.0,18.14651516408628,0.055106999385705596,0.00011469230982764133,0.05463312033194567,-0.0005080644032722723,,pass
hexc_01094,1095,108532337,108532336,1,108532337,positive,negative,False,True,theta_local,17.502558723406985,-18.179208658407333,0.053102062794964,0.0551289746581206,0.0,0.0020269118631565,342.3446793131239,0.0511255462141953,True,False,False,False,False,False,False,False,True,h=1,100M<=p<500M,finite_zone,True,True,False,True,-0.0511255462141953,1.0,9.213843796618882e-09,1.0,18.502558723406985,0.05404657890559388,9.598876911711538e-05,0.05344244042355428,-0.00034037762859027987,,pass
hexc_01095,1096,33489283,33489282,1,33489283,positive,negative,False,True,theta_local,16.326736035165272,-17.003385970165255,0.0566372156644018,0.0577474700715806,0.0,0.0011102544071787,300.21578163229475,0.054383337033102115,True,False,False,False,False,False,False,False,True,h=1,1M<=p<100M,finite_zone,True,True,False,True,-0.054383337033102115,1.0,2.9860298890244975e-08,1.0,17.326736035165272,0.05771427451601166,0.00017280132780232035,0.057402206280160906,-0.0007649906157591035,,pass
hexc_01096,1097,180619783,180619782,1,180619783,positive,negative,False,True,theta_local,18.011904733368866,-18.68855466836885,0.0517040373272914,0.0532369055469006,0.0,0.0015328682196091,361.4525215906935,0.04983200740750519,True,False,False,False,False,False,False,False,True,h=1,100M<=p<500M,finite_zone,True,True,False,True,-0.04983200740750519,1.0,5.536492090680898e-09,1.0,19.011904733368866,0.052598622495979776,7.440760774733252e-05,0.051748302282414116,-4.426495512271922e-05,,pass
hexc_01097,1098,30804737,30804736,1,30804737,positive,negative,False,True,theta_local,16.243179034819295,-16.919828969819264,0.0569064237919145,0.058989272338129,0.0,0.0020828485462144,297.3272232268317,0.054630648544507256,True,False,False,False,False,False,False,False,True,h=1,1M<=p<100M,finite_zone,True,True,False,True,-0.054630648544507256,1.0,3.246253977107482e-08,1.0,17.243179034819295,0.057993946358771295,0.0001801736378360464,0.05768715317691386,-0.0007807293849993666,,pass
hexc_01098,1099,33920713,33920712,1,33920713,positive,negative,False,True,theta_local,16.33953638871423,-17.01618632371401,0.0565961995834571,0.0585467889999367,0.0,0.0019505894164795,300.6595221755449,0.054345647430298676,True,False,False,False,False,False,False,False,True,h=1,1M<=p<100M,finite_zone,True,True,False,True,-0.054345647430298676,1.0,2.9480512393710593e-08,1.0,17.33953638871423,0.057671668814102156,0.0001716989003858516,0.0573586051722359,-0.0007624055887787973,,pass
hexc_01099,1100,179407897,179407896,1,179407897,positive,negative,False,True,theta_local,18.005172525572227,-18.68182246057222,0.0517220354620698,0.0531144456911841,0.0,0.0013924102291142,361.1965827267654,0.04984867904797596,True,False,False,False,False,False,False,False,True,h=1,100M<=p<500M,finite_zone,True,True,False,True,-0.04984867904797596,1.0,5.573890652093202e-09,1.0,19.005172525572227,0.05261725452133937,7.465849350270337e-05,0.05177063419604977,-4.859873397997094e-05,,pass
hexc_01100,1101,33866149,33866148,1,33866149,positive,negative,False,True,theta_local,16.33792651889065,-17.01457645389064,0.0566013548128054,0.0581857775751032,0.0,0.0015844227622977,300.6036959744517,0.05435038470145494,True,False,False,False,False,False,False,False,True,h=1,1M<=p<100M,finite_zone,True,True,False,True,-0.05435038470145494,1.0,2.952801040354485e-08,1.0,17.33792651889065,0.057677023772735654,0.00017183716246360929,0.0573640880499624,-0.0007627332371570039,,pass
hexc_01101,1102,18001811,18001810,1,18001811,positive,negative,False,True,theta_local,15.705982921910593,-16.382632856910732,0.0587002069537131,0.0615526936475914,1.6293939955706177e-15,0.0028524866938766,279.0898653871684,0.05627571929250248,True,False,False,False,False,False,False,False,True,h=1,1M<=p<100M,finite_zone,True,True,False,True,-0.05627571929250248,1.0,5.5549966611692566e-08,1.0,16.705982921910593,0.059858794581219066,0.00023569040415700546,0.059534512432265485,-0.0008343054785523857,,pass
hexc_01102,1103,33902461,33902460,1,33902461,positive,negative,False,True,theta_local,16.33899816558593,-17.015648100585622,0.0565979230119342,0.0586781115263028,0.0,0.0020801885143685,300.6408573861923,0.05434723113697567,True,False,False,False,False,False,False,False,True,h=1,1M<=p<100M,finite_zone,True,True,False,True,-0.05434723113697567,1.0,2.949638375809945e-08,1.0,17.33899816558593,0.057673459011304266,0.0001717451127633606,0.05736043822361325,-0.0007625152116790546,,pass
hexc_01103,1104,108583633,108583632,1,108583633,positive,negative,False,True,theta_local,17.503031245082425,-18.179681180083207,0.0531007308195491,0.055383249382152,0.0,0.0022825185626028,342.3621652564964,0.051124315188184485,True,False,False,False,False,False,False,False,True,h=1,100M<=p<500M,finite_zone,True,True,False,True,-0.051124315188184485,1.0,9.209491084167354e-09,1.0,18.503031245082422,0.05404519868958074,9.59660934089085e-05,0.05344086407420123,-0.0003401332546521321,,pass
hexc_01104,1105,30799543,30799542,1,30799543,positive,negative,False,True,theta_local,16.243010410171387,-16.91966034517145,0.0569069696618383,0.0589063417634296,0.0,0.0019993721015912,297.3214080052788,0.05463114990321518,True,False,False,False,False,False,False,False,True,h=1,1M<=p<100M,finite_zone,True,True,False,True,-0.05463114990321518,1.0,3.2468014216964195e-08,1.0,17.243010410171387,0.05799451349922722,0.00018018882933457388,0.05768772881370543,-0.0007807591518671289,,pass
hexc_01105,1106,108548933,108548932,1,108548933,positive,negative,False,True,theta_local,17.50271162466864,-18.179361559668,0.0531016317794404,0.054595234329025,0.0,0.0014936025495845,342.35033746564795,0.051125147865305934,True,False,False,False,False,False,False,False,True,h=1,100M<=p<500M,finite_zone,True,True,False,True,-0.051125147865305934,1.0,9.212435095976484e-09,1.0,18.50271162466864,0.054046132279700856,9.598143099566959e-05,0.05344193033838396,-0.00034029855894356087,,pass
hexc_01106,1107,178014149,178014148,1,178014149,positive,negative,False,True,theta_local,17.99737359386134,-18.674023528860744,0.0517429010834159,0.0522691062283668,0.0,0.0005262051449508,360.9002034647401,0.049868006227432565,True,False,False,False,False,False,False,False,True,h=1,100M<=p<500M,finite_zone,True,True,False,True,-0.049868006227432565,1.0,5.617530997493913e-09,1.0,18.99737359386134,0.052638855316459746,7.495019010979167e-05,0.05179650645003653,-5.3605366620627926e-05,,pass
hexc_01107,1108,33930191,33930190,1,33930191,positive,negative,False,True,theta_local,16.339815765981232,-17.01646570098137,0.056595305039078,0.0590885232164182,0.0,0.0024932181773401,300.6692107981713,0.054344825406647895,True,False,False,False,False,False,False,False,True,h=1,1M<=p<100M,finite_zone,True,True,False,True,-0.054344825406647895,1.0,2.947227735912244e-08,1.0,17.339815765981232,0.05767073961430937,0.00017167491767617786,0.05735765369339174,-0.0007623486543137381,,pass
hexc_01108,1109,187509859,187509858,1,187509859,positive,negative,False,True,theta_local,18.04934198332572,-18.725991918325235,0.0516041791809541,0.0532746905385066,0.0,0.0016705113575524,362.8774299976959,0.049739500148687464,True,False,False,False,False,False,False,False,True,h=1,100M<=p<500M,finite_zone,True,True,False,True,-0.049739500148687464,1.0,5.333052914300362e-09,1.0,19.04934198332572,0.052495251587971935,7.302775441091121e-05,0.05162414280245997,-1.9963621505872386e-05,,pass
hexc_01109,1110,108549031,108549030,1,108549031,positive,negative,False,True,theta_local,17.50271252748687,-18.179362462487006,0.0531016292344964,0.0548105176332126,0.0,0.0017088883987161,342.3503708748196,0.051125145513240114,True,False,False,False,False,False,False,False,True,h=1,100M<=p<500M,finite_zone,True,True,False,True,-0.051125145513240114,1.0,9.212426778825874e-09,1.0,18.50271252748687,0.054046129642583,9.598138766878646e-05,0.05344192732654651,-0.00034029809205011335,,pass
hexc_01110,1111,179400083,179400082,1,179400083,positive,negative,False,True,theta_local,18.00512897024215,-18.681778905242027,0.0517221519452925,0.0529513872404459,0.0,0.0012292352951533,361.1949271755375,0.04984878694459576,True,False,False,False,False,False,False,False,True,h=1,100M<=p<500M,finite_zone,True,True,False,True,-0.04984878694459576,1.0,5.574133430027454e-09,1.0,19.00512897024215,0.052617375107834305,7.466011940807123e-05,0.05177077868147517,-4.862673618267338e-05,,pass
hexc_01111,1112,30775301,30775300,1,30775301,positive,negative,False,True,theta_local,16.242223010653085,-16.918872945652765,0.0569095187617919,0.0575445522104413,1.5296203819414606e-15,0.0006350334486477,297.29425434909473,0.05463349113898724,True,False,False,False,False,False,False,False,True,h=1,1M<=p<100M,finite_zone,True,True,False,True,-0.05463349113898724,1.0,3.249358958341301e-08,1.0,17.242223010653085,0.057997161931042845,0.00018025978359970647,0.057690416804668354,-0.0007808980428764545,,pass
hexc_01112,1113,108547793,108547792,1,108547793,positive,negative,False,True,theta_local,17.50270112243748,-18.179351057438,0.0531016613841074,0.0551923003132832,0.0,0.0020906389291757,342.34994882624926,0.05112517522624347,True,False,False,False,False,False,False,False,True,h=1,100M<=p<500M,finite_zone,True,True,False,True,-0.05112517522624347,1.0,9.212531847607441e-09,1.0,18.502701122437482,0.054046162956571796,9.598193500658049e-05,0.053441965374245726,-0.00034030399013832563,,pass
hexc_01113,1114,604357543,604357542,1,604357543,positive,negative,True,False,theta_local,19.219676539369978,-19.896326474370653,0.0486658699294254,0.0502820747847901,4.449198289442823e-15,0.0016162048553601,408.8353193567487,0.04701080271051371,True,False,False,False,False,False,False,False,True,h=1,p>=500M,post_P0_tail,True,True,False,True,-0.04701080271051371,1.0,1.6546496549642634e-09,1.0,20.219676539369978,0.049456775337275445,4.067738505563335e-05,0.047760889321807554,0.0009049806076178446,,pass
hexc_01114,1115,109467443,109467442,1,109467443,positive,negative,False,True,theta_local,17.511137738810312,-18.187787673810817,0.0530778900964478,0.05439436807557,0.0,0.0013164779791221,342.6622203852074,0.051103205130477995,True,False,False,False,False,False,False,False,True,h=1,100M<=p<500M,finite_zone,True,True,False,True,-0.051103205130477995,1.0,9.135136188391648e-09,1.0,18.511137738810312,0.05402153093504391,9.55779063821323e-05,0.053413822005413225,-0.00033593190896542835,,pass
hexc_01115,1116,33921493,33921492,1,33921493,positive,negative,False,True,theta_local,16.33955938324952,-17.016209318249366,0.056596125955668,0.0575180001629738,0.0,0.0009218742073057,300.66031960523645,0.05434557977156138,True,False,False,False,False,False,False,False,True,h=1,1M<=p<100M,finite_zone,True,True,False,True,-0.05434557977156138,1.0,2.9479834510821797e-08,1.0,17.33955938324952,0.0576715923338875,0.0001716969263289876,0.057358526859205616,-0.0007624009035376161,,pass
hexc_01116,1117,179604479,179604478,1,179604479,positive,negative,False,True,theta_local,18.0062676522742,-18.68291758727355,0.0517191068565509,0.0533605890133977,0.0,0.0016414821568467,361.23821006988436,0.04984596631898588,True,False,False,False,False,False,False,False,True,h=1,100M<=p<500M,finite_zone,True,True,False,True,-0.04984596631898588,1.0,5.5677898767769595e-09,1.0,19.006267652274193,0.05261422275511021,7.461762443804386e-05,0.051767001369244836,-4.789451269393563e-05,,pass
hexc_01117,1118,17590163,17590162,1,17590163,positive,negative,False,True,theta_local,15.682850383299574,-16.359500318299524,0.0587799922744278,0.0601487557243022,1.6339157829914289e-15,0.0013687634498727,278.31749691155875,0.05634877633396915,True,False,False,False,False,False,False,False,True,h=1,1M<=p<100M,finite_zone,True,True,False,True,-0.05634877633396915,1.0,5.684995642166591e-08,1.0,16.682850383299574,0.059941795138380764,0.0002384322889662092,0.05961473372922743,-0.0008347414547996285,,pass
hexc_01118,1119,30802271,30802270,1,30802271,positive,negative,False,True,theta_local,16.243098978991835,-16.919748913991953,0.0569066829464862,0.0582828772431081,0.0,0.0013761942966218,297.32446239930925,0.05463088656720488,True,False,False,False,False,False,False,False,True,h=1,1M<=p<100M,finite_zone,True,True,False,True,-0.05463088656720488,1.0,3.246513869058551e-08,1.0,17.243098978991835,0.05799421561161089,0.00018018084995522003,0.05768742646453484,-0.0007807435180486391,,pass
hexc_01119,1120,178894409,178894408,1,178894409,positive,negative,False,True,theta_local,18.00230629589445,-18.678956230894983,0.0517297019495125,0.0527444806986635,0.0,0.0010147787491509,361.08764456298985,0.04985578035405208,True,False,False,False,False,False,False,False,True,h=1,100M<=p<500M,finite_zone,True,True,False,True,-0.04985578035405208,1.0,5.589889620306691e-09,1.0,19.00230629589445,0.05262519109146532,7.476556440171298e-05,0.0517801424262927,-5.0440476780197474e-05,,pass
hexc_01120,1121,178036589,178036588,1,178036589,positive,negative,False,True,theta_local,17.99749964331236,-18.6741495783117,0.051742563711098,0.0530767721992064,0.0,0.0013342084881083,360.9049926976532,0.049867693735092485,True,False,False,False,False,False,False,False,True,h=1,100M<=p<500M,finite_zone,True,True,False,True,-0.049867693735092485,1.0,5.616822955420697e-09,1.0,18.99749964331236,0.052638506054770606,7.494546654348545e-05,0.05179608827666704,-5.3524565569042226e-05,,pass
hexc_01121,1122,187494079,187494078,1,187494079,positive,negative,False,True,theta_local,18.04925782420945,-18.725907759209804,0.0516044032301008,0.0522201061251438,2.5063634793804536e-15,0.0006157028950404,362.87422365320515,0.04973970772159041,True,False,False,False,False,False,False,False,True,h=1,100M<=p<500M,finite_zone,True,True,False,True,-0.04973970772159041,1.0,5.333501758207522e-09,1.0,19.049257824209455,0.052495483510602334,7.303082745120393e-05,0.0516244218637123,-2.0018633611500192e-05,,pass
hexc_01122,1123,187420817,187420816,1,187420817,positive,negative,False,True,theta_local,18.048867004843707,-18.725516939844056,0.0516054436983638,0.053034220917429,0.0,0.0014287772190651,362.85933416822326,0.049740671674374425,True,False,False,False,False,False,False,False,True,h=1,100M<=p<500M,finite_zone,True,True,False,True,-0.049740671674374425,1.0,5.335586601353893e-09,1.0,19.048867004843707,0.052496560543245016,7.304509977646614e-05,0.051625717775461544,-2.0274077097745535e-05,,pass
hexc_01123,1124,3241151,3241150,1,3241151,positive,negative,False,True,theta_local,13.991439071596847,-14.6680890065968,0.0652659837587084,0.0669522536547854,5.058520780028608e-16,0.0016862698960764,224.74324543740053,0.06225521503156361,True,False,False,False,False,False,False,False,True,h=1,1M<=p<100M,finite_zone,True,True,False,True,-0.06225521503156361,1.0,3.085323701364114e-07,1.0,14.991439071596847,0.06670473696515399,0.0005554569021413015,0.06570754216512764,-0.00044155840641924016,,pass
hexc_01124,1125,178014073,178014072,1,178014073,positive,negative,False,True,theta_local,17.99737316692889,-18.67402310192847,0.0517429022261118,0.0528549473289295,0.0,0.0011120451028176,360.90018724354985,0.049868007285858086,True,False,False,False,False,False,False,False,True,h=1,100M<=p<500M,finite_zone,True,True,False,True,-0.049868007285858086,1.0,5.617533395800679e-09,1.0,18.99737316692889,0.05263885649942516,7.49502061091274e-05,0.05179650786640044,-5.360564028863979e-05,,pass
hexc_01125,1126,109494269,109494268,1,109494269,positive,negative,False,True,theta_local,17.51138276795161,-18.188032702951205,0.0530772000122116,0.0541033015819134,0.0,0.0010261015697017,342.67129198161575,0.05110256732242131,True,False,False,False,False,False,False,False,True,h=1,100M<=p<500M,finite_zone,True,True,False,True,-0.05110256732242131,1.0,9.132898088026872e-09,1.0,18.51138276795161,0.054020815869643204,9.556619741324268e-05,0.05341300466797083,-0.0003358046557592337,,pass
hexc_01126,1127,604676357,604676356,1,604676357,positive,negative,True,False,theta_local,19.220203925752426,-19.896853860753254,0.0486646212469041,0.049416511214896,0.0,0.0007518899679918,408.8566467990138,0.047009640362287455,True,False,False,False,False,False,False,False,True,h=1,p>=500M,post_P0_tail,True,True,False,True,-0.047009640362287455,1.0,1.653777245337211e-09,1.0,20.220203925752426,0.04945548539826551,4.066666012026573e-05,0.047759154683399085,0.0009054665635050141,,pass
hexc_01127,1128,12830347,12830346,1,12830347,positive,negative,False,True,theta_local,15.367323782212054,-16.043973717211884,0.0598903145753375,0.0604191265689465,0.0,0.0005288119936089,267.8892877917643,0.05736445794039134,True,False,False,False,False,False,False,False,True,h=1,1M<=p<100M,finite_zone,True,True,False,True,-0.05736445794039134,1.0,7.794021471126229e-08,1.0,16.367323782212054,0.061097343298529734,0.00027917774752165024,0.0607153929411699,-0.000825078365832399,,pass
hexc_01128,1129,1510669,1510668,1,1510669,positive,negative,False,True,theta_local,13.228063157032665,-13.904713092032694,0.0686863539482304,0.0696682143827288,0.0,0.0009818604344983,202.43778120051033,0.06534384579097194,True,False,False,False,False,False,False,False,True,h=1,1M<=p<100M,finite_zone,True,True,False,True,-0.06534384579097194,1.0,6.61958377381147e-07,1.0,14.228063157032665,0.07028363516264817,0.0008136082456447619,0.06868489672700351,1.4572212268942897e-06,,pass
hexc_01129,1130,180642733,180642732,1,180642733,positive,negative,False,True,theta_local,18.01203178779059,-18.68868172279053,0.0517036977756645,0.0527576768807692,0.0,0.0010539791051046,361.45735269995987,0.049831692876758545,True,False,False,False,False,False,False,False,True,h=1,100M<=p<500M,finite_zone,True,True,False,True,-0.049831692876758545,1.0,5.535788699565346e-09,1.0,19.01203178779059,0.05259827098764867,7.440288098968578e-05,0.0517478808346552,-4.4183058990704405e-05,,pass
hexc_01130,1131,604713503,604713502,1,604713503,positive,negative,True,False,theta_local,19.22026535507516,-19.89691529007541,0.0486644758060505,0.0496773189685459,4.448939171212818e-15,0.0010128431624908,408.85913102965276,0.04700950497710958,True,False,False,False,False,False,False,False,True,h=1,p>=500M,post_P0_tail,True,True,False,True,-0.04700950497710958,1.0,1.6536756580413254e-09,1.0,20.22026535507516,0.049455335152117884,4.066541107675324e-05,0.04775895263511876,0.0009055231709317463,,pass
hexc_01131,1132,178013497,178013496,1,178013497,positive,negative,False,True,theta_local,17.997369931224423,-18.674019866224626,0.0517429108865596,0.0533559352645015,0.0,0.0016130243779418,360.9000643037898,0.04986801530762552,True,False,False,False,False,False,False,False,True,h=1,100M<=p<500M,finite_zone,True,True,False,True,-0.04986801530762552,1.0,5.61755157250801e-09,1.0,18.997369931224423,0.05263886546507587,7.495032736758399e-05,0.05179651860096768,-5.360771440807849e-05,,pass
hexc_01132,1133,178037773,178037772,1,178037773,positive,negative,False,True,theta_local,17.997506293608623,-18.67415622860881,0.0517425459116538,0.0532612509449289,0.0,0.001518705033275,360.9052453756992,0.04986767724828542,True,False,False,False,False,False,False,False,True,h=1,100M<=p<500M,finite_zone,True,True,False,True,-0.04986767724828542,1.0,5.616785602008176e-09,1.0,18.997506293608623,0.05263848762805424,7.494521733912163e-05,0.05179606621409594,-5.352030244213518e-05,,pass
hexc_01133,1134,604432771,604432770,1,604432771,positive,negative,True,False,theta_local,19.219801007607728,-19.89645094260777,0.048665575222613,0.0500841735521508,4.449143513219674e-15,0.0014185983295333,408.8403527872545,0.0470105283800325,True,False,False,False,False,False,False,False,True,h=1,p>=500M,post_P0_tail,True,True,False,True,-0.0470105283800325,1.0,1.654443716454282e-09,1.0,20.219801007607728,0.049456470893247104,4.0674853613188113e-05,0.04776047993013166,0.0009050952924813394,,pass
hexc_01134,1135,30372631,30372630,1,30372631,positive,negative,False,True,theta_local,16.229052464813922,-16.90570239981389,0.0569521905002623,0.0598227360923421,0.0,0.0028705455920797,296.84024883531066,0.054672681782509655,True,False,False,False,False,False,False,False,True,h=1,1M<=p<100M,finite_zone,True,True,False,True,-0.054672681782509655,1.0,3.2924378530131285e-08,1.0,17.229052464813922,0.05804149717706488,0.00018145076062152864,0.057735385690019125,-0.0007831951897568287,,pass
hexc_01135,1136,5897,5896,1,5897,positive,negative,False,True,theta_local,7.682199026000504,-8.358848961000504,0.1108886263423026,0.1166604661931528,0.0,0.0057718398508502,75.3805799270841,0.10191217729329652,True,False,False,False,False,False,False,False,True,h=1,1K<=p<100K,finite_zone,True,True,False,True,-0.10191217729329652,1.0,0.00016957775139901646,1.0,8.682199026000504,0.11517819356655024,0.013022202248430044,0.10974280809468784,0.001145818247614755,,pass
hexc_01136,1137,40397051,40397050,1,40397051,positive,negative,False,True,theta_local,16.514267345217604,-17.19091728021749,0.0560421903925931,0.0579228585683904,1.4824710748991613e-15,0.0018806681757957,306.7495606397557,0.05383631947434745,True,False,False,False,False,False,False,False,True,h=1,1M<=p<100M,finite_zone,True,True,False,True,-0.05383631947434745,1.0,2.4754282187578495e-08,1.0,17.514267345217604,0.05709630784373388,0.00015733493632241535,0.056764714724812926,-0.0007225243322198233,,pass
hexc_01137,1138,33489319,33489318,1,33489319,positive,negative,False,True,theta_local,16.326737110135454,-17.003387045135696,0.0566372122173883,0.0576878486927585,1.5147348083698396e-15,0.0010506364753686,300.2158188837451,0.05438333386575403,True,False,False,False,False,False,False,False,True,h=1,1M<=p<100M,finite_zone,True,True,False,True,-0.05438333386575403,1.0,2.986026679133129e-08,1.0,17.326737110135454,0.05771427093535341,0.0001728012349242079,0.05740220261799389,-0.0007649904006055905,,pass
hexc_01138,1139,33921133,33921132,1,33921133,positive,negative,False,True,theta_local,16.33954877045278,-17.016198705452553,0.0565961599374902,0.0577584668244067,0.0,0.0011623068869164,300.6599515629105,0.054345610998456736,True,False,False,False,False,False,False,False,True,h=1,1M<=p<100M,finite_zone,True,True,False,True,-0.054345610998456736,1.0,2.9480147375973557e-08,1.0,17.33954877045278,0.05767162763220438,0.00017169783742369487,0.0573585630034521,-0.0007624030659619044,,pass
hexc_01139,1140,109452439,109452438,1,109452439,positive,negative,False,True,theta_local,17.51100066583287,-18.187650600832967,0.0530782761477435,0.054684290006421,0.0,0.0016060138586774,342.657145650465,0.05110356193679193,True,False,False,False,False,False,False,False,True,h=1,100M<=p<500M,finite_zone,True,True,False,True,-0.05110356193679193,1.0,9.136388454532292e-09,1.0,18.51100066583287,0.054021930961613236,9.558445718071685e-05,0.0534142792373562,-0.0003360030896127006,,pass
hexc_01140,1141,179380801,179380800,1,179380801,positive,negative,False,True,theta_local,18.00502148402492,-18.68167141902541,0.0517224394058356,0.0527310857325823,0.0,0.0010086463267466,361.1908416082487,0.0498490532147915,True,False,False,False,False,False,False,False,True,h=1,100M<=p<500M,finite_zone,True,True,False,True,-0.0498490532147915,1.0,5.5747326047451425e-09,1.0,19.00502148402492,0.05261767269458609,7.46641319828011e-05,0.05177113524410992,-4.869583827431939e-05,,pass
hexc_01141,1142,109507313,109507312,1,109507313,positive,negative,False,True,theta_local,17.51150189037892,-18.188151825379464,0.0530768645299911,0.0546230160820673,0.0,0.0015461515520761,342.67570223750204,0.051102257253833626,True,False,False,False,False,False,False,False,True,h=1,100M<=p<500M,finite_zone,True,True,False,True,-0.051102257253833626,1.0,9.13181021983436e-09,1.0,18.511501890378913,0.05402046824302979,9.556050554404972e-05,0.05341260731525965,-0.00033574278526855156,,pass
hexc_01142,1143,109709489,109709488,1,109709489,positive,negative,False,True,theta_local,17.5133464210488,-18.18999635604814,0.0530716703544062,0.0541159908639181,0.0,0.0010443205095118,342.7439957057605,0.051097456528702234,True,False,False,False,False,False,False,False,True,h=1,100M<=p<500M,finite_zone,True,True,False,True,-0.051097456528702234,1.0,9.114981840814152e-09,1.0,18.5133464210488,0.054015086049653736,9.54724140305154e-05,0.05340645465292004,-0.0003347842985138433,,pass
hexc_01143,1144,30402077,30402076,1,30402077,positive,negative,False,True,theta_local,16.230021486411005,-16.90667142141092,0.0569490487514078,0.059307463297189,0.0,0.0023584145457811,296.8736404221849,0.05466979642695876,True,False,False,False,False,False,False,False,True,h=1,1M<=p<100M,finite_zone,True,True,False,True,-0.05466979642695876,1.0,3.289248954931599e-08,1.0,17.230021486411005,0.0580382329057849,0.0001813628670630126,0.0577320766035776,-0.0007830278521697986,,pass
hexc_01144,1145,30402173,30402172,1,30402173,positive,negative,False,True,theta_local,16.230024644085017,-16.90667457908512,0.0569490385142064,0.0583819238538428,0.0,0.0014328853396363,296.873749235777,0.054669787025174596,True,False,False,False,False,False,False,False,True,h=1,1M<=p<100M,finite_zone,True,True,False,True,-0.054669787025174596,1.0,3.289238568572056e-08,1.0,17.230024644085017,0.05803822226936252,0.0001813625807208327,0.057732065820650824,-0.000783027306444424,,pass
hexc_01145,1146,604814009,604814008,1,604814009,positive,negative,True,False,theta_local,19.22043154559044,-19.89708148058889,0.0486640823356076,0.0494756295158382,4.4488660403844056e-15,0.0008115471802261,408.865851889909,0.047009138710771385,True,False,False,False,False,False,False,False,True,h=1,p>=500M,post_P0_tail,True,True,False,True,-0.047009138710771385,1.0,1.6534008556670189e-09,1.0,20.22043154559044,0.049454928681681595,4.0662032114332635e-05,0.0477584060152314,0.0009056763203761989,,pass
hexc_01146,1147,1518089,1518088,1,1518089,positive,negative,False,True,theta_local,13.232962864995075,-13.909612799994989,0.0686632582961747,0.0696981157976294,0.0,0.0010348575014546,202.57723191632883,0.06532305106459708,True,False,False,False,False,False,False,False,True,h=1,1M<=p<100M,finite_zone,True,True,False,True,-0.06532305106459708,1.0,6.587229075502161e-07,1.0,14.232962864995075,0.07025943996941258,0.0008116174638031245,0.06866512150547655,-1.8632093018444706e-06,,pass
hexc_01147,1148,33916499,33916498,1,33916499,positive,negative,False,True,theta_local,16.339412150117706,-17.016062085117483,0.0565965973949054,0.0585439458953165,0.0,0.001947348500411,300.65521371164954,0.05434601299077555,True,False,False,False,False,False,False,False,True,h=1,1M<=p<100M,finite_zone,True,True,False,True,-0.05434601299077555,1.0,2.9484175238723786e-08,1.0,17.339412150117706,0.057672082037291655,0.00017170956653233909,0.05735902829528805,-0.0007624309003826518,,pass
hexc_01148,1149,604692527,604692526,1,604692527,positive,negative,True,False,theta_local,19.22023066697293,-19.89688060197296,0.0486645579339388,0.0502751394000731,4.448954435666691e-15,0.0016105814661298,408.8577282255926,0.047009581426740006,True,False,False,False,False,False,False,False,True,h=1,p>=500M,post_P0_tail,True,True,False,True,-0.047009581426740006,1.0,1.65373302190652e-09,1.0,20.22023066697293,0.04945541999347058,4.066611638583798e-05,0.04775906672836672,0.0009054912055720815,,pass
hexc_01149,1150,33822053,33822052,1,33822053,positive,negative,False,True,theta_local,16.336623603317918,-17.013273538318117,0.0566055277808021,0.0572889911098015,0.0,0.0006834633289993,300.5585179631199,0.05435421931819116,True,False,False,False,False,False,False,False,True,h=1,1M<=p<100M,finite_zone,True,True,False,True,-0.05435421931819116,1.0,2.9566507982232777e-08,1.0,17.336623603317918,0.05768135842832846,0.0001719491435926122,0.057368525659479364,-0.0007629978786772643,,pass
hexc_01150,1151,30405101,30405100,1,30405101,positive,negative,False,True,theta_local,16.230120948352898,-16.906770883353147,0.0569487262968394,0.0583189578507988,0.0,0.0013702315539593,296.87706789486936,0.05466950028656419,True,False,False,False,False,False,False,False,True,h=1,1M<=p<100M,finite_zone,True,True,False,True,-0.05466950028656419,1.0,3.288921816112369e-08,1.0,17.230120948352898,0.058037897876485556,0.00018135384793580668,0.0577317369581507,-0.000783010661311305,,pass
hexc_01151,1152,109688263,109688262,1,109688263,positive,negative,False,True,theta_local,17.51315292772562,-18.189802862725628,0.0530722151815025,0.0536493335791564,0.0,0.0005771183976538,342.7368313253557,0.05109796008792708,True,False,False,False,False,False,False,False,True,h=1,100M<=p<500M,finite_zone,True,True,False,True,-0.05109796008792708,1.0,9.11674569958319e-09,1.0,18.51315292772562,0.05401565059738596,9.548165111466804e-05,0.05340710006725491,-0.0003348848857524095,,pass
hexc_01152,1153,604205809,604205808,1,604205809,positive,negative,True,False,theta_local,19.219425441236734,-19.89607537623669,0.0486664644721217,0.0500916480596878,0.0,0.001425183587566,408.82516517373125,0.04701135614552835,True,False,False,False,False,False,False,False,True,h=1,p>=500M,post_P0_tail,True,True,False,True,-0.04701135614552835,1.0,1.6550651865712202e-09,1.0,20.219425441236734,0.04945738952406327,4.068249238396316e-05,0.047761715215869804,0.000904749256251898,,pass
hexc_01153,1154,179151251,179151250,1,179151251,positive,negative,False,True,theta_local,18.003740984666017,-18.680390919666024,0.051725864211911,0.0531896390827967,0.0,0.0014637748708856,361.14217141227493,0.04985222554945873,True,False,False,False,False,False,False,False,True,h=1,100M<=p<500M,finite_zone,True,True,False,True,-0.04985222554945873,1.0,5.581875618607877e-09,1.0,19.003740984666017,0.05262121814893672,7.47119509757835e-05,0.05177538305673002,-4.951884481901869e-05,,pass
hexc_01154,1155,179408683,179408682,1,179408683,positive,negative,False,True,theta_local,18.00517690664068,-18.68182684164094,0.051722023745486,0.0532792716347628,0.0,0.0015572478892767,361.19674925270823,0.049848668195082546,True,False,False,False,False,False,False,False,True,h=1,100M<=p<500M,finite_zone,True,True,False,True,-0.049848668195082546,1.0,5.573866232550183e-09,1.0,19.00517690664068,0.05261724239202349,7.465832996089708e-05,0.051770619662802275,-4.859591731627699e-05,,pass
hexc_01155,1156,31018763,31018762,1,31018763,positive,negative,False,True,theta_local,16.25010283741915,-16.92675277241915,0.0568840191674695,0.0577392055749262,0.0,0.0008551864074566,297.5660479015362,0.05461007044323909,True,False,False,False,False,False,False,False,True,h=1,1M<=p<100M,finite_zone,True,True,False,True,-0.05461007044323909,1.0,3.223855187261981e-08,1.0,17.25010283741915,0.057970668895421705,0.000179550972909143,0.05766351936087544,-0.0007795001934059395,,pass
hexc_01156,1157,179149627,179149626,1,179149627,positive,negative,False,True,theta_local,18.003731919658925,-18.68038185465957,0.051725888458673,0.052449097351866,0.0,0.0007232088931929,361.1418268742635,0.04985224800872255,True,False,False,False,False,False,False,False,True,h=1,100M<=p<500M,finite_zone,True,True,False,True,-0.04985224800872255,1.0,5.5819262185792884e-09,1.0,19.003731919658925,0.05262124324988625,7.471228960873364e-05,0.05177541312835254,-4.9524669679543165e-05,,pass
hexc_01157,1158,108625471,108625470,1,108625471,positive,negative,False,True,theta_local,17.50341647755884,-18.180066412559427,0.0530996449501397,0.0548992148437754,0.0,0.0017995698936356,342.376421341996,0.051123311614016995,True,False,False,False,False,False,False,False,True,h=1,100M<=p<500M,finite_zone,True,True,False,True,-0.051123311614016995,1.0,9.20594397238563e-09,1.0,18.50341647755884,0.0540440734938227,9.594761056110585e-05,0.053439578931838705,-0.0003399339816990074,,pass
hexc_01158,1159,179471161,179471160,1,179471161,positive,negative,False,True,theta_local,18.00552509003229,-18.68217502503194,0.0517210925923059,0.0528393789272466,0.0,0.0011182863349406,361.20998394784675,0.049847805681450974,True,False,False,False,False,False,False,False,True,h=1,100M<=p<500M,finite_zone,True,True,False,True,-0.049847805681450974,1.0,5.571925842726342e-09,1.0,19.005525090032286,0.052616278438129764,7.464533369693207e-05,0.05176946464165355,-4.837204934764888e-05,,pass
hexc_01159,1160,604676123,604676122,1,604676123,positive,negative,True,False,theta_local,19.22020353876848,-19.896853473768715,0.0486646221631335,0.0495283809568822,0.0,0.0008637587937486,408.8566311492251,0.047009641215170754,True,False,False,False,False,False,False,False,True,h=1,p>=500M,post_P0_tail,True,True,False,True,-0.047009641215170754,1.0,1.6537778853225862e-09,1.0,20.220203538768473,0.049455486344768304,4.066666798893888e-05,0.047759155956235366,0.0009054662068981312,,pass
hexc_01160,1161,33876413,33876412,1,33876413,positive,negative,False,True,theta_local,16.338229548471332,-17.014879483471304,0.0566003843601446,0.0585377659146537,0.0,0.001937381554509,300.6142038754844,0.05434949293094179,True,False,False,False,False,False,False,False,True,h=1,1M<=p<100M,finite_zone,True,True,False,True,-0.05434949293094179,1.0,2.9519063898530226e-08,1.0,17.338229548471332,0.05767601572031139,0.00017181112856427615,0.05736305597900393,-0.0007626716188593313,,pass
hexc_01161,1162,40835593,40835592,1,40835593,positive,negative,False,True,theta_local,16.52506463652532,-17.201714571525372,0.0560083115301421,0.0573022479213347,0.0,0.0012939363911925,307.1278905143904,0.05380515787364171,True,False,False,False,False,False,False,False,True,h=1,1M<=p<100M,finite_zone,True,True,False,True,-0.05380515787364171,1.0,2.4488440758041643e-08,1.0,17.52506463652532,0.05706113048597971,0.0001564878294246605,0.05672809182073246,-0.0007197802905903605,,pass
hexc_01162,1163,33925349,33925348,1,33925349,positive,negative,False,True,theta_local,16.339673051030964,-17.016322986031355,0.0565957619977692,0.0586968995381285,0.0,0.0021011375403592,300.66426151664945,0.054345245319840405,True,False,False,False,False,False,False,False,True,h=1,1M<=p<100M,finite_zone,True,True,False,True,-0.054345245319840405,1.0,2.9476483793873425e-08,1.0,17.339673051030964,0.057671214275896804,0.0001716871684019322,0.057358139738793446,-0.0007623777410242435,,pass
hexc_01163,1164,604356979,604356978,1,604356979,positive,negative,True,False,theta_local,19.21967560614713,-19.896325541147235,0.0486658721390544,0.0497916518374952,0.0,0.0011257796984407,408.8352816178215,0.047010804767367534,True,False,False,False,False,False,False,False,True,h=1,p>=500M,post_P0_tail,True,True,False,True,-0.047010804767367534,1.0,1.6546511991218355e-09,1.0,20.219675606147135,0.04945677761991308,4.06774040361702e-05,0.04776089239129577,0.000904979747758626,,pass
hexc_01164,1165,179410001,179410000,1,179410001,positive,negative,False,True,theta_local,18.0051842529694,-18.68183418796889,0.0517220040987172,0.0523424802961385,2.518001616948051e-15,0.0006204761974187,361.19702848931576,0.04984864999658212,True,False,False,False,False,False,False,False,True,h=1,100M<=p<500M,finite_zone,True,True,False,True,-0.04984864999658212,1.0,5.573825285247058e-09,1.0,19.005184252969393,0.05261722205317524,7.465805572908431e-05,0.051770595292946586,-4.859119422938318e-05,,pass
hexc_01165,1166,109568141,109568140,1,109568141,positive,negative,False,True,theta_local,17.512057205914747,-18.18870714091463,0.0530753006613676,0.0550760585666167,0.0,0.002000757905249,342.6962619950601,0.05110081185002006,True,False,False,False,False,False,False,False,True,h=1,100M<=p<500M,finite_zone,True,True,False,True,-0.05110081185002006,1.0,9.126740591500955e-09,1.0,18.512057205914747,0.05401884776374244,9.553397611060137e-05,0.05341075497571146,-0.00033545431434386236,,pass
hexc_01166,1167,180641137,180641136,1,180641137,positive,negative,False,True,theta_local,18.0120229526328,-18.68867288763249,0.0517037213873874,0.0527240326383938,0.0,0.0010203112510063,361.4570167514363,0.04983171474858698,True,False,False,False,False,False,False,False,True,h=1,100M<=p<500M,finite_zone,True,True,False,True,-0.04983171474858698,1.0,5.535837609348086e-09,1.0,19.012022952632798,0.05259829543081418,7.440320967100872e-05,0.05174791014142999,-4.4188754042585876e-05,,pass
hexc_01167,1168,604866191,604866190,1,604866191,positive,negative,True,False,theta_local,19.22051781963217,-19.89716775463239,0.0486638780768542,0.0499181365283003,0.0,0.0012542584514461,408.8693408940625,0.04700894857414164,True,False,False,False,False,False,False,False,True,h=1,p>=500M,post_P0_tail,True,True,False,True,-0.04700894857414164,1.0,1.6532582162457151e-09,1.0,20.220517819632178,0.04945471767439586,4.0660278113236203e-05,0.04775812225006981,0.0009057558267843852,,pass
hexc_01168,1169,179436911,179436910,1,179436911,positive,negative,False,True,theta_local,18.0053342333602,-18.68198416836003,0.0517216029996259,0.0526897268156398,0.0,0.0009681238160138,361.20272932173305,0.04984827846448071,True,False,False,False,False,False,False,False,True,h=1,100M<=p<500M,finite_zone,True,True,False,True,-0.04984827846448071,1.0,5.572989383438505e-09,1.0,19.0053342333602,0.05261680682493302,7.465245731681245e-05,0.05177009776583241,-4.849476620651105e-05,,pass
hexc_01169,1170,40835407,40835406,1,40835407,positive,negative,False,True,theta_local,16.525060081664968,-17.201710016664947,0.0560083258133793,0.0577275682750923,1.4806456896753477e-15,0.0017192424617115,307.12773086596695,0.05380517101165521,True,False,False,False,False,False,False,False,True,h=1,1M<=p<100M,finite_zone,True,True,False,True,-0.05380517101165521,1.0,2.448855229972362e-08,1.0,17.525060081664968,0.05706114531648413,0.00015648818581517145,0.05672810726838251,-0.0007197814550032114,,pass
hexc_01170,1171,109710487,109710486,1,109710487,positive,negative,False,True,theta_local,17.5133555177593,-18.19000545275867,0.0530716447407002,0.053558207608188,0.0,0.0004865628674877,342.74433252694877,0.05109743285509262,True,False,False,False,False,False,False,False,True,h=1,100M<=p<500M,finite_zone,True,True,False,True,-0.05109743285509262,1.0,9.114898924840249e-09,1.0,18.5133555177593,0.05401505950883568,9.547197978904725e-05,0.05340642431006559,-0.00033477956936539544,,pass
hexc_01171,1172,108553853,108553852,1,108553853,positive,negative,False,True,theta_local,17.50275694882216,-18.179406883821684,0.0531015040158899,0.0549840791501077,0.0,0.0018825751342177,342.3520147071866,0.051125029784890426,True,False,False,False,False,False,False,False,True,h=1,100M<=p<500M,finite_zone,True,True,False,True,-0.051125029784890426,1.0,9.212017559616239e-09,1.0,18.502756948822157,0.05404599988887914,9.597925588175937e-05,0.053441779135255274,-0.00034027511936537275,,pass
hexc_01172,1173,76018253,76018252,1,76018253,positive,negative,False,True,theta_local,17.146484040466788,-17.8231339754675,0.0541251470761365,0.0557750751240321,2.7619460509124898e-15,0.0016499280478927,329.29488303091586,0.05207030210322761,True,False,False,False,False,False,False,False,True,h=1,1M<=p<100M,finite_zone,True,True,False,True,-0.05207030210322761,1.0,1.3154735350205957e-08,1.0,18.146484040466788,0.0551070939014959,0.00011469409466143388,0.054633224686369886,-0.0005080776102333873,,pass
hexc_01173,1174,604873349,604873348,1,604873349,positive,negative,True,False,theta_local,19.220529653584467,-19.89717958858455,0.0486638500594246,0.0492944218218632,0.0,0.0006305717624385,408.86981947148877,0.047008922493788394,True,False,False,False,False,False,False,False,True,h=1,p>=500M,post_P0_tail,True,True,False,True,-0.047008922493788394,1.0,1.653238651782623e-09,1.0,20.220529653584467,0.04945468873129796,4.066003752805232e-05,0.04775808332686049,0.0009057667325641089,,pass
hexc_01174,1175,17586113,17586112,1,17586113,positive,negative,False,True,theta_local,15.682620114466232,-16.359270049465977,0.0587807875733352,0.0608489823387839,1.6339608889130588e-15,0.0020681947654469,278.30981388359334,0.056349504516666774,True,False,False,False,False,False,False,False,True,h=1,1M<=p<100M,finite_zone,True,True,False,True,-0.056349504516666774,1.0,5.6863048702120817e-08,1.0,16.682620114466232,0.05994262251004901,0.00023845974230909673,0.05961553258492147,-0.0008347450115862715,,pass
hexc_01175,1176,108582377,108582376,1,108582377,positive,negative,False,True,theta_local,17.50301967789472,-18.17966961289403,0.0531007634251025,0.0551686357806357,0.0,0.0020678723555331,342.3617372005592,0.05112434532262366,True,False,False,False,False,False,False,False,True,h=1,100M<=p<500M,finite_zone,True,True,False,True,-0.05112434532262366,1.0,9.209597612695474e-09,1.0,18.50301967789472,0.05404523247600958,9.596664843942125e-05,0.053440902662642564,-0.0003401392375400672,,pass
hexc_01176,1177,109526147,109526146,1,109526147,positive,negative,False,True,theta_local,17.511673864104264,-18.188323799104182,0.0530763802111399,0.0541493262269027,0.0,0.0010729460157627,342.68206925096086,0.051101809623075756,True,False,False,False,False,False,False,False,True,h=1,100M<=p<500M,finite_zone,True,True,False,True,-0.051101809623075756,1.0,9.130239923440381e-09,1.0,18.511673864104264,0.05401996639207687,9.555228894924696e-05,0.053412033669301584,-0.0003356534581616874,,pass
hexc_01177,1178,33388547,33388546,1,33388547,positive,negative,False,True,theta_local,16.323723494950226,-17.000373429950287,0.0566468773657425,0.0581067238097937,0.0,0.0014598464440511,300.1113957294905,0.054392214781686724,True,False,False,False,False,False,False,False,True,h=1,1M<=p<100M,finite_zone,True,True,False,True,-0.054392214781686724,1.0,2.995038987470763e-08,1.0,17.323723494950226,0.0577243108441147,0.00017306180940550585,0.05741246965580071,-0.000765592290058216,,pass
hexc_01178,1179,179642423,179642422,1,179642423,positive,negative,False,True,theta_local,18.00647889418013,-18.68312882918053,0.0517185419881803,0.0534641342034545,0.0,0.0017455922152741,361.24623995491487,0.04984544308731745,True,False,False,False,False,False,False,False,True,h=1,100M<=p<500M,finite_zone,True,True,False,True,-0.04984544308731745,1.0,5.5666138504489e-09,1.0,19.006478894180134,0.05261363798984379,7.460974366963674e-05,0.05176630062806131,-4.77586398810112e-05,,pass
hexc_01179,1180,178911827,178911826,1,178911827,positive,negative,False,True,theta_local,18.00240365585222,-18.679053590852163,0.0517294414973413,0.0531932038027157,0.0,0.0014637623053743,361.0913446999458,0.04985553910413328,True,False,False,False,False,False,False,False,True,h=1,100M<=p<500M,finite_zone,True,True,False,True,-0.04985553910413328,1.0,5.5893454153816226e-09,1.0,19.00240365585222,0.05262492146313434,7.476192490420255e-05,0.05177981944680865,-5.037794946734925e-05,,pass
hexc_01180,1181,604810847,604810846,1,604810847,positive,negative,True,False,theta_local,19.220426317523263,-19.89707625252413,0.0486640947134184,0.0504180546017721,0.0,0.0017539598883536,408.8656404623875,0.04700915023279242,True,False,False,False,False,False,False,False,True,h=1,p>=500M,post_P0_tail,True,True,False,True,-0.04700915023279242,1.0,1.6534094997803503e-09,1.0,20.220426317523266,0.049454941468439165,4.0662138406389185e-05,0.04775842321094381,0.0009056715024745865,,pass
hexc_01181,1182,39693151,39693150,1,39693151,positive,negative,False,True,theta_local,16.496689211882636,-17.17333914688288,0.0560974333617426,0.0581312364374822,0.0,0.0020338030757395,306.1341333772102,0.05388712793929405,True,False,False,False,False,False,False,False,True,h=1,1M<=p<100M,finite_zone,True,True,False,True,-0.05388712793929405,1.0,2.5193263190417914e-08,1.0,17.496689211882636,0.05715366992521441,0.00015872385828985482,0.056824355654486514,-0.0007269222927439103,,pass
hexc_01182,1183,108591871,108591870,1,108591871,positive,negative,False,True,theta_local,17.50310710999216,-18.179757044991675,0.053100516972733,0.0542251619253325,0.0,0.0011246449525994,342.36497272384236,0.051124117548410765,True,False,False,False,False,False,False,False,True,h=1,100M<=p<500M,finite_zone,True,True,False,True,-0.051124117548410765,1.0,9.208792433459408e-09,1.0,18.503107109992158,0.05404497709792611,9.596245324844195e-05,0.05344061098701669,-0.0003400940142836914,,pass
hexc_01183,1184,33902969,33902968,1,33902969,positive,negative,False,True,theta_local,16.33901314963662,-17.0156630846368,0.0565978750305272,0.0587979559752038,1.5125906999870994e-15,0.002200080944675,300.64137700327166,0.05434718704557695,True,False,False,False,False,False,False,False,True,h=1,1M<=p<100M,finite_zone,True,True,False,True,-0.05434718704557695,1.0,2.949594178610139e-08,1.0,17.33901314963662,0.05767340917098026,0.00017174382604944315,0.057360387191423,-0.0007625121608958035,,pass
hexc_01184,1185,178906097,178906096,1,178906097,positive,negative,False,True,theta_local,18.002371628390115,-18.67902156339005,0.0517295271752114,0.0527304486763606,0.0,0.0010009215011491,361.0901275034456,0.04985561846527729,True,False,False,False,False,False,False,False,True,h=1,100M<=p<500M,finite_zone,True,True,False,True,-0.04985561846527729,1.0,5.589524430796788e-09,1.0,19.002371628390115,0.05262501015957239,7.47631221311469e-05,0.051779925693874906,-5.0398518663508085e-05,,pass
hexc_01185,1186,180640561,180640560,1,180640561,positive,negative,False,True,theta_local,18.01201976398525,-18.688669698984995,0.0517037299089683,0.0532380313320722,0.0,0.0015343014231038,361.4568955061658,0.049831722642231346,True,False,False,False,False,False,False,False,True,h=1,100M<=p<500M,finite_zone,True,True,False,True,-0.049831722642231346,1.0,5.5358552612112405e-09,1.0,19.01201976398525,0.052598304252466366,7.440332829390927e-05,0.051747920718375306,-4.4190809407006204e-05,,pass
hexc_01186,1187,108593897,108593896,1,108593897,positive,negative,False,True,theta_local,17.503125766831587,-18.17977570183212,0.0531004643833947,0.0546529133139765,0.0,0.0015524489305817,342.365663143187,0.05112406894470397,True,False,False,False,False,False,False,False,True,h=1,100M<=p<500M,finite_zone,True,True,False,True,-0.05112406894470397,1.0,9.208620628100306e-09,1.0,18.503125766831587,0.05404492260397345,9.596155807457644e-05,0.05344054874738413,-0.00034008436398943326,,pass
hexc_01187,1188,30776233,30776232,1,30776233,positive,negative,False,True,theta_local,16.242253294220024,-16.918903229219723,0.0569094207185992,0.0579233664053522,0.0,0.0010139456867529,297.29529866204126,0.05463340109082539,True,False,False,False,False,False,False,False,True,h=1,1M<=p<100M,finite_zone,True,True,False,True,-0.05463340109082539,1.0,3.249260557651744e-08,1.0,17.242253294220024,0.057997060067272156,0.0001802570541657592,0.05769031342294162,-0.000780892704342416,,pass
hexc_01188,1189,33863147,33863146,1,33863147,positive,negative,False,True,theta_local,16.337837871874388,-17.014487806874058,0.0566016387112884,0.0579572781844086,0.0,0.0013556394731201,300.6006220714018,0.054350645581810055,True,False,False,False,False,False,False,False,True,h=1,1M<=p<100M,finite_zone,True,True,False,True,-0.054350645581810055,1.0,2.9530628089586594e-08,1.0,17.337837871874388,0.05767731867087129,0.0001718447790582728,0.05736438996912141,-0.0007627512578330109,,pass
hexc_01189,1190,109814501,109814500,1,109814501,positive,negative,False,True,theta_local,17.51430314571484,-18.19095308071519,0.053068976629818,0.0546547784088785,0.0,0.0015858017790604,342.7794209714263,0.05109496683342263,True,False,False,False,False,False,False,False,True,h=1,100M<=p<500M,finite_zone,True,True,False,True,-0.05109496683342263,1.0,9.10626548309863e-09,1.0,18.514303145714837,0.05401229482576834,9.54267545455604e-05,0.05340326343540269,-0.0003342868055846923,,pass
hexc_01190,1191,179382943,179382942,1,179382943,positive,negative,False,True,theta_local,18.005033425030863,-18.681683360031457,0.0517224074707182,0.0537636723765154,0.0,0.0020412649057971,361.19129548654035,0.04984902363379854,True,False,False,False,False,False,False,False,True,h=1,100M<=p<500M,finite_zone,True,True,False,True,-0.04984902363379854,1.0,5.574666037227408e-09,1.0,19.005033425030863,0.0526176396345052,7.466368620170992e-05,0.051771095632347164,-4.8688161628965276e-05,,pass
hexc_01191,1192,179662363,179662362,1,179662363,positive,negative,False,True,theta_local,18.006589886300457,-18.68323982130096,0.0517182451962444,0.0537690815764019,0.0,0.0020508363801574,361.2504591060188,0.049845168171858106,True,False,False,False,False,False,False,False,True,h=1,100M<=p<500M,finite_zone,True,True,False,True,-0.049845168171858106,1.0,5.565996034461597e-09,1.0,19.006589886300457,0.052613330743816314,7.460560323770325e-05,0.05176593244056771,-4.768724432330923e-05,,pass
hexc_01192,1193,604692299,604692298,1,604692299,positive,negative,True,False,theta_local,19.220230289921734,-19.896880224921915,0.0486645588266508,0.0501551319285789,0.0,0.001490573101928,408.85771297746834,0.04700958225773018,True,False,False,False,False,False,False,False,True,h=1,p>=500M,post_P0_tail,True,True,False,True,-0.04700958225773018,1.0,1.6537336454486583e-09,1.0,20.220230289921734,0.04945542091567696,4.066612405244269e-05,0.047759067968532465,0.0009054908581183352,,pass
hexc_01193,1194,30418693,30418692,1,30418693,positive,negative,False,True,theta_local,16.23056787871789,-16.907217813718034,0.0569472773983478,0.0576454444892701,1.531690418992739e-15,0.0006981670909207,296.89246942310467,0.05466816962469846,True,False,False,False,False,False,False,False,True,h=1,1M<=p<100M,finite_zone,True,True,False,True,-0.05466816962469846,1.0,3.2874522255114645e-08,1.0,17.23056787871789,0.058036392476369686,0.0001813133261928495,0.057730210778268676,-0.000782933379920879,,pass
hexc_01194,1195,187449671,187449670,1,187449671,positive,negative,False,True,theta_local,18.04902094600996,-18.725670881010046,0.0516050338597813,0.0531234516953333,0.0,0.0015184178355519,362.8651990015259,0.04974029197529648,True,False,False,False,False,False,False,False,True,h=1,100M<=p<500M,finite_zone,True,True,False,True,-0.04974029197529648,1.0,5.334765298147683e-09,1.0,19.049020946009954,0.052496136301926954,7.303947766891328e-05,0.051625207323810596,-2.0173464029292487e-05,,pass
hexc_01195,1196,108596063,108596062,1,108596063,positive,negative,False,True,theta_local,17.50314571250496,-18.17979564750567,0.0531004081612425,0.0546575804301915,2.656495200552833e-15,0.0015571722689462,342.3664012581904,0.05112401698350426,True,False,False,False,False,False,False,False,True,h=1,100M<=p<500M,finite_zone,True,True,False,True,-0.05112401698350426,1.0,9.208436957792844e-09,1.0,18.503145712504953,0.05404486434564321,9.596060107040204e-05,0.05344048220818931,-0.00034007404694681026,,pass
hexc_01196,1197,31020191,31020190,1,31020191,positive,negative,False,True,theta_local,16.25014887301157,-16.926798808011426,0.0568838702606329,0.0591767793252844,0.0,0.0022929090646514,297.5676361410624,0.05460993367339237,True,False,False,False,False,False,False,False,True,h=1,1M<=p<100M,finite_zone,True,True,False,True,-0.05460993367339237,1.0,3.223706778594626e-08,1.0,17.25014887301157,0.057970514188693936,0.00017954684008900367,0.05766336223587154,-0.0007794919752386401,,pass
hexc_01197,1198,108595631,108595630,1,108595631,positive,negative,False,True,theta_local,17.503141734452274,-18.179791669452243,0.0531004193744239,0.0540053006478409,0.0,0.0009048812734169,342.36625404522954,0.05112402734686567,True,False,False,False,False,False,False,False,True,h=1,100M<=p<500M,finite_zone,True,True,False,True,-0.05112402734686567,1.0,9.208473589513007e-09,1.0,18.503141734452274,0.054044875964930385,9.596079193875489e-05,0.05344049547905727,-0.00034007610463337307,,pass
hexc_01198,1199,354353,354352,1,354353,positive,negative,False,True,theta_local,11.778048870408291,-12.454698805408327,0.0762788505112386,0.0773429809248389,0.0,0.0010641304136003,163.27853293454265,0.0721347053940645,True,False,False,False,False,False,False,False,True,h=1,100K<=p<1M,finite_zone,True,True,False,True,-0.0721347053940645,1.0,2.8220446842555305e-06,1.0,12.778048870408293,0.07825920922213904,0.0016798942479381046,0.07509014297671501,0.0011887075345235892,,pass
hexc_01199,1200,2274949,2274948,1,2274949,positive,negative,False,True,theta_local,13.637468192533492,-14.314118127533447,0.0668086457146189,0.0676804907283951,0.0,0.0008718450137761,214.25547508742974,0.0636505003522946,True,False,False,False,False,False,False,False,True,h=1,1M<=p<100M,finite_zone,True,True,False,True,-0.0636505003522946,1.0,4.395702936637261e-07,1.0,14.637468192533493,0.06831782565444586,0.0006630009756129519,0.06706391398910116,-0.0002552682744822593,,pass
hexc_01200,1201,112219463,112219462,1,112219463,positive,negative,False,True,theta_local,17.53596700303238,-18.212616938032625,0.0530080536301641,0.0541123728605688,0.0,0.0011043192304046,343.58207273750514,0.05103865537370386,True,False,False,False,False,False,False,False,True,h=1,100M<=p<500M,finite_zone,True,True,False,True,-0.05103865537370386,1.0,8.91111018772207e-09,1.0,18.53596700303238,0.05394916811388398,9.43986768324751e-05,0.05333101261166706,-0.00032295898150296043,,pass
hexc_01201,1202,604864277,604864276,1,604864277,positive,negative,True,False,theta_local,19.220514655290945,-19.89716459029114,0.0486638855685838,0.0500681122179068,0.0,0.0014042266493229,408.8692129248359,0.04700895554790605,True,False,False,False,False,False,False,False,True,h=1,p>=500M,post_P0_tail,True,True,False,True,-0.04700895554790605,1.0,1.6532634477271337e-09,1.0,20.220514655290945,0.04945472541364509,4.0660342444784376e-05,0.04775813265794704,0.0009057529106367632,,pass
hexc_01202,1203,187422077,187422076,1,187422077,positive,negative,False,True,theta_local,18.048873727660222,-18.725523662659725,0.0516054258000269,0.0534687166989851,0.0,0.0018632908989581,362.85959029234397,0.049740655092287464,True,False,False,False,False,False,False,False,True,h=1,100M<=p<500M,finite_zone,True,True,False,True,-0.049740655092287464,1.0,5.335550731304723e-09,1.0,19.048873727660226,0.052496542015916345,7.304485424247708e-05,0.05162569548333984,-2.0269683312937326e-05,,pass
hexc_01203,1204,109588861,109588860,1,109588861,positive,negative,False,True,theta_local,17.512246294101505,-18.18889622910137,0.0530747681759836,0.0533838541467366,0.0,0.0003090859707529,342.7032628534749,0.051100319700162836,True,False,False,False,False,False,False,False,True,h=1,100M<=p<500M,finite_zone,True,True,False,True,-0.051100319700162836,1.0,9.125014995821519e-09,1.0,18.512246294101505,0.054018296003258484,9.552494436439898e-05,0.05341012424626346,-0.00033535607027986025,,pass
hexc_01204,1205,30387079,30387078,1,30387079,positive,negative,False,True,theta_local,16.22952804312963,-16.906177978129563,0.0569506485433129,0.0588391431046485,0.0,0.0018884945613355,296.85663658899034,0.05467126566417327,True,False,False,False,False,False,False,False,True,h=1,1M<=p<100M,finite_zone,True,True,False,True,-0.05467126566417327,1.0,3.2908724132385345e-08,1.0,17.22952804312963,0.05803989508573658,0.00018140761872750922,0.057733761640050174,-0.0007831130967372729,,pass
hexc_01205,1206,33471577,33471576,1,33471577,positive,negative,False,True,theta_local,16.326207188898582,-17.002857123898593,0.0566389115210774,0.0576972499092111,0.0,0.0010583383881337,300.1974555526409,0.05438489529780745,True,False,False,False,False,False,False,False,True,h=1,1M<=p<100M,finite_zone,True,True,False,True,-0.05438489529780745,1.0,2.987609457421143e-08,1.0,17.326207188898582,0.057716036123631825,0.0001728470265124958,0.05740400794471645,-0.0007650964236390542,,pass
hexc_01206,1207,39638069,39638068,1,39638069,positive,negative,False,True,theta_local,16.495300552818737,-17.171950487818776,0.0561018021543883,0.0585308390628215,1.4856871342461706e-15,0.0024290369084317,306.0855414334596,0.053891145839715125,True,False,False,False,False,False,False,False,True,h=1,1M<=p<100M,finite_zone,True,True,False,True,-0.053891145839715125,1.0,2.522827234596115e-08,1.0,17.495300552818737,0.05715820639839686,0.00015883410322081702,0.05682906821673317,-0.0007272660623448696,,pass
hexc_01207,1208,30802309,30802308,1,30802309,positive,negative,False,True,theta_local,16.243100212666345,-16.91975014766649,0.0569066789528504,0.0583791167720737,0.0,0.0014724378192232,297.3245049440541,0.05463088289921719,True,False,False,False,False,False,False,False,True,h=1,1M<=p<100M,finite_zone,True,True,False,True,-0.05463088289921719,1.0,3.246509863919617e-08,1.0,17.243100212666345,0.05799421146235787,0.00018018073881299348,0.057687422253119625,-0.0007807433002692266,,pass
hexc_01208,1209,109593481,109593480,1,109593481,positive,negative,False,True,theta_local,17.51228845078218,-18.18893838578242,0.0530746494613185,0.0552477469879636,2.653871900586364e-15,0.0021730975266423,342.7048236849633,0.05110020997802068,True,False,False,False,False,False,False,False,True,h=1,100M<=p<500M,finite_zone,True,True,False,True,-0.05110020997802068,1.0,9.124630323586491e-09,1.0,18.51228845078218,0.054018172991343386,9.552293087833146e-05,0.05340998362711025,-0.000335334165791748,,pass
hexc_01209,1210,604170643,604170642,1,604170643,positive,negative,True,False,theta_local,19.21936723752058,-19.89601717252117,0.048666602287226,0.0502961014855357,4.449334411980067e-15,0.0016294991983051,408.8228114857206,0.04701148443178757,True,False,False,False,False,False,False,False,True,h=1,p>=500M,post_P0_tail,True,True,False,True,-0.04701148443178757,1.0,1.6551615203190202e-09,1.0,20.21936723752058,0.04945753189270556,4.068367633731028e-05,0.04776190665552216,0.000904695631703846,,pass
hexc_01210,1211,109590113,109590112,1,109590113,positive,negative,False,True,theta_local,17.51225771855502,-18.18890765355536,0.0530747360042776,0.0544964114389901,0.0,0.0014216754347124,342.70368583819993,0.05110028996543402,True,False,False,False,False,False,False,False,True,h=1,100M<=p<500M,finite_zone,True,True,False,True,-0.05110028996543402,1.0,9.124910748107359e-09,1.0,18.51225771855502,0.05401826266699442,9.55243987058142e-05,0.053410086138488744,-0.00033535013421114035,,pass
hexc_01211,1212,7103101,7103100,1,7103101,positive,negative,False,True,theta_local,14.776042007222792,-15.4526919422226,0.0620880526609892,0.0628547651992971,9.1357472131238e-16,0.0007667125383069,248.88350141365814,0.0593693110362675,True,False,False,False,False,False,False,False,True,h=1,1M<=p<100M,finite_zone,True,True,False,True,-0.0593693110362675,1.0,1.4078358170607458e-07,1.0,15.776042007222792,0.06338725515196822,0.0003752113826979061,0.0628161776541738,-0.0007281249931846007,,pass
hexc_01212,1213,3241201,3241200,1,3241201,positive,negative,False,True,theta_local,13.991454498096363,-14.668104433096346,0.06526591807924,0.0680971441582546,5.058510369400576e-16,0.0028312260790141,224.74370796849374,0.06225515554837153,True,False,False,False,False,False,False,False,True,h=1,1M<=p<100M,finite_zone,True,True,False,True,-0.06225515554837153,1.0,3.0852761059866387e-07,1.0,14.991454498096365,0.06670466832467666,0.0005554526177800081,0.06570748385222669,-0.0004415657729866934,,pass
hexc_01213,1214,604810753,604810752,1,604810753,positive,negative,True,False,theta_local,19.22042616210276,-19.8970760971024,0.0486640950813841,0.0492954387906353,4.448868409317535e-15,0.0006313437092466,408.8656341770498,0.047009150575320305,True,False,False,False,False,False,False,False,True,h=1,p>=500M,post_P0_tail,True,True,False,True,-0.047009150575320305,1.0,1.65340975675411e-09,1.0,20.22042616210276,0.049454941848565276,4.0662141566254356e-05,0.04775842372214001,0.0009056713592440896,,pass
hexc_01214,1215,30386869,30386868,1,30386869,positive,negative,False,True,theta_local,16.229521132273682,-16.90617106727359,0.0569506709496291,0.0588988442425862,0.0,0.001948173292957,296.8563984474654,0.05467128624194306,True,False,False,False,False,False,False,False,True,h=1,1M<=p<100M,finite_zone,True,True,False,True,-0.05467128624194306,1.0,3.290895156062311e-08,1.0,17.229521132273682,0.05803991836585859,0.0001814082455695526,0.05773378523975836,-0.0007831142901292623,,pass
hexc_01215,1216,112219519,112219518,1,112219519,positive,negative,False,True,theta_local,17.535967502054422,-18.212617437055087,0.0530080522284283,0.0541406508320508,0.0,0.0011325986036224,343.5820912372178,0.051038654078006486,True,False,False,False,False,False,False,False,True,h=1,100M<=p<500M,finite_zone,True,True,False,True,-0.051038654078006486,1.0,8.911105740882742e-09,1.0,18.535967502054426,0.05394916666147399,9.439865327896761e-05,0.05333101094761372,-0.0003229587191854247,,pass
hexc_01216,1217,178039549,178039548,1,178039549,positive,negative,False,True,theta_local,17.9975162689701,-18.674166203970344,0.051742519212729,0.0534149386688814,0.0,0.0016724194561523,360.90562438978355,0.04986765251830076,True,False,False,False,False,False,False,False,True,h=1,100M<=p<500M,finite_zone,True,True,False,True,-0.04986765251830076,1.0,5.616729572820924e-09,1.0,18.9975162689701,0.05263845998823363,7.494484353723692e-05,0.05179603312051673,-5.3513907787725024e-05,,pass
hexc_01217,1218,109705303,109705302,1,109705303,positive,negative,False,True,theta_local,17.51330826500688,-18.18995820000692,0.0530717777910569,0.0547102046489548,0.0,0.0016384268578978,342.7425829151721,0.05109755582760891,True,False,False,False,False,False,False,False,True,h=1,100M<=p<500M,finite_zone,True,True,False,True,-0.05109755582760891,1.0,9.115329639078615e-09,1.0,18.51330826500688,0.054015197375077484,9.547423547260597e-05,0.05340658192569392,-0.00033480413463701786,,pass
hexc_01218,1219,109726283,109726282,1,109726283,positive,negative,False,True,theta_local,17.513499486338745,-18.1901494213389,0.0530712393701091,0.0543187954462519,0.0,0.0012475560761427,342.74966323066496,0.05109705818894545,True,False,False,False,False,False,False,False,True,h=1,100M<=p<500M,finite_zone,True,True,False,True,-0.05109705818894545,1.0,9.11358676024777e-09,1.0,18.513499486338745,0.054014639465537445,9.546510755374326e-05,0.053405944091045265,-0.0003347047209361631,,pass
hexc_01219,1220,17640167,17640166,1,17640167,positive,negative,False,True,theta_local,15.685689075618289,-16.362339010618143,0.05877018981005,0.0599169349585089,0.0,0.0011467451484588,278.4122199282075,0.05633980103194847,True,False,False,False,False,False,False,False,True,h=1,1M<=p<100M,finite_zone,True,True,False,True,-0.05633980103194847,1.0,5.668880572389139e-08,1.0,16.68568907561829,0.059931597398709464,0.00023809411106512357,0.05960488614934145,-0.0008346963392914519,,pass
hexc_01220,1221,76024139,76024138,1,76024139,positive,negative,False,True,theta_local,17.146561466241604,-17.82321140124168,0.0541249203304898,0.0557012615372335,0.0,0.0015763412067436,329.2976930480846,0.05207009289232352,True,False,False,False,False,False,False,False,True,h=1,1M<=p<100M,finite_zone,True,True,False,True,-0.05207009289232352,1.0,1.3153716874057593e-08,1.0,18.146561466241604,0.05510685877654117,0.00011468965460780495,0.05463296508548243,-0.0005080447549926301,,pass
hexc_01221,1222,109591463,109591462,1,109591463,positive,negative,False,True,theta_local,17.512270037108657,-18.188919972108124,0.0530747013147905,0.0544056248012128,0.0,0.0013309234864222,342.7041419268309,0.05110025790364569,True,False,False,False,False,False,False,False,True,h=1,100M<=p<500M,finite_zone,True,True,False,True,-0.05110025790364569,1.0,9.124798343097218e-09,1.0,18.512270037108657,0.05401822672181511,9.552381034641164e-05,0.05341004504833102,-0.0003353437335405218,,pass
hexc_01222,1223,604432651,604432650,1,604432651,positive,negative,True,False,theta_local,19.21980080907446,-19.896450744074173,0.0486655756926819,0.0500016508242014,0.0,0.0013360751315194,408.8403447586482,0.047010528817601246,True,False,False,False,False,False,False,False,True,h=1,p>=500M,post_P0_tail,True,True,False,True,-0.047010528817601246,1.0,1.6544440449164286e-09,1.0,20.21980080907446,0.049456471378848066,4.067485765084407e-05,0.047760480583132425,0.0009050951095494753,,pass
hexc_01223,1224,12784633,12784632,1,12784633,positive,negative,False,True,theta_local,15.363754460781138,-16.040404395781252,0.0599031147289093,0.0605715274214732,8.491301734258018e-16,0.000668412692563,267.7724600527346,0.057376156075779526,True,False,False,False,False,False,False,False,True,h=1,1M<=p<100M,finite_zone,True,True,False,True,-0.057376156075779526,1.0,7.821890546251895e-08,1.0,16.363754460781138,0.06111067007248801,0.0002796764299373813,0.0607279168320074,-0.000824802103098099,,pass
hexc_01224,1225,178013449,178013448,1,178013449,positive,negative,False,True,theta_local,17.99736966158191,-18.674019596582184,0.051742911608265,0.0528018279129453,2.5200736091459998e-15,0.0010589163046777,360.90005405879276,0.049868015976107426,True,False,False,False,False,False,False,False,True,h=1,100M<=p<500M,finite_zone,True,True,False,True,-0.049868015976107426,1.0,5.617553087238931e-09,1.0,18.99736966158191,0.05263886621221488,7.495033747248194e-05,0.05179651949551656,-5.360788725155413e-05,,pass
hexc_01225,1226,179412329,179412328,1,179412329,positive,negative,False,True,theta_local,18.005197228750472,-18.68184716375072,0.051721969396777,0.0530676064879347,0.0,0.0013456370911576,361.19752170370464,0.04984861785270051,True,False,False,False,False,False,False,False,True,h=1,100M<=p<500M,finite_zone,True,True,False,True,-0.04984861785270051,1.0,5.573752960979621e-09,1.0,19.005197228750472,0.052617186128814865,7.465757135736215e-05,0.051770552248604496,-4.858285182749583e-05,,pass
hexc_01226,1227,2275549,2275548,1,2275549,positive,negative,False,True,theta_local,13.637731899935837,-14.31438183493583,0.066807469305611,0.0675544847184339,0.0,0.0007470154128228,214.2631951743992,0.06364943773397679,True,False,False,False,False,False,False,False,True,h=1,1M<=p<100M,finite_zone,True,True,False,True,-0.06364943773397679,1.0,4.394543910063022e-07,1.0,14.637731899935837,0.06831659486838829,0.0006629135622434513,0.06706288899409518,-0.0002554196884841792,,pass
hexc_01227,1228,108624221,108624220,1,108624221,positive,negative,False,True,theta_local,17.503404970062665,-18.18005490506312,0.0530996773861124,0.0550486957228522,0.0,0.0019490183367397,342.37599548613974,0.05112334159177712,True,False,False,False,False,False,False,False,True,h=1,100M<=p<500M,finite_zone,True,True,False,True,-0.05112334159177712,1.0,9.206049910360231e-09,1.0,18.503404970062665,0.05404410710449977,9.594816262107489e-05,0.0534396173209577,-0.00033993993484530277,,pass
hexc_01228,1229,604693459,604693458,1,604693459,positive,negative,True,False,theta_local,19.22023220825092,-19.896882143251787,0.0486645542847902,0.0497381509976261,0.0,0.0010735967128359,408.8577905555879,0.04700957802988899,True,False,False,False,False,False,False,False,True,h=1,p>=500M,post_P0_tail,True,True,False,True,-0.04700957802988899,1.0,1.6537304730461787e-09,1.0,20.22023220825092,0.04945541622375372,4.066608504695502e-05,0.04775906165892163,0.0009054926258685661,,pass
hexc_01229,1230,109670843,109670842,1,109670843,positive,negative,False,True,theta_local,17.5129941014033,-18.18964403640348,0.0530726624036566,0.0544253157005279,0.0,0.0013526532968712,342.73095059859344,0.05109837343495284,True,False,False,False,False,False,False,False,True,h=1,100M<=p<500M,finite_zone,True,True,False,True,-0.05109837343495284,1.0,9.118193793768868e-09,1.0,18.5129941014033,0.054016114007414885,9.548923391549893e-05,0.05340762984789005,-0.00033496744423344715,,pass
hexc_01230,1231,604325339,604325338,1,604325339,positive,negative,True,False,theta_local,19.21962325161272,-19.89627318661224,0.0486659961013767,0.0497866222158572,0.0,0.0011206261144804,408.83316443715773,0.047010920158770515,True,False,False,False,False,False,False,False,True,h=1,p>=500M,post_P0_tail,True,True,False,True,-0.047010920158770515,1.0,1.6547378298827216e-09,1.0,20.21962325161272,0.04945690567801454,4.067846887338216e-05,0.047761064592013014,0.0009049315093636878,,pass
hexc_01231,1232,604813789,604813788,1,604813789,positive,negative,True,False,theta_local,19.220431181842184,-19.897081116841942,0.0486640831968093,0.0497481806740492,0.0,0.0010840974772398,408.8658371796157,0.0470091395124279,True,False,False,False,False,False,False,False,True,h=1,p>=500M,post_P0_tail,True,True,False,True,-0.0470091395124279,1.0,1.6534014570888032e-09,1.0,20.220431181842184,0.04945492957133345,4.066203950970491e-05,0.04775840721164104,0.0009056759851682611,,pass
hexc_01232,1233,187505431,187505430,1,187505431,positive,negative,False,True,theta_local,18.049318368288585,-18.725968303288937,0.051604242048921,0.0533554619999509,0.0,0.0017512199510298,362.8765302964169,0.04973955839344291,True,False,False,False,False,False,False,False,True,h=1,100M<=p<500M,finite_zone,True,True,False,True,-0.04973955839344291,1.0,5.333178856030042e-09,1.0,19.049318368288585,0.05249531666522519,7.302861669256814e-05,0.05162422110698883,-1.9979058067831623e-05,,pass
hexc_01233,1234,109507157,109507156,1,109507157,positive,negative,False,True,theta_local,17.511500465815505,-18.18815040081517,0.0530768685419342,0.054893244927348,2.6540978418247448e-15,0.001816376385411,342.6756494958877,0.0511022609618652,True,False,False,False,False,False,False,False,True,h=1,100M<=p<500M,finite_zone,True,True,False,True,-0.0511022609618652,1.0,9.131823228686323e-09,1.0,18.511500465815505,0.0540204724002067,9.556057361007375e-05,0.053412612067125,-0.00033574352519080003,,pass
hexc_01234,1235,108832939,108832938,1,108832939,positive,negative,False,True,theta_local,17.505324594728904,-18.181974529728905,0.0530942671223004,0.0548802733348801,0.0,0.0017860062125796,342.4470383562785,0.051118341331708464,True,False,False,False,False,False,False,False,True,h=1,100M<=p<500M,finite_zone,True,True,False,True,-0.051118341331708464,1.0,9.188394700982945e-09,1.0,18.505324594728904,0.054038500912588265,9.585611457274358e-05,0.053433213512803945,-0.00033894639050354586,,pass
hexc_01235,1236,180641081,180641080,1,180641081,positive,negative,False,True,theta_local,18.012022642625844,-18.688672577625766,0.0517037222158737,0.0526178784625598,0.0,0.000914156246686,361.4570049637178,0.0498317155160234,True,False,False,False,False,False,False,False,True,h=1,100M<=p<500M,finite_zone,True,True,False,True,-0.0498317155160234,1.0,5.535839325496507e-09,1.0,19.012022642625844,0.05259829628847344,7.440322120376582e-05,0.05174791116974253,-4.4188953868831704e-05,,pass
hexc_01236,1237,604691159,604691158,1,604691159,positive,negative,True,False,theta_local,19.2202284046636,-19.89687833966309,0.0486645632902127,0.0499289457582351,4.448955431195672e-15,0.0012643824680179,408.85763673676473,0.04700958641268619,True,False,False,False,False,False,False,False,True,h=1,p>=500M,post_P0_tail,True,True,False,True,-0.04700958641268619,1.0,1.6537367631664018e-09,1.0,20.2202284046636,0.04945542552671461,4.066616238553131e-05,0.047759074169368754,0.0009054891208439483,,pass
hexc_01237,1238,109710067,109710066,1,109710067,positive,negative,False,True,theta_local,17.513351689494424,-18.19000162449447,0.053071655519986,0.0541693985501834,0.0,0.0010977430301973,342.74419077890605,0.05109744281790544,True,False,False,False,False,False,False,False,True,h=1,100M<=p<500M,finite_zone,True,True,False,True,-0.05109744281790544,1.0,9.114933819154445e-09,1.0,18.513351689494424,0.05401507067828563,9.54721625352356e-05,0.05340643707956949,-0.00033478155958348993,,pass
hexc_01238,1239,108596263,108596262,1,108596263,positive,negative,False,True,theta_local,17.503147554190647,-18.179797489190605,0.0531004029699684,0.0540306422510587,2.656494671731566e-15,0.0009302392810876,342.36646941215133,0.0511240121856671,True,False,False,False,False,False,False,False,True,h=1,100M<=p<500M,finite_zone,True,True,False,True,-0.0511240121856671,1.0,9.208419998761835e-09,1.0,18.503147554190647,0.054044858966360944,9.596051270580955e-05,0.05344047606428748,-0.0003400730943190766,,pass
hexc_01239,1240,604674857,604674856,1,604674857,positive,negative,True,False,theta_local,19.22020144508348,-19.896851380082808,0.0486646271201823,0.0497429223679394,4.448967294781769e-15,0.0010782952477526,408.856546479756,0.04700964582949424,True,False,False,False,False,False,False,False,True,h=1,p>=500M,post_P0_tail,True,True,False,True,-0.04700964582949424,1.0,1.6537813478161537e-09,1.0,20.22020144508348,0.049455491465598085,4.0666710560557435e-05,0.047759162842612835,0.0009054642775694621,,pass
hexc_01240,1241,40844981,40844980,1,40844981,positive,negative,False,True,theta_local,16.525294507584782,-17.201944442585045,0.0560075907045687,0.0568777991674119,0.0,0.0008702084628431,307.1359475775813,0.05380449484315267,True,False,False,False,False,False,False,False,True,h=1,1M<=p<100M,finite_zone,True,True,False,True,-0.05380449484315267,1.0,2.448281222116372e-08,1.0,17.525294507584782,0.05706038204192286,0.00015646984444666557,0.056727312223013415,-0.0007197215184447173,,pass
hexc_01241,1242,33915443,33915442,1,33915443,positive,negative,False,True,theta_local,16.339381014343942,-17.016030949343985,0.0565966970923952,0.0574527273383092,0.0,0.000856030245914,300.65413396059114,0.05434610460565183,True,False,False,False,False,False,False,False,True,h=1,1M<=p<100M,finite_zone,True,True,False,True,-0.05434610460565183,1.0,2.948509326562534e-08,1.0,17.339381014343942,0.05767218559721097,0.00017171223970825533,0.057359134335506434,-0.0007624372431112372,,pass
hexc_01242,1243,180643423,180643422,1,180643423,positive,negative,False,True,theta_local,18.0120356074775,-18.688685542477288,0.0517036875676594,0.0534700948311592,0.0,0.0017664072634997,361.4574979399924,0.04983168342095861,True,False,False,False,False,False,False,False,True,h=1,100M<=p<500M,finite_zone,True,True,False,True,-0.04983168342095861,1.0,5.53576755462611e-09,1.0,19.0120356074775,0.05259826042018859,7.440273889196627e-05,0.051747868164514044,-4.418059685464687e-05,,pass
hexc_01243,1244,108531719,108531718,1,108531719,positive,negative,False,True,theta_local,17.502553029235305,-18.17920296423563,0.0531020788464798,0.0541241277962125,0.0,0.0010220489497326,342.34446859966454,0.05112556104916268,True,False,False,False,False,False,False,False,True,h=1,100M<=p<500M,finite_zone,True,True,False,True,-0.05112556104916268,1.0,9.213896261976649e-09,1.0,18.502553029235305,0.054046595538460626,9.598904240576967e-05,0.053442459419574595,-0.0003403805730947951,,pass
hexc_01244,1245,108835757,108835756,1,108835757,positive,negative,False,True,theta_local,17.50535048728996,-18.18200042229,0.0530941941543253,0.0544483994163014,0.0,0.001354205261976,342.4479966574426,0.05111827389313333,True,False,False,False,False,False,False,False,True,h=1,100M<=p<500M,finite_zone,True,True,False,True,-0.05111827389313333,1.0,9.188156792992215e-09,1.0,18.505350487289956,0.05403842530228383,9.585487360062718e-05,0.05343312713710335,-0.0003389329827780535,,pass
hexc_01245,1246,109496897,109496896,1,109496897,positive,negative,False,True,theta_local,17.51140676891976,-18.18805670391976,0.0530771324184023,0.0538157413221827,0.0,0.0007386089037803,342.6721805644083,0.05110250484902825,True,False,False,False,False,False,False,False,True,h=1,100M<=p<500M,finite_zone,True,True,False,True,-0.05110250484902825,1.0,9.132678892261213e-09,1.0,18.51140676891976,0.054020745828943575,9.556505057949382e-05,0.053412924608692514,-0.00033579219029021556,,pass
hexc_01246,1247,108555593,108555592,1,108555593,positive,negative,False,True,theta_local,17.50277297760425,-18.179422912604423,0.0531014588327545,0.053939505601574,0.0,0.0008380467688194,342.35260786076196,0.051124988026154575,True,False,False,False,False,False,False,False,True,h=1,100M<=p<500M,finite_zone,True,True,False,True,-0.051124988026154575,1.0,9.211869903377526e-09,1.0,18.50277297760425,0.054045953069326406,9.597848666955281e-05,0.05344172566263938,-0.00034026682988488183,,pass
hexc_01247,1248,109683107,109683106,1,109683107,positive,negative,False,True,theta_local,17.51310592067998,-18.189755855680232,0.05307234754286,0.053791839156681,0.0,0.0007194916138209,342.7350908303161,0.05109808242351963,True,False,False,False,False,False,False,False,True,h=1,100M<=p<500M,finite_zone,True,True,False,True,-0.05109808242351963,1.0,9.11717426093701e-09,1.0,18.51310592067998,0.054015787749745144,9.548389529620694e-05,0.053407256863712504,-0.0003349093208525056,,pass
hexc_01248,1249,30348053,30348052,1,30348053,positive,negative,False,True,theta_local,16.228242921846906,-16.904892856847255,0.0569548154553147,0.0588533961673744,0.0,0.0018985807120596,296.81235417416804,0.054675092507518244,True,False,False,False,False,False,False,False,True,h=1,1M<=p<100M,finite_zone,True,True,False,True,-0.054675092507518244,1.0,3.295104302078291e-08,1.0,17.228242921846906,0.05804422450602396,0.00018152422158153694,0.05773815023874174,-0.0007833347834270352,,pass
hexc_01249,1250,30650057,30650056,1,30650057,positive,negative,False,True,theta_local,16.238145080051126,-16.914795015051368,0.0569227241666932,0.0582871795959794,0.0,0.0013644554292861,297.15364580089084,0.05464561956251941,True,False,False,False,False,False,False,False,True,h=1,1M<=p<100M,finite_zone,True,True,False,True,-0.05464561956251941,1.0,3.262636673073724e-08,1.0,17.238145080051126,0.05801088199201037,0.00018062770200259214,0.057704338714991366,-0.0007816145482981637,,pass
hexc_01250,1251,30422963,30422962,1,30422963,positive,negative,False,True,theta_local,16.230708243076382,-16.907358178076265,0.0569468223679293,0.0576765885135855,1.5316654642590917e-15,0.0007297661456545,296.8973065580204,0.05466775172614959,True,False,False,False,False,False,False,False,True,h=1,1M<=p<100M,finite_zone,True,True,False,True,-0.05466775172614959,1.0,3.286990816772186e-08,1.0,17.230708243076382,0.05803591970178118,0.00018130060167501338,0.057729731464934764,-0.0007829090970054645,,pass
hexc_01251,1252,108804461,108804460,1,108804461,positive,negative,False,True,theta_local,17.5050628933838,-18.181712828383752,0.0530950046356205,0.0549550380031999,0.0,0.0018600333675794,342.43735268808996,0.05111902295696211,True,False,False,False,False,False,False,False,True,h=1,100M<=p<500M,finite_zone,True,True,False,True,-0.05111902295696211,1.0,9.190799630908515e-09,1.0,18.505062893383798,0.05403926513308607,9.58686582304588e-05,0.053434086531067626,-0.0003390818954471242,,pass
hexc_01252,1253,604828963,604828962,1,604828963,positive,negative,True,False,theta_local,19.22045627024118,-19.89710620524238,0.0486640237984059,0.0501964922524844,4.4488551606505045e-15,0.001532468454074,408.8668517767358,0.04700908422073948,True,False,False,False,False,False,False,False,True,h=1,p>=500M,post_P0_tail,True,True,False,True,-0.04700908422073948,1.0,1.6533599764136957e-09,1.0,20.22045627024118,0.049454868210452724,4.0661529440168575e-05,0.047758324693023546,0.0009056991053823515,,pass
hexc_01253,1254,604838293,604838292,1,604838293,positive,negative,True,False,theta_local,19.22047169597078,-19.89712163097101,0.0486639872770631,0.0499339613526072,0.0,0.001269974075544,408.86747560755543,0.047009050224428285,True,False,False,False,False,False,False,False,True,h=1,p>=500M,post_P0_tail,True,True,False,True,-0.047009050224428285,1.0,1.6533344723264736e-09,1.0,20.22047169597078,0.04945483048247902,4.066121582449882e-05,0.047758273956037156,0.0009057133210259444,,pass
hexc_01254,1255,112219651,112219650,1,112219651,positive,negative,False,True,theta_local,17.53596867831969,-18.212618613320046,0.0530080489243363,0.0541834620826938,0.0,0.0011754131583574,343.58213484364865,0.051038651023865525,True,False,False,False,False,False,False,False,True,h=1,100M<=p<500M,finite_zone,True,True,False,True,-0.051038651023865525,1.0,8.911095259064742e-09,1.0,18.53596867831969,0.05394916323793936,9.439859776005543e-05,0.05333100702520621,-0.0003229581008699148,,pass
hexc_01255,1256,179380469,179380468,1,179380469,positive,negative,False,True,theta_local,18.00501963321198,-18.68166956821188,0.0517224443556657,0.0526369272801094,0.0,0.0009144829244436,361.1907712587728,0.04984905779974206,True,False,False,False,False,False,False,False,True,h=1,100M<=p<500M,finite_zone,True,True,False,True,-0.04984905779974206,1.0,5.5747429225419185e-09,1.0,19.00501963321198,0.05261767781878335,7.46642010775038e-05,0.051771141383790464,-4.869702812476673e-05,,pass
hexc_01256,1257,30784291,30784290,1,30784291,positive,negative,False,True,theta_local,16.24251508536547,-16.919165020365654,0.0569085731825925,0.0583171498986228,1.5295685612358405e-15,0.0014085767160286,297.30432646905575,0.05463262266738669,True,False,False,False,False,False,False,False,True,h=1,1M<=p<100M,finite_zone,True,True,False,True,-0.05463262266738669,1.0,3.24841004134219e-08,1.0,17.24251508536547,0.057996179504505516,0.0001802334608595804,0.057689419726294044,-0.0007808465437015438,,pass
hexc_01257,1258,178878053,178878052,1,178878053,positive,negative,False,True,theta_local,18.002214863480003,-18.67886479847948,0.0517299465470185,0.0539744023408078,0.0,0.0022444557937892,361.08416971786033,0.04985600691812759,True,False,False,False,False,False,False,False,True,h=1,100M<=p<500M,finite_zone,True,True,False,True,-0.04985600691812759,1.0,5.590400740777294e-09,1.0,19.002214863480003,0.05262544430659402,7.476898247787844e-05,0.05178044574217244,-5.0499195153944076e-05,,pass
hexc_01258,1259,33902221,33902220,1,33902221,positive,negative,False,True,theta_local,16.338991086428774,-17.01564102142902,0.0565979456805964,0.058713318484109,1.5125945494180228e-15,0.0021153728035109,300.6406118952565,0.05434725196781231,True,False,False,False,False,False,False,False,True,h=1,1M<=p<100M,finite_zone,True,True,False,True,-0.05434725196781231,1.0,2.94965925683748e-08,1.0,17.338991086428774,0.05767348255820374,0.00017174572066975874,0.05736046233358172,-0.0007625166529853164,,pass
hexc_01259,1260,108563909,108563908,1,108563909,positive,negative,False,True,theta_local,17.50284958058028,-18.179499515579664,0.0531012428995798,0.0547342177082776,0.0,0.0016329748086977,342.3554426015799,0.05112478845837839,True,False,False,False,False,False,False,False,True,h=1,100M<=p<500M,finite_zone,True,True,False,True,-0.05112478845837839,1.0,9.211164273755103e-09,1.0,18.502849580580282,0.054045729315637565,9.597481062109527e-05,0.05344147011240152,-0.000340227212821724,,pass
hexc_01260,1261,30423017,30423016,1,30423017,positive,negative,False,True,theta_local,16.230710018049844,-16.907359953049763,0.0569468166139019,0.0579399010587369,0.0,0.0009930844448349,296.89736772612326,0.05466774644166623,True,False,False,False,False,False,False,False,True,h=1,1M<=p<100M,finite_zone,True,True,False,True,-0.05466774644166623,1.0,3.286984982455882e-08,1.0,17.230710018049844,0.05803591372337302,0.00018130044077320612,0.0577297254038025,-0.0007829087899006021,,pass
hexc_01261,1262,604871021,604871020,1,604871021,positive,negative,True,False,theta_local,19.22052580483748,-19.89717573983762,0.0486638591715077,0.049249868910108,0.0,0.0005860097386002,408.8696638240984,0.04700893097587799,True,False,False,False,False,False,False,False,True,h=1,p>=500M,post_P0_tail,True,True,False,True,-0.04700893097587799,1.0,1.6532450146921487e-09,1.0,20.22052580483748,0.04945469814443519,4.066011577322609e-05,0.047758095985825255,0.0009057631856824455,,pass
hexc_01262,1263,178039643,178039642,1,178039643,positive,negative,False,True,theta_local,17.99751679694253,-18.674166731942933,0.0517425177996188,0.052871240885929,0.0,0.0011287230863101,360.90564445011387,0.04986765120940145,True,False,False,False,False,False,False,False,True,h=1,100M<=p<500M,finite_zone,True,True,False,True,-0.04986765120940145,1.0,5.616726607343287e-09,1.0,18.997516796942538,0.05263845852532369,7.494482375283357e-05,0.05179603136895139,-5.351356933259305e-05,,pass
hexc_01263,1264,108592369,108592368,1,108592369,positive,negative,False,True,theta_local,17.503111695960275,-18.179761630960456,0.0531005040459354,0.0539675224819918,0.0,0.0008670184360563,342.3651424331819,0.05112410560130633,True,False,False,False,False,False,False,False,True,h=1,100M<=p<500M,finite_zone,True,True,False,True,-0.05112410560130633,1.0,9.208750202327752e-09,1.0,18.503111695960275,0.05404496370296066,9.596223320831875e-05,0.053440595688123205,-0.00034009164218780363,,pass
hexc_01264,1265,109588133,109588132,1,109588133,positive,negative,False,True,theta_local,17.512239651068523,-18.1888895860684,0.053074786883042,0.0544460077514335,0.0,0.0013712208683914,342.7030168985936,0.05110033699017719,True,False,False,False,False,False,False,False,True,h=1,100M<=p<500M,finite_zone,True,True,False,True,-0.05110033699017719,1.0,9.12507561379844e-09,1.0,18.512239651068523,0.05401831538747826,9.552526165260391e-05,0.05341014640498054,-0.00033535952193854135,,pass
hexc_01265,1266,40841069,40841068,1,40841069,positive,negative,False,True,theta_local,16.525198726236486,-17.201848661236454,0.0560078910517598,0.0577216447970325,1.4806222625315637e-15,0.0017137537452712,307.1325903940809,0.05380477110889812,True,False,False,False,False,False,False,False,True,h=1,1M<=p<100M,finite_zone,True,True,False,True,-0.05380477110889812,1.0,2.4485157330235406e-08,1.0,17.525198726236486,0.05706069389689304,0.00015647733807243593,0.05672763706082873,-0.0007197460090689264,,pass
hexc_01266,1267,604150829,604150828,1,604150829,positive,negative,True,False,theta_local,19.219334441612435,-19.89598437661334,0.0486666799419155,0.049805640280033,4.449348845697601e-15,0.001138960338113,408.82148526177485,0.047011556717245405,True,False,False,False,False,False,False,False,True,h=1,p>=500M,post_P0_tail,True,True,False,True,-0.047011556717245405,1.0,1.6552158037343353e-09,1.0,20.219334441612435,0.04945761211318352,4.068434347183613e-05,0.047762014525586594,0.0009046654163289078,,pass
hexc_01267,1268,109594687,109594686,1,109594687,positive,negative,False,True,theta_local,17.512299455025804,-18.18894939002621,0.053074618473077,0.0545606120733685,0.0,0.0014859936002914,342.7052311125487,0.051100181337105255,True,False,False,False,False,False,False,False,True,h=1,100M<=p<500M,finite_zone,True,True,False,True,-0.051100181337105255,1.0,9.124529914483902e-09,1.0,18.512299455025804,0.05401814088138659,9.552240530097587e-05,0.05340994692102097,-0.00033532844794396943,,pass
hexc_01268,1269,604160737,604160736,1,604160737,positive,negative,True,False,theta_local,19.219350841356142,-19.896000776354413,0.0486666411102962,0.0497996713554166,4.449341628042424e-15,0.0011330302451158,408.82214844584934,0.04701152057054425,True,False,False,False,False,False,False,False,True,h=1,p>=500M,post_P0_tail,True,True,False,True,-0.04701152057054425,1.0,1.6551886588419597e-09,1.0,20.219350841356142,0.049457571998534476,4.0684009866800985e-05,0.047761960584665974,0.0009046805256302248,,pass
hexc_01269,1270,109813801,109813800,1,109813801,positive,negative,False,True,theta_local,17.514296771308683,-18.19094670630875,0.0530689945764948,0.0550705480955389,0.0,0.002001553519044,342.7791849360911,0.051094983420811,True,False,False,False,False,False,False,False,True,h=1,100M<=p<500M,finite_zone,True,True,False,True,-0.051094983420811,1.0,9.10632353031838e-09,1.0,18.514296771308683,0.054012313422008254,9.542705869049083e-05,0.0534032846975212,-0.00033429012102640515,,pass
hexc_01270,1271,30982811,30982810,1,30982811,positive,negative,False,True,theta_local,16.24894312479542,-16.925593059795574,0.0568877706337781,0.059271953542285,0.0,0.0023841829085069,297.52603892242723,0.05461351612667402,True,False,False,False,False,False,False,False,True,h=1,1M<=p<100M,finite_zone,True,True,False,True,-0.05461351612667402,1.0,3.227596101593235e-08,1.0,17.24894312479542,0.05797456648590233,0.00017965511686543289,0.05766747765853486,-0.0007797070247567636,,pass
hexc_01271,1272,109682933,109682932,1,109682933,positive,negative,False,True,theta_local,17.5131043342904,-18.18975426929046,0.0530723520097902,0.0544393555110509,0.0,0.0013670035012606,342.735032092322,0.05109808655210046,True,False,False,False,False,False,False,False,True,h=1,100M<=p<500M,finite_zone,True,True,False,True,-0.05109808655210046,1.0,9.117188724338726e-09,1.0,18.5131043342904,0.05401579237836287,9.548397103356524e-05,0.05340726215526703,-0.00033491014547683273,,pass
hexc_01272,1273,109684063,109684062,1,109684063,positive,negative,False,True,theta_local,17.51311463666059,-18.189764571660817,0.0530723230005526,0.0544678837576993,0.0,0.0013955607571467,342.7354135501365,0.05109805974018121,True,False,False,False,False,False,False,False,True,h=1,100M<=p<500M,finite_zone,True,True,False,True,-0.05109805974018121,1.0,9.117094796169249e-09,1.0,18.51311463666059,0.05401576231909407,9.54834791792237e-05,0.0534072277907256,-0.0003349047901730004,,pass
hexc_01273,1274,33862223,33862222,1,33862223,positive,negative,False,True,theta_local,16.33781058520176,-17.014460520201737,0.0566017260994061,0.057251626550972,0.0,0.0006499004515658,300.59967588833416,0.05435072588458438,True,False,False,False,False,False,False,False,True,h=1,1M<=p<100M,finite_zone,True,True,False,True,-0.05435072588458438,1.0,2.953143389316171e-08,1.0,17.33781058520176,0.05767740944485368,0.0001718471236103814,0.05736448290378471,-0.0007627568043786087,,pass
hexc_01274,1275,1516681,1516680,1,1516681,positive,negative,False,True,theta_local,13.23203495276382,-13.908684887763911,0.0686676309852782,0.0696452439290524,0.0,0.0009776129437741,202.55081889669103,0.06532698818419828,True,False,False,False,False,False,False,False,True,h=1,1M<=p<100M,finite_zone,True,True,False,True,-0.06532698818419828,1.0,6.593344282680405e-07,1.0,14.232034952763819,0.07026402080370123,0.0008119941060549888,0.0686688658125707,-1.2348272925011283e-06,,pass
hexc_01275,1276,604849313,604849312,1,604849313,positive,negative,True,False,theta_local,19.220489915550687,-19.89713985055096,0.0486639441411852,0.050311318429549,0.0,0.0016473742883637,408.868212424887,0.04700901007089582,True,False,False,False,False,False,False,False,True,h=1,p>=500M,post_P0_tail,True,True,False,True,-0.04700901007089582,1.0,1.6533043495413542e-09,1.0,20.220489915550687,0.04945478592143033,4.06608454110506e-05,0.04775821402976299,0.0009057301114222122,,pass
hexc_01276,1277,604150787,604150786,1,604150787,positive,negative,True,False,theta_local,19.219334372093368,-19.895984307093386,0.048666680106522,0.0496766761936376,0.0,0.0010099960871155,408.82148245051627,0.047011556870472614,True,False,False,False,False,False,False,False,True,h=1,p>=500M,post_P0_tail,True,True,False,True,-0.047011556870472614,1.0,1.6552159188033964e-09,1.0,20.219334372093368,0.04945761228323101,4.068434488600494e-05,0.04776201475424413,0.0009046653522778725,,pass
hexc_01277,1278,152981,152980,1,152981,positive,negative,False,True,theta_local,10.938069009656688,-11.614718944656689,0.0814967959918256,0.0849231420569244,1.994261132125093e-16,0.0034263460650985,142.51749167932542,0.07674895818590555,True,False,False,False,False,False,False,False,True,h=1,100K<=p<1M,finite_zone,True,True,False,True,-0.07674895818590555,1.0,6.5367594668618975e-06,1.0,11.938069009656688,0.083765640757404,0.0025567087176410807,0.07954481825590443,0.0019519777359211787,,pass
hexc_01278,1279,7048673,7048672,1,7048673,positive,negative,False,True,theta_local,14.76834993012118,-15.44499986512119,0.0621177062169716,0.0645048251789462,0.0,0.0023871189619745,248.64085951875265,0.05939631144577564,True,False,False,False,False,False,False,False,True,h=1,1M<=p<100M,finite_zone,True,True,False,True,-0.05939631144577564,1.0,1.4187067551580275e-07,1.0,15.76834993012118,0.0634181765645478,0.0003766572387672946,0.06284389111260125,-0.0007261848956296446,,pass
hexc_01279,1280,109590289,109590288,1,109590289,positive,negative,False,True,theta_local,17.51225932453802,-18.188909259538377,0.0530747314817699,0.0551190930242849,0.0,0.0020443615425149,342.7037452989449,0.051100285785502145,True,False,False,False,False,False,False,False,True,h=1,100M<=p<500M,finite_zone,True,True,False,True,-0.051100285785502145,1.0,9.124896093667569e-09,1.0,18.51225932453802,0.05401825798078027,9.552432200056471e-05,0.05341008078152054,-0.00033534929975063965,,pass
hexc_01280,1281,108548681,108548680,1,108548681,positive,negative,False,True,theta_local,17.5027093031323,-18.179359238132747,0.0531016383236027,0.0536516899731995,0.0,0.0005500516495967,342.35025155621855,0.05112515391348593,True,False,False,False,False,False,False,False,True,h=1,100M<=p<500M,finite_zone,True,True,False,True,-0.05112515391348593,1.0,9.212456483004155e-09,1.0,18.5027093031323,0.054046139060873175,9.598154240792421e-05,0.053441938083121476,-0.0003402997595187765,,pass
hexc_01281,1282,604872803,604872802,1,604872803,positive,negative,True,False,theta_local,19.22052875091576,-19.897178685916515,0.048663852196535,0.0496609063716962,0.0,0.0009970541751611,408.8697829666108,0.04700892448314126,True,False,False,False,False,False,False,False,True,h=1,p>=500M,post_P0_tail,True,True,False,True,-0.04700892448314126,1.0,1.6532401441100998e-09,1.0,20.220528750915758,0.04945469093901471,4.06600558793283e-05,0.04775808629584,0.0009057659006950006,,pass
hexc_01282,1283,187509379,187509378,1,187509379,positive,negative,False,True,theta_local,18.04933942345705,-18.7259893584569,0.0516041859958314,0.0529500676287697,0.0,0.0013458816329382,362.8773324700749,0.04973950646240905,True,False,False,False,False,False,False,False,True,h=1,100M<=p<500M,finite_zone,True,True,False,True,-0.04973950646240905,1.0,5.333066566232935e-09,1.0,19.04933942345705,0.05249525864233466,7.30278478817015e-05,0.051624151290665665,-1.9965294834264902e-05,,pass
hexc_01283,1284,604150567,604150566,1,604150567,positive,negative,True,False,theta_local,19.2193340079458,-19.89598394294626,0.048666680968759,0.049787894958497,4.4493490365579086e-15,0.0011212139897334,408.82146772487357,0.04701155767309148,True,False,False,False,False,False,False,False,True,h=1,p>=500M,post_P0_tail,True,True,False,True,-0.04701155767309148,1.0,1.6552165215463581e-09,1.0,20.2193340079458,0.04945761317395616,4.068435229355824e-05,0.047762015951973824,0.0009046650167851764,,pass
hexc_01284,1285,30801559,30801558,1,30801559,positive,negative,False,True,theta_local,16.24307586354593,-16.919725798546096,0.056906757775625,0.0587082727437811,0.0,0.001801514968156,297.3236652360002,0.0546309552946383,True,False,False,False,False,False,False,False,True,h=1,1M<=p<100M,finite_zone,True,True,False,True,-0.0546309552946383,1.0,3.246588914541631e-08,1.0,17.24307586354593,0.057994293356565696,0.00018018293244759977,0.057687505374134807,-0.0007807475985098095,,pass
hexc_01285,1286,604365233,604365232,1,604365233,positive,negative,True,False,theta_local,19.21968926354487,-19.8963391985435,0.0486658398018838,0.0496823151673968,0.0,0.0010164753655129,408.83583391431165,0.04701077466603171,True,False,False,False,False,False,False,False,True,h=1,p>=500M,post_P0_tail,True,True,False,True,-0.04701077466603171,1.0,1.6546286010466125e-09,1.0,20.21968926354487,0.04945674421431155,4.067712626337574e-05,0.047760847470386114,0.0009049923314976838,,pass
hexc_01286,1287,179150141,179150140,1,179150141,positive,negative,False,True,theta_local,18.003734788764884,-18.68038472376429,0.051725880784484,0.0525817042568226,0.0,0.0008558234723385,361.14193592171273,0.04985224090028603,True,False,False,False,False,False,False,False,True,h=1,100M<=p<500M,finite_zone,True,True,False,True,-0.04985224090028603,1.0,5.581910203464478e-09,1.0,19.003734788764884,0.052621235305346695,7.47121824300728e-05,0.051775403610580195,-4.952282609619468e-05,,pass
hexc_01287,1288,604848941,604848940,1,604848941,positive,negative,True,False,theta_local,19.22048930052128,-19.897139235521536,0.0486639455973005,0.0501959749673639,0.0,0.0015320293700633,408.86818755249556,0.047009011426337774,True,False,False,False,False,False,False,False,True,h=1,p>=500M,post_P0_tail,True,True,False,True,-0.047009011426337774,1.0,1.6533053663724608e-09,1.0,20.22048930052128,0.04945478742565444,4.066085791486034e-05,0.047758216052664615,0.000905729544635886,,pass
hexc_01288,1289,179433659,179433658,1,179433659,positive,negative,False,True,theta_local,18.00531610983449,-18.68196604483456,0.0517216514678305,0.0536015516780141,0.0,0.0018799002101835,361.2020404347345,0.04984832335986725,True,False,False,False,False,False,False,False,True,h=1,100M<=p<500M,finite_zone,True,True,False,True,-0.04984832335986725,1.0,5.573090386570114e-09,1.0,19.005316109834492,0.052616857000475775,7.46531338027421e-05,0.05177015788662298,-4.8506418792483574e-05,,pass
hexc_01289,1290,7112603,7112602,1,7112603,positive,negative,False,True,theta_local,14.77737883885844,-15.454028773858454,0.0620829019571885,0.0644944161361092,0.0,0.0024115141789206,248.92568302485807,0.05936462103584044,True,False,False,False,False,False,False,False,True,h=1,1M<=p<100M,finite_zone,True,True,False,True,-0.05936462103584044,1.0,1.4059550350272607e-07,1.0,15.77737883885844,0.06338188429228048,0.0003749606692744268,0.06281136235152673,-0.0007284603943382359,,pass
hexc_01290,1291,179403041,179403040,1,179403041,positive,negative,False,True,theta_local,18.005145458392903,-18.68179539339235,0.0517221078497552,0.0532051415742351,0.0,0.0014830337244798,361.1955538946725,0.04984874609958058,True,False,False,False,False,False,False,False,True,h=1,100M<=p<500M,finite_zone,True,True,False,True,-0.04984874609958058,1.0,5.574041523632813e-09,1.0,19.005145458392906,0.0526173294589749,7.465950390695623e-05,0.05177072398557958,-4.8616135824380846e-05,,pass
hexc_01291,1292,33903361,33903360,1,33903361,positive,negative,False,True,theta_local,16.339024711978958,-17.015674646979278,0.0565978380060507,0.0580245314114383,0.0,0.0014266934053875,300.64177796261697,0.054347153022793186,True,False,False,False,False,False,False,False,True,h=1,1M<=p<100M,finite_zone,True,True,False,True,-0.054347153022793186,1.0,2.949560074589655e-08,1.0,17.339024711978958,0.057673370712087,0.00017174283317185772,0.057360347812787316,-0.0007625098067366165,,pass
hexc_01292,1293,604863731,604863730,1,604863731,positive,negative,True,False,theta_local,19.220513752608696,-19.89716368760856,0.0486638877057269,0.0499184438155427,0.0,0.0012545561098157,408.8691764194374,0.04700895753729154,True,False,False,False,False,False,False,False,True,h=1,p>=500M,post_P0_tail,True,True,False,True,-0.04700895753729154,1.0,1.6532649400993758e-09,1.0,20.220513752608696,0.04945472762139823,4.066036079647321e-05,0.0477581356269714,0.0009057520787555048,,pass
hexc_01293,1294,3439283,3439282,1,3439283,positive,negative,False,True,theta_local,14.050773577392423,-14.72742351239242,0.0650143359808806,0.0679278337612325,0.0,0.0029134977803518,226.52578527793392,0.06202725910497538,True,False,False,False,False,False,False,False,True,h=1,1M<=p<100M,finite_zone,True,True,False,True,-0.06202725910497538,1.0,2.9075827723394673e-07,1.0,15.050773577392423,0.06644176758476304,0.0005392200638273271,0.06548373480904868,-0.00046939882816807166,,pass
hexc_01294,1295,179471219,179471218,1,179471219,positive,negative,False,True,theta_local,18.005525413203934,-18.6821753482036,0.0517210917280577,0.0526245268308028,0.0,0.000903435102745,361.2099962319406,0.049847804880909785,True,False,False,False,False,False,False,False,True,h=1,100M<=p<500M,finite_zone,True,True,False,True,-0.049847804880909785,1.0,5.571924042038183e-09,1.0,19.005525413203934,0.052616277543437874,7.464532163530533e-05,0.0517694635696051,-4.837184154739965e-05,,pass
hexc_01295,1296,178913221,178913220,1,178913221,positive,negative,False,True,theta_local,18.002411447369376,-18.679061382369586,0.0517294206540039,0.0522538393662541,0.0,0.0005244187122501,361.0916408151147,0.049855519797499075,True,False,False,False,False,False,False,False,True,h=1,100M<=p<500M,finite_zone,True,True,False,True,-0.049855519797499075,1.0,5.5893018660705906e-09,1.0,19.002411447369376,0.05262489988545303,7.476163365035967e-05,0.05177979359943796,-5.037294543406429e-05,,pass
hexc_01296,1297,187418041,187418040,1,187418041,positive,negative,False,True,theta_local,18.04885219314561,-18.72550212814531,0.0516054831319868,0.0529970796372931,0.0,0.0013915965053063,362.8587698763083,0.04974070820803951,True,False,False,False,False,False,False,False,True,h=1,100M<=p<500M,finite_zone,True,True,False,True,-0.04974070820803951,1.0,5.335665631037089e-09,1.0,19.04885219314561,0.05249660136267067,7.304564073945199e-05,0.051625766889431324,-2.028375744452665e-05,,pass
hexc_01297,1298,179403503,179403502,1,179403503,positive,negative,False,True,theta_local,18.00514803359677,-18.681797968596584,0.0517221009626963,0.0521564528207961,0.0,0.0004343518580997,361.19565177892736,0.049848739720202845,True,False,False,False,False,False,False,False,True,h=1,100M<=p<500M,finite_zone,True,True,False,True,-0.049848739720202845,1.0,5.574027169358003e-09,1.0,19.005148033596775,0.05261732232930928,7.46594077752965e-05,0.05177071544289524,-4.861448019894549e-05,,pass
hexc_01298,1299,604872721,604872720,1,604872721,positive,negative,True,False,theta_local,19.22052861535005,-19.89717855035088,0.0486638525174931,0.0495427167337329,0.0,0.0008788642162397,408.8697774841904,0.04700892478190869,True,False,False,False,False,False,False,False,True,h=1,p>=500M,post_P0_tail,True,True,False,True,-0.04700892478190869,1.0,1.653240368232774e-09,1.0,20.220528615350055,0.049454691270576764,4.0660058635382886e-05,0.0477580867417311,0.0009057657757619991,,pass
hexc_01299,1300,179147951,179147950,1,179147951,positive,negative,False,True,theta_local,18.00372256430682,-18.68037249930694,0.0517259134820602,0.0520211942136487,0.0,0.0002952807315884,361.1414713011442,0.04985227118735998,True,False,False,False,False,False,False,False,True,h=1,100M<=p<500M,finite_zone,True,True,False,True,-0.04985227118735998,1.0,5.581978439708752e-09,1.0,19.00372256430682,0.05262126915482446,7.47126390894389e-05,0.05177544416314839,-4.953068108818487e-05,,pass
hexc_01300,1301,109707979,109707978,1,109707979,positive,negative,False,True,theta_local,17.5133326573315,-18.189982592331944,0.0530717091091039,0.054225219869463,0.0,0.001153510760359,342.743486081017,0.05109749234794132,True,False,False,False,False,False,False,False,True,h=1,100M<=p<500M,finite_zone,True,True,False,True,-0.05109749234794132,1.0,9.115107297710771e-09,1.0,18.5133326573315,0.054015126207111505,9.547307106043447e-05,0.05340650056298091,-0.0003347914538770064,,pass
hexc_01301,1302,179412287,179412286,1,179412287,positive,negative,False,True,theta_local,18.00519699465282,-18.68184692965224,0.0517219700228363,0.0527055774267524,0.0,0.000983607403916,361.1975128055606,0.04984861843261184,True,False,False,False,False,False,False,False,True,h=1,100M<=p<500M,finite_zone,True,True,False,True,-0.04984861843261184,1.0,5.573754265782254e-09,1.0,19.00519699465282,0.052617186776930204,7.465758009594373e-05,0.05177055302517286,-4.858300233655938e-05,,pass
hexc_01302,1303,30336851,30336850,1,30336851,positive,negative,False,True,theta_local,16.227873736122326,-16.904523671122206,0.0569560126257962,0.0592436076200475,0.0,0.0022875949942512,296.79963346777345,0.054676191970042816,True,False,False,False,False,False,False,False,True,h=1,1M<=p<100M,finite_zone,True,True,False,True,-0.054676191970042816,1.0,3.2963210321334935e-08,1.0,17.227873736122326,0.05804546836811687,0.00018155773275003995,0.05773941100816393,-0.0007833983823677323,,pass
hexc_01303,1304,604157051,604157050,1,604157051,positive,negative,True,False,theta_local,19.21934474031213,-19.89599467531116,0.0486666555564543,0.0505596791837698,4.449344313157447e-15,0.0018930236273109,408.821901727588,0.047011534017858556,True,False,False,False,False,False,False,False,True,h=1,p>=500M,post_P0_tail,True,True,False,True,-0.047011534017858556,1.0,1.6551987572516141e-09,1.0,20.219344740312135,0.049457586922006386,4.0684133974457585e-05,0.04776198065180415,0.0009046749046501545,,pass
hexc_01304,1305,33840967,33840966,1,33840967,positive,negative,False,True,theta_local,16.337182667944138,-17.01383260294415,0.0566037371375718,0.0584477315502231,1.5129101193302162e-15,0.0018439944126497,300.5779028616626,0.05435257386655975,True,False,False,False,False,False,False,False,True,h=1,1M<=p<100M,finite_zone,True,True,False,True,-0.05435257386655975,1.0,2.9549983013192265e-08,1.0,17.337182667944138,0.05767949840252685,0.0001719010849680486,0.057366621520438255,-0.0007628843828664522,,pass
hexc_01305,1306,3281351,3281350,1,3281351,positive,negative,False,True,theta_local,14.003765785800727,-14.680415720800738,0.0652135439505042,0.0683376306427934,0.0,0.0031240866922891,225.11298775516457,0.06220772033389464,True,False,False,False,False,False,False,False,True,h=1,1M<=p<100M,finite_zone,True,True,False,True,-0.06220772033389464,1.0,3.0475252418896974e-07,1.0,15.003765785800729,0.0666499340416511,0.000552043951319974,0.06566096745743732,-0.00044742350693312283,,pass
hexc_01306,1307,604693021,604693020,1,604693021,positive,negative,True,False,theta_local,19.22023148391672,-19.89688141891565,0.0486645559997288,0.0498401401261492,4.448954076170748e-15,0.0011755841264158,408.85776126317666,0.04700957962626248,True,False,False,False,False,False,False,False,True,h=1,p>=500M,post_P0_tail,True,True,False,True,-0.04700957962626248,1.0,1.6537316709001673e-09,1.0,20.220231483916713,0.04945541799535805,4.066609977487597e-05,0.047759064041342114,0.0009054919583866838,,pass
hexc_01307,1308,30786757,30786756,1,30786757,positive,negative,False,True,theta_local,16.24259518794879,-16.919245122948723,0.0569083138594443,0.0583182528591598,3.0591086993469265e-15,0.0014099389997124,297.3070888154748,0.05463238449060272,True,False,False,False,False,False,False,False,True,h=1,1M<=p<100M,finite_zone,True,True,False,True,-0.05463238449060272,1.0,3.248149845727499e-08,1.0,17.24259518794879,0.057995910076165384,0.0001802262424212273,0.05768914627508481,-0.0007808324156405103,,pass
hexc_01308,1309,3279763,3279762,1,3279763,positive,negative,False,True,theta_local,14.003281721652169,-14.67993165665223,0.0652156016477349,0.0663858194344287,0.0,0.0011702177866937,225.09846241926206,0.062209584068904256,True,False,False,False,False,False,False,False,True,h=1,1M<=p<100M,finite_zone,True,True,False,True,-0.062209584068904256,1.0,3.049000796703908e-07,1.0,15.003281721652169,0.06665208442742482,0.0005521775798331464,0.0656627956375464,-0.00044719398981149516,,pass
hexc_01309,1310,30788371,30788370,1,30788371,positive,negative,False,True,theta_local,16.242647611713153,-16.919297546713096,0.0569081441446541,0.0595914878654254,1.5295450489121512e-15,0.0026833437207697,297.3088966617173,0.05463222861505652,True,False,False,False,False,False,False,False,True,h=1,1M<=p<100M,finite_zone,True,True,False,True,-0.05463222861505652,1.0,3.2479795699486665e-08,1.0,17.242647611713153,0.05799573374802876,0.000180221518414108,0.05768896731309048,-0.0007808231684363759,,pass
hexc_01310,1311,179156687,179156686,1,179156687,positive,negative,False,True,theta_local,18.003771327281537,-18.680421262281925,0.0517257830527228,0.0535436359751333,0.0,0.0018178529224104,361.1433246596079,0.049852150373403174,True,False,False,False,False,False,False,False,True,h=1,100M<=p<500M,finite_zone,True,True,False,True,-0.049852150373403174,1.0,5.581706252471615e-09,1.0,19.003771327281537,0.05262113413059304,7.471081750638e-05,0.05177528240027218,-4.9499347549379624e-05,,pass
hexc_01311,1312,108530111,108530110,1,108530111,positive,negative,False,True,theta_local,17.50253821318036,-18.1791881481804,0.053102120612062,0.0541566545571068,0.0,0.0010545339450447,342.3439203301994,0.05112559964931966,True,False,False,False,False,False,False,False,True,h=1,100M<=p<500M,finite_zone,True,True,False,True,-0.05112559964931966,1.0,9.214032776581238e-09,1.0,18.502538213180358,0.054046638816702776,9.598975349786685e-05,0.0534425088466266,-0.0003403882345646009,,pass
hexc_01312,1313,604814333,604814332,1,604814333,positive,negative,True,False,theta_local,19.220432081292174,-19.897082016292188,0.0486640810673015,0.0503872665449815,0.0,0.0017231854776799,408.86587355414974,0.04700913753015056,True,False,False,False,False,False,False,False,True,h=1,p>=500M,post_P0_tail,True,True,False,True,-0.04700913753015056,1.0,1.6533999699375511e-09,1.0,20.220432081292174,0.049454927371467707,4.0662021222973545e-05,0.04775840425324662,0.0009056768140548802,,pass
hexc_01313,1314,33925037,33925036,1,33925037,positive,negative,False,True,theta_local,16.33966385432573,-17.016313789325523,0.0565957914449308,0.0578964651790368,0.0,0.0013006737341059,300.6639425810103,0.054345272379720776,True,False,False,False,False,False,False,False,True,h=1,1M<=p<100M,finite_zone,True,True,False,True,-0.054345272379720776,1.0,2.9476754881652746e-08,1.0,17.33966385432573,0.057671244863869126,0.0001716879578818874,0.05735817106013941,-0.0007623796152086068,,pass
hexc_01314,1315,22052803,22052802,1,22052803,positive,negative,False,True,theta_local,15.908950271959448,-16.585600206959043,0.0580093365860368,0.0601179768373061,0.0,0.0021086402512692,285.9125992995975,0.0556427044870766,True,False,False,False,False,False,False,False,True,h=1,1M<=p<100M,finite_zone,True,True,False,True,-0.0556427044870766,1.0,4.534570956807622e-08,1.0,16.908950271959448,0.059140276830686886,0.00021294532060619744,0.05883315749643492,-0.0008238209103981209,,pass
hexc_01315,1316,39692819,39692818,1,39692819,positive,negative,False,True,theta_local,16.496680847684278,-17.173330782683934,0.0560974596739017,0.0573527406205413,0.0,0.0012552809466395,306.1338406857218,0.05388715213820427,True,False,False,False,False,False,False,False,True,h=1,1M<=p<100M,finite_zone,True,True,False,True,-0.05388715213820427,1.0,2.519347391274981e-08,1.0,17.496680847684278,0.057153697247232585,0.0001587245220901604,0.056824384038854925,-0.0007269243649532242,,pass
hexc_01316,1317,187422727,187422726,1,187422727,positive,negative,False,True,theta_local,18.048877195762188,-18.7255271307622,0.0516054165668123,0.0529843065624039,0.0,0.0013788899955915,362.8597224192287,0.04974064653808416,True,False,False,False,False,False,False,False,True,h=1,100M<=p<500M,finite_zone,True,True,False,True,-0.04974064653808416,1.0,5.335532227102853e-09,1.0,19.048877195762188,0.05249653245822124,7.304472757908577e-05,0.05162568398349521,-2.0267416682907824e-05,,pass
hexc_01317,1318,604692973,604692972,1,604692973,positive,negative,True,False,theta_local,19.22023140453759,-19.896881339536776,0.0486645561876686,0.0494478777454631,4.448954111101513e-15,0.00078332155779,408.85775805304814,0.04700957980120758,True,False,False,False,False,False,False,False,True,h=1,p>=500M,post_P0_tail,True,True,False,True,-0.04700957980120758,1.0,1.6537318021719428e-09,1.0,20.22023140453759,0.04945541818950656,4.066610138889568e-05,0.04775906430242971,0.0009054918852388905,,pass
hexc_01318,1319,604141757,604141756,1,604141757,positive,negative,True,False,theta_local,19.21931942538192,-19.89596936038288,0.048666715497675,0.0503036784341892,0.0,0.0016369629365141,408.8208780256266,0.04701158981459154,True,False,False,False,False,False,False,False,True,h=1,p>=500M,post_P0_tail,True,True,False,True,-0.04701158981459154,1.0,1.6552406590230114e-09,1.0,20.21931942538192,0.049457648843742485,4.068464893572281e-05,0.047762063915953945,0.0009046515817210526,,pass
hexc_01319,1320,179378609,179378608,1,179378609,positive,negative,False,True,theta_local,18.005009264136387,-18.681659199136448,0.0517224720868385,0.0526234060396044,0.0,0.0009009339527658,361.1903771299099,0.04984908348668574,True,False,False,False,False,False,False,False,True,h=1,100M<=p<500M,finite_zone,True,True,False,True,-0.04984908348668574,1.0,5.574800727772396e-09,1.0,19.005009264136387,0.052617706526829275,7.466458817787984e-05,0.051771175781011314,-4.8703694172813616e-05,,pass
hexc_01320,1321,30784867,30784866,1,30784867,positive,negative,False,True,theta_local,16.242533796032262,-16.919183731032263,0.056908512608691,0.0572404470284414,1.5295652416271913e-15,0.0003319344197488,297.30497170731473,0.054632567032960384,True,False,False,False,False,False,False,False,True,h=1,1M<=p<100M,finite_zone,True,True,False,True,-0.054632567032960384,1.0,3.248349261992914e-08,1.0,17.242533796032262,0.05799611657018259,0.00018023177472335208,0.05768935585246915,-0.0007808432437781468,,pass
hexc_01321,1322,30981373,30981372,1,30981373,positive,negative,False,True,theta_local,16.24889671088637,-16.925546645886243,0.0568879207849013,0.0585806801571067,1.5284369725606788e-15,0.0016927593722037,297.52443774282665,0.05461365403850136,True,False,False,False,False,False,False,False,True,h=1,1M<=p<100M,finite_zone,True,True,False,True,-0.05461365403850136,1.0,3.2277459104217236e-08,1.0,17.24889671088637,0.05797472248580778,0.00017965928616193828,0.057667636079521856,-0.0007797152946205574,,pass
hexc_01322,1323,109814591,109814590,1,109814591,positive,negative,False,True,theta_local,17.5143039652784,-18.190953900278146,0.0530689743223955,0.0549911817700453,0.0,0.0019222074476497,342.77945131872326,0.05109496470076687,True,False,False,False,False,False,False,False,True,h=1,100M<=p<500M,finite_zone,True,True,False,True,-0.05109496470076687,1.0,9.106258019938352e-09,1.0,18.514303965278394,0.05401229243483274,9.542671544142318e-05,0.05340326070171164,-0.0003342863793161441,,pass
hexc_01323,1324,108830327,108830326,1,108830327,positive,negative,False,True,theta_local,17.505300594353937,-18.181950529353344,0.0530943347580724,0.0538629340791559,0.0,0.0007685993210834,342.4461500873962,0.051118403842140975,True,False,False,False,False,False,False,False,True,h=1,100M<=p<500M,finite_zone,True,True,False,True,-0.051118403842140975,1.0,9.188615228547462e-09,1.0,18.505300594353937,0.05403857099760407,9.58572648709917e-05,0.053433293576335084,-0.00033895881826268015,,pass
hexc_01324,1325,76024181,76024180,1,76024181,positive,negative,False,True,theta_local,17.14656201869756,-17.823211953696955,0.0541249187125969,0.0558149218049393,0.0,0.0016900030923424,329.29771309843693,0.05207009139954743,True,False,False,False,False,False,False,False,True,h=1,1M<=p<100M,finite_zone,True,True,False,True,-0.05207009139954743,1.0,1.315370960721037e-08,1.0,18.146562018697562,0.05510685709886182,0.00011468962292731791,0.05463296323315392,-0.0005080445205570203,,pass
hexc_01325,1326,108548647,108548646,1,108548647,positive,negative,False,True,theta_local,17.50270898990873,-18.17935892490914,0.053101639206546,0.0538273325308029,0.0,0.0007256933242568,342.35023996524933,0.0511251547295114,True,False,False,False,False,False,False,False,True,h=1,100M<=p<500M,finite_zone,True,True,False,True,-0.0511251547295114,1.0,9.212459368563111e-09,1.0,18.50270898990873,0.054046139975794584,9.598155743976606e-05,0.05344193912804762,-0.0003402999215016203,,pass
hexc_01326,1327,604811069,604811068,1,604811069,positive,negative,True,False,theta_local,19.220426684580108,-19.89707661957982,0.0486640938443833,0.0499183874873,0.0,0.0012542936429166,408.8656553064793,0.04700914942384382,True,False,False,False,False,False,False,False,True,h=1,p>=500M,post_P0_tail,True,True,False,True,-0.04700914942384382,1.0,1.653408892885193e-09,1.0,20.220426684580108,0.04945494057069477,4.066213094373182e-05,0.04775842200365199,0.0009056718407313077,,pass
hexc_01327,1328,604872761,604872760,1,604872761,positive,negative,True,False,theta_local,19.220528681479667,-19.897178616480232,0.0486638523609276,0.0494935673334156,0.0,0.0008297149724879,408.86978015854186,0.04700892463616848,True,False,False,False,False,False,False,False,True,h=1,p>=500M,post_P0_tail,True,True,False,True,-0.04700892463616848,1.0,1.6532402589046326e-09,1.0,20.220528681479667,0.049454691108839176,4.0660057290965944e-05,0.04775808652422331,0.000905765836704292,,pass
hexc_01328,1329,604435823,604435822,1,604435823,positive,negative,True,False,theta_local,19.219806056957204,-19.896455991958646,0.0486655632672105,0.049709562660962,0.0,0.0010439993937514,408.84055698096324,0.047010517251232814,True,False,False,False,False,False,False,False,True,h=1,p>=500M,post_P0_tail,True,True,False,True,-0.047010517251232814,1.0,1.6544353626108624e-09,1.0,20.219806056957204,0.049456458542831636,4.067475092254238e-05,0.04776046332219175,0.0009050999450187502,,pass
hexc_01329,1330,109707929,109707928,1,109707929,positive,negative,False,True,theta_local,17.51333220157603,-18.189982136575964,0.0530717103923805,0.0545746808720723,0.0,0.0015029704796917,342.743469205912,0.05109749353401813,True,False,False,False,False,False,False,False,True,h=1,100M<=p<500M,finite_zone,True,True,False,True,-0.05109749353401813,1.0,9.115111451971717e-09,1.0,18.51333220157603,0.054015127536839125,9.547309281662408e-05,0.05340650208319242,-0.0003347916908119225,,pass
hexc_01330,1331,30820781,30820780,1,30820781,positive,negative,False,True,theta_local,16.24369972822304,-16.920349663223078,0.0569047382748141,0.0585632845316376,0.0,0.0016585462568235,297.3451803171193,0.054629100464648854,True,False,False,False,False,False,False,False,True,h=1,1M<=p<100M,finite_zone,True,True,False,True,-0.054629100464648854,1.0,3.244564114063171e-08,1.0,17.24369972822304,0.05799219516466551,0.00018012673632926266,0.0576853756923581,-0.0007806374175440001,,pass
hexc_01331,1332,179472173,179472172,1,179472173,positive,negative,False,True,theta_local,18.00553072880534,-18.68218066380541,0.0517210775127095,0.0527462500459147,0.0,0.0010251725332051,361.210198283564,0.04984779171342859,True,False,False,False,False,False,False,False,True,h=1,100M<=p<500M,finite_zone,True,True,False,True,-0.04984779171342859,1.0,5.571894423989618e-09,1.0,19.00553072880534,0.052616262827344815,7.464512324318058e-05,0.05176944593630739,-4.8368423597892896e-05,,pass
hexc_01332,1333,179436143,179436142,1,179436143,positive,negative,False,True,theta_local,18.005329953295192,-18.681979888295245,0.0517216144459046,0.052928728109095,0.0,0.0012071136631903,361.2025666336194,0.049848289067000555,True,False,False,False,False,False,False,False,True,h=1,100M<=p<500M,finite_zone,True,True,False,True,-0.049848289067000555,1.0,5.57301323624639e-09,1.0,19.005329953295192,0.05261681867441704,7.465261707566849e-05,0.05177011196400105,-4.849751809645614e-05,,pass
hexc_01333,1334,109670909,109670908,1,109670909,positive,negative,False,True,theta_local,17.512994703203912,-18.1896446382043,0.0530726607090967,0.0547446275199418,0.0,0.001671966810845,342.7309728808561,0.05109837186874841,True,False,False,False,False,False,False,False,True,h=1,100M<=p<500M,finite_zone,True,True,False,True,-0.05109837186874841,1.0,9.11818830643594e-09,1.0,18.512994703203912,0.05401611225151688,9.548920518276366e-05,0.053407627840523775,-0.00033496713142707607,,pass
hexc_01334,1335,179142281,179142280,1,179142281,positive,negative,False,True,theta_local,18.0036909139882,-18.68034084898773,0.0517259981394712,0.0529566148345837,0.0,0.0012306166951124,361.14026835439773,0.04985234960372971,True,False,False,False,False,False,False,False,True,h=1,100M<=p<500M,finite_zone,True,True,False,True,-0.04985234960372971,1.0,5.582155113900777e-09,1.0,19.0036909139882,0.05262135679463834,7.471382143821033e-05,0.051775549157738965,-4.9551018267764146e-05,,pass
hexc_01335,1336,40869427,40869426,1,40869427,positive,negative,False,True,theta_local,16.525892835378563,-17.202542770378386,0.0560057145658919,0.0564929886994933,1.480504985414003e-15,0.0004872741335998,307.1569196771737,0.053802769127739375,True,False,False,False,False,False,False,False,True,h=1,1M<=p<100M,finite_zone,True,True,False,True,-0.053802769127739375,1.0,2.446816785564427e-08,1.0,17.525892835378563,0.057058434020625444,0.00015642304131950724,0.05672528303838131,-0.0007195684724894125,,pass
hexc_01336,1337,109814087,109814086,1,109814087,positive,negative,False,True,theta_local,17.514299375713826,-18.190949310713226,0.0530689872439779,0.0541177557023,0.0,0.001048768458322,342.77928137355724,0.05109497664366396,True,False,False,False,False,False,False,False,True,h=1,100M<=p<500M,finite_zone,True,True,False,True,-0.05109497664366396,1.0,9.10629981379347e-09,1.0,18.514299375713822,0.05401230582410007,9.542693442521074e-05,0.053403276010410394,-0.0003342887664324959,,pass
hexc_01337,1338,604693499,604693498,1,604693499,positive,negative,True,False,theta_local,19.22023227440014,-19.896882209399337,0.0486645541281703,0.0494467000853943,4.448953728318721e-15,0.0007821459572195,408.857793230693,0.047009577884101525,True,False,False,False,False,False,False,False,True,h=1,p>=500M,post_P0_tail,True,True,False,True,-0.047009577884101525,1.0,1.6537303636532068e-09,1.0,20.22023227440014,0.04945541606196343,4.06660837019402e-05,0.047759061441349226,0.000905492686821073,,pass
hexc_01338,1339,604724507,604724506,1,604724507,positive,negative,True,False,theta_local,19.220283551956538,-19.896933486956183,0.0486644327230463,0.0494887973511942,0.0,0.0008243646281478,408.8598669215241,0.04700946487282805,True,False,False,False,False,False,False,False,True,h=1,p>=500M,post_P0_tail,True,True,False,True,-0.04700946487282805,1.0,1.6536455665753266e-09,1.0,20.220283551956538,0.04945529064567637,4.066504108660566e-05,0.04775889278344314,0.000905539939603156,,pass
hexc_01339,1340,179470367,179470366,1,179470367,positive,negative,False,True,theta_local,18.00552066591338,-18.6821706009132,0.0517211044235978,0.0527362003664106,0.0,0.0010150959428127,361.20981578246057,0.04984781664061213,True,False,False,False,False,False,False,False,True,h=1,100M<=p<500M,finite_zone,True,True,False,True,-0.04984781664061213,1.0,5.571950493643332e-09,1.0,19.00552066591338,0.05261629068618528,7.46454988170307e-05,0.05176947931766196,-4.8374894064159846e-05,,pass
hexc_01340,1341,109670989,109670988,1,109670989,positive,negative,False,True,theta_local,17.51299543265871,-18.18964536765816,0.0530726586550826,0.0541830118855111,0.0,0.0011103532304284,342.7309998896422,0.051098369970320204,True,False,False,False,False,False,False,False,True,h=1,100M<=p<500M,finite_zone,True,True,False,True,-0.051098369970320204,1.0,9.118181655132151e-09,1.0,18.51299543265871,0.05401611012315725,9.548917035524055e-05,0.05340762540735389,-0.00033496675227128597,,pass
hexc_01341,1342,178013933,178013932,1,178013933,positive,negative,False,True,theta_local,17.99737238047391,-18.67402231547385,0.0517429043310795,0.05302054803335,0.0,0.0012776437022704,360.9001573623929,0.049868009235590594,True,False,False,False,False,False,False,False,True,h=1,100M<=p<500M,finite_zone,True,True,False,True,-0.049868009235590594,1.0,5.617537813739557e-09,1.0,18.99737238047391,0.05263885867857342,7.49502355816148e-05,0.051796510475493385,-5.360614441388134e-05,,pass
hexc_01342,1343,108546583,108546582,1,108546583,positive,negative,False,True,theta_local,17.50268997521181,-18.17933991021164,0.0531016928069755,0.0543539863466006,0.0,0.001252293539625,342.3495363188038,0.051125204267584864,True,False,False,False,False,False,False,False,True,h=1,100M<=p<500M,finite_zone,True,True,False,True,-0.051125204267584864,1.0,9.212634542351277e-09,1.0,18.502689975211815,0.05404619551750081,9.598246997421601e-05,0.05344200256184006,-0.00034030975486456366,,pass
hexc_01343,1344,12783679,12783678,1,12783679,positive,negative,False,True,theta_local,15.363679837161056,-16.040329772161158,0.0599033823994306,0.0616775499862131,0.0,0.0017741675867824,267.7700178131112,0.05737640069876704,True,False,False,False,False,False,False,False,True,h=1,1M<=p<100M,finite_zone,True,True,False,True,-0.05737640069876704,1.0,7.822474265819723e-08,1.0,16.363679837161055,0.06111094875671257,0.00027968686536588953,0.060728178686751066,-0.0008247962873204687,,pass
hexc_01344,1345,604872871,604872870,1,604872871,positive,negative,True,False,theta_local,19.22052886333608,-19.89717879833552,0.0486638519303716,0.0498183210010096,4.4488232173133786e-15,0.0011544690706335,408.86978751300757,0.04700892423538291,True,False,False,False,False,False,False,False,True,h=1,p>=500M,post_P0_tail,True,True,False,True,-0.04700892423538291,1.0,1.6532399582523185e-09,1.0,20.22052886333608,0.04945469066406086,4.066005359382005e-05,0.04775808592607689,0.0009057660042947127,,pass
hexc_01345,1346,604829737,604829736,1,604829737,positive,negative,True,False,theta_local,19.22045754994098,-19.897107484941444,0.0486640207686359,0.049331855490779,0.0,0.000667834722143,408.8669035289652,0.04700908140044491,True,False,False,False,False,False,False,False,True,h=1,p>=500M,post_P0_tail,True,True,False,True,-0.04700908140044491,1.0,1.6533578606106135e-09,1.0,20.22045754994098,0.04945486508058364,4.0661503422901296e-05,0.04775832048394446,0.0009057002846914394,,pass
hexc_01346,1347,31019041,31019040,1,31019041,positive,negative,False,True,theta_local,16.25011179969641,-16.926761734696356,0.056883990178005,0.0577898285461326,0.0,0.0009058383681275,297.5663571020253,0.054610043816629456,True,False,False,False,False,False,False,False,True,h=1,1M<=p<100M,finite_zone,True,True,False,True,-0.054610043816629456,1.0,3.2238262943074226e-08,1.0,17.25011179969641,0.057970638776822264,0.00017955016831814507,0.057663488771533045,-0.0007794985935280427,,pass
hexc_01347,1348,108547721,108547720,1,108547721,positive,negative,False,True,theta_local,17.502700459134967,-18.179350394134417,0.0531016632538841,0.0547403112391326,0.0,0.0016386479852484,342.3499242804733,0.05112517695431333,True,False,False,False,False,False,False,False,True,h=1,100M<=p<500M,finite_zone,True,True,False,True,-0.05112517695431333,1.0,9.212537958304993e-09,1.0,18.502700459134967,0.054046164894070374,9.59819668391151e-05,0.053441967587049666,-0.0003403043331655642,,pass
hexc_01348,1349,179471077,179471076,1,179471077,positive,negative,False,True,theta_local,18.005524621990407,-18.682174556990503,0.0517210938439776,0.053549907961841,0.0,0.0018288141178633,361.2099661570836,0.04984780684085592,True,False,False,False,False,False,False,False,True,h=1,100M<=p<500M,finite_zone,True,True,False,True,-0.04984780684085592,1.0,5.5719284506216e-09,1.0,19.005524621990407,0.052616279733890985,7.464535116550529e-05,0.051769466194276026,-4.837235029842707e-05,,pass
hexc_01349,1350,187494557,187494556,1,187494557,positive,negative,False,True,theta_local,18.049260373620047,-18.72591030862077,0.0516043964430098,0.0521716934346017,0.0,0.0005672969915918,362.874320781971,0.04973970143361218,True,False,False,False,False,False,False,False,True,h=1,100M<=p<500M,finite_zone,True,True,False,True,-0.04973970143361218,1.0,5.333488160938987e-09,1.0,19.049260373620047,0.05249547648499929,7.303073435848079e-05,0.05162441341017776,-2.0016967167961475e-05,,pass
hexc_01350,1351,108810833,108810832,1,108810833,positive,negative,False,True,theta_local,17.505121455444257,-18.181771390444737,0.0530948395972453,0.0544069612487653,0.0,0.0013121216515199,342.43952008074336,0.05111887042510966,True,False,False,False,False,False,False,False,True,h=1,100M<=p<500M,finite_zone,True,True,False,True,-0.05111887042510966,1.0,9.190261414504565e-09,1.0,18.505121455444257,0.0540390941182284,9.586585113847665e-05,0.05343389117167874,-0.00033905157443343825,,pass
hexc_01351,1352,604365313,604365312,1,604365313,positive,negative,True,False,theta_local,19.21968939591515,-19.896339330915,0.0486658394884686,0.050155433312829,0.0,0.0014895938243603,408.8358392672836,0.047010774374283616,True,False,False,False,False,False,False,False,True,h=1,p>=500M,post_P0_tail,True,True,False,True,-0.047010774374283616,1.0,1.6546283820229768e-09,1.0,20.21968939591515,0.04945674389053787,4.067712357115455e-05,0.04776084703500372,0.000904992453464884,,pass
hexc_01352,1353,178014229,178014228,1,178014229,positive,negative,False,True,theta_local,17.99737404326372,-18.674023978263,0.0517428998805789,0.0537108569243626,0.0,0.0019679570437836,360.9002205396701,0.04986800511330097,True,False,False,False,False,False,False,False,True,h=1,100M<=p<500M,finite_zone,True,True,False,True,-0.04986800511330097,1.0,5.6175284729626865e-09,1.0,18.99737404326372,0.05263885407123361,7.495017326839669e-05,0.0517965049591278,-5.360507854889479e-05,,pass
hexc_01353,1354,179471603,179471602,1,179471603,positive,negative,False,True,theta_local,18.00552755282048,-18.68217748782081,0.0517210860061479,0.0527741458847167,0.0,0.0010530598785687,361.21007756101835,0.04984779958078232,True,False,False,False,False,False,False,False,True,h=1,100M<=p<500M,finite_zone,True,True,False,True,-0.04984779958078232,1.0,5.571912120270079e-09,1.0,19.005527552820478,0.05261627161996863,7.464524177916554e-05,0.051769456471914,-4.837046576609827e-05,,pass
hexc_01354,1355,33926017,33926016,1,33926017,positive,negative,False,True,theta_local,16.33969274112829,-17.01634267612826,0.0565956989516492,0.0584126910881438,0.0,0.0018169921364945,300.66494435673707,0.054345187384869674,True,False,False,False,False,False,False,False,True,h=1,1M<=p<100M,finite_zone,True,True,False,True,-0.054345187384869674,1.0,2.947590340475276e-08,1.0,17.33969274112829,0.05767114878731872,0.00017168547814172509,0.057358072679980054,-0.0007623737283308576,,pass
hexc_01355,1356,604325297,604325296,1,604325297,positive,negative,True,False,theta_local,19.21962318211373,-19.896273117114102,0.0486659962659353,0.0493727444809386,0.0,0.0007067482150032,408.8331616266709,0.04701092031194933,True,False,False,False,False,False,False,False,True,h=1,p>=500M,post_P0_tail,True,True,False,True,-0.04701092031194933,1.0,1.6547379448853355e-09,1.0,20.21962318211373,0.04945690584800807,4.067847028693847e-05,0.04776106482060394,0.0009049314453313598,,pass
hexc_01356,1357,604203811,604203810,1,604203811,positive,negative,True,False,theta_local,19.219422134411023,-19.896072069412185,0.0486664723020252,0.0502871937555969,0.0,0.0016207214535716,408.8250314495104,0.04701136343405286,True,False,False,False,False,False,False,False,True,h=1,p>=500M,post_P0_tail,True,True,False,True,-0.04701136343405286,1.0,1.6550706595923805e-09,1.0,20.219422134411023,0.04945739761267066,4.068255964897465e-05,0.04776172609245166,0.000904746209573537,,pass
hexc_01357,1358,109496249,109496248,1,109496249,positive,negative,False,True,theta_local,17.51140085092633,-18.188050785926865,0.0530771490852041,0.0535116384711465,0.0,0.0004344893859423,342.671961463676,0.05110252025327312,True,False,False,False,False,False,False,False,True,h=1,100M<=p<500M,finite_zone,True,True,False,True,-0.05110252025327312,1.0,9.132732939554851e-09,1.0,18.51140085092633,0.05402076309908005,9.556533335658308e-05,0.053412944349155556,-0.00033579526395145776,,pass
hexc_01358,1359,178894523,178894522,1,178894523,positive,negative,False,True,theta_local,18.00230693314166,-18.67895686814154,0.0517297002447724,0.0521002272389071,0.0,0.0003705269941346,361.0876687813236,0.049855778774998666,True,False,False,False,False,False,False,False,True,h=1,100M<=p<500M,finite_zone,True,True,False,True,-0.049855778774998666,1.0,5.589886058166241e-09,1.0,19.00230693314166,0.052625189326666114,7.476554057964299e-05,0.051780140312303935,-5.044006753153474e-05,,pass
hexc_01359,1360,179403113,179403112,1,179403113,positive,negative,False,True,theta_local,18.00514585972381,-18.681795794724167,0.0517221067764484,0.0529308585804796,0.0,0.0012087518040311,361.1955691493774,0.04984874510539064,True,False,False,False,False,False,False,False,True,h=1,100M<=p<500M,finite_zone,True,True,False,True,-0.04984874510539064,1.0,5.574039286598109e-09,1.0,19.005145859723818,0.05261732834785683,7.465948892537445e-05,0.051770722654250756,-4.861587780235349e-05,,pass
hexc_01360,1361,187420867,187420866,1,187420867,positive,negative,False,True,theta_local,18.048867271623,-18.725517206623408,0.0516054429881101,0.0522054063825808,0.0,0.0005999633944706,362.8593443319098,0.049740671016352773,True,False,False,False,False,False,False,False,True,h=1,100M<=p<500M,finite_zone,True,True,False,True,-0.049740671016352773,1.0,5.335585177930054e-09,1.0,19.048867271623,0.052496559808030946,7.30450900330067e-05,0.05162571689085049,-2.0273902740390592e-05,,pass
hexc_01361,1362,187422143,187422142,1,187422143,positive,negative,False,True,theta_local,18.04887407980652,-18.72552401480698,0.0516054248625014,0.0521111993927147,0.0,0.0005057745302132,362.8596037083244,0.04974065422370536,True,False,False,False,False,False,False,False,True,h=1,100M<=p<500M,finite_zone,True,True,False,True,-0.04974065422370536,1.0,5.335548852410678e-09,1.0,19.048874079806513,0.05249654104544101,7.304484138124114e-05,0.05162569431566166,-2.026945316026263e-05,,pass
hexc_01362,1363,604193621,604193620,1,604193621,positive,negative,True,False,theta_local,19.219405269098782,-19.89605520409896,0.0486665122357412,0.0499190291734341,4.449317674094037e-15,0.0012525169376883,408.8243494360596,0.04701140060666741,True,False,False,False,False,False,False,False,True,h=1,p>=500M,post_P0_tail,True,True,False,True,-0.04701140060666741,1.0,1.655098573111218e-09,1.0,20.219405269098782,0.04945743886583524,4.0682902712456714e-05,0.047761781564669814,0.0009047306710713854,,pass
hexc_01363,1364,604322441,604322440,1,604322441,positive,negative,True,False,theta_local,19.21961845617099,-19.89626839117045,0.0486660074558038,0.0507092541027113,0.0,0.0020432466469074,408.8329705131306,0.04701093072813634,True,False,False,False,False,False,False,False,True,h=1,p>=500M,post_P0_tail,True,True,False,True,-0.04701093072813634,1.0,1.654745765100588e-09,1.0,20.21961845617099,0.049456917407598354,4.067856640911265e-05,0.04776108036483251,0.0009049270909712928,,pass
hexc_01364,1365,178911907,178911906,1,178911907,positive,negative,False,True,theta_local,18.00240410299975,-18.679054037999776,0.0517294403011623,0.0531472480322193,0.0,0.0014178077310569,361.0913616937018,0.04985553799614407,True,False,False,False,False,False,False,False,True,h=1,100M<=p<500M,finite_zone,True,True,False,True,-0.04985553799614407,1.0,5.589342916120167e-09,1.0,19.00240410299975,0.05262492022481189,7.476190818939928e-05,0.05177981796345321,-5.037766229091384e-05,,pass
hexc_01365,1366,40860823,40860822,1,40860823,positive,negative,False,True,theta_local,16.52568228909902,-17.202332224098882,0.0560063747482357,0.0582185007319345,0.0,0.0022121259836987,307.14953969843907,0.053803376379219114,True,False,False,False,False,False,False,False,True,h=1,1M<=p<100M,finite_zone,True,True,False,True,-0.053803376379219114,1.0,2.4473320079725265e-08,1.0,17.52568228909902,0.057059119496991016,0.00015643950933100394,0.05672599708759418,-0.0007196223393584819,,pass
hexc_01366,1367,109816297,109816296,1,109816297,positive,negative,False,True,theta_local,17.514319500433903,-18.190969435433544,0.0530689305843475,0.0545469035286039,0.0,0.0014779729442563,342.7800265641472,0.05109492427545602,True,False,False,False,False,False,False,False,True,h=1,100M<=p<500M,finite_zone,True,True,False,True,-0.05109492427545602,1.0,9.106116553902741e-09,1.0,18.514319500433906,0.05401224711373074,9.542597420986983e-05,0.053403208883509246,-0.00033427829916174434,,pass
hexc_01367,1368,108835807,108835806,1,108835807,positive,negative,False,True,theta_local,17.50535094669769,-18.182000881697604,0.0530941928596671,0.0548551884607386,0.0,0.0017609956010714,342.44801366044504,0.051118272696582645,True,False,False,False,False,False,False,False,True,h=1,100M<=p<500M,finite_zone,True,True,False,True,-0.051118272696582645,1.0,9.188152571882892e-09,1.0,18.50535094669769,0.05403842396074372,9.585485158239456e-05,0.05343312560455282,-0.00033893274488572267,,pass
hexc_01368,1369,3457109,3457108,1,3457109,positive,negative,False,True,theta_local,14.055943248635216,-14.732593183635233,0.064992502348849,0.0653525952476683,0.0,0.0003600928988192,226.68142710612435,0.06200747643102985,True,False,False,False,False,False,False,False,True,h=1,1M<=p<100M,finite_zone,True,True,False,True,-0.06200747643102985,1.0,2.892590311731565e-07,1.0,15.055943248635216,0.06641895386332886,0.000537828068413277,0.06546427998812776,-0.0004717776392787615,,pass
hexc_01369,1370,30400861,30400860,1,30400861,positive,negative,False,True,theta_local,16.2299814883438,-16.906631423343697,0.05694917842575,0.0575329823642898,0.0,0.0005838039385397,296.87226208867,0.054669915519073374,True,False,False,False,False,False,False,False,True,h=1,1M<=p<100M,finite_zone,True,True,False,True,-0.054669915519073374,1.0,3.289380521163529e-08,1.0,17.2299814883438,0.05803836763704632,0.00018136649418135447,0.057732213190337056,-0.0007830347645870553,,pass
hexc_01370,1371,108540833,108540832,1,108540833,positive,negative,False,True,theta_local,17.502637001160096,-18.17928693615977,0.0531018421358271,0.0545025391870085,0.0,0.0014006970511813,342.34757599669865,0.051125342278833245,True,False,False,False,False,False,False,False,True,h=1,100M<=p<500M,finite_zone,True,True,False,True,-0.051125342278833245,1.0,9.213122585856698e-09,1.0,18.502637001160096,0.05404635025468538,9.598501229804942e-05,0.05344217928548556,-0.00034033714965845535,,pass
hexc_01371,1372,7113889,7113888,1,7113889,positive,negative,False,True,theta_local,14.777559628332542,-15.45420956333237,0.062082205455586,0.0641203855136659,0.0,0.0020381800580799,248.9313878255889,0.05936398682952059,True,False,False,False,False,False,False,False,True,h=1,1M<=p<100M,finite_zone,True,True,False,True,-0.05936398682952059,1.0,1.4057008761311852e-07,1.0,15.777559628332542,0.06338115802169118,0.00037492677633521793,0.0628107111683176,-0.0007285057127316003,,pass
hexc_01372,1373,178011433,178011432,1,178011433,positive,negative,False,True,theta_local,17.99735833653076,-18.67400827153051,0.051742941920077,0.052388894647438,0.0,0.0006459527273609,360.8996237665547,0.049868044052526414,True,False,False,False,False,False,False,False,True,h=1,100M<=p<500M,finite_zone,True,True,False,True,-0.049868044052526414,1.0,5.617616706675239e-09,1.0,18.99735833653076,0.05263889759225424,7.495076188188643e-05,0.051796557066787985,-5.361514671098355e-05,,pass
hexc_01373,1374,108526073,108526072,1,108526073,positive,negative,False,True,theta_local,17.50250100622384,-18.17915094122418,0.0531022254965633,0.0535427410084577,2.6566803310905e-15,0.0004405155118917,342.34254348531414,0.05112569658458083,True,False,False,False,False,False,False,False,True,h=1,100M<=p<500M,finite_zone,True,True,False,True,-0.05112569658458083,1.0,9.214375609075987e-09,1.0,18.502501006223838,0.05404674749989862,9.599153925776993e-05,0.05344263297081442,-0.00034040747425111845,,pass
hexc_01374,1375,604150991,604150990,1,604150991,positive,negative,True,False,theta_local,19.21933470975736,-19.89598464475785,0.0486666793069955,0.0504467663969889,0.0,0.0017800870899933,408.82149610519866,0.04701155612622631,True,False,False,False,False,False,False,False,True,h=1,p>=500M,post_P0_tail,True,True,False,True,-0.04701155612622631,1.0,1.6552153598966785e-09,1.0,20.21933470975736,0.049457611457286194,4.06843380171864e-05,0.04776201364362276,0.0009046656633727446,,pass
hexc_01375,1376,179660891,179660890,1,179660891,positive,negative,False,True,theta_local,18.006581693120733,-18.683231628120662,0.0517182671046156,0.053207259258924,0.0,0.0014889921543083,361.2501476572722,0.04984518846537349,True,False,False,False,False,False,False,False,True,h=1,100M<=p<500M,finite_zone,True,True,False,True,-0.04984518846537349,1.0,5.566041637854284e-09,1.0,19.006581693120733,0.052613353423879544,7.460590886688724e-05,0.051765959619296975,-4.7692514681375864e-05,,pass
hexc_01376,1377,604687079,604687078,1,604687079,positive,negative,True,False,theta_local,19.22022165739484,-19.896871592394746,0.0486645792651486,0.0502780299133259,0.0,0.0016134506481772,408.8573638741794,0.04700960128312528,True,False,False,False,False,False,False,False,True,h=1,p>=500M,post_P0_tail,True,True,False,True,-0.04700960128312528,1.0,1.6537479214104391e-09,1.0,20.22022165739484,0.049455442029453955,4.0666299578526184e-05,0.047759096361932096,0.0009054829032165007,,pass
hexc_01377,1378,39699377,39699376,1,39699377,positive,negative,False,True,theta_local,16.49684605283907,-17.173495987839033,0.0560969399747959,0.0571017256961637,0.0,0.0010047857213677,306.1396217967502,0.05388667417833137,True,False,False,False,False,False,False,False,True,h=1,1M<=p<100M,finite_zone,True,True,False,True,-0.05388667417833137,1.0,2.5189312164772762e-08,1.0,17.49684605283907,0.05715315760223758,0.00015871141157702796,0.056823823407014196,-0.0007268834322182935,,pass
hexc_01378,1379,604872551,604872550,1,604872551,positive,negative,True,False,theta_local,19.22052833429916,-19.89717826929882,0.048663853182891,0.0499198517893476,4.448823450105695e-15,0.0012559986064521,408.8697661181949,0.04700892540130479,True,False,False,False,False,False,False,False,True,h=1,p>=500M,post_P0_tail,True,True,False,True,-0.04700892540130479,1.0,1.6532408328775363e-09,1.0,20.220528334299154,0.04945469195796165,4.066006434915636e-05,0.047758087666139426,0.0009057655167515749,,pass
hexc_01379,1380,178912813,178912812,1,178912813,positive,negative,False,True,theta_local,18.002409166931614,-18.67905910193167,0.0517294267544742,0.0534990594965381,0.0,0.0017696327420638,361.0915541474866,0.04985552544820417,True,False,False,False,False,False,False,False,True,h=1,100M<=p<500M,finite_zone,True,True,False,True,-0.04985552544820417,1.0,5.58931461214016e-09,1.0,19.002409166931614,0.052624906200852715,7.476171889503451e-05,0.05177980116450098,-5.0374410026782224e-05,,pass
hexc_01380,1381,604713541,604713540,1,604713541,positive,negative,True,False,theta_local,19.220265417914835,-19.89691535291604,0.0486644756572733,0.0495332491346926,0.0,0.0008687734774192,408.8591335709226,0.047009504838616496,True,False,False,False,False,False,False,False,True,h=1,p>=500M,post_P0_tail,True,True,False,True,-0.047009504838616496,1.0,1.653675554124891e-09,1.0,20.220265417914835,0.049455334998422716,4.06654097990527e-05,0.047758952428431645,0.0009055232288416523,,pass
hexc_01381,1382,40395269,40395268,1,40395269,positive,negative,False,True,theta_local,16.51422323211378,-17.19087316711375,0.0560423288911395,0.057959605317554,0.0,0.0019172764264144,306.748015424314,0.05383644686101789,True,False,False,False,False,False,False,False,True,h=1,1M<=p<100M,finite_zone,True,True,False,True,-0.05383644686101789,1.0,2.4755374199884644e-08,1.0,17.51422323211378,0.0570964516523015,0.00015733840662687746,0.056764864367845336,-0.0007225354767058378,,pass
hexc_01382,1383,604813831,604813830,1,604813831,positive,negative,True,False,theta_local,19.22043125128504,-19.897081186285504,0.0486640830324004,0.0494505928271106,0.0,0.0007865097947101,408.86583998794475,0.047009139359384354,True,False,False,False,False,False,False,False,True,h=1,p>=500M,post_P0_tail,True,True,False,True,-0.047009139359384354,1.0,1.6534013422718833e-09,1.0,20.220431251285042,0.0494549294014908,4.06620380978608e-05,0.047758406983235524,0.0009056760491648747,,pass
hexc_01383,1384,604676183,604676182,1,604676183,positive,negative,True,False,theta_local,19.220203637995144,-19.896853572994587,0.0486646219282005,0.0498626558030613,0.0,0.0011980338748607,408.8566351619921,0.04700964099648268,True,False,False,False,False,False,False,False,True,h=1,p>=500M,post_P0_tail,True,True,False,True,-0.04700964099648268,1.0,1.6537777212237248e-09,1.0,20.220203637995144,0.04945548610207524,4.066666597132995e-05,0.04775915562986688,0.0009054662983336223,,pass
hexc_01384,1385,17998471,17998470,1,17998471,positive,negative,False,True,theta_local,15.70579736780801,-16.382447302807577,0.058700846078017,0.0602674255775238,0.0,0.0015665794995067,279.0836656942611,0.0562763045581244,True,False,False,False,False,False,False,False,True,h=1,1M<=p<100M,finite_zone,True,True,False,True,-0.0562763045581244,1.0,5.556027509225645e-08,1.0,16.70579736780801,0.059859459442923396,0.00023571227183211412,0.059535155673277496,-0.000834309595260499,,pass
hexc_01385,1386,178896671,178896670,1,178896671,positive,negative,False,True,theta_local,18.00231894014483,-18.67896887514508,0.0517296681241389,0.0521533774390629,0.0,0.0004237093149239,361.08812510298685,0.049855749022514495,True,False,False,False,False,False,False,False,True,h=1,100M<=p<500M,finite_zone,True,True,False,True,-0.049855749022514495,1.0,5.589818940789569e-09,1.0,19.00231894014483,0.05262515607436586,7.476509172594901e-05,0.051780100480556035,-5.043235641713495e-05,,pass
hexc_01386,1387,604150727,604150726,1,604150727,positive,negative,True,False,theta_local,19.219334272780408,-19.8959842077802,0.0486666803416767,0.0494292859872481,0.0,0.0007626056455714,408.82147843443244,0.04701155708936863,True,False,False,False,False,False,False,False,True,h=1,p>=500M,post_P0_tail,True,True,False,True,-0.04701155708936863,1.0,1.655216083187797e-09,1.0,20.219334272780408,0.04945761252615602,4.068434690624635e-05,0.047762015080897724,0.0009046652607789737,,pass
hexc_01387,1388,12836827,12836826,1,12836827,positive,negative,False,True,theta_local,15.36782870730725,-16.04447864230724,0.0598885042752044,0.0603526687466683,8.48707498537502e-16,0.0004641644714629,267.9058165917513,0.05736280347628861,True,False,False,False,False,False,False,False,True,h=1,1M<=p<100M,finite_zone,True,True,False,True,-0.05736280347628861,1.0,7.790087067466127e-08,1.0,16.36782870730725,0.06109545852917927,0.0002791072744925529,0.060713621419498764,-0.0008251171442943614,,pass
hexc_01388,1389,604673087,604673086,1,604673087,positive,negative,True,False,theta_local,19.22019851788621,-19.896848452886843,0.0486646340506786,0.0502840921991392,0.0,0.0016194581484605,408.8564281027277,0.047009652280817306,True,False,False,False,False,False,False,False,True,h=1,p>=500M,post_P0_tail,True,True,False,True,-0.047009652280817306,1.0,1.6537861887674853e-09,1.0,20.22019851788621,0.049455498625071787,4.066677008034305e-05,0.04775917247051131,0.0009054615801672855,,pass
hexc_01389,1390,179382869,179382868,1,179382869,positive,negative,False,True,theta_local,18.00503301250549,-18.68168294750558,0.0517224085739772,0.0527625272092595,2.51804169320024e-15,0.0010401186352797,361.1912798064235,0.049849024655731135,True,False,False,False,False,False,False,False,True,h=1,100M<=p<500M,finite_zone,True,True,False,True,-0.049849024655731135,1.0,5.574668336919062e-09,1.0,19.00503301250549,0.05261764077662957,7.466370160204396e-05,0.05177109700081273,-4.868842683553032e-05,,pass
hexc_01390,1391,108596123,108596122,1,108596123,positive,negative,False,True,theta_local,17.50314626501102,-18.17979620001097,0.0531004066038576,0.0546489093154635,0.0,0.0015485027116058,342.3664217043912,0.05112401554415207,True,False,False,False,False,False,False,False,True,h=1,100M<=p<500M,finite_zone,True,True,False,True,-0.05112401554415207,1.0,9.208431870076982e-09,1.0,18.50314626501102,0.05404486273185738,9.596057456099866e-05,0.053440480365017695,-0.0003400737611600965,,pass
hexc_01391,1392,109592381,109592380,1,109592381,positive,negative,False,True,theta_local,17.51227841363845,-18.18892834863891,0.0530746777262138,0.054215024139045,0.0,0.0011403464128311,342.7044520640642,0.05110023610187812,True,False,False,False,False,False,False,False,True,h=1,100M<=p<500M,finite_zone,True,True,False,True,-0.05110023610187812,1.0,9.124721909272142e-09,1.0,18.51227841363845,0.05401820227937342,9.552341026822766e-05,0.05341001710731641,-0.00033533938110261174,,pass
hexc_01392,1393,109684087,109684086,1,109684087,positive,negative,False,True,theta_local,17.51311485547084,-18.18976479047069,0.0530723223844296,0.0533278670073051,0.0,0.0002555446228754,342.7354216518552,0.0510980591707278,True,False,False,False,False,False,False,False,True,h=1,100M<=p<500M,finite_zone,True,True,False,True,-0.0510980591707278,1.0,9.117092801255665e-09,1.0,18.513114855470842,0.05401576168067084,9.548346873284225e-05,0.05340722706086343,-0.00033490467643382954,,pass
hexc_01393,1394,179425097,179425096,1,179425097,positive,negative,False,True,theta_local,18.00526839189612,-18.681918326896263,0.0517217790815564,0.0525931316567972,0.0,0.0008713525752407,361.20022664800575,0.049848441566573226,True,False,False,False,False,False,False,False,True,h=1,100M<=p<500M,finite_zone,True,True,False,True,-0.049848441566573226,1.0,5.5733563292987935e-09,1.0,19.00526839189612,0.052616989109525114,7.465491497080948e-05,0.05177031618038663,-4.8537098830229997e-05,,pass
hexc_01394,1395,179403641,179403640,1,179403641,positive,negative,False,True,theta_local,18.00514880281223,-18.68179873781173,0.0517220989055255,0.0523502186813132,2.5180110105747186e-15,0.0006281197757851,361.1956810170351,0.04984873781467794,True,False,False,False,False,False,False,False,True,h=1,100M<=p<500M,finite_zone,True,True,False,True,-0.04984873781467794,1.0,5.574022881731815e-09,1.0,19.00514880281223,0.05261732019967284,7.465937906071692e-05,0.0517707128911884,-4.861398566289449e-05,,pass
hexc_01395,1396,178899731,178899730,1,178899731,positive,negative,False,True,theta_local,18.0023360448445,-18.678985979844583,0.0517296223664276,0.0521962848702515,0.0,0.0004666625038238,361.08877516119657,0.04985570663836873,True,False,False,False,False,False,False,False,True,h=1,100M<=p<500M,finite_zone,True,True,False,True,-0.04985570663836873,1.0,5.589723329433067e-09,1.0,19.0023360448445,0.0526251087045326,7.476445231146329e-05,0.05178004373783884,-5.042137141124392e-05,,pass
hexc_01396,1397,33929663,33929662,1,33929663,positive,negative,False,True,theta_local,16.339800204497706,-17.01645013949792,0.0565953548650004,0.0574088068820105,3.02490677977536e-15,0.000813452017007,300.6686711318987,0.054344871193213504,True,False,False,False,False,False,False,False,True,h=1,1M<=p<100M,finite_zone,True,True,False,True,-0.054344871193213504,1.0,2.9472735995049523e-08,1.0,17.339800204497706,0.05767079137051497,0.00017167625343957597,0.0573577066911759,-0.0007623518261755044,,pass
hexc_01397,1398,604811167,604811166,1,604811167,positive,negative,True,False,theta_local,19.220426846614167,-19.897076781613578,0.0486640934607559,0.0502199766170714,0.0,0.0015558831563154,408.86566185927495,0.04700914906674049,True,False,False,False,False,False,False,False,True,h=1,p>=500M,post_P0_tail,True,True,False,True,-0.04700914906674049,1.0,1.6534086249766615e-09,1.0,20.220426846614167,0.04945494017439331,4.0662127649406905e-05,0.047758421470703416,0.0009056719900524812,,pass
hexc_01398,1399,180643363,180643362,1,180643363,positive,negative,False,True,theta_local,18.01203527533139,-18.68868521033164,0.0517036884553116,0.052325014209861,0.0,0.0006213257545493,361.45748531044507,0.04983168424320052,True,False,False,False,False,False,False,False,True,h=1,100M<=p<500M,finite_zone,True,True,False,True,-0.04983168424320052,1.0,5.535769393310066e-09,1.0,19.01203527533139,0.052598261339096404,7.440275124825738e-05,0.0517478692662634,-4.418081095180354e-05,,pass
hexc_01399,1400,108547469,108547468,1,108547469,positive,negative,False,True,theta_local,17.502698137572708,-18.1793480725728,0.053101669798126,0.0535894655450915,0.0,0.0004877957469654,342.3498383701365,0.051125183002567715,True,False,False,False,False,False,False,False,True,h=1,100M<=p<500M,finite_zone,True,True,False,True,-0.051125183002567715,1.0,9.212559345810265e-09,1.0,18.502698137572708,0.05404617167532658,9.598207825323572e-05,0.05344197533187467,-0.00034030553374866934,,pass
hexc_01400,1401,33486547,33486546,1,33486547,positive,negative,False,True,theta_local,16.326654334050062,-17.003304269050204,0.0566374776495652,0.0592177389534237,0.0,0.0025802613038584,300.2129504116558,0.054383577762594004,True,False,False,False,False,False,False,False,True,h=1,1M<=p<100M,finite_zone,True,True,False,True,-0.054383577762594004,1.0,2.9862738609627324e-08,1.0,17.326654334050062,0.05771454665860195,0.0001728083869771005,0.05740248461665898,-0.0007650069670937787,,pass
hexc_01401,1402,179145997,179145996,1,179145997,positive,negative,False,True,theta_local,18.003711657061466,-18.680361592060763,0.0517259426564303,0.0523024872089549,0.0,0.0005765445525245,361.1410567447338,0.049852298210964895,True,False,False,False,False,False,False,False,True,h=1,100M<=p<500M,finite_zone,True,True,False,True,-0.049852298210964895,1.0,5.5820393240492e-09,1.0,19.003711657061466,0.05262129935698201,7.471304654509279e-05,0.05177548034609036,-4.95376896600605e-05,,pass
hexc_01402,1403,604864229,604864228,1,604864229,positive,negative,True,False,theta_local,19.22051457593429,-19.89716451093409,0.0486638857564635,0.0493544655854132,0.0,0.0006905798289496,408.8692097155713,0.047008955722796994,True,False,False,False,False,False,False,False,True,h=1,p>=500M,post_P0_tail,True,True,False,True,-0.047008955722796994,1.0,1.6532635789245853e-09,1.0,20.220514575934295,0.04945472560773319,4.066034405811866e-05,0.04775813291896003,0.0009057528375034721,,pass
hexc_01403,1404,604675733,604675732,1,604675733,positive,negative,True,False,theta_local,19.22020289379489,-19.89685282879509,0.0486646236901858,0.0496569007754921,0.0,0.0009922770853062,408.8566050662313,0.04700964263664368,True,False,False,False,False,False,False,False,True,h=1,p>=500M,post_P0_tail,True,True,False,True,-0.04700964263664368,1.0,1.6537789519659787e-09,1.0,20.22020289379489,0.049455487922273854,4.066668110340428e-05,0.04775915807762954,0.0009054656125562638,,pass
hexc_01404,1405,178897451,178897450,1,178897451,positive,negative,False,True,theta_local,18.0023233001941,-18.67897323519356,0.0517296564603245,0.0522144979610413,0.0,0.0004848415007167,361.0882908050996,0.04985573821863696,True,False,False,False,False,False,False,False,True,h=1,100M<=p<500M,finite_zone,True,True,False,True,-0.04985573821863696,1.0,5.589794568956715e-09,1.0,19.0023233001941,0.05262514399961743,7.476492873638492e-05,0.05178008601663309,-5.042955630858714e-05,,pass
hexc_01405,1406,179151281,179151280,1,179151281,positive,negative,False,True,theta_local,18.00374115212227,-18.68039108712219,0.0517258637640049,0.0523720329466571,0.0,0.0006461691826521,361.1421777768655,0.049852225134572964,True,False,False,False,False,False,False,False,True,h=1,100M<=p<500M,finite_zone,True,True,False,True,-0.049852225134572964,1.0,5.581874683887971e-09,1.0,19.00374115212227,0.052621217685251596,7.471194472029201e-05,0.05177538250122238,-4.95187372174799e-05,,pass
hexc_01406,1407,109713727,109713726,1,109713727,positive,negative,False,True,theta_local,17.51338504959575,-18.190034984596423,0.0530715615877635,0.0533645039148469,0.0,0.0002929423270833,342.74542599459545,0.051097356000520074,True,False,False,False,False,False,False,False,True,h=1,100M<=p<500M,finite_zone,True,True,False,True,-0.051097356000520074,1.0,9.11462974911061e-09,1.0,18.51338504959575,0.05401497334609996,9.547057006800897e-05,0.05340632580412774,-0.0003347642163642403,,pass
hexc_01407,1408,604672951,604672950,1,604672951,positive,negative,True,False,theta_local,19.220198292971265,-19.896848227970622,0.0486646345831888,0.0499414648158332,4.4489686818745185e-15,0.0012768302326398,408.85641900707805,0.04700965277651304,True,False,False,False,False,False,False,False,True,h=1,p>=500M,post_P0_tail,True,True,False,True,-0.04700965277651304,1.0,1.6537865607287599e-09,1.0,20.220198292971265,0.04945549917517919,4.0666774653625534e-05,0.04775917321028311,0.0009054613729056887,,pass
hexc_01408,1409,604872473,604872472,1,604872473,positive,negative,True,False,theta_local,19.22052820534636,-19.897178140347023,0.048663853488195,0.0499151844057618,4.4488235068488436e-15,0.0012513309175623,408.86976090320763,0.04700892568549833,True,False,False,False,False,False,False,False,True,h=1,p>=500M,post_P0_tail,True,True,False,True,-0.04700892568549833,1.0,1.6532410460675733e-09,1.0,20.22052820534636,0.04945469227335009,4.066006697077088e-05,0.047758088090279704,0.0009057653979152938,,pass
hexc_01409,1410,179379503,179379502,1,179379503,positive,negative,False,True,theta_local,18.005014247995817,-18.68166418299552,0.0517224587579441,0.0533045157066953,0.0,0.0015820569487511,361.190566566524,0.049849071140344016,True,False,False,False,False,False,False,False,True,h=1,100M<=p<500M,finite_zone,True,True,False,True,-0.049849071140344016,1.0,5.574772943818447e-09,1.0,19.005014247995817,0.052617692728404844,7.466440211920569e-05,0.05177115924810871,-4.8700490164609034e-05,,pass
hexc_01410,1411,604143797,604143796,1,604143797,positive,negative,True,False,theta_local,19.21932280206716,-19.89597273706749,0.0486667075022797,0.0496227945278836,0.0,0.0009560870256038,408.82101457419304,0.04701158237201926,True,False,False,False,False,False,False,False,True,h=1,p>=500M,post_P0_tail,True,True,False,True,-0.04701158237201926,1.0,1.6552350698057403e-09,1.0,20.21932280206716,0.04945764058417244,4.068458024615395e-05,0.04776205280958945,0.0009046546926902502,,pass
hexc_01411,1412,109683683,109683682,1,109683683,positive,negative,False,True,theta_local,17.513111172158567,-18.18976110715903,0.0530723327558353,0.0546243496582797,0.0,0.0015520169024443,342.73528527270236,0.05109806875654487,True,False,False,False,False,False,False,False,True,h=1,100M<=p<500M,finite_zone,True,True,False,True,-0.05109806875654487,1.0,9.117126382417337e-09,1.0,18.513111172158567,0.05401577242748245,9.54836445807204e-05,0.053407239346902946,-0.0003349065910676491,,pass
hexc_01412,1413,187493987,187493986,1,187493987,positive,negative,False,True,theta_local,18.049257333527173,-18.725907268527408,0.0516044045364049,0.0522420246474967,0.0,0.0006376201110917,362.8742049589388,0.049739708931830925,True,False,False,False,False,False,False,False,True,h=1,100M<=p<500M,finite_zone,True,True,False,True,-0.049739708931830925,1.0,5.3335043752629785e-09,1.0,19.049257333527173,0.052495484862812726,7.303084536867267e-05,0.0516244234907548,-2.0018954349901308e-05,,pass
hexc_01413,1414,30363467,30363466,1,30363467,positive,negative,False,True,theta_local,16.228750700282735,-16.905400635282604,0.0569531689479442,0.0585629651697203,0.0,0.001609796221776,296.8298506924928,0.05467358037751821,True,False,False,False,False,False,False,False,True,h=1,1M<=p<100M,finite_zone,True,True,False,True,-0.05467358037751821,1.0,3.293431543901097e-08,1.0,17.228750700282735,0.05804251378386881,0.00018147814038889357,0.05773641619422798,-0.0007832472462837789,,pass
hexc_01414,1415,179400791,179400790,1,179400791,positive,negative,False,True,theta_local,18.005132916720832,-18.681782851720527,0.0517221413909122,0.0523464165203712,0.0,0.0006242751294589,361.1950771822257,0.04984877716823672,True,False,False,False,False,False,False,False,True,h=1,100M<=p<500M,finite_zone,True,True,False,True,-0.04984877716823672,1.0,5.574111431872115e-09,1.0,19.005132916720832,0.052617364181662414,7.465997208593179e-05,0.05177076558987981,-4.862419896761033e-05,,pass
hexc_01415,1416,604872577,604872576,1,604872577,positive,negative,True,False,theta_local,19.22052837728341,-19.89717831228336,0.0486638530811245,0.0490823007042159,4.448823431191314e-15,0.0004184476230869,408.8697678565239,0.047008925306573586,True,False,False,False,False,False,False,False,True,h=1,p>=500M,post_P0_tail,True,True,False,True,-0.047008925306573586,1.0,1.6532407618142028e-09,1.0,20.220528377283415,0.04945469185283218,4.0660063475284965e-05,0.047758087524759185,0.0009057655563653177,,pass
hexc_01416,1417,604141327,604141326,1,604141327,positive,negative,True,False,theta_local,19.219318713628184,-19.895968648628696,0.0486667171829813,0.0501598206296204,0.0,0.001493103446639,408.82084924327484,0.04701159138337254,True,False,False,False,False,False,False,False,True,h=1,p>=500M,post_P0_tail,True,True,False,True,-0.04701159138337254,1.0,1.6552418371471549e-09,1.0,20.219318713628184,0.0494576505847342,4.068466341445084e-05,0.047762066257006186,0.0009046509259751159,,pass
hexc_01417,1418,108595829,108595828,1,108595829,positive,negative,False,True,theta_local,17.503143557728382,-18.17979349272809,0.0531004142350412,0.0547353567679747,0.0,0.0016349425329334,342.36632151790536,0.05112402259698604,True,False,False,False,False,False,False,False,True,h=1,100M<=p<500M,finite_zone,True,True,False,True,-0.05112402259698604,1.0,9.208456799938422e-09,1.0,18.503143557728382,0.05404487063941741,9.596070445728513e-05,0.053440489396569646,-0.0003400751615284456,,pass
hexc_01418,1419,604432681,604432680,1,604432681,positive,negative,True,False,theta_local,19.21980085870778,-19.89645079370712,0.0486655755751635,0.0489909092562281,4.449143578747246e-15,0.00032533368106,408.84034676579995,0.04701052870820905,True,False,False,False,False,False,False,False,True,h=1,p>=500M,post_P0_tail,True,True,False,True,-0.04701052870820905,1.0,1.6544439628008797e-09,1.0,20.21980085870778,0.049456471257447815,4.067485664142997e-05,0.04776048041988212,0.0009050951552813796,,pass
hexc_01419,1420,604686097,604686096,1,604686097,positive,negative,True,False,theta_local,19.220220033413064,-19.89686996841192,0.0486645831101113,0.0500409639404426,0.0,0.0013763808303312,408.857298199639,0.04700960486225224,True,False,False,False,False,False,False,False,True,h=1,p>=500M,post_P0_tail,True,True,False,True,-0.04700960486225224,1.0,1.6537506070691089e-09,1.0,20.220220033413064,0.04945544600145508,4.066633259920433e-05,0.04775910170339959,0.0009054814067117126,,pass
hexc_01420,1421,187505491,187505490,1,187505491,positive,negative,False,True,theta_local,18.049318688279264,-18.725968623280096,0.051604241197042,0.0526943886600028,0.0,0.0010901474629607,362.8765424876256,0.04973955760420849,True,False,False,False,False,False,False,False,True,h=1,100M<=p<500M,finite_zone,True,True,False,True,-0.04973955760420849,1.0,5.333177149462786e-09,1.0,19.049318688279264,0.05249531578340824,7.302860500833071e-05,0.051624220045939584,-1.997884889758106e-05,,pass
hexc_01421,1422,33902611,33902610,1,33902611,positive,negative,False,True,theta_local,16.339002590033708,-17.0156525250336,0.0565979088441129,0.0569716522815128,0.0,0.0003737434373998,300.64101081719565,0.05434721811778572,True,False,False,False,False,False,False,False,True,h=1,1M<=p<100M,finite_zone,True,True,False,True,-0.05434721811778572,1.0,2.949625325317864e-08,1.0,17.339002590033708,0.05767344429458649,0.00017174473282513978,0.057360423154971585,-0.0007625143108586849,,pass
hexc_01422,1423,187500433,187500432,1,187500433,positive,negative,False,True,theta_local,18.049291712705408,-18.72594164770544,0.0516043130116121,0.0534779811979873,0.0,0.0018736681863751,362.8755147557469,0.04973962413764529,True,False,False,False,False,False,False,False,True,h=1,100M<=p<500M,finite_zone,True,True,False,True,-0.04973962413764529,1.0,5.333321016917332e-09,1.0,19.049291712705408,0.0524953901216718,7.302959000923756e-05,0.05162430949361152,-1.9996481999420834e-05,,pass
hexc_01423,1424,604884127,604884126,1,604884127,positive,negative,True,False,theta_local,19.220547472031907,-19.89719740703368,0.0486638078734913,0.0501105033314959,0.0,0.0014466954580045,408.87054006869596,0.04700888322451059,True,False,False,False,False,False,False,False,True,h=1,p>=500M,post_P0_tail,True,True,False,True,-0.04700888322451059,1.0,1.653209193899049e-09,1.0,20.220547472031907,0.04945464515157921,4.065967528029521e-05,0.04775802471997315,0.0009057831535181499,,pass
hexc_01424,1425,179436493,179436492,1,179436493,positive,negative,False,True,theta_local,18.00533190384792,-18.681981838847605,0.0517216092294941,0.0519436214565968,0.0,0.0002220122271026,361.20264077541964,0.049848284235116835,True,False,False,False,False,False,False,False,True,h=1,100M<=p<500M,finite_zone,True,True,False,True,-0.049848284235116835,1.0,5.573002365800807e-09,1.0,19.00533190384792,0.05261681327425462,7.465254426877096e-05,0.05177010549347383,-4.8496263979729004e-05,,pass
hexc_01425,1426,12785053,12785052,1,12785053,positive,negative,False,True,theta_local,15.36378731218182,-16.0404372471819,0.0599029968936316,0.0615266506044893,0.0,0.0016236537108576,267.77353519832275,0.05737604838656981,True,False,False,False,False,False,False,False,True,h=1,1M<=p<100M,finite_zone,True,True,False,True,-0.05737604838656981,1.0,7.821633590412179e-08,1.0,16.36378731218182,0.06111054738871864,0.00027967183609387946,0.0607278015564785,-0.0008248046628469008,,pass
hexc_01426,1427,3281207,3281206,1,3281207,positive,negative,False,True,theta_local,14.003721900474298,-14.68037183547426,0.0652137304962857,0.0669272457595592,5.050241832592471e-16,0.0017135152632729,225.1116708667721,0.06220788929580699,True,False,False,False,False,False,False,False,True,h=1,1M<=p<100M,finite_zone,True,True,False,True,-0.06220788929580699,1.0,3.047658986464432e-07,1.0,15.003721900474298,0.06665012899021995,0.0005520560647673778,0.06566113319786915,-0.00044740270158344364,,pass
hexc_01427,1428,109707457,109707456,1,109707457,positive,negative,False,True,theta_local,17.513327899234174,-18.189977834234924,0.0530717225065602,0.0548208182936068,0.0,0.0017490957870465,342.7433099045624,0.05109750473061253,True,False,False,False,False,False,False,False,True,h=1,100M<=p<500M,finite_zone,True,True,False,True,-0.05109750473061253,1.0,9.115150668381639e-09,1.0,18.513327899234174,0.05401514008950094,9.547329819578687e-05,0.053406516434025164,-0.00033479392746496583,,pass
hexc_01428,1429,178906061,178906060,1,178906061,positive,negative,False,True,theta_local,18.002371427167216,-18.67902136216708,0.051729527713511,0.0523728581014615,0.0,0.0006433303879504,361.090119856021,0.04985561896389017,True,False,False,False,False,False,False,False,True,h=1,100M<=p<500M,finite_zone,True,True,False,True,-0.04985561896389017,1.0,5.589525555537216e-09,1.0,19.002371427167216,0.05262501071683742,7.47631296531734e-05,0.05177992636140649,-5.039864789549431e-05,,pass
hexc_01429,1430,109682179,109682178,1,109682179,positive,negative,False,True,theta_local,17.51309745990648,-18.18974739490659,0.0530723713665809,0.0544808491312744,0.0,0.0014084777646934,342.7347775599956,0.05109810444270079,True,False,False,False,False,False,False,False,True,h=1,100M<=p<500M,finite_zone,True,True,False,True,-0.05109810444270079,1.0,9.117251399609776e-09,1.0,18.513097459906476,0.054015812435800344,9.548429923086716e-05,0.053407285085434575,-0.00033491371885367716,,pass
hexc_01430,1431,604150627,604150626,1,604150627,positive,negative,True,False,theta_local,19.219334107258785,-19.895984042259443,0.0486666807336042,0.0501342683893616,0.0,0.0014675876557573,408.82147174095843,0.04701155745419539,True,False,False,False,False,False,False,False,True,h=1,p>=500M,post_P0_tail,True,True,False,True,-0.04701155745419539,1.0,1.6552163571618704e-09,1.0,20.219334107258785,0.04945761293103109,4.068435027331604e-05,0.04776201562532023,0.000904665108283971,,pass
hexc_01431,1432,108540779,108540778,1,108540779,positive,negative,False,True,theta_local,17.502636503651352,-18.179286438650703,0.0531018435382603,0.054584664384824,0.0,0.0014828208465636,342.3475575862515,0.051125343574977056,True,False,False,False,False,False,False,False,True,h=1,100M<=p<500M,finite_zone,True,True,False,True,-0.051125343574977056,1.0,9.213127169466878e-09,1.0,18.502636503651352,0.05404635170791242,9.598503617474381e-05,0.05344218094519615,-0.0003403374069358492,,pass
hexc_01432,1433,40862287,40862286,1,40862287,positive,negative,False,True,theta_local,16.525718117397776,-17.20236805239756,0.0560062624050414,0.057360352413953,0.0,0.0013540900089115,307.15079553048463,0.05380327304331401,True,False,False,False,False,False,False,False,True,h=1,1M<=p<100M,finite_zone,True,True,False,True,-0.05380327304331401,1.0,2.447244325800952e-08,1.0,17.525718117397776,0.057059002849492384,0.00015643670687536708,0.05672587557883735,-0.0007196131737959507,,pass
hexc_01433,1434,179380829,179380828,1,179380829,positive,negative,False,True,theta_local,18.00502164011742,-18.681671575117434,0.051722438988379,0.0520554984603305,0.0,0.0003330594719514,361.19084754133144,0.04984905282810935,True,False,False,False,False,False,False,False,True,h=1,100M<=p<500M,finite_zone,True,True,False,True,-0.04984905282810935,1.0,5.574731734571257e-09,1.0,19.00502164011742,0.052617672262425356,7.466412615554578e-05,0.05177113472630568,-4.869573792667947e-05,,pass
hexc_01434,1435,108624419,108624418,1,108624419,positive,negative,False,True,theta_local,17.50340679285889,-18.180056727858755,0.0530996722482251,0.0553402851877227,0.0,0.0022406129394976,342.37606294201635,0.05112333684327461,True,False,False,False,False,False,False,False,True,h=1,100M<=p<500M,finite_zone,True,True,False,True,-0.05112333684327461,1.0,9.20603312962254e-09,1.0,18.503406792858886,0.054044101780539956,9.594807517414062e-05,0.053439611240091445,-0.00033993899186634396,,pass
hexc_01435,1436,108596009,108596008,1,108596009,positive,negative,False,True,theta_local,17.50314521524924,-18.179795150249447,0.0531004095628863,0.0545561364046841,0.0,0.0014557268417977,342.3663828566006,0.051124018278921955,True,False,False,False,False,False,False,False,True,h=1,100M<=p<500M,finite_zone,True,True,False,True,-0.051124018278921955,1.0,9.208441536741926e-09,1.0,18.503145215249234,0.05404486579805131,9.596062492888385e-05,0.05344048386704525,-0.00034007430415895074,,pass
hexc_01436,1437,30780143,30780142,1,30780143,positive,negative,False,True,theta_local,16.24238033223816,-16.919030267238213,0.0569090094360886,0.0585878366316364,0.0,0.0016788271955477,297.2996795215533,0.05463302334660148,True,False,False,False,False,False,False,False,True,h=1,1M<=p<100M,finite_zone,True,True,False,True,-0.05463302334660148,1.0,3.248847804248343e-08,1.0,17.24238033223816,0.057996632757850455,0.00018024560477993194,0.05768987974272144,-0.0007808703066328401,,pass
hexc_01437,1438,604849351,604849350,1,604849351,positive,negative,True,False,theta_local,19.22048997837625,-19.897139913375213,0.0486639439924391,0.0494672848288116,4.448840327925301e-15,0.000803340836368,408.86821496561436,0.04700900993243675,True,False,False,False,False,False,False,False,True,h=1,p>=500M,post_P0_tail,True,True,False,True,-0.04700900993243675,1.0,1.6533042456715806e-09,1.0,20.22048997837625,0.04945478576777308,4.066084413378035e-05,0.04775821382312251,0.000905730169316589,,pass
hexc_01438,1439,109567151,109567150,1,109567151,positive,negative,False,True,theta_local,17.512048170400742,-18.188698105401272,0.0530753261062679,0.0547128295829155,0.0,0.0016375034766475,342.69592746323747,0.05110083536746826,True,False,False,False,False,False,False,False,True,h=1,100M<=p<500M,finite_zone,True,True,False,True,-0.05110083536746826,1.0,9.126823056665953e-09,1.0,18.512048170400742,0.054018874129709675,9.553440771086589e-05,0.05341078511493946,-0.00033545900867155976,,pass
hexc_01439,1440,179403071,179403070,1,179403071,positive,negative,False,True,theta_local,18.00514562561414,-18.681795560613864,0.0517221074025437,0.0526403019342879,0.0,0.0009181945317441,361.1955602508003,0.04984874568533472,True,False,False,False,False,False,False,False,True,h=1,100M<=p<500M,finite_zone,True,True,False,True,-0.04984874568533472,1.0,5.574040591534801e-09,1.0,19.00514562561414,0.052617328996008975,7.465949766462939e-05,0.05177072343085931,-4.861602831560813e-05,,pass
hexc_01440,1441,178013243,178013242,1,178013243,positive,negative,False,True,theta_local,17.997368504365305,-18.67401843936568,0.051742914705586,0.0536823404322602,0.0,0.0019394257266741,360.9000100906509,0.049868018845011186,True,False,False,False,False,False,False,False,True,h=1,100M<=p<500M,finite_zone,True,True,False,True,-0.049868018845011186,1.0,5.617559587968408e-09,1.0,18.997368504365305,0.05263886941868898,7.495038083938205e-05,0.0517965233346247,-5.360862903869973e-05,,pass
hexc_01441,1442,179433103,179433102,1,179433103,positive,negative,False,True,theta_local,18.00531301119144,-18.68196294619156,0.0517216597546193,0.0528019141795445,0.0,0.0010802544249251,361.2019226533625,0.049848331035797784,True,False,False,False,False,False,False,False,True,h=1,100M<=p<500M,finite_zone,True,True,False,True,-0.049848331035797784,1.0,5.5731076556146945e-09,1.0,19.005313011191436,0.052616865579174714,7.465324946453901e-05,0.05177016816568747,-4.850841106816828e-05,,pass
hexc_01442,1443,30799499,30799498,1,30799499,positive,negative,False,True,theta_local,16.24300898157774,-16.9196589165781,0.0569069742865122,0.0582339848437294,0.0,0.0013270105572171,297.32135873877064,0.05463115415078203,True,False,False,False,False,False,False,False,True,h=1,1M<=p<100M,finite_zone,True,True,False,True,-0.05463115415078203,1.0,3.246806060059613e-08,1.0,17.24300898157774,0.05799451830410748,0.00018018895804292818,0.05768773369052993,-0.0007807594040177279,,pass
hexc_01443,1444,604685981,604685980,1,604685981,positive,negative,True,False,theta_local,19.22021984157797,-19.89686977657766,0.0486645835643052,0.0494059779892558,8.897918398767242e-15,0.0007413944249416,408.85729044174366,0.04700960528504157,True,False,False,False,False,False,False,False,True,h=1,p>=500M,post_P0_tail,True,True,False,True,-0.04700960528504157,1.0,1.6537509243165338e-09,1.0,20.220219841577975,0.04945544647065323,4.066633649981928e-05,0.04775910233436775,0.0009054812299374437,,pass
hexc_01444,1445,604207243,604207242,1,604207243,positive,negative,True,False,theta_local,19.219427814597392,-19.89607774959768,0.0486664588524817,0.0494597084037629,8.898615503505933e-15,0.0007932495512722,408.82526114971466,0.047011350914441426,True,False,False,False,False,False,False,False,True,h=1,p>=500M,post_P0_tail,True,True,False,True,-0.047011350914441426,1.0,1.655061258509276e-09,1.0,20.219427814597392,0.049457383718744564,4.068244410687829e-05,0.04776170740957664,0.0009047514429050621,,pass
hexc_01445,1446,604678229,604678228,1,604678229,positive,negative,True,False,theta_local,19.220207021618634,-19.89685695661865,0.0486646139170687,0.0499229061268175,4.4489648408188506e-15,0.0012582922097442,408.8567719971155,0.04700963353923421,True,False,False,False,False,False,False,False,True,h=1,p>=500M,post_P0_tail,True,True,False,True,-0.04700963353923421,1.0,1.6537721254720418e-09,1.0,20.220207021618634,0.04945547782625767,4.066659717104496e-05,0.047759144500729045,0.0009054694163396562,,pass
hexc_01446,1447,109705723,109705722,1,109705723,positive,negative,False,True,theta_local,17.513312093438003,-18.18996202843755,0.0530717670112539,0.0542159663791598,0.0,0.0011441993679058,342.74272466903784,0.051097545864319534,True,False,False,False,False,False,False,False,True,h=1,100M<=p<500M,finite_zone,True,True,False,True,-0.051097545864319534,1.0,9.115294741733756e-09,1.0,18.513312093438003,0.05401518620509009,9.547405271451379e-05,0.05340656915562847,-0.00033480214437456995,,pass
hexc_01447,1448,604141553,604141552,1,604141553,positive,negative,True,False,theta_local,19.21931908771277,-19.89596902271296,0.0486667162972141,0.050148948967567,0.0,0.0014822326703528,408.82086437074594,0.04701159055885028,True,False,False,False,False,False,False,False,True,h=1,p>=500M,post_P0_tail,True,True,False,True,-0.04701159055885028,1.0,1.6552412179468145e-09,1.0,20.21931908771277,0.04945764966970117,4.0684655804698834e-05,0.04776206502659264,0.0009046512706214621,,pass
hexc_01448,1449,76021661,76021660,1,76021661,positive,negative,False,True,theta_local,17.146528870799965,-17.823178805800126,0.0541250157878042,0.0547061389693303,0.0,0.000581123181526,329.2965100587767,0.052070180967722535,True,False,False,False,False,False,False,False,True,h=1,1M<=p<100M,finite_zone,True,True,False,True,-0.052070180967722535,1.0,1.3154145632256049e-08,1.0,18.146528870799965,0.05510695776144412,0.00011469152380300843,0.05463307437470344,-0.0005080585868992363,,pass
hexc_01449,1450,109548991,109548990,1,109548991,positive,negative,False,True,theta_local,17.511882413557128,-18.18853234855669,0.0530757928982095,0.0547160509000266,0.0,0.001640258001817,342.6897904933657,0.05110126679976522,True,False,False,False,False,False,False,False,True,h=1,100M<=p<500M,finite_zone,True,True,False,True,-0.05110126679976522,1.0,9.128336015436236e-09,1.0,18.511882413557128,0.0540193578189354,9.554232577991932e-05,0.05341133802082543,-0.00033554512261592395,,pass
hexc_01450,1451,39674473,39674472,1,39674473,positive,negative,False,True,theta_local,16.496218541364772,-17.172868476364783,0.0560989140391331,0.0571186298906732,0.0,0.00101971585154,306.11766324719645,0.053888489695035104,True,False,False,False,False,False,False,False,True,h=1,1M<=p<100M,finite_zone,True,True,False,True,-0.053888489695035104,1.0,2.5205123707629336e-08,1.0,17.496218541364772,0.057155207431582304,0.00015876121600576551,0.056825952908916566,-0.0007270388697834668,,pass
hexc_01451,1452,180619891,180619890,1,180619891,positive,negative,False,True,theta_local,18.01190533130984,-18.688555266309777,0.0517040357292898,0.0527177038476254,0.0,0.0010136681183355,361.45254432668725,0.04983200592725766,True,False,False,False,False,False,False,False,True,h=1,100M<=p<500M,finite_zone,True,True,False,True,-0.04983200592725766,1.0,5.536488780186453e-09,1.0,19.011905331309833,0.05259862084170733,7.440758550165738e-05,0.05174830029900401,-4.4264569714215496e-05,,pass
hexc_01452,1453,30370903,30370902,1,30370903,positive,negative,False,True,theta_local,16.228995569869337,-16.90564550486897,0.056952374975059,0.0581011027814519,0.0,0.0011487278063928,296.83828834657726,0.0546728512021366,True,False,False,False,False,False,False,False,True,h=1,1M<=p<100M,finite_zone,True,True,False,True,-0.0546728512021366,1.0,3.2926251814113e-08,1.0,17.228995569869337,0.05804168884626302,0.00018145592251043503,0.057735579981573304,-0.0007832050065143051,,pass
hexc_01453,1454,33913337,33913336,1,33913337,positive,negative,False,True,theta_local,16.33931891680951,-17.015968851809248,0.0565968959312262,0.0580626759467249,0.0,0.0014657800154986,300.65198049882815,0.05434628732430118,True,False,False,False,False,False,False,False,True,h=1,1M<=p<100M,finite_zone,True,True,False,True,-0.05434628732430118,1.0,2.948692427406952e-08,1.0,17.33931891680951,0.05767239213937955,0.0001717175712443823,0.05735934582353375,-0.0007624498923075457,,pass
hexc_01454,1455,604873177,604873176,1,604873177,positive,negative,True,False,theta_local,19.22052936922738,-19.8971793042274,0.0486638507326526,0.0502486490880784,0.0,0.0015847983554257,408.86980797178694,0.047008923120470766,True,False,False,False,False,False,False,False,True,h=1,p>=500M,post_P0_tail,True,True,False,True,-0.047008923120470766,1.0,1.6532391218928196e-09,1.0,20.22052936922738,0.049454689426768936,4.066004330903767e-05,0.04775808426214323,0.0009057664705093699,,pass
hexc_01455,1456,33453967,33453966,1,33453967,positive,negative,False,True,theta_local,16.32568093242448,-17.00233086742446,0.0566405991738151,0.0588258697641753,0.0,0.0021852705903601,300.1792197721772,0.05438644601986424,True,False,False,False,False,False,False,False,True,h=1,1M<=p<100M,finite_zone,True,True,False,True,-0.05438644601986424,1.0,2.989182120015841e-08,1.0,17.32568093242448,0.05771778921130486,0.00017289251343004534,0.05740580080898905,-0.0007652016351739482,,pass
hexc_01456,1457,109497233,109497232,1,109497233,positive,negative,False,True,theta_local,17.51140983749516,-18.18805977249576,0.0530771237764023,0.0535318452011645,0.0,0.0004547214247621,342.6722941717126,0.05110249686168155,True,False,False,False,False,False,False,False,True,h=1,100M<=p<500M,finite_zone,True,True,False,True,-0.05110249686168155,1.0,9.132650867990427e-09,1.0,18.51140983749516,0.054020736874102575,9.556490395532466e-05,0.053412914372943154,-0.0003357905965408539,,pass
hexc_01457,1458,180642773,180642772,1,180642773,positive,negative,False,True,theta_local,18.012032009222114,-18.68868194422248,0.0517036971838962,0.0520568223877897,0.0,0.0003531252038934,361.45736111968625,0.04983169232859514,True,False,False,False,False,False,False,False,True,h=1,100M<=p<500M,finite_zone,True,True,False,True,-0.04983169232859514,1.0,5.5357874737673565e-09,1.0,19.012032009222114,0.05259827037504106,7.44028727521146e-05,0.051747880100152965,-4.418291625676862e-05,,pass
hexc_01458,1459,30801733,30801732,1,30801733,positive,negative,False,True,theta_local,16.243081512594685,-16.91973144759504,0.0569067394885515,0.0574062037622427,0.0,0.0004994642736911,297.3238600499846,0.054630938498726536,True,False,False,False,False,False,False,False,True,h=1,1M<=p<100M,finite_zone,True,True,False,True,-0.054630938498726536,1.0,3.246570574454366e-08,1.0,17.243081512594685,0.05799427435691123,0.00018018242351723339,0.057687486089874396,-0.0007807466013228931,,pass
hexc_01459,1460,40882901,40882900,1,40882901,positive,negative,False,True,theta_local,16.52622246513839,-17.202872400138403,0.05600468102035,0.0576070126058503,0.0,0.0016023315855002,307.16847389752155,0.05380181844655033,True,False,False,False,False,False,False,False,True,h=1,1M<=p<100M,finite_zone,True,True,False,True,-0.05380181844655033,1.0,2.4460103748508452e-08,1.0,17.52622246513839,0.05705736087677259,0.0001563972625991531,0.0567241651345094,-0.0007194841141593966,,pass
hexc_01460,1461,109683839,109683838,1,109683839,positive,negative,False,True,theta_local,17.51311259442927,-18.18976252942957,0.0530723287510303,0.054191893146005,0.0,0.0011195643949746,342.73533793401566,0.051098065055086156,True,False,False,False,False,False,False,False,True,h=1,100M<=p<500M,finite_zone,True,True,False,True,-0.051098065055086156,1.0,9.117113415404798e-09,1.0,18.51311259442927,0.05401576827771832,9.548357667894935e-05,0.053407234602783404,-0.000334905851753102,,pass
hexc_01461,1462,179381723,179381722,1,179381723,positive,negative,False,True,theta_local,18.00502662391517,-18.68167655891466,0.0517224256596662,0.0520888394763615,0.0,0.0003664138166952,361.1910369757245,0.04984904048193555,True,False,False,False,False,False,False,False,True,h=1,100M<=p<500M,finite_zone,True,True,False,True,-0.04984904048193555,1.0,5.574703951305006e-09,1.0,19.00502662391517,0.052617658464189664,7.466394010032558e-05,0.0517711181936098,-4.8692533943600624e-05,,pass
hexc_01462,1463,109595639,109595638,1,109595639,positive,negative,False,True,theta_local,17.512308141540554,-18.188958076540985,0.0530745940116466,0.0546729446820717,0.0,0.001598350670425,342.7055527273487,0.05110015872860128,True,False,False,False,False,False,False,False,True,h=1,100M<=p<500M,finite_zone,True,True,False,True,-0.05110015872860128,1.0,9.124450654464454e-09,1.0,18.512308141540554,0.05401811553449986,9.552199042348549e-05,0.0534099179460219,-0.00033532393437529784,,pass
hexc_01463,1464,30775567,30775566,1,30775567,positive,negative,False,True,theta_local,16.24223165391056,-16.918881588910608,0.0569094907791713,0.0589963664252072,0.0,0.0020868756460358,297.29455240711536,0.05463346543823796,True,False,False,False,False,False,False,False,True,h=1,1M<=p<100M,finite_zone,True,True,False,True,-0.05463346543823796,1.0,3.2493308734165646e-08,1.0,17.24223165391056,0.0579971328579847,0.00018025900458552865,0.057690387298397594,-0.000780896519226297,,pass
hexc_01464,1465,108531329,108531328,1,108531329,positive,negative,False,True,theta_local,17.502549435809307,-18.17919937080933,0.0531020889761283,0.0535686467311318,0.0,0.0004665577550034,342.3443356245673,0.05112557041108318,True,False,False,False,False,False,False,False,True,h=1,100M<=p<500M,finite_zone,True,True,False,True,-0.05112557041108318,1.0,9.213929371490512e-09,1.0,18.502549435809307,0.05404660603498394,9.598921487068488e-05,0.053442471407410874,-0.00034038243128257234,,pass
hexc_01465,1466,109527673,109527672,1,109527673,positive,negative,False,True,theta_local,17.51168779675333,-18.188337731753563,0.0530763409738794,0.0541881378018258,0.0,0.0011117968279463,342.6825850844661,0.05110177335809744,True,False,False,False,False,False,False,False,True,h=1,100M<=p<500M,finite_zone,True,True,False,True,-0.05110177335809744,1.0,9.130112715897835e-09,1.0,18.51168779675333,0.054019925734453286,9.555162330331095e-05,0.05341198719477003,-0.0003356462208906272,,pass
hexc_01466,1467,108548059,108548058,1,108548059,positive,negative,False,True,theta_local,17.50270357296795,-18.17935350796779,0.0531016544763198,0.0551453136707533,0.0,0.0020436591944334,342.3500395091209,0.051125168841996416,True,False,False,False,False,False,False,False,True,h=1,100M<=p<500M,finite_zone,True,True,False,True,-0.051125168841996416,1.0,9.212509272045114e-09,1.0,18.50270357296795,0.054046155798603314,9.598181740332443e-05,0.05344195719917799,-0.00034030272285819063,,pass
hexc_01467,1468,604814519,604814518,1,604814519,positive,negative,True,False,theta_local,19.22043238882452,-19.89708232382327,0.0486640803391948,0.0500539236422512,4.448865669330483e-15,0.0013898433030518,408.8658859910237,0.047009136852387064,True,False,False,False,False,False,False,False,True,h=1,p>=500M,post_P0_tail,True,True,False,True,-0.047009136852387064,1.0,1.6533994614636557e-09,1.0,20.22043238882452,0.049454926619308226,4.066201497053062e-05,0.047758403241737524,0.0009056770974572789,,pass
