candidate_id,block_id,E_theta,E_theta_sign,DeltaD,DeltaD_sign,Q_delta_D,Q_R2Q,sign_consistent,sign_inconsistent_flag,sign_inconsistent_positive_harmless,sign_inconsistent_threshold_relevant,sign_inconsistent_forbidden,row_status
hexc_00000,1,-3089.9881332697114,negative,-541095.7142812033,negative,1.8091175489119342,1.8193520399038576,True,False,False,False,False,primitive_negative_transfer_verified
hexc_00001,2,17.186562246627208,positive,-19.53986210777775,negative,0.1106139903704657,0.1157979799474991,False,True,True,False,False,sign_inconsistent_positive_harmless
hexc_00002,3,-1027.9446158131832,negative,-50165.02240775837,negative,0.6643586881865706,0.6812241515207513,True,False,False,False,False,primitive_full_verified
hexc_00003,4,10.0007823069704,positive,-10.677432241970394,negative,0.08823069149837741,0.0921982535693211,False,True,True,False,False,sign_inconsistent_positive_harmless
hexc_00004,5,-4.315460261267276,negative,-618.4840667387305,negative,0.13517972132212755,0.1566810093663226,True,False,False,False,False,primitive_full_verified
hexc_00005,6,-285.247239607314,negative,-1687.5380821821711,negative,0.14944900281659243,0.1786966438467436,True,False,False,False,False,primitive_full_verified
hexc_00006,7,-928.3530182520336,negative,-81816.70719328354,negative,0.8528427097579773,0.862526348366495,True,False,False,False,False,primitive_negative_transfer_verified
hexc_00007,8,-246.6432758578178,negative,-906.2861454643348,negative,0.10497564138210953,0.1383470038914393,True,False,False,False,False,primitive_full_verified
hexc_00008,9,-480.68150179983786,negative,-8643.103225239702,negative,0.3009444286825112,0.3212949859833325,True,False,False,False,False,primitive_full_verified
hexc_00009,10,-1758.548029879923,negative,-33018.34702990349,negative,0.43725192631542403,0.4625799992422776,True,False,False,False,False,primitive_full_verified
hexc_00010,11,4.351858133476067,positive,-5.028508068476066,negative,0.1755617761599286,0.1912764152417241,False,True,True,False,False,sign_inconsistent_positive_harmless
hexc_00011,12,-166.86828088206357,negative,-466.2432979484343,negative,0.07336887604837976,0.1060058846880691,True,False,False,False,False,primitive_full_verified
hexc_00012,13,9.666603794621116,positive,-10.343253729621123,negative,0.09090857515635443,0.0968247715409328,False,True,True,False,False,sign_inconsistent_positive_harmless
hexc_00013,14,18.90523282037472,positive,-181.7593802670372,negative,0.06482204542037459,0.0899443884131837,False,True,True,False,False,sign_inconsistent_positive_harmless
hexc_00014,15,9.672043644375696,positive,-10.34869357937572,negative,0.09086368432228856,0.0943896668138165,False,True,True,False,False,sign_inconsistent_positive_harmless
hexc_00015,16,9.973511734352114,positive,-10.650161669352116,negative,0.0884432993920433,0.0939517191622745,False,True,True,False,False,sign_inconsistent_positive_harmless
hexc_00016,17,9.990920922612805,positive,-10.667570857612787,negative,0.08830745523387652,0.0929815072257821,False,True,True,False,False,sign_inconsistent_positive_harmless
hexc_00017,18,-165.06704136906455,negative,-1395.5062112850246,negative,0.14011202855347463,0.159654089699117,True,False,False,False,False,primitive_full_verified
hexc_00018,19,-63.24655312102391,negative,-1004.7642034281848,negative,0.1353288100910507,0.1510851987794436,True,False,False,False,False,primitive_full_verified
hexc_00019,20,9.97697004973177,positive,-10.653619984731762,negative,0.08841628088234174,0.0923670994574258,False,True,True,False,False,sign_inconsistent_positive_harmless
hexc_00020,21,-424.33160930738086,negative,-12121.907568691418,negative,0.3244066291128366,0.338124053326903,True,False,False,False,False,primitive_full_verified
hexc_00021,22,10.005577121783782,positive,-10.682227056783772,negative,0.08819341549073223,0.0940510554686493,False,True,True,False,False,sign_inconsistent_positive_harmless
hexc_00022,23,22.55722059933116,positive,-24.91052046929002,negative,0.08807285582027803,0.0920232096308952,False,True,True,False,False,sign_inconsistent_positive_harmless
hexc_00023,24,-1166.673386312199,negative,-47831.82037550756,negative,0.5329138719787416,0.5459231094474968,True,False,False,False,False,primitive_full_verified
hexc_00024,25,-719.8064293124298,negative,-17682.881280788435,negative,0.3389837450779626,0.3557665519303423,True,False,False,False,False,primitive_full_verified
hexc_00025,26,21.69655017143579,positive,-24.04985004133846,negative,0.09105697672258141,0.0944180902326222,False,True,True,False,False,sign_inconsistent_positive_harmless
hexc_00026,27,-38.252494546276125,negative,-325.52679180880466,negative,0.07769748098553032,0.0967472985369818,True,False,False,False,False,primitive_full_verified
hexc_00027,28,-700.5003791113922,negative,-7240.816620533022,negative,0.21133166289965347,0.2345732370876761,True,False,False,False,False,primitive_full_verified
hexc_00028,29,-56.54292508843059,negative,-945.3034224797802,negative,0.11743564884154789,0.1341559286414388,True,False,False,False,False,primitive_full_verified
hexc_00029,30,-113.94054074237602,negative,-2292.6780519420754,negative,0.17510748585096741,0.1879865387221068,True,False,False,False,False,primitive_full_verified
hexc_00030,31,-80.20709910296955,negative,-2126.957375998616,negative,0.16212751151346744,0.1766899326140388,True,False,False,False,False,primitive_full_verified
hexc_00031,32,-117.56184933337444,negative,-703.1382912358818,negative,0.09713660499328679,0.1154116378424172,True,False,False,False,False,primitive_full_verified
hexc_00032,33,23.99169028406876,positive,-27.20127901406522,negative,0.06943156889258409,0.0726584885625681,False,True,True,False,False,sign_inconsistent_positive_harmless
hexc_00033,34,3.844187086458591,positive,-4.520837021458592,negative,0.19265355863346534,0.2157084836048593,False,True,True,False,False,sign_inconsistent_positive_harmless
hexc_00034,35,11.779740665326448,positive,-12.456390600326472,negative,0.07626901476748829,0.080127585396028,False,True,True,False,False,sign_inconsistent_positive_harmless
hexc_00035,36,-452.5803398765943,negative,-2604.19045438886,negative,0.13714548445978042,0.1623741874086595,True,False,False,False,False,primitive_full_verified
hexc_00036,37,6.412764017426562,positive,-7.089413952426561,negative,0.12901790519204107,0.1389495863976313,False,True,True,False,False,sign_inconsistent_positive_harmless
hexc_00037,38,10.957104747706284,positive,-11.633754682706297,negative,0.08136315476443405,0.0868104441327406,False,True,True,False,False,sign_inconsistent_positive_harmless
hexc_00038,39,-364.0109776889212,negative,-5972.95270429004,negative,0.21848170759405397,0.2349256240499423,True,False,False,False,False,primitive_full_verified
hexc_00039,40,-228.7179970545885,negative,-6388.011550910226,negative,0.23578937810394623,0.24963148266117,True,False,False,False,False,primitive_full_verified
hexc_00040,41,-1617.0683062109456,negative,-118889.25056613778,negative,0.7467076670478365,0.7568596623500748,True,False,False,False,False,primitive_full_verified
hexc_00041,42,-117.76229972501552,negative,-1430.1054790106923,negative,0.13015673297709843,0.1460888226947264,True,False,False,False,False,primitive_full_verified
hexc_00042,43,-151.7480364006467,negative,-1229.9006183879278,negative,0.1101458902583867,0.1300675391522673,True,False,False,False,False,primitive_full_verified
hexc_00043,44,-629.3445955758762,negative,-7902.204580257003,negative,0.22253016129984254,0.2415685632788372,True,False,False,False,False,primitive_full_verified
hexc_00044,45,-163.66723291570224,negative,-2489.441898656397,negative,0.16080955459196564,0.1752468754780604,True,False,False,False,False,primitive_full_verified
hexc_00045,46,12.3342906609052,positive,-13.01094059590514,negative,0.07317603245970992,0.0748436752518515,False,True,True,False,False,sign_inconsistent_positive_harmless
hexc_00046,47,-205.7621329185172,negative,-997.9957473512264,negative,0.09573306765367764,0.1184377830877646,True,False,False,False,False,primitive_full_verified
hexc_00047,48,46.90968440981942,positive,-691.6775565305757,negative,0.1072136412049886,0.1225172337511368,False,True,True,False,False,sign_inconsistent_positive_harmless
hexc_00048,49,-291.8733586694325,negative,-10356.155825807087,negative,0.2975764937115444,0.3075518627750951,True,False,False,False,False,primitive_full_verified
hexc_00049,50,-93.6529697629686,negative,-267.71927672099514,negative,0.05536606911282309,0.0793601948576568,True,False,False,False,False,primitive_full_verified
hexc_00050,51,-192.29332879440085,negative,-1468.9981860940732,negative,0.11990574866534748,0.1392439305539144,True,False,False,False,False,primitive_full_verified
hexc_00051,52,13.229260584493224,positive,-13.905910519493318,negative,0.06868070822556867,0.0713499660129912,False,True,True,False,False,sign_inconsistent_positive_harmless
hexc_00052,53,22.56633807844032,positive,-24.919637948399497,negative,0.08804212044408564,0.0917954514179663,False,True,True,False,False,sign_inconsistent_positive_harmless
hexc_00053,54,-113.30394854654696,negative,-1681.6041273500573,negative,0.14213410863272255,0.1547550134720171,True,False,False,False,False,primitive_full_verified
hexc_00054,55,-156.60587200935356,negative,-1099.6240179754095,negative,0.1031699645978112,0.1217247995908262,True,False,False,False,False,primitive_full_verified
hexc_00055,56,9.625130217388572,positive,-329.9465646577695,negative,0.08118295535426816,0.0952884508457212,False,True,True,False,False,sign_inconsistent_positive_harmless
hexc_00056,57,-637.8829200418768,negative,-2527.025590101053,negative,0.11084258327778278,0.1434186712486546,True,False,False,False,False,primitive_full_verified
hexc_00057,58,24.97616952660599,positive,-27.32946939660235,negative,0.08063919288629051,0.0833294497303515,False,True,True,False,False,sign_inconsistent_positive_harmless
hexc_00058,59,4.680172609017068,positive,-5.356822544017069,negative,0.16602909215822045,0.1707575979731007,False,True,True,False,False,sign_inconsistent_positive_harmless
hexc_00059,60,37.02008815604045,positive,-43.37603271443948,negative,0.06809761570439705,0.0730965487832678,False,True,True,False,False,sign_inconsistent_positive_harmless
hexc_00060,61,24.97904537377347,positive,-27.33234524376985,negative,0.08063185815170103,0.0832943901091022,False,True,True,False,False,sign_inconsistent_positive_harmless
hexc_00061,62,-570.3217879884924,negative,-8753.869097322327,negative,0.23499191293373353,0.2503069484559692,True,False,False,False,False,primitive_full_verified
hexc_00062,63,-215.2921471839013,negative,-1627.3307655551475,negative,0.11365076420007666,0.1321516982536188,True,False,False,False,False,primitive_full_verified
hexc_00063,64,-1034.3984432700745,negative,-41097.65520487146,negative,0.436528398028676,0.4494568065190746,True,False,False,False,False,primitive_full_verified
hexc_00064,65,27.10131744255433,positive,-29.45461731255397,negative,0.07507232127945757,0.0792717980142518,False,True,True,False,False,sign_inconsistent_positive_harmless
hexc_00065,66,12.994557592691232,positive,-13.671207527691196,negative,0.06980532097839838,0.0711424243631883,False,True,True,False,False,sign_inconsistent_positive_harmless
hexc_00066,67,-265.53724747196566,negative,-2280.972504373403,negative,0.13160934175119632,0.1495716452263878,True,False,False,False,False,primitive_full_verified
hexc_00067,68,12.991201010838148,positive,-13.667850945838154,negative,0.06982167154981855,0.0712244136304279,False,True,True,False,False,sign_inconsistent_positive_harmless
hexc_00068,69,-400.9453068567673,negative,-2637.631696644796,negative,0.12458626279728342,0.1469597990717331,True,False,False,False,False,primitive_full_verified
hexc_00069,70,-139.04176855224262,negative,-569.6987517866241,negative,0.07119260047589483,0.0908608054490663,True,False,False,False,False,primitive_full_verified
hexc_00070,71,12.990707629107597,positive,-13.667357564107531,negative,0.06982407555474988,0.0710316103925829,False,True,True,False,False,sign_inconsistent_positive_harmless
hexc_00071,72,-113.26485440576494,negative,-249.96047798659333,negative,0.04364182645884409,0.0679786634633438,True,False,False,False,False,primitive_full_verified
hexc_00072,73,-220.51959869872007,negative,-3673.138631205552,negative,0.17082975855642113,0.1837301433813745,True,False,False,False,False,primitive_full_verified
hexc_00073,74,12.986342191006576,positive,-13.662992126006657,negative,0.06984535338381721,0.0716803042452162,False,True,True,False,False,sign_inconsistent_positive_harmless
hexc_00074,75,-330.4150379443963,negative,-9888.473703891712,negative,0.2536736118314834,0.2647255241959858,True,False,False,False,False,primitive_full_verified
hexc_00075,76,6.965198290612176,positive,-7.641848225612179,negative,0.12044956175546778,0.1282261417306278,False,True,True,False,False,sign_inconsistent_positive_harmless
hexc_00076,77,-198.21267981504025,negative,-737.8526257071599,negative,0.07022773512529909,0.0933658727593846,True,False,False,False,False,primitive_full_verified
hexc_00077,78,-56.25170384278789,negative,-395.00311291379376,negative,0.07315879400290866,0.0865309897820664,True,False,False,False,False,primitive_full_verified
hexc_00078,79,-330.4584709322444,negative,-8081.547700812343,negative,0.2292074218688508,0.2408302537232801,True,False,False,False,False,primitive_full_verified
hexc_00079,80,24.993182690643494,positive,-27.34648256063997,negative,0.08059189383959263,0.0831464357639209,False,True,True,False,False,sign_inconsistent_positive_harmless
hexc_00080,81,13.22907411823977,positive,-13.905724053239853,negative,0.0686815873299589,0.0705955645536329,False,True,True,False,False,sign_inconsistent_positive_harmless
hexc_00081,82,-68.54730774172731,negative,-323.79453525219947,negative,0.05440622301948226,0.0796044258439215,True,False,False,False,False,primitive_full_verified
hexc_00082,83,9.66716309178561,positive,-10.343813026785613,negative,0.09090395766983898,0.0952612074725035,False,True,True,False,False,sign_inconsistent_positive_harmless
hexc_00083,84,12.33356227452393,positive,-13.010212209523957,negative,0.07317993057193176,0.0752538383487422,False,True,True,False,False,sign_inconsistent_positive_harmless
hexc_00084,85,8.24541789858888,positive,-8.922067833588883,negative,0.10437883089286956,0.1086725867349362,False,True,True,False,False,sign_inconsistent_positive_harmless
hexc_00085,86,8.6714924414986,positive,-9.3481423764986,negative,0.09993976520569149,0.1069835705399953,False,True,True,False,False,sign_inconsistent_positive_harmless
hexc_00086,87,-178.26963014023477,negative,-5567.723402559313,negative,0.19107869635213975,0.2045445847739718,True,False,False,False,False,primitive_full_verified
hexc_00087,88,-37.87575835699317,negative,-218.61666116771448,negative,0.054015424276215446,0.0705553720204413,True,False,False,False,False,primitive_full_verified
hexc_00088,89,12.987907191915609,positive,-13.66455712691561,negative,0.06983772383410335,0.0739495641263946,False,True,True,False,False,sign_inconsistent_positive_harmless
hexc_00089,90,-461.50121601656247,negative,-8106.104690189923,negative,0.21610233095748083,0.2296201708973325,True,False,False,False,False,primitive_full_verified
hexc_00090,91,-450.7172966904154,negative,-5434.931495367947,negative,0.17481539152050019,0.1917202756433797,True,False,False,False,False,primitive_full_verified
hexc_00091,92,14.055027034946916,positive,-14.731676969946989,negative,0.06499637082455596,0.0687276505309807,False,True,True,False,False,sign_inconsistent_positive_harmless
hexc_00092,93,12.988487758598636,positive,-13.665137693598696,negative,0.06983489393195134,0.0717695715648134,False,True,True,False,False,sign_inconsistent_positive_harmless
hexc_00093,94,12.334436274537484,positive,-13.011086209537496,negative,0.07317525322764606,0.0765541684740735,False,True,True,False,False,sign_inconsistent_positive_harmless
hexc_00094,95,-366.6962581891348,negative,-3879.7407328734553,negative,0.14705611014008735,0.1648839859416764,True,False,False,False,False,primitive_full_verified
hexc_00095,96,-28.83790962671685,negative,-268.9157561582316,negative,0.06130470561386328,0.0753076301542394,True,False,False,False,False,primitive_full_verified
hexc_00096,97,-175.80966234322875,negative,-690.2088476648541,negative,0.07026593794595397,0.0903727573504991,True,False,False,False,False,primitive_full_verified
hexc_00097,98,-188.19672853522707,negative,-443.2519099326764,negative,0.05230060453477185,0.0761893412087709,True,False,False,False,False,primitive_full_verified
hexc_00098,99,-17.691366021948568,negative,-266.2477494151465,negative,0.05923858965846139,0.076175182058325,True,False,False,False,False,primitive_full_verified
hexc_00099,100,7.767329147794049,positive,-8.443979082794051,negative,0.1098531528794008,0.1159896775054861,False,True,True,False,False,sign_inconsistent_positive_harmless
hexc_00100,101,13.228045945966745,positive,-13.904695880966642,negative,0.06868643510304372,0.070535407834942,False,True,True,False,False,sign_inconsistent_positive_harmless
hexc_00101,102,-154.43846648475437,negative,-835.5915545465327,negative,0.07885308785741538,0.096662723146914,True,False,False,False,False,primitive_full_verified
hexc_00102,103,-12.808745615198404,negative,-782.6896931372066,negative,0.08230751647664125,0.0986530057695944,True,False,False,False,False,primitive_full_verified
hexc_00103,104,-165.14358633355937,negative,-855.725877447961,negative,0.08042370497303525,0.097634505621578,True,False,False,False,False,primitive_full_verified
hexc_00104,105,-688.5913402072983,negative,-16921.907040198,negative,0.27802963361184646,0.2914811871626422,True,False,False,False,False,primitive_full_verified
hexc_00105,106,5.171700597410915,positive,-5.848350532410915,negative,0.15354076367626826,0.1648068982246287,False,True,True,False,False,sign_inconsistent_positive_harmless
hexc_00106,107,11.35320302633692,positive,-12.029852961336928,negative,0.07883174874813109,0.0810551545684911,False,True,True,False,False,sign_inconsistent_positive_harmless
hexc_00107,108,-169.89877765908955,negative,-1118.8124807367185,negative,0.09075973584359716,0.1078488246263689,True,False,False,False,False,primitive_full_verified
hexc_00108,109,-137.96589757999288,negative,-604.6244752512366,negative,0.06586293274336268,0.0863386781827271,True,False,False,False,False,primitive_full_verified
hexc_00109,110,-127.70959529037896,negative,-655.0241926712538,negative,0.06818279601955107,0.0882379519127139,True,False,False,False,False,primitive_full_verified
hexc_00110,111,-140.46546636399898,negative,-1697.337130708749,negative,0.11870966256289346,0.1309387070981607,True,False,False,False,False,primitive_full_verified
hexc_00111,112,14.056512348440547,positive,-14.733162283440493,negative,0.0649900997036011,0.067178289113327,False,True,True,False,False,sign_inconsistent_positive_harmless
hexc_00112,113,-133.72293008495535,negative,-835.7371197162352,negative,0.08048012016634527,0.0966458075650577,True,False,False,False,False,primitive_full_verified
hexc_00113,114,22.58448267109209,positive,-24.93778254105206,negative,0.08798178582913603,0.0897827713986883,False,True,True,False,False,sign_inconsistent_positive_harmless
hexc_00114,115,14.054913535029169,positive,-14.731563470029188,negative,0.06499685008069155,0.0680235969848095,False,True,True,False,False,sign_inconsistent_positive_harmless
hexc_00115,116,-46.90137454561159,negative,-666.5577464566404,negative,0.08303182557811953,0.0962426881171498,True,False,False,False,False,primitive_full_verified
hexc_00116,117,-3.3720180676377822,negative,-556.6135410993293,negative,0.07511774498625995,0.0927710098591296,True,False,False,False,False,primitive_full_verified
hexc_00117,118,-377.4982097341908,negative,-1085.0677523256454,negative,0.0700042897116968,0.0958698914280892,True,False,False,False,False,primitive_full_verified
hexc_00118,119,13.2297840910738,positive,-13.906434026073724,negative,0.06867824024806729,0.0705260023814927,False,True,True,False,False,sign_inconsistent_positive_harmless
hexc_00119,120,-263.9525918434665,negative,-2812.800304471888,negative,0.13203684123442327,0.1470745643860575,True,False,False,False,False,primitive_full_verified
hexc_00120,121,-217.0841446013817,negative,-1087.6344517544494,negative,0.07837887439402169,0.0996639793175021,True,False,False,False,False,primitive_full_verified
hexc_00121,122,16.230566234990423,positive,-16.907216169990534,negative,0.05694728272699412,0.0587452641225273,False,True,True,False,False,sign_inconsistent_positive_harmless
hexc_00122,123,14.0025051445914,positive,-14.679155079591396,negative,0.06521890305256323,0.0681011679331808,False,True,True,False,False,sign_inconsistent_positive_harmless
hexc_00123,124,30.456009776270783,positive,-33.665598506270726,negative,0.056713455670736324,0.0597199396392292,False,True,True,False,False,sign_inconsistent_positive_harmless
hexc_00124,125,-102.04793904212896,negative,-1122.15241752471,negative,0.09510708847027186,0.110098889929409,True,False,False,False,False,primitive_full_verified
hexc_00125,126,16.525353313570633,positive,-17.20200324857069,negative,0.05600740630478425,0.057385037625347,False,True,True,False,False,sign_inconsistent_positive_harmless
hexc_00126,127,13.990114590991642,positive,-14.666764525991653,negative,0.06527162332604247,0.0687664195967628,False,True,True,False,False,sign_inconsistent_positive_harmless
hexc_00127,128,-385.9233859879023,negative,-7059.687735016454,negative,0.20111695486905462,0.2128199890626043,True,False,False,False,False,primitive_full_verified
hexc_00128,129,-139.55697264443688,negative,-1280.0985765136688,negative,0.09858592980528896,0.1130432056909814,True,False,False,False,False,primitive_full_verified
hexc_00129,130,-243.7212716620761,negative,-3083.211946461258,negative,0.13902575250268706,0.1528036364238857,True,False,False,False,False,primitive_full_verified
hexc_00130,131,29.727813795617536,positive,-32.08111366561752,negative,0.0691693522625108,0.071246224678351,False,True,True,False,False,sign_inconsistent_positive_harmless
hexc_00131,132,12.988948606314286,positive,-13.66559854131424,negative,0.06983264774861815,0.0709787746513286,False,True,True,False,False,sign_inconsistent_positive_harmless
hexc_00132,133,-126.54371300174604,negative,-781.7068219863181,negative,0.07790160866235708,0.0943688419287908,True,False,False,False,False,primitive_full_verified
hexc_00133,134,12.989254599495716,positive,-13.665904534495668,negative,0.0698311564099448,0.0714970560553375,False,True,True,False,False,sign_inconsistent_positive_harmless
hexc_00134,135,-5.285039920639065,negative,-271.95312120092467,negative,0.054340305264288055,0.0716348006649615,True,False,False,False,False,primitive_full_verified
hexc_00135,136,11.792577934264838,positive,-12.469227869264842,negative,0.07619446406342628,0.0782047695913046,False,True,True,False,False,sign_inconsistent_positive_harmless
hexc_00136,137,6.944137491114112,positive,-7.620787426114113,negative,0.12075533959843474,0.1252023670442801,False,True,True,False,False,sign_inconsistent_positive_harmless
hexc_00137,138,28.53656905120186,positive,-30.889868921201696,negative,0.07172752263710584,0.0741760381642046,False,True,True,False,False,sign_inconsistent_positive_harmless
hexc_00138,139,-129.7691972891198,negative,-2106.388627552733,negative,0.11587029451959278,0.13072783862462,True,False,False,False,False,primitive_full_verified
hexc_00139,140,13.229380909503124,positive,-13.906030844503109,negative,0.06868014095928714,0.0706156379648199,False,True,True,False,False,sign_inconsistent_positive_harmless
hexc_00140,141,15.36492236895841,positive,-16.04157230395822,negative,0.05989892582272951,0.0616477751710293,False,True,True,False,False,sign_inconsistent_positive_harmless
hexc_00141,142,13.637912938756417,positive,-14.314562873756472,negative,0.06680666170834218,0.0680251836107398,False,True,True,False,False,sign_inconsistent_positive_harmless
hexc_00142,143,9.658035524203411,positive,-10.334685459203412,negative,0.09097937233526061,0.0954963866947735,False,True,True,False,False,sign_inconsistent_positive_harmless
hexc_00143,144,12.005984605308186,positive,-12.682634540308186,negative,0.07497612774654469,0.0786725939660381,False,True,True,False,False,sign_inconsistent_positive_harmless
hexc_00144,145,13.232777087879647,positive,-13.90942702287964,negative,0.06866413370679166,0.070706350398406,False,True,True,False,False,sign_inconsistent_positive_harmless
hexc_00145,146,13.232944420583566,positive,-13.909594355583522,negative,0.0686633452081087,0.0707800350270976,False,True,True,False,False,sign_inconsistent_positive_harmless
hexc_00146,147,14.056438337519856,positive,-14.733088272519694,negative,0.06499041215542233,0.0670028543786573,False,True,True,False,False,sign_inconsistent_positive_harmless
hexc_00147,148,11.793028409774374,positive,-12.469678344774366,negative,0.07619185063270119,0.0779234045557953,False,True,True,False,False,sign_inconsistent_positive_harmless
hexc_00148,149,25.45764956203124,positive,-27.81094943202902,negative,0.07930770621417003,0.0810451897299419,False,True,True,False,False,sign_inconsistent_positive_harmless
hexc_00149,150,-181.7529341824936,negative,-1138.9160956331416,negative,0.08159948297469029,0.0995905772584955,True,False,False,False,False,primitive_full_verified
hexc_00150,151,31.992251009850825,positive,-34.34555087985109,negative,0.06477774856330634,0.0668468275799452,False,True,True,False,False,sign_inconsistent_positive_harmless
hexc_00151,152,14.006865794521072,positive,-14.683515729521105,negative,0.06520036927061702,0.0668271319376652,False,True,True,False,False,sign_inconsistent_positive_harmless
hexc_00152,153,-288.5408809320145,negative,-1185.2750978010554,negative,0.08062245867210684,0.1012159404301471,True,False,False,False,False,primitive_full_verified
hexc_00153,154,-46.73192403059045,negative,-783.6660109766922,negative,0.09051820561273757,0.1004851300491716,True,False,False,False,False,primitive_full_verified
hexc_00154,155,-260.5729102754683,negative,-932.0165881492584,negative,0.07018431664754644,0.0926824198591366,True,False,False,False,False,primitive_full_verified
hexc_00155,156,-111.19601929144392,negative,-376.82136611255737,negative,0.05058822676419855,0.0691402528338287,True,False,False,False,False,primitive_full_verified
hexc_00156,157,12.984923320297408,positive,-13.661573255297412,negative,0.06985227197299462,0.072561666975567,False,True,True,False,False,sign_inconsistent_positive_harmless
hexc_00157,158,10.00421427088809,positive,-10.680864205888083,negative,0.0882040074099491,0.0919654214564058,False,True,True,False,False,sign_inconsistent_positive_harmless
hexc_00158,159,-326.6294922581101,negative,-2303.350362132319,negative,0.11087420116752512,0.127736784305964,True,False,False,False,False,primitive_full_verified
hexc_00159,160,-89.73245844873679,negative,-766.8938900258777,negative,0.07770083857780537,0.0914618710863124,True,False,False,False,False,primitive_full_verified
hexc_00160,161,-209.315923583554,negative,-883.006688561607,negative,0.06955553746476602,0.0882403302666724,True,False,False,False,False,primitive_full_verified
hexc_00161,162,12.996790739381732,positive,-13.673440674381707,negative,0.06979444711999212,0.0719876878780127,False,True,True,False,False,sign_inconsistent_positive_harmless
hexc_00162,163,-89.89320921839476,negative,-1393.649967181189,negative,0.09412316974983156,0.1088223400603969,True,False,False,False,False,primitive_full_verified
hexc_00163,164,-62.1134514057519,negative,-320.8295301391008,negative,0.047742927211628615,0.0651451540987114,True,False,False,False,False,primitive_full_verified
hexc_00164,165,-107.09979019561752,negative,-1300.8074713921385,negative,0.10061224379164574,0.1129806929343217,True,False,False,False,False,primitive_full_verified
hexc_00165,166,-27.196169889806526,negative,-378.16818960660703,negative,0.056321467792020095,0.0722199673831855,True,False,False,False,False,primitive_full_verified
hexc_00166,167,-174.45589668660523,negative,-1699.7513207575412,negative,0.10210882362506386,0.1167362250522532,True,False,False,False,False,primitive_full_verified
hexc_00167,168,12.994988910012886,positive,-13.671638845012922,negative,0.06980322050165168,0.0735589050981222,False,True,True,False,False,sign_inconsistent_positive_harmless
hexc_00168,169,11.793406430119706,positive,-12.47005636511966,negative,0.07618965768838006,0.0800334901917534,False,True,True,False,False,sign_inconsistent_positive_harmless
hexc_00169,170,30.3715381206486,positive,-32.72483799064821,negative,0.06786151215860352,0.0694300887821649,False,True,True,False,False,sign_inconsistent_positive_harmless
hexc_00170,171,-113.83924430671334,negative,-472.5772802525694,negative,0.05787036133223827,0.0736278072537615,True,False,False,False,False,primitive_full_verified
hexc_00171,172,24.99293236459349,positive,-27.34623223458982,negative,0.08059317392706945,0.0829932104381138,False,True,True,False,False,sign_inconsistent_positive_harmless
hexc_00172,173,31.489312639240573,positive,-33.84261250924055,negative,0.06570431687096066,0.0687690106203953,False,True,True,False,False,sign_inconsistent_positive_harmless
hexc_00173,174,-36.97787149460965,negative,-499.2839402244276,negative,0.06462894660491776,0.0784523836661713,True,False,False,False,False,primitive_full_verified
hexc_00174,175,11.625904943145828,positive,-275.4532928884128,negative,0.05646053180203018,0.0675855848506355,False,True,True,False,False,sign_inconsistent_positive_harmless
hexc_00175,176,-108.11236392766864,negative,-689.6235787695141,negative,0.07332362853757014,0.0892723594368366,True,False,False,False,False,primitive_full_verified
hexc_00176,177,-231.7350443422174,negative,-3277.7856986797688,negative,0.14380926297856406,0.1561570928801292,True,False,False,False,False,primitive_full_verified
hexc_00177,178,-178.6808742050422,negative,-375.0578184447095,negative,0.041457516440913306,0.0652388028843534,True,False,False,False,False,primitive_full_verified
hexc_00178,179,12.138297093206972,positive,-290.4046647422156,negative,0.052198597188669656,0.0668106572193494,False,True,True,False,False,sign_inconsistent_positive_harmless
hexc_00179,180,14.777418767184288,positive,-15.45406870218426,negative,0.06208274812972674,0.0641352518065375,False,True,True,False,False,sign_inconsistent_positive_harmless
hexc_00180,181,-264.0889231567578,negative,-1093.7313259743723,negative,0.07319549342641804,0.0931836500249432,True,False,False,False,False,primitive_full_verified
hexc_00181,182,31.485257351625947,positive,-33.838557221625706,negative,0.0657118639213774,0.0676460987104531,False,True,True,False,False,sign_inconsistent_positive_harmless
hexc_00182,183,-204.0286805520348,negative,-1017.3847377309448,negative,0.07571315421440726,0.0924099628241718,True,False,False,False,False,primitive_full_verified
hexc_00183,184,-365.2446493016978,negative,-16072.78416682542,negative,0.273340851201797,0.2819169646022565,True,False,False,False,False,primitive_full_verified
hexc_00184,185,-263.1556726067745,negative,-1126.5450067751608,negative,0.0742328278540055,0.09346455550884,True,False,False,False,False,primitive_full_verified
hexc_00185,186,29.817858553351044,positive,-33.027447283351194,negative,0.05775805834054687,0.0607248084445193,False,True,True,False,False,sign_inconsistent_positive_harmless
hexc_00186,187,11.732370947643444,positive,-12.40902088264346,negative,0.0765453740251714,0.079871308359875,False,True,True,False,False,sign_inconsistent_positive_harmless
hexc_00187,188,-97.48691281590504,negative,-445.9374260051891,negative,0.05729909091466835,0.072244005949339,True,False,False,False,False,primitive_full_verified
hexc_00188,189,16.495596033142387,positive,-17.172245968142306,negative,0.0561008725011637,0.0574888285914167,False,True,True,False,False,sign_inconsistent_positive_harmless
hexc_00189,190,88.76041429147188,positive,-443.08727352010055,negative,0.07050599410829013,0.0841518906254193,False,True,True,False,False,sign_inconsistent_positive_harmless
hexc_00190,191,-157.8722686231877,negative,-1689.007908053478,negative,0.10221548801013534,0.1148387219870256,True,False,False,False,False,primitive_full_verified
hexc_00191,192,14.056541835640791,positive,-14.733191770640817,negative,0.06498997521835746,0.068254632757475,False,True,True,False,False,sign_inconsistent_positive_harmless
hexc_00192,193,12.997826281407882,positive,-13.674476216407925,negative,0.06978940590543624,0.0715987515628432,False,True,True,False,False,sign_inconsistent_positive_harmless
hexc_00193,194,1.8396280710575184,positive,-482.4036024700822,negative,0.0652409739893801,0.0805833243274027,False,True,True,False,False,sign_inconsistent_positive_harmless
hexc_00194,195,-66.91772891101186,negative,-234.10470740420124,negative,0.04000341374757293,0.057783925386995,True,False,False,False,False,primitive_full_verified
hexc_00195,196,-58.70055013602325,negative,-613.5582144819077,negative,0.06891522359423742,0.0817237377621316,True,False,False,False,False,primitive_full_verified
hexc_00196,197,31.48517121172168,positive,-33.838471081721764,negative,0.0657120551260068,0.06834819426233,False,True,True,False,False,sign_inconsistent_positive_harmless
hexc_00197,198,32.05032051862896,positive,-34.40362038862895,negative,0.06467241708001675,0.0664294699592638,False,True,True,False,False,sign_inconsistent_positive_harmless
hexc_00198,199,26.93335827774129,positive,-200.3120510326244,negative,0.044323988539764124,0.0588053295328899,False,True,True,False,False,sign_inconsistent_positive_harmless
hexc_00199,200,30.365788199920942,positive,-32.71908806992133,negative,0.06787303713519106,0.0690704028270101,False,True,True,False,False,sign_inconsistent_positive_harmless
hexc_00200,201,14.768760419593791,positive,-15.445410354593832,negative,0.062116123032985825,0.0648470887681662,False,True,True,False,False,sign_inconsistent_positive_harmless
hexc_00201,202,5.511745329644728,positive,-6.188395264644726,negative,0.1459429870062299,0.1551610461475472,False,True,True,False,False,sign_inconsistent_positive_harmless
hexc_00202,203,15.363752583525644,positive,-16.040402518525752,negative,0.05990312146248465,0.0615986076879811,False,True,True,False,False,sign_inconsistent_positive_harmless
hexc_00203,204,12.006146364893356,positive,-12.682796299893312,negative,0.07497521903010237,0.078849161619478,False,True,True,False,False,sign_inconsistent_positive_harmless
hexc_00204,205,15.365569368699422,positive,-16.04221930369954,negative,0.05989660549747715,0.0621526059796389,False,True,True,False,False,sign_inconsistent_positive_harmless
hexc_00205,206,-238.54340509111228,negative,-524.896014638326,negative,0.04684412531104187,0.0697019970406704,True,False,False,False,False,primitive_full_verified
hexc_00206,207,13.233030052474517,positive,-13.909679987474531,negative,0.06866294170383187,0.0719532466962552,False,True,True,False,False,sign_inconsistent_positive_harmless
hexc_00207,208,-456.8694624263994,negative,-1737.604354405883,negative,0.08086444517526847,0.1030306737173388,True,False,False,False,False,primitive_full_verified
hexc_00208,209,23.938660520016867,positive,-241.52330759304232,negative,0.04750371488365581,0.0613874169888523,False,True,True,False,False,sign_inconsistent_positive_harmless
hexc_00209,210,16.227953437988603,positive,-16.904603372988277,negative,0.05695575416971929,0.058274726799016,False,True,True,False,False,sign_inconsistent_positive_harmless
hexc_00210,211,13.225824557839376,positive,-13.90247449283936,negative,0.06869691115570996,0.071217737590593,False,True,True,False,False,sign_inconsistent_positive_harmless
hexc_00211,212,11.73260132836337,positive,-12.409251263363387,negative,0.07654402512007549,0.0799255305017518,False,True,True,False,False,sign_inconsistent_positive_harmless
hexc_00212,213,15.683109358164144,positive,-16.35975929316419,negative,0.05877909785677801,0.0598206042552528,False,True,True,False,False,sign_inconsistent_positive_harmless
hexc_00213,214,11.350636085721526,positive,-12.027286020721531,negative,0.07884769255487908,0.081042286548022,False,True,True,False,False,sign_inconsistent_positive_harmless
hexc_00214,215,-418.75836712238106,negative,-2918.6660872864286,negative,0.11014732695586783,0.1286153186276067,True,False,False,False,False,primitive_full_verified
hexc_00215,216,15.367857062822154,positive,-16.044506997822282,negative,0.05988840261586013,0.062888385067126,False,True,True,False,False,sign_inconsistent_positive_harmless
hexc_00216,217,13.99005959793064,positive,-14.666709532930668,negative,0.06527185750460765,0.0666226148249239,False,True,True,False,False,sign_inconsistent_positive_harmless
hexc_00217,218,15.3637120652357,positive,-16.04036200023552,negative,0.059903266798934415,0.0613983378884961,False,True,True,False,False,sign_inconsistent_positive_harmless
hexc_00218,219,-386.3863224858651,negative,-4579.814371747323,negative,0.1417010086026295,0.1550942530280692,True,False,False,False,False,primitive_full_verified
hexc_00219,220,13.229815809938929,positive,-13.906465744938828,negative,0.06867809072088515,0.0718988838707155,False,True,True,False,False,sign_inconsistent_positive_harmless
hexc_00220,221,14.05471951299229,positive,-14.73136944799228,negative,0.06499766935977369,0.0679598564990468,False,True,True,False,False,sign_inconsistent_positive_harmless
hexc_00221,222,14.003849893960211,positive,-14.680499828960135,negative,0.06521318643028444,0.0684583966021968,False,True,True,False,False,sign_inconsistent_positive_harmless
hexc_00222,223,-382.9342517927116,negative,-3424.0588496471173,negative,0.12098870294262087,0.1356230693499753,True,False,False,False,False,primitive_full_verified
hexc_00223,224,16.230541447252687,positive,-16.907191382252677,negative,0.056947363084164745,0.0595665514274872,False,True,True,False,False,sign_inconsistent_positive_harmless
hexc_00224,225,31.461398013179057,positive,-33.81469788317918,negative,0.06575651561238693,0.0672912160005141,False,True,True,False,False,sign_inconsistent_positive_harmless
hexc_00225,226,16.495573334147675,positive,-17.172223269147707,negative,0.05610094391665008,0.0582681497791033,False,True,True,False,False,sign_inconsistent_positive_harmless
hexc_00226,227,30.371623145248783,positive,-32.724923015248805,negative,0.06786142382732466,0.0713316310686374,False,True,True,False,False,sign_inconsistent_positive_harmless
hexc_00227,228,-435.4909596411353,negative,-3011.5924615006134,negative,0.11183507955579303,0.1280136512189761,True,False,False,False,False,primitive_full_verified
hexc_00228,229,15.334966530134755,positive,-16.011616465134693,negative,0.0600065531060309,0.0618751942454069,False,True,True,False,False,sign_inconsistent_positive_harmless
hexc_00229,230,16.23014798292479,positive,-16.906797917924905,negative,0.05694863865167222,0.0593788171181867,False,True,True,False,False,sign_inconsistent_positive_harmless
hexc_00230,231,15.682943271814093,positive,-16.359593206814225,negative,0.05877967146361371,0.0608439203610845,False,True,True,False,False,sign_inconsistent_positive_harmless
hexc_00231,232,27.552134414332773,positive,-30.76172314433279,negative,0.061799126802939856,0.0636678531151053,False,True,True,False,False,sign_inconsistent_positive_harmless
hexc_00232,233,-132.8930425093655,negative,-560.4937472700594,negative,0.055410804257352446,0.072593883103974,True,False,False,False,False,primitive_full_verified
hexc_00233,234,16.33975729127334,positive,-17.01640722627326,negative,0.056595492268226,0.0577100468058422,False,True,True,False,False,sign_inconsistent_positive_harmless
hexc_00234,235,-26.94325242094044,negative,-423.5606315620903,negative,0.06641587998415201,0.0752600730877132,True,False,False,False,False,primitive_full_verified
hexc_00235,236,14.777580713623388,positive,-15.45423064862348,negative,0.06208212422433712,0.0641316326651891,False,True,True,False,False,sign_inconsistent_positive_harmless
hexc_00236,237,12.988714845146502,positive,-13.665364780146549,negative,0.0698337870883699,0.0718770358244725,False,True,True,False,False,sign_inconsistent_positive_harmless
hexc_00237,238,-77.7013201168142,negative,-337.05846232146905,negative,0.04304693873902578,0.0613897943072523,True,False,False,False,False,primitive_full_verified
hexc_00238,239,12.986079151806315,positive,-13.66272908680628,negative,0.06984663589208322,0.0720020312883792,False,True,True,False,False,sign_inconsistent_positive_harmless
hexc_00239,240,14.056216271886404,positive,-14.732866206886342,negative,0.06499134966768277,0.0681051918998026,False,True,True,False,False,sign_inconsistent_positive_harmless
hexc_00240,241,64.7786110793472,positive,-166.6075602538226,negative,0.047946529235187794,0.0576405602980837,False,True,True,False,False,sign_inconsistent_positive_harmless
hexc_00241,242,16.227921465711795,positive,-16.90457140071203,negative,0.0569558578486832,0.0582182910904303,False,True,True,False,False,sign_inconsistent_positive_harmless
hexc_00242,243,44.727242683927344,positive,-50.29013128392762,negative,0.06393481070585319,0.0666639054628127,False,True,True,False,False,sign_inconsistent_positive_harmless
hexc_00243,244,14.776787600614824,positive,-15.45343753561474,negative,0.06208517984480417,0.0646375517059872,False,True,True,False,False,sign_inconsistent_positive_harmless
hexc_00244,245,14.77762456960429,positive,-15.454274504604427,negative,0.0620819552695042,0.0631548657549673,False,True,True,False,False,sign_inconsistent_positive_harmless
hexc_00245,246,49.4624408087016,positive,-62.0306187855017,negative,0.05790037114428769,0.0624388750646292,False,True,True,False,False,sign_inconsistent_positive_harmless
hexc_00246,247,16.22877052654409,positive,-16.90542046154451,negative,0.05695310466182652,0.0580503951554774,False,True,True,False,False,sign_inconsistent_positive_harmless
hexc_00247,248,15.90876977974763,positive,-16.585419714747786,negative,0.058009943732833975,0.0588375187079942,False,True,True,False,False,sign_inconsistent_positive_harmless
hexc_00248,249,12.99546849026404,positive,-13.672118425263989,negative,0.06980088513708296,0.0733451964419051,False,True,True,False,False,sign_inconsistent_positive_harmless
hexc_00249,250,15.363216952468896,positive,-16.03986688746909,negative,0.05990504279292246,0.0613798520197853,False,True,True,False,False,sign_inconsistent_positive_harmless
hexc_00250,251,15.365171252537955,positive,-16.041821187538062,negative,0.05989803323409752,0.0619768263150305,False,True,True,False,False,sign_inconsistent_positive_harmless
hexc_00251,252,38.41162530909082,positive,-272.11499404329606,negative,0.05184814905383387,0.0623250464295579,False,True,True,False,False,sign_inconsistent_positive_harmless
hexc_00252,253,10.938578746956969,positive,-11.615228681956978,negative,0.08149341321970513,0.0867976721097067,False,True,True,False,False,sign_inconsistent_positive_harmless
hexc_00253,254,17.51245503440681,positive,-18.1891049694068,negative,0.053074180361281614,0.0542307354806207,False,True,True,False,False,sign_inconsistent_positive_harmless
hexc_00254,255,30.652459490191177,positive,-33.8620482201909,negative,0.056399435804371956,0.0583129230101737,False,True,True,False,False,sign_inconsistent_positive_harmless
hexc_00255,256,16.339332598648777,positive,-17.01598253364864,negative,0.05659685212130066,0.0584800149533509,False,True,True,False,False,sign_inconsistent_positive_harmless
hexc_00256,257,14.776038628411124,positive,-15.45268856341113,negative,0.06208806568035948,0.0630835742905236,False,True,True,False,False,sign_inconsistent_positive_harmless
hexc_00257,258,-157.64794417599842,negative,-1402.1072909315062,negative,0.08762827096563895,0.0992292790633997,True,False,False,False,False,primitive_full_verified
hexc_00258,259,13.22944040553211,positive,-13.90609034053216,negative,0.068679860471675,0.0718102487098728,False,True,True,False,False,sign_inconsistent_positive_harmless
hexc_00259,260,17.503059794097258,positive,-18.17970972909734,negative,0.05310065034583176,0.0543474529340776,False,True,True,False,False,sign_inconsistent_positive_harmless
hexc_00260,261,14.004614466102092,positive,-14.681264401102112,negative,0.06520993662802156,0.0686459109048948,False,True,True,False,False,sign_inconsistent_positive_harmless
hexc_00261,262,14.77818187904236,positive,-15.454831814042336,negative,0.06207980831918511,0.0645287401420676,False,True,True,False,False,sign_inconsistent_positive_harmless
hexc_00262,263,16.496696467516113,positive,-17.173346402516017,negative,0.05609741053693262,0.0588645021490785,False,True,True,False,False,sign_inconsistent_positive_harmless
hexc_00263,264,16.250781550943447,positive,-16.927431485943544,negative,0.05688182387804696,0.0576298658887291,False,True,True,False,False,sign_inconsistent_positive_harmless
hexc_00264,265,16.338376365517014,positive,-17.015026300517093,negative,0.05659991419031116,0.0586131860322688,False,True,True,False,False,sign_inconsistent_positive_harmless
hexc_00265,266,16.526038899672752,positive,-17.2026888346727,negative,0.056005256580390204,0.0570659692284134,False,True,True,False,False,sign_inconsistent_positive_harmless
hexc_00266,267,11.791654102970854,positive,-12.46830403797088,negative,0.07619982422513463,0.0800494306768673,False,True,True,False,False,sign_inconsistent_positive_harmless
hexc_00267,268,-22.283667759237915,negative,-543.5274568098926,negative,0.06851092754610978,0.0776137683916326,True,False,False,False,False,primitive_full_verified
hexc_00268,269,-129.92303273409152,negative,-471.67007232254673,negative,0.04747625573328855,0.0645219433395106,True,False,False,False,False,primitive_full_verified
hexc_00269,270,15.685866042410211,positive,-16.362515977410567,negative,0.05876957882327233,0.0599602263937145,False,True,True,False,False,sign_inconsistent_positive_harmless
hexc_00270,271,-64.92019598792695,negative,-940.1718167404042,negative,0.07284884037778645,0.0855229588678136,True,False,False,False,False,primitive_full_verified
hexc_00271,272,55.3992965006438,positive,-331.103306085764,negative,0.05806836923173812,0.0666565964958798,False,True,True,False,False,sign_inconsistent_positive_harmless
hexc_00272,273,16.230017736660166,positive,-16.906667671660216,negative,0.05694906090813245,0.0584108084726998,False,True,True,False,False,sign_inconsistent_positive_harmless
hexc_00273,274,-109.57283284869368,negative,-506.9791800952535,negative,0.05310784728061054,0.0689354203592449,True,False,False,False,False,primitive_full_verified
hexc_00274,275,-108.80604725032116,negative,-875.2634479402586,negative,0.07259400847814497,0.0837417020986148,True,False,False,False,False,primitive_full_verified
hexc_00275,276,-16.954684245508304,negative,-231.94008344249687,negative,0.03829367997107142,0.0551202378966553,True,False,False,False,False,primitive_full_verified
hexc_00276,277,14.776123939910772,positive,-15.452773874910918,negative,0.06208773695641923,0.0630902209402763,False,True,True,False,False,sign_inconsistent_positive_harmless
hexc_00277,278,16.229999777132257,positive,-16.906649712132094,negative,0.056949119133146216,0.0591615064749945,False,True,True,False,False,sign_inconsistent_positive_harmless
hexc_00278,279,-1.7644553033559305,negative,-667.9906081991116,negative,0.0749037015573616,0.0829200752976066,True,False,False,False,False,primitive_full_verified
hexc_00279,280,16.339316675800756,positive,-17.01596661080066,negative,0.05659690310705417,0.058191274874661,False,True,True,False,False,sign_inconsistent_positive_harmless
hexc_00280,281,17.505119323301336,positive,-18.181769258300847,negative,0.05309484560598518,0.0544870044829864,False,True,True,False,False,sign_inconsistent_positive_harmless
hexc_00281,282,13.229523694026316,positive,-13.906173629026284,negative,0.06867946782089697,0.0708017239099497,False,True,True,False,False,sign_inconsistent_positive_harmless
hexc_00282,283,15.682954754372712,positive,-16.359604689372645,negative,0.05877963180632679,0.0606328476734683,False,True,True,False,False,sign_inconsistent_positive_harmless
hexc_00283,284,16.229978067382206,positive,-16.90662800238215,negative,0.05694918951658711,0.0592359497084479,False,True,True,False,False,sign_inconsistent_positive_harmless
hexc_00284,285,-118.1895832631717,negative,-838.3759977755972,negative,0.06658358100147165,0.0793621467961531,True,False,False,False,False,primitive_full_verified
hexc_00285,286,12.988538226732649,positive,-13.665188161732658,negative,0.06983464794195783,0.0732650773543473,False,True,True,False,False,sign_inconsistent_positive_harmless
hexc_00286,287,17.50276614237342,positive,-18.17941607737339,negative,0.05310147810040764,0.0546923953449301,False,True,True,False,False,sign_inconsistent_positive_harmless
hexc_00287,288,34.005138362130026,positive,-36.35843823213054,negative,0.06131693332880472,0.06296609300304,False,True,True,False,False,sign_inconsistent_positive_harmless
hexc_00288,289,18.04886671672199,positive,-18.72551665172159,negative,0.05160544446543628,0.0528698455510337,False,True,True,False,False,sign_inconsistent_positive_harmless
hexc_00289,290,12.997882946799592,positive,-13.674532881799564,negative,0.06978913006858825,0.0734962713434768,False,True,True,False,False,sign_inconsistent_positive_harmless
hexc_00290,291,15.908947732596488,positive,-16.585597667596176,negative,0.05800934512795801,0.0591697378973292,False,True,True,False,False,sign_inconsistent_positive_harmless
hexc_00291,292,12.994592706870844,positive,-13.671242641870776,negative,0.06980514997076274,0.072507583675384,False,True,True,False,False,sign_inconsistent_positive_harmless
hexc_00292,293,-97.72642586632604,negative,-780.0027880678463,negative,0.06496384676003021,0.0771394318911972,True,False,False,False,False,primitive_full_verified
hexc_00293,294,16.525093385541517,positive,-17.201743320541482,negative,0.05600822137847416,0.0575917731273201,False,True,True,False,False,sign_inconsistent_positive_harmless
hexc_00294,295,16.242241791771498,positive,-16.918891726771562,negative,0.05690945795779282,0.0597981788803012,False,True,True,False,False,sign_inconsistent_positive_harmless
hexc_00295,296,15.334985850761935,positive,-16.011635785761882,negative,0.06000648356503187,0.0608018746772307,False,True,True,False,False,sign_inconsistent_positive_harmless
hexc_00296,297,-287.04929571977755,negative,-4021.722906728215,negative,0.13357275557751394,0.1444593757832343,True,False,False,False,False,primitive_full_verified
hexc_00297,298,30.46143587930456,positive,-33.67102460930437,negative,0.056704747726197116,0.0588683256744303,False,True,True,False,False,sign_inconsistent_positive_harmless
hexc_00298,299,-24.148225995829307,negative,-467.65545386830127,negative,0.061407383049320426,0.0700647985436921,True,False,False,False,False,primitive_full_verified
hexc_00299,300,17.50277178006044,positive,-18.17942171506093,negative,0.053101462208479444,0.0542277324548623,False,True,True,False,False,sign_inconsistent_positive_harmless
hexc_00300,301,-235.00910780034724,negative,-1413.9698777417052,negative,0.07592459236082011,0.0905498237696835,True,False,False,False,False,primitive_full_verified
hexc_00301,302,16.24461097054039,positive,-16.921260905540294,negative,0.05690178876662888,0.0591459350334649,False,True,True,False,False,sign_inconsistent_positive_harmless
hexc_00302,303,10.956642868748848,positive,-11.633292803748844,negative,0.08137371510014209,0.0823330539773264,False,True,True,False,False,sign_inconsistent_positive_harmless
hexc_00303,304,-193.460685806944,negative,-1165.450258677953,negative,0.0689304006027278,0.084228112951883,True,False,False,False,False,primitive_full_verified
hexc_00304,305,55.9180601763964,positive,-66.33657441749074,negative,0.06197763933326081,0.0656901337841472,False,True,True,False,False,sign_inconsistent_positive_harmless
hexc_00305,306,15.705757363609788,positive,-16.38240729860945,negative,0.058700983870679055,0.0614815788836374,False,True,True,False,False,sign_inconsistent_positive_harmless
hexc_00306,307,15.68582647984297,positive,-16.36247641484306,negative,0.05876971541392912,0.0615114980157123,False,True,True,False,False,sign_inconsistent_positive_harmless
hexc_00307,308,13.637716079452618,positive,-14.314366014452617,negative,0.06680753988023627,0.0691152327817433,False,True,True,False,False,sign_inconsistent_positive_harmless
hexc_00308,309,-84.74379677806667,negative,-688.3129050843572,negative,0.06443699188399456,0.0759633517847871,True,False,False,False,False,primitive_full_verified
hexc_00309,310,14.056626823294508,positive,-14.73327675829455,negative,0.06498961643115185,0.0675533283624984,False,True,True,False,False,sign_inconsistent_positive_harmless
hexc_00310,311,13.232086379526844,positive,-13.908736314526893,negative,0.06866738862747963,0.0704701582316363,False,True,True,False,False,sign_inconsistent_positive_harmless
hexc_00311,312,15.363856140188712,positive,-16.04050607518866,negative,0.05990275001472292,0.0626516042594357,False,True,True,False,False,sign_inconsistent_positive_harmless
hexc_00312,313,16.33798923441809,positive,-17.014639169417933,negative,0.05660115396350972,0.0584495095176475,False,True,True,False,False,sign_inconsistent_positive_harmless
hexc_00313,314,16.23003102518748,positive,-16.906680960187714,negative,0.056949017826637645,0.0585071691732537,False,True,True,False,False,sign_inconsistent_positive_harmless
hexc_00314,315,31.67940523101436,positive,-34.03270510101447,negative,0.06535100599393698,0.0662381750517639,False,True,True,False,False,sign_inconsistent_positive_harmless
hexc_00315,316,-212.4494583474634,negative,-727.5709528394036,negative,0.051740318542925205,0.0706267903397897,True,False,False,False,False,primitive_full_verified
hexc_00316,317,15.36366528725307,positive,-16.040315222252957,negative,0.059903434589369677,0.0614653493746613,False,True,True,False,False,sign_inconsistent_positive_harmless
hexc_00317,318,16.24368804772401,positive,-16.92033798272405,negative,0.05690477608422532,0.0586821462517961,False,True,True,False,False,sign_inconsistent_positive_harmless
hexc_00318,319,17.51312245909733,positive,-18.189772394097417,negative,0.05307230097428953,0.0544238599579058,False,True,True,False,False,sign_inconsistent_positive_harmless
hexc_00319,320,-249.2969172381811,negative,-1459.161415153525,negative,0.07696817320378503,0.0924905344982734,True,False,False,False,False,primitive_full_verified
hexc_00320,321,60.04468101919571,positive,-71.26896250889331,negative,0.05558640612626561,0.0605347509168848,False,True,True,False,False,sign_inconsistent_positive_harmless
hexc_00321,322,16.496090138221277,positive,-17.17274007322112,negative,0.0560993179947859,0.0582727770264986,False,True,True,False,False,sign_inconsistent_positive_harmless
hexc_00322,323,34.01068305675338,positive,-37.22027178675398,negative,0.05152264550142228,0.0532141645529486,False,True,True,False,False,sign_inconsistent_positive_harmless
hexc_00323,324,17.51311069806788,positive,-18.189760633067635,negative,0.05307233409076959,0.055032164231841,False,True,True,False,False,sign_inconsistent_positive_harmless
hexc_00324,325,12.989632758387462,positive,-13.666282693387416,negative,0.06982931344055088,0.0715945211420518,False,True,True,False,False,sign_inconsistent_positive_harmless
hexc_00325,326,18.04929680068071,positive,-18.725946735680736,negative,0.05160429946635132,0.0525393820764277,False,True,True,False,False,sign_inconsistent_positive_harmless
hexc_00326,327,34.02281684386655,positive,-36.3761167138664,negative,0.0612881804444233,0.0638594994842023,False,True,True,False,False,sign_inconsistent_positive_harmless
hexc_00327,328,31.65344728612889,positive,-34.00674715612877,negative,0.06539903661876094,0.0671490711147243,False,True,True,False,False,sign_inconsistent_positive_harmless
hexc_00328,329,34.021996050826246,positive,-36.37529592082683,negative,0.06128951543138168,0.0627535154340644,False,True,True,False,False,sign_inconsistent_positive_harmless
hexc_00329,330,-73.41046525155639,negative,-787.0428884391849,negative,0.0659092077597731,0.0766870226372487,True,False,False,False,False,primitive_full_verified
hexc_00330,331,16.324543559684656,positive,-17.001193494684685,negative,0.05664424695975741,0.0587411588277256,False,True,True,False,False,sign_inconsistent_positive_harmless
hexc_00331,332,16.525052539162417,positive,-17.201702474162175,negative,0.056008349465350084,0.0578586384299054,False,True,True,False,False,sign_inconsistent_positive_harmless
hexc_00332,333,12.005831808336865,positive,-12.682481743336892,negative,0.07497698613394928,0.0776707266078231,False,True,True,False,False,sign_inconsistent_positive_harmless
hexc_00333,334,16.525085892265995,positive,-17.20173582726602,negative,0.05600824487599082,0.0572224328808061,False,True,True,False,False,sign_inconsistent_positive_harmless
hexc_00334,335,-132.574005324258,negative,-1900.7429405446544,negative,0.09190021765388319,0.103142612325526,True,False,False,False,False,primitive_full_verified
hexc_00335,336,15.368291642911316,positive,-16.04494157791123,negative,0.059886844615466804,0.0614933608736022,False,True,True,False,False,sign_inconsistent_positive_harmless
hexc_00336,337,14.055257469638663,positive,-14.73190740463872,negative,0.0649953978302506,0.0678335682776829,False,True,True,False,False,sign_inconsistent_positive_harmless
hexc_00337,338,-45.88831219329336,negative,-519.7337882343145,negative,0.05689206360445941,0.0670776998596762,True,False,False,False,False,primitive_full_verified
hexc_00338,339,17.50253673893403,positive,-18.17918667393405,negative,0.05310211852704318,0.0549969698681508,False,True,True,False,False,sign_inconsistent_positive_harmless
hexc_00339,340,16.526219285319847,positive,-17.202869220319826,negative,0.05600469099040612,0.0576333796617081,False,True,True,False,False,sign_inconsistent_positive_harmless
hexc_00340,341,14.775951338485887,positive,-15.452601273485923,negative,0.06208840203120991,0.0646932136535411,False,True,True,False,False,sign_inconsistent_positive_harmless
hexc_00341,342,31.05151430036597,positive,-34.26110303036603,negative,0.055772172413556156,0.0574566735917498,False,True,True,False,False,sign_inconsistent_positive_harmless
hexc_00342,343,13.233061668549976,positive,-13.909711603550022,negative,0.06866279272756931,0.07170621495335,False,True,True,False,False,sign_inconsistent_positive_harmless
hexc_00343,344,-74.72895699034427,negative,-308.14794080563934,negative,0.04095566047711019,0.0542204176570948,True,False,False,False,False,primitive_full_verified
hexc_00344,345,31.500185622358515,positive,-33.853485492358686,negative,0.06568402610130883,0.0692098295960013,False,True,True,False,False,sign_inconsistent_positive_harmless
hexc_00345,346,16.525303615149454,positive,-17.201953550149483,negative,0.056007548062116934,0.0574305097109247,False,True,True,False,False,sign_inconsistent_positive_harmless
hexc_00346,347,-55.09311664328777,negative,-486.9858554314424,negative,0.05167088183026705,0.064256989998171,True,False,False,False,False,primitive_full_verified
hexc_00347,348,15.363648859683163,positive,-16.040298794683167,negative,0.05990349351451766,0.0626209646339798,False,True,True,False,False,sign_inconsistent_positive_harmless
hexc_00348,349,14.768726384026335,positive,-15.445376319026307,negative,0.06211625429897415,0.0640096837074059,False,True,True,False,False,sign_inconsistent_positive_harmless
hexc_00349,350,35.0046169630778,positive,-37.35791683307798,negative,0.059732301368142345,0.0624748732312566,False,True,True,False,False,sign_inconsistent_positive_harmless
hexc_00350,351,16.337259554044127,positive,-17.01390948904418,negative,0.0566034908858585,0.0573142485737193,False,True,True,False,False,sign_inconsistent_positive_harmless
hexc_00351,352,17.51337241663912,positive,-18.190022351638618,negative,0.0530715971584078,0.0539020807162376,False,True,True,False,False,sign_inconsistent_positive_harmless
hexc_00352,353,18.00660183085661,positive,-18.683251765856767,negative,0.05171821325681022,0.0530489105874725,False,True,True,False,False,sign_inconsistent_positive_harmless
hexc_00353,354,16.242525740093644,positive,-16.91917567509381,negative,0.056908538688966434,0.0583295511087164,False,True,True,False,False,sign_inconsistent_positive_harmless
hexc_00354,355,16.337270723016555,positive,-17.01392065801656,negative,0.05660345511391907,0.0578346580287957,False,True,True,False,False,sign_inconsistent_positive_harmless
hexc_00355,356,45.00982232048878,positive,-50.57271092048859,negative,0.06359730769159669,0.0654611569085146,False,True,True,False,False,sign_inconsistent_positive_harmless
hexc_00356,357,16.24879806610611,positive,-16.92544800110636,negative,0.056888239907921884,0.058206963587266,False,True,True,False,False,sign_inconsistent_positive_harmless
hexc_00357,358,13.63750247842863,positive,-14.314152413428587,negative,0.06680849276156148,0.0701677034244439,False,True,True,False,False,sign_inconsistent_positive_harmless
hexc_00358,359,17.511881701546663,positive,-18.18853163654694,negative,0.053075794903339586,0.0540412935367529,False,True,True,False,False,sign_inconsistent_positive_harmless
hexc_00359,360,-1.5258205110753806,negative,-399.1853001142031,negative,0.059228025335701866,0.0702213435707402,True,False,False,False,False,primitive_full_verified
hexc_00360,361,30.67564639008905,positive,-33.885235120088964,negative,0.05636261671122004,0.0585493445209605,False,True,True,False,False,sign_inconsistent_positive_harmless
hexc_00361,362,14.051277625191709,positive,-14.727927560191688,negative,0.06501220653618439,0.0664152882950914,False,True,True,False,False,sign_inconsistent_positive_harmless
hexc_00362,363,15.70577269874159,positive,-16.3824226337415,negative,0.05870093104943167,0.0607228067308972,False,True,True,False,False,sign_inconsistent_positive_harmless
hexc_00363,364,15.36367029369691,positive,-16.040320228696828,negative,0.05990341663144509,0.0625314742892232,False,True,True,False,False,sign_inconsistent_positive_harmless
hexc_00364,365,12.995039051118322,positive,-13.671688986118284,negative,0.06980297632715313,0.071617662491785,False,True,True,False,False,sign_inconsistent_positive_harmless
hexc_00365,366,17.99729579926617,positive,-18.673945734265544,negative,0.05174310930343849,0.0530150818740687,False,True,True,False,False,sign_inconsistent_positive_harmless
hexc_00366,367,12.005669997857035,positive,-12.68231993285707,negative,0.07497789517912591,0.0781852146270972,False,True,True,False,False,sign_inconsistent_positive_harmless
hexc_00367,368,17.50254060882601,positive,-18.17919054382673,negative,0.05310211385887608,0.0550780849806609,False,True,True,False,False,sign_inconsistent_positive_harmless
hexc_00368,369,16.33824891278976,positive,-17.014898847789937,negative,0.056600322347018964,0.0580315698450999,False,True,True,False,False,sign_inconsistent_positive_harmless
hexc_00369,370,35.01038711128105,positive,-37.36368698128172,negative,0.059723388878991666,0.0609062405598658,False,True,True,False,False,sign_inconsistent_positive_harmless
hexc_00370,371,16.243080538623037,positive,-16.919730473623076,negative,0.056906742641486124,0.0590182314704876,False,True,True,False,False,sign_inconsistent_positive_harmless
hexc_00371,372,18.005018362169785,positive,-18.68166829716938,negative,0.05172244775495286,0.0524959052411155,False,True,True,False,False,sign_inconsistent_positive_harmless
hexc_00372,373,12.996405263957271,positive,-13.673055198957286,negative,0.06979632387321665,0.0723746919761434,False,True,True,False,False,sign_inconsistent_positive_harmless
hexc_00373,374,16.22797400518101,positive,-16.904623940180954,negative,0.05695568747510233,0.0584872273607094,False,True,True,False,False,sign_inconsistent_positive_harmless
hexc_00374,375,16.337924215703186,positive,-17.014574150703083,negative,0.056601362188893646,0.0578606794756717,False,True,True,False,False,sign_inconsistent_positive_harmless
hexc_00375,376,8.676398728859631,positive,-9.353048663859632,negative,0.09989084397905897,0.1034376505744083,False,True,True,False,False,sign_inconsistent_positive_harmless
hexc_00376,377,-24.65274645334739,negative,-721.3557811583332,negative,0.06487490651022147,0.0744485929586305,True,False,False,False,False,primitive_full_verified
hexc_00377,378,17.502846393512364,positive,-18.17949632851196,negative,0.05310125188344822,0.054274460944475,False,True,True,False,False,sign_inconsistent_positive_harmless
hexc_00378,379,-197.01518438104904,negative,-1855.401426915501,negative,0.08929029430091015,0.1005708971627918,True,False,False,False,False,primitive_full_verified
hexc_00379,380,14.00358169833306,positive,-14.680231633333053,negative,0.06521432646842155,0.0681975726185681,False,True,True,False,False,sign_inconsistent_positive_harmless
hexc_00380,381,15.908961971084082,positive,-16.58561190608407,negative,0.058009297232501464,0.0603424434897043,False,True,True,False,False,sign_inconsistent_positive_harmless
hexc_00381,382,-144.9856360139354,negative,-1287.5809733347232,negative,0.07416990919884546,0.0869939928500895,True,False,False,False,False,primitive_full_verified
hexc_00382,383,16.250123147500577,positive,-16.926773082500404,negative,0.056883953472335484,0.0578361073290868,False,True,True,False,False,sign_inconsistent_positive_harmless
hexc_00383,384,16.248782377590423,positive,-16.9254323125906,negative,0.056888290661737714,0.0578287310274751,False,True,True,False,False,sign_inconsistent_positive_harmless
hexc_00384,385,14.76837631771867,positive,-15.445026252718662,negative,0.06211760444233314,0.0650198321388196,False,True,True,False,False,sign_inconsistent_positive_harmless
hexc_00385,386,14.42410391386088,positive,-15.100753848860904,negative,0.06347442033200343,0.0665766157119201,False,True,True,False,False,sign_inconsistent_positive_harmless
hexc_00386,387,15.365155162126715,positive,-16.0418050971266,negative,0.05989809093946281,0.061787082836556,False,True,True,False,False,sign_inconsistent_positive_harmless
hexc_00387,388,16.22775789669213,positive,-16.904407831692424,negative,0.05695638827243182,0.0585540342059468,False,True,True,False,False,sign_inconsistent_positive_harmless
hexc_00388,389,15.363677333966155,positive,-16.040327268966166,negative,0.05990339137828413,0.0620305679197299,False,True,True,False,False,sign_inconsistent_positive_harmless
hexc_00389,390,18.00518298213642,positive,-18.68183291713558,negative,0.05172200749738687,0.0528986214654153,False,True,True,False,False,sign_inconsistent_positive_harmless
hexc_00390,391,15.36557608330525,positive,-16.0422260183052,negative,0.05989658141793067,0.0627475897600344,False,True,True,False,False,sign_inconsistent_positive_harmless
hexc_00391,392,14.050801489797482,positive,-14.72745142479755,negative,0.06501421805603114,0.0675932165846349,False,True,True,False,False,sign_inconsistent_positive_harmless
hexc_00392,393,16.243065734137215,positive,-16.919715669137076,negative,0.05690679056652781,0.0584941961271208,False,True,True,False,False,sign_inconsistent_positive_harmless
hexc_00393,394,14.002578374778016,positive,-14.679228309778068,negative,0.06521859172020142,0.0667620359967211,False,True,True,False,False,sign_inconsistent_positive_harmless
hexc_00394,395,16.33805082408824,positive,-17.014700759088555,negative,0.05660095672121137,0.0592817646450739,False,True,True,False,False,sign_inconsistent_positive_harmless
hexc_00395,396,12.994826769896724,positive,-13.67147670489669,negative,0.0698040100946836,0.073189163234131,False,True,True,False,False,sign_inconsistent_positive_harmless
hexc_00396,397,14.76850398980699,positive,-15.445153924807071,negative,0.062117112027046666,0.0639775221679599,False,True,True,False,False,sign_inconsistent_positive_harmless
hexc_00397,398,16.49665651049233,positive,-17.173306445492017,negative,0.05609753623417211,0.0570431336777607,False,True,True,False,False,sign_inconsistent_positive_harmless
hexc_00398,399,13.999281981502422,positive,-14.67593191650235,negative,0.0652326090198635,0.0678918946863361,False,True,True,False,False,sign_inconsistent_positive_harmless
hexc_00399,400,30.5002807892536,positive,-33.70986951925352,negative,0.056642407257912177,0.058517488803213,False,True,True,False,False,sign_inconsistent_positive_harmless
hexc_00400,401,12.333319361116503,positive,-13.00996929611648,negative,0.07318123066617822,0.0738358982563811,False,True,True,False,False,sign_inconsistent_positive_harmless
hexc_00401,402,13.233314561175357,positive,-13.909964496175348,negative,0.06866160111025123,0.0714560474941763,False,True,True,False,False,sign_inconsistent_positive_harmless
hexc_00402,403,16.230575965817664,positive,-16.907225900817593,negative,0.0569472511815487,0.0579128565004976,False,True,True,False,False,sign_inconsistent_positive_harmless
hexc_00403,404,-74.42642537397955,negative,-709.5216761226675,negative,0.062481818568781454,0.0719233861912456,True,False,False,False,False,primitive_full_verified
hexc_00404,405,16.337295365228773,positive,-17.013945300228897,negative,0.056603376190102694,0.059041266201577,False,True,True,False,False,sign_inconsistent_positive_harmless
hexc_00405,406,12.988750165086293,positive,-13.665400100086345,negative,0.06983361493844092,0.0720468489481977,False,True,True,False,False,sign_inconsistent_positive_harmless
hexc_00406,407,14.050709608525468,positive,-14.727359543525496,negative,0.06501460623935655,0.0681046044048134,False,True,True,False,False,sign_inconsistent_positive_harmless
hexc_00407,408,12.721504227778484,positive,-13.398154162778496,negative,0.07116091489892835,0.0749287563478817,False,True,True,False,False,sign_inconsistent_positive_harmless
hexc_00408,409,16.52520592484683,positive,-17.201855859846546,negative,0.05600786847854237,0.0586737489929136,False,True,True,False,False,sign_inconsistent_positive_harmless
hexc_00409,410,13.232849558236008,positive,-13.909499493236012,negative,0.06866379221256502,0.0705537248388434,False,True,True,False,False,sign_inconsistent_positive_harmless
hexc_00410,411,35.010655503905085,positive,-37.36395537390581,negative,0.059722971320921726,0.0608113493141144,False,True,True,False,False,sign_inconsistent_positive_harmless
hexc_00411,412,13.228654772782928,positive,-13.905304707782877,negative,0.06868356443706232,0.0706974408897726,False,True,True,False,False,sign_inconsistent_positive_harmless
hexc_00412,413,17.503120702077418,positive,-18.179770637077127,negative,0.05310047865975968,0.0546182774138054,False,True,True,False,False,sign_inconsistent_positive_harmless
hexc_00413,414,-48.87590784572831,negative,-352.2875416484185,negative,0.04340182465808785,0.0551196856546969,True,False,False,False,False,primitive_full_verified
hexc_00414,415,15.685713564882494,positive,-16.362363499882576,negative,0.05877010525887329,0.0611881261978987,False,True,True,False,False,sign_inconsistent_positive_harmless
hexc_00415,416,16.228999521011747,positive,-16.905649456011815,negative,0.05695236216393294,0.0596340487654195,False,True,True,False,False,sign_inconsistent_positive_harmless
hexc_00416,417,14.4231943327982,positive,-15.09984426779829,negative,0.06347808356695397,0.0657125416893429,False,True,True,False,False,sign_inconsistent_positive_harmless
hexc_00417,418,16.22995418611277,positive,-16.90660412111265,negative,0.05694926694033726,0.0580098213946896,False,True,True,False,False,sign_inconsistent_positive_harmless
hexc_00418,419,17.512276387948138,positive,-18.188926322947736,negative,0.05307468343061904,0.0538415692856274,False,True,True,False,False,sign_inconsistent_positive_harmless
hexc_00419,420,13.229285708493393,positive,-13.905935643493422,negative,0.06868058977894423,0.0708371017721546,False,True,True,False,False,sign_inconsistent_positive_harmless
hexc_00420,421,18.006475431740324,positive,-18.68312536674057,negative,0.05171855124676774,0.0535518097468465,False,True,True,False,False,sign_inconsistent_positive_harmless
hexc_00421,422,18.04892001782697,positive,-18.725569952826845,negative,0.0516053025608131,0.0533821363327469,False,True,True,False,False,sign_inconsistent_positive_harmless
hexc_00422,423,12.995415029292625,positive,-13.672064964292645,negative,0.0698011454629597,0.0725973533181587,False,True,True,False,False,sign_inconsistent_positive_harmless
hexc_00423,424,34.004751585154295,positive,-37.214340315154,negative,0.05153051478063402,0.0537613436683464,False,True,True,False,False,sign_inconsistent_positive_harmless
hexc_00424,425,-42.267090202042255,negative,-623.5230392004587,negative,0.06289738383355278,0.0705332046108587,True,False,False,False,False,primitive_full_verified
hexc_00425,426,12.996250030589469,positive,-13.672899965589522,negative,0.06979707968198551,0.0716439824546732,False,True,True,False,False,sign_inconsistent_positive_harmless
hexc_00426,427,17.5052900273906,positive,-18.18193996239097,negative,0.053094364537028926,0.0544294247853158,False,True,True,False,False,sign_inconsistent_positive_harmless
hexc_00427,428,17.51224547284982,positive,-18.18889540784949,negative,0.05307477048866141,0.0537769958239419,False,True,True,False,False,sign_inconsistent_positive_harmless
hexc_00428,429,33.01061719521155,positive,-36.2202059252113,negative,0.05288447680571118,0.055060010476967,False,True,True,False,False,sign_inconsistent_positive_harmless
hexc_00429,430,12.990289574516003,positive,-13.666939509516055,negative,0.0698261126573121,0.072546546180588,False,True,True,False,False,sign_inconsistent_positive_harmless
hexc_00430,431,16.496639731089576,positive,-17.17328966608966,negative,0.05609758901916903,0.0580269088590896,False,True,True,False,False,sign_inconsistent_positive_harmless
hexc_00431,432,-101.12905906513606,negative,-1136.002312900042,negative,0.07041320097547538,0.0809591793277333,True,False,False,False,False,primitive_full_verified
hexc_00432,433,16.52577621329047,positive,-17.20242614829067,negative,0.05600608024055099,0.0575819322666712,False,True,True,False,False,sign_inconsistent_positive_harmless
hexc_00433,434,16.22865070670187,positive,-16.905300641701615,negative,0.05695349317665311,0.0588814400924941,False,True,True,False,False,sign_inconsistent_positive_harmless
hexc_00434,435,16.228638058580096,positive,-16.905287993579805,negative,0.056953534188390456,0.0581421661772224,False,True,True,False,False,sign_inconsistent_positive_harmless
hexc_00435,436,17.51140651320472,positive,-18.188056448204406,negative,0.0530771331385695,0.0551035992031224,False,True,True,False,False,sign_inconsistent_positive_harmless
hexc_00436,437,18.04931776030601,positive,-18.72596769530628,negative,0.05160424366749441,0.0530690201586509,False,True,True,False,False,sign_inconsistent_positive_harmless
hexc_00437,438,15.367868435962098,positive,-16.044518370962123,negative,0.05988836184131513,0.0612899637796794,False,True,True,False,False,sign_inconsistent_positive_harmless
hexc_00438,439,15.367330796806776,positive,-16.04398073180664,negative,0.05989028942527035,0.0626960586435312,False,True,True,False,False,sign_inconsistent_positive_harmless
hexc_00439,440,16.494944518523248,positive,-17.171594453523085,negative,0.05610292236610309,0.0579331348020495,False,True,True,False,False,sign_inconsistent_positive_harmless
hexc_00440,441,15.705476177842002,positive,-16.38212611284189,negative,0.058701952420658,0.0612759643063083,False,True,True,False,False,sign_inconsistent_positive_harmless
hexc_00441,442,16.49550245952606,positive,-17.172152394526165,negative,0.056101166903269974,0.0571023960704463,False,True,True,False,False,sign_inconsistent_positive_harmless
hexc_00442,443,-83.51108885949861,negative,-529.020330384823,negative,0.04659846205099165,0.0595213337383874,True,False,False,False,False,primitive_full_verified
hexc_00443,444,18.00231132678245,positive,-18.678961261783115,negative,0.051729685325910636,0.0530953390628619,False,True,True,False,False,sign_inconsistent_positive_harmless
hexc_00444,445,34.01005747345147,positive,-37.21964620345079,negative,0.05152347287101485,0.0531359360204135,False,True,True,False,False,sign_inconsistent_positive_harmless
hexc_00445,446,13.99172966686262,positive,-14.668379601862624,negative,0.06526474654995804,0.0681785423845579,False,True,True,False,False,sign_inconsistent_positive_harmless
hexc_00446,447,12.991224499135525,positive,-13.667874434135456,negative,0.0698215571070981,0.072182493775885,False,True,True,False,False,sign_inconsistent_positive_harmless
hexc_00447,448,18.00534437614944,positive,-18.681994311149538,negative,0.05172157587454812,0.0535246964138259,False,True,True,False,False,sign_inconsistent_positive_harmless
hexc_00448,449,34.00482710906792,positive,-37.21441583906744,negative,0.051530416917865786,0.0532662829880072,False,True,True,False,False,sign_inconsistent_positive_harmless
hexc_00449,450,13.228677265803476,positive,-13.905327200803526,negative,0.0686834583853081,0.0712006740325232,False,True,True,False,False,sign_inconsistent_positive_harmless
hexc_00450,451,12.997637929238774,positive,-13.67428786423875,negative,0.0697903227852879,0.073442667720498,False,True,True,False,False,sign_inconsistent_positive_harmless
hexc_00451,452,18.00531574201046,positive,-18.68196567701125,negative,0.051721652451514576,0.053478344253127,False,True,True,False,False,sign_inconsistent_positive_harmless
hexc_00452,453,35.02405233789855,positive,-37.37735220789818,negative,0.05970229522728795,0.0607003725406591,False,True,True,False,False,sign_inconsistent_positive_harmless
hexc_00453,454,-59.3237404284406,negative,-549.8922565899411,negative,0.04856760944732331,0.0613546266448391,True,False,False,False,False,primitive_full_verified
hexc_00454,455,11.349701016670412,positive,-12.026350951670423,negative,0.07885350206639534,0.0812431088851837,False,True,True,False,False,sign_inconsistent_positive_harmless
hexc_00455,456,16.24221618697599,positive,-16.918866121975952,negative,0.05690954085352678,0.0592299076839352,False,True,True,False,False,sign_inconsistent_positive_harmless
hexc_00456,457,15.363690632117276,positive,-16.040340567117255,negative,0.05990334367841135,0.0622910070873101,False,True,True,False,False,sign_inconsistent_positive_harmless
hexc_00457,458,34.026696141718304,positive,-36.3799960117185,negative,0.061281869441244224,0.063077134089216,False,True,True,False,False,sign_inconsistent_positive_harmless
hexc_00458,459,16.52570695790138,positive,-17.202356892901662,negative,0.05600629739670557,0.0574831963320775,False,True,True,False,False,sign_inconsistent_positive_harmless
hexc_00459,460,33.99794528509872,positive,-37.207534015098645,negative,0.05153954842568069,0.0536908999369261,False,True,True,False,False,sign_inconsistent_positive_harmless
hexc_00460,461,16.3266830018682,positive,-17.003332936868446,negative,0.05663738572223357,0.0575407317020136,False,True,True,False,False,sign_inconsistent_positive_harmless
hexc_00461,462,15.68311776974364,positive,-16.359767704743717,negative,0.058779068806286965,0.0600786871028681,False,True,True,False,False,sign_inconsistent_positive_harmless
hexc_00462,463,-17.733697378940747,negative,-382.0148076699807,negative,0.04166375290372632,0.0555703834394379,True,False,False,False,False,primitive_full_verified
hexc_00463,464,17.51228768431294,positive,-18.18893761931304,negative,0.05307465161971724,0.054101887905503,False,True,True,False,False,sign_inconsistent_positive_harmless
hexc_00464,465,16.52578091171557,positive,-17.202430846715288,negative,0.05600606550829945,0.0570730258776849,False,True,True,False,False,sign_inconsistent_positive_harmless
hexc_00465,466,16.337817849908106,positive,-17.014467784907993,negative,0.05660170283347914,0.0578902569502811,False,True,True,False,False,sign_inconsistent_positive_harmless
hexc_00466,467,16.229966883387636,positive,-16.906616818387647,negative,0.05694922577538759,0.0588312415358487,False,True,True,False,False,sign_inconsistent_positive_harmless
hexc_00467,468,16.250786061268272,positive,-16.927435996268287,negative,0.05688180929003051,0.0583303218485938,False,True,True,False,False,sign_inconsistent_positive_harmless
hexc_00468,469,16.243095083167603,positive,-16.919745018167305,negative,0.056906695558002415,0.0592880023223457,False,True,True,False,False,sign_inconsistent_positive_harmless
hexc_00469,470,16.33904771828289,positive,-17.01569765328304,negative,0.05659776433631444,0.0581891914296216,False,True,True,False,False,sign_inconsistent_positive_harmless
hexc_00470,471,18.049337727540443,positive,-18.72598766254032,negative,0.05160419051069768,0.0522625737058333,False,True,True,False,False,sign_inconsistent_positive_harmless
hexc_00471,472,16.323730563217257,positive,-17.00038049821751,negative,0.05664685469281663,0.0589474946578349,False,True,True,False,False,sign_inconsistent_positive_harmless
hexc_00472,473,17.511348701661493,positive,-18.187998636661177,negative,0.05307729595323557,0.0545556595614845,False,True,True,False,False,sign_inconsistent_positive_harmless
hexc_00473,474,16.49664945612307,positive,-17.173299391123237,negative,0.05609755842594374,0.0584362579013333,False,True,True,False,False,sign_inconsistent_positive_harmless
hexc_00474,475,15.682605557419812,positive,-16.359255492419834,negative,0.05878083785095931,0.0607320488763139,False,True,True,False,False,sign_inconsistent_positive_harmless
hexc_00475,476,9.987679702292931,positive,-10.664329637292925,negative,0.08833271493296635,0.091902998374857,False,True,True,False,False,sign_inconsistent_positive_harmless
hexc_00476,477,15.705789367096394,positive,-16.382439302096373,negative,0.058700873636058123,0.060032945144278,False,True,True,False,False,sign_inconsistent_positive_harmless
hexc_00477,478,15.372424874617732,positive,-16.04907480961765,negative,0.05987203073623294,0.0621454033244644,False,True,True,False,False,sign_inconsistent_positive_harmless
hexc_00478,479,16.24286448826941,positive,-16.919514423269447,negative,0.056907442047122336,0.0587764106373514,False,True,True,False,False,sign_inconsistent_positive_harmless
hexc_00479,480,15.334996476947772,positive,-16.011646411947822,negative,0.06000644531812415,0.0626318690183186,False,True,True,False,False,sign_inconsistent_positive_harmless
hexc_00480,481,16.33825688275092,positive,-17.01490681775067,negative,0.056600296823710525,0.0574697978033588,False,True,True,False,False,sign_inconsistent_positive_harmless
hexc_00481,482,17.997503822219905,positive,-18.67415375721976,negative,0.05174255252629686,0.0526050690035047,False,True,True,False,False,sign_inconsistent_positive_harmless
hexc_00482,483,16.325669932173774,positive,-17.00231986717381,negative,0.05664063445160982,0.0582047066805612,False,True,True,False,False,sign_inconsistent_positive_harmless
hexc_00483,484,16.326652004753736,positive,-17.003301939753783,negative,0.056637485118789556,0.0590543775726441,False,True,True,False,False,sign_inconsistent_positive_harmless
hexc_00484,485,16.242644233808694,positive,-16.919294168808847,negative,0.05690815508012955,0.0592444114270652,False,True,True,False,False,sign_inconsistent_positive_harmless
hexc_00485,486,35.01272485653976,positive,-37.36602472653976,negative,0.059719777148564954,0.0607185564329466,False,True,True,False,False,sign_inconsistent_positive_harmless
hexc_00486,487,34.02410731121271,positive,-36.37740718121222,negative,0.06128608139323365,0.062415968235633,False,True,True,False,False,sign_inconsistent_positive_harmless
hexc_00487,488,17.502849101599622,positive,-18.179499036598827,negative,0.05310124424975396,0.054996504598093,False,True,True,False,False,sign_inconsistent_positive_harmless
hexc_00488,489,15.371474203024786,positive,-16.048124138024832,negative,0.05987543738114247,0.0626855439789416,False,True,True,False,False,sign_inconsistent_positive_harmless
hexc_00489,490,12.994641195853822,positive,-13.671291130853774,negative,0.06980491382860941,0.0723425694553522,False,True,True,False,False,sign_inconsistent_positive_harmless
hexc_00490,491,16.243190136946268,positive,-16.919840071946055,negative,0.05690638785259345,0.059199372758358,False,True,True,False,False,sign_inconsistent_positive_harmless
hexc_00491,492,16.525770535997356,positive,-17.202420470997367,negative,0.05600609804212176,0.0574003500361583,False,True,True,False,False,sign_inconsistent_positive_harmless
hexc_00492,493,16.24226804575415,positive,-16.91891798075403,negative,0.05690937296055988,0.0575172282560766,False,True,True,False,False,sign_inconsistent_positive_harmless
hexc_00493,494,14.05125205102998,positive,-14.727901986029906,negative,0.06501231457568117,0.067330432211459,False,True,True,False,False,sign_inconsistent_positive_harmless
hexc_00494,495,16.326311271795266,positive,-17.002961206795135,negative,0.05663857774937502,0.0589771353560745,False,True,True,False,False,sign_inconsistent_positive_harmless
hexc_00495,496,14.768706813050487,positive,-15.445356748050472,negative,0.06211632977919188,0.0641413382477075,False,True,True,False,False,sign_inconsistent_positive_harmless
hexc_00496,497,17.513376500036497,positive,-18.190026435037,negative,0.05307158566077329,0.0538341563467544,False,True,True,False,False,sign_inconsistent_positive_harmless
hexc_00497,498,15.363758684593112,positive,-16.04040861959311,negative,0.05990309957841611,0.0623343985337305,False,True,True,False,False,sign_inconsistent_positive_harmless
hexc_00498,499,14.768229332775425,positive,-15.444879267775375,negative,0.06211817135455075,0.0635363577559428,False,True,True,False,False,sign_inconsistent_positive_harmless
hexc_00499,500,16.244619139361394,positive,-16.921269074361135,negative,0.05690176232717926,0.0582246638945879,False,True,True,False,False,sign_inconsistent_positive_harmless
hexc_00500,501,16.339546294117334,positive,-17.016196229117213,negative,0.05659616786664027,0.0589798781115919,False,True,True,False,False,sign_inconsistent_positive_harmless
hexc_00501,502,14.05515557541925,positive,-14.731805510419235,negative,0.06499582806784604,0.0679790673252031,False,True,True,False,False,sign_inconsistent_positive_harmless
hexc_00502,503,17.50304946128987,positive,-18.17969939628984,negative,0.05310067947183109,0.0539363070407058,False,True,True,False,False,sign_inconsistent_positive_harmless
hexc_00503,504,17.51231095186741,positive,-18.18896088686688,negative,0.05307458609770191,0.0549182451089935,False,True,True,False,False,sign_inconsistent_positive_harmless
hexc_00504,505,16.24355299826949,positive,-16.920202933269593,negative,0.05690521323874709,0.0592946600278837,False,True,True,False,False,sign_inconsistent_positive_harmless
hexc_00505,506,17.511386987341627,positive,-18.18803692234178,negative,0.053077188129153116,0.0542490598802129,False,True,True,False,False,sign_inconsistent_positive_harmless
hexc_00506,507,16.337288333100634,positive,-17.013938268100446,negative,0.056603398712504874,0.0580375180528237,False,True,True,False,False,sign_inconsistent_positive_harmless
hexc_00507,508,11.78349186482108,positive,-12.460141799821088,negative,0.07624721511227432,0.079146666755995,False,True,True,False,False,sign_inconsistent_positive_harmless
hexc_00508,509,-8.965630290394472,negative,-316.3358721645318,negative,0.04310530265442926,0.0527000394631234,True,False,False,False,False,primitive_full_verified
hexc_00509,510,17.51269421375678,positive,-18.1893441487573,negative,0.05307350684594024,0.0539602066688582,False,True,True,False,False,sign_inconsistent_positive_harmless
hexc_00510,511,16.24381912105483,positive,-16.920469056055026,negative,0.05690435180682051,0.0591672091169923,False,True,True,False,False,sign_inconsistent_positive_harmless
hexc_00511,512,14.051241588684398,positive,-14.727891523684434,negative,0.0650123587745575,0.0667862835392073,False,True,True,False,False,sign_inconsistent_positive_harmless
hexc_00512,513,31.64894233292109,positive,-34.00224220292148,negative,0.06540739724407679,0.0672557489636599,False,True,True,False,False,sign_inconsistent_positive_harmless
hexc_00513,514,16.339670751862588,positive,-17.0163206868624,negative,0.056595769359529986,0.0576781537726849,False,True,True,False,False,sign_inconsistent_positive_harmless
hexc_00514,515,15.70526951702647,positive,-16.381919452026523,negative,0.05870266428832384,0.0612996030095636,False,True,True,False,False,sign_inconsistent_positive_harmless
hexc_00515,516,17.50284213793185,positive,-18.17949207293168,negative,0.05310126387929855,0.0539925958935485,False,True,True,False,False,sign_inconsistent_positive_harmless
hexc_00516,517,16.243651902204352,positive,-16.920301837204534,negative,0.0569048930864643,0.0592365302710272,False,True,True,False,False,sign_inconsistent_positive_harmless
hexc_00517,518,18.00372820208916,positive,-18.680378137089065,negative,0.051725898402301705,0.0522904782391367,False,True,True,False,False,sign_inconsistent_positive_harmless
hexc_00518,519,18.006528357887458,positive,-18.683178292887533,negative,0.051718409722248206,0.0530909043365744,False,True,True,False,False,sign_inconsistent_positive_harmless
hexc_00519,520,35.01001606420933,positive,-37.36331593420982,negative,0.05972396578991248,0.0607122453167207,False,True,True,False,False,sign_inconsistent_positive_harmless
hexc_00520,521,14.054741523355116,positive,-14.73139145835512,negative,0.06499757641759275,0.0671528393559398,False,True,True,False,False,sign_inconsistent_positive_harmless
hexc_00521,522,16.339335193459245,positive,-17.01598512845885,negative,0.056596843812596,0.0584378328293779,False,True,True,False,False,sign_inconsistent_positive_harmless
hexc_00522,523,18.00375059660964,positive,-18.68040053160894,negative,0.05172583850224712,0.0538687959944211,False,True,True,False,False,sign_inconsistent_positive_harmless
hexc_00523,524,18.00659662113298,positive,-18.68324655613287,negative,0.051718227187470454,0.0534388495763542,False,True,True,False,False,sign_inconsistent_positive_harmless
hexc_00524,525,16.52571160770668,positive,-17.202361542706512,negative,0.05600628281679198,0.0578255929598368,False,True,True,False,False,sign_inconsistent_positive_harmless
hexc_00525,526,34.0074263842422,positive,-37.21701511424271,negative,0.05152696555343178,0.0531778236195784,False,True,True,False,False,sign_inconsistent_positive_harmless
hexc_00526,527,17.546045110777136,positive,-18.22269504577708,negative,0.05297975965300643,0.0543127915521944,False,True,True,False,False,sign_inconsistent_positive_harmless
hexc_00527,528,15.363943576211096,positive,-16.040593511211227,negative,0.05990243639373076,0.0623841782535297,False,True,True,False,False,sign_inconsistent_positive_harmless
hexc_00528,529,16.242228274600745,positive,-16.918878209600734,negative,0.056909501719713054,0.0589936799309258,False,True,True,False,False,sign_inconsistent_positive_harmless
hexc_00529,530,16.229040151020538,positive,-16.905690086020513,negative,0.05695223042610812,0.0585621346261097,False,True,True,False,False,sign_inconsistent_positive_harmless
hexc_00530,531,16.230134761729122,positive,-16.90678469672912,negative,0.05694868151430688,0.0588415207934629,False,True,True,False,False,sign_inconsistent_positive_harmless
hexc_00531,532,19.220221531709992,positive,-19.89687146670985,negative,0.04866457956272202,0.0495970487553804,False,True,True,False,False,sign_inconsistent_positive_harmless
hexc_00532,533,13.232124618225994,positive,-13.908774553225951,negative,0.06866720842189365,0.0719952590113774,False,True,True,False,False,sign_inconsistent_positive_harmless
hexc_00533,534,17.51335500732484,positive,-18.190004942324776,negative,0.05307164617793715,0.0537419808709699,False,True,True,False,False,sign_inconsistent_positive_harmless
hexc_00534,535,18.04934495916482,positive,-18.725994894165524,negative,0.0516041712586878,0.0531373503880506,False,True,True,False,False,sign_inconsistent_positive_harmless
hexc_00535,536,16.52511189809914,positive,-17.20176183309877,negative,0.056008163326624706,0.0582862399690892,False,True,True,False,False,sign_inconsistent_positive_harmless
hexc_00536,537,34.026627559532216,positive,-36.37992742953247,negative,0.061281989259511144,0.062945964652692,False,True,True,False,False,sign_inconsistent_positive_harmless
hexc_00537,538,15.9089110018039,positive,-16.58556093680363,negative,0.058009468683448494,0.0592227219681117,False,True,True,False,False,sign_inconsistent_positive_harmless
hexc_00538,539,16.230125487054703,positive,-16.90677542205458,negative,0.056948711582501796,0.0586840450587244,False,True,True,False,False,sign_inconsistent_positive_harmless
hexc_00539,540,16.49670200997844,positive,-17.17335194497855,negative,0.05609739310143946,0.0578586689500238,False,True,True,False,False,sign_inconsistent_positive_harmless
hexc_00540,541,17.511888967680907,positive,-18.188538902681103,negative,0.05307577444082554,0.0553866981611319,False,True,True,False,False,sign_inconsistent_positive_harmless
hexc_00541,542,17.513336248677327,positive,-18.18998618367732,negative,0.05307169899689365,0.0539226810221447,False,True,True,False,False,sign_inconsistent_positive_harmless
hexc_00542,543,13.229843563120635,positive,-13.906493498120652,negative,0.06867795988902575,0.0719137564642965,False,True,True,False,False,sign_inconsistent_positive_harmless
hexc_00543,544,16.495328555808953,positive,-17.17197849080867,negative,0.05610171404882345,0.0572991505271071,False,True,True,False,False,sign_inconsistent_positive_harmless
hexc_00544,545,14.050845101370722,positive,-14.727495036370785,negative,0.0650140338058985,0.067250622654454,False,True,True,False,False,sign_inconsistent_positive_harmless
hexc_00545,546,17.51332744347653,positive,-18.18997737847621,negative,0.053071723789842006,0.0546180793996679,False,True,True,False,False,sign_inconsistent_positive_harmless
hexc_00546,547,18.04890762917491,positive,-18.72555756417478,negative,0.0516053355433057,0.0533980768267338,False,True,True,False,False,sign_inconsistent_positive_harmless
hexc_00547,548,18.04890548435393,positive,-18.72555541935435,negative,0.05160534125350029,0.0533775287472083,False,True,True,False,False,sign_inconsistent_positive_harmless
hexc_00548,549,18.012030846706068,positive,-18.68868078170636,negative,0.051703700290687826,0.0527301641514067,False,True,True,False,False,sign_inconsistent_positive_harmless
hexc_00549,550,14.768512784395195,positive,-15.445162719395055,negative,0.06211707810770557,0.0635646765148008,False,True,True,False,False,sign_inconsistent_positive_harmless
hexc_00550,551,18.0023038475198,positive,-18.678953782519784,negative,0.05172970849930618,0.0530024887145839,False,True,True,False,False,sign_inconsistent_positive_harmless
hexc_00551,552,16.526017028086365,positive,-17.202666963086358,negative,0.056005325158408746,0.0570161561593372,False,True,True,False,False,sign_inconsistent_positive_harmless
hexc_00552,553,16.243655601177505,positive,-16.920305536177693,negative,0.05690488111294889,0.0587588750929464,False,True,True,False,False,sign_inconsistent_positive_harmless
hexc_00553,554,18.012021081517933,positive,-18.68867101651722,negative,0.05170372638789362,0.05321805432487,False,True,True,False,False,sign_inconsistent_positive_harmless
hexc_00554,555,17.502606763234606,positive,-18.17925669823489,negative,0.05310192737406335,0.0546192148320618,False,True,True,False,False,sign_inconsistent_positive_harmless
hexc_00555,556,15.685792924117932,positive,-16.36244285911789,negative,0.05876983126632532,0.0598426521833724,False,True,True,False,False,sign_inconsistent_positive_harmless
hexc_00556,557,14.00644341046985,positive,-14.683093345469842,negative,0.06520216404108138,0.0675498915325295,False,True,True,False,False,sign_inconsistent_positive_harmless
hexc_00557,558,16.33930741684292,positive,-17.0159573518431,negative,0.05659693275474198,0.0574866140386708,False,True,True,False,False,sign_inconsistent_positive_harmless
hexc_00558,559,35.01039767912757,positive,-37.36369754912721,negative,0.0597233786571672,0.0619950192191761,False,True,True,False,False,sign_inconsistent_positive_harmless
hexc_00559,560,15.334937870516908,positive,-16.01158780551691,negative,0.060006656261284486,0.0622752181913237,False,True,True,False,False,sign_inconsistent_positive_harmless
hexc_00560,561,16.32447562572338,positive,-17.00112556072372,negative,0.056644464852667824,0.0587642933105582,False,True,True,False,False,sign_inconsistent_positive_harmless
hexc_00561,562,16.243666243760785,positive,-16.92031617876046,negative,0.0569048466631077,0.0580547828799747,False,True,True,False,False,sign_inconsistent_positive_harmless
hexc_00562,563,18.003731272155274,positive,-18.680381207155733,negative,0.051725890190593274,0.0531911372632449,False,True,True,False,False,sign_inconsistent_positive_harmless
hexc_00563,564,16.339514454972466,positive,-17.0161643899728,negative,0.056596269814798844,0.0572929033583325,False,True,True,False,False,sign_inconsistent_positive_harmless
hexc_00564,565,17.50270747906425,positive,-18.179357414063816,negative,0.05310164346545136,0.0548290277819213,False,True,True,False,False,sign_inconsistent_positive_harmless
hexc_00565,566,18.00518682807336,positive,-18.68183676307308,negative,0.05172199721195271,0.0529344425052005,False,True,True,False,False,sign_inconsistent_positive_harmless
hexc_00566,567,18.04926171765816,positive,-18.725911652657487,negative,0.05160439286488152,0.0533769146537428,False,True,True,False,False,sign_inconsistent_positive_harmless
hexc_00567,568,15.90877821553649,positive,-16.5854281505367,negative,0.05800991535591308,0.0601826318256086,False,True,True,False,False,sign_inconsistent_positive_harmless
hexc_00568,569,15.365101265173926,positive,-16.04175120017385,negative,0.059898284232000595,0.0618257782739292,False,True,True,False,False,sign_inconsistent_positive_harmless
hexc_00569,570,14.055913743778772,positive,-14.732563678778774,negative,0.06499262691831409,0.0670021121055387,False,True,True,False,False,sign_inconsistent_positive_harmless
hexc_00570,571,16.338226183292385,positive,-17.01487611829225,negative,0.05660039513695198,0.0575605054459224,False,True,True,False,False,sign_inconsistent_positive_harmless
hexc_00571,572,17.513324180245785,positive,-18.189974115245604,negative,0.05307173297818102,0.0553866321277111,False,True,True,False,False,sign_inconsistent_positive_harmless
hexc_00572,573,18.04887600060225,positive,-18.72552593560249,negative,0.051605419748717275,0.0527563650979463,False,True,True,False,False,sign_inconsistent_positive_harmless
hexc_00573,574,16.495367455958934,positive,-17.1720173909589,negative,0.0561015916580808,0.0571320591561566,False,True,True,False,False,sign_inconsistent_positive_harmless
hexc_00574,575,17.511886667352663,positive,-18.188536602352546,negative,0.0530757809188891,0.0540619683285294,False,True,True,False,False,sign_inconsistent_positive_harmless
hexc_00575,576,16.2507541019566,positive,-16.927404036956887,negative,0.05688191265812596,0.0595944719958201,False,True,True,False,False,sign_inconsistent_positive_harmless
hexc_00576,577,18.002324787078347,positive,-18.67897472207824,negative,0.05172965248267953,0.053307626629905,False,True,True,False,False,sign_inconsistent_positive_harmless
hexc_00577,578,16.230129828402376,positive,-16.906779763402483,negative,0.0569486975079895,0.0588782474204922,False,True,True,False,False,sign_inconsistent_positive_harmless
hexc_00578,579,16.325666345109337,positive,-17.002316280109426,negative,0.05664064595533204,0.0580210470558037,False,True,True,False,False,sign_inconsistent_positive_harmless
hexc_00579,580,17.50532404342507,positive,-18.18197397842505,negative,0.05309426867593503,0.0551944556078763,False,True,True,False,False,sign_inconsistent_positive_harmless
hexc_00580,581,12.3349926468749,positive,-13.011642581874868,negative,0.07317227602752345,0.0758472344787391,False,True,True,False,False,sign_inconsistent_positive_harmless
hexc_00581,582,16.243546573069203,positive,-16.92019650806924,negative,0.05690523403726073,0.058953267494846,False,True,True,False,False,sign_inconsistent_positive_harmless
hexc_00582,583,17.50532843547052,positive,-18.18197837047046,negative,0.05309425629867157,0.0551126535106919,False,True,True,False,False,sign_inconsistent_positive_harmless
hexc_00583,584,12.987969471727038,positive,-13.66461940672707,negative,0.06983742024771178,0.0716596292835551,False,True,True,False,False,sign_inconsistent_positive_harmless
hexc_00584,585,18.002337755298377,positive,-18.678987690298527,negative,0.05172961779070421,0.0529724911905533,False,True,True,False,False,sign_inconsistent_positive_harmless
hexc_00585,586,16.229047723692176,positive,-16.905697658692134,negative,0.05695220587271562,0.0591456035531357,False,True,True,False,False,sign_inconsistent_positive_harmless
hexc_00586,587,14.056597916739856,positive,-14.73324785173986,negative,0.06498973846374995,0.0670778427952545,False,True,True,False,False,sign_inconsistent_positive_harmless
hexc_00587,588,17.503415262373498,positive,-18.18006519737355,negative,0.053099648375357425,0.0546879388476579,False,True,True,False,False,sign_inconsistent_positive_harmless
hexc_00588,589,18.00372394863652,positive,-18.680373883636094,negative,0.051725909779297634,0.0533955975603065,False,True,True,False,False,sign_inconsistent_positive_harmless
hexc_00589,590,16.22903402699197,positive,-16.9056839619916,negative,0.05695225028248011,0.059405209494254,False,True,True,False,False,sign_inconsistent_positive_harmless
hexc_00590,591,12.988247158814184,positive,-13.664897093814147,negative,0.06983606667871887,0.0720415041049189,False,True,True,False,False,sign_inconsistent_positive_harmless
hexc_00591,592,16.242221126023114,positive,-16.91887106102331,negative,0.056909524863303425,0.0592419667918848,False,True,True,False,False,sign_inconsistent_positive_harmless
hexc_00592,593,16.250154353298075,positive,-16.92680428829817,negative,0.05688385253413798,0.0594288049849526,False,True,True,False,False,sign_inconsistent_positive_harmless
hexc_00593,594,14.778069767607407,positive,-15.454719702607465,negative,0.06208024019960602,0.0629010542370778,False,True,True,False,False,sign_inconsistent_positive_harmless
hexc_00594,595,18.01193678914428,positive,-18.688586724143534,negative,0.051703951658141,0.0540405158920827,False,True,True,False,False,sign_inconsistent_positive_harmless
hexc_00595,596,18.0493102938232,positive,-18.72596022882317,negative,0.05160426354480126,0.0530090126830941,False,True,True,False,False,sign_inconsistent_positive_harmless
hexc_00596,597,18.04926019228144,positive,-18.725910127281168,negative,0.051604396925770395,0.0528707607606841,False,True,True,False,False,sign_inconsistent_positive_harmless
hexc_00597,598,19.220531115046366,positive,-19.89718105004613,negative,0.04866384659934747,0.0500097816638249,False,True,True,False,False,sign_inconsistent_positive_harmless
hexc_00598,599,14.007394890241423,positive,-14.684044825241472,negative,0.06519812120628088,0.0680363504019927,False,True,True,False,False,sign_inconsistent_positive_harmless
hexc_00599,600,16.49522052553676,positive,-17.17187046053641,negative,0.05610205394505108,0.0573656258538636,False,True,True,False,False,sign_inconsistent_positive_harmless
hexc_00600,601,11.35073992833084,positive,-12.027389863330823,negative,0.07884704744156881,0.0819644318764493,False,True,True,False,False,sign_inconsistent_positive_harmless
hexc_00601,602,14.003700566633828,positive,-14.680350501633823,negative,0.06521382118160565,0.0679109811235516,False,True,True,False,False,sign_inconsistent_positive_harmless
hexc_00602,603,14.003338431458957,positive,-14.679988366458929,negative,0.06521536057460058,0.0689578925494887,False,True,True,False,False,sign_inconsistent_positive_harmless
hexc_00603,604,17.503030453065875,positive,-18.17968038806612,negative,0.05310073305208039,0.0548036969719685,False,True,True,False,False,sign_inconsistent_positive_harmless
hexc_00604,605,17.502715843955013,positive,-18.17936577895489,negative,0.05310161988573527,0.0552486098001437,False,True,True,False,False,sign_inconsistent_positive_harmless
hexc_00605,606,18.00501020070247,positive,-18.68166013570226,negative,0.051722469582073716,0.0534127556850271,False,True,True,False,False,sign_inconsistent_positive_harmless
hexc_00606,607,17.505350156516258,positive,-18.182000091515874,negative,0.05309419508647805,0.0538377238745202,False,True,True,False,False,sign_inconsistent_positive_harmless
hexc_00607,608,37.44053674605736,positive,-39.79383661605789,negative,0.05619288739961062,0.0575299398750813,False,True,True,False,False,sign_inconsistent_positive_harmless
hexc_00608,609,14.768557039858733,positive,-15.445206974858593,negative,0.062116907421921795,0.0632807219153433,False,True,True,False,False,sign_inconsistent_positive_harmless
hexc_00609,610,16.496630409077497,positive,-17.173280344077284,negative,0.056097618344591295,0.0572432765201052,False,True,True,False,False,sign_inconsistent_positive_harmless
hexc_00610,611,15.363978611040649,positive,-16.04062854604058,negative,0.059902310729533656,0.0624350554689092,False,True,True,False,False,sign_inconsistent_positive_harmless
hexc_00611,612,18.005529469556407,positive,-18.682179404556337,negative,0.051721080880279165,0.0533176291738061,False,True,True,False,False,sign_inconsistent_positive_harmless
hexc_00612,613,14.055200155417774,positive,-14.731850090417764,negative,0.06499563983280318,0.0671373968539844,False,True,True,False,False,sign_inconsistent_positive_harmless
hexc_00613,614,18.002305871062745,positive,-18.67895580606273,negative,0.05172970308600389,0.0522469832588965,False,True,True,False,False,sign_inconsistent_positive_harmless
hexc_00614,615,15.362812574599436,positive,-16.03946250959939,negative,0.0599064933944401,0.0613475132513681,False,True,True,False,False,sign_inconsistent_positive_harmless
hexc_00615,616,16.495337839510107,positive,-17.1719877745104,negative,0.05610168483965843,0.058118617673595,False,True,True,False,False,sign_inconsistent_positive_harmless
hexc_00616,617,16.33966126036794,positive,-17.01631119536796,negative,0.05659579975059635,0.0587249591196037,False,True,True,False,False,sign_inconsistent_positive_harmless
hexc_00617,618,16.525213613101332,positive,-17.2018635481013,negative,0.056007844369933134,0.0573691069320696,False,True,True,False,False,sign_inconsistent_positive_harmless
hexc_00618,619,18.003696674755687,positive,-18.68034660975627,negative,0.05172598273070915,0.0526954111441211,False,True,True,False,False,sign_inconsistent_positive_harmless
hexc_00619,620,33.02668443806669,positive,-36.23627316806596,negative,0.05286201703318754,0.0536476402628444,False,True,True,False,False,sign_inconsistent_positive_harmless
hexc_00620,621,17.51187266444673,positive,-18.188522599447424,negative,0.05307582035317913,0.0542878804108003,False,True,True,False,False,sign_inconsistent_positive_harmless
hexc_00621,622,17.51331809128396,positive,-18.18996802628408,negative,0.05307175012299176,0.0547045381421748,False,True,True,False,False,sign_inconsistent_positive_harmless
hexc_00622,623,13.990133745167933,positive,-14.66678368016801,negative,0.06527154176164625,0.0665491911550268,False,True,True,False,False,sign_inconsistent_positive_harmless
hexc_00623,624,15.705481513327612,positive,-16.382131448327527,negative,0.05870193404217428,0.0602231644947032,False,True,True,False,False,sign_inconsistent_positive_harmless
hexc_00624,625,18.00376911692342,positive,-18.68041905192331,negative,0.05172578896488851,0.053043692849709,False,True,True,False,False,sign_inconsistent_positive_harmless
hexc_00625,626,16.49538425672311,positive,-17.172034191723014,negative,0.05610153879834616,0.058475346315823,False,True,True,False,False,sign_inconsistent_positive_harmless
hexc_00626,627,17.502836979628164,positive,-18.179486914627887,negative,0.05310127841979776,0.0539266504041357,False,True,True,False,False,sign_inconsistent_positive_harmless
hexc_00627,628,18.00647852678356,positive,-18.68312846178378,negative,0.05171854297060068,0.0535047767229565,False,True,True,False,False,sign_inconsistent_positive_harmless
hexc_00628,629,19.21937758222657,positive,-19.896027517226685,negative,0.048666577792911954,0.0500161652626329,False,True,True,False,False,sign_inconsistent_positive_harmless
hexc_00629,630,16.24461395281611,positive,-16.921263887816167,negative,0.056901779114104226,0.058579513692382,False,True,True,False,False,sign_inconsistent_positive_harmless
hexc_00630,631,17.503018517484747,positive,-18.179668452484293,negative,0.05310076669606598,0.0547495290911708,False,True,True,False,False,sign_inconsistent_positive_harmless
hexc_00631,632,16.49537356077376,positive,-17.17202349577383,negative,0.056101572450676006,0.0580400668049056,False,True,True,False,False,sign_inconsistent_positive_harmless
hexc_00632,633,15.908752907956416,positive,-16.585402842956682,negative,0.05801000048747795,0.059301344400477,False,True,True,False,False,sign_inconsistent_positive_harmless
hexc_00633,634,16.33968372146117,positive,-17.01633365646103,negative,0.05659572783188499,0.0587468552079326,False,True,True,False,False,sign_inconsistent_positive_harmless
hexc_00634,635,34.02860303138397,positive,-36.38190290138391,negative,0.06127877425264395,0.0633755060442757,False,True,True,False,False,sign_inconsistent_positive_harmless
hexc_00635,636,16.25013069114005,positive,-16.926780626140044,negative,0.056883929071664924,0.0592948192838186,False,True,True,False,False,sign_inconsistent_positive_harmless
hexc_00636,637,18.00552732994397,positive,-18.682177264943675,negative,0.051721086602178085,0.0529207311887221,False,True,True,False,False,sign_inconsistent_positive_harmless
hexc_00637,638,16.525292304129255,positive,-17.201942239129494,negative,0.056007597614037175,0.0565828693332161,False,True,True,False,False,sign_inconsistent_positive_harmless
hexc_00638,639,18.01195549064018,positive,-18.68860542564016,negative,0.05170390167847455,0.053746653892514,False,True,True,False,False,sign_inconsistent_positive_harmless
hexc_00639,640,16.23058517056709,positive,-16.907235105566997,negative,0.05694722134157766,0.058670038662687,False,True,True,False,False,sign_inconsistent_positive_harmless
hexc_00640,641,18.049313045761924,positive,-18.725962980761324,negative,0.05160425621857296,0.0527700079995033,False,True,True,False,False,sign_inconsistent_positive_harmless
hexc_00641,642,15.685701320325355,positive,-16.362351255325393,negative,0.05877014753417266,0.0597908065041726,False,True,True,False,False,sign_inconsistent_positive_harmless
hexc_00642,643,16.52578472916971,positive,-17.202434664169687,negative,0.05600605353840388,0.0577667541715999,False,True,True,False,False,sign_inconsistent_positive_harmless
hexc_00643,644,17.511341194135333,positive,-18.1879911291353,negative,0.05307731709675776,0.0543575136108819,False,True,True,False,False,sign_inconsistent_positive_harmless
hexc_00644,645,15.908938028542916,positive,-16.585587963543276,negative,0.05800937777052357,0.0601268944145263,False,True,True,False,False,sign_inconsistent_positive_harmless
hexc_00645,646,14.423918139790043,positive,-15.10056807479009,negative,0.06347516848173976,0.0655616696833343,False,True,True,False,False,sign_inconsistent_positive_harmless
hexc_00646,647,12.984854096749215,positive,-13.661504031749246,negative,0.06985260955062925,0.0713029062187651,False,True,True,False,False,sign_inconsistent_positive_harmless
hexc_00647,648,15.363775110358976,positive,-16.040425045358916,negative,0.059903040660513975,0.0624796157859059,False,True,True,False,False,sign_inconsistent_positive_harmless
hexc_00648,649,17.511388868708924,positive,-18.18803880370888,negative,0.05307718283066308,0.0546385149744283,False,True,True,False,False,sign_inconsistent_positive_harmless
hexc_00649,650,18.01203154421586,positive,-18.68868147921603,negative,0.051703698426611926,0.0538199983464121,False,True,True,False,False,sign_inconsistent_positive_harmless
hexc_00650,651,16.229044299534714,positive,-16.90569423453462,negative,0.05695221697509334,0.0577692159185545,False,True,True,False,False,sign_inconsistent_positive_harmless
hexc_00651,652,16.49546179893472,positive,-17.1721117339348,negative,0.056101294830930064,0.0588197708884661,False,True,True,False,False,sign_inconsistent_positive_harmless
hexc_00652,653,16.227869780529264,positive,-16.904519715529204,negative,0.05695602545299835,0.0590425078700368,False,True,True,False,False,sign_inconsistent_positive_harmless
hexc_00653,654,17.510910960747644,positive,-18.187560895748,negative,0.05307852879550702,0.0553579920235929,False,True,True,False,False,sign_inconsistent_positive_harmless
hexc_00654,655,17.512056348000765,positive,-18.1887062830001,negative,0.05307530307733536,0.0552176978121025,False,True,True,False,False,sign_inconsistent_positive_harmless
hexc_00655,656,12.988671113968772,positive,-13.665321048968847,negative,0.06983400023597723,0.0719034765237246,False,True,True,False,False,sign_inconsistent_positive_harmless
hexc_00656,657,18.005522003180605,positive,-18.682171938180545,negative,0.051721100847383135,0.0532267242816651,False,True,True,False,False,sign_inconsistent_positive_harmless
hexc_00657,658,19.219425199597183,positive,-19.896075134598505,negative,0.04866646504427899,0.0500425677380953,False,True,True,False,False,sign_inconsistent_positive_harmless
hexc_00658,659,16.525056065534326,positive,-17.201706000534614,negative,0.05600833840726253,0.0569943124153184,False,True,True,False,False,sign_inconsistent_positive_harmless
hexc_00659,660,17.513441485790604,positive,-18.19009142078994,negative,0.05307140268080624,0.0544002260223994,False,True,True,False,False,sign_inconsistent_positive_harmless
hexc_00660,661,15.705779588361928,positive,-16.38242952336168,negative,0.058700907318440305,0.0608850796926477,False,True,True,False,False,sign_inconsistent_positive_harmless
hexc_00661,662,16.33938443460891,positive,-17.016034369609315,negative,0.05659666920228852,0.0590007255143094,False,True,True,False,False,sign_inconsistent_positive_harmless
hexc_00662,663,36.44105514430968,positive,-39.65064387430903,negative,0.04848811269895655,0.0503724694200252,False,True,True,False,False,sign_inconsistent_positive_harmless
hexc_00663,664,-80.07547556299744,negative,-417.239971956551,negative,0.04079068865637949,0.0508464536997485,True,False,False,False,False,primitive_full_verified
hexc_00664,665,18.006584598590244,positive,-18.68323453359062,negative,0.05171825933545662,0.0530721365313695,False,True,True,False,False,sign_inconsistent_positive_harmless
hexc_00665,666,19.220531875534743,positive,-19.89718181053468,negative,0.048663844798857846,0.0497726846618487,False,True,True,False,False,sign_inconsistent_positive_harmless
hexc_00666,667,18.005024449778265,positive,-18.68167438477758,negative,0.05172243147419525,0.0531241987332051,False,True,True,False,False,sign_inconsistent_positive_harmless
hexc_00667,668,17.50311339036888,positive,-18.17976332536909,negative,0.053100499269785294,0.0543074254810474,False,True,True,False,False,sign_inconsistent_positive_harmless
hexc_00668,669,15.367891805021792,positive,-16.04454174002194,negative,0.05988827805963436,0.0620429187160608,False,True,True,False,False,sign_inconsistent_positive_harmless
hexc_00669,670,16.250314815667288,positive,-16.92696475066714,negative,0.05688333350859376,0.0580349191062369,False,True,True,False,False,sign_inconsistent_positive_harmless
hexc_00670,671,16.24382080802532,positive,-16.920470743025362,negative,0.05690434634622742,0.0588239211504652,False,True,True,False,False,sign_inconsistent_positive_harmless
hexc_00671,672,16.525048718912146,positive,-17.20169865391199,negative,0.056008361444996026,0.0579663029192045,False,True,True,False,False,sign_inconsistent_positive_harmless
hexc_00672,673,15.364897992848151,positive,-16.041547927848114,negative,0.05989901324591329,0.0616151003010251,False,True,True,False,False,sign_inconsistent_positive_harmless
hexc_00673,674,34.09868075615101,positive,-37.3082694861514,negative,0.051406164423507185,0.0532207644598697,False,True,True,False,False,sign_inconsistent_positive_harmless
hexc_00674,675,16.52620974580355,positive,-17.202859680803613,negative,0.056004720900786585,0.0579261844879289,False,True,True,False,False,sign_inconsistent_positive_harmless
hexc_00675,676,15.705975255985816,positive,-16.38262519098589,negative,0.058700233358021235,0.0597757164079624,False,True,True,False,False,sign_inconsistent_positive_harmless
hexc_00676,677,18.003733460269373,positive,-18.68038339526902,negative,0.05172588433789836,0.0534075488090611,False,True,True,False,False,sign_inconsistent_positive_harmless
hexc_00677,678,8.691716587516886,positive,-9.36836652251688,negative,0.09973841495317017,0.1069747307954135,False,True,True,False,False,sign_inconsistent_positive_harmless
hexc_00678,679,15.705273185934022,positive,-16.38192312093406,negative,0.058702651650186524,0.0610495652145156,False,True,True,False,False,sign_inconsistent_positive_harmless
hexc_00679,680,37.441031337481846,positive,-39.79433120748217,negative,0.05619221072597037,0.0585344103602869,False,True,True,False,False,sign_inconsistent_positive_harmless
hexc_00680,681,18.00533299615579,positive,-18.68198293115529,negative,0.051721606308309236,0.0537520972306284,False,True,True,False,False,sign_inconsistent_positive_harmless
hexc_00681,682,16.339303406567062,positive,-17.015953341567183,negative,0.05659694559587299,0.0577269241070986,False,True,True,False,False,sign_inconsistent_positive_harmless
hexc_00682,683,17.503142581631487,positive,-18.179792516631096,negative,0.05310041698642594,0.0551376168754321,False,True,True,False,False,sign_inconsistent_positive_harmless
hexc_00683,684,16.339648997930915,positive,-17.016298932931022,negative,0.0565958390140637,0.0593030599397281,False,True,True,False,False,sign_inconsistent_positive_harmless
hexc_00684,685,18.011903902894705,positive,-18.688553837894688,negative,0.05170403954673975,0.053162119593626,False,True,True,False,False,sign_inconsistent_positive_harmless
hexc_00685,686,16.337290224097938,positive,-17.013940159098183,negative,0.05660339265604442,0.0589132052300743,False,True,True,False,False,sign_inconsistent_positive_harmless
hexc_00686,687,17.514306260052784,positive,-18.19095619505333,negative,0.0530689678616307,0.0545676585381428,False,True,True,False,False,sign_inconsistent_positive_harmless
hexc_00687,688,16.2436609873771,positive,-16.92031092237721,negative,0.05690486367791787,0.0590050793129095,False,True,True,False,False,sign_inconsistent_positive_harmless
hexc_00688,689,15.36309517099996,positive,-16.039745106000055,negative,0.05990547964520548,0.0616763461067941,False,True,True,False,False,sign_inconsistent_positive_harmless
hexc_00689,690,18.00553267896649,positive,-18.68218261396578,negative,0.0517210722974534,0.0525914466370504,False,True,True,False,False,sign_inconsistent_positive_harmless
hexc_00690,691,16.49537144175135,positive,-17.172021376751673,negative,0.05610157911769525,0.0579616447381054,False,True,True,False,False,sign_inconsistent_positive_harmless
hexc_00691,692,17.50293872225489,positive,-18.1795886572545,negative,0.053100991623764825,0.0550361137334319,False,True,True,False,False,sign_inconsistent_positive_harmless
hexc_00692,693,17.51090757997494,positive,-18.1875575149752,negative,0.05307853831725096,0.0546254127662521,False,True,True,False,False,sign_inconsistent_positive_harmless
hexc_00693,694,16.49535958523358,positive,-17.172009520233587,negative,0.0561016164215395,0.0587946146469265,False,True,True,False,False,sign_inconsistent_positive_harmless
hexc_00694,695,19.219805451433675,positive,-19.896455386433445,negative,0.0486655647009115,0.0493137121900815,False,True,True,False,False,sign_inconsistent_positive_harmless
hexc_00695,696,18.005201487088662,positive,-18.681851422088585,negative,0.051721958008446305,0.053125528818645,False,True,True,False,False,sign_inconsistent_positive_harmless
hexc_00696,697,17.50311013047152,positive,-18.179760065471783,negative,0.05310050845869124,0.0552761062932465,False,True,True,False,False,sign_inconsistent_positive_harmless
hexc_00697,698,16.230578727251388,positive,-16.907228662251782,negative,0.05694724222952686,0.058411252820423,False,True,True,False,False,sign_inconsistent_positive_harmless
hexc_00698,699,17.50275451684656,positive,-18.17940445184649,negative,0.053101510871333676,0.0545865214664789,False,True,True,False,False,sign_inconsistent_positive_harmless
hexc_00699,700,15.705042685691884,positive,-16.381692620691865,negative,0.0587034456555991,0.0605582183755319,False,True,True,False,False,sign_inconsistent_positive_harmless
hexc_00700,701,16.337836985955153,positive,-17.014486920955278,negative,0.056601641548524824,0.0587001623650556,False,True,True,False,False,sign_inconsistent_positive_harmless
hexc_00701,702,16.32447831922821,positive,-17.001128254228206,negative,0.056644456213427036,0.0586290314487052,False,True,True,False,False,sign_inconsistent_positive_harmless
hexc_00702,703,18.00513117759656,positive,-18.681781112595672,negative,0.05172214604198759,0.0528297241791223,False,True,True,False,False,sign_inconsistent_positive_harmless
hexc_00703,704,17.512449213845407,positive,-18.189099148845344,negative,0.053074196751861785,0.0550890190175448,False,True,True,False,False,sign_inconsistent_positive_harmless
hexc_00704,705,17.50256353302188,positive,-18.17921346802177,negative,0.053102049236964974,0.0552219564852861,False,True,True,False,False,sign_inconsistent_positive_harmless
hexc_00705,706,17.51333057908488,positive,-18.18998051408471,negative,0.0530717149608556,0.0545132051318996,False,True,True,False,False,sign_inconsistent_positive_harmless
hexc_00706,707,16.250398550166704,positive,-16.92704848516678,negative,0.056883062667891914,0.0585998688638257,False,True,True,False,False,sign_inconsistent_positive_harmless
hexc_00707,708,17.5134584379015,positive,-18.190108372901705,negative,0.05307135494906821,0.0547506845400794,False,True,True,False,False,sign_inconsistent_positive_harmless
hexc_00708,709,16.242861176043185,positive,-16.919511111042993,negative,0.056907452769708,0.0590213018912058,False,True,True,False,False,sign_inconsistent_positive_harmless
hexc_00709,710,16.250405189322773,positive,-16.927055124322578,negative,0.05688304119353492,0.0591241272165089,False,True,True,False,False,sign_inconsistent_positive_harmless
hexc_00710,711,18.00373262298138,positive,-18.68038255798183,negative,0.05172588657744968,0.0537788253624078,False,True,True,False,False,sign_inconsistent_positive_harmless
hexc_00711,712,16.243292192830328,positive,-16.91994212783038,negative,0.056906057483870086,0.0583692107538644,False,True,True,False,False,sign_inconsistent_positive_harmless
hexc_00712,713,17.997367998784814,positive,-18.674017933784853,negative,0.0517429160587847,0.0533575856221749,False,True,True,False,False,sign_inconsistent_positive_harmless
hexc_00713,714,17.51334040514269,positive,-18.189990340142685,negative,0.05307168729347354,0.0550639317692912,False,True,True,False,False,sign_inconsistent_positive_harmless
hexc_00714,715,16.49664099081427,positive,-17.173290925813944,negative,0.056097585056296,0.0578619642067515,False,True,True,False,False,sign_inconsistent_positive_harmless
hexc_00715,716,18.006605081354188,positive,-18.68325501635354,negative,0.051718204565068614,0.0536009635875191,False,True,True,False,False,sign_inconsistent_positive_harmless
hexc_00716,717,18.006258799449103,positive,-18.68290873444857,negative,0.05171913052958988,0.0529285737480202,False,True,True,False,False,sign_inconsistent_positive_harmless
hexc_00717,718,16.339662675254843,positive,-17.016312610254772,negative,0.056595795220230484,0.0584408196615828,False,True,True,False,False,sign_inconsistent_positive_harmless
hexc_00718,719,18.003737501569564,positive,-18.680387436569617,negative,0.05172587352837163,0.0529327722024033,False,True,True,False,False,sign_inconsistent_positive_harmless
hexc_00719,720,14.778220370546276,positive,-15.454870305546136,negative,0.06207966004196717,0.0652064611469634,False,True,True,False,False,sign_inconsistent_positive_harmless
hexc_00720,721,19.22019805482597,positive,-19.89684798982489,negative,0.04866463514702568,0.0495872400319328,False,True,True,False,False,sign_inconsistent_positive_harmless
hexc_00721,722,13.2293055427845,positive,-13.90595547778446,negative,0.06868049627084158,0.0702608961700486,False,True,True,False,False,sign_inconsistent_positive_harmless
hexc_00722,723,18.006585678398604,positive,-18.68323561339821,negative,0.05171825644807176,0.053059303052776,False,True,True,False,False,sign_inconsistent_positive_harmless
hexc_00723,724,17.50512307292896,positive,-18.181773007929223,negative,0.05309483503889763,0.0540320931092931,False,True,True,False,False,sign_inconsistent_positive_harmless
hexc_00724,725,18.04931488038353,positive,-18.72596481538312,negative,0.05160425133443467,0.0530638386214726,False,True,True,False,False,sign_inconsistent_positive_harmless
hexc_00725,726,16.496223834426743,positive,-17.172873769426587,negative,0.05609889738731067,0.0568285448518926,False,True,True,False,False,sign_inconsistent_positive_harmless
hexc_00726,727,13.227022016664836,positive,-13.90367195166482,negative,0.06869126355054078,0.0701254608877874,False,True,True,False,False,sign_inconsistent_positive_harmless
hexc_00727,728,16.339008371282635,positive,-17.015658306282603,negative,0.05659789033159752,0.0576533742965644,False,True,True,False,False,sign_inconsistent_positive_harmless
hexc_00728,729,17.502608771754048,positive,-18.1792587067539,negative,0.053101921712201856,0.0550102371348021,False,True,True,False,False,sign_inconsistent_positive_harmless
hexc_00729,730,16.24889529067716,positive,-16.92554522567707,negative,0.05688792537935591,0.0588661597811044,False,True,True,False,False,sign_inconsistent_positive_harmless
hexc_00730,731,16.23812765741952,positive,-16.914777592419796,negative,0.056922780598869765,0.058857594872207,False,True,True,False,False,sign_inconsistent_positive_harmless
hexc_00731,732,17.50270626301704,positive,-18.17935619801665,negative,0.05310164689335803,0.0541939682170777,False,True,True,False,False,sign_inconsistent_positive_harmless
hexc_00732,733,19.2202045111894,positive,-19.896854446189536,negative,0.048664619860810235,0.0502399087413142,False,True,True,False,False,sign_inconsistent_positive_harmless
hexc_00733,734,17.51205054337192,positive,-18.188700478372084,negative,0.05307531942374368,0.0542083537049825,False,True,True,False,False,sign_inconsistent_positive_harmless
hexc_00734,735,17.513456141180725,positive,-18.1901060761802,negative,0.05307136141589465,0.0550365316698288,False,True,True,False,False,sign_inconsistent_positive_harmless
hexc_00735,736,18.00514941595456,positive,-18.681799350953952,negative,0.05172209726575329,0.0536376134985399,False,True,True,False,False,sign_inconsistent_positive_harmless
hexc_00736,737,18.0119111003145,positive,-18.688561035314702,negative,0.05170402031158969,0.0538326091705561,False,True,True,False,False,sign_inconsistent_positive_harmless
hexc_00737,738,15.36825006223514,positive,-16.044899997235007,negative,0.059886993681629544,0.0614714067975274,False,True,True,False,False,sign_inconsistent_positive_harmless
hexc_00738,739,17.511540480664287,positive,-18.1881904156644,negative,0.05307675584981323,0.0537774692048976,False,True,True,False,False,sign_inconsistent_positive_harmless
hexc_00739,740,16.495382036818505,positive,-17.172031971818797,negative,0.05610154578276021,0.0573304417021529,False,True,True,False,False,sign_inconsistent_positive_harmless
hexc_00740,741,18.003736195405267,positive,-18.680386130405168,negative,0.05172587702205311,0.0523094644224999,False,True,True,False,False,sign_inconsistent_positive_harmless
hexc_00741,742,15.367876225709342,positive,-16.044526160709438,negative,0.05988833391384475,0.0627022450990248,False,True,True,False,False,sign_inconsistent_positive_harmless
hexc_00742,743,17.50314422073705,positive,-18.179794155737,negative,0.05310041236617837,0.0549229874174412,False,True,True,False,False,sign_inconsistent_positive_harmless
hexc_00743,744,17.513498611434034,positive,-18.190148546434106,negative,0.0530712418335488,0.0541001988799444,False,True,True,False,False,sign_inconsistent_positive_harmless
hexc_00744,745,17.50261284406089,positive,-18.17926277906099,negative,0.05310191023268974,0.0549443877096655,False,True,True,False,False,sign_inconsistent_positive_harmless
hexc_00745,746,18.04925103997221,positive,-18.72590097497232,negative,0.051604421291241376,0.0533032779270732,False,True,True,False,False,sign_inconsistent_positive_harmless
hexc_00746,747,16.338046395427412,positive,-17.01469633042734,negative,0.056600970904049856,0.058690891355918,False,True,True,False,False,sign_inconsistent_positive_harmless
hexc_00747,748,16.32620874245429,positive,-17.002858677454242,negative,0.05663890653912571,0.0584436456897662,False,True,True,False,False,sign_inconsistent_positive_harmless
hexc_00748,749,15.68261363205767,positive,-16.359263567057496,negative,0.058780809962488564,0.0611815204056907,False,True,True,False,False,sign_inconsistent_positive_harmless
hexc_00749,750,18.006605971899624,positive,-18.68325590689892,negative,0.051718202183775465,0.0527384927380705,False,True,True,False,False,sign_inconsistent_positive_harmless
hexc_00750,751,16.49536458012416,positive,-17.17201451512392,negative,0.05610160070624177,0.0581314530842754,False,True,True,False,False,sign_inconsistent_positive_harmless
hexc_00751,752,15.334989231833312,positive,-16.011639166833447,negative,0.060006471395512455,0.0619481415866009,False,True,True,False,False,sign_inconsistent_positive_harmless
hexc_00752,753,17.50529061546801,positive,-18.181940550468425,negative,0.053094362879756406,0.0550718611036335,False,True,True,False,False,sign_inconsistent_positive_harmless
hexc_00753,754,18.01202918596652,positive,-18.6886791209663,negative,0.05170370472896734,0.0523594101727958,False,True,True,False,False,sign_inconsistent_positive_harmless
hexc_00754,755,13.9901442489153,positive,-14.666794183915272,negative,0.06527149703353297,0.0674403172566828,False,True,True,False,False,sign_inconsistent_positive_harmless
hexc_00755,756,17.502611849019125,positive,-18.17926178401921,negative,0.05310191303763377,0.0540255426517967,False,True,True,False,False,sign_inconsistent_positive_harmless
hexc_00756,757,17.50275296922265,positive,-18.179402904223025,negative,0.053101515233898916,0.0536206781597749,False,True,True,False,False,sign_inconsistent_positive_harmless
hexc_00757,758,16.337281241828904,positive,-17.01393117682892,negative,0.0566034214243512,0.057322995670915,False,True,True,False,False,sign_inconsistent_positive_harmless
hexc_00758,759,14.00371092884176,positive,-14.68036086384177,negative,0.0652137771341773,0.0668113902823667,False,True,True,False,False,sign_inconsistent_positive_harmless
hexc_00759,760,15.365583578625944,positive,-16.042233513625888,negative,0.05989655453865141,0.0611901506330895,False,True,True,False,False,sign_inconsistent_positive_harmless
hexc_00760,761,16.339339852306598,positive,-17.015989787306353,negative,0.05659682889475671,0.0586737719164166,False,True,True,False,False,sign_inconsistent_positive_harmless
hexc_00761,762,18.005185200519243,positive,-18.681835135518668,negative,0.051722001564623706,0.0533353866234197,False,True,True,False,False,sign_inconsistent_positive_harmless
hexc_00762,763,15.68290882334712,positive,-16.359558758347248,negative,0.058779790438525534,0.0608443000978966,False,True,True,False,False,sign_inconsistent_positive_harmless
hexc_00763,764,17.51310561069601,positive,-18.18975554569533,negative,0.05307234841570522,0.0541096892228777,False,True,True,False,False,sign_inconsistent_positive_harmless
hexc_00764,765,15.36562605104874,positive,-16.042275986048708,negative,0.059896402226996784,0.0624356832554669,False,True,True,False,False,sign_inconsistent_positive_harmless
hexc_00765,766,16.338080761321024,positive,-17.01473069632084,negative,0.056600860847046616,0.0590450032161895,False,True,True,False,False,sign_inconsistent_positive_harmless
hexc_00766,767,16.525010515606738,positive,-17.20166045060705,negative,0.056008464025482374,0.0583978036622422,False,True,True,False,False,sign_inconsistent_positive_harmless
hexc_00767,768,16.242539967876812,positive,-16.919189902876496,negative,0.05690849262799263,0.0593828883794093,False,True,True,False,False,sign_inconsistent_positive_harmless
hexc_00768,769,16.242436535725727,positive,-16.919086470725688,negative,0.056908827480552475,0.0591803064401032,False,True,True,False,False,sign_inconsistent_positive_harmless
hexc_00769,770,16.49574079016558,positive,-17.17239072516577,negative,0.05610041707147491,0.0581089872552633,False,True,True,False,False,sign_inconsistent_positive_harmless
hexc_00770,771,18.00513214749316,positive,-18.681782082493555,negative,0.05172214344812017,0.0530759787374816,False,True,True,False,False,sign_inconsistent_positive_harmless
hexc_00771,772,19.21942454750113,positive,-19.8960744824999,negative,0.04866646658830536,0.050031926940773,False,True,True,False,False,sign_inconsistent_positive_harmless
hexc_00772,773,18.006476255601687,positive,-18.6831261906018,negative,0.051718545953695565,0.0531779872246815,False,True,True,False,False,sign_inconsistent_positive_harmless
hexc_00773,774,19.22026925443476,positive,-19.896919189433905,negative,0.04866446657390345,0.050523556039102,False,True,True,False,False,sign_inconsistent_positive_harmless
hexc_00774,775,15.365130947913094,positive,-16.041780882913145,negative,0.059898177779595226,0.0616732137971503,False,True,True,False,False,sign_inconsistent_positive_harmless
hexc_00775,776,16.33726185876294,positive,-17.013911793762873,negative,0.056603483504310395,0.0580181471462947,False,True,True,False,False,sign_inconsistent_positive_harmless
hexc_00776,777,15.68572546916931,positive,-16.362375404169597,negative,0.05877006415844289,0.0603935734510648,False,True,True,False,False,sign_inconsistent_positive_harmless
hexc_00777,778,14.768523848444696,positive,-15.445173783444488,negative,0.06211703543546328,0.0630278233070192,False,True,True,False,False,sign_inconsistent_positive_harmless
hexc_00778,779,17.51147948066554,positive,-18.18812941566557,negative,0.05307692764171481,0.0544341084483662,False,True,True,False,False,sign_inconsistent_positive_harmless
hexc_00779,780,16.32675233875556,positive,-17.00340227375591,negative,0.05663716338512813,0.0580387605100748,False,True,True,False,False,sign_inconsistent_positive_harmless
hexc_00780,781,18.00514657320059,positive,-18.68179650820093,negative,0.05172210486834411,0.0537922432211968,False,True,True,False,False,sign_inconsistent_positive_harmless
hexc_00781,782,16.495310442252595,positive,-17.171960377252617,negative,0.05610177103931718,0.058224590403179,False,True,True,False,False,sign_inconsistent_positive_harmless
hexc_00782,783,16.323727448393875,positive,-17.000377383393698,negative,0.056646864684252375,0.0577338441229788,False,True,True,False,False,sign_inconsistent_positive_harmless
hexc_00783,784,17.511594446123887,positive,-18.18824438112369,negative,0.05307660386993374,0.054757713314497,False,True,True,False,False,sign_inconsistent_positive_harmless
hexc_00784,785,16.230725006589036,positive,-16.90737494158884,negative,0.05694676802478931,0.0593544515613056,False,True,True,False,False,sign_inconsistent_positive_harmless
hexc_00785,786,18.00518809890144,positive,-18.68183803390184,negative,0.05172199381329847,0.0536146024132842,False,True,True,False,False,sign_inconsistent_positive_harmless
hexc_00786,787,18.00659478436497,positive,-18.683244719364662,negative,0.05171823209893997,0.0536805356077712,False,True,True,False,False,sign_inconsistent_positive_harmless
hexc_00787,788,16.339000584286474,positive,-17.015650519286282,negative,0.05659791526684998,0.0582634791934014,False,True,True,False,False,sign_inconsistent_positive_harmless
hexc_00788,789,16.229955830846585,positive,-16.90660576584696,negative,0.05694926160805868,0.0584791030093198,False,True,True,False,False,sign_inconsistent_positive_harmless
hexc_00789,790,17.502710408626463,positive,-18.179360343627195,negative,0.05310163520733522,0.0550239769450118,False,True,True,False,False,sign_inconsistent_positive_harmless
hexc_00790,791,17.5115800921438,positive,-18.18823002714361,negative,0.053076644294152965,0.0549357814860258,False,True,True,False,False,sign_inconsistent_positive_harmless
hexc_00791,792,14.003729824356268,positive,-14.680379759356242,negative,0.06521369681372402,0.0668612257977394,False,True,True,False,False,sign_inconsistent_positive_harmless
hexc_00792,793,16.243668579922442,positive,-16.920318514922656,negative,0.0569048391010043,0.0585918386816566,False,True,True,False,False,sign_inconsistent_positive_harmless
hexc_00793,794,16.525895184319918,positive,-17.202545119319893,negative,0.05600570720071298,0.0579407179303479,False,True,True,False,False,sign_inconsistent_positive_harmless
hexc_00794,795,17.51158862055121,positive,-18.18823855555184,negative,0.05307662027612585,0.0550972136041918,False,True,True,False,False,sign_inconsistent_positive_harmless
hexc_00795,796,17.51392521892955,positive,-18.190575153929785,negative,0.0530700406762051,0.0537023351121069,False,True,True,False,False,sign_inconsistent_positive_harmless
hexc_00796,797,16.324408644903276,positive,-17.0010585799032,negative,0.05664467969009007,0.0588318641221281,False,True,True,False,False,sign_inconsistent_positive_harmless
hexc_00797,798,14.003595719431765,positive,-14.6802456544317,negative,0.0652142668669576,0.0676751651816931,False,True,True,False,False,sign_inconsistent_positive_harmless
hexc_00798,799,17.511383662975224,positive,-18.188033597974936,negative,0.053077197491558245,0.0544354326344731,False,True,True,False,False,sign_inconsistent_positive_harmless
hexc_00799,800,17.512247042352456,positive,-18.18889697735267,negative,0.053074766068879564,0.0551859703215391,False,True,True,False,False,sign_inconsistent_positive_harmless
hexc_00800,801,15.363097988733678,positive,-16.039747923733785,negative,0.0599054695374101,0.0615826442165738,False,True,True,False,False,sign_inconsistent_positive_harmless
hexc_00801,802,16.23053040106024,positive,-16.907180336060264,negative,0.056947398893910615,0.0580181511169566,False,True,True,False,False,sign_inconsistent_positive_harmless
hexc_00802,803,16.33967664715552,positive,-17.01632658215567,negative,0.05659575048325445,0.0580579226831622,False,True,True,False,False,sign_inconsistent_positive_harmless
hexc_00803,804,18.00232638575594,positive,-18.678976320756192,negative,0.05172964820597043,0.0527469382777879,False,True,True,False,False,sign_inconsistent_positive_harmless
hexc_00804,805,17.51335092383969,positive,-18.19000085884,negative,0.05307165767584901,0.0550647003640815,False,True,True,False,False,sign_inconsistent_positive_harmless
hexc_00805,806,17.50304592490346,positive,-18.179695859903404,negative,0.05310068944016404,0.0543407069590195,False,True,True,False,False,sign_inconsistent_positive_harmless
hexc_00806,807,17.513443126330024,positive,-18.19009306133012,negative,0.05307139806156865,0.0549238276792854,False,True,True,False,False,sign_inconsistent_positive_harmless
hexc_00807,808,19.22022927783623,positive,-19.89687921283621,negative,0.04866456122287806,0.0491088496551064,False,True,True,False,False,sign_inconsistent_positive_harmless
hexc_00808,809,16.32684615388429,positive,-17.003496088884276,negative,0.056636862558360763,0.0587843967905765,False,True,True,False,False,sign_inconsistent_positive_harmless
hexc_00809,810,19.22023272090724,positive,-19.896882655906666,negative,0.048664553071014756,0.0503376269382549,False,True,True,False,False,sign_inconsistent_positive_harmless
hexc_00810,811,16.33727586424765,positive,-17.013925799247772,negative,0.0566034386476207,0.0585494753453541,False,True,True,False,False,sign_inconsistent_positive_harmless
hexc_00811,812,16.230581488677487,positive,-16.90723142367733,negative,0.056947233277529125,0.0587260679523749,False,True,True,False,False,sign_inconsistent_positive_harmless
hexc_00812,813,16.51422679688131,positive,-17.190876731881417,negative,0.05604231769908596,0.0577659682430466,False,True,True,False,False,sign_inconsistent_positive_harmless
hexc_00813,814,15.68569565149813,positive,-16.362345586498122,negative,0.05877016710626634,0.0603442256773584,False,True,True,False,False,sign_inconsistent_positive_harmless
hexc_00814,815,18.005318862937354,positive,-18.68196879793686,negative,0.05172164410513038,0.0538741721336456,False,True,True,False,False,sign_inconsistent_positive_harmless
hexc_00815,816,14.055273100219722,positive,-14.73192303521978,negative,0.06499533183227411,0.0663843003850636,False,True,True,False,False,sign_inconsistent_positive_harmless
hexc_00816,817,16.24309722587281,positive,-16.919747160872703,negative,0.0569066886216616,0.0585321383384456,False,True,True,False,False,sign_inconsistent_positive_harmless
hexc_00817,818,16.25014526245346,positive,-16.92679519745343,negative,0.056883881939324976,0.0594310936382445,False,True,True,False,False,sign_inconsistent_positive_harmless
hexc_00818,819,12.98588520039138,positive,-13.662535135391408,negative,0.06984758157707449,0.0716117424653728,False,True,True,False,False,sign_inconsistent_positive_harmless
hexc_00819,820,16.3390533223024,positive,-17.015703257302448,negative,0.05659774639140779,0.0579569097919857,False,True,True,False,False,sign_inconsistent_positive_harmless
hexc_00820,821,18.0050228108104,positive,-18.68167274581083,negative,0.05172243585746825,0.0529985614028999,False,True,True,False,False,sign_inconsistent_positive_harmless
hexc_00821,822,18.00626203992625,positive,-18.682911974926355,negative,0.051719121864339364,0.0536815582664552,False,True,True,False,False,sign_inconsistent_positive_harmless
hexc_00822,823,16.230150548211164,positive,-16.9068004832111,negative,0.056948630335114055,0.0593466964714865,False,True,True,False,False,sign_inconsistent_positive_harmless
hexc_00823,824,18.00509636102991,positive,-18.68174629602981,negative,0.05172223915485087,0.0535472114495682,False,True,True,False,False,sign_inconsistent_positive_harmless
hexc_00824,825,18.005187541520904,positive,-18.68183747652074,negative,0.05172199530393497,0.0534232251378626,False,True,True,False,False,sign_inconsistent_positive_harmless
hexc_00825,826,19.22042604305725,positive,-19.89707597805864,negative,0.048664095363236896,0.0501523170498039,False,True,True,False,False,sign_inconsistent_positive_harmless
hexc_00826,827,16.25010554545384,positive,-16.926755480454176,negative,0.05688401040803368,0.0593598199872785,False,True,True,False,False,sign_inconsistent_positive_harmless
hexc_00827,828,16.2284848850314,positive,-16.90513482003098,negative,0.05695403086076255,0.0592740371209023,False,True,True,False,False,sign_inconsistent_positive_harmless
hexc_00828,829,13.225691860656145,positive,-13.902341795656184,negative,0.06869753705589747,0.069946484813987,False,True,True,False,False,sign_inconsistent_positive_harmless
hexc_00829,830,17.503116337159607,positive,-18.179766272160123,negative,0.05310049096345917,0.0539425138851413,False,True,True,False,False,sign_inconsistent_positive_harmless
hexc_00830,831,17.502552660679388,positive,-18.17920259567927,negative,0.0531020798854151,0.0537885048618473,False,True,True,False,False,sign_inconsistent_positive_harmless
hexc_00831,832,18.0050205474694,positive,-18.6816704824696,negative,0.0517224419105677,0.0536472988717289,False,True,True,False,False,sign_inconsistent_positive_harmless
hexc_00832,833,18.049020689941184,positive,-18.725670624940904,negative,0.0516050345415085,0.0533469583478093,False,True,True,False,False,sign_inconsistent_positive_harmless
hexc_00833,834,14.05078811520061,positive,-14.72743805020059,negative,0.06501427456122384,0.0667417119043933,False,True,True,False,False,sign_inconsistent_positive_harmless
hexc_00834,835,16.243412932524684,positive,-16.920062867524393,negative,0.056905666638070916,0.0585590592521217,False,True,True,False,False,sign_inconsistent_positive_harmless
hexc_00835,836,12.989088164268896,positive,-13.66573809926888,negative,0.06983196756813159,0.0738165199461072,False,True,True,False,False,sign_inconsistent_positive_harmless
hexc_00836,837,16.242219111414734,positive,-16.918869046414784,negative,0.056909531385620576,0.0575277906754467,False,True,True,False,False,sign_inconsistent_positive_harmless
hexc_00837,838,16.25079669266773,positive,-16.92744662766745,negative,0.05688177490428132,0.0583320902109802,False,True,True,False,False,sign_inconsistent_positive_harmless
hexc_00838,839,17.513315630166108,positive,-18.18996556516595,negative,0.05307175705281212,0.0544823672840614,False,True,True,False,False,sign_inconsistent_positive_harmless
hexc_00839,840,14.007360273707592,positive,-14.684010208707605,negative,0.06519826828304924,0.0681897010081382,False,True,True,False,False,sign_inconsistent_positive_harmless
hexc_00840,841,17.51090920640216,positive,-18.187559141401834,negative,0.053078533736513826,0.0545916136692518,False,True,True,False,False,sign_inconsistent_positive_harmless
hexc_00841,842,18.003722999701044,positive,-18.68037293470116,negative,0.05172591231748157,0.0529334073685359,False,True,True,False,False,sign_inconsistent_positive_harmless
hexc_00842,843,13.233185488555364,positive,-13.909835423555364,negative,0.06866220928877309,0.0720703082374865,False,True,True,False,False,sign_inconsistent_positive_harmless
hexc_00843,844,14.776817705393524,positive,-15.453467640393455,negative,0.06208506385486241,0.0639845617092927,False,True,True,False,False,sign_inconsistent_positive_harmless
hexc_00844,845,16.243658521409802,positive,-16.920308456409657,negative,0.05690487166020727,0.0584555384497958,False,True,True,False,False,sign_inconsistent_positive_harmless
hexc_00845,846,13.22787911566918,positive,-13.904529050669224,negative,0.06868722176278803,0.0698496571702368,False,True,True,False,False,sign_inconsistent_positive_harmless
hexc_00846,847,15.683080940142546,positive,-16.359730875142304,negative,0.05877919600234784,0.0602853522506817,False,True,True,False,False,sign_inconsistent_positive_harmless
hexc_00847,848,18.049341567347508,positive,-18.725991502347824,negative,0.05160418028837243,0.0535126337722001,False,True,True,False,False,sign_inconsistent_positive_harmless
hexc_00848,849,16.230136603498202,positive,-16.90678653849818,negative,0.056948675543354636,0.0584289519707461,False,True,True,False,False,sign_inconsistent_positive_harmless
hexc_00849,850,16.230591876831177,positive,-16.907241811830772,negative,0.05694719960121899,0.0588391093536454,False,True,True,False,False,sign_inconsistent_positive_harmless
hexc_00850,851,17.51269815399019,positive,-18.1893480889903,negative,0.05307349575061064,0.0552138610279271,False,True,True,False,False,sign_inconsistent_positive_harmless
hexc_00851,852,16.52519284978146,positive,-17.201842784781547,negative,0.05600790947900973,0.0581785538517203,False,True,True,False,False,sign_inconsistent_positive_harmless
hexc_00852,853,17.5025503940575,positive,-18.17920032905749,negative,0.053102086274884504,0.0552671935291183,False,True,True,False,False,sign_inconsistent_positive_harmless
hexc_00853,854,17.51346084398428,positive,-18.19011077898449,negative,0.053071348174313075,0.0547359397556698,False,True,True,False,False,sign_inconsistent_positive_harmless
hexc_00854,855,15.682854249089136,positive,-16.35950418408902,negative,0.05877997892300748,0.0613662107477397,False,True,True,False,False,sign_inconsistent_positive_harmless
hexc_00855,856,15.372413708270248,positive,-16.0490636432703,negative,0.05987207074757188,0.0616168261681965,False,True,True,False,False,sign_inconsistent_positive_harmless
hexc_00856,857,19.220263205294494,positive,-19.89691314029551,negative,0.04866448089588606,0.0492150762316946,False,True,True,False,False,sign_inconsistent_positive_harmless
hexc_00857,858,18.005032388142443,positive,-18.681682323142013,negative,0.05172241024377623,0.0535747962963188,False,True,True,False,False,sign_inconsistent_positive_harmless
hexc_00858,859,13.226970328790664,positive,-13.903620263790684,negative,0.06869150730819647,0.0709615737150018,False,True,True,False,False,sign_inconsistent_positive_harmless
hexc_00859,860,14.77595584395884,positive,-15.452605778958969,negative,0.062088384670358654,0.0636864195243564,False,True,True,False,False,sign_inconsistent_positive_harmless
hexc_00860,861,16.23001938128946,positive,-16.90666931628948,negative,0.05694905557622953,0.0584739115607995,False,True,True,False,False,sign_inconsistent_positive_harmless
hexc_00861,862,16.495379009667914,positive,-17.172028944668,negative,0.05610155530698658,0.0577647807069204,False,True,True,False,False,sign_inconsistent_positive_harmless
hexc_00862,863,17.513500707558627,positive,-18.190150642558365,negative,0.053071235931560254,0.0547346133640878,False,True,True,False,False,sign_inconsistent_positive_harmless
hexc_00863,864,15.367320352836725,positive,-16.043970287836828,negative,0.05989032687099888,0.061618925562123,False,True,True,False,False,sign_inconsistent_positive_harmless
hexc_00864,865,16.337865039683184,positive,-17.014514974683152,negative,0.05660155170411339,0.0578379832097438,False,True,True,False,False,sign_inconsistent_positive_harmless
hexc_00865,866,16.250308498230464,positive,-16.926958433230084,negative,0.05688335394255746,0.0595441933396197,False,True,True,False,False,sign_inconsistent_positive_harmless
hexc_00866,867,16.243086187645382,positive,-16.91973612264519,negative,0.05690672435450644,0.0578221710482515,False,True,True,False,False,sign_inconsistent_positive_harmless
hexc_00867,868,11.791542740365744,positive,-12.468192675365742,negative,0.0762004704130229,0.0770398696559618,False,True,True,False,False,sign_inconsistent_positive_harmless
hexc_00868,869,16.323732300326082,positive,-17.000382235326015,negative,0.05664684912068295,0.0589455636856937,False,True,True,False,False,sign_inconsistent_positive_harmless
hexc_00869,870,19.220518285850886,positive,-19.89716822085211,negative,0.0486638769730617,0.0491519986144946,False,True,True,False,False,sign_inconsistent_positive_harmless
hexc_00870,871,16.33955248494445,positive,-17.01620241994442,negative,0.05659614804380738,0.0589072212043223,False,True,True,False,False,sign_inconsistent_positive_harmless
hexc_00871,872,19.22021915692486,positive,-19.8968690919246,negative,0.048664585185301285,0.0499192156985863,False,True,True,False,False,sign_inconsistent_positive_harmless
hexc_00872,873,16.238130854854056,positive,-16.91478078985392,negative,0.056922770242319495,0.0590986334793916,False,True,True,False,False,sign_inconsistent_positive_harmless
hexc_00873,874,16.526266541273976,positive,-17.202916476273913,negative,0.0560045428236628,0.0579413878612287,False,True,True,False,False,sign_inconsistent_positive_harmless
hexc_00874,875,16.496697928713708,positive,-17.173347863713843,negative,0.05609740594029275,0.0577138689826572,False,True,True,False,False,sign_inconsistent_positive_harmless
hexc_00875,876,17.502560013344283,positive,-18.17920994834457,negative,0.05310205915871218,0.0539817996673655,False,True,True,False,False,sign_inconsistent_positive_harmless
hexc_00876,877,16.228012237940277,positive,-16.904662172940334,negative,0.056955563495578156,0.0589348047105401,False,True,True,False,False,sign_inconsistent_positive_harmless
hexc_00877,878,18.0119446949703,positive,-18.6885946299708,negative,0.05170393052984617,0.0533332629001659,False,True,True,False,False,sign_inconsistent_positive_harmless
hexc_00878,879,16.24243880978879,positive,-16.91908874478895,negative,0.05690882011843017,0.058586881232034,False,True,True,False,False,sign_inconsistent_positive_harmless
hexc_00879,880,15.705999586761717,positive,-16.382649521761778,negative,0.05870014955382287,0.0611464846554823,False,True,True,False,False,sign_inconsistent_positive_harmless
hexc_00880,881,18.00372896123365,positive,-18.680378896234288,negative,0.05172589637176921,0.0523875652398403,False,True,True,False,False,sign_inconsistent_positive_harmless
hexc_00881,882,18.002306765445063,positive,-18.67895670044527,negative,0.051729700693388544,0.0529924606807178,False,True,True,False,False,sign_inconsistent_positive_harmless
hexc_00882,883,18.012022044755017,positive,-18.688671979754872,negative,0.05170372381366824,0.0538739677253463,False,True,True,False,False,sign_inconsistent_positive_harmless
hexc_00883,884,18.00519680514516,positive,-18.68184674014537,negative,0.05172197052965037,0.0527759043101292,False,True,True,False,False,sign_inconsistent_positive_harmless
hexc_00884,885,15.705775032327988,positive,-16.382424967328006,negative,0.05870092301149537,0.0605791328840376,False,True,True,False,False,sign_inconsistent_positive_harmless
hexc_00885,886,9.988389617470986,positive,-10.665039552470986,negative,0.08832718113897783,0.0905353629639327,False,True,True,False,False,sign_inconsistent_positive_harmless
hexc_00886,887,14.77747668854144,positive,-15.45412662354147,negative,0.06208252498385044,0.0652555822922497,False,True,True,False,False,sign_inconsistent_positive_harmless
hexc_00887,888,17.51430057774468,positive,-18.19095051274417,negative,0.05306898385974762,0.0543812614326261,False,True,True,False,False,sign_inconsistent_positive_harmless
hexc_00888,889,16.337982148114918,positive,-17.01463208311452,negative,0.05660117665764191,0.0580902158457348,False,True,True,False,False,sign_inconsistent_positive_harmless
hexc_00889,890,14.775999771256355,positive,-15.452649706256352,negative,0.06208821540666229,0.064466073133591,False,True,True,False,False,sign_inconsistent_positive_harmless
hexc_00890,891,16.237907009742973,positive,-16.914556944743254,negative,0.05692349528982501,0.0578939114446271,False,True,True,False,False,sign_inconsistent_positive_harmless
hexc_00891,892,16.24225504881919,positive,-16.918904983819175,negative,0.05690941503808738,0.0591546579044083,False,True,True,False,False,sign_inconsistent_positive_harmless
hexc_00892,893,18.00658830555633,positive,-18.68323824055642,negative,0.05171824942311502,0.0534604288438405,False,True,True,False,False,sign_inconsistent_positive_harmless
hexc_00893,894,16.337282955557516,positive,-17.0139328905575,negative,0.05660341593563863,0.0585939985010802,False,True,True,False,False,sign_inconsistent_positive_harmless
hexc_00894,895,19.220433053490883,positive,-19.89708298848928,negative,0.04866407876555174,0.0492165780619318,False,True,True,False,False,sign_inconsistent_positive_harmless
hexc_00895,896,15.705996253813709,positive,-16.38264618881385,negative,0.05870016103371567,0.060904601565583,False,True,True,False,False,sign_inconsistent_positive_harmless
hexc_00896,897,14.05024833002549,positive,-14.726898265025511,negative,0.0650165551354885,0.0654695768526705,False,True,True,False,False,sign_inconsistent_positive_harmless
hexc_00897,898,17.99736041504677,positive,-18.67401035004696,negative,0.051742936356869836,0.0534994171955925,False,True,True,False,False,sign_inconsistent_positive_harmless
hexc_00898,899,16.5257643692459,positive,-17.20241430424585,negative,0.05600611737843852,0.0577574596493002,False,True,True,False,False,sign_inconsistent_positive_harmless
hexc_00899,900,12.995946170816742,positive,-13.672596105816751,negative,0.06979855917853105,0.0724750996658737,False,True,True,False,False,sign_inconsistent_positive_harmless
hexc_00900,901,17.535969801117066,positive,-18.21261973611672,negative,0.053008045770433096,0.0552387382691653,False,True,True,False,False,sign_inconsistent_positive_harmless
hexc_00901,902,18.0065893185687,positive,-18.6832392535689,negative,0.05171824671434458,0.0527959244485922,False,True,True,False,False,sign_inconsistent_positive_harmless
hexc_00902,903,19.21980484921865,positive,-19.896454784218804,negative,0.04866556612678398,0.0491846653022056,False,True,True,False,False,sign_inconsistent_positive_harmless
hexc_00903,904,17.50256065831231,positive,-18.179210593312742,negative,0.05310205734058872,0.0540662185454775,False,True,True,False,False,sign_inconsistent_positive_harmless
hexc_00904,905,18.00374215685921,positive,-18.680392091859176,negative,0.051725861076571664,0.0532813829057262,False,True,True,False,False,sign_inconsistent_positive_harmless
hexc_00905,906,19.22026370139813,positive,-19.896913636397585,negative,0.04866447972130419,0.0496511704472867,False,True,True,False,False,sign_inconsistent_positive_harmless
hexc_00906,907,17.503144773243942,positive,-18.17979470824412,negative,0.05310041080879378,0.0547479999666079,False,True,True,False,False,sign_inconsistent_positive_harmless
hexc_00907,908,17.511684674249903,positive,-18.18833460924997,negative,0.05307634976749832,0.0546177716113432,False,True,True,False,False,sign_inconsistent_positive_harmless
hexc_00908,909,14.776094940448528,positive,-15.452744875448616,negative,0.0620878486973244,0.0625995472242675,False,True,True,False,False,sign_inconsistent_positive_harmless
hexc_00909,910,16.326665383202304,positive,-17.003315318202112,negative,0.056637442218890825,0.0589292298645833,False,True,True,False,False,sign_inconsistent_positive_harmless
hexc_00910,911,18.005330454866257,positive,-18.681980389866112,negative,0.051721613104540584,0.0536850831213623,False,True,True,False,False,sign_inconsistent_positive_harmless
hexc_00911,912,18.04934306060183,positive,-18.7259929956017,negative,0.051604176313033705,0.0524473870154861,False,True,True,False,False,sign_inconsistent_positive_harmless
hexc_00912,913,17.51230228362608,positive,-18.188952218626586,negative,0.05307461050766975,0.054632572985037,False,True,True,False,False,sign_inconsistent_positive_harmless
hexc_00913,914,19.220431925872564,positive,-19.89708186087228,negative,0.048664081435267174,0.0493688680772857,False,True,True,False,False,sign_inconsistent_positive_harmless
hexc_00914,915,18.00369520107414,positive,-18.68034513607472,negative,0.05172598667247692,0.0536214877934271,False,True,True,False,False,sign_inconsistent_positive_harmless
hexc_00915,916,19.220427154148123,positive,-19.897077089148297,negative,0.048664092732650065,0.0502642768158267,False,True,True,False,False,sign_inconsistent_positive_harmless
hexc_00916,917,12.333672375833435,positive,-13.01032231083343,negative,0.07317934131509553,0.0774150599023891,False,True,True,False,False,sign_inconsistent_positive_harmless
hexc_00917,918,16.495375780697184,positive,-17.172025715697146,negative,0.05610156546619704,0.0584684694230504,False,True,True,False,False,sign_inconsistent_positive_harmless
hexc_00918,919,17.502709653205585,positive,-18.179359588205443,negative,0.05310163733678233,0.0545307991961619,False,True,True,False,False,sign_inconsistent_positive_harmless
hexc_00919,920,16.33954364089398,positive,-17.016193575893794,negative,0.056596176362181824,0.0581434284620721,False,True,True,False,False,sign_inconsistent_positive_harmless
hexc_00920,921,17.502633592298928,positive,-18.17928352729905,negative,0.05310185174511508,0.0549539576212059,False,True,True,False,False,sign_inconsistent_positive_harmless
hexc_00921,922,16.24328790825076,positive,-16.919937843250864,negative,0.05690607135355773,0.0588642345773177,False,True,True,False,False,sign_inconsistent_positive_harmless
hexc_00922,923,14.006898605381958,positive,-14.683548540381937,negative,0.06520022985669274,0.0684103219780649,False,True,True,False,False,sign_inconsistent_positive_harmless
hexc_00923,924,17.51311206563655,positive,-18.18976200063662,negative,0.05307233023999476,0.0551290948259741,False,True,True,False,False,sign_inconsistent_positive_harmless
hexc_00924,925,17.513926075241702,positive,-18.190576010241784,negative,0.05307003346045481,0.0550956797823624,False,True,True,False,False,sign_inconsistent_positive_harmless
hexc_00925,926,17.525084172748645,positive,-18.20173410774896,negative,0.05303864078647815,0.0553538355119092,False,True,True,False,False,sign_inconsistent_positive_harmless
hexc_00926,927,16.495334156312897,positive,-17.17198409131288,negative,0.05610169642804081,0.0580108520218464,False,True,True,False,False,sign_inconsistent_positive_harmless
hexc_00927,928,16.32675538445175,positive,-17.00340531945176,negative,0.05663715361877423,0.0578008375393387,False,True,True,False,False,sign_inconsistent_positive_harmless
hexc_00928,929,17.513892787844487,positive,-18.19054272284393,negative,0.05307013198735424,0.0550907910074587,False,True,True,False,False,sign_inconsistent_positive_harmless
hexc_00929,930,19.219322725926347,positive,-19.89597266092641,negative,0.04866670768256704,0.0499265506780113,False,True,True,False,False,sign_inconsistent_positive_harmless
hexc_00930,931,16.526267959896458,positive,-17.202917894896473,negative,0.05600453837571349,0.0572384388419331,False,True,True,False,False,sign_inconsistent_positive_harmless
hexc_00931,932,17.50512026070956,positive,-18.18177019570976,negative,0.05309484296421064,0.0547312475022079,False,True,True,False,False,sign_inconsistent_positive_harmless
hexc_00932,933,17.502562316799608,positive,-18.17921225179998,negative,0.05310205266541876,0.0549057081271222,False,True,True,False,False,sign_inconsistent_positive_harmless
hexc_00933,934,14.778199579698969,positive,-15.454849514698935,negative,0.062079740132514584,0.0639860467502799,False,True,True,False,False,sign_inconsistent_positive_harmless
hexc_00934,935,17.99717494947184,positive,-18.6738248844722,negative,0.05174343276557034,0.0526763305513066,False,True,True,False,False,sign_inconsistent_positive_harmless
hexc_00935,936,16.495581001421293,positive,-17.17223093642133,negative,0.056100919793884305,0.0585131648548839,False,True,True,False,False,sign_inconsistent_positive_harmless
hexc_00936,937,19.22023984845652,positive,-19.89688978345657,negative,0.04866453619574192,0.0500423855703042,False,True,True,False,False,sign_inconsistent_positive_harmless
hexc_00937,938,16.496699742611202,positive,-17.17334967761144,negative,0.0560974002341289,0.0571426503152974,False,True,True,False,False,sign_inconsistent_positive_harmless
hexc_00938,939,13.999997438838074,positive,-14.676647373838025,negative,0.06522956615885349,0.0682460248436658,False,True,True,False,False,sign_inconsistent_positive_harmless
hexc_00939,940,14.002600953003942,positive,-14.679250888003937,negative,0.0652184957312538,0.0659166392050288,False,True,True,False,False,sign_inconsistent_positive_harmless
hexc_00940,941,17.99897411759836,positive,-18.675624052598323,negative,0.05173861759602029,0.0537060290310206,False,True,True,False,False,sign_inconsistent_positive_harmless
hexc_00941,942,17.99750410305984,positive,-18.674154038059896,negative,0.051742551774632425,0.0532726980772996,False,True,True,False,False,sign_inconsistent_positive_harmless
hexc_00942,943,14.006751555717493,positive,-14.683401490717529,negative,0.06520085467794882,0.0663088578637002,False,True,True,False,False,sign_inconsistent_positive_harmless
hexc_00943,944,17.51134232666114,positive,-18.18799226166084,negative,0.05307731390721209,0.0553662236802841,False,True,True,False,False,sign_inconsistent_positive_harmless
hexc_00944,945,18.011909815855688,positive,-18.688559750856257,negative,0.051704023744314084,0.0532484287553092,False,True,True,False,False,sign_inconsistent_positive_harmless
hexc_00945,946,17.512281990523043,positive,-18.18893192552241,negative,0.05307466765359405,0.053857183474842,False,True,True,False,False,sign_inconsistent_positive_harmless
hexc_00946,947,16.32453703583054,positive,-17.00118697083053,negative,0.05664426788444039,0.0578975849812232,False,True,True,False,False,sign_inconsistent_positive_harmless
hexc_00947,948,16.32671375913419,positive,-17.003363694133895,negative,0.056637287095127296,0.0578979058425053,False,True,True,False,False,sign_inconsistent_positive_harmless
hexc_00948,949,18.00240982647052,positive,-18.679059761470853,negative,0.051729424990121606,0.0530418844504978,False,True,True,False,False,sign_inconsistent_positive_harmless
hexc_00949,950,19.22026871864579,positive,-19.89691865364512,negative,0.048664467842440495,0.050292038029149,False,True,True,False,False,sign_inconsistent_positive_harmless
hexc_00950,951,18.00501107037019,positive,-18.681661005370188,negative,0.05172246725622422,0.0528374174512601,False,True,True,False,False,sign_inconsistent_positive_harmless
hexc_00951,952,16.250607179077214,positive,-16.927257114077292,negative,0.0568823878652467,0.0595614854614243,False,True,True,False,False,sign_inconsistent_positive_harmless
hexc_00952,953,16.495514768361712,positive,-17.172164703361886,negative,0.0561011281769306,0.058083894710532,False,True,True,False,False,sign_inconsistent_positive_harmless
hexc_00953,954,17.99750588919997,positive,-18.67415582419926,negative,0.05174254699404637,0.0531012747989439,False,True,True,False,False,sign_inconsistent_positive_harmless
hexc_00954,955,19.21936712827992,positive,-19.896017063279945,negative,0.04866660254588615,0.0492397505590195,False,True,True,False,False,sign_inconsistent_positive_harmless
hexc_00955,956,17.51331956795176,positive,-18.189969502952408,negative,0.05307174596510964,0.0555431705366381,False,True,True,False,False,sign_inconsistent_positive_harmless
hexc_00956,957,15.70597803350158,positive,-16.38262796850131,negative,0.058700223791215506,0.0603358846572112,False,True,True,False,False,sign_inconsistent_positive_harmless
hexc_00957,958,18.048878113473307,positive,-18.72552804847328,negative,0.051605414123567166,0.0523554099310386,False,True,True,False,False,sign_inconsistent_positive_harmless
hexc_00958,959,17.50301654662663,positive,-18.179666481626555,negative,0.05310077225152136,0.0549312559663093,False,True,True,False,False,sign_inconsistent_positive_harmless
hexc_00959,960,12.99596954792371,positive,-13.672619482923665,negative,0.06979844535291631,0.0705694820952203,False,True,True,False,False,sign_inconsistent_positive_harmless
hexc_00960,961,19.22042659860284,positive,-19.89707653360165,negative,0.048664094047938256,0.0501190700615863,False,True,True,False,False,sign_inconsistent_positive_harmless
hexc_00961,962,17.51392576551186,positive,-18.19057570051245,negative,0.053070039137282206,0.05489917504497,False,True,True,False,False,sign_inconsistent_positive_harmless
hexc_00962,963,18.00661745986466,positive,-18.683267394864743,negative,0.0517181714653075,0.0531647891908394,False,True,True,False,False,sign_inconsistent_positive_harmless
hexc_00963,964,12.99632013896536,positive,-13.672970073965304,negative,0.06979673833243831,0.0725736917080832,False,True,True,False,False,sign_inconsistent_positive_harmless
hexc_00964,965,15.36280349261503,positive,-16.03945342761517,negative,0.05990652597452841,0.0615028587662349,False,True,True,False,False,sign_inconsistent_positive_harmless
hexc_00965,966,18.00509864649653,positive,-18.68174858149632,negative,0.051722233042625416,0.0535599774174267,False,True,True,False,False,sign_inconsistent_positive_harmless
hexc_00966,967,15.362819934078022,positive,-16.039469869078175,negative,0.05990646699357838,0.0621562171320395,False,True,True,False,False,sign_inconsistent_positive_harmless
hexc_00967,968,14.769360956777874,positive,-15.44601089177786,negative,0.06211380701451712,0.0640608430714085,False,True,True,False,False,sign_inconsistent_positive_harmless
hexc_00968,969,16.24460416313858,positive,-16.921254098138434,negative,0.05690181079968669,0.0582469097724379,False,True,True,False,False,sign_inconsistent_positive_harmless
hexc_00969,970,16.326405964674663,positive,-17.003055899674564,negative,0.05663827409287674,0.0580317043722804,False,True,True,False,False,sign_inconsistent_positive_harmless
hexc_00970,971,16.495651719160218,positive,-17.172301654160037,negative,0.05610069730280756,0.0576970160239945,False,True,True,False,False,sign_inconsistent_positive_harmless
hexc_00971,972,12.986124682773283,positive,-13.662774617773266,negative,0.0698464138919876,0.0726904701419275,False,True,True,False,False,sign_inconsistent_positive_harmless
hexc_00972,973,18.0055260818346,positive,-18.68217601683409,negative,0.051721089939958456,0.0533847122027223,False,True,True,False,False,sign_inconsistent_positive_harmless
hexc_00973,974,16.22877230496028,positive,-16.905422239960444,negative,0.056953098895366046,0.0580150846827492,False,True,True,False,False,sign_inconsistent_positive_harmless
hexc_00974,975,15.685842237041545,positive,-16.362492172041584,negative,0.0587696610117686,0.0601273708835792,False,True,True,False,False,sign_inconsistent_positive_harmless
hexc_00975,976,19.220458112082497,positive,-19.89710804708193,negative,0.048664019437728884,0.0493076414475111,False,True,True,False,False,sign_inconsistent_positive_harmless
hexc_00976,977,14.776812078400951,positive,-15.453462013401122,negative,0.06208508553492807,0.0629207767537194,False,True,True,False,False,sign_inconsistent_positive_harmless
hexc_00977,978,19.22052789784348,positive,-19.897177832843223,negative,0.04866385421621974,0.0506320408823422,False,True,True,False,False,sign_inconsistent_positive_harmless
hexc_00978,979,13.232160218459114,positive,-13.908810153459058,negative,0.06866704065132334,0.0706981135254867,False,True,True,False,False,sign_inconsistent_positive_harmless
hexc_00979,980,16.229924646232913,positive,-16.906574581233144,negative,0.056949362709754835,0.0593702946236736,False,True,True,False,False,sign_inconsistent_positive_harmless
hexc_00980,981,18.0055242430992,positive,-18.68217417809956,negative,0.05172109485723585,0.0531997381477983,False,True,True,False,False,sign_inconsistent_positive_harmless
hexc_00981,982,16.32674045447974,positive,-17.00339038947959,negative,0.05663720149336869,0.0589451733440807,False,True,True,False,False,sign_inconsistent_positive_harmless
hexc_00982,983,17.511975664289874,positive,-18.18862559928948,negative,0.05307553029150631,0.05444012530015,False,True,True,False,False,sign_inconsistent_positive_harmless
hexc_00983,984,17.50534260382036,positive,-18.18199253881994,negative,0.05309421637075378,0.0545411270878509,False,True,True,False,False,sign_inconsistent_positive_harmless
hexc_00984,985,15.682945204531208,positive,-16.359595139531393,negative,0.05877966478858951,0.059811529361056,False,True,True,False,False,sign_inconsistent_positive_harmless
hexc_00985,986,17.50530092514403,positive,-18.181950860143843,negative,0.053094333825868555,0.0544065484650341,False,True,True,False,False,sign_inconsistent_positive_harmless
hexc_00986,987,19.220230065013933,positive,-19.89688000001479,negative,0.04866455935914727,0.0497842615972893,False,True,True,False,False,sign_inconsistent_positive_harmless
hexc_00987,988,17.535966432721164,positive,-18.21261636772124,negative,0.05300805523214966,0.0547956749890023,False,True,True,False,False,sign_inconsistent_positive_harmless
hexc_00988,989,18.04924971725392,positive,-18.72589965225416,negative,0.05160442481261206,0.0534997227519696,False,True,True,False,False,sign_inconsistent_positive_harmless
hexc_00989,990,17.51168421774274,positive,-18.188334152742755,negative,0.05307635105311757,0.0546979058091081,False,True,True,False,False,sign_inconsistent_positive_harmless
hexc_00990,991,16.49564990336072,positive,-17.172299838360686,negative,0.056100703015626766,0.0575033334265888,False,True,True,False,False,sign_inconsistent_positive_harmless
hexc_00991,992,17.513891275582832,positive,-18.19054121058344,negative,0.05307013624520474,0.0545327978215142,False,True,True,False,False,sign_inconsistent_positive_harmless
hexc_00992,993,18.00531811614502,positive,-18.681968051144395,negative,0.051721646102297056,0.0530179853254557,False,True,True,False,False,sign_inconsistent_positive_harmless
hexc_00993,994,16.230038721926995,positive,-16.906688656927145,negative,0.05694899287378558,0.0583838509096424,False,True,True,False,False,sign_inconsistent_positive_harmless
hexc_00994,995,16.525058857236605,positive,-17.201708792236786,negative,0.05600832965297224,0.0577954298990485,False,True,True,False,False,sign_inconsistent_positive_harmless
hexc_00995,996,16.525293822065805,positive,-17.201943757065692,negative,0.056007592854178105,0.0576823253845206,False,True,True,False,False,sign_inconsistent_positive_harmless
hexc_00996,997,16.25039700317255,positive,-16.92704693817268,negative,0.05688306767164835,0.0582113431712301,False,True,True,False,False,sign_inconsistent_positive_harmless
hexc_00997,998,16.525701378106486,positive,-17.202351313106647,negative,0.056006314892699235,0.0582342885153666,False,True,True,False,False,sign_inconsistent_positive_harmless
hexc_00998,999,13.997528201956154,positive,-14.67417813695613,negative,0.06524006909603758,0.0679057846689434,False,True,True,False,False,sign_inconsistent_positive_harmless
hexc_00999,1000,16.242516579632973,positive,-16.919166514632707,negative,0.05690856834504563,0.0582834135511458,False,True,True,False,False,sign_inconsistent_positive_harmless
hexc_01000,1001,18.00652255774591,positive,-18.683172492746053,negative,0.05171842523178929,0.0525808654579029,False,True,True,False,False,sign_inconsistent_positive_harmless
hexc_01001,1002,15.36869817033665,positive,-16.045348105336643,negative,0.05988538725921077,0.0623766146835073,False,True,True,False,False,sign_inconsistent_positive_harmless
hexc_01002,1003,17.50512492935704,positive,-18.181774864357067,negative,0.05309482980716772,0.0539684199046391,False,True,True,False,False,sign_inconsistent_positive_harmless
hexc_01003,1004,18.00233564238434,positive,-18.678985577384083,negative,0.05172962344306875,0.0536210536138784,False,True,True,False,False,sign_inconsistent_positive_harmless
hexc_01004,1005,14.05655571166946,positive,-14.73320564666949,negative,0.0649899166385012,0.0670937609135922,False,True,True,False,False,sign_inconsistent_positive_harmless
hexc_01005,1006,16.336797321029024,positive,-17.013447256029394,negative,0.056604971363514216,0.0585224770074963,False,True,True,False,False,sign_inconsistent_positive_harmless
hexc_01006,1007,16.495630837266923,positive,-17.17228077226673,negative,0.05610076300091947,0.0572648554389082,False,True,True,False,False,sign_inconsistent_positive_harmless
hexc_01007,1008,16.49536962544285,positive,-17.17201956044255,negative,0.05610158483229292,0.0581475215926058,False,True,True,False,False,sign_inconsistent_positive_harmless
hexc_01008,1009,19.21968920397824,positive,-19.89633913897705,negative,0.04866583994292254,0.0494720464864998,False,True,True,False,False,sign_inconsistent_positive_harmless
hexc_01009,1010,16.326951483871323,positive,-17.003601418871312,negative,0.056636524811957946,0.0583219062948139,False,True,True,False,False,sign_inconsistent_positive_harmless
hexc_01010,1011,18.012034079604486,positive,-18.688684014604405,negative,0.051703691650856566,0.0534756590852837,False,True,True,False,False,sign_inconsistent_positive_harmless
hexc_01011,1012,17.51344022804189,positive,-18.19009016304153,negative,0.05307140622222997,0.0542528835115265,False,True,True,False,False,sign_inconsistent_positive_harmless
hexc_01012,1013,15.368265635724608,positive,-16.04491557072447,negative,0.05988693785079308,0.0613526555481265,False,True,True,False,False,sign_inconsistent_positive_harmless
hexc_01013,1014,19.220229568893604,positive,-19.896879503892706,negative,0.04866456053376438,0.0502046222580501,False,True,True,False,False,sign_inconsistent_positive_harmless
hexc_01014,1015,17.511539001367023,positive,-18.188188936367624,negative,0.0530767600158883,0.0545448919648038,False,True,True,False,False,sign_inconsistent_positive_harmless
hexc_01015,1016,16.337918546296063,positive,-17.01456848129601,negative,0.05660138034549988,0.0571409787010661,False,True,True,False,False,sign_inconsistent_positive_harmless
hexc_01016,1017,16.49538990736715,positive,-17.172039842367212,negative,0.0561015210199192,0.0579249643167587,False,True,True,False,False,sign_inconsistent_positive_harmless
hexc_01017,1018,18.04933842084003,positive,-18.725988355839945,negative,0.051604188664996754,0.0528718226933726,False,True,True,False,False,sign_inconsistent_positive_harmless
hexc_01018,1019,17.99737534652948,positive,-18.6740252815298,negative,0.05174289639235874,0.0538922776913126,False,True,True,False,False,sign_inconsistent_positive_harmless
hexc_01019,1020,16.52535698576977,positive,-17.20200692076969,negative,0.05600739478979347,0.0569461819823584,False,True,True,False,False,sign_inconsistent_positive_harmless
hexc_01020,1021,17.997507473132902,positive,-18.674157408132487,negative,0.05174254275466935,0.0532913830085584,False,True,True,False,False,sign_inconsistent_positive_harmless
hexc_01021,1022,19.22052618177728,positive,-19.8971761167777,negative,0.0486638582790862,0.0498206641871817,False,True,True,False,False,sign_inconsistent_positive_harmless
hexc_01022,1023,15.367199849591334,positive,-16.04384978459143,negative,0.05989075892576755,0.0619647852683792,False,True,True,False,False,sign_inconsistent_positive_harmless
hexc_01023,1024,18.00661596821774,positive,-18.683265903217944,negative,0.0517181754539244,0.0539139775736893,False,True,True,False,False,sign_inconsistent_positive_harmless
hexc_01024,1025,18.002414733873472,positive,-18.67906466887325,negative,0.05172941186217504,0.0539057463052351,False,True,True,False,False,sign_inconsistent_positive_harmless
hexc_01025,1026,16.525194612721595,positive,-17.20184454772152,negative,0.05600790395082171,0.0569264558814041,False,True,True,False,False,sign_inconsistent_positive_harmless
hexc_01026,1027,18.00502004574287,positive,-18.6816699807423,negative,0.05172244325238782,0.0535322410820112,False,True,True,False,False,sign_inconsistent_positive_harmless
hexc_01027,1028,12.334853582808185,positive,-13.011503517808135,negative,0.07317302014958367,0.0742407126876558,False,True,True,False,False,sign_inconsistent_positive_harmless
hexc_01028,1029,18.005347274070324,positive,-18.681997209070687,negative,0.051721568124582167,0.0528225922871366,False,True,True,False,False,sign_inconsistent_positive_harmless
hexc_01029,1030,16.250660022247622,positive,-16.92730995724787,negative,0.05688221694846913,0.0583362442918414,False,True,True,False,False,sign_inconsistent_positive_harmless
hexc_01030,1031,16.49536261244297,positive,-17.172012547443046,negative,0.05610160689710692,0.0573762923742834,False,True,True,False,False,sign_inconsistent_positive_harmless
hexc_01031,1032,18.012024236946296,positive,-18.68867417194633,negative,0.051703717955093466,0.0526777806841792,False,True,True,False,False,sign_inconsistent_positive_harmless
hexc_01032,1033,16.243670137360514,positive,-16.920320072360482,negative,0.05690483405961092,0.0588432889266009,False,True,True,False,False,sign_inconsistent_positive_harmless
hexc_01033,1034,19.22051765430634,positive,-19.897167589306264,negative,0.04866387846827028,0.0496337461663637,False,True,True,False,False,sign_inconsistent_positive_harmless
hexc_01034,1035,15.362792374901147,positive,-16.039442309901233,negative,0.05990656585750024,0.0617667099828097,False,True,True,False,False,sign_inconsistent_positive_harmless
hexc_01035,1036,17.51113841481016,positive,-18.187788349810035,negative,0.05307788819257902,0.0540584124171681,False,True,True,False,False,sign_inconsistent_positive_harmless
hexc_01036,1037,18.00553020504713,positive,-18.68218014004742,negative,0.05172107891338031,0.052754244206941,False,True,True,False,False,sign_inconsistent_positive_harmless
hexc_01037,1038,18.04885145682348,positive,-18.72550139182385,negative,0.05160548509232254,0.0531407114795376,False,True,True,False,False,sign_inconsistent_positive_harmless
hexc_01038,1039,14.769326941644254,positive,-15.44597687664418,negative,0.062113938191919495,0.0636332271852552,False,True,True,False,False,sign_inconsistent_positive_harmless
hexc_01039,1040,16.22997911998702,positive,-16.90662905498675,negative,0.05694918610401669,0.058155166661356,False,True,True,False,False,sign_inconsistent_positive_harmless
hexc_01040,1041,16.339794722553787,positive,-17.016444657554075,negative,0.056595372417519725,0.0581526512748014,False,True,True,False,False,sign_inconsistent_positive_harmless
hexc_01041,1042,16.525094707878427,positive,-17.201744642878566,negative,0.0560082172318745,0.0576029681021219,False,True,True,False,False,sign_inconsistent_positive_harmless
hexc_01042,1043,16.242257193325095,positive,-16.918907128325372,negative,0.05690940809525441,0.0581186934414031,False,True,True,False,False,sign_inconsistent_positive_harmless
hexc_01043,1044,14.05510809843038,positive,-14.731758033430424,negative,0.0649960285363692,0.0663552024669976,False,True,True,False,False,sign_inconsistent_positive_harmless
hexc_01044,1045,17.99738513220344,positive,-18.67403506720348,negative,0.05174287020077416,0.0535819133808564,False,True,True,False,False,sign_inconsistent_positive_harmless
hexc_01045,1046,17.514320265347404,positive,-18.19097020034769,negative,0.053068928430795595,0.0544962849282872,False,True,True,False,False,sign_inconsistent_positive_harmless
hexc_01046,1047,18.00658604575582,positive,-18.683235980755853,negative,0.05171825546576825,0.0530176351764428,False,True,True,False,False,sign_inconsistent_positive_harmless
hexc_01047,1048,16.242269020517465,positive,-16.918918955517256,negative,0.056909369804769586,0.0582514018082677,False,True,True,False,False,sign_inconsistent_positive_harmless
hexc_01048,1049,19.219318452099937,positive,-19.895968387099856,negative,0.04866671780223267,0.0498451115752558,False,True,True,False,False,sign_inconsistent_positive_harmless
hexc_01049,1050,15.682930311143984,positive,-16.35958024614365,negative,0.05877971622591274,0.0600975242305102,False,True,True,False,False,sign_inconsistent_positive_harmless
hexc_01050,1051,17.50534585644821,positive,-18.18199579144857,negative,0.05309420720451328,0.0545099643960911,False,True,True,False,False,sign_inconsistent_positive_harmless
hexc_01051,1052,16.495368414568688,positive,-17.17201834956859,negative,0.05610158864203313,0.0574714944854633,False,True,True,False,False,sign_inconsistent_positive_harmless
hexc_01052,1053,16.227871164988613,positive,-16.90452109998887,negative,0.05695602096347233,0.0583789727930857,False,True,True,False,False,sign_inconsistent_positive_harmless
hexc_01053,1054,16.337912345345213,positive,-17.014562280345217,negative,0.05660140020441918,0.0588976206745489,False,True,True,False,False,sign_inconsistent_positive_harmless
hexc_01054,1055,18.00512876957333,positive,-18.68177870457293,negative,0.0517221524819564,0.0526726107882914,False,True,True,False,False,sign_inconsistent_positive_harmless
hexc_01055,1056,18.00501240831905,positive,-18.68166234331875,negative,0.05172246367799692,0.053722866414157,False,True,True,False,False,sign_inconsistent_positive_harmless
hexc_01056,1057,16.250603699063113,positive,-16.927253634063163,negative,0.05688239912109475,0.0577357907455695,False,True,True,False,False,sign_inconsistent_positive_harmless
hexc_01057,1058,19.219676291172497,positive,-19.896326226171368,negative,0.048665870517088504,0.0502046417587178,False,True,True,False,False,sign_inconsistent_positive_harmless
hexc_01058,1059,17.51229686365595,positive,-18.188946798655707,negative,0.053074625770438144,0.0544968190492292,False,True,True,False,False,sign_inconsistent_positive_harmless
hexc_01059,1060,16.52533348346227,positive,-17.201983418462078,negative,0.05600746848654377,0.0569631998944803,False,True,True,False,False,sign_inconsistent_positive_harmless
hexc_01060,1061,16.339342270180843,positive,-17.015992205180737,negative,0.056596821152617646,0.0587143832589468,False,True,True,False,False,sign_inconsistent_positive_harmless
hexc_01061,1062,19.219682277678515,positive,-19.896332212680136,negative,0.04866585634260108,0.0497861772683231,False,True,True,False,False,sign_inconsistent_positive_harmless
hexc_01062,1063,17.5031139428928,positive,-18.179763877892583,negative,0.05310049771234566,0.0545203554621977,False,True,True,False,False,sign_inconsistent_positive_harmless
hexc_01063,1064,16.52621189831774,positive,-17.20286183331791,negative,0.056004714151750346,0.0567934646373467,False,True,True,False,False,sign_inconsistent_positive_harmless
hexc_01064,1065,17.512247808852848,positive,-18.188897743852976,negative,0.053074763910383224,0.0543602998727245,False,True,True,False,False,sign_inconsistent_positive_harmless
hexc_01065,1066,14.77759167779893,positive,-15.454241612799024,negative,0.06208208198484801,0.06364220805078,False,True,True,False,False,sign_inconsistent_positive_harmless
hexc_01066,1067,17.50310821504664,positive,-18.179758150045927,negative,0.05310051385783492,0.0549443196533628,False,True,True,False,False,sign_inconsistent_positive_harmless
hexc_01067,1068,17.513321536838767,positive,-18.18997147183927,negative,0.05307174042127491,0.0547005126306362,False,True,True,False,False,sign_inconsistent_positive_harmless
hexc_01068,1069,16.525693448870705,positive,-17.20234338387081,negative,0.05600633975561421,0.0570760752474639,False,True,True,False,False,sign_inconsistent_positive_harmless
hexc_01069,1070,16.250759514492515,positive,-16.927409449492643,negative,0.056881895151979674,0.0582970257036431,False,True,True,False,False,sign_inconsistent_positive_harmless
hexc_01070,1071,16.24237818799631,positive,-16.919028122996224,negative,0.05690901637797004,0.0583531546770101,False,True,True,False,False,sign_inconsistent_positive_harmless
hexc_01071,1072,15.683120270469844,positive,-16.359770205469886,negative,0.05877906016970699,0.0604306117113545,False,True,True,False,False,sign_inconsistent_positive_harmless
hexc_01072,1073,18.04925752553332,positive,-18.725907460533563,negative,0.05160440402524232,0.0528184107877725,False,True,True,False,False,sign_inconsistent_positive_harmless
hexc_01073,1074,19.22054780928653,positive,-19.897197744285226,negative,0.04866380707501982,0.0500412215505364,False,True,True,False,False,sign_inconsistent_positive_harmless
hexc_01074,1075,19.21968244314252,positive,-19.896332378142688,negative,0.0486658559508218,0.0501998774771426,False,True,True,False,False,sign_inconsistent_positive_harmless
hexc_01075,1076,16.22994727820122,positive,-16.906597213201167,negative,0.05694928933602118,0.0579107278753571,False,True,True,False,False,sign_inconsistent_positive_harmless
hexc_01076,1077,18.049258240222507,positive,-18.72590817522177,negative,0.05160440212257946,0.0524179537194175,False,True,True,False,False,sign_inconsistent_positive_harmless
hexc_01077,1078,17.511688654983555,positive,-18.188338589983687,negative,0.053076338556924715,0.0542052505928554,False,True,True,False,False,sign_inconsistent_positive_harmless
hexc_01078,1079,16.2424331571082,positive,-16.91908309210794,negative,0.056908838418597445,0.0582198634934368,False,True,True,False,False,sign_inconsistent_positive_harmless
hexc_01079,1080,18.00659693282661,positive,-18.68324686782671,negative,0.05171822635401043,0.0528439772376782,False,True,True,False,False,sign_inconsistent_positive_harmless
hexc_01080,1081,15.705827369906494,positive,-16.382477304906843,negative,0.0587007427375652,0.0591723335658698,False,True,True,False,False,sign_inconsistent_positive_harmless
hexc_01081,1082,18.00502237598173,positive,-18.68167231098141,negative,0.051722437020375836,0.0521747116325183,False,True,True,False,False,sign_inconsistent_positive_harmless
hexc_01082,1083,17.51237812362827,positive,-18.189028058627628,negative,0.05307439694125561,0.054542461859309,False,True,True,False,False,sign_inconsistent_positive_harmless
hexc_01083,1084,18.005176393844856,positive,-18.68182632884509,negative,0.051722025116889885,0.0534419489733958,False,True,True,False,False,sign_inconsistent_positive_harmless
hexc_01084,1085,16.32443133149224,positive,-17.001081266492292,negative,0.056644606923878675,0.0583910982497657,False,True,True,False,False,sign_inconsistent_positive_harmless
hexc_01085,1086,15.362770295694418,positive,-16.03942023069453,negative,0.05990664506318454,0.06227170973379,False,True,True,False,False,sign_inconsistent_positive_harmless
hexc_01086,1087,17.50271086924868,positive,-18.17936080424897,negative,0.053101633908889924,0.0542782829612496,False,True,True,False,False,sign_inconsistent_positive_harmless
hexc_01087,1088,17.50512527858569,positive,-18.18177521358575,negative,0.05309482882298231,0.0542851518691058,False,True,True,False,False,sign_inconsistent_positive_harmless
hexc_01088,1089,17.50260549178444,positive,-18.17925542678404,negative,0.05310193095818119,0.0539085459451573,False,True,True,False,False,sign_inconsistent_positive_harmless
hexc_01089,1090,18.003731551251725,positive,-18.680381486251463,negative,0.051725889444073574,0.0533156574202763,False,True,True,False,False,sign_inconsistent_positive_harmless
hexc_01090,1091,16.22786312191227,positive,-16.904513056912492,negative,0.05695604704558345,0.0581716915777917,False,True,True,False,False,sign_inconsistent_positive_harmless
hexc_01091,1092,17.505325421684084,positive,-18.18197535668424,negative,0.053094264791850615,0.054911741915113,False,True,True,False,False,sign_inconsistent_positive_harmless
hexc_01092,1093,16.24242867392501,positive,-16.919078608924792,negative,0.056908852932606405,0.0581949055190804,False,True,True,False,False,sign_inconsistent_positive_harmless
hexc_01093,1094,17.14651516408628,positive,-17.82316509908651,negative,0.0541250559286734,0.0560191245093466,False,True,True,False,False,sign_inconsistent_positive_harmless
hexc_01094,1095,17.502558723406985,positive,-18.179208658407333,negative,0.053102062794964044,0.0551289746581206,False,True,True,False,False,sign_inconsistent_positive_harmless
hexc_01095,1096,16.326736035165272,positive,-17.003385970165255,negative,0.056637215664401865,0.0577474700715806,False,True,True,False,False,sign_inconsistent_positive_harmless
hexc_01096,1097,18.011904733368866,positive,-18.68855466836885,negative,0.051704037327291494,0.0532369055469006,False,True,True,False,False,sign_inconsistent_positive_harmless
hexc_01097,1098,16.243179034819295,positive,-16.919828969819264,negative,0.05690642379191455,0.058989272338129,False,True,True,False,False,sign_inconsistent_positive_harmless
hexc_01098,1099,16.33953638871423,positive,-17.01618632371401,negative,0.05659619958345718,0.0585467889999367,False,True,True,False,False,sign_inconsistent_positive_harmless
hexc_01099,1100,18.005172525572227,positive,-18.68182246057222,negative,0.05172203546206989,0.0531144456911841,False,True,True,False,False,sign_inconsistent_positive_harmless
hexc_01100,1101,16.33792651889065,positive,-17.01457645389064,negative,0.05660135481280546,0.0581857775751032,False,True,True,False,False,sign_inconsistent_positive_harmless
hexc_01101,1102,15.705982921910593,positive,-16.382632856910732,negative,0.058700206953713155,0.0615526936475914,False,True,True,False,False,sign_inconsistent_positive_harmless
hexc_01102,1103,16.33899816558593,positive,-17.015648100585622,negative,0.05659792301193427,0.0586781115263028,False,True,True,False,False,sign_inconsistent_positive_harmless
hexc_01103,1104,17.503031245082425,positive,-18.179681180083207,negative,0.05310073081954912,0.055383249382152,False,True,True,False,False,sign_inconsistent_positive_harmless
hexc_01104,1105,16.243010410171387,positive,-16.91966034517145,negative,0.056906969661838315,0.0589063417634296,False,True,True,False,False,sign_inconsistent_positive_harmless
hexc_01105,1106,17.50271162466864,positive,-18.179361559668,negative,0.053101631779440404,0.054595234329025,False,True,True,False,False,sign_inconsistent_positive_harmless
hexc_01106,1107,17.99737359386134,positive,-18.674023528860744,negative,0.05174290108341596,0.0522691062283668,False,True,True,False,False,sign_inconsistent_positive_harmless
hexc_01107,1108,16.339815765981232,positive,-17.01646570098137,negative,0.056595305039078066,0.0590885232164182,False,True,True,False,False,sign_inconsistent_positive_harmless
hexc_01108,1109,18.04934198332572,positive,-18.725991918325235,negative,0.05160417918095412,0.0532746905385066,False,True,True,False,False,sign_inconsistent_positive_harmless
hexc_01109,1110,17.50271252748687,positive,-18.179362462487006,negative,0.053101629234496406,0.0548105176332126,False,True,True,False,False,sign_inconsistent_positive_harmless
hexc_01110,1111,18.00512897024215,positive,-18.681778905242027,negative,0.05172215194529255,0.0529513872404459,False,True,True,False,False,sign_inconsistent_positive_harmless
hexc_01111,1112,16.242223010653085,positive,-16.918872945652765,negative,0.056909518761791976,0.0575445522104413,False,True,True,False,False,sign_inconsistent_positive_harmless
hexc_01112,1113,17.50270112243748,positive,-18.179351057438,negative,0.05310166138410745,0.0551923003132832,False,True,True,False,False,sign_inconsistent_positive_harmless
hexc_01113,1114,19.219676539369978,positive,-19.896326474370653,negative,0.04866586992942547,0.0502820747847901,False,True,True,False,False,sign_inconsistent_positive_harmless
hexc_01114,1115,17.511137738810312,positive,-18.187787673810817,negative,0.05307789009644782,0.05439436807557,False,True,True,False,False,sign_inconsistent_positive_harmless
hexc_01115,1116,16.33955938324952,positive,-17.016209318249366,negative,0.05659612595566802,0.0575180001629738,False,True,True,False,False,sign_inconsistent_positive_harmless
hexc_01116,1117,18.0062676522742,positive,-18.68291758727355,negative,0.05171910685655095,0.0533605890133977,False,True,True,False,False,sign_inconsistent_positive_harmless
hexc_01117,1118,15.682850383299574,positive,-16.359500318299524,negative,0.058779992274427866,0.0601487557243022,False,True,True,False,False,sign_inconsistent_positive_harmless
hexc_01118,1119,16.243098978991835,positive,-16.919748913991953,negative,0.05690668294648621,0.0582828772431081,False,True,True,False,False,sign_inconsistent_positive_harmless
hexc_01119,1120,18.00230629589445,positive,-18.678956230894983,negative,0.05172970194951253,0.0527444806986635,False,True,True,False,False,sign_inconsistent_positive_harmless
hexc_01120,1121,17.99749964331236,positive,-18.6741495783117,negative,0.051742563711098054,0.0530767721992064,False,True,True,False,False,sign_inconsistent_positive_harmless
hexc_01121,1122,18.04925782420945,positive,-18.725907759209804,negative,0.051604403230100855,0.0522201061251438,False,True,True,False,False,sign_inconsistent_positive_harmless
hexc_01122,1123,18.048867004843707,positive,-18.725516939844056,negative,0.051605443698363895,0.053034220917429,False,True,True,False,False,sign_inconsistent_positive_harmless
hexc_01123,1124,13.991439071596847,positive,-14.6680890065968,negative,0.0652659837587084,0.0669522536547854,False,True,True,False,False,sign_inconsistent_positive_harmless
hexc_01124,1125,17.99737316692889,positive,-18.67402310192847,negative,0.05174290222611188,0.0528549473289295,False,True,True,False,False,sign_inconsistent_positive_harmless
hexc_01125,1126,17.51138276795161,positive,-18.188032702951205,negative,0.05307720001221168,0.0541033015819134,False,True,True,False,False,sign_inconsistent_positive_harmless
hexc_01126,1127,19.220203925752426,positive,-19.896853860753254,negative,0.048664621246904106,0.049416511214896,False,True,True,False,False,sign_inconsistent_positive_harmless
hexc_01127,1128,15.367323782212054,positive,-16.043973717211884,negative,0.05989031457533751,0.0604191265689465,False,True,True,False,False,sign_inconsistent_positive_harmless
hexc_01128,1129,13.228063157032665,positive,-13.904713092032694,negative,0.06868635394823047,0.0696682143827288,False,True,True,False,False,sign_inconsistent_positive_harmless
hexc_01129,1130,18.01203178779059,positive,-18.68868172279053,negative,0.051703697775664595,0.0527576768807692,False,True,True,False,False,sign_inconsistent_positive_harmless
hexc_01130,1131,19.22026535507516,positive,-19.89691529007541,negative,0.04866447580605059,0.0496773189685459,False,True,True,False,False,sign_inconsistent_positive_harmless
hexc_01131,1132,17.997369931224423,positive,-18.674019866224626,negative,0.0517429108865596,0.0533559352645015,False,True,True,False,False,sign_inconsistent_positive_harmless
hexc_01132,1133,17.997506293608623,positive,-18.67415622860881,negative,0.05174254591165383,0.0532612509449289,False,True,True,False,False,sign_inconsistent_positive_harmless
hexc_01133,1134,19.219801007607728,positive,-19.89645094260777,negative,0.048665575222613,0.0500841735521508,False,True,True,False,False,sign_inconsistent_positive_harmless
hexc_01134,1135,16.229052464813922,positive,-16.90570239981389,negative,0.056952190500262345,0.0598227360923421,False,True,True,False,False,sign_inconsistent_positive_harmless
hexc_01135,1136,7.682199026000504,positive,-8.358848961000504,negative,0.1108886263423026,0.1166604661931528,False,True,True,False,False,sign_inconsistent_positive_harmless
hexc_01136,1137,16.514267345217604,positive,-17.19091728021749,negative,0.05604219039259316,0.0579228585683904,False,True,True,False,False,sign_inconsistent_positive_harmless
hexc_01137,1138,16.326737110135454,positive,-17.003387045135696,negative,0.05663721221738835,0.0576878486927585,False,True,True,False,False,sign_inconsistent_positive_harmless
hexc_01138,1139,16.33954877045278,positive,-17.016198705452553,negative,0.05659615993749024,0.0577584668244067,False,True,True,False,False,sign_inconsistent_positive_harmless
hexc_01139,1140,17.51100066583287,positive,-18.187650600832967,negative,0.05307827614774356,0.054684290006421,False,True,True,False,False,sign_inconsistent_positive_harmless
hexc_01140,1141,18.00502148402492,positive,-18.68167141902541,negative,0.0517224394058356,0.0527310857325823,False,True,True,False,False,sign_inconsistent_positive_harmless
hexc_01141,1142,17.51150189037892,positive,-18.188151825379464,negative,0.0530768645299911,0.0546230160820673,False,True,True,False,False,sign_inconsistent_positive_harmless
hexc_01142,1143,17.5133464210488,positive,-18.18999635604814,negative,0.05307167035440622,0.0541159908639181,False,True,True,False,False,sign_inconsistent_positive_harmless
hexc_01143,1144,16.230021486411005,positive,-16.90667142141092,negative,0.056949048751407806,0.059307463297189,False,True,True,False,False,sign_inconsistent_positive_harmless
hexc_01144,1145,16.230024644085017,positive,-16.90667457908512,negative,0.056949038514206414,0.0583819238538428,False,True,True,False,False,sign_inconsistent_positive_harmless
hexc_01145,1146,19.22043154559044,positive,-19.89708148058889,negative,0.04866408233560764,0.0494756295158382,False,True,True,False,False,sign_inconsistent_positive_harmless
hexc_01146,1147,13.232962864995075,positive,-13.909612799994989,negative,0.06866325829617478,0.0696981157976294,False,True,True,False,False,sign_inconsistent_positive_harmless
hexc_01147,1148,16.339412150117706,positive,-17.016062085117483,negative,0.05659659739490544,0.0585439458953165,False,True,True,False,False,sign_inconsistent_positive_harmless
hexc_01148,1149,19.22023066697293,positive,-19.89688060197296,negative,0.048664557933938805,0.0502751394000731,False,True,True,False,False,sign_inconsistent_positive_harmless
hexc_01149,1150,16.336623603317918,positive,-17.013273538318117,negative,0.05660552778080218,0.0572889911098015,False,True,True,False,False,sign_inconsistent_positive_harmless
hexc_01150,1151,16.230120948352898,positive,-16.906770883353147,negative,0.05694872629683948,0.0583189578507988,False,True,True,False,False,sign_inconsistent_positive_harmless
hexc_01151,1152,17.51315292772562,positive,-18.189802862725628,negative,0.05307221518150257,0.0536493335791564,False,True,True,False,False,sign_inconsistent_positive_harmless
hexc_01152,1153,19.219425441236734,positive,-19.89607537623669,negative,0.04866646447212173,0.0500916480596878,False,True,True,False,False,sign_inconsistent_positive_harmless
hexc_01153,1154,18.003740984666017,positive,-18.680390919666024,negative,0.05172586421191102,0.0531896390827967,False,True,True,False,False,sign_inconsistent_positive_harmless
hexc_01154,1155,18.00517690664068,positive,-18.68182684164094,negative,0.05172202374548605,0.0532792716347628,False,True,True,False,False,sign_inconsistent_positive_harmless
hexc_01155,1156,16.25010283741915,positive,-16.92675277241915,negative,0.05688401916746956,0.0577392055749262,False,True,True,False,False,sign_inconsistent_positive_harmless
hexc_01156,1157,18.003731919658925,positive,-18.68038185465957,negative,0.051725888458673056,0.052449097351866,False,True,True,False,False,sign_inconsistent_positive_harmless
hexc_01157,1158,17.50341647755884,positive,-18.180066412559427,negative,0.053099644950139725,0.0548992148437754,False,True,True,False,False,sign_inconsistent_positive_harmless
hexc_01158,1159,18.00552509003229,positive,-18.68217502503194,negative,0.05172109259230597,0.0528393789272466,False,True,True,False,False,sign_inconsistent_positive_harmless
hexc_01159,1160,19.22020353876848,positive,-19.896853473768715,negative,0.04866462216313359,0.0495283809568822,False,True,True,False,False,sign_inconsistent_positive_harmless
hexc_01160,1161,16.338229548471332,positive,-17.014879483471304,negative,0.056600384360144654,0.0585377659146537,False,True,True,False,False,sign_inconsistent_positive_harmless
hexc_01161,1162,16.52506463652532,positive,-17.201714571525372,negative,0.056008311530142164,0.0573022479213347,False,True,True,False,False,sign_inconsistent_positive_harmless
hexc_01162,1163,16.339673051030964,positive,-17.016322986031355,negative,0.056595761997769285,0.0586968995381285,False,True,True,False,False,sign_inconsistent_positive_harmless
hexc_01163,1164,19.21967560614713,positive,-19.896325541147235,negative,0.04866587213905448,0.0497916518374952,False,True,True,False,False,sign_inconsistent_positive_harmless
hexc_01164,1165,18.0051842529694,positive,-18.68183418796889,negative,0.05172200409871727,0.0523424802961385,False,True,True,False,False,sign_inconsistent_positive_harmless
hexc_01165,1166,17.512057205914747,positive,-18.18870714091463,negative,0.05307530066136763,0.0550760585666167,False,True,True,False,False,sign_inconsistent_positive_harmless
hexc_01166,1167,18.0120229526328,positive,-18.68867288763249,negative,0.051703721387387415,0.0527240326383938,False,True,True,False,False,sign_inconsistent_positive_harmless
hexc_01167,1168,19.22051781963217,positive,-19.89716775463239,negative,0.0486638780768542,0.0499181365283003,False,True,True,False,False,sign_inconsistent_positive_harmless
hexc_01168,1169,18.0053342333602,positive,-18.68198416836003,negative,0.05172160299962596,0.0526897268156398,False,True,True,False,False,sign_inconsistent_positive_harmless
hexc_01169,1170,16.525060081664968,positive,-17.201710016664947,negative,0.05600832581337931,0.0577275682750923,False,True,True,False,False,sign_inconsistent_positive_harmless
hexc_01170,1171,17.5133555177593,positive,-18.19000545275867,negative,0.05307164474070027,0.053558207608188,False,True,True,False,False,sign_inconsistent_positive_harmless
hexc_01171,1172,17.50275694882216,positive,-18.179406883821684,negative,0.05310150401588995,0.0549840791501077,False,True,True,False,False,sign_inconsistent_positive_harmless
hexc_01172,1173,17.146484040466788,positive,-17.8231339754675,negative,0.05412514707613654,0.0557750751240321,False,True,True,False,False,sign_inconsistent_positive_harmless
hexc_01173,1174,19.220529653584467,positive,-19.89717958858455,negative,0.04866385005942463,0.0492944218218632,False,True,True,False,False,sign_inconsistent_positive_harmless
hexc_01174,1175,15.682620114466232,positive,-16.359270049465977,negative,0.058780787573335276,0.0608489823387839,False,True,True,False,False,sign_inconsistent_positive_harmless
hexc_01175,1176,17.50301967789472,positive,-18.17966961289403,negative,0.053100763425102566,0.0551686357806357,False,True,True,False,False,sign_inconsistent_positive_harmless
hexc_01176,1177,17.511673864104264,positive,-18.188323799104182,negative,0.05307638021113993,0.0541493262269027,False,True,True,False,False,sign_inconsistent_positive_harmless
hexc_01177,1178,16.323723494950226,positive,-17.000373429950287,negative,0.05664687736574257,0.0581067238097937,False,True,True,False,False,sign_inconsistent_positive_harmless
hexc_01178,1179,18.00647889418013,positive,-18.68312882918053,negative,0.05171854198818032,0.0534641342034545,False,True,True,False,False,sign_inconsistent_positive_harmless
hexc_01179,1180,18.00240365585222,positive,-18.679053590852163,negative,0.05172944149734134,0.0531932038027157,False,True,True,False,False,sign_inconsistent_positive_harmless
hexc_01180,1181,19.220426317523263,positive,-19.89707625252413,negative,0.048664094713418475,0.0504180546017721,False,True,True,False,False,sign_inconsistent_positive_harmless
hexc_01181,1182,16.496689211882636,positive,-17.17333914688288,negative,0.05609743336174263,0.0581312364374822,False,True,True,False,False,sign_inconsistent_positive_harmless
hexc_01182,1183,17.50310710999216,positive,-18.179757044991675,negative,0.053100516972733026,0.0542251619253325,False,True,True,False,False,sign_inconsistent_positive_harmless
hexc_01183,1184,16.33901314963662,positive,-17.0156630846368,negative,0.05659787503052725,0.0587979559752038,False,True,True,False,False,sign_inconsistent_positive_harmless
hexc_01184,1185,18.002371628390115,positive,-18.67902156339005,negative,0.05172952717521143,0.0527304486763606,False,True,True,False,False,sign_inconsistent_positive_harmless
hexc_01185,1186,18.01201976398525,positive,-18.688669698984995,negative,0.05170372990896836,0.0532380313320722,False,True,True,False,False,sign_inconsistent_positive_harmless
hexc_01186,1187,17.503125766831587,positive,-18.17977570183212,negative,0.05310046438339473,0.0546529133139765,False,True,True,False,False,sign_inconsistent_positive_harmless
hexc_01187,1188,16.242253294220024,positive,-16.918903229219723,negative,0.05690942071859925,0.0579233664053522,False,True,True,False,False,sign_inconsistent_positive_harmless
hexc_01188,1189,16.337837871874388,positive,-17.014487806874058,negative,0.05660163871128849,0.0579572781844086,False,True,True,False,False,sign_inconsistent_positive_harmless
hexc_01189,1190,17.51430314571484,positive,-18.19095308071519,negative,0.05306897662981806,0.0546547784088785,False,True,True,False,False,sign_inconsistent_positive_harmless
hexc_01190,1191,18.005033425030863,positive,-18.681683360031457,negative,0.051722407470718296,0.0537636723765154,False,True,True,False,False,sign_inconsistent_positive_harmless
hexc_01191,1192,18.006589886300457,positive,-18.68323982130096,negative,0.05171824519624445,0.0537690815764019,False,True,True,False,False,sign_inconsistent_positive_harmless
hexc_01192,1193,19.220230289921734,positive,-19.896880224921915,negative,0.0486645588266508,0.0501551319285789,False,True,True,False,False,sign_inconsistent_positive_harmless
hexc_01193,1194,16.23056787871789,positive,-16.907217813718034,negative,0.056947277398347804,0.0576454444892701,False,True,True,False,False,sign_inconsistent_positive_harmless
hexc_01194,1195,18.04902094600996,positive,-18.725670881010046,negative,0.05160503385978136,0.0531234516953333,False,True,True,False,False,sign_inconsistent_positive_harmless
hexc_01195,1196,17.50314571250496,positive,-18.17979564750567,negative,0.05310040816124259,0.0546575804301915,False,True,True,False,False,sign_inconsistent_positive_harmless
hexc_01196,1197,16.25014887301157,positive,-16.926798808011426,negative,0.056883870260632956,0.0591767793252844,False,True,True,False,False,sign_inconsistent_positive_harmless
hexc_01197,1198,17.503141734452274,positive,-18.179791669452243,negative,0.053100419374423904,0.0540053006478409,False,True,True,False,False,sign_inconsistent_positive_harmless
hexc_01198,1199,11.778048870408291,positive,-12.454698805408327,negative,0.0762788505112386,0.0773429809248389,False,True,True,False,False,sign_inconsistent_positive_harmless
hexc_01199,1200,13.637468192533492,positive,-14.314118127533447,negative,0.0668086457146189,0.0676804907283951,False,True,True,False,False,sign_inconsistent_positive_harmless
hexc_01200,1201,17.53596700303238,positive,-18.212616938032625,negative,0.05300805363016413,0.0541123728605688,False,True,True,False,False,sign_inconsistent_positive_harmless
hexc_01201,1202,19.220514655290945,positive,-19.89716459029114,negative,0.0486638855685838,0.0500681122179068,False,True,True,False,False,sign_inconsistent_positive_harmless
hexc_01202,1203,18.048873727660222,positive,-18.725523662659725,negative,0.05160542580002691,0.0534687166989851,False,True,True,False,False,sign_inconsistent_positive_harmless
hexc_01203,1204,17.512246294101505,positive,-18.18889622910137,negative,0.05307476817598365,0.0533838541467366,False,True,True,False,False,sign_inconsistent_positive_harmless
hexc_01204,1205,16.22952804312963,positive,-16.906177978129563,negative,0.05695064854331294,0.0588391431046485,False,True,True,False,False,sign_inconsistent_positive_harmless
hexc_01205,1206,16.326207188898582,positive,-17.002857123898593,negative,0.0566389115210774,0.0576972499092111,False,True,True,False,False,sign_inconsistent_positive_harmless
hexc_01206,1207,16.495300552818737,positive,-17.171950487818776,negative,0.056101802154388314,0.0585308390628215,False,True,True,False,False,sign_inconsistent_positive_harmless
hexc_01207,1208,16.243100212666345,positive,-16.91975014766649,negative,0.056906678952850474,0.0583791167720737,False,True,True,False,False,sign_inconsistent_positive_harmless
hexc_01208,1209,17.51228845078218,positive,-18.18893838578242,negative,0.053074649461318596,0.0552477469879636,False,True,True,False,False,sign_inconsistent_positive_harmless
hexc_01209,1210,19.21936723752058,positive,-19.89601717252117,negative,0.048666602287226086,0.0502961014855357,False,True,True,False,False,sign_inconsistent_positive_harmless
hexc_01210,1211,17.51225771855502,positive,-18.18890765355536,negative,0.053074736004277624,0.0544964114389901,False,True,True,False,False,sign_inconsistent_positive_harmless
hexc_01211,1212,14.776042007222792,positive,-15.4526919422226,negative,0.06208805266098926,0.0628547651992971,False,True,True,False,False,sign_inconsistent_positive_harmless
hexc_01212,1213,13.991454498096363,positive,-14.668104433096346,negative,0.06526591807924,0.0680971441582546,False,True,True,False,False,sign_inconsistent_positive_harmless
hexc_01213,1214,19.22042616210276,positive,-19.8970760971024,negative,0.048664095081384195,0.0492954387906353,False,True,True,False,False,sign_inconsistent_positive_harmless
hexc_01214,1215,16.229521132273682,positive,-16.90617106727359,negative,0.056950670949629106,0.0588988442425862,False,True,True,False,False,sign_inconsistent_positive_harmless
hexc_01215,1216,17.535967502054422,positive,-18.212617437055087,negative,0.05300805222842838,0.0541406508320508,False,True,True,False,False,sign_inconsistent_positive_harmless
hexc_01216,1217,17.9975162689701,positive,-18.674166203970344,negative,0.05174251921272903,0.0534149386688814,False,True,True,False,False,sign_inconsistent_positive_harmless
hexc_01217,1218,17.51330826500688,positive,-18.18995820000692,negative,0.053071777791056936,0.0547102046489548,False,True,True,False,False,sign_inconsistent_positive_harmless
hexc_01218,1219,17.513499486338745,positive,-18.1901494213389,negative,0.0530712393701091,0.0543187954462519,False,True,True,False,False,sign_inconsistent_positive_harmless
hexc_01219,1220,15.685689075618289,positive,-16.362339010618143,negative,0.058770189810050014,0.0599169349585089,False,True,True,False,False,sign_inconsistent_positive_harmless
hexc_01220,1221,17.146561466241604,positive,-17.82321140124168,negative,0.054124920330489844,0.0557012615372335,False,True,True,False,False,sign_inconsistent_positive_harmless
hexc_01221,1222,17.512270037108657,positive,-18.188919972108124,negative,0.0530747013147905,0.0544056248012128,False,True,True,False,False,sign_inconsistent_positive_harmless
hexc_01222,1223,19.21980080907446,positive,-19.896450744074173,negative,0.048665575692681935,0.0500016508242014,False,True,True,False,False,sign_inconsistent_positive_harmless
hexc_01223,1224,15.363754460781138,positive,-16.040404395781252,negative,0.059903114728909336,0.0605715274214732,False,True,True,False,False,sign_inconsistent_positive_harmless
hexc_01224,1225,17.99736966158191,positive,-18.674019596582184,negative,0.05174291160826502,0.0528018279129453,False,True,True,False,False,sign_inconsistent_positive_harmless
hexc_01225,1226,18.005197228750472,positive,-18.68184716375072,negative,0.051721969396777034,0.0530676064879347,False,True,True,False,False,sign_inconsistent_positive_harmless
hexc_01226,1227,13.637731899935837,positive,-14.31438183493583,negative,0.06680746930561109,0.0675544847184339,False,True,True,False,False,sign_inconsistent_positive_harmless
hexc_01227,1228,17.503404970062665,positive,-18.18005490506312,negative,0.05309967738611247,0.0550486957228522,False,True,True,False,False,sign_inconsistent_positive_harmless
hexc_01228,1229,19.22023220825092,positive,-19.896882143251787,negative,0.0486645542847902,0.0497381509976261,False,True,True,False,False,sign_inconsistent_positive_harmless
hexc_01229,1230,17.5129941014033,positive,-18.18964403640348,negative,0.05307266240365666,0.0544253157005279,False,True,True,False,False,sign_inconsistent_positive_harmless
hexc_01230,1231,19.21962325161272,positive,-19.89627318661224,negative,0.048665996101376764,0.0497866222158572,False,True,True,False,False,sign_inconsistent_positive_harmless
hexc_01231,1232,19.220431181842184,positive,-19.897081116841942,negative,0.04866408319680939,0.0497481806740492,False,True,True,False,False,sign_inconsistent_positive_harmless
hexc_01232,1233,18.049318368288585,positive,-18.725968303288937,negative,0.05160424204892107,0.0533554619999509,False,True,True,False,False,sign_inconsistent_positive_harmless
hexc_01233,1234,17.511500465815505,positive,-18.18815040081517,negative,0.05307686854193426,0.054893244927348,False,True,True,False,False,sign_inconsistent_positive_harmless
hexc_01234,1235,17.505324594728904,positive,-18.181974529728905,negative,0.05309426712230041,0.0548802733348801,False,True,True,False,False,sign_inconsistent_positive_harmless
hexc_01235,1236,18.012022642625844,positive,-18.688672577625766,negative,0.05170372221587376,0.0526178784625598,False,True,True,False,False,sign_inconsistent_positive_harmless
hexc_01236,1237,19.2202284046636,positive,-19.89687833966309,negative,0.04866456329021272,0.0499289457582351,False,True,True,False,False,sign_inconsistent_positive_harmless
hexc_01237,1238,17.513351689494424,positive,-18.19000162449447,negative,0.05307165551998602,0.0541693985501834,False,True,True,False,False,sign_inconsistent_positive_harmless
hexc_01238,1239,17.503147554190647,positive,-18.179797489190605,negative,0.05310040296996843,0.0540306422510587,False,True,True,False,False,sign_inconsistent_positive_harmless
hexc_01239,1240,19.22020144508348,positive,-19.896851380082808,negative,0.0486646271201823,0.0497429223679394,False,True,True,False,False,sign_inconsistent_positive_harmless
hexc_01240,1241,16.525294507584782,positive,-17.201944442585045,negative,0.05600759070456871,0.0568777991674119,False,True,True,False,False,sign_inconsistent_positive_harmless
hexc_01241,1242,16.339381014343942,positive,-17.016030949343985,negative,0.0565966970923952,0.0574527273383092,False,True,True,False,False,sign_inconsistent_positive_harmless
hexc_01242,1243,18.0120356074775,positive,-18.688685542477288,negative,0.05170368756765949,0.0534700948311592,False,True,True,False,False,sign_inconsistent_positive_harmless
hexc_01243,1244,17.502553029235305,positive,-18.17920296423563,negative,0.05310207884647984,0.0541241277962125,False,True,True,False,False,sign_inconsistent_positive_harmless
hexc_01244,1245,17.50535048728996,positive,-18.18200042229,negative,0.0530941941543253,0.0544483994163014,False,True,True,False,False,sign_inconsistent_positive_harmless
hexc_01245,1246,17.51140676891976,positive,-18.18805670391976,negative,0.0530771324184023,0.0538157413221827,False,True,True,False,False,sign_inconsistent_positive_harmless
hexc_01246,1247,17.50277297760425,positive,-18.179422912604423,negative,0.05310145883275457,0.053939505601574,False,True,True,False,False,sign_inconsistent_positive_harmless
hexc_01247,1248,17.51310592067998,positive,-18.189755855680232,negative,0.05307234754286002,0.053791839156681,False,True,True,False,False,sign_inconsistent_positive_harmless
hexc_01248,1249,16.228242921846906,positive,-16.904892856847255,negative,0.05695481545531473,0.0588533961673744,False,True,True,False,False,sign_inconsistent_positive_harmless
hexc_01249,1250,16.238145080051126,positive,-16.914795015051368,negative,0.05692272416669322,0.0582871795959794,False,True,True,False,False,sign_inconsistent_positive_harmless
hexc_01250,1251,16.230708243076382,positive,-16.907358178076265,negative,0.056946822367929396,0.0576765885135855,False,True,True,False,False,sign_inconsistent_positive_harmless
hexc_01251,1252,17.5050628933838,positive,-18.181712828383752,negative,0.0530950046356205,0.0549550380031999,False,True,True,False,False,sign_inconsistent_positive_harmless
hexc_01252,1253,19.22045627024118,positive,-19.89710620524238,negative,0.048664023798405925,0.0501964922524844,False,True,True,False,False,sign_inconsistent_positive_harmless
hexc_01253,1254,19.22047169597078,positive,-19.89712163097101,negative,0.04866398727706317,0.0499339613526072,False,True,True,False,False,sign_inconsistent_positive_harmless
hexc_01254,1255,17.53596867831969,positive,-18.212618613320046,negative,0.05300804892433632,0.0541834620826938,False,True,True,False,False,sign_inconsistent_positive_harmless
hexc_01255,1256,18.00501963321198,positive,-18.68166956821188,negative,0.05172244435566577,0.0526369272801094,False,True,True,False,False,sign_inconsistent_positive_harmless
hexc_01256,1257,16.24251508536547,positive,-16.919165020365654,negative,0.056908573182592584,0.0583171498986228,False,True,True,False,False,sign_inconsistent_positive_harmless
hexc_01257,1258,18.002214863480003,positive,-18.67886479847948,negative,0.05172994654701853,0.0539744023408078,False,True,True,False,False,sign_inconsistent_positive_harmless
hexc_01258,1259,16.338991086428774,positive,-17.01564102142902,negative,0.05659794568059649,0.058713318484109,False,True,True,False,False,sign_inconsistent_positive_harmless
hexc_01259,1260,17.50284958058028,positive,-18.179499515579664,negative,0.053101242899579855,0.0547342177082776,False,True,True,False,False,sign_inconsistent_positive_harmless
hexc_01260,1261,16.230710018049844,positive,-16.907359953049763,negative,0.05694681661390198,0.0579399010587369,False,True,True,False,False,sign_inconsistent_positive_harmless
hexc_01261,1262,19.22052580483748,positive,-19.89717573983762,negative,0.0486638591715077,0.049249868910108,False,True,True,False,False,sign_inconsistent_positive_harmless
hexc_01262,1263,17.99751679694253,positive,-18.674166731942933,negative,0.051742517799618866,0.052871240885929,False,True,True,False,False,sign_inconsistent_positive_harmless
hexc_01263,1264,17.503111695960275,positive,-18.179761630960456,negative,0.05310050404593549,0.0539675224819918,False,True,True,False,False,sign_inconsistent_positive_harmless
hexc_01264,1265,17.512239651068523,positive,-18.1888895860684,negative,0.053074786883042006,0.0544460077514335,False,True,True,False,False,sign_inconsistent_positive_harmless
hexc_01265,1266,16.525198726236486,positive,-17.201848661236454,negative,0.0560078910517598,0.0577216447970325,False,True,True,False,False,sign_inconsistent_positive_harmless
hexc_01266,1267,19.219334441612435,positive,-19.89598437661334,negative,0.04866667994191555,0.049805640280033,False,True,True,False,False,sign_inconsistent_positive_harmless
hexc_01267,1268,17.512299455025804,positive,-18.18894939002621,negative,0.05307461847307703,0.0545606120733685,False,True,True,False,False,sign_inconsistent_positive_harmless
hexc_01268,1269,19.219350841356142,positive,-19.896000776354413,negative,0.04866664111029627,0.0497996713554166,False,True,True,False,False,sign_inconsistent_positive_harmless
hexc_01269,1270,17.514296771308683,positive,-18.19094670630875,negative,0.05306899457649487,0.0550705480955389,False,True,True,False,False,sign_inconsistent_positive_harmless
hexc_01270,1271,16.24894312479542,positive,-16.925593059795574,negative,0.0568877706337781,0.059271953542285,False,True,True,False,False,sign_inconsistent_positive_harmless
hexc_01271,1272,17.5131043342904,positive,-18.18975426929046,negative,0.05307235200979022,0.0544393555110509,False,True,True,False,False,sign_inconsistent_positive_harmless
hexc_01272,1273,17.51311463666059,positive,-18.189764571660817,negative,0.0530723230005526,0.0544678837576993,False,True,True,False,False,sign_inconsistent_positive_harmless
hexc_01273,1274,16.33781058520176,positive,-17.014460520201737,negative,0.0566017260994061,0.057251626550972,False,True,True,False,False,sign_inconsistent_positive_harmless
hexc_01274,1275,13.23203495276382,positive,-13.908684887763911,negative,0.06866763098527828,0.0696452439290524,False,True,True,False,False,sign_inconsistent_positive_harmless
hexc_01275,1276,19.220489915550687,positive,-19.89713985055096,negative,0.04866394414118523,0.050311318429549,False,True,True,False,False,sign_inconsistent_positive_harmless
hexc_01276,1277,19.219334372093368,positive,-19.895984307093386,negative,0.04866668010652204,0.0496766761936376,False,True,True,False,False,sign_inconsistent_positive_harmless
hexc_01277,1278,10.938069009656688,positive,-11.614718944656689,negative,0.08149679599182562,0.0849231420569244,False,True,True,False,False,sign_inconsistent_positive_harmless
hexc_01278,1279,14.76834993012118,positive,-15.44499986512119,negative,0.06211770621697162,0.0645048251789462,False,True,True,False,False,sign_inconsistent_positive_harmless
hexc_01279,1280,17.51225932453802,positive,-18.188909259538377,negative,0.053074731481769936,0.0551190930242849,False,True,True,False,False,sign_inconsistent_positive_harmless
hexc_01280,1281,17.5027093031323,positive,-18.179359238132747,negative,0.05310163832360279,0.0536516899731995,False,True,True,False,False,sign_inconsistent_positive_harmless
hexc_01281,1282,19.22052875091576,positive,-19.897178685916515,negative,0.04866385219653506,0.0496609063716962,False,True,True,False,False,sign_inconsistent_positive_harmless
hexc_01282,1283,18.04933942345705,positive,-18.7259893584569,negative,0.051604185995831414,0.0529500676287697,False,True,True,False,False,sign_inconsistent_positive_harmless
hexc_01283,1284,19.2193340079458,positive,-19.89598394294626,negative,0.04866668096875907,0.049787894958497,False,True,True,False,False,sign_inconsistent_positive_harmless
hexc_01284,1285,16.24307586354593,positive,-16.919725798546096,negative,0.05690675777562506,0.0587082727437811,False,True,True,False,False,sign_inconsistent_positive_harmless
hexc_01285,1286,19.21968926354487,positive,-19.8963391985435,negative,0.04866583980188389,0.0496823151673968,False,True,True,False,False,sign_inconsistent_positive_harmless
hexc_01286,1287,18.003734788764884,positive,-18.68038472376429,negative,0.05172588078448405,0.0525817042568226,False,True,True,False,False,sign_inconsistent_positive_harmless
hexc_01287,1288,19.22048930052128,positive,-19.897139235521536,negative,0.04866394559730058,0.0501959749673639,False,True,True,False,False,sign_inconsistent_positive_harmless
hexc_01288,1289,18.00531610983449,positive,-18.68196604483456,negative,0.05172165146783051,0.0536015516780141,False,True,True,False,False,sign_inconsistent_positive_harmless
hexc_01289,1290,14.77737883885844,positive,-15.454028773858454,negative,0.06208290195718853,0.0644944161361092,False,True,True,False,False,sign_inconsistent_positive_harmless
hexc_01290,1291,18.005145458392903,positive,-18.68179539339235,negative,0.05172210784975528,0.0532051415742351,False,True,True,False,False,sign_inconsistent_positive_harmless
hexc_01291,1292,16.339024711978958,positive,-17.015674646979278,negative,0.05659783800605076,0.0580245314114383,False,True,True,False,False,sign_inconsistent_positive_harmless
hexc_01292,1293,19.220513752608696,positive,-19.89716368760856,negative,0.048663887705726945,0.0499184438155427,False,True,True,False,False,sign_inconsistent_positive_harmless
hexc_01293,1294,14.050773577392423,positive,-14.72742351239242,negative,0.06501433598088063,0.0679278337612325,False,True,True,False,False,sign_inconsistent_positive_harmless
hexc_01294,1295,18.005525413203934,positive,-18.6821753482036,negative,0.05172109172805777,0.0526245268308028,False,True,True,False,False,sign_inconsistent_positive_harmless
hexc_01295,1296,18.002411447369376,positive,-18.679061382369586,negative,0.05172942065400399,0.0522538393662541,False,True,True,False,False,sign_inconsistent_positive_harmless
hexc_01296,1297,18.04885219314561,positive,-18.72550212814531,negative,0.0516054831319868,0.0529970796372931,False,True,True,False,False,sign_inconsistent_positive_harmless
hexc_01297,1298,18.00514803359677,positive,-18.681797968596584,negative,0.05172210096269632,0.0521564528207961,False,True,True,False,False,sign_inconsistent_positive_harmless
hexc_01298,1299,19.22052861535005,positive,-19.89717855035088,negative,0.04866385251749314,0.0495427167337329,False,True,True,False,False,sign_inconsistent_positive_harmless
hexc_01299,1300,18.00372256430682,positive,-18.68037249930694,negative,0.051725913482060286,0.0520211942136487,False,True,True,False,False,sign_inconsistent_positive_harmless
hexc_01300,1301,17.5133326573315,positive,-18.189982592331944,negative,0.05307170910910392,0.054225219869463,False,True,True,False,False,sign_inconsistent_positive_harmless
hexc_01301,1302,18.00519699465282,positive,-18.68184692965224,negative,0.051721970022836315,0.0527055774267524,False,True,True,False,False,sign_inconsistent_positive_harmless
hexc_01302,1303,16.227873736122326,positive,-16.904523671122206,negative,0.056956012625796255,0.0592436076200475,False,True,True,False,False,sign_inconsistent_positive_harmless
hexc_01303,1304,19.21934474031213,positive,-19.89599467531116,negative,0.048666655556454365,0.0505596791837698,False,True,True,False,False,sign_inconsistent_positive_harmless
hexc_01304,1305,16.337182667944138,positive,-17.01383260294415,negative,0.05660373713757182,0.0584477315502231,False,True,True,False,False,sign_inconsistent_positive_harmless
hexc_01305,1306,14.003765785800727,positive,-14.680415720800738,negative,0.0652135439505042,0.0683376306427934,False,True,True,False,False,sign_inconsistent_positive_harmless
hexc_01306,1307,19.22023148391672,positive,-19.89688141891565,negative,0.048664555999728895,0.0498401401261492,False,True,True,False,False,sign_inconsistent_positive_harmless
hexc_01307,1308,16.24259518794879,positive,-16.919245122948723,negative,0.0569083138594443,0.0583182528591598,False,True,True,False,False,sign_inconsistent_positive_harmless
hexc_01308,1309,14.003281721652169,positive,-14.67993165665223,negative,0.06521560164773493,0.0663858194344287,False,True,True,False,False,sign_inconsistent_positive_harmless
hexc_01309,1310,16.242647611713153,positive,-16.919297546713096,negative,0.05690814414465416,0.0595914878654254,False,True,True,False,False,sign_inconsistent_positive_harmless
hexc_01310,1311,18.003771327281537,positive,-18.680421262281925,negative,0.05172578305272283,0.0535436359751333,False,True,True,False,False,sign_inconsistent_positive_harmless
hexc_01311,1312,17.50253821318036,positive,-18.1791881481804,negative,0.05310212061206202,0.0541566545571068,False,True,True,False,False,sign_inconsistent_positive_harmless
hexc_01312,1313,19.220432081292174,positive,-19.897082016292188,negative,0.0486640810673015,0.0503872665449815,False,True,True,False,False,sign_inconsistent_positive_harmless
hexc_01313,1314,16.33966385432573,positive,-17.016313789325523,negative,0.05659579144493085,0.0578964651790368,False,True,True,False,False,sign_inconsistent_positive_harmless
hexc_01314,1315,15.908950271959448,positive,-16.585600206959043,negative,0.05800933658603688,0.0601179768373061,False,True,True,False,False,sign_inconsistent_positive_harmless
hexc_01315,1316,16.496680847684278,positive,-17.173330782683934,negative,0.05609745967390173,0.0573527406205413,False,True,True,False,False,sign_inconsistent_positive_harmless
hexc_01316,1317,18.048877195762188,positive,-18.7255271307622,negative,0.051605416566812355,0.0529843065624039,False,True,True,False,False,sign_inconsistent_positive_harmless
hexc_01317,1318,19.22023140453759,positive,-19.896881339536776,negative,0.0486645561876686,0.0494478777454631,False,True,True,False,False,sign_inconsistent_positive_harmless
hexc_01318,1319,19.21931942538192,positive,-19.89596936038288,negative,0.048666715497675046,0.0503036784341892,False,True,True,False,False,sign_inconsistent_positive_harmless
hexc_01319,1320,18.005009264136387,positive,-18.681659199136448,negative,0.051722472086838535,0.0526234060396044,False,True,True,False,False,sign_inconsistent_positive_harmless
hexc_01320,1321,16.242533796032262,positive,-16.919183731032263,negative,0.05690851260869107,0.0572404470284414,False,True,True,False,False,sign_inconsistent_positive_harmless
hexc_01321,1322,16.24889671088637,positive,-16.925546645886243,negative,0.056887920784901375,0.0585806801571067,False,True,True,False,False,sign_inconsistent_positive_harmless
hexc_01322,1323,17.5143039652784,positive,-18.190953900278146,negative,0.05306897432239551,0.0549911817700453,False,True,True,False,False,sign_inconsistent_positive_harmless
hexc_01323,1324,17.505300594353937,positive,-18.181950529353344,negative,0.05309433475807248,0.0538629340791559,False,True,True,False,False,sign_inconsistent_positive_harmless
hexc_01324,1325,17.14656201869756,positive,-17.823211953696955,negative,0.0541249187125969,0.0558149218049393,False,True,True,False,False,sign_inconsistent_positive_harmless
hexc_01325,1326,17.50270898990873,positive,-18.17935892490914,negative,0.05310163920654607,0.0538273325308029,False,True,True,False,False,sign_inconsistent_positive_harmless
hexc_01326,1327,19.220426684580108,positive,-19.89707661957982,negative,0.04866409384438339,0.0499183874873,False,True,True,False,False,sign_inconsistent_positive_harmless
hexc_01327,1328,19.220528681479667,positive,-19.897178616480232,negative,0.04866385236092766,0.0494935673334156,False,True,True,False,False,sign_inconsistent_positive_harmless
hexc_01328,1329,19.219806056957204,positive,-19.896455991958646,negative,0.048665563267210506,0.049709562660962,False,True,True,False,False,sign_inconsistent_positive_harmless
hexc_01329,1330,17.51333220157603,positive,-18.189982136575964,negative,0.05307171039238055,0.0545746808720723,False,True,True,False,False,sign_inconsistent_positive_harmless
hexc_01330,1331,16.24369972822304,positive,-16.920349663223078,negative,0.0569047382748141,0.0585632845316376,False,True,True,False,False,sign_inconsistent_positive_harmless
hexc_01331,1332,18.00553072880534,positive,-18.68218066380541,negative,0.05172107751270958,0.0527462500459147,False,True,True,False,False,sign_inconsistent_positive_harmless
hexc_01332,1333,18.005329953295192,positive,-18.681979888295245,negative,0.051721614445904646,0.052928728109095,False,True,True,False,False,sign_inconsistent_positive_harmless
hexc_01333,1334,17.512994703203912,positive,-18.1896446382043,negative,0.053072660709096706,0.0547446275199418,False,True,True,False,False,sign_inconsistent_positive_harmless
hexc_01334,1335,18.0036909139882,positive,-18.68034084898773,negative,0.05172599813947127,0.0529566148345837,False,True,True,False,False,sign_inconsistent_positive_harmless
hexc_01335,1336,16.525892835378563,positive,-17.202542770378386,negative,0.05600571456589194,0.0564929886994933,False,True,True,False,False,sign_inconsistent_positive_harmless
hexc_01336,1337,17.514299375713826,positive,-18.190949310713226,negative,0.05306898724397791,0.0541177557023,False,True,True,False,False,sign_inconsistent_positive_harmless
hexc_01337,1338,19.22023227440014,positive,-19.896882209399337,negative,0.04866455412817034,0.0494467000853943,False,True,True,False,False,sign_inconsistent_positive_harmless
hexc_01338,1339,19.220283551956538,positive,-19.896933486956183,negative,0.048664432723046325,0.0494887973511942,False,True,True,False,False,sign_inconsistent_positive_harmless
hexc_01339,1340,18.00552066591338,positive,-18.6821706009132,negative,0.05172110442359789,0.0527362003664106,False,True,True,False,False,sign_inconsistent_positive_harmless
hexc_01340,1341,17.51299543265871,positive,-18.18964536765816,negative,0.05307265865508268,0.0541830118855111,False,True,True,False,False,sign_inconsistent_positive_harmless
hexc_01341,1342,17.99737238047391,positive,-18.67402231547385,negative,0.051742904331079545,0.05302054803335,False,True,True,False,False,sign_inconsistent_positive_harmless
hexc_01342,1343,17.50268997521181,positive,-18.17933991021164,negative,0.053101692806975555,0.0543539863466006,False,True,True,False,False,sign_inconsistent_positive_harmless
hexc_01343,1344,15.363679837161056,positive,-16.040329772161158,negative,0.059903382399430646,0.0616775499862131,False,True,True,False,False,sign_inconsistent_positive_harmless
hexc_01344,1345,19.22052886333608,positive,-19.89717879833552,negative,0.04866385193037165,0.0498183210010096,False,True,True,False,False,sign_inconsistent_positive_harmless
hexc_01345,1346,19.22045754994098,positive,-19.897107484941444,negative,0.04866402076863597,0.049331855490779,False,True,True,False,False,sign_inconsistent_positive_harmless
hexc_01346,1347,16.25011179969641,positive,-16.926761734696356,negative,0.05688399017800507,0.0577898285461326,False,True,True,False,False,sign_inconsistent_positive_harmless
hexc_01347,1348,17.502700459134967,positive,-18.179350394134417,negative,0.05310166325388411,0.0547403112391326,False,True,True,False,False,sign_inconsistent_positive_harmless
hexc_01348,1349,18.005524621990407,positive,-18.682174556990503,negative,0.05172109384397763,0.053549907961841,False,True,True,False,False,sign_inconsistent_positive_harmless
hexc_01349,1350,18.049260373620047,positive,-18.72591030862077,negative,0.051604396443009876,0.0521716934346017,False,True,True,False,False,sign_inconsistent_positive_harmless
hexc_01350,1351,17.505121455444257,positive,-18.181771390444737,negative,0.05309483959724532,0.0544069612487653,False,True,True,False,False,sign_inconsistent_positive_harmless
hexc_01351,1352,19.21968939591515,positive,-19.896339330915,negative,0.04866583948846868,0.050155433312829,False,True,True,False,False,sign_inconsistent_positive_harmless
hexc_01352,1353,17.99737404326372,positive,-18.674023978263,negative,0.05174289988057892,0.0537108569243626,False,True,True,False,False,sign_inconsistent_positive_harmless
hexc_01353,1354,18.00552755282048,positive,-18.68217748782081,negative,0.051721086006147964,0.0527741458847167,False,True,True,False,False,sign_inconsistent_positive_harmless
hexc_01354,1355,16.33969274112829,positive,-17.01634267612826,negative,0.05659569895164924,0.0584126910881438,False,True,True,False,False,sign_inconsistent_positive_harmless
hexc_01355,1356,19.21962318211373,positive,-19.896273117114102,negative,0.04866599626593533,0.0493727444809386,False,True,True,False,False,sign_inconsistent_positive_harmless
hexc_01356,1357,19.219422134411023,positive,-19.896072069412185,negative,0.04866647230202521,0.0502871937555969,False,True,True,False,False,sign_inconsistent_positive_harmless
hexc_01357,1358,17.51140085092633,positive,-18.188050785926865,negative,0.05307714908520416,0.0535116384711465,False,True,True,False,False,sign_inconsistent_positive_harmless
hexc_01358,1359,18.00230693314166,positive,-18.67895686814154,negative,0.05172970024477243,0.0521002272389071,False,True,True,False,False,sign_inconsistent_positive_harmless
hexc_01359,1360,18.00514585972381,positive,-18.681795794724167,negative,0.05172210677644845,0.0529308585804796,False,True,True,False,False,sign_inconsistent_positive_harmless
hexc_01360,1361,18.048867271623,positive,-18.725517206623408,negative,0.051605442988110165,0.0522054063825808,False,True,True,False,False,sign_inconsistent_positive_harmless
hexc_01361,1362,18.04887407980652,positive,-18.72552401480698,negative,0.05160542486250142,0.0521111993927147,False,True,True,False,False,sign_inconsistent_positive_harmless
hexc_01362,1363,19.219405269098782,positive,-19.89605520409896,negative,0.048666512235741276,0.0499190291734341,False,True,True,False,False,sign_inconsistent_positive_harmless
hexc_01363,1364,19.21961845617099,positive,-19.89626839117045,negative,0.04866600745580386,0.0507092541027113,False,True,True,False,False,sign_inconsistent_positive_harmless
hexc_01364,1365,18.00240410299975,positive,-18.679054037999776,negative,0.051729440301162374,0.0531472480322193,False,True,True,False,False,sign_inconsistent_positive_harmless
hexc_01365,1366,16.52568228909902,positive,-17.202332224098882,negative,0.056006374748235714,0.0582185007319345,False,True,True,False,False,sign_inconsistent_positive_harmless
hexc_01366,1367,17.514319500433903,positive,-18.190969435433544,negative,0.05306893058434757,0.0545469035286039,False,True,True,False,False,sign_inconsistent_positive_harmless
hexc_01367,1368,17.50535094669769,positive,-18.182000881697604,negative,0.05309419285966716,0.0548551884607386,False,True,True,False,False,sign_inconsistent_positive_harmless
hexc_01368,1369,14.055943248635216,positive,-14.732593183635233,negative,0.06499250234884901,0.0653525952476683,False,True,True,False,False,sign_inconsistent_positive_harmless
hexc_01369,1370,16.2299814883438,positive,-16.906631423343697,negative,0.056949178425750036,0.0575329823642898,False,True,True,False,False,sign_inconsistent_positive_harmless
hexc_01370,1371,17.502637001160096,positive,-18.17928693615977,negative,0.05310184213582712,0.0545025391870085,False,True,True,False,False,sign_inconsistent_positive_harmless
hexc_01371,1372,14.777559628332542,positive,-15.45420956333237,negative,0.062082205455586,0.0641203855136659,False,True,True,False,False,sign_inconsistent_positive_harmless
hexc_01372,1373,17.99735833653076,positive,-18.67400827153051,negative,0.05174294192007708,0.052388894647438,False,True,True,False,False,sign_inconsistent_positive_harmless
hexc_01373,1374,17.50250100622384,positive,-18.17915094122418,negative,0.0531022254965633,0.0535427410084577,False,True,True,False,False,sign_inconsistent_positive_harmless
hexc_01374,1375,19.21933470975736,positive,-19.89598464475785,negative,0.048666679306995586,0.0504467663969889,False,True,True,False,False,sign_inconsistent_positive_harmless
hexc_01375,1376,18.006581693120733,positive,-18.683231628120662,negative,0.051718267104615696,0.053207259258924,False,True,True,False,False,sign_inconsistent_positive_harmless
hexc_01376,1377,19.22022165739484,positive,-19.896871592394746,negative,0.048664579265148694,0.0502780299133259,False,True,True,False,False,sign_inconsistent_positive_harmless
hexc_01377,1378,16.49684605283907,positive,-17.173495987839033,negative,0.056096939974795965,0.0571017256961637,False,True,True,False,False,sign_inconsistent_positive_harmless
hexc_01378,1379,19.22052833429916,positive,-19.89717826929882,negative,0.04866385318289101,0.0499198517893476,False,True,True,False,False,sign_inconsistent_positive_harmless
hexc_01379,1380,18.002409166931614,positive,-18.67905910193167,negative,0.05172942675447422,0.0534990594965381,False,True,True,False,False,sign_inconsistent_positive_harmless
hexc_01380,1381,19.220265417914835,positive,-19.89691535291604,negative,0.04866447565727336,0.0495332491346926,False,True,True,False,False,sign_inconsistent_positive_harmless
hexc_01381,1382,16.51422323211378,positive,-17.19087316711375,negative,0.05604232889113954,0.057959605317554,False,True,True,False,False,sign_inconsistent_positive_harmless
hexc_01382,1383,19.22043125128504,positive,-19.897081186285504,negative,0.048664083032400454,0.0494505928271106,False,True,True,False,False,sign_inconsistent_positive_harmless
hexc_01383,1384,19.220203637995144,positive,-19.896853572994587,negative,0.04866462192820059,0.0498626558030613,False,True,True,False,False,sign_inconsistent_positive_harmless
hexc_01384,1385,15.70579736780801,positive,-16.382447302807577,negative,0.05870084607801702,0.0602674255775238,False,True,True,False,False,sign_inconsistent_positive_harmless
hexc_01385,1386,18.00231894014483,positive,-18.67896887514508,negative,0.051729668124138956,0.0521533774390629,False,True,True,False,False,sign_inconsistent_positive_harmless
hexc_01386,1387,19.219334272780408,positive,-19.8959842077802,negative,0.0486666803416767,0.0494292859872481,False,True,True,False,False,sign_inconsistent_positive_harmless
hexc_01387,1388,15.36782870730725,positive,-16.04447864230724,negative,0.05988850427520446,0.0603526687466683,False,True,True,False,False,sign_inconsistent_positive_harmless
hexc_01388,1389,19.22019851788621,positive,-19.896848452886843,negative,0.04866463405067863,0.0502840921991392,False,True,True,False,False,sign_inconsistent_positive_harmless
hexc_01389,1390,18.00503301250549,positive,-18.68168294750558,negative,0.05172240857397726,0.0527625272092595,False,True,True,False,False,sign_inconsistent_positive_harmless
hexc_01390,1391,17.50314626501102,positive,-18.17979620001097,negative,0.053100406603857654,0.0546489093154635,False,True,True,False,False,sign_inconsistent_positive_harmless
hexc_01391,1392,17.51227841363845,positive,-18.18892834863891,negative,0.053074677726213854,0.054215024139045,False,True,True,False,False,sign_inconsistent_positive_harmless
hexc_01392,1393,17.51311485547084,positive,-18.18976479047069,negative,0.05307232238442965,0.0533278670073051,False,True,True,False,False,sign_inconsistent_positive_harmless
hexc_01393,1394,18.00526839189612,positive,-18.681918326896263,negative,0.051721779081556424,0.0525931316567972,False,True,True,False,False,sign_inconsistent_positive_harmless
hexc_01394,1395,18.00514880281223,positive,-18.68179873781173,negative,0.0517220989055255,0.0523502186813132,False,True,True,False,False,sign_inconsistent_positive_harmless
hexc_01395,1396,18.0023360448445,positive,-18.678985979844583,negative,0.051729622366427606,0.0521962848702515,False,True,True,False,False,sign_inconsistent_positive_harmless
hexc_01396,1397,16.339800204497706,positive,-17.01645013949792,negative,0.05659535486500044,0.0574088068820105,False,True,True,False,False,sign_inconsistent_positive_harmless
hexc_01397,1398,19.220426846614167,positive,-19.897076781613578,negative,0.048664093460755904,0.0502199766170714,False,True,True,False,False,sign_inconsistent_positive_harmless
hexc_01398,1399,18.01203527533139,positive,-18.68868521033164,negative,0.051703688455311654,0.052325014209861,False,True,True,False,False,sign_inconsistent_positive_harmless
hexc_01399,1400,17.502698137572708,positive,-18.1793480725728,negative,0.053101669798126014,0.0535894655450915,False,True,True,False,False,sign_inconsistent_positive_harmless
hexc_01400,1401,16.326654334050062,positive,-17.003304269050204,negative,0.056637477649565275,0.0592177389534237,False,True,True,False,False,sign_inconsistent_positive_harmless
hexc_01401,1402,18.003711657061466,positive,-18.680361592060763,negative,0.05172594265643036,0.0523024872089549,False,True,True,False,False,sign_inconsistent_positive_harmless
hexc_01402,1403,19.22051457593429,positive,-19.89716451093409,negative,0.04866388575646353,0.0493544655854132,False,True,True,False,False,sign_inconsistent_positive_harmless
hexc_01403,1404,19.22020289379489,positive,-19.89685282879509,negative,0.04866462369018588,0.0496569007754921,False,True,True,False,False,sign_inconsistent_positive_harmless
hexc_01404,1405,18.0023233001941,positive,-18.67897323519356,negative,0.05172965646032453,0.0522144979610413,False,True,True,False,False,sign_inconsistent_positive_harmless
hexc_01405,1406,18.00374115212227,positive,-18.68039108712219,negative,0.05172586376400492,0.0523720329466571,False,True,True,False,False,sign_inconsistent_positive_harmless
hexc_01406,1407,17.51338504959575,positive,-18.190034984596423,negative,0.05307156158776354,0.0533645039148469,False,True,True,False,False,sign_inconsistent_positive_harmless
hexc_01407,1408,19.220198292971265,positive,-19.896848227970622,negative,0.04866463458318889,0.0499414648158332,False,True,True,False,False,sign_inconsistent_positive_harmless
hexc_01408,1409,19.22052820534636,positive,-19.897178140347023,negative,0.048663853488195026,0.0499151844057618,False,True,True,False,False,sign_inconsistent_positive_harmless
hexc_01409,1410,18.005014247995817,positive,-18.68166418299552,negative,0.05172245875794415,0.0533045157066953,False,True,True,False,False,sign_inconsistent_positive_harmless
hexc_01410,1411,19.21932280206716,positive,-19.89597273706749,negative,0.04866670750227973,0.0496227945278836,False,True,True,False,False,sign_inconsistent_positive_harmless
hexc_01411,1412,17.513111172158567,positive,-18.18976110715903,negative,0.05307233275583539,0.0546243496582797,False,True,True,False,False,sign_inconsistent_positive_harmless
hexc_01412,1413,18.049257333527173,positive,-18.725907268527408,negative,0.05160440453640497,0.0522420246474967,False,True,True,False,False,sign_inconsistent_positive_harmless
hexc_01413,1414,16.228750700282735,positive,-16.905400635282604,negative,0.05695316894794423,0.0585629651697203,False,True,True,False,False,sign_inconsistent_positive_harmless
hexc_01414,1415,18.005132916720832,positive,-18.681782851720527,negative,0.05172214139091221,0.0523464165203712,False,True,True,False,False,sign_inconsistent_positive_harmless
hexc_01415,1416,19.22052837728341,positive,-19.89717831228336,negative,0.0486638530811245,0.0490823007042159,False,True,True,False,False,sign_inconsistent_positive_harmless
hexc_01416,1417,19.219318713628184,positive,-19.895968648628696,negative,0.0486667171829813,0.0501598206296204,False,True,True,False,False,sign_inconsistent_positive_harmless
hexc_01417,1418,17.503143557728382,positive,-18.17979349272809,negative,0.05310041423504125,0.0547353567679747,False,True,True,False,False,sign_inconsistent_positive_harmless
hexc_01418,1419,19.21980085870778,positive,-19.89645079370712,negative,0.04866557557516357,0.0489909092562281,False,True,True,False,False,sign_inconsistent_positive_harmless
hexc_01419,1420,19.220220033413064,positive,-19.89686996841192,negative,0.04866458311011137,0.0500409639404426,False,True,True,False,False,sign_inconsistent_positive_harmless
hexc_01420,1421,18.049318688279264,positive,-18.725968623280096,negative,0.05160424119704201,0.0526943886600028,False,True,True,False,False,sign_inconsistent_positive_harmless
hexc_01421,1422,16.339002590033708,positive,-17.0156525250336,negative,0.05659790884411291,0.0569716522815128,False,True,True,False,False,sign_inconsistent_positive_harmless
hexc_01422,1423,18.049291712705408,positive,-18.72594164770544,negative,0.051604313011612134,0.0534779811979873,False,True,True,False,False,sign_inconsistent_positive_harmless
hexc_01423,1424,19.220547472031907,positive,-19.89719740703368,negative,0.04866380787349137,0.0501105033314959,False,True,True,False,False,sign_inconsistent_positive_harmless
hexc_01424,1425,18.00533190384792,positive,-18.681981838847605,negative,0.05172160922949414,0.0519436214565968,False,True,True,False,False,sign_inconsistent_positive_harmless
hexc_01425,1426,15.36378731218182,positive,-16.0404372471819,negative,0.059902996893631676,0.0615266506044893,False,True,True,False,False,sign_inconsistent_positive_harmless
hexc_01426,1427,14.003721900474298,positive,-14.68037183547426,negative,0.06521373049628576,0.0669272457595592,False,True,True,False,False,sign_inconsistent_positive_harmless
hexc_01427,1428,17.513327899234174,positive,-18.189977834234924,negative,0.05307172250656026,0.0548208182936068,False,True,True,False,False,sign_inconsistent_positive_harmless
hexc_01428,1429,18.002371427167216,positive,-18.67902136216708,negative,0.051729527713511095,0.0523728581014615,False,True,True,False,False,sign_inconsistent_positive_harmless
hexc_01429,1430,17.51309745990648,positive,-18.18974739490659,negative,0.05307237136658091,0.0544808491312744,False,True,True,False,False,sign_inconsistent_positive_harmless
hexc_01430,1431,19.219334107258785,positive,-19.895984042259443,negative,0.04866668073360427,0.0501342683893616,False,True,True,False,False,sign_inconsistent_positive_harmless
hexc_01431,1432,17.502636503651352,positive,-18.179286438650703,negative,0.05310184353826035,0.054584664384824,False,True,True,False,False,sign_inconsistent_positive_harmless
hexc_01432,1433,16.525718117397776,positive,-17.20236805239756,negative,0.05600626240504147,0.057360352413953,False,True,True,False,False,sign_inconsistent_positive_harmless
hexc_01433,1434,18.00502164011742,positive,-18.681671575117434,negative,0.051722438988379055,0.0520554984603305,False,True,True,False,False,sign_inconsistent_positive_harmless
hexc_01434,1435,17.50340679285889,positive,-18.180056727858755,negative,0.0530996722482251,0.0553402851877227,False,True,True,False,False,sign_inconsistent_positive_harmless
hexc_01435,1436,17.50314521524924,positive,-18.179795150249447,negative,0.053100409562886364,0.0545561364046841,False,True,True,False,False,sign_inconsistent_positive_harmless
hexc_01436,1437,16.24238033223816,positive,-16.919030267238213,negative,0.05690900943608867,0.0585878366316364,False,True,True,False,False,sign_inconsistent_positive_harmless
hexc_01437,1438,19.22048997837625,positive,-19.897139913375213,negative,0.048663943992439104,0.0494672848288116,False,True,True,False,False,sign_inconsistent_positive_harmless
hexc_01438,1439,17.512048170400742,positive,-18.188698105401272,negative,0.05307532610626794,0.0547128295829155,False,True,True,False,False,sign_inconsistent_positive_harmless
hexc_01439,1440,18.00514562561414,positive,-18.681795560613864,negative,0.05172210740254377,0.0526403019342879,False,True,True,False,False,sign_inconsistent_positive_harmless
hexc_01440,1441,17.997368504365305,positive,-18.67401843936568,negative,0.05174291470558601,0.0536823404322602,False,True,True,False,False,sign_inconsistent_positive_harmless
hexc_01441,1442,18.00531301119144,positive,-18.68196294619156,negative,0.051721659754619384,0.0528019141795445,False,True,True,False,False,sign_inconsistent_positive_harmless
hexc_01442,1443,16.24300898157774,positive,-16.9196589165781,negative,0.05690697428651224,0.0582339848437294,False,True,True,False,False,sign_inconsistent_positive_harmless
hexc_01443,1444,19.22021984157797,positive,-19.89686977657766,negative,0.04866458356430526,0.0494059779892558,False,True,True,False,False,sign_inconsistent_positive_harmless
hexc_01444,1445,19.219427814597392,positive,-19.89607774959768,negative,0.04866645885248171,0.0494597084037629,False,True,True,False,False,sign_inconsistent_positive_harmless
hexc_01445,1446,19.220207021618634,positive,-19.89685695661865,negative,0.04866461391706879,0.0499229061268175,False,True,True,False,False,sign_inconsistent_positive_harmless
hexc_01446,1447,17.513312093438003,positive,-18.18996202843755,negative,0.05307176701125398,0.0542159663791598,False,True,True,False,False,sign_inconsistent_positive_harmless
hexc_01447,1448,19.21931908771277,positive,-19.89596902271296,negative,0.04866671629721416,0.050148948967567,False,True,True,False,False,sign_inconsistent_positive_harmless
hexc_01448,1449,17.146528870799965,positive,-17.823178805800126,negative,0.054125015787804244,0.0547061389693303,False,True,True,False,False,sign_inconsistent_positive_harmless
hexc_01449,1450,17.511882413557128,positive,-18.18853234855669,negative,0.05307579289820953,0.0547160509000266,False,True,True,False,False,sign_inconsistent_positive_harmless
hexc_01450,1451,16.496218541364772,positive,-17.172868476364783,negative,0.056098914039133155,0.0571186298906732,False,True,True,False,False,sign_inconsistent_positive_harmless
hexc_01451,1452,18.01190533130984,positive,-18.688555266309777,negative,0.05170403572928989,0.0527177038476254,False,True,True,False,False,sign_inconsistent_positive_harmless
hexc_01452,1453,16.228995569869337,positive,-16.90564550486897,negative,0.056952374975059054,0.0581011027814519,False,True,True,False,False,sign_inconsistent_positive_harmless
hexc_01453,1454,16.33931891680951,positive,-17.015968851809248,negative,0.056596895931226285,0.0580626759467249,False,True,True,False,False,sign_inconsistent_positive_harmless
hexc_01454,1455,19.22052936922738,positive,-19.8971793042274,negative,0.048663850732652676,0.0502486490880784,False,True,True,False,False,sign_inconsistent_positive_harmless
hexc_01455,1456,16.32568093242448,positive,-17.00233086742446,negative,0.05664059917381517,0.0588258697641753,False,True,True,False,False,sign_inconsistent_positive_harmless
hexc_01456,1457,17.51140983749516,positive,-18.18805977249576,negative,0.053077123776402384,0.0535318452011645,False,True,True,False,False,sign_inconsistent_positive_harmless
hexc_01457,1458,18.012032009222114,positive,-18.68868194422248,negative,0.05170369718389621,0.0520568223877897,False,True,True,False,False,sign_inconsistent_positive_harmless
hexc_01458,1459,16.243081512594685,positive,-16.91973144759504,negative,0.05690673948855157,0.0574062037622427,False,True,True,False,False,sign_inconsistent_positive_harmless
hexc_01459,1460,16.52622246513839,positive,-17.202872400138403,negative,0.056004681020350014,0.0576070126058503,False,True,True,False,False,sign_inconsistent_positive_harmless
hexc_01460,1461,17.51311259442927,positive,-18.18976252942957,negative,0.05307232875103037,0.054191893146005,False,True,True,False,False,sign_inconsistent_positive_harmless
hexc_01461,1462,18.00502662391517,positive,-18.68167655891466,negative,0.05172242565966621,0.0520888394763615,False,True,True,False,False,sign_inconsistent_positive_harmless
hexc_01462,1463,17.512308141540554,positive,-18.188958076540985,negative,0.05307459401164662,0.0546729446820717,False,True,True,False,False,sign_inconsistent_positive_harmless
hexc_01463,1464,16.24223165391056,positive,-16.918881588910608,negative,0.05690949077917136,0.0589963664252072,False,True,True,False,False,sign_inconsistent_positive_harmless
hexc_01464,1465,17.502549435809307,positive,-18.17919937080933,negative,0.05310208897612838,0.0535686467311318,False,True,True,False,False,sign_inconsistent_positive_harmless
hexc_01465,1466,17.51168779675333,positive,-18.188337731753563,negative,0.05307634097387941,0.0541881378018258,False,True,True,False,False,sign_inconsistent_positive_harmless
hexc_01466,1467,17.50270357296795,positive,-18.17935350796779,negative,0.05310165447631986,0.0551453136707533,False,True,True,False,False,sign_inconsistent_positive_harmless
hexc_01467,1468,19.22043238882452,positive,-19.89708232382327,negative,0.04866408033919488,0.0500539236422512,False,True,True,False,False,sign_inconsistent_positive_harmless
