row_id,candidate_id,block_id,x,y,h,p_star,E_theta,E_theta_sign,E_theta_normalized,Q_R2Q,scale_used,R_R2Q_rec,delta_D_raw,delta_D_available,Q_delta_D_prim,Q_delta_D_ep_col,Q_delta_D_best,bridge_exc_raw,Q_exc_prim,Q_exc_best,Q_R2Q_formula,formula_residual,formula_residual_abs,formula_residual_frac,route_A_alpha,neg_E_theta_norm,sign_consistent,neg_transfer_antecedent,neg_transfer_consequent,neg_transfer_prim_pass,neg_transfer_prim_violation,pos_harm_antecedent,pos_harm_consequent,pos_harm_prim_pass,pos_harm_prim_violation,primitive_full_available,primitive_partial_available,channel,near_forbidden_flag,forbidden_flag,post_P0_flag,finite_zone_flag,primitive_full_available_bool,primitive_partial_available_bool,primitive_missing_bool,positive_bool,negative_bool,superthreshold_bool,forbidden_bool,positive_cap_bool,missing_structural_positive_cap_bool,primitive_negative_transfer_pass_bool,primitive_positive_harmless_pass_bool,formula_residual_pass_bool,dangerous_requires_primitive_pass_bool,operational_greenlight_pass_bool,primitive_proof_grade_pass_bool,greenlight_class
rawr2q_00000,cand_00000,1,180530237,179845447,684790,180530237,-3089.9881332697114,negative,-0.010331169902637,1.8193520399038576,299093.72920882725,544156.7863585319,-541095.7142812033,True,1.8091175489119344,1.8091175489119344,1.8091175489119344,667.0135370697717,0.0022301154184481,0.0022301154184481,1.8113476643303823,0.0080043755734753,0.0080043755734753,0.0043995749024462,176.10319615781995,0.010331169902637,1.0,True,True,1.0,False,False,False,1.0,False,True,True,negative_transferred_repaid,True,True,False,True,True,False,False,False,True,True,True,False,False,True,True,True,True,True,True,primitive_negative_transfer_verified
rawr2q_00001,cand_00001,2,24181,24178,3,24317,17.186562246627208,positive,0.0972921006486078,0.1157979799474991,176.64910236341098,20.45560921322198,,False,,,,,,,,,,,,-0.0972921006486078,,False,False,,False,True,False,,True,False,False,positive_harmless,False,False,False,True,False,False,True,True,False,False,False,True,True,True,False,True,True,True,False,structural_positive_cap_missing_primitives
rawr2q_00002,cand_00002,3,30974597,30910184,64413,30974597,-1027.9446158131832,negative,-0.0136135479206817,0.6812241515207513,75508.94313535435,51438.51571961043,-50165.02240775837,True,0.6643586881865706,0.6643586881865706,0.6643586881865706,169.26185381026153,0.0022416133345536,0.0022416133345536,0.6666003015211243,0.014623849999627,0.014623849999627,0.0214670163513449,50.04016260050996,0.0136135479206817,1.0,False,True,1.0,False,False,False,1.0,False,True,True,negative_transferred_repaid,False,False,False,True,True,False,False,False,True,False,False,False,False,True,True,True,True,True,True,primitive_full_verified
rawr2q_00003,cand_00003,4,59921,59920,1,59921,10.0007823069704,positive,0.082639338604307,0.0921982535693211,121.017211365353,11.157575539714944,,False,,,,,,,,,,,,-0.082639338604307,,False,False,,False,True,False,,True,False,False,positive_harmless,False,False,False,True,False,False,True,True,False,False,False,True,True,True,False,True,True,True,False,structural_positive_cap_missing_primitives
rawr2q_00004,cand_00004,5,356077,355293,784,356077,-4.315460261267276,negative,-0.0009432138140128,0.1566810093663226,4575.2725385852,716.8583194715462,-618.4840667387305,True,0.1351797213221275,0.1351797213221275,0.1351797213221275,58.86631372712248,0.0128661873649445,0.0128661873649445,0.148045908687072,0.0086351006792505,0.0086351006792505,0.0551126183969208,166.11398925523508,0.0009432138140128,1.0,False,True,1.0,False,False,True,1.0,False,True,True,negative_transferred_repaid,False,False,False,True,True,False,False,False,True,False,False,False,False,True,True,True,True,True,True,primitive_full_verified
rawr2q_00005,cand_00005,6,3448507,3446024,2483,3448507,-285.247239607314,negative,-0.0252616020732246,0.1786966438467436,11291.73196460307,2017.7946052915647,-1687.5380821821711,True,0.1494490028165924,0.1494490028165924,0.1494490028165924,86.25508396793089,0.0076387824505859,0.0076387824505859,0.1570877852671784,0.0216088585795651,0.0216088585795651,0.1209248148952236,7.073844458825842,0.0252616020732246,1.0,False,True,1.0,False,False,True,1.0,False,True,True,negative_transferred_repaid,False,False,False,True,True,False,False,False,True,False,False,False,False,True,True,True,True,True,True,primitive_full_verified
rawr2q_00006,cand_00006,7,30774449,30670319,104130,30774449,-928.3530182520336,negative,-0.0096769856776032,0.862526348366495,95934.11101151556,82745.69845454847,-81816.70719328354,True,0.8528427097579773,0.8528427097579773,0.8528427097579773,363.3590972929378,0.0037875901851982,0.0037875901851982,0.8566302999431755,0.0058960484233194,0.0058960484233194,0.006835789346593,89.1317169521867,0.0096769856776032,1.0,True,True,1.0,False,False,False,1.0,False,True,True,negative_transferred_repaid,True,False,False,True,True,False,False,False,True,True,False,False,False,True,True,True,True,True,True,primitive_negative_transfer_verified
rawr2q_00007,cand_00007,8,3452747,3451296,1451,3452747,-246.6432758578178,negative,-0.0285688313843675,0.1383470038914393,8633.299435299174,1194.3911105712957,-906.2861454643348,True,0.1049756413821095,0.1049756413821095,0.1049756413821095,65.98354433162308,0.0076429115920426,0.0076429115920426,0.1126185529741521,0.0257284509172871,0.0257284509172871,0.1859704235985929,4.842585334699434,0.0285688313843675,1.0,False,True,1.0,False,False,True,1.0,False,True,True,negative_transferred_repaid,False,False,False,True,True,False,False,False,True,False,False,False,False,True,True,True,True,True,True,primitive_full_verified
rawr2q_00008,cand_00008,9,12883477,12871995,11482,12883477,-480.68150179983786,negative,-0.0167368613063616,0.3212949859833325,28719.93099549272,9227.569826639108,-8643.103225239702,True,0.3009444286825112,0.3009444286825112,0.3009444286825112,112.55777793578729,0.0039191521021917,0.0039191521021917,0.3048635807847029,0.0164314051986295,0.0164314051986295,0.0511411815168567,19.196848208403896,0.0167368613063616,1.0,False,True,1.0,False,False,False,1.0,False,True,True,negative_transferred_repaid,False,False,False,True,True,False,False,False,True,False,False,False,False,True,True,True,True,True,True,primitive_full_verified
rawr2q_00009,cand_00009,10,178298621,178254856,43765,178298621,-1758.548029879923,negative,-0.0232879166509092,0.4625799992422776,75513.32548295001,34930.95404468488,-33018.34702990349,True,0.437251926315424,0.437251926315424,0.437251926315424,189.86549926782936,0.0025143310542018,0.0025143310542018,0.4397662573696258,0.0228137418726517,0.0228137418726517,0.049318478771286,19.863520046745627,0.0232879166509092,1.0,False,True,1.0,False,False,False,1.0,False,True,True,negative_transferred_repaid,False,False,False,True,True,False,False,False,True,False,False,False,False,True,True,True,True,True,True,primitive_full_verified
rawr2q_00010,cand_00010,11,211,210,1,211,4.351858133476067,positive,0.1519376986384418,0.1912764152417241,28.642385480853928,5.478612818749345,,False,,,,,,,,,,,,-0.1519376986384418,,False,False,,False,True,False,,True,False,False,positive_harmless,False,False,False,True,False,False,True,True,False,False,False,True,True,True,False,True,True,True,False,structural_positive_cap_missing_primitives
rawr2q_00011,cand_00011,12,3279709,3278912,797,3279709,-166.86828088206357,negative,-0.0262586899807756,0.1060058846880691,6354.78315956471,673.6444108305001,-466.2432979484343,True,0.0733688760483797,0.0733688760483797,0.0733688760483797,72.48431875885103,0.0114062615417102,0.0114062615417102,0.08477513759009,0.021230747097979,0.021230747097979,0.2002789482909581,4.036982986039194,0.0262586899807756,1.0,False,True,1.0,False,False,True,1.0,False,True,True,negative_transferred_repaid,False,False,False,True,True,False,False,False,True,False,False,False,False,True,True,True,True,True,True,primitive_full_verified
rawr2q_00012,cand_00012,13,42899,42898,1,42899,9.666603794621116,positive,0.0849613864787405,0.0968247715409328,113.7764365114256,11.016377471960228,,False,,,,,,,,,,,,-0.0849613864787405,,False,False,,False,True,False,,True,False,False,positive_harmless,False,False,False,True,False,False,True,True,False,False,False,True,True,True,False,True,True,True,False,structural_positive_cap_missing_primitives
rawr2q_00013,cand_00013,14,1195591,1195386,205,1195669,18.90523282037472,positive,0.0067422977497207,0.0899443884131837,2803.974775684992,252.2017963249805,-181.7593802670372,True,0.0648220454203745,0.0648220454203745,0.0648220454203745,35.651017552909366,0.0127144572989962,0.0127144572989962,0.0775365027193708,0.0124078856938128,0.0124078856938128,0.1379506371961074,,-0.0067422977497207,0.0,False,False,1.0,False,True,True,1.0,False,True,True,positive_harmless,False,False,False,True,True,False,False,True,False,False,False,True,False,True,True,True,True,True,True,primitive_positive_cap_verified
rawr2q_00014,cand_00014,15,43133,43132,1,43133,9.672043644375696,positive,0.0849225570081055,0.0943896668138165,113.8925155474597,10.750276595112137,,False,,,,,,,,,,,,-0.0849225570081055,,False,False,,False,True,False,,True,False,False,positive_harmless,False,False,False,True,False,False,True,True,False,False,False,True,True,True,False,True,True,True,False,structural_positive_cap_missing_primitives
rawr2q_00015,cand_00015,16,58309,58308,1,58309,9.973511734352114,positive,0.0828241215201216,0.0939517191622745,120.41795978396352,11.313474339717006,,False,,,,,,,,,,,,-0.0828241215201216,,False,False,,False,True,False,,True,False,False,positive_harmless,False,False,False,True,False,False,True,True,False,False,False,True,True,True,False,True,True,True,False,structural_positive_cap_missing_primitives
rawr2q_00016,cand_00016,17,59333,59332,1,59333,9.990920922612805,positive,0.0827060643791465,0.0929815072257821,120.80034272712788,11.232197940159397,,False,,,,,,,,,,,,-0.0827060643791465,,False,False,,False,True,False,,True,False,False,positive_harmless,False,False,False,True,False,False,True,True,False,False,False,True,True,True,False,True,True,True,False,structural_positive_cap_missing_primitives
rawr2q_00017,cand_00017,18,3241093,3239129,1964,3241093,-165.06704136906455,negative,-0.0165731100488926,0.159654089699117,9959.931532590872,1590.143802301327,-1395.5062112850246,True,0.1401120285534746,0.1401120285534746,0.1401120285534746,81.42228980252094,0.0081749848918229,0.0081749848918229,0.1482870134452975,0.0113670762538194,0.0113670762538194,0.0711981526764631,9.633321038001824,0.0165731100488926,1.0,False,True,1.0,False,False,True,1.0,False,True,True,negative_transferred_repaid,False,False,False,True,True,False,False,False,True,False,False,False,False,True,True,True,True,True,True,primitive_full_verified
rawr2q_00018,cand_00018,19,1515197,1513853,1344,1515197,-63.24655312102391,negative,-0.0085184969239803,0.1510851987794436,7424.614187859693,1121.749310433459,-1004.7642034281848,True,0.1353288100910507,0.1353288100910507,0.1353288100910507,76.78974942550394,0.0103425912084517,0.0103425912084517,0.1456714012995024,0.0054137974799411,0.0054137974799411,0.03583274552158,17.736133513662992,0.0085184969239803,1.0,False,True,1.0,False,False,True,1.0,False,True,True,negative_transferred_repaid,False,False,False,True,True,False,False,False,True,False,False,False,False,True,True,True,True,True,True,primitive_full_verified
rawr2q_00019,cand_00019,20,58511,58510,1,58511,9.97697004973177,positive,0.0828006431181152,0.0923670994574258,120.4938714727083,11.12966941032993,,False,,,,,,,,,,,,-0.0828006431181152,,False,False,,False,True,False,,True,False,False,positive_harmless,False,False,False,True,False,False,True,True,False,False,False,True,True,True,False,True,True,True,False,structural_positive_cap_missing_primitives
rawr2q_00020,cand_00020,21,30847123,30831334,15789,30847123,-424.33160930738086,negative,-0.0113559673856094,0.338124053326903,37366.399083278666,12634.478316268856,-12121.907568691418,True,0.3244066291128366,0.3244066291128366,0.3244066291128366,225.3338417937175,0.0060303868534807,0.0060303868534807,0.3304370159663173,0.0076870373605856,0.0076870373605856,0.0227343700779362,29.77501095638761,0.0113559673856094,1.0,False,True,1.0,False,False,False,1.0,False,True,True,negative_transferred_repaid,False,False,False,True,True,False,False,False,True,False,False,False,False,True,True,True,True,True,True,primitive_full_verified
rawr2q_00021,cand_00021,22,60209,60208,1,60209,10.005577121783782,positive,0.0826069335200711,0.0940510554686493,121.1227277835306,11.391720389282945,,False,,,,,,,,,,,,-0.0826069335200711,,False,False,,False,True,False,,True,False,False,positive_harmless,False,False,False,True,False,False,True,True,False,False,False,True,True,True,False,True,True,True,False,structural_positive_cap_missing_primitives
rawr2q_00022,cand_00022,23,354553,354550,3,354619,22.55722059933116,positive,0.0797526025198991,0.0920232096308952,282.8399310693702,26.02783826878461,,False,,,,,,,,,,,,-0.0797526025198991,,False,False,,False,True,False,,True,False,False,positive_harmless,False,False,False,True,False,False,True,True,False,False,False,True,True,True,False,True,True,True,False,structural_positive_cap_missing_primitives
rawr2q_00023,cand_00023,24,180619079,180557417,61662,180619079,-1166.673386312199,negative,-0.0129983853165777,0.5459231094474968,89755.2548180161,48999.46779950376,-47831.82037550756,True,0.5329138719787416,0.5329138719787416,0.5329138719787416,459.0970686143192,0.0051149881925594,0.0051149881925594,0.5380288601713011,0.0078942492761956,0.0078942492761956,0.0144603683917778,41.99930192492762,0.0129983853165777,1.0,False,True,1.0,False,False,False,1.0,False,True,True,negative_transferred_repaid,False,False,False,True,True,False,False,False,True,False,False,False,False,True,True,True,True,True,True,primitive_full_verified
rawr2q_00024,cand_00024,25,109813367,109790208,23159,109813367,-719.8064293124298,negative,-0.0137988077432052,0.3557665519303423,52164.39294669296,18558.346212184424,-17682.881280788435,True,0.3389837450779626,0.3389837450779626,0.3389837450779626,238.2995725304463,0.0045682420338709,0.0045682420338709,0.3435519871118336,0.0122145648185086,0.0122145648185086,0.0343330893593961,25.782412404834503,0.0137988077432052,1.0,False,True,1.0,False,False,False,1.0,False,True,True,negative_transferred_repaid,False,False,False,True,True,False,False,False,True,False,False,False,False,True,True,True,True,True,True,primitive_full_verified
rawr2q_00025,cand_00025,26,230563,230560,3,230647,21.69655017143579,positive,0.0821469680902342,0.0944180902326222,264.11869696278075,24.93758296195443,,False,,,,,,,,,,,,-0.0821469680902342,,False,False,,False,True,False,,True,False,False,positive_harmless,False,False,False,True,False,False,True,True,False,False,False,True,True,True,False,True,True,True,False,structural_positive_cap_missing_primitives
rawr2q_00026,cand_00026,27,1192781,1192323,458,1192781,-38.252494546276125,negative,-0.0091301930976054,0.0967472985369818,4189.669828156048,405.3392376359985,-325.52679180880466,True,0.0776974809855303,0.0776974809855303,0.0776974809855303,50.44514412859007,0.0120403626533005,0.0120403626533005,0.0897378436388308,0.0070094548981509,0.0070094548981509,0.0724511692227932,10.596413186743613,0.0091301930976054,1.0,False,True,1.0,False,False,True,1.0,False,True,True,negative_transferred_repaid,False,False,False,True,True,False,False,False,True,False,False,False,False,True,True,True,True,True,True,primitive_full_verified
rawr2q_00027,cand_00027,28,109670797,109660803,9994,109670797,-700.5003791113922,negative,-0.0204449190937458,0.2345732370876761,34262.81003604829,8037.138261875964,-7240.816620533022,True,0.2113316628996534,0.2113316628996534,0.2113316628996534,335.81014783297,0.0098010101179576,0.0098010101179576,0.2211326730176111,0.0134405640700649,0.0134405640700649,0.0572979434352152,11.473424571263386,0.0204449190937458,1.0,False,True,1.0,False,False,True,1.0,False,True,True,negative_transferred_repaid,False,False,False,True,True,False,False,False,True,False,False,False,False,True,True,True,True,True,True,primitive_full_verified
rawr2q_00028,cand_00028,29,3456977,3455716,1261,3456977,-56.54292508843059,negative,-0.0070243637516301,0.1341559286414388,8049.543999669534,1079.894050415788,-945.3034224797802,True,0.1174356488415478,0.1174356488415478,0.1174356488415478,62.47652506736517,0.0077614986724626,0.0077614986724626,0.1251971475140106,0.0089587811274282,0.0089587811274282,0.0667788685759279,19.098659093544985,0.0070243637516301,1.0,False,True,1.0,False,False,True,1.0,False,True,True,negative_transferred_repaid,False,False,False,True,True,False,False,False,True,False,False,False,False,True,True,True,True,True,True,primitive_full_verified
rawr2q_00029,cand_00029,30,4994789,4991760,3029,4994789,-113.94054074237602,negative,-0.0087024175108216,0.1879865387221068,13092.975670345444,2461.303177840996,-2292.6780519420754,True,0.1751074858509674,0.1751074858509674,0.1751074858509674,74.79600740040587,0.0057126820734734,0.0057126820734734,0.1808201679244408,0.0071663707976659,0.0071663707976659,0.0381217232168933,21.601645575880653,0.0087024175108216,1.0,False,True,1.0,False,False,True,1.0,False,True,True,negative_transferred_repaid,False,False,False,True,True,False,False,False,True,False,False,False,False,True,True,True,True,True,True,primitive_full_verified
rawr2q_00030,cand_00030,31,7108243,7105465,2778,7108243,-80.20709910296955,negative,-0.0061137931253432,0.1766899326140388,13119.040415432122,2318.0023669635534,-2126.957375998616,True,0.1621275115134674,0.1621275115134674,0.1621275115134674,89.51022293063807,0.0068229245505902,0.0068229245505902,0.1689504360640577,0.007739496549981,0.007739496549981,0.0438027024827001,28.90021448086174,0.0061137931253432,1.0,False,True,1.0,False,False,True,1.0,False,True,True,negative_transferred_repaid,False,False,False,True,True,False,False,False,True,False,False,False,False,True,True,True,True,True,True,primitive_full_verified
rawr2q_00031,cand_00031,32,3293113,3292080,1033,3293113,-117.56184933337444,negative,-0.016240843463246,0.1154116378424172,7238.654174546005,835.424934059205,-703.1382912358818,True,0.0971366049932867,0.0971366049932867,0.0971366049932867,44.40858594402789,0.0061349229944132,0.0061349229944132,0.1032715279877,0.0121401098547171,0.0121401098547171,0.1051896505558063,7.106258865409305,0.016240843463246,1.0,False,True,1.0,False,False,True,1.0,False,True,True,negative_transferred_repaid,False,False,False,True,True,False,False,False,True,False,False,False,False,True,True,True,True,True,True,primitive_full_verified
rawr2q_00032,cand_00032,33,1197619,1197615,4,1197697,23.99169028406876,positive,0.0612390577643984,0.0726584885625681,391.7710552695081,28.465492738444787,,False,,,,,,,,,,,,-0.0612390577643984,,False,False,,False,True,False,,True,False,False,positive_harmless,False,False,False,True,False,False,True,True,False,False,False,True,True,True,False,True,True,True,False,structural_positive_cap_missing_primitives
rawr2q_00033,cand_00033,34,127,126,1,127,3.844187086458591,positive,0.1638184076850698,0.2157084836048593,23.466148528612173,5.061847315153332,,False,,,,,,,,,,,,-0.1638184076850698,,False,False,,False,True,False,,True,False,False,positive_harmless,False,False,False,True,False,False,True,True,False,False,False,True,True,True,False,True,True,True,False,structural_positive_cap_missing_primitives
rawr2q_00034,cand_00034,35,354953,354952,1,354953,11.779740665326448,positive,0.0721259667898836,0.080127585396028,163.3217714729985,13.08657919073326,,False,,,,,,,,,,,,-0.0721259667898836,,False,False,,False,True,False,,True,False,False,positive_harmless,False,False,False,True,False,False,True,True,False,False,False,True,True,True,False,True,True,True,False,structural_positive_cap_missing_primitives
rawr2q_00035,cand_00035,36,39707851,39704004,3847,39707851,-452.5803398765943,negative,-0.0238344126731367,0.1623741874086595,18988.52495688672,3083.246309963532,-2604.19045438886,True,0.1371454844597804,0.1371454844597804,0.1371454844597804,209.6467847455952,0.0110407093348006,0.0110407093348006,0.1481861937945811,0.0141879936140783,0.0141879936140783,0.0873783810130509,6.812594446334645,0.0238344126731367,1.0,False,True,1.0,False,False,True,1.0,False,True,True,negative_transferred_repaid,False,False,False,True,True,False,False,False,True,False,False,False,False,True,True,True,True,True,True,primitive_full_verified
rawr2q_00036,cand_00036,37,1657,1656,1,1657,6.412764017426562,positive,0.1167037763024239,0.1389495863976313,54.94907037805399,7.635150601964936,,False,,,,,,,,,,,,-0.1167037763024239,,False,False,,False,True,False,,True,False,False,positive_harmless,False,False,False,True,False,False,True,True,False,False,False,True,True,True,False,True,True,True,False,structural_positive_cap_missing_primitives
rawr2q_00037,cand_00037,38,155921,155920,1,156007,10.957104747706284,positive,0.0766308585381272,0.0868104441327406,142.98554076951442,12.412638298761632,,False,,,,,,,,,,,,-0.0766308585381272,,False,False,,False,True,False,,True,False,False,positive_harmless,False,False,False,True,False,False,True,True,False,False,False,True,True,True,False,True,True,True,False,structural_positive_cap_missing_primitives
rawr2q_00038,cand_00038,39,39690667,39682692,7975,39690667,-364.0109776889212,negative,-0.0133149790272631,0.2349256240499423,27338.45670681034,6422.504002409749,-5972.95270429004,True,0.2184817075940539,0.2184817075940539,0.2184817075940539,188.65092151155025,0.0069005695359736,0.0069005695359736,0.2253822771300276,0.0095433469199146,0.0095433469199146,0.0406228437553746,17.64370965729043,0.0133149790272631,1.0,False,True,1.0,False,False,True,1.0,False,True,True,negative_transferred_repaid,False,False,False,True,True,False,False,False,True,False,False,False,False,True,True,True,True,True,True,primitive_full_verified
rawr2q_00039,cand_00039,40,30417481,30409154,8327,30417481,-228.7179970545885,negative,-0.0084422631137849,0.24963148266117,27092.02425604648,6763.022183329264,-6388.011550910226,True,0.2357893781039462,0.2357893781039462,0.2357893781039462,231.2263682727644,0.0085348501864403,0.0085348501864403,0.2443242282903865,0.0053072543707834,0.0053072543707834,0.0212603567234628,29.569261144391373,0.0084422631137849,1.0,False,True,1.0,False,False,True,1.0,False,True,True,negative_transferred_repaid,False,False,False,True,True,False,False,False,True,False,False,False,False,True,True,True,True,True,True,primitive_full_verified
rawr2q_00040,cand_00040,41,604672261,604520611,151650,604672261,-1617.0683062109456,negative,-0.0101563202445796,0.7568596623500748,159217.93201370913,120505.63026397306,-118889.25056613778,True,0.7467076670478365,0.7467076670478365,0.7467076670478365,234.02143940953465,0.0014698183580815,0.0014698183580815,0.7481774854059181,0.0086821769441567,0.0086821769441567,0.0114713167791216,74.52105133786054,0.0101563202445796,1.0,False,True,1.0,False,False,False,1.0,False,True,True,negative_transferred_repaid,True,False,True,False,True,False,False,False,True,True,False,False,False,True,True,True,True,True,True,primitive_full_verified
rawr2q_00041,cand_00041,42,7117417,7115469,1948,7117417,-117.76229972501552,negative,-0.0107177802092479,0.1460888226947264,10987.564348763462,1605.1603399934024,-1430.1054790106923,True,0.1301567329770984,0.1301567329770984,0.1301567329770984,83.96168172265811,0.007641518998895,0.007641518998895,0.1377982519759935,0.0082905707187329,0.0082905707187329,0.0567502055653993,13.630511154601953,0.0107177802092479,1.0,False,True,1.0,False,False,True,1.0,False,True,True,negative_transferred_repaid,False,False,False,True,True,False,False,False,True,False,False,False,False,True,True,True,True,True,True,primitive_full_verified
rawr2q_00042,cand_00042,43,12781267,12779528,1739,12781267,-151.7480364006467,negative,-0.013590059484822,0.1300675391522673,11166.105385346242,1452.347849386865,-1229.9006183879278,True,0.1101458902583867,0.1101458902583867,0.1101458902583867,59.99064002851856,0.0053725661686165,0.0053725661686165,0.1155184564270032,0.014549082725264,0.014549082725264,0.1118579072079754,9.570785124048404,0.013590059484822,1.0,False,True,1.0,False,False,True,1.0,False,True,True,negative_transferred_repaid,False,False,False,True,True,False,False,False,True,False,False,False,False,True,True,True,True,True,True,primitive_full_verified
rawr2q_00043,cand_00043,44,109588091,109577354,10737,109588091,-629.3445955758762,negative,-0.0177226687748103,0.2415685632788372,35510.71249892,8578.27179937195,-7902.204580257003,True,0.2225301612998425,0.2225301612998425,0.2225301612998425,235.6779201208592,0.0066368119233886,0.0066368119233886,0.2291669732232312,0.0124015900556059,0.0124015900556059,0.051337764679633,13.630484570257538,0.0177226687748103,1.0,False,True,1.0,False,False,True,1.0,False,True,True,negative_transferred_repaid,False,False,False,True,True,False,False,False,True,False,False,False,False,True,True,True,True,True,True,primitive_full_verified
rawr2q_00044,cand_00044,45,12836777,12833438,3339,12836777,-163.66723291570224,negative,-0.0105723515140797,0.1752468754780604,15480.68399898904,2712.9415010860344,-2489.441898656397,True,0.1608095545919656,0.1608095545919656,0.1608095545919656,94.22200439377092,0.0060864238556851,0.0060864238556851,0.1668959784476508,0.0083508970304095,0.0083508970304095,0.0476521878500197,16.575959969234344,0.0105723515140797,1.0,False,True,1.0,False,False,True,1.0,False,True,True,negative_transferred_repaid,False,False,False,True,True,False,False,False,True,False,False,False,False,True,True,True,True,True,True,primitive_full_verified
rawr2q_00045,cand_00045,46,618029,618028,1,618029,12.3342906609052,positive,0.0693704230771723,0.0748436752518515,177.80330742950363,13.307452999958883,,False,,,,,,,,,,,,-0.0693704230771723,,False,False,,False,True,False,,True,False,False,positive_harmless,False,False,False,True,False,False,True,True,False,False,False,True,True,True,False,True,True,True,False,structural_positive_cap_missing_primitives
rawr2q_00046,cand_00046,47,12807413,12805898,1515,12807413,-205.7621329185172,negative,-0.0197377997286405,0.1184377830877646,10424.775595424971,1234.687310709565,-997.9957473512264,True,0.0957330676536776,0.0957330676536776,0.0957330676536776,69.99762783200504,0.006714545286013,0.006714545286013,0.1024476129396907,0.0159901701480738,0.0159901701480738,0.135009029476893,6.000556531937327,0.0197377997286405,1.0,False,True,1.0,False,False,True,1.0,False,True,True,negative_transferred_repaid,False,False,False,True,True,False,False,False,True,False,False,False,False,True,True,True,True,True,True,primitive_full_verified
rawr2q_00047,cand_00047,48,3440630,3439819,811,3440807,46.90968440981942,positive,0.0072712465886281,0.1225172337511368,6451.395072088945,790.4070780680534,-691.6775565305757,True,0.1072136412049886,0.1072136412049886,0.1072136412049886,57.48108875473781,0.0089098695882727,0.0089098695882727,0.1161235107932613,0.0063937229578754,0.0063937229578754,0.0521863150359951,,-0.0072712465886281,0.0,False,False,1.0,False,True,True,1.0,False,True,True,positive_harmless,False,False,False,True,True,False,False,True,False,False,False,True,False,True,True,True,True,True,True,primitive_positive_cap_verified
rawr2q_00048,cand_00048,49,33902159,33888759,13400,33902159,-291.8733586694325,negative,-0.0083867655278248,0.3075518627750951,34801.659555293445,10703.315223895188,-10356.155825807087,True,0.2975764937115444,0.2975764937115444,0.2975764937115444,173.36115126700133,0.0049814047227133,0.0049814047227133,0.3025578984342577,0.0049939643408373,0.0049939643408373,0.0162377957843465,36.67109349304285,0.0083867655278248,1.0,False,True,1.0,False,False,False,1.0,False,True,True,negative_transferred_repaid,False,False,False,True,True,False,False,False,True,False,False,False,False,True,True,True,True,True,True,primitive_full_verified
rawr2q_00049,cand_00049,50,3457967,3457512,455,3457967,-93.6529697629686,negative,-0.0193680367735395,0.0793601948576568,4835.439485065229,383.74141975718425,-267.71927672099514,True,0.055366069112823,0.055366069112823,0.055366069112823,30.359882641400645,0.006278619086263,0.006278619086263,0.0616446881990861,0.0177155066585706,0.0177155066585706,0.2232291224882421,4.097482661024165,0.0193680367735395,1.0,False,True,1.0,False,False,True,1.0,False,True,True,negative_transferred_repaid,False,False,False,True,True,False,False,False,True,False,False,False,False,True,True,True,True,True,True,primitive_full_verified
rawr2q_00050,cand_00050,51,12842173,12840082,2091,12842173,-192.29332879440085,negative,-0.0156957821804743,0.1392439305539144,12251.274041864272,1705.9155518823231,-1468.9981860940732,True,0.1199057486653474,0.1199057486653474,0.1199057486653474,61.318915110935,0.0050051051752984,0.0050051051752984,0.1249108538406459,0.0143330767132684,0.0143330767132684,0.1029350195462828,8.871423478795148,0.0156957821804743,1.0,False,True,1.0,False,False,True,1.0,False,True,True,negative_transferred_repaid,False,False,False,True,True,False,False,False,True,False,False,False,False,True,True,True,True,True,True,primitive_full_verified
rawr2q_00051,cand_00051,52,1512479,1512478,1,1512479,13.229260584493224,positive,0.0653387626052911,0.0713499660129912,202.4718567814125,14.446360099941003,,False,,,,,,,,,,,,-0.0653387626052911,,False,False,,False,True,False,,True,False,False,positive_harmless,False,False,False,True,False,False,True,True,False,False,False,True,True,True,False,True,True,True,False,structural_positive_cap_missing_primitives
rawr2q_00052,cand_00052,53,356173,356170,3,356243,22.56633807844032,positive,0.0797278138309229,0.0917954514179663,283.0422282278585,25.981989110523315,,False,,,,,,,,,,,,-0.0797278138309229,,False,False,,False,True,False,,True,False,False,positive_harmless,False,False,False,True,False,False,True,True,False,False,False,True,True,True,False,True,True,True,False,structural_positive_cap_missing_primitives
rawr2q_00053,cand_00053,54,7112297,7110038,2259,7112297,-113.30394854654696,negative,-0.0095767817581473,0.1547550134720171,11831.108968329036,1830.9234277826624,-1681.6041273500573,True,0.1421341086327225,0.1421341086327225,0.1421341086327225,36.23123036355423,0.0030623697626775,0.0030623697626775,0.1451964783954001,0.0095585350766169,0.0095585350766169,0.0617655923524917,16.159396484143635,0.0095767817581473,1.0,False,True,1.0,False,False,True,1.0,False,True,True,negative_transferred_repaid,False,False,False,True,True,False,False,False,True,False,False,False,False,True,True,True,True,True,True,primitive_full_verified
rawr2q_00054,cand_00054,55,12895717,12894136,1581,12895717,-156.60587200935356,negative,-0.0146932242356456,0.1217247995908262,10658.373512699049,1297.388379797462,-1099.6240179754095,True,0.1031699645978112,0.1031699645978112,0.1031699645978112,87.99334457305758,0.0082557947953519,0.0082557947953519,0.1114257593931631,0.010299040197663,0.010299040197663,0.0846092187646474,8.284417200652433,0.0146932242356456,1.0,False,True,1.0,False,False,True,1.0,False,True,True,negative_transferred_repaid,False,False,False,True,True,False,False,False,True,False,False,False,False,True,True,True,True,True,True,primitive_full_verified
rawr2q_00055,cand_00055,56,1511449,1511046,403,1511527,9.625130217388572,positive,0.0023682517122969,0.0952884508457212,4064.234459289399,387.2746054994842,-329.9465646577695,True,0.0811829553542681,0.0811829553542681,0.0811829553542681,31.371536904404707,0.007718928919738,0.007718928919738,0.0889018842740061,0.006386566571715,0.006386566571715,0.0670235114017683,,-0.0023682517122969,0.0,False,False,1.0,False,True,True,1.0,False,True,True,positive_harmless,False,False,False,True,True,False,False,True,False,False,False,True,False,True,True,True,True,True,True,primitive_positive_cap_verified
rawr2q_00056,cand_00056,57,179620853,179616870,3983,179620853,-637.8829200418768,negative,-0.0279793726518573,0.1434186712486546,22798.32818194132,3269.7059345447788,-2527.025590101053,True,0.1108425832777827,0.1108425832777827,0.1108425832777827,185.7346871182781,0.0081468555780067,0.0081468555780067,0.1189894388557895,0.024429232392865,0.024429232392865,0.1703350908230799,5.125871585227779,0.0279793726518573,1.0,False,True,1.0,False,False,True,1.0,False,True,True,negative_transferred_repaid,False,False,False,True,True,False,False,False,True,False,False,False,False,True,True,True,True,True,True,primitive_full_verified
rawr2q_00057,cand_00057,58,1188361,1188358,3,1188511,24.97616952660599,positive,0.0736954721948265,0.0833294497303515,338.9105026775217,28.241225695954704,,False,,,,,,,,,,,,-0.0736954721948265,,False,False,,False,True,False,,True,False,False,positive_harmless,False,False,False,True,False,False,True,True,False,False,False,True,True,True,False,True,True,True,False,structural_positive_cap_missing_primitives
rawr2q_00058,cand_00058,59,293,292,1,293,4.680172609017068,positive,0.1450570376438435,0.1707575979731007,32.26436086822776,5.509384761995878,,False,,,,,,,,,,,,-0.1450570376438435,,False,False,,False,True,False,,True,False,False,positive_harmless,False,False,False,True,False,False,True,True,False,False,False,True,True,True,False,True,True,True,False,structural_positive_cap_missing_primitives
rawr2q_00059,cand_00059,60,3290983,3290975,8,3291137,37.02008815604045,positive,0.0581191865376321,0.0730965487832678,636.9684498607004,46.560195368645154,-43.37603271443948,True,0.068097615704397,0.068097615704397,0.068097615704397,13.100680718981152,0.0205672364492246,0.0205672364492246,0.0886648521536217,-0.0155683033703539,0.0155683033703539,0.2129827417230624,,-0.0581191865376321,0.0,False,False,1.0,False,True,True,1.0,False,True,True,positive_harmless,False,False,False,True,True,False,False,True,False,False,False,True,False,True,True,True,True,True,True,primitive_positive_cap_verified
rawr2q_00060,cand_00060,61,1190071,1190068,3,1190143,24.97904537377347,positive,0.0736894995793346,0.0832943901091022,338.97699830192045,28.234882334572635,,False,,,,,,,,,,,,-0.0736894995793346,,False,False,,False,True,False,,True,False,False,positive_harmless,False,False,False,True,False,False,True,True,False,False,False,True,True,True,False,True,True,True,False,structural_positive_cap_missing_primitives
rawr2q_00061,cand_00061,62,113166227,113154493,11734,113166227,-570.3217879884924,negative,-0.0153099168444497,0.2503069484559692,37251.7887447083,9324.381565214351,-8753.869097322327,True,0.2349919129337335,0.2349919129337335,0.2349919129337335,155.79720659571103,0.0041822745120619,0.0041822745120619,0.2391741874457955,0.0111327610101736,0.0111327610101736,0.0444764361470851,16.349334290911738,0.0153099168444497,1.0,False,True,1.0,False,False,True,1.0,False,True,True,negative_transferred_repaid,False,False,False,True,True,False,False,False,True,False,False,False,False,True,True,True,True,True,True,primitive_full_verified
rawr2q_00062,cand_00062,63,30816007,30813688,2319,30816007,-215.2921471839013,negative,-0.0150357367854338,0.1321516982536188,14318.696200672355,1892.240019696492,-1627.3307655551475,True,0.1136507642000766,0.1136507642000766,0.1136507642000766,108.02985084773992,0.0075446709207132,0.0075446709207132,0.1211954351207899,0.0109562631328288,0.0109562631328288,0.0829067146137024,8.789173429907551,0.0150357367854338,1.0,False,True,1.0,False,False,True,1.0,False,True,True,negative_transferred_repaid,False,False,False,True,True,False,False,False,True,False,False,False,False,True,True,True,True,True,True,primitive_full_verified
rawr2q_00063,cand_00063,64,604810421,604757400,53021,604810421,-1034.3984432700745,negative,-0.0109871060310642,0.4494568065190746,94146.57875745282,42314.82063302129,-41097.65520487146,True,0.436528398028676,0.436528398028676,0.436528398028676,157.97632240264647,0.0016779826148503,0.0016779826148503,0.4382063806435263,0.0112504258755482,0.0112504258755482,0.0250311614205597,40.90766078422372,0.0109871060310642,1.0,False,True,1.0,False,False,False,1.0,False,True,True,negative_transferred_repaid,False,False,True,False,True,False,False,False,True,False,False,False,False,True,True,True,True,True,True,primitive_full_verified
rawr2q_00064,cand_00064,65,3438889,3438886,3,3439001,27.10131744255433,positive,0.0690743589894426,0.0792717980142518,392.34989421612295,31.10228156521356,,False,,,,,,,,,,,,-0.0690743589894426,,False,False,,False,True,False,,True,False,False,positive_harmless,False,False,False,True,False,False,True,True,False,False,False,True,True,True,False,True,True,True,False,structural_positive_cap_missing_primitives
rawr2q_00065,cand_00065,66,1196077,1196076,1,1196077,12.994557592691232,positive,0.0663503397116,0.0711424243631883,195.8476422151518,13.9330760730002,,False,,,,,,,,,,,,-0.0663503397116,,False,False,,False,True,False,,True,False,False,positive_harmless,False,False,False,True,False,False,True,True,False,False,False,True,True,True,False,True,True,True,False,structural_positive_cap_missing_primitives
rawr2q_00066,cand_00066,67,39699197,39695992,3205,39699197,-265.53724747196566,negative,-0.0153211765083552,0.1495716452263878,17331.38752935575,2592.28414682184,-2280.972504373403,True,0.1316093417511963,0.1316093417511963,0.1316093417511963,147.75622177868354,0.0085253544488815,0.0085253544488815,0.1401346962000778,0.0094369490263099,0.0094369490263099,0.063093168575009,9.762412510868264,0.0153211765083552,1.0,False,True,1.0,False,False,True,1.0,False,True,True,negative_transferred_repaid,False,False,False,True,True,False,False,False,True,False,False,False,False,True,True,True,True,True,True,primitive_full_verified
rawr2q_00067,cand_00067,68,1192069,1192068,1,1192069,12.991201010838148,positive,0.0663650323383584,0.0712244136304279,195.75370572567843,13.942442906294785,,False,,,,,,,,,,,,-0.0663650323383584,,False,False,,False,True,False,,True,False,False,positive_harmless,False,False,False,True,False,False,True,True,False,False,False,True,True,True,False,True,True,True,False,structural_positive_cap_missing_primitives
rawr2q_00068,cand_00068,69,108581987,108578163,3824,108581987,-400.9453068567673,negative,-0.0189383064477639,0.1469597990717331,21171.12783884155,3111.304693318129,-2637.631696644796,True,0.1245862627972834,0.1245862627972834,0.1245862627972834,92.73975361517203,0.0043804824344325,0.0043804824344325,0.128966745231716,0.017993053840017,0.017993053840017,0.1224352098578634,7.7599229623346195,0.0189383064477639,1.0,False,True,1.0,False,False,True,1.0,False,True,True,negative_transferred_repaid,False,False,False,True,True,False,False,False,True,False,False,False,False,True,True,True,True,True,True,primitive_full_verified
rawr2q_00069,cand_00069,70,12847921,12847029,892,12847921,-139.04176855224262,negative,-0.0173754024332304,0.0908608054490663,8002.218601068224,727.0880274725595,-569.6987517866241,True,0.0711926004758948,0.0711926004758948,0.0711926004758948,62.28113999153175,0.0077829840818417,0.0077829840818417,0.0789755845577365,0.0118852208913297,0.0118852208913297,0.1308069065928788,5.229277756197184,0.0173754024332304,1.0,False,True,1.0,False,False,True,1.0,False,True,True,negative_transferred_repaid,False,False,False,True,True,False,False,False,True,False,False,False,False,True,True,True,True,True,True,primitive_full_verified
rawr2q_00070,cand_00070,71,1191481,1191480,1,1191481,12.990707629107597,positive,0.0663671925425114,0.0710316103925829,195.7398999631695,13.903720312467009,,False,,,,,,,,,,,,-0.0663671925425114,,False,False,,False,True,False,,True,False,False,positive_harmless,False,False,False,True,False,False,True,True,False,False,False,True,True,True,False,True,True,True,False,structural_positive_cap_missing_primitives
rawr2q_00071,cand_00071,72,12843647,12843190,457,12843647,-113.26485440576494,negative,-0.0197754667444977,0.0679786634633438,5727.543924457782,389.350780912235,-249.96047798659333,True,0.043641826458844,0.043641826458844,0.043641826458844,46.75532668686788,0.0081632419242064,0.0081632419242064,0.0518050683830505,0.0161735950802932,0.0161735950802932,0.2379216397659029,3.4375251083395018,0.0197754667444977,1.0,False,True,1.0,False,False,True,1.0,False,True,True,negative_transferred_repaid,False,False,False,True,True,False,False,False,True,False,False,False,False,True,True,True,True,True,True,primitive_full_verified
rawr2q_00072,cand_00072,73,40882169,40877269,4900,40882169,-220.51959869872007,negative,-0.0102558911015828,0.1837301433813745,21501.74923997448,3950.51947081087,-3673.138631205552,True,0.1708297585564211,0.1708297585564211,0.1708297585564211,149.93090214612675,0.0069729630121156,0.0069729630121156,0.1778027215685367,0.0059274218128377,0.0059274218128377,0.0322615641818446,17.914595773449502,0.0102558911015828,1.0,False,True,1.0,False,False,True,1.0,False,True,True,negative_transferred_repaid,False,False,False,True,True,False,False,False,True,False,False,False,False,True,True,True,True,True,True,primitive_full_verified
rawr2q_00073,cand_00073,74,1186291,1186290,1,1186291,12.986342191006576,positive,0.0663863120997883,0.0716803042452162,195.61776788393053,14.021941117690226,,False,,,,,,,,,,,,-0.0663863120997883,,False,False,,False,True,False,,True,False,False,positive_harmless,False,False,False,True,False,False,True,True,False,False,False,True,True,True,False,True,True,True,False,structural_positive_cap_missing_primitives
rawr2q_00074,cand_00074,75,113195507,113182659,12848,113195507,-330.4150379443963,negative,-0.0084762905367088,0.2647255241959858,38981.08925283357,10319.289286186871,-9888.473703891712,True,0.2536736118314834,0.2536736118314834,0.2536736118314834,206.4591407930729,0.0052963922956069,0.0052963922956069,0.2589700041270903,0.0057555200688954,0.0057555200688954,0.0217414625445578,31.23129428486681,0.0084762905367088,1.0,False,True,1.0,False,False,False,1.0,False,True,True,negative_transferred_repaid,False,False,False,True,True,False,False,False,True,False,False,False,False,True,True,True,True,True,True,primitive_full_verified
rawr2q_00075,cand_00075,76,2879,2878,1,2879,6.965198290612176,positive,0.1097843161595848,0.1282261417306278,63.444383808771136,8.135228550275835,,False,,,,,,,,,,,,-0.1097843161595848,,False,False,,False,True,False,,True,False,False,positive_harmless,False,False,False,True,False,False,True,True,False,False,False,True,True,True,False,True,True,True,False,structural_positive_cap_missing_primitives
rawr2q_00076,cand_00076,77,39674417,39673239,1178,39674417,-198.21267981504025,negative,-0.0188655933333372,0.0933658727593846,10506.57015195914,980.9550919453652,-737.8526257071599,True,0.070227735125299,0.070227735125299,0.070227735125299,51.338631919284126,0.0048863359951688,0.0048863359951688,0.0751140711204678,0.0182518016389167,0.0182518016389167,0.1954868636632772,4.949002722029345,0.0188655933333372,1.0,False,True,1.0,False,False,True,1.0,False,True,True,negative_transferred_repaid,False,False,False,True,True,False,False,False,True,False,False,False,False,True,True,True,True,True,True,primitive_full_verified
rawr2q_00077,cand_00077,78,3441797,3441229,568,3441797,-56.25170384278789,negative,-0.0104184161572551,0.0865309897820664,5399.256757814914,467.20303134123526,-395.00311291379376,True,0.0731587940029086,0.0731587940029086,0.0731587940029086,29.338135801005592,0.0054337359968187,0.0054337359968187,0.0785925299997273,0.007938459782339,0.007938459782339,0.0917412340056726,8.305580087795617,0.0104184161572551,1.0,False,True,1.0,False,False,True,1.0,False,True,True,negative_transferred_repaid,False,False,False,True,True,False,False,False,True,False,False,False,False,True,True,True,True,True,True,primitive_full_verified
rawr2q_00078,cand_00078,79,109546081,109535495,10586,109546081,-330.4584709322444,negative,-0.0093724045147303,0.2408302537232801,35258.66498963759,8491.353235398554,-8081.547700812343,True,0.2292074218688508,0.2292074218688508,0.2292074218688508,152.6328723392062,0.0043289464415077,0.0043289464415077,0.2335363683103585,0.0072938854129215,0.0072938854129215,0.0302864166779576,25.695674289855265,0.0093724045147303,1.0,False,True,1.0,False,False,True,1.0,False,True,True,negative_transferred_repaid,False,False,False,True,True,False,False,False,True,False,False,False,False,True,True,True,True,True,True,primitive_full_verified
rawr2q_00079,cand_00079,80,1198513,1198510,3,1198607,24.993182690643494,positive,0.073656563386218,0.0831464357639209,339.32051051026895,28.213291030522925,,False,,,,,,,,,,,,-0.073656563386218,,False,False,,False,True,False,,True,False,False,positive_harmless,False,False,False,True,False,False,True,True,False,False,False,True,True,True,False,True,True,True,False,structural_positive_cap_missing_primitives
rawr2q_00080,cand_00080,81,1512197,1512196,1,1512197,13.22907411823977,positive,0.0653395541194198,0.0705955645536329,202.4665502623609,14.29324041899786,,False,,,,,,,,,,,,-0.0653395541194198,,False,False,,False,True,False,,True,False,False,positive_harmless,False,False,False,True,False,False,True,True,False,False,False,True,True,True,False,True,True,True,False,structural_positive_cap_missing_primitives
rawr2q_00081,cand_00081,82,12782500,12782006,494,12782599,-68.54730774172731,negative,-0.0115177981909939,0.0796044258439215,5951.424621706459,473.7597399643204,-323.79453525219947,True,0.0544062230194822,0.0544062230194822,0.0544062230194822,64.68278396224969,0.0108684538700757,0.0108684538700757,0.065274676889558,0.0143297489543634,0.0143297489543634,0.180011962933562,6.911427386022998,0.0115177981909939,1.0,False,True,1.0,False,False,True,1.0,False,True,True,negative_transferred_repaid,False,False,False,True,True,False,False,False,True,False,False,False,False,True,True,True,True,True,True,primitive_full_verified
rawr2q_00082,cand_00082,83,42923,42922,1,42923,9.66716309178561,positive,0.0849573926179323,0.0952612074725035,113.78836842675317,10.839617372658598,,False,,,,,,,,,,,,-0.0849573926179323,,False,False,,False,True,False,,True,False,False,positive_harmless,False,False,False,True,False,False,True,True,False,False,False,True,True,True,False,True,True,True,False,structural_positive_cap_missing_primitives
rawr2q_00083,cand_00083,84,617579,617578,1,617579,12.33356227452393,positive,0.0693739053920691,0.0752538383487422,177.78388292860774,13.378919586921157,,False,,,,,,,,,,,,-0.0693739053920691,,False,False,,False,True,False,,True,False,False,positive_harmless,False,False,False,True,False,False,True,True,False,False,False,True,True,True,False,True,True,True,False,structural_positive_cap_missing_primitives
rawr2q_00084,cand_00084,85,10357,10356,1,10357,8.24541789858888,positive,0.0964627367254228,0.1086725867349362,85.47775211954762,9.289088431118914,,False,,,,,,,,,,,,-0.0964627367254228,,False,False,,False,True,False,,True,False,False,positive_harmless,False,False,False,True,False,False,True,True,False,False,False,True,True,True,False,True,True,True,False,structural_positive_cap_missing_primitives
rawr2q_00085,cand_00085,86,15859,15858,1,15859,8.6714924414986,positive,0.0927057894159821,0.1069835705399953,93.53776604596456,10.007004191932026,,False,,,,,,,,,,,,-0.0927057894159821,,False,False,,False,True,False,,True,False,False,positive_harmless,False,False,False,True,False,False,True,True,False,False,False,True,True,True,False,True,True,True,False,structural_positive_cap_missing_primitives
rawr2q_00086,cand_00086,87,109467389,109460158,7231,109467389,-178.26963014023477,negative,-0.0061180353375162,0.2045445847739718,29138.378630648243,5960.097557992718,-5567.723402559313,True,0.1910786963521397,0.1910786963521397,0.1910786963521397,216.5692739450388,0.0074324407919268,0.0074324407919268,0.1985111371440665,0.0060334476299052,0.0060334476299052,0.0294969805070732,33.43305056113171,0.0061180353375162,1.0,False,True,1.0,False,False,True,1.0,False,True,True,negative_transferred_repaid,False,False,False,True,True,False,False,False,True,False,False,False,False,True,True,True,True,True,True,primitive_full_verified
rawr2q_00087,cand_00087,88,3290641,3290318,323,3290641,-37.87575835699317,negative,-0.0093582764758578,0.0705553720204413,4047.300638606253,285.55880223543386,-218.61666116771448,True,0.0540154242762154,0.0540154242762154,0.0540154242762154,31.763224857564865,0.0078480023338476,0.0078480023338476,0.061863426610063,0.0086919454103782,0.0086919454103782,0.1231932475369842,7.539355371948873,0.0093582764758578,1.0,False,True,1.0,False,False,True,1.0,False,True,True,negative_transferred_repaid,False,False,False,True,True,False,False,False,True,False,False,False,False,True,True,True,True,True,True,primitive_full_verified
rawr2q_00088,cand_00088,89,1188149,1188148,1,1188149,12.987907191915609,positive,0.066379456518596,0.0739495641263946,195.6615476096444,14.469086162029008,,False,,,,,,,,,,,,-0.066379456518596,,False,False,,False,True,False,,True,False,False,positive_harmless,False,False,False,True,False,False,True,True,False,False,False,True,True,True,False,True,True,True,False,structural_positive_cap_missing_primitives
rawr2q_00089,cand_00089,90,179641471,179630689,10782,179641471,-461.50121601656247,negative,-0.0123032569073018,0.2296201708973325,37510.49169286766,8613.165512959244,-8106.104690189923,True,0.2161023309574808,0.2161023309574808,0.2161023309574808,218.7079087637594,0.0058305796296811,0.0058305796296811,0.221932910587162,0.0076872603101705,0.0076872603101705,0.0334781577773828,18.663364719390323,0.0123032569073018,1.0,False,True,1.0,False,False,True,1.0,False,True,True,negative_transferred_repaid,False,False,False,True,True,False,False,False,True,False,False,False,False,True,True,True,True,True,True,primitive_full_verified
rawr2q_00090,cand_00090,91,179602723,179595316,7407,179602723,-450.7172966904154,negative,-0.0144973898480871,0.1917202756433797,31089.54794023732,5960.496700730366,-5434.931495367947,True,0.1748153915205001,0.1748153915205001,0.1748153915205001,171.42269419336844,0.0055138368213938,0.0055138368213938,0.180329228341894,0.0113910473014857,0.0113910473014857,0.0594149328403547,13.224468518288214,0.0144973898480871,1.0,False,True,1.0,False,False,True,1.0,False,True,True,negative_transferred_repaid,False,False,False,True,True,False,False,False,True,False,False,False,False,True,True,True,True,True,True,primitive_full_verified
rawr2q_00091,cand_00091,92,3453943,3453942,1,3453943,14.055027034946916,positive,0.0620109815723074,0.0687276505309807,226.65383902298257,15.577385839876705,,False,,,,,,,,,,,,-0.0620109815723074,,False,False,,False,True,False,,True,False,False,positive_harmless,False,False,False,True,False,False,True,True,False,False,False,True,True,True,False,True,True,True,False,structural_positive_cap_missing_primitives
rawr2q_00092,cand_00092,93,1188839,1188838,1,1188839,12.988487758598636,positive,0.0663769136686477,0.0717695715648134,195.677789772464,14.04371113671936,,False,,,,,,,,,,,,-0.0663769136686477,,False,False,,False,True,False,,True,False,False,positive_harmless,False,False,False,True,False,False,True,True,False,False,False,True,True,True,False,True,True,True,False,structural_positive_cap_missing_primitives
rawr2q_00093,cand_00093,94,618119,618118,1,618119,12.334436274537484,positive,0.0693697269600696,0.0765541684740735,177.80719075970106,13.61188163731988,,False,,,,,,,,,,,,-0.0693697269600696,,False,False,,False,True,False,,True,False,False,positive_harmless,False,False,False,True,False,False,True,True,False,False,False,True,True,True,False,True,True,True,False,structural_positive_cap_missing_primitives
rawr2q_00094,cand_00094,95,178011341,178005997,5344,178011341,-366.6962581891348,negative,-0.0138991053900348,0.1648839859416764,26382.72377242652,4350.088655595906,-3879.7407328734553,True,0.1470561101400873,0.1470561101400873,0.1470561101400873,182.22731859912165,0.0069070699511918,0.0069070699511918,0.1539631800912791,0.0109208058503972,0.0109208058503972,0.0662332717639429,11.862920764662436,0.0138991053900348,1.0,False,True,1.0,False,False,True,1.0,False,True,True,negative_transferred_repaid,False,False,False,True,True,False,False,False,True,False,False,False,False,True,True,True,True,True,True,primitive_full_verified
rawr2q_00095,cand_00095,96,3438637,3438262,375,3438637,-28.83790962671685,negative,-0.0065741761860351,0.0753076301542394,4386.543471100524,330.3401933771317,-268.9157561582316,True,0.0613047056138632,0.0613047056138632,0.0613047056138632,40.1850159934861,0.0091609752093495,0.0091609752093495,0.0704656808232128,0.0048419493310265,0.0048419493310265,0.0642956008721777,11.455067224119755,0.0065741761860351,1.0,False,True,1.0,False,False,True,1.0,False,True,True,negative_transferred_repaid,False,False,False,True,True,False,False,False,True,False,False,False,False,True,True,True,True,True,True,primitive_full_verified
rawr2q_00096,cand_00096,97,30981239,30980149,1090,30981239,-175.80966234322875,negative,-0.0178981055752952,0.0903727573504991,9822.80843096036,887.7142828316174,-690.2088476648541,True,0.0702659379459539,0.0702659379459539,0.0702659379459539,37.42060683590398,0.0038095629268263,0.0038095629268263,0.0740755008727803,0.0162972564777187,0.0162972564777187,0.1803337306010479,5.0492917795300425,0.0178981055752952,1.0,False,True,1.0,False,False,True,1.0,False,True,True,negative_transferred_repaid,False,False,False,True,True,False,False,False,True,False,False,False,False,True,True,True,True,True,True,primitive_full_verified
rawr2q_00097,cand_00097,98,33843191,33842396,795,33843191,-188.19672853522707,negative,-0.0222058889162005,0.0761893412087709,8475.081958908948,645.7109111396123,-443.2519099326764,True,0.0523006045347718,0.0523006045347718,0.0523006045347718,36.11731957977736,0.004261589416467,0.004261589416467,0.0565621939512389,0.0196271472575319,0.0196271472575319,0.2576101452793833,3.431042166169997,0.0222058889162005,1.0,False,True,1.0,False,False,True,1.0,False,True,True,negative_transferred_repaid,False,False,False,True,True,False,False,False,True,False,False,False,False,True,True,True,True,True,True,primitive_full_verified
rawr2q_00098,cand_00098,99,4991034,4990677,357,4991101,-17.691366021948568,negative,-0.0039362269712099,0.076175182058325,4494.49845025331,342.3692377089055,-266.2477494151465,True,0.0592385896584613,0.0592385896584613,0.0592385896584613,32.04545306747309,0.0071299286054191,0.0071299286054191,0.0663685182638805,0.0098066637944444,0.0098066637944444,0.1287383046480389,19.35233476511364,0.0039362269712099,1.0,False,True,1.0,False,False,True,1.0,False,True,True,negative_transferred_repaid,False,False,False,True,True,False,False,False,True,False,False,False,False,True,True,True,True,True,True,primitive_full_verified
rawr2q_00099,cand_00099,100,6421,6420,1,6421,7.767329147794049,positive,0.1010501788281202,0.1159896775054861,76.86606038575913,8.915669555261422,,False,,,,,,,,,,,,-0.1010501788281202,,False,False,,False,True,False,,True,False,False,positive_harmless,False,False,False,True,False,False,True,True,False,False,False,True,True,True,False,True,True,True,False,structural_positive_cap_missing_primitives
rawr2q_00100,cand_00100,101,1510643,1510642,1,1510643,13.228045945966745,positive,0.0653439188591991,0.070535407834942,202.43729144054063,14.278996912759547,,False,,,,,,,,,,,,-0.0653439188591991,,False,False,,False,True,False,,True,False,False,positive_harmless,False,False,False,True,False,False,True,True,False,False,False,True,True,True,False,True,True,True,False,structural_positive_cap_missing_primitives
rawr2q_00101,cand_00101,102,33477793,33476547,1246,33477793,-154.43846648475437,negative,-0.0145740462550458,0.096662723146914,10596.814623892416,1024.3169582284822,-835.5915545465327,True,0.0788530878574153,0.0788530878574153,0.0788530878574153,63.174471886694846,0.0059616473562023,0.0059616473562023,0.0848147352136177,0.0118479879332962,0.0118479879332962,0.1225703926764916,6.632524794783554,0.0145740462550458,1.0,False,True,1.0,False,False,True,1.0,False,True,True,negative_transferred_repaid,False,False,False,True,True,False,False,False,True,False,False,False,False,True,True,True,True,True,True,primitive_full_verified
rawr2q_00102,cand_00102,103,33824779,33823778,1001,33824779,-12.808745615198404,negative,-0.0013469655343771,0.0986530057695944,9509.334343228942,938.1244158275672,-782.6896931372066,True,0.0823075164766412,0.0823075164766412,0.0823075164766412,56.77438811581533,0.0059703851044254,0.0059703851044254,0.0882779015810666,0.0103751041885277,0.0103751041885277,0.1051676439819677,73.24092803548396,0.0013469655343771,1.0,False,True,1.0,False,False,True,1.0,False,True,True,negative_transferred_repaid,False,False,False,True,True,False,False,False,True,False,False,False,False,True,True,True,True,True,True,primitive_full_verified
rawr2q_00103,cand_00103,104,30358319,30357034,1285,30358319,-165.14358633355937,negative,-0.0155206935018589,0.097634505621578,10640.21954391273,1038.8525748749714,-855.725877447961,True,0.0804237049730352,0.0804237049730352,0.0804237049730352,37.7799262439712,0.0035506716837985,0.0035506716837985,0.0839743766568338,0.0136601289647441,0.0136601289647441,0.1399108734947613,6.29060200240948,0.0155206935018589,1.0,False,True,1.0,False,False,True,1.0,False,True,True,negative_transferred_repaid,False,False,False,True,True,False,False,False,True,False,False,False,False,True,True,True,True,True,True,primitive_full_verified
rawr2q_00104,cand_00104,105,604432601,604410439,22162,604432601,-688.5913402072983,negative,-0.0113136656271269,0.2914811871626422,60863.681401035305,17740.618109862597,-16921.907040198,True,0.2780296336118464,0.2780296336118464,0.2780296336118464,292.83056693684193,0.0048112529540787,0.0048112529540787,0.2828408865659252,0.0086403005967169,0.0086403005967169,0.0296427384587801,25.7636381319025,0.0113136656271269,1.0,False,True,1.0,False,False,False,1.0,False,True,True,negative_transferred_repaid,False,False,True,False,True,False,False,False,True,False,False,False,False,True,True,True,True,True,True,primitive_full_verified
rawr2q_00105,cand_00105,106,479,478,1,479,5.171700597410915,positive,0.135776208151487,0.1648068982246287,38.08988826408224,6.277476338526081,,False,,,,,,,,,,,,-0.135776208151487,,False,False,,False,True,False,,True,False,False,positive_harmless,False,False,False,True,False,False,True,True,False,False,False,True,True,True,False,True,True,True,False,structural_positive_cap_missing_primitives
rawr2q_00106,cand_00106,107,231701,231700,1,231701,11.35320302633692,positive,0.0743976548454212,0.0810551545684911,152.60162500989966,12.369148302580337,,False,,,,,,,,,,,,-0.0743976548454212,,False,False,,False,True,False,,True,False,False,positive_harmless,False,False,False,True,False,False,True,True,False,False,False,True,True,True,False,True,True,True,False,structural_positive_cap_missing_primitives
rawr2q_00107,cand_00107,108,39634747,39633125,1622,39634747,-169.89877765908955,negative,-0.0137824420499271,0.1078488246263689,12327.189698576536,1329.472919937762,-1118.8124807367185,True,0.0907597358435971,0.0907597358435971,0.0907597358435971,69.15140939448793,0.0056096653888982,0.0056096653888982,0.0963694012324954,0.0114794233938734,0.0114794233938734,0.1064399490086494,7.825088198135342,0.0137824420499271,1.0,False,True,1.0,False,False,True,1.0,False,True,True,negative_transferred_repaid,False,False,False,True,True,False,False,False,True,False,False,False,False,True,True,True,True,True,True,primitive_full_verified
rawr2q_00108,cand_00108,109,33492847,33491912,935,33492847,-137.96589757999288,negative,-0.0150288964557925,0.0863386781827271,9180.041793874834,792.5926741453441,-604.6244752512366,True,0.0658629327433626,0.0658629327433626,0.0658629327433626,39.75796409945133,0.0043309131910465,0.0043309131910465,0.0701938459344092,0.0161448322483178,0.0161448322483178,0.1869942022293756,5.744844835194128,0.0150288964557925,1.0,False,True,1.0,False,False,True,1.0,False,True,True,negative_transferred_repaid,False,False,False,True,True,False,False,False,True,False,False,False,False,True,True,True,True,True,True,primitive_full_verified
rawr2q_00109,cand_00109,110,39655321,39654336,985,39655321,-127.70959529037896,negative,-0.0132935506548435,0.0882379519127139,9606.883714235317,847.69174320773,-655.0241926712538,True,0.068182796019551,0.068182796019551,0.068182796019551,99.80769344228612,0.0103891851313233,0.0103891851313233,0.0785719811508744,0.0096659707618394,0.0096659707618394,0.1095443689740347,6.637651159102775,0.0132935506548435,1.0,False,True,1.0,False,False,True,1.0,False,True,True,negative_transferred_repaid,False,False,False,True,True,False,False,False,True,False,False,False,False,True,True,True,True,True,True,primitive_full_verified
rawr2q_00110,cand_00110,111,30780011,30777698,2313,30780011,-140.46546636399898,negative,-0.0098239812304389,0.1309387070981607,14298.222183973308,1872.1907265717043,-1697.337130708749,True,0.1187096625628934,0.1187096625628934,0.1187096625628934,103.84418611571164,0.0072627341203376,0.0072627341203376,0.1259723966832311,0.0049663104149295,0.0049663104149295,0.0379285126987431,13.32847692058454,0.0098239812304389,1.0,False,True,1.0,False,False,True,1.0,False,True,True,negative_transferred_repaid,False,False,False,True,True,False,False,False,True,False,False,False,False,True,True,True,True,True,True,primitive_full_verified
rawr2q_00111,cand_00111,112,3459077,3459076,1,3459077,14.056512348440547,positive,0.0620052994350594,0.067178289113327,226.69856409874268,15.229221680601428,,False,,,,,,,,,,,,-0.0620052994350594,,False,False,,False,True,False,,True,False,False,positive_harmless,False,False,False,True,False,False,True,True,False,False,False,True,True,True,False,True,True,True,False,structural_positive_cap_missing_primitives
rawr2q_00112,cand_00112,113,30784249,30783029,1220,30784249,-133.72293008495535,negative,-0.0128772998450602,0.0966458075650577,10384.39204599646,1003.6079553574896,-835.7371197162352,True,0.0804801201663452,0.0804801201663452,0.0804801201663452,86.71467660723147,0.0083504817829622,0.0083504817829622,0.0888306019493075,0.0078152056157501,0.0078152056157501,0.0808644038748326,7.505129858580638,0.0128772998450602,1.0,False,True,1.0,False,False,True,1.0,False,True,True,negative_transferred_repaid,False,False,False,True,True,False,False,False,True,False,False,False,False,True,True,True,True,True,True,primitive_full_verified
rawr2q_00113,cand_00113,114,359419,359416,3,359477,22.58448267109209,positive,0.07967922224676,0.0897827713986883,283.4425592301818,25.448258500022582,,False,,,,,,,,,,,,-0.07967922224676,,False,False,,False,True,False,,True,False,False,positive_harmless,False,False,False,True,False,False,True,True,False,False,False,True,True,True,False,True,True,True,False,structural_positive_cap_missing_primitives
rawr2q_00114,cand_00114,115,3453551,3453550,1,3453551,14.054913535029169,positive,0.0620114158142077,0.0680235969848095,226.65042154720445,15.41757693176422,,False,,,,,,,,,,,,-0.0620114158142077,,False,False,,False,True,False,,True,False,False,positive_harmless,False,False,False,True,False,False,True,True,False,False,False,True,True,True,False,True,True,True,False,structural_positive_cap_missing_primitives
rawr2q_00115,cand_00115,116,12830269,12829371,898,12830269,-46.90137454561159,negative,-0.0058424146615159,0.0962426881171498,8027.738060865798,772.6110904780799,-666.5577464566404,True,0.0830318255781195,0.0830318255781195,0.0830318255781195,36.110070122254,0.0044981624772096,0.0044981624772096,0.0875299880553291,0.0087127000618206,0.0087127000618206,0.0905284363131593,16.473101224927117,0.0058424146615159,1.0,False,True,1.0,False,False,True,1.0,False,True,True,negative_transferred_repaid,False,False,False,True,True,False,False,False,True,False,False,False,False,True,True,True,True,True,True,primitive_full_verified
rawr2q_00116,cand_00116,117,17992177,17991472,705,17992327,-3.3720180676377822,negative,-0.0004550704835416,0.0927710098591296,7409.880863717906,687.4221306629497,-556.6135410993293,True,0.0751177449862599,0.0751177449862599,0.0751177449862599,32.2099139247739,0.0043468868821478,0.0043468868821478,0.0794646318684078,0.0133063779907217,0.0133063779907217,0.1434325012838296,203.86074951980112,0.0004550704835416,1.0,False,True,1.0,False,False,True,1.0,False,True,True,negative_transferred_repaid,False,False,False,True,True,False,False,False,True,False,False,False,False,True,True,True,True,True,True,primitive_full_verified
rawr2q_00117,cand_00117,118,179650181,179648340,1841,179650181,-377.4982097341908,negative,-0.0243546948872444,0.0958698914280892,15500.018024528928,1485.985045145014,-1085.0677523256454,True,0.0700042897116968,0.0700042897116968,0.0700042897116968,73.99263663032798,0.0047737129410581,0.0047737129410581,0.0747780026527549,0.0210918887753342,0.0210918887753342,0.2200053474677712,3.9364028936490745,0.0243546948872444,1.0,False,True,1.0,False,False,True,1.0,False,True,True,negative_transferred_repaid,False,False,False,True,True,False,False,False,True,False,False,False,False,True,True,True,True,True,True,primitive_full_verified
rawr2q_00118,cand_00118,119,1513271,1513270,1,1513271,13.2297840910738,positive,0.0653365405202554,0.0705260023814927,202.48675527857705,14.280581384997657,,False,,,,,,,,,,,,-0.0653365405202554,,False,False,,False,True,False,,True,False,False,positive_harmless,False,False,False,True,False,False,True,True,False,False,False,True,True,True,False,True,True,True,False,structural_positive_cap_missing_primitives
rawr2q_00119,cand_00119,120,108561281,108557409,3872,108561281,-263.9525918434665,negative,-0.0123903095457015,0.1470745643860575,21303.14750167292,3133.151138860473,-2812.800304471888,True,0.1320368412344233,0.1320368412344233,0.1320368412344233,110.5449400317966,0.0051891364890148,0.0051891364890148,0.1372259777234381,0.0098485866626193,0.0098485866626193,0.066963221708192,11.870128332433826,0.0123903095457015,1.0,False,True,1.0,False,False,True,1.0,False,True,True,negative_transferred_repaid,False,False,False,True,True,False,False,False,True,False,False,False,False,True,True,True,True,True,True,primitive_full_verified
rawr2q_00120,cand_00120,121,108842081,108840439,1642,108842081,-217.0841446013817,negative,-0.0156438690179397,0.0996639793175021,13876.627601038988,1382.9999262266283,-1087.6344517544494,True,0.0783788743940216,0.0783788743940217,0.0783788743940216,114.32572440408968,0.0082387254087246,0.0082387254087246,0.0866175998027463,0.0130463795147557,0.0130463795147557,0.130903658514312,6.370801187558614,0.0156438690179397,1.0,False,True,1.0,False,False,True,1.0,False,True,True,negative_transferred_repaid,False,False,False,True,True,False,False,False,True,False,False,False,False,True,True,True,True,True,True,primitive_full_verified
rawr2q_00121,cand_00121,122,30418643,30418642,1,30418643,16.230566234990423,positive,0.0546681745185092,0.0587452641225273,296.89241277839204,17.441023204641038,,False,,,,,,,,,,,,-0.0546681745185092,,False,False,,False,True,False,,True,False,False,positive_harmless,False,False,False,True,False,False,True,True,False,False,False,True,True,True,False,True,True,True,False,structural_positive_cap_missing_primitives
rawr2q_00122,cand_00122,123,3277217,3277216,1,3277217,14.0025051445914,positive,0.062212574263746,0.0681011679331808,225.07516061349145,15.327881310527022,,False,,,,,,,,,,,,-0.062212574263746,,False,False,,False,True,False,,True,False,False,positive_harmless,False,False,False,True,False,False,True,True,False,False,False,True,True,True,False,True,True,True,False,structural_positive_cap_missing_primitives
rawr2q_00123,cand_00123,124,30340831,30340827,4,30340987,30.456009776270783,positive,0.0513065454645731,0.0597199396392292,593.6086614387333,35.4502734304448,,False,,,,,,,,,,,,-0.0513065454645731,,False,False,,False,True,False,,True,False,False,positive_harmless,False,False,False,True,False,False,True,True,False,False,False,True,True,True,False,True,True,True,False,structural_positive_cap_missing_primitives
rawr2q_00124,cand_00124,125,33827861,33826320,1541,33827861,-102.04793904212896,negative,-0.00864898761979,0.110098889929409,11798.83051383144,1299.0381420380795,-1122.15241752471,True,0.0951070884702718,0.0951070884702718,0.0951070884702718,68.07372789536021,0.0057695318036443,0.0057695318036443,0.1008766202739162,0.0092222696554927,0.0092222696554927,0.083763511706664,12.72968522668343,0.00864898761979,1.0,False,True,1.0,False,False,True,1.0,False,True,True,negative_transferred_repaid,False,False,False,True,True,False,False,False,True,False,False,False,False,True,True,True,True,True,True,primitive_full_verified
rawr2q_00125,cand_00125,126,40847383,40847382,1,40847383,16.525353313570633,positive,0.0538043252282356,0.057385037625347,307.1380087654812,17.625126189181294,,False,,,,,,,,,,,,-0.0538043252282356,,False,False,,False,True,False,,True,False,False,positive_harmless,False,False,False,True,False,False,True,True,False,False,False,True,True,True,False,True,True,True,False,structural_positive_cap_missing_primitives
rawr2q_00126,cand_00126,127,3236861,3236860,1,3236861,13.990114590991642,positive,0.0622603225307891,0.0687664195967628,224.7035354510605,15.452057603703691,,False,,,,,,,,,,,,-0.0622603225307891,,False,False,,False,True,False,,True,False,False,positive_harmless,False,False,False,True,False,False,True,True,False,False,False,True,True,True,False,True,True,True,False,structural_positive_cap_missing_primitives
rawr2q_00127,cand_00127,128,187449539,187440181,9358,187449539,-385.9233859879023,negative,-0.0109942166163615,0.2128199890626043,35102.39969381473,7470.492318908816,-7059.687735016454,True,0.2011169548690546,0.2011169548690546,0.2011169548690546,179.56893819121797,0.0051155744267494,0.0051155744267494,0.2062325292958041,0.0065874597668001,0.0065874597668001,0.0309532003822364,19.35744914702577,0.0109942166163615,1.0,False,True,1.0,False,False,True,1.0,False,True,True,negative_transferred_repaid,False,False,False,True,True,False,False,False,True,False,False,False,False,True,True,True,True,True,True,primitive_full_verified
rawr2q_00128,cand_00128,129,40874291,40872504,1787,40874291,-139.55697264443688,negative,-0.0107478862654732,0.1130432056909814,12984.59708238197,1467.820478798222,-1280.0985765136688,True,0.0985859298052889,0.0985859298052889,0.0985859298052889,68.8313085734735,0.0053009968762809,0.0053009968762809,0.1038869266815699,0.0091562790094115,0.0091562790094115,0.0809980480776651,10.517715102189364,0.0107478862654732,1.0,False,True,1.0,False,False,True,1.0,False,True,True,negative_transferred_repaid,False,False,False,True,True,False,False,False,True,False,False,False,False,True,True,True,True,True,True,primitive_full_verified
rawr2q_00129,cand_00129,130,109678603,109674416,4187,109678603,-243.7212716620761,negative,-0.0109896866586228,0.1528036364238857,22177.272130943267,3388.767827570228,-3083.211946461258,True,0.139025752502687,0.139025752502687,0.139025752502687,77.62774602182799,0.0035003288755931,0.0035003288755931,0.1425260813782802,0.0102775550456054,0.0102775550456054,0.0672598852104211,13.904275997167844,0.0109896866586228,1.0,False,True,1.0,False,False,True,1.0,False,True,True,negative_transferred_repaid,False,False,False,True,True,False,False,False,True,False,False,False,False,True,True,True,True,True,True,primitive_full_verified
rawr2q_00130,cand_00130,131,12786583,12786580,3,12786847,29.727813795617536,positive,0.0640954564687434,0.071246224678351,463.8053215225093,33.04437814420752,,False,,,,,,,,,,,,-0.0640954564687434,,False,False,,False,True,False,,True,False,False,positive_harmless,False,False,False,True,False,False,True,True,False,False,False,True,True,True,False,True,True,True,False,structural_positive_cap_missing_primitives
rawr2q_00131,cand_00131,132,1189387,1189386,1,1189387,12.988948606314286,positive,0.0663748953188857,0.0709787746513286,195.6906831101024,13.889884897836517,,False,,,,,,,,,,,,-0.0663748953188857,,False,False,,False,True,False,,True,False,False,positive_harmless,False,False,False,True,False,False,True,True,False,False,False,True,True,True,False,True,True,True,False,structural_positive_cap_missing_primitives
rawr2q_00132,cand_00132,133,30343471,30342328,1143,30343471,-126.54371300174604,negative,-0.0126108133275523,0.0943688419287908,10034.54017714075,946.947935804696,-781.7068219863181,True,0.077901608662357,0.077901608662357,0.077901608662357,47.24085235041639,0.0047078243264234,0.0047078243264234,0.0826094329887805,0.0117594089400103,0.0117594089400103,0.1246111396480181,7.483168569517397,0.0126108133275523,1.0,False,True,1.0,False,False,True,1.0,False,True,True,negative_transferred_repaid,False,False,False,True,True,False,False,False,True,False,False,False,False,True,True,True,True,True,True,primitive_full_verified
rawr2q_00133,cand_00133,134,1189751,1189750,1,1189751,12.989254599495716,positive,0.0663735552444684,0.0714970560553375,195.69924424951205,13.991919836094548,,False,,,,,,,,,,,,-0.0663735552444684,,False,False,,False,True,False,,True,False,False,positive_harmless,False,False,False,True,False,False,True,True,False,False,False,True,True,True,False,True,True,True,False,structural_positive_cap_missing_primitives
rawr2q_00134,cand_00134,135,12831227,12830878,349,12831293,-5.285039920639065,negative,-0.0010560301031047,0.0716348006649615,5004.629986494569,358.5056714844274,-271.95312120092467,True,0.054340305264288,0.054340305264288,0.054340305264288,15.26477987624594,0.0030501315616617,0.0030501315616617,0.0573904368259498,0.0142443638390116,0.0142443638390116,0.1988469808917747,67.83405175132093,0.0010560301031047,1.0,False,True,1.0,False,False,True,1.0,False,True,True,negative_transferred_repaid,False,False,False,True,True,False,False,False,True,False,False,False,False,True,True,True,True,True,True,primitive_full_verified
rawr2q_00135,cand_00135,136,359539,359538,1,359539,11.792577934264838,positive,0.0720597269572932,0.0782047695913046,163.65005020423962,12.79821446982799,,False,,,,,,,,,,,,-0.0720597269572932,,False,False,,False,True,False,,True,False,False,positive_harmless,False,False,False,True,False,False,True,True,False,False,False,True,True,True,False,True,True,True,False,structural_positive_cap_missing_primitives
rawr2q_00136,cand_00136,137,2819,2818,1,2819,6.944137491114112,positive,0.1100334695184228,0.1252023670442801,63.10932047772483,7.901436306367206,,False,,,,,,,,,,,,-0.1100334695184228,,False,False,,False,True,False,,True,False,False,positive_harmless,False,False,False,True,False,False,True,True,False,False,False,True,True,True,False,True,True,True,False,structural_positive_cap_missing_primitives
rawr2q_00137,cand_00137,138,7048213,7048210,3,7048303,28.53656905120186,positive,0.0662630653379214,0.0741760381642046,430.6557341661463,31.94433617314161,,False,,,,,,,,,,,,-0.0662630653379214,,False,False,,False,True,False,,True,False,False,positive_harmless,False,False,False,True,False,False,True,True,False,False,False,True,True,True,False,True,True,True,False,structural_positive_cap_missing_primitives
rawr2q_00138,cand_00138,139,109556411,109553597,2814,109556411,-129.7691972891198,negative,-0.0071384714638016,0.13072783862462,18178.84934431196,2376.481683464493,-2106.388627552733,True,0.1158702945195927,0.1158702945195927,0.1158702945195927,146.86807896261053,0.0080790635414207,0.0080790635414207,0.1239493580610135,0.0067784805636065,0.0067784805636065,0.0518518521756537,18.31314158605606,0.0071384714638016,1.0,False,True,1.0,False,False,True,1.0,False,True,True,negative_transferred_repaid,False,False,False,True,True,False,False,False,True,False,False,False,False,True,True,True,True,True,True,primitive_full_verified
rawr2q_00139,cand_00139,140,1512661,1512660,1,1512661,13.229380909503124,positive,0.0653382518583966,0.0706156379648199,202.4752810677319,14.297921144704109,,False,,,,,,,,,,,,-0.0653382518583966,,False,False,,False,True,False,,True,False,False,positive_harmless,False,False,False,True,False,False,True,True,False,False,False,True,True,True,False,True,True,True,False,structural_positive_cap_missing_primitives
rawr2q_00140,cand_00140,141,12799573,12799572,1,12799573,15.36492236895841,positive,0.0573723278374118,0.0616477751710293,267.81068414203537,16.509932844387738,,False,,,,,,,,,,,,-0.0573723278374118,,False,False,,False,True,False,,True,False,False,positive_harmless,False,False,False,True,False,False,True,True,False,False,False,True,True,True,False,True,True,True,False,structural_positive_cap_missing_primitives
rawr2q_00141,cand_00141,142,2275961,2275960,1,2275961,13.637912938756417,positive,0.0636487082520479,0.0680251836107398,214.26849520261248,14.57565372815463,,False,,,,,,,,,,,,-0.0636487082520479,,False,False,,False,True,False,,True,False,False,positive_harmless,False,False,False,True,False,False,True,True,False,False,False,True,True,True,False,True,True,True,False,structural_positive_cap_missing_primitives
rawr2q_00142,cand_00142,143,42533,42532,1,42533,9.658035524203411,positive,0.0850226176164053,0.0954963866947735,113.59372123518187,10.847789929173237,,False,,,,,,,,,,,,-0.0850226176164053,,False,False,,False,True,False,,True,False,False,positive_harmless,False,False,False,True,False,False,True,True,False,False,False,True,True,True,False,True,True,True,False,structural_positive_cap_missing_primitives
rawr2q_00143,cand_00143,144,445069,445068,1,445069,12.005984605308186,positive,0.0709759658081862,0.0786725939660381,169.15563555351352,13.307912632968687,,False,,,,,,,,,,,,-0.0709759658081862,,False,False,,False,True,False,,True,False,False,positive_harmless,False,False,False,True,False,False,True,True,False,False,False,True,True,True,False,True,True,True,False,structural_positive_cap_missing_primitives
rawr2q_00144,cand_00144,145,1517807,1517806,1,1517807,13.232777087879647,positive,0.0653238392767546,0.070706350398406,202.57194363327184,14.323122827420269,,False,,,,,,,,,,,,-0.0653238392767546,,False,False,,False,True,False,,True,False,False,positive_harmless,False,False,False,True,False,False,True,True,False,False,False,True,True,True,False,True,True,True,False,structural_positive_cap_missing_primitives
rawr2q_00145,cand_00145,146,1518061,1518060,1,1518061,13.232944420583566,positive,0.0653231293194047,0.0707800350270976,202.57670687942087,14.338386408599492,,False,,,,,,,,,,,,-0.0653231293194047,,False,False,,False,True,False,,True,False,False,positive_harmless,False,False,False,True,False,False,True,True,False,False,False,True,True,True,False,True,True,True,False,structural_positive_cap_missing_primitives
rawr2q_00146,cand_00146,147,3458821,3458820,1,3458821,14.056438337519856,positive,0.0620055825428418,0.0670028543786573,226.6963354115377,15.18930154975451,,False,,,,,,,,,,,,-0.0620055825428418,,False,False,,False,True,False,,True,False,False,positive_harmless,False,False,False,True,False,False,True,True,False,False,False,True,True,True,False,True,True,True,False,structural_positive_cap_missing_primitives
rawr2q_00147,cand_00147,148,359701,359700,1,359701,11.793028409774374,positive,0.0720574047109464,0.0779234045557953,163.66157589329424,12.753067188572162,,False,,,,,,,,,,,,-0.0720574047109464,,False,False,,False,True,False,,True,False,False,positive_harmless,False,False,False,True,False,False,True,True,False,False,False,True,True,True,False,True,True,True,False,structural_positive_cap_missing_primitives
rawr2q_00148,cand_00148,149,1511821,1511818,3,1511863,25.45764956203124,positive,0.0725968668312942,0.0810451897299419,350.6714638414292,28.42023531990509,,False,,,,,,,,,,,,-0.0725968668312942,,False,False,,False,True,False,,True,False,False,positive_harmless,False,False,False,True,False,False,True,True,False,False,False,True,True,True,False,True,True,True,False,structural_positive_cap_missing_primitives
rawr2q_00149,cand_00149,150,108590687,108589025,1662,108590687,-181.7529341824936,negative,-0.0130219824930822,0.0995905772584955,13957.39352890752,1390.0248785678896,-1138.9160956331416,True,0.0815994829746902,0.0815994829746902,0.0815994829746902,85.66798764824125,0.006137821325365,0.006137821325365,0.0877373043000553,0.0118532729584401,0.0118532729584401,0.1190200246321897,7.647881366097783,0.0130219824930822,1.0,False,True,1.0,False,False,True,1.0,False,True,True,negative_transferred_repaid,False,False,False,True,True,False,False,False,True,False,False,False,False,True,True,True,True,True,True,primitive_full_verified
rawr2q_00150,cand_00150,151,39670783,39670780,3,39670973,31.992251009850825,positive,0.0603392852582274,0.0668468275799452,530.2059988436567,35.44258898655455,,False,,,,,,,,,,,,-0.0603392852582274,,False,False,,False,True,False,,True,False,False,positive_harmless,False,False,False,True,False,False,True,True,False,False,False,True,True,True,False,True,True,True,False,structural_positive_cap_missing_primitives
rawr2q_00151,cand_00151,152,3291539,3291538,1,3291539,14.006865794521072,positive,0.0621957873679162,0.0668271319376652,225.20602097476657,15.04987247683732,,False,,,,,,,,,,,,-0.0621957873679162,,False,False,,False,True,False,,True,False,False,positive_harmless,False,False,False,True,False,False,True,True,False,False,False,True,True,True,False,True,True,True,False,structural_positive_cap_missing_primitives
rawr2q_00152,cand_00152,153,108849263,108847420,1843,108849263,-288.5408809320145,negative,-0.0196265620456486,0.1012159404301471,14701.549882292638,1488.031197116968,-1185.2750978010554,True,0.0806224586721068,0.0806224586721068,0.0806224586721068,61.5058837770157,0.0041836326284956,0.0041836326284956,0.0848060913006024,0.0164098491295446,0.0164098491295446,0.1621271220699636,5.1570896723905655,0.0196265620456486,1.0,False,True,1.0,False,False,True,1.0,False,True,True,negative_transferred_repaid,False,False,False,True,True,False,False,False,True,False,False,False,False,True,True,True,True,True,True,primitive_full_verified
rawr2q_00153,cand_00153,154,12801751,12800706,1045,12801751,-46.73192403059045,negative,-0.0053978223488445,0.1004851300491716,8657.551325414432,869.9551708416471,-783.6660109766922,True,0.0905182056127375,0.0905182056127375,0.0905182056127375,43.333099842119736,0.0050052374179884,0.0050052374179884,0.095523443030726,0.0049616870184455,0.0049616870184455,0.049377325938849,18.61586461263995,0.0053978223488445,1.0,False,True,1.0,False,False,True,1.0,False,True,True,negative_transferred_repaid,False,False,False,True,True,False,False,False,True,False,False,False,False,True,True,True,True,True,True,primitive_full_verified
rawr2q_00154,cand_00154,155,109764139,109762638,1501,109764139,-260.5729102754683,negative,-0.0196221096030722,0.0926824198591366,13279.556354871776,1230.7814176252914,-932.0165881492584,True,0.0701843166475464,0.0701843166475464,0.0701843166475464,72.1996998915547,0.0054369060202125,0.0054369060202125,0.075621222667759,0.0170611971913775,0.0170611971913775,0.1840823450370419,4.723366739559204,0.0196221096030722,1.0,False,True,1.0,False,False,True,1.0,False,True,True,negative_transferred_repaid,False,False,False,True,True,False,False,False,True,False,False,False,False,True,True,True,True,True,True,primitive_full_verified
rawr2q_00155,cand_00155,156,33871261,33870647,614,33871261,-111.19601929144392,negative,-0.0149280533034092,0.0691402528338287,7448.79570238732,515.011618170596,-376.82136611255737,True,0.0505882267641985,0.0505882267641985,0.0505882267641985,36.02097290845768,0.0048358116328674,0.0048358116328674,0.055424038397066,0.0137162144367627,0.0137162144367627,0.1983824743847577,4.631565243543066,0.0149280533034092,1.0,False,True,1.0,False,False,True,1.0,False,True,True,negative_transferred_repaid,False,False,False,True,True,False,False,False,True,False,False,False,False,True,True,True,True,True,True,primitive_full_verified
rawr2q_00156,cand_00156,157,1184609,1184608,1,1184609,12.984923320297408,positive,0.0663925287642978,0.072561666975567,195.57808027459825,14.191471528606108,,False,,,,,,,,,,,,-0.0663925287642978,,False,False,,False,True,False,,True,False,False,positive_harmless,False,False,False,True,False,False,True,True,False,False,False,True,True,True,False,True,True,True,False,structural_positive_cap_missing_primitives
rawr2q_00157,cand_00157,158,60127,60126,1,60127,10.00421427088809,positive,0.0826161416033808,0.0919654214564058,121.09273171961708,11.136344107902064,,False,,,,,,,,,,,,-0.0826161416033808,,False,False,,False,True,False,,True,False,False,positive_harmless,False,False,False,True,False,False,True,True,False,False,False,True,True,True,False,True,True,True,False,structural_positive_cap_missing_primitives
rawr2q_00158,cand_00158,159,178905659,178902349,3310,178905659,-326.6294922581101,negative,-0.015722655409812,0.127736784305964,20774.44831960572,2653.661224076872,-2303.350362132319,True,0.1108742011675251,0.1108742011675251,0.1108742011675251,141.52648954555298,0.0068125269739167,0.0068125269739167,0.1176867281414418,0.0100500561645221,0.0100500561645221,0.0786778547708666,8.124377274480432,0.015722655409812,1.0,False,True,1.0,False,False,True,1.0,False,True,True,negative_transferred_repaid,False,False,False,True,True,False,False,False,True,False,False,False,False,True,True,True,True,True,True,primitive_full_verified
rawr2q_00159,cand_00159,160,33870121,33869043,1078,33870121,-89.73245844873679,negative,-0.0090915931914383,0.0914618710863124,9869.827714381128,902.71291005684,-766.8938900258777,True,0.0777008385778053,0.0777008385778053,0.0777008385778053,47.95622671325782,0.0048588717149927,0.0048588717149927,0.0825597102927981,0.0089021607935143,0.0089021607935143,0.0973319339281103,10.060048790177197,0.0090915931914383,1.0,False,True,1.0,False,False,True,1.0,False,True,True,negative_transferred_repaid,False,False,False,True,True,False,False,False,True,False,False,False,False,True,True,True,True,True,True,primitive_full_verified
rawr2q_00160,cand_00160,161,108572459,108571084,1375,108572459,-209.315923583554,negative,-0.0164880761984989,0.0882403302666724,12694.98764219746,1120.2099022788284,-883.006688561607,True,0.069555537464766,0.069555537464766,0.069555537464766,31.21387634161329,0.0024587559453669,0.0024587559453669,0.0720142934101329,0.0162260368565394,0.0162260368565394,0.1838845889119234,5.351766282758068,0.0164880761984989,1.0,False,True,1.0,False,False,True,1.0,False,True,True,negative_transferred_repaid,False,False,False,True,True,False,False,False,True,False,False,False,False,True,True,True,True,True,True,primitive_full_verified
rawr2q_00161,cand_00161,162,1198751,1198750,1,1198751,12.996790739381732,positive,0.0663405682293933,0.0719876878780127,195.9101510020422,14.10311880246935,,False,,,,,,,,,,,,-0.0663405682293933,,False,False,,False,True,False,,True,False,False,positive_harmless,False,False,False,True,False,False,True,True,False,False,False,True,True,True,False,True,True,True,False,structural_positive_cap_missing_primitives
rawr2q_00162,cand_00162,163,109511267,109509400,1867,109511267,-89.89320921839476,negative,-0.0060711326300487,0.1088223400603969,14806.662067218394,1611.2956146382194,-1393.649967181189,True,0.0941231697498315,0.0941231697498315,0.0941231697498315,84.87833705574849,0.0057324423742787,0.0057324423742787,0.0998556121241103,0.0089667279362865,0.0089667279362865,0.0823978599551343,17.9245532409861,0.0060711326300487,1.0,False,True,1.0,False,False,True,1.0,False,True,True,negative_transferred_repaid,False,False,False,True,True,False,False,False,True,False,False,False,False,True,True,True,True,True,True,primitive_full_verified
rawr2q_00163,cand_00163,164,39637237,39636755,482,39637237,-62.1134514057519,negative,-0.0092431578478518,0.0651451540987114,6719.938405053582,437.7714229310645,-320.8295301391008,True,0.0477429272116286,0.0477429272116286,0.0477429272116286,54.78549183449559,0.0081526776783095,0.0081526776783095,0.0558956048899381,0.0092495492087732,0.0092495492087732,0.1419836876087175,7.047932662304537,0.0092431578478518,1.0,False,True,1.0,False,False,True,1.0,False,True,True,negative_transferred_repaid,False,False,False,True,True,False,False,False,True,False,False,False,False,True,True,True,True,True,True,primitive_full_verified
rawr2q_00164,cand_00164,165,40844717,40842945,1772,40844717,-107.09979019561752,negative,-0.0082837394758068,0.1129806929343217,12928.918214824169,1460.718138802008,-1300.8074713921385,True,0.1006122437916457,0.1006122437916457,0.1006122437916457,92.63697481956206,0.0071650986788164,0.0071650986788164,0.1077773424704621,0.0052033504638595,0.0052033504638595,0.0460552181856803,13.638851543350455,0.0082837394758068,1.0,False,True,1.0,False,False,True,1.0,False,True,True,negative_transferred_repaid,False,False,False,True,True,False,False,False,True,False,False,False,False,True,True,True,True,True,True,primitive_full_verified
rawr2q_00165,cand_00165,166,30799294,30798784,510,30799397,-27.196169889806526,negative,-0.0040503888180241,0.0722199673831855,6714.459058543708,484.91801420376095,-378.16818960660703,True,0.05632146779202,0.05632146779202,0.05632146779202,24.448484868743435,0.0036411696989401,0.0036411696989401,0.0599626374909602,0.0122573298922252,0.0122573298922252,0.1697221743010515,17.830378916169163,0.0040503888180241,1.0,False,True,1.0,False,False,True,1.0,False,True,True,negative_transferred_repaid,False,False,False,True,True,False,False,False,True,False,False,False,False,True,True,True,True,True,True,primitive_full_verified
rawr2q_00166,cand_00166,167,109682107,109679748,2359,109682107,-174.45589668660523,negative,-0.0104800544453678,0.1167362250522532,16646.46854613568,1943.2458985269488,-1699.7513207575412,True,0.1021088236250638,0.1021088236250638,0.1021088236250638,134.7496860670908,0.0080947911380502,0.0080947911380502,0.110203614763114,0.0065326102891391,0.0065326102891391,0.0559604380406768,11.138894903723546,0.0104800544453678,1.0,False,True,1.0,False,False,True,1.0,False,True,True,negative_transferred_repaid,False,False,False,True,True,False,False,False,True,False,False,False,False,True,True,True,True,True,True,primitive_full_verified
rawr2q_00167,cand_00167,168,1196593,1196592,1,1196593,12.994988910012886,positive,0.0663484521925498,0.0735589050981222,195.8597145913837,14.407226158172891,,False,,,,,,,,,,,,-0.0663484521925498,,False,False,,False,True,False,,True,False,False,positive_harmless,False,False,False,True,False,False,True,True,False,False,False,True,True,True,False,True,True,True,False,structural_positive_cap_missing_primitives
rawr2q_00168,cand_00168,169,359837,359836,1,359837,11.793406430119706,positive,0.072055456092731,0.0800334901917534,163.67124808622825,13.099181228381186,,False,,,,,,,,,,,,-0.072055456092731,,False,False,,False,True,False,,True,False,False,positive_harmless,False,False,False,True,False,False,True,True,False,False,False,True,True,True,False,True,True,True,False,structural_positive_cap_missing_primitives
rawr2q_00169,cand_00169,170,17641579,17641576,3,17641879,30.3715381206486,positive,0.0629814730951112,0.0694300887821649,482.2297197587475,33.48125225624834,,False,,,,,,,,,,,,-0.0629814730951112,,False,False,,False,True,False,,True,False,False,positive_harmless,False,False,False,True,False,False,True,True,False,False,False,True,True,True,False,True,True,True,False,structural_positive_cap_missing_primitives
rawr2q_00170,cand_00170,171,33862193,33861455,738,33862193,-113.83924430671334,negative,-0.0139404039870421,0.0736278072537615,8166.136678142829,601.2547373461724,-472.5772802525694,True,0.0578703613322382,0.0578703613322382,0.0578703613322382,27.177939626737498,0.0033281269586732,0.0033281269586732,0.0611984882909115,0.0124293189628499,0.0124293189628499,0.1688128361613676,5.28161216290431,0.0139404039870421,1.0,False,True,1.0,False,False,True,1.0,False,True,True,negative_transferred_repaid,False,False,False,True,True,False,False,False,True,False,False,False,False,True,True,True,True,True,True,primitive_full_verified
rawr2q_00171,cand_00171,172,1198363,1198360,3,1198397,24.99293236459349,positive,0.0736576698291679,0.0829932104381138,339.31201492741843,28.16059345905165,,False,,,,,,,,,,,,-0.0736576698291679,,False,False,,False,True,False,,True,False,False,positive_harmless,False,False,False,True,False,False,True,True,False,False,False,True,True,True,False,True,True,True,False,structural_positive_cap_missing_primitives
rawr2q_00172,cand_00172,173,30850279,30850276,3,30850439,31.489312639240573,positive,0.0611354627286083,0.0687690106203953,515.074413994828,35.42115784630421,,False,,,,,,,,,,,,-0.0611354627286083,,False,False,,False,True,False,,True,False,False,positive_harmless,False,False,False,True,False,False,True,True,False,False,False,True,True,True,False,True,True,True,False,structural_positive_cap_missing_primitives
rawr2q_00173,cand_00173,174,30825511,30824836,675,30825511,-36.97787149460965,negative,-0.0047865366575067,0.0784523836661713,7725.391894077939,606.0754088457322,-499.2839402244276,True,0.0646289466049177,0.0646289466049177,0.0646289466049177,85.60944577509645,0.0110815667281192,0.0110815667281192,0.075710513333037,0.0027418703331342,0.0027418703331342,0.0349494840692337,16.390218916036883,0.0047865366575067,1.0,False,True,1.0,False,False,True,1.0,False,True,True,negative_transferred_repaid,False,False,False,True,True,False,False,False,True,False,False,False,False,True,True,True,True,True,True,primitive_full_verified
rawr2q_00174,cand_00174,175,12776941,12776609,332,12776941,11.625904943145828,positive,0.002382998470945,0.0675855848506355,4878.687537946786,329.72895055564044,-275.4532928884128,True,0.0564605318020301,0.0564605318020301,0.0564605318020301,36.60171411558758,0.0075023689938937,0.0075023689938937,0.0639629007959238,0.0036226840547116,0.0036226840547116,0.0536014308778678,,-0.002382998470945,0.0,False,False,1.0,False,True,True,1.0,False,True,True,positive_harmless,False,False,False,True,True,False,False,True,False,False,False,True,False,True,True,True,True,True,True,primitive_positive_cap_verified
rawr2q_00175,cand_00175,176,30359687,30358683,1004,30359687,-108.11236392766864,negative,-0.0114949532716026,0.0892723594368366,9405.202559174486,839.6246234388802,-689.6235787695141,True,0.0733236285375701,0.0733236285375701,0.0733236285375701,86.00128378202908,0.0091440118637463,0.0091440118637463,0.0824676404013165,0.0068047190355201,0.0068047190355201,0.0762242543878845,7.766222039142735,0.0114949532716026,1.0,False,True,1.0,False,False,True,1.0,False,True,True,negative_transferred_repaid,False,False,False,True,True,False,False,False,True,False,False,False,False,True,True,True,True,True,True,primitive_full_verified
rawr2q_00176,cand_00176,177,110319577,110315160,4417,110319577,-231.7350443422174,negative,-0.010167121647575,0.1561570928801292,22792.59089985288,3559.2247341271127,-3277.7856986797688,True,0.143809262978564,0.143809262978564,0.143809262978564,113.3595583565957,0.0049735266541079,0.0049735266541079,0.1487827896326719,0.0073743032474572,0.0073743032474572,0.0472236202112058,15.359026703233488,0.010167121647575,1.0,False,True,1.0,False,False,True,1.0,False,True,True,negative_transferred_repaid,False,False,False,True,True,False,False,False,True,False,False,False,False,True,True,True,True,True,True,primitive_full_verified
rawr2q_00177,cand_00177,178,109496207,109495510,697,109496207,-178.6808742050422,negative,-0.0197507288629535,0.0652388028843534,9046.79900396964,590.2023369543399,-375.0578184447095,True,0.0414575164409133,0.0414575164409133,0.0414575164409133,34.761778992031395,0.003842439627185,0.003842439627185,0.0452999560680983,0.019938846816255,0.019938846816255,0.3056286433029731,3.30310862637186,0.0197507288629535,1.0,False,True,1.0,False,False,True,1.0,False,True,True,negative_transferred_repaid,False,False,False,True,True,False,False,False,True,False,False,False,False,True,True,True,True,True,True,primitive_full_verified
rawr2q_00178,cand_00178,179,30851221,30850871,350,30851287,12.138297093206972,positive,0.0021817902997086,0.0668106572193494,5563.457264810393,371.6982362737463,-290.4046647422156,True,0.0521985971886696,0.0521985971886696,0.0521985971886696,36.68218819202775,0.0065934160084319,0.0065934160084319,0.0587920131971015,0.0080186440222478,0.0080186440222478,0.1200204332060587,,-0.0021817902997086,0.0,False,False,1.0,False,True,True,1.0,False,True,True,positive_harmless,False,False,False,True,True,False,False,True,False,False,False,True,False,True,True,True,True,True,True,primitive_positive_cap_verified
rawr2q_00179,cand_00179,180,7112887,7112886,1,7112887,14.777418767184288,positive,0.0593644809668104,0.0641352518065375,248.92694295509892,15.964992167856868,,False,,,,,,,,,,,,-0.0593644809668104,,False,False,,False,True,False,,True,False,False,positive_harmless,False,False,False,True,False,False,True,True,False,False,False,True,True,True,False,True,True,True,False,structural_positive_cap_missing_primitives
rawr2q_00180,cand_00180,181,180635669,180633960,1709,180635669,-264.0889231567578,negative,-0.0176735534402744,0.0931836500249432,14942.604725711406,1392.406449221754,-1093.7313259743723,True,0.073195493426418,0.073195493426418,0.073195493426418,124.78327632659784,0.0083508383322143,0.0083508383322143,0.0815463317586323,0.0116373182663108,0.0116373182663108,0.1248858384834223,5.272490919262259,0.0176735534402744,1.0,False,True,1.0,False,False,True,1.0,False,True,True,negative_transferred_repaid,False,False,False,True,True,False,False,False,True,False,False,False,False,True,True,True,True,True,True,primitive_full_verified
rawr2q_00181,cand_00181,182,30787789,30787786,3,30788077,31.485257351625947,positive,0.0611419373783866,0.0676460987104531,514.9535441897173,34.83459828155529,,False,,,,,,,,,,,,-0.0611419373783866,,False,False,,False,True,False,,True,False,False,positive_harmless,False,False,False,True,False,False,True,True,False,False,False,True,True,True,False,True,True,True,False,structural_positive_cap_missing_primitives
rawr2q_00182,cand_00182,183,109726069,109724532,1537,109726069,-204.0286805520348,negative,-0.0151836904780495,0.0924099628241718,13437.357725843489,1241.7457279002945,-1017.3847377309448,True,0.0757131542144072,0.0757131542144072,0.0757131542144072,72.52622321265426,0.0053973574784846,0.0053973574784846,0.0811105116928918,0.0112994511312799,0.0112994511312799,0.1222752481004604,6.086133207059601,0.0151836904780495,1.0,False,True,1.0,False,False,True,1.0,False,True,True,negative_transferred_repaid,False,False,False,True,True,False,False,False,True,False,False,False,False,True,True,True,True,True,True,primitive_full_verified
rawr2q_00183,cand_00183,184,604356173,604335487,20686,604356173,-365.2446493016978,negative,-0.0062115114780855,0.2819169646022565,58801.251610062136,16577.070368722267,-16072.78416682542,True,0.273340851201797,0.273340851201797,0.273340851201797,311.51713925927834,0.0052977977633042,0.0052977977633042,0.2786386489651012,0.0032783156371552,0.0032783156371552,0.0116286568343997,45.3862100387112,0.0062115114780855,1.0,False,True,1.0,False,False,False,1.0,False,True,True,negative_transferred_repaid,False,False,True,False,True,False,False,False,True,False,False,False,False,True,True,True,True,True,True,primitive_full_verified
rawr2q_00184,cand_00184,185,187500319,187498570,1749,187500319,-263.1556726067745,negative,-0.0173404432365679,0.09346455550884,15175.833109722682,1418.4024960765676,-1126.5450067751608,True,0.0742328278540055,0.0742328278540055,0.0742328278540055,75.92048937023355,0.0050027230018491,0.0050027230018491,0.0792355508558546,0.0142290046529853,0.0142290046529853,0.1522395797585487,5.389974998547888,0.0173404432365679,1.0,False,True,1.0,False,False,True,1.0,False,True,True,negative_transferred_repaid,False,False,False,True,True,False,False,False,True,False,False,False,False,True,True,True,True,True,True,primitive_full_verified
rawr2q_00185,cand_00185,186,22052341,22052337,4,22052431,29.817858553351044,positive,0.0521451627532467,0.0607248084445193,571.8240576685993,34.72390636589345,,False,,,,,,,,,,,,-0.0521451627532467,,False,False,,False,True,False,,True,False,False,positive_harmless,False,False,False,True,False,False,True,True,False,False,False,True,True,True,False,True,True,True,False,structural_positive_cap_missing_primitives
rawr2q_00186,cand_00186,187,338531,338530,1,338531,11.732370947643444,positive,0.0723714409769057,0.079871308359875,162.11326994839482,12.9481989732759,,False,,,,,,,,,,,,-0.0723714409769057,,False,False,,False,True,False,,True,False,False,positive_harmless,False,False,False,True,False,False,True,True,False,False,False,True,True,True,False,True,True,True,False,structural_positive_cap_missing_primitives
rawr2q_00187,cand_00187,188,31027859,31027175,684,31027859,-97.48691281590504,negative,-0.0125262226372627,0.072244005949339,7782.626545843344,562.2481184793902,-445.9374260051891,True,0.0572990909146683,0.0572990909146683,0.0572990909146683,28.50644629721592,0.003662831067288,0.003662831067288,0.0609619219819564,0.0112820839673825,0.0112820839673825,0.156166367287192,5.767421515759181,0.0125262226372627,1.0,False,True,1.0,False,False,True,1.0,False,True,True,negative_transferred_repaid,False,False,False,True,True,False,False,False,True,False,False,False,False,True,True,True,True,True,True,primitive_full_verified
rawr2q_00188,cand_00188,189,39649783,39649782,1,39649783,16.495596033142387,positive,0.0538902908567023,0.0574888285914167,306.09588055490764,17.597093609759845,,False,,,,,,,,,,,,-0.0538902908567023,,False,False,,False,True,False,,True,False,False,positive_harmless,False,False,False,True,False,False,True,True,False,False,False,True,True,True,False,True,True,True,False,structural_positive_cap_missing_primitives
rawr2q_00189,cand_00189,190,31026221,31025775,446,31026421,88.76041429147188,positive,0.0141239471794488,0.0841518906254193,6284.391548888212,528.8434302693503,-443.08727352010055,True,0.0705059941082901,0.0705059941082901,0.0705059941082901,35.48207442467492,0.00564606360833,0.00564606360833,0.0761520577166202,0.007999832908799,0.007999832908799,0.0950642088887617,,-0.0141239471794488,0.0,False,False,1.0,False,True,True,1.0,False,True,True,positive_harmless,False,False,False,True,True,False,False,True,False,False,False,True,False,True,True,True,True,True,True,primitive_positive_cap_verified
rawr2q_00190,cand_00190,191,109772783,109770459,2324,109772783,-157.8722686231877,negative,-0.0095541239941165,0.1148387219870256,16523.992018567693,1897.5941255361247,-1689.007908053478,True,0.1022154880101353,0.1022154880101353,0.1022154880101353,90.38099089834122,0.0054696825559333,0.0054696825559333,0.1076851705660686,0.0071535514209569,0.0071535514209569,0.0622921545727854,12.01980653147727,0.0095541239941165,1.0,False,True,1.0,False,False,True,1.0,False,True,True,negative_transferred_repaid,False,False,False,True,True,False,False,False,True,False,False,False,False,True,True,True,True,True,True,primitive_full_verified
rawr2q_00191,cand_00191,192,3459179,3459178,1,3459179,14.056541835640791,positive,0.0620051866408554,0.068254632757475,226.69945204840133,15.47328784588445,,False,,,,,,,,,,,,-0.0620051866408554,,False,False,,False,True,False,,True,False,False,positive_harmless,False,False,False,True,False,False,True,True,False,False,False,True,True,True,False,True,True,True,False,structural_positive_cap_missing_primitives
rawr2q_00192,cand_00192,193,1199993,1199992,1,1199993,12.997826281407882,positive,0.0663360380233858,0.0715987515628432,195.9391406044732,14.02899784957668,,False,,,,,,,,,,,,-0.0663360380233858,,False,False,,False,True,False,,True,False,False,positive_harmless,False,False,False,True,False,False,True,True,False,False,False,True,True,True,False,True,True,True,False,structural_positive_cap_missing_primitives
rawr2q_00193,cand_00193,194,33878263,33877658,605,33878389,1.8396280710575184,positive,0.0002487940109059,0.0805833243274027,7394.181493191804,595.8477254015539,-482.4036024700822,True,0.0652409739893801,0.0652409739893801,0.0652409739893801,27.989365480809283,0.0037853230281918,0.0037853230281918,0.069026297017572,0.0115570273098307,0.0115570273098307,0.1434171077737566,,-0.0002487940109059,0.0,False,False,1.0,False,True,True,1.0,False,True,True,positive_harmless,False,False,False,True,True,False,False,True,False,False,False,True,False,True,True,True,True,True,True,primitive_positive_cap_verified
rawr2q_00194,cand_00194,195,33865589,33865210,379,33865589,-66.91772891101186,negative,-0.0114347875630419,0.057783925386995,5852.118243743754,338.1583639523613,-234.10470740420124,True,0.0400034137475729,0.0400034137475729,0.0400034137475729,32.782920064288646,0.005601889555006,0.005601889555006,0.045605303302579,0.0121786220844159,0.0121786220844159,0.2107614185580571,5.053344897613741,0.0114347875630419,1.0,False,True,1.0,False,False,True,1.0,False,True,True,negative_transferred_repaid,False,False,False,True,True,False,False,False,True,False,False,False,False,True,True,True,True,True,True,primitive_full_verified
rawr2q_00195,cand_00195,196,39648137,39647291,846,39648137,-58.70055013602325,negative,-0.0065932807062891,0.0817237377621316,8903.086756192612,727.5935273365918,-613.5582144819077,True,0.0689152235942374,0.0689152235942374,0.0689152235942374,49.91766114514394,0.0056067813907826,0.0056067813907826,0.07452200498502,0.0072017327771115,0.0072017327771115,0.0881229000816532,12.395003550232207,0.0065932807062891,1.0,False,True,1.0,False,False,True,1.0,False,True,True,negative_transferred_repaid,False,False,False,True,True,False,False,False,True,False,False,False,False,True,True,True,True,True,True,primitive_full_verified
rawr2q_00196,cand_00196,197,30786463,30786460,3,30786629,31.48517121172168,positive,0.0611421036523717,0.06834819426233,514.9507349425379,35.19595286738219,,False,,,,,,,,,,,,-0.0611421036523717,,False,False,,False,True,False,,True,False,False,positive_harmless,False,False,False,True,False,False,True,True,False,False,False,True,True,True,False,True,True,True,False,structural_positive_cap_missing_primitives
rawr2q_00197,cand_00197,198,40839499,40839496,3,40839853,32.05032051862896,positive,0.0602486503662876,0.0664294699592638,531.9674436485441,35.33831531715732,,False,,,,,,,,,,,,-0.0602486503662876,,False,False,,False,True,False,,True,False,False,positive_harmless,False,False,False,True,False,False,True,True,False,False,False,True,True,True,False,True,True,True,False,structural_positive_cap_missing_primitives
rawr2q_00198,cand_00198,199,39635782,39635564,218,39635819,26.93335827774129,positive,0.0059596707112021,0.0588053295328899,4519.269533988792,265.7571341941607,-200.3120510326244,True,0.0443239885397641,0.0443239885397641,0.0443239885397641,38.59059490648997,0.0085391222223537,0.0085391222223537,0.0528631107621178,0.005942218770772,0.005942218770772,0.1010489834505312,,-0.0059596707112021,0.0,False,False,1.0,False,True,True,1.0,False,True,True,positive_harmless,False,False,False,True,True,False,False,True,False,False,False,True,False,True,True,True,True,True,True,primitive_positive_cap_verified
rawr2q_00199,cand_00199,200,17590933,17590930,3,17591099,30.365788199920942,positive,0.0629913115465854,0.0690704028270101,482.0631203632556,33.29629391153552,,False,,,,,,,,,,,,-0.0629913115465854,,False,False,,False,True,False,,True,False,False,positive_harmless,False,False,False,True,False,False,True,True,False,False,False,True,True,True,False,True,True,True,False,structural_positive_cap_missing_primitives
rawr2q_00200,cand_00200,201,7051567,7051566,1,7051567,14.768760419593791,positive,0.0593948699456424,0.0648470887681662,248.65380517054777,16.124475376436813,,False,,,,,,,,,,,,-0.0593948699456424,,False,False,,False,True,False,,True,False,False,positive_harmless,False,False,False,True,False,False,True,True,False,False,False,True,True,True,False,True,True,True,False,structural_positive_cap_missing_primitives
rawr2q_00201,cand_00201,202,673,672,1,673,5.511745329644728,positive,0.1299853261832927,0.1551610461475472,42.402827238149925,6.579267033885052,,False,,,,,,,,,,,,-0.1299853261832927,,False,False,,False,True,False,,True,False,False,positive_harmless,False,False,False,True,False,False,True,True,False,False,False,True,True,True,False,True,True,True,False,structural_positive_cap_missing_primitives
rawr2q_00202,cand_00202,203,12784609,12784608,1,12784609,15.363752583525644,positive,0.0573761622295676,0.0615986076879811,267.77239861484225,16.494406931945363,,False,,,,,,,,,,,,-0.0573761622295676,,False,False,,False,True,False,,True,False,False,positive_harmless,False,False,False,True,False,False,True,True,False,False,False,True,True,True,False,True,True,True,False,structural_positive_cap_missing_primitives
rawr2q_00203,cand_00203,204,445141,445140,1,445141,12.006146364893356,positive,0.0709751565924715,0.078849161619478,169.15984326502866,13.33811182112981,,False,,,,,,,,,,,,-0.0709751565924715,,False,False,,False,True,False,,True,False,False,positive_harmless,False,False,False,True,False,False,True,True,False,False,False,True,True,True,False,True,True,True,False,structural_positive_cap_missing_primitives
rawr2q_00204,cand_00204,205,12807857,12807856,1,12807857,15.365569368699422,positive,0.0573702072822844,0.0621526059796389,267.8318607617128,16.646448110716243,,False,,,,,,,,,,,,-0.0573702072822844,,False,False,,False,True,False,,True,False,False,positive_harmless,False,False,False,True,False,False,True,True,False,False,False,True,True,True,False,True,True,True,False,structural_positive_cap_missing_primitives
rawr2q_00205,cand_00205,206,180640297,180639336,961,180640297,-238.54340509111228,negative,-0.0212887064267581,0.0697019970406704,11205.162037994123,781.0221712124988,-524.896014638326,True,0.0468441253110418,0.0468441253110418,0.0468441253110418,42.47927568252362,0.0037910451931427,0.0037910451931427,0.0506351705041846,0.0190668265364857,0.0190668265364857,0.2735477797768182,3.2741302192537467,0.0212887064267581,1.0,False,True,1.0,False,False,True,1.0,False,True,True,negative_transferred_repaid,False,False,False,True,True,False,False,False,True,False,False,False,False,True,True,True,True,True,True,primitive_full_verified
rawr2q_00206,cand_00206,207,1518191,1518190,1,1518191,13.233030052474517,positive,0.0653227660072921,0.0719532466962552,202.5791444746428,14.576227157900291,,False,,,,,,,,,,,,-0.0653227660072921,,False,False,,False,True,False,,True,False,False,positive_harmless,False,False,False,True,False,False,True,True,False,False,False,True,True,True,False,True,True,True,False,structural_positive_cap_missing_primitives
rawr2q_00207,cand_00207,208,604822567,604819805,2762,604822567,-456.8694624263994,negative,-0.0212617420662863,0.1030306737173388,21487.86590496896,2213.909300936786,-1737.604354405883,True,0.0808644451752684,0.0808644451752684,0.0808644451752684,123.67058730170538,0.0057553685344391,0.0057553685344391,0.0866198137097075,0.0164108600076312,0.0164108600076312,0.159281303475253,4.845824645794621,0.0212617420662863,1.0,False,True,1.0,False,False,True,1.0,False,True,True,negative_transferred_repaid,False,False,True,False,True,False,False,False,True,False,False,False,False,True,True,True,True,True,True,primitive_full_verified
rawr2q_00208,cand_00208,209,40865926,40865652,274,40866037,23.938660520016867,positive,0.0047083460199858,0.0613874169888523,5084.303578879494,312.1122638945896,-241.52330759304232,True,0.0475037148836558,0.0475037148836558,0.0475037148836558,24.575397519717622,0.0048335818541216,0.0048335818541216,0.0523372967377774,0.0090501202510748,0.0090501202510748,0.147426308109988,,-0.0047083460199858,0.0,False,False,1.0,False,True,True,1.0,False,True,True,positive_harmless,False,False,False,True,True,False,False,True,False,False,False,True,False,True,True,True,True,True,True,primitive_positive_cap_verified
rawr2q_00209,cand_00209,210,30339269,30339268,1,30339269,16.227953437988603,positive,0.0546759546082353,0.058274726799016,296.8023796615033,17.296077588071928,,False,,,,,,,,,,,,-0.0546759546082353,,False,False,,False,True,False,,True,False,False,positive_harmless,False,False,False,True,False,False,True,True,False,False,False,True,True,True,False,True,True,True,False,structural_positive_cap_missing_primitives
rawr2q_00210,cand_00210,211,1507291,1507290,1,1507291,13.225824557839376,positive,0.0653533509504995,0.071217737590593,202.37408435042587,14.412624434405162,,False,,,,,,,,,,,,-0.0653533509504995,,False,False,,False,True,False,,True,False,False,positive_harmless,False,False,False,True,False,False,True,True,False,False,False,True,True,True,False,True,True,True,False,structural_positive_cap_missing_primitives
rawr2q_00211,cand_00211,212,338609,338608,1,338609,11.73260132836337,positive,0.0723702431147862,0.0799255305017518,162.11913658704063,12.957457996205182,,False,,,,,,,,,,,,-0.0723702431147862,,False,False,,False,True,False,,True,False,False,positive_harmless,False,False,False,True,False,False,True,True,False,False,False,True,True,True,False,True,True,True,False,structural_positive_cap_missing_primitives
rawr2q_00212,cand_00212,213,17594719,17594718,1,17594719,15.683109358164144,positive,0.0563479573961253,0.0598206042552528,278.3261378564641,16.649637746604473,,False,,,,,,,,,,,,-0.0563479573961253,,False,False,,False,True,False,,True,False,False,positive_harmless,False,False,False,True,False,False,True,True,False,False,False,True,True,True,False,True,True,True,False,structural_positive_cap_missing_primitives
rawr2q_00213,cand_00213,214,231107,231106,1,231107,11.350636085721526,positive,0.0744117553076697,0.081042286548022,152.53821172192673,12.362045463891231,,False,,,,,,,,,,,,-0.0744117553076697,,False,False,,False,True,False,,True,False,False,positive_harmless,False,False,False,True,False,False,True,True,False,False,False,True,True,True,False,True,True,True,False,structural_positive_cap_missing_primitives
rawr2q_00214,cand_00214,215,604883911,604879711,4200,604883911,-418.75836712238106,negative,-0.0158034915264384,0.1286153186276067,26497.83855813256,3408.0279490971006,-2918.6660872864286,True,0.1101473269558678,0.1101473269558678,0.1101473269558678,135.00665100740662,0.0050950061723419,0.0050950061723419,0.1152423331282098,0.0133729854993968,0.0133729854993968,0.1039766152437647,8.138411591668838,0.0158034915264384,1.0,False,True,1.0,False,False,True,1.0,False,True,True,negative_transferred_repaid,False,False,True,False,True,False,False,False,True,False,False,False,False,True,True,True,True,True,True,primitive_full_verified
rawr2q_00215,cand_00215,216,12837191,12837190,1,12837191,15.367857062822154,positive,0.0573627105679347,0.062888385067126,267.9067448289771,16.84822253088498,,False,,,,,,,,,,,,-0.0573627105679347,,False,False,,False,True,False,,True,False,False,positive_harmless,False,False,False,True,False,False,True,True,False,False,False,True,True,True,False,True,True,True,False,structural_positive_cap_missing_primitives
rawr2q_00216,cand_00216,217,3236683,3236682,1,3236683,13.99005959793064,positive,0.0622605346145852,0.0666226148249239,224.7018867495125,14.970227251346444,,False,,,,,,,,,,,,-0.0622605346145852,,False,False,,False,True,False,,True,False,False,positive_harmless,False,False,False,True,False,False,True,True,False,False,False,True,True,True,False,True,True,True,False,structural_positive_cap_missing_primitives
rawr2q_00217,cand_00217,218,12784091,12784090,1,12784091,15.3637120652357,positive,0.0573762950519638,0.0613983378884961,267.7710725539404,16.440698789431835,,False,,,,,,,,,,,,-0.0573762950519638,,False,False,,False,True,False,,True,False,False,positive_harmless,False,False,False,True,False,False,True,True,False,False,False,True,True,True,False,True,True,True,False,structural_positive_cap_missing_primitives
rawr2q_00218,cand_00218,219,604167899,604161649,6250,604167899,-386.3863224858651,negative,-0.01195492375068,0.1550942530280692,32320.266573334306,5012.6876018593575,-4579.814371747323,True,0.1417010086026295,0.1417010086026295,0.1417010086026295,163.4324342131622,0.0050566548961573,0.0050566548961573,0.1467576634987868,0.0083365895292823,0.0083365895292823,0.0537517629861731,12.97325321872058,0.01195492375068,1.0,False,True,1.0,False,False,True,1.0,False,True,True,negative_transferred_repaid,False,False,True,False,True,False,False,False,True,False,False,False,False,True,True,True,True,True,True,primitive_full_verified
rawr2q_00219,cand_00219,220,1513319,1513318,1,1513319,13.229815809938929,positive,0.0653364058906387,0.0718988838707155,202.4876579847879,14.55863660670142,,False,,,,,,,,,,,,-0.0653364058906387,,False,False,,False,True,False,,True,False,False,positive_harmless,False,False,False,True,False,False,True,True,False,False,False,True,True,True,False,True,True,True,False,structural_positive_cap_missing_primitives
rawr2q_00220,cand_00220,221,3452881,3452880,1,3452881,14.05471951299229,positive,0.062012158141505,0.0679598564990468,226.64457961487085,15.402733106913413,,False,,,,,,,,,,,,-0.062012158141505,,False,False,,False,True,False,,True,False,False,positive_harmless,False,False,False,True,False,False,True,True,False,False,False,True,True,True,False,True,True,True,False,structural_positive_cap_missing_primitives
rawr2q_00221,cand_00221,222,3281627,3281626,1,3281627,14.003849893960211,positive,0.0622073965135036,0.0684583966021968,225.1155116404899,15.411046977191107,,False,,,,,,,,,,,,-0.0622073965135036,,False,False,,False,True,False,,True,False,False,positive_harmless,False,False,False,True,False,False,True,True,False,False,False,True,True,True,False,True,True,True,False,structural_positive_cap_missing_primitives
rawr2q_00222,cand_00222,223,604848841,604844050,4791,604848841,-382.9342517927116,negative,-0.0135309352061743,0.1356230693499753,28300.649286826258,3838.220920876567,-3424.0588496471173,True,0.1209887029426208,0.1209887029426208,0.1209887029426208,195.88185471514043,0.0069214615088821,0.0069214615088821,0.127910164451503,0.0077129048984723,0.0077129048984723,0.0568701544319806,10.02318518886176,0.0135309352061743,1.0,False,True,1.0,False,False,True,1.0,False,True,True,negative_transferred_repaid,False,False,True,False,True,False,False,False,True,False,False,False,False,True,True,True,True,True,True,primitive_full_verified
rawr2q_00223,cand_00223,224,30417889,30417888,1,30417889,16.230541447252687,positive,0.0546682483182569,0.0595665514274872,296.89155856549274,17.684806291678253,,False,,,,,,,,,,,,-0.0546682483182569,,False,False,,False,True,False,,True,False,False,positive_harmless,False,False,False,True,False,False,True,True,False,False,False,True,True,True,False,True,True,True,False,structural_positive_cap_missing_primitives
rawr2q_00224,cand_00224,225,30422683,30422680,3,30422863,31.461398013179057,positive,0.0611802570819427,0.0672912160005141,514.2410233915939,34.60390378136917,,False,,,,,,,,,,,,-0.0611802570819427,,False,False,,False,True,False,,True,False,False,positive_harmless,False,False,False,True,False,False,True,True,False,False,False,True,True,True,False,True,True,True,False,structural_positive_cap_missing_primitives
rawr2q_00225,cand_00225,226,39648883,39648882,1,39648883,16.495573334147675,positive,0.0538903565361072,0.0582681497791033,306.0950862905392,17.835594334624687,,False,,,,,,,,,,,,-0.0538903565361072,,False,False,,False,True,False,,True,False,False,positive_harmless,False,False,False,True,False,False,True,True,False,False,False,True,True,True,False,True,True,True,False,structural_positive_cap_missing_primitives
rawr2q_00226,cand_00226,227,17642329,17642326,3,17642453,30.371623145248783,positive,0.062981403794995,0.0713316310686374,482.2316003642705,34.39836660682273,,False,,,,,,,,,,,,-0.062981403794995,,False,False,,False,True,False,,True,False,False,positive_harmless,False,False,False,True,False,False,True,True,False,False,False,True,True,True,False,True,True,True,False,structural_positive_cap_missing_primitives
rawr2q_00227,cand_00227,228,604708931,604704593,4338,604708931,-435.4909596411353,negative,-0.0161718980040968,0.1280136512189761,26928.87127601291,3447.2631352482204,-3011.5924615006134,True,0.111835079555793,0.111835079555793,0.111835079555793,138.65085464022013,0.0051487807720973,0.0051487807720973,0.1169838603278903,0.0110297908910857,0.0110297908910857,0.0861610522476114,7.915808718713528,0.0161718980040968,1.0,False,True,1.0,False,False,True,1.0,False,True,True,negative_transferred_repaid,False,False,True,False,True,False,False,False,True,False,False,False,False,True,True,True,True,True,True,primitive_full_verified
rawr2q_00228,cand_00228,229,12421837,12421836,1,12421837,15.334966530134755,positive,0.0574706798325747,0.0618751942454069,266.8311315406227,16.51022809479775,,False,,,,,,,,,,,,-0.0574706798325747,,False,False,,False,True,False,,True,False,False,positive_harmless,False,False,False,True,False,False,True,True,False,False,False,True,True,True,False,True,True,True,False,structural_positive_cap_missing_primitives
rawr2q_00229,cand_00229,230,30405923,30405922,1,30405923,16.23014798292479,positive,0.0546694197937272,0.0593788171181867,296.8779995134872,17.62826443952448,,False,,,,,,,,,,,,-0.0546694197937272,,False,False,,False,True,False,,True,False,False,positive_harmless,False,False,False,True,False,False,True,True,False,False,False,True,True,True,False,True,True,True,False,structural_positive_cap_missing_primitives
rawr2q_00230,cand_00230,231,17591797,17591796,1,17591797,15.682943271814093,positive,0.0563484825964836,0.0608439203610845,278.3205962105671,16.9341161906853,,False,,,,,,,,,,,,-0.0563484825964836,,False,False,,False,True,False,,True,False,False,positive_harmless,False,False,False,True,False,False,True,True,False,False,False,True,True,True,False,True,True,True,False,structural_positive_cap_missing_primitives
rawr2q_00231,cand_00231,232,7103281,7103277,4,7103387,27.552134414332773,positive,0.0553511856398291,0.0636678531151053,497.7695436122153,31.691918187875523,,False,,,,,,,,,,,,-0.0553511856398291,,False,False,,False,True,False,,True,False,False,positive_harmless,False,False,False,True,False,False,True,True,False,False,False,True,True,True,False,True,True,True,False,structural_positive_cap_missing_primitives
rawr2q_00232,cand_00232,233,108545317,108544444,873,108545317,-132.8930425093655,negative,-0.0131378992210281,0.072593883103974,10115.242952743962,734.3047644797919,-560.4937472700594,True,0.0554108042573524,0.0554108042573524,0.0554108042573524,85.04043423152143,0.0084071568650214,0.0084071568650214,0.0638179611223739,0.0087759219816,0.0087759219816,0.1208906536798782,5.525532041514081,0.0131378992210281,1.0,False,True,1.0,False,False,True,1.0,False,True,True,negative_transferred_repaid,False,False,False,True,True,False,False,False,True,False,False,False,False,True,True,True,True,True,True,primitive_full_verified
rawr2q_00233,cand_00233,234,33928207,33928206,1,33928207,16.33975729127334,positive,0.0543449974572264,0.0577100468058422,300.6671829202669,17.351517199309324,,False,,,,,,,,,,,,-0.0543449974572264,,False,False,,False,True,False,,True,False,False,positive_harmless,False,False,False,True,False,False,True,True,False,False,False,True,True,True,False,True,True,True,False,structural_positive_cap_missing_primitives
rawr2q_00234,cand_00234,235,12805417,12804850,567,12805417,-26.94325242094044,negative,-0.0042248020373668,0.0752600730877132,6377.399978185327,479.9635884678083,-423.5606315620903,True,0.066415879984152,0.066415879984152,0.066415879984152,33.06833922147416,0.0051852383941086,0.0051852383941086,0.0716011183782606,0.0036589547094525,0.0036589547094525,0.0486174748354037,17.813869720300655,0.0042248020373668,1.0,False,True,1.0,False,False,True,1.0,False,True,True,negative_transferred_repaid,False,False,False,True,True,False,False,False,True,False,False,False,False,True,True,True,True,True,True,primitive_full_verified
rawr2q_00235,cand_00235,236,7114039,7114038,1,7114039,14.777580713623388,positive,0.059363912863566,0.0641316326651891,248.93205317490072,15.964418992804054,,False,,,,,,,,,,,,-0.059363912863566,,False,False,,False,True,False,,True,False,False,positive_harmless,False,False,False,True,False,False,True,True,False,False,False,True,True,True,False,True,True,True,False,structural_positive_cap_missing_primitives
rawr2q_00236,cand_00236,237,1189109,1189108,1,1189109,12.988714845146502,positive,0.0663759190947688,0.0718770358244725,195.6841430188221,14.065196158045076,,False,,,,,,,,,,,,-0.0663759190947688,,False,False,,False,True,False,,True,False,False,positive_harmless,False,False,False,True,False,False,True,True,False,False,False,True,True,True,False,True,True,True,False,structural_positive_cap_missing_primitives
rawr2q_00237,cand_00237,238,109610882,109610360,522,109610987,-77.7013201168142,negative,-0.0099235128053833,0.0613897943072523,7830.021650666098,480.6834185557239,-337.05846232146905,True,0.0430469387390257,0.0430469387390257,0.0430469387390257,64.70127913943543,0.0082632311922063,0.0082632311922063,0.0513101699312321,0.0100796243760201,0.0100796243760201,0.1641905546314784,6.18629667852588,0.0099235128053833,1.0,False,True,1.0,False,False,True,1.0,False,True,True,negative_transferred_repaid,False,False,False,True,True,False,False,False,True,False,False,False,False,True,True,True,True,True,True,primitive_full_verified
rawr2q_00238,cand_00238,239,1185979,1185978,1,1185979,12.986079151806315,positive,0.0663874644969639,0.0720020312883792,195.6104100405913,14.084346864075338,,False,,,,,,,,,,,,-0.0663874644969639,,False,False,,False,True,False,,True,False,False,positive_harmless,False,False,False,True,False,False,True,True,False,False,False,True,True,True,False,True,True,True,False,structural_positive_cap_missing_primitives
rawr2q_00239,cand_00239,240,3458053,3458052,1,3458053,14.056216271886404,positive,0.062006432007354,0.0681051918998026,226.68964842581693,15.438742007739046,,False,,,,,,,,,,,,-0.062006432007354,,False,False,,False,True,False,,True,False,False,positive_harmless,False,False,False,True,False,False,True,True,False,False,False,True,True,True,False,True,True,True,False,structural_positive_cap_missing_primitives
rawr2q_00240,cand_00240,241,40846425,40846297,128,40846543,64.7786110793472,positive,0.0186420686144074,0.0576405602980837,3474.8617451865503,200.2929779509297,-166.6075602538226,True,0.0479465292351877,0.0479465292351877,0.0479465292351877,20.124086018554863,0.0057913343016973,0.0057913343016973,0.0537378635368851,0.0039026967611985,0.0039026967611985,0.0677074744071889,,-0.0186420686144074,0.0,False,False,1.0,False,True,True,1.0,False,True,True,positive_harmless,False,False,False,True,True,False,False,True,False,False,False,True,False,True,True,True,True,True,True,primitive_positive_cap_verified
rawr2q_00241,cand_00241,242,30338299,30338298,1,30338299,16.227921465711795,positive,0.0546760498253001,0.0582182910904303,296.80127802873324,17.279263200288526,,False,,,,,,,,,,,,-0.0546760498253001,,False,False,,False,True,False,,True,False,False,positive_harmless,False,False,False,True,False,False,True,True,False,False,False,True,True,True,False,True,True,True,False,structural_positive_cap_missing_primitives
rawr2q_00242,cand_00242,243,30781189,30781182,7,30781319,44.727242683927344,positive,0.0568626034847033,0.0666639054628127,786.5845026944545,52.436794926136656,-50.29013128392762,True,0.0639348107058531,0.0639348107058531,0.0639348107058531,12.28521502684498,0.0156184300412248,0.0156184300412248,0.079553240747078,-0.0128893352842653,0.0128893352842653,0.1933480373641691,,-0.0568626034847033,0.0,False,False,1.0,False,True,True,1.0,False,True,True,positive_harmless,False,False,False,True,True,False,False,True,False,False,False,True,False,True,True,True,True,True,True,primitive_positive_cap_verified
rawr2q_00243,cand_00243,244,7108399,7108398,1,7108399,14.776787600614824,positive,0.0593666951834059,0.0646375517059872,248.90702699491365,16.088740827367282,,False,,,,,,,,,,,,-0.0593666951834059,,False,False,,False,True,False,,True,False,False,positive_harmless,False,False,False,True,False,False,True,True,False,False,False,True,True,True,False,True,True,True,False,structural_positive_cap_missing_primitives
rawr2q_00244,cand_00244,245,7114351,7114350,1,7114351,14.77762456960429,positive,0.0593637590199632,0.0631548657549673,248.93343705938096,15.721357799407809,,False,,,,,,,,,,,,-0.0593637590199632,,False,False,,False,True,False,,True,False,False,positive_harmless,False,False,False,True,False,False,True,True,False,False,False,True,True,True,False,True,True,True,False,structural_positive_cap_missing_primitives
rawr2q_00245,cand_00245,246,12808387,12808371,16,12808469,49.4624408087016,positive,0.0461690329162983,0.0624388750646292,1071.3336988967037,66.89287097793836,-62.0306187855017,True,0.0579003711442876,0.0579003711442876,0.0579003711442876,12.237202579598716,0.011422400501544,0.011422400501544,0.0693227716458317,-0.0068838965812025,0.0068838965812025,0.1102501698513487,,-0.0461690329162983,0.0,False,False,1.0,False,True,True,1.0,False,True,True,positive_harmless,False,False,False,True,True,False,False,True,False,False,False,True,False,True,True,True,True,True,True,primitive_positive_cap_verified
rawr2q_00246,cand_00246,247,30364069,30364068,1,30364069,16.22877052654409,positive,0.0546735213379358,0.0580503951554774,296.8305338563143,17.231129784570356,,False,,,,,,,,,,,,-0.0546735213379358,,False,False,,False,True,False,,True,False,False,positive_harmless,False,False,False,True,False,False,True,True,False,False,False,True,True,True,False,True,True,True,False,structural_positive_cap_missing_primitives
rawr2q_00247,cand_00247,248,22048823,22048822,1,22048823,15.90876977974763,positive,0.0556432611084996,0.0588375187079942,285.9064954645067,16.822028775629974,,False,,,,,,,,,,,,-0.0556432611084996,,False,False,,False,True,False,,True,False,False,positive_harmless,False,False,False,True,False,False,True,True,False,False,False,True,True,True,False,True,True,True,False,structural_positive_cap_missing_primitives
rawr2q_00248,cand_00248,249,1197167,1197166,1,1197167,12.99546849026404,positive,0.066346353591798,0.0733451964419051,195.8731382619736,14.36635380351689,,False,,,,,,,,,,,,-0.066346353591798,,False,False,,False,True,False,,True,False,False,positive_harmless,False,False,False,True,False,False,True,True,False,False,False,True,True,True,False,True,True,True,False,structural_positive_cap_missing_primitives
rawr2q_00249,cand_00249,250,12777763,12777762,1,12777763,15.363216952468896,positive,0.0573779181230985,0.0613798520197853,267.75486903356546,16.43475423885724,,False,,,,,,,,,,,,-0.0573779181230985,,False,False,,False,True,False,,True,False,False,positive_harmless,False,False,False,True,False,False,True,True,False,False,False,True,True,True,False,True,True,True,False,structural_positive_cap_missing_primitives
rawr2q_00250,cand_00250,251,12802759,12802758,1,12802759,15.365171252537955,positive,0.0573715120978332,0.0619768263150305,267.8188301248947,16.59856111854526,,False,,,,,,,,,,,,-0.0573715120978332,,False,False,,False,True,False,,True,False,False,positive_harmless,False,False,False,True,False,False,True,True,False,False,False,True,True,True,False,True,True,True,False,structural_positive_cap_missing_primitives
rawr2q_00251,cand_00251,252,39640132,39639838,294,39640253,38.41162530909082,positive,0.0073188604745127,0.0623250464295579,5248.306815364988,327.10096594418803,-272.11499404329606,True,0.0518481490538338,0.0518481490538338,0.0518481490538338,38.78742235319578,0.0073904639568024,0.0073904639568024,0.0592386130106363,0.0030864334189215,0.0030864334189215,0.0495215582776973,,-0.0073188604745127,0.0,False,False,1.0,False,True,True,1.0,False,True,True,positive_harmless,False,False,False,True,True,False,False,True,False,False,False,True,False,True,True,True,True,True,True,primitive_positive_cap_verified
rawr2q_00252,cand_00252,253,153059,153058,1,153059,10.938578746956969,positive,0.0767459808386534,0.0867976721097067,142.52966249729263,12.371242911347164,,False,,,,,,,,,,,,-0.0767459808386534,,False,False,,False,True,False,,True,False,False,positive_harmless,False,False,False,True,False,False,True,True,False,False,False,True,True,True,False,True,True,True,False,structural_positive_cap_missing_primitives
rawr2q_00253,cand_00253,254,109611739,109611738,1,109611739,17.51245503440681,positive,0.0510997764116622,0.0542307354806207,342.7109914009339,18.58546912096532,,False,,,,,,,,,,,,-0.0510997764116622,,False,False,,False,True,False,,True,False,False,positive_harmless,False,False,False,True,False,False,True,True,False,False,False,True,True,True,False,True,True,True,False,structural_positive_cap_missing_primitives
rawr2q_00254,cand_00254,255,33472333,33472329,4,33472553,30.652459490191177,positive,0.0510536577711306,0.0583129230101737,600.3969319417552,35.010900067864064,,False,,,,,,,,,,,,-0.0510536577711306,,False,False,,False,True,False,,True,False,False,positive_harmless,False,False,False,True,False,False,True,True,False,False,False,True,True,True,False,True,True,True,False,structural_positive_cap_missing_primitives
rawr2q_00255,cand_00255,256,33913801,33913800,1,33913801,16.339332598648777,positive,0.0543462470661212,0.0584800149533509,300.65245496656416,17.58216006220633,,False,,,,,,,,,,,,-0.0543462470661212,,False,False,,False,True,False,,True,False,False,positive_harmless,False,False,False,True,False,False,True,True,False,False,False,True,True,True,False,True,True,True,False,structural_positive_cap_missing_primitives
rawr2q_00256,cand_00256,257,7103077,7103076,1,7103077,14.776038628411124,positive,0.0593693228910712,0.0630835742905236,248.88339480512,15.700454125866498,,False,,,,,,,,,,,,-0.0593693228910712,,False,False,,False,True,False,,True,False,False,positive_harmless,False,False,False,True,False,False,True,True,False,False,False,True,True,True,False,True,True,True,False,structural_positive_cap_missing_primitives
rawr2q_00257,cand_00257,258,179145961,179143998,1963,179145961,-157.64794417599842,negative,-0.0098526103236026,0.0992292790633997,16000.6271432801,1587.730695989949,-1402.1072909315062,True,0.0876282709656389,0.0876282709656389,0.0876282709656389,102.51773509538543,0.0064071073075682,0.0064071073075682,0.0940353782732072,0.0051939007901924,0.0051939007901924,0.05234242190628,10.071369495420784,0.0098526103236026,1.0,False,True,1.0,False,False,True,1.0,False,True,True,negative_transferred_repaid,False,False,False,True,True,False,False,False,True,False,False,False,False,True,True,True,True,True,True,primitive_full_verified
rawr2q_00258,cand_00258,259,1512751,1512750,1,1512751,13.22944040553211,positive,0.0653379993168888,0.0718102487098728,202.4769742545898,14.539921879244607,,False,,,,,,,,,,,,-0.0653379993168888,,False,False,,False,True,False,,True,False,False,positive_harmless,False,False,False,True,False,False,True,True,False,False,False,True,True,True,False,True,True,True,False,structural_positive_cap_missing_primitives
rawr2q_00259,cand_00259,260,108586733,108586732,1,108586733,17.503059794097258,positive,0.0511242408134253,0.0543474529340776,342.3632217439384,18.606569080087866,,False,,,,,,,,,,,,-0.0511242408134253,,False,False,,False,True,False,,True,False,False,positive_harmless,False,False,False,True,False,False,True,True,False,False,False,True,True,True,False,True,True,True,False,structural_positive_cap_missing_primitives
rawr2q_00260,cand_00260,261,3284137,3284136,1,3284137,14.004614466102092,positive,0.0622044530282987,0.0686459109048948,225.13845527636016,15.454834342166665,,False,,,,,,,,,,,,-0.0622044530282987,,False,False,,False,True,False,,True,False,False,positive_harmless,False,False,False,True,False,False,True,True,False,False,False,True,True,True,False,True,True,True,False,structural_positive_cap_missing_primitives
rawr2q_00261,cand_00261,262,7118317,7118316,1,7118317,14.77818187904236,positive,0.0593618040879245,0.0645287401420676,248.95102340814063,16.064495897605696,,False,,,,,,,,,,,,-0.0593618040879245,,False,False,,False,True,False,,True,False,False,positive_harmless,False,False,False,True,False,False,True,True,False,False,False,True,True,True,False,True,True,True,False,structural_positive_cap_missing_primitives
rawr2q_00262,cand_00262,263,39693439,39693438,1,39693439,16.496696467516113,positive,0.0538871069476497,0.0588645021490785,306.13438727639084,18.02044829773794,,False,,,,,,,,,,,,-0.0538871069476497,,False,False,,False,True,False,,True,False,False,positive_harmless,False,False,False,True,False,False,True,True,False,False,False,True,True,True,False,True,True,True,False,structural_positive_cap_missing_primitives
rawr2q_00263,cand_00263,264,31039823,31039822,1,31039823,16.250781550943447,positive,0.0546080540824504,0.0576298658887291,297.5894641183708,17.15004090704047,,False,,,,,,,,,,,,-0.0546080540824504,,False,False,,False,True,False,,True,False,False,positive_harmless,False,False,False,True,False,False,True,True,False,False,False,True,True,True,False,True,True,True,False,structural_positive_cap_missing_primitives
rawr2q_00264,cand_00264,265,33881387,33881386,1,33881387,16.338376365517014,positive,0.0543490608809207,0.0586131860322688,300.619294992319,17.620254662274288,,False,,,,,,,,,,,,-0.0543490608809207,,False,False,,False,True,False,,True,False,False,positive_harmless,False,False,False,True,False,False,True,True,False,False,False,True,True,True,False,True,True,True,False,structural_positive_cap_missing_primitives
rawr2q_00265,cand_00265,266,40875397,40875396,1,40875397,16.526038899672752,positive,0.0538023478613534,0.0570659692284134,307.1620395128425,17.528499494976572,,False,,,,,,,,,,,,-0.0538023478613534,,False,False,,False,True,False,,True,False,False,positive_harmless,False,False,False,True,False,False,True,True,False,False,False,True,True,True,False,True,True,True,False,structural_positive_cap_missing_primitives
rawr2q_00266,cand_00266,267,359207,359206,1,359207,11.791654102970854,positive,0.0720644898643484,0.0800494306768673,163.6264146900511,13.098201339635589,,False,,,,,,,,,,,,-0.0720644898643484,,False,False,,False,True,False,,True,False,False,positive_harmless,False,False,False,True,False,False,True,True,False,False,False,True,True,True,False,True,True,True,False,structural_positive_cap_missing_primitives
rawr2q_00267,cand_00267,268,30796769,30796057,712,30796769,-22.283667759237915,negative,-0.0028088272785246,0.0776137683916326,7933.441806696943,615.7443149334719,-543.5274568098926,True,0.0685109275461097,0.0685109275461097,0.0685109275461097,38.46280050324822,0.0048481858744813,0.0048481858744813,0.0733591134205911,0.0042546549710414,0.0042546549710414,0.0548183016906586,27.63209008437172,0.0028088272785246,1.0,False,True,1.0,False,False,True,1.0,False,True,True,negative_transferred_repaid,False,False,False,True,True,False,False,False,True,False,False,False,False,True,True,True,True,True,True,primitive_full_verified
rawr2q_00268,cand_00268,269,178899467,178898710,757,178899467,-129.92303273409152,negative,-0.0130774867639048,0.0645219433395106,9934.862491521832,641.0166347638009,-471.67007232254673,True,0.0474762557332885,0.0474762557332885,0.0474762557332885,32.488366979192506,0.003270137559218,0.003270137559218,0.0507463932925066,0.0137755500470039,0.0137755500470039,0.2135017845714572,4.933818286675503,0.0130774867639048,1.0,False,True,1.0,False,False,True,1.0,False,True,True,negative_transferred_repaid,False,False,False,True,True,False,False,False,True,False,False,False,False,True,True,True,True,True,True,primitive_full_verified
rawr2q_00269,cand_00269,270,17643289,17643288,1,17643289,15.685866042410211,positive,0.0563392415972818,0.0599602263937145,278.4181255852582,16.694013842205717,,False,,,,,,,,,,,,-0.0563392415972818,,False,False,,False,True,False,,True,False,False,positive_harmless,False,False,False,True,False,False,True,True,False,False,False,True,True,True,False,True,True,True,False,structural_positive_cap_missing_primitives
rawr2q_00270,cand_00270,271,187425023,187423758,1265,187425023,-64.92019598792695,negative,-0.0050303156408324,0.0855229588678136,12905.789740300212,1103.741325116346,-940.1718167404042,True,0.0728488403777864,0.0728488403777864,0.0728488403777864,104.27347431840008,0.0080795888060062,0.0080795888060062,0.0809284291837927,0.0045945296840208,0.0045945296840208,0.0537227633941232,17.001509442787352,0.0050303156408324,1.0,False,True,1.0,False,False,True,1.0,False,True,True,negative_transferred_repaid,False,False,False,True,True,False,False,False,True,False,False,False,False,True,True,True,True,True,True,primitive_full_verified
rawr2q_00271,cand_00271,272,39650965,39650618,347,39651113,55.3992965006438,positive,0.0097158401781245,0.0666565964958798,5701.956339851794,380.07300298262464,-331.103306085764,True,0.0580683692317381,0.0580683692317381,0.0580683692317381,39.8658336198373,0.0069916062564718,0.0069916062564718,0.06505997548821,0.0015966210076697,0.0015966210076697,0.0239529332669794,,-0.0097158401781245,0.0,False,False,1.0,False,True,True,1.0,False,True,True,positive_harmless,False,False,False,True,True,False,False,True,False,False,False,True,False,True,True,True,True,True,True,primitive_positive_cap_verified
rawr2q_00272,cand_00272,273,30401963,30401962,1,30401963,16.230017736660166,positive,0.0546698075916202,0.0584108084726998,296.8735112056239,17.340621803649597,,False,,,,,,,,,,,,-0.0546698075916202,,False,False,,False,True,False,,True,False,False,positive_harmless,False,False,False,True,False,False,True,True,False,False,False,True,True,True,False,True,True,True,False,structural_positive_cap_missing_primitives
rawr2q_00273,cand_00273,274,109547591,109546815,776,109547591,-109.57283284869368,negative,-0.0114781385538139,0.0689354203592449,9546.219740681328,658.072670665589,-506.9791800952535,True,0.0531078472806105,0.0531078472806105,0.0531078472806105,65.83835952501795,0.0068967990800009,0.0068967990800009,0.0600046463606114,0.0089307739986334,0.0089307739986334,0.1295527604255147,6.005801379383016,0.0114781385538139,1.0,False,True,1.0,False,False,True,1.0,False,True,True,negative_transferred_repaid,False,False,False,True,True,False,False,False,True,False,False,False,False,True,True,True,True,True,True,primitive_full_verified
rawr2q_00274,cand_00274,275,109494199,109492961,1238,109494199,-108.80604725032116,negative,-0.009024331057296,0.0837417020986148,12056.965392726095,1009.6708041309768,-875.2634479402586,True,0.0725940084781449,0.0725940084781449,0.0725940084781449,63.03396525341213,0.0052280124558904,0.0052280124558904,0.0778220209340354,0.0059196811645793,0.0059196811645793,0.0706897640748729,9.279546768279433,0.009024331057296,1.0,False,True,1.0,False,False,True,1.0,False,True,True,negative_transferred_repaid,False,False,False,True,True,False,False,False,True,False,False,False,False,True,True,True,True,True,True,primitive_full_verified
rawr2q_00275,cand_00275,276,108562160,108561847,313,108562291,-16.954684245508304,negative,-0.002799245576149,0.0551202378966553,6056.876320523745,333.856463697887,-231.94008344249687,True,0.0382936799710714,0.0382936799710714,0.0382936799710714,55.15381198050545,0.0091059828634137,0.0091059828634137,0.0473996628344851,0.0077205750621701,0.0077205750621701,0.1400678835357251,19.691104762763924,0.002799245576149,1.0,False,True,1.0,False,False,True,1.0,False,True,True,negative_transferred_repaid,False,False,False,True,True,False,False,False,True,False,False,False,False,True,True,True,True,True,True,primitive_full_verified
rawr2q_00276,cand_00276,277,7103683,7103682,1,7103683,14.776123939910772,positive,0.0593690235709812,0.0630902209402763,248.88608656742576,15.702278190499626,,False,,,,,,,,,,,,-0.0593690235709812,,False,False,,False,True,False,,True,False,False,positive_harmless,False,False,False,True,False,False,True,True,False,False,False,True,True,True,False,True,True,True,False,structural_positive_cap_missing_primitives
rawr2q_00277,cand_00277,278,30401417,30401416,1,30401417,16.229999777132257,positive,0.0546698610651157,0.0591615064749945,296.8728923199776,17.5634475412387,,False,,,,,,,,,,,,-0.0546698610651157,,False,False,,False,True,False,,True,False,False,positive_harmless,False,False,False,True,False,False,True,True,False,False,False,True,True,True,False,True,True,True,False,structural_positive_cap_missing_primitives
rawr2q_00278,cand_00278,279,40863643,40862800,843,40863643,-1.7644553033559305,negative,-0.0001978534306196,0.0829200752976066,8917.99195914986,739.4805647561566,-667.9906081991116,True,0.0749037015573616,0.0749037015573616,0.0749037015573616,49.00231330771112,0.0054947698464153,0.0054947698464153,0.0803984714037769,0.0025216038938296,0.0025216038938296,0.0304100531117395,419.0984964876646,0.0001978534306196,1.0,False,True,1.0,False,False,True,1.0,False,True,True,negative_transferred_repaid,False,False,False,True,True,False,False,False,True,False,False,False,False,True,True,True,True,True,True,primitive_full_verified
rawr2q_00279,cand_00279,280,33913261,33913260,1,33913261,16.339316675800756,positive,0.0543462939183715,0.058191274874661,300.65190278370216,17.49531751647627,,False,,,,,,,,,,,,-0.0543462939183715,,False,False,,False,True,False,,True,False,False,positive_harmless,False,False,False,True,False,False,True,True,False,False,False,True,True,True,False,True,True,True,False,structural_positive_cap_missing_primitives
rawr2q_00280,cand_00280,281,108810601,108810600,1,108810601,17.505119323301336,positive,0.0511188759785136,0.0544870044829864,342.4394411696205,18.65849936616047,,False,,,,,,,,,,,,-0.0511188759785136,,False,False,,False,True,False,,True,False,False,positive_harmless,False,False,False,True,False,False,True,True,False,False,False,True,True,True,False,True,True,True,False,structural_positive_cap_missing_primitives
rawr2q_00281,cand_00281,282,1512877,1512876,1,1512877,13.229523694026316,positive,0.0653376457872757,0.0708017239099497,202.47934455885635,14.33588665092372,,False,,,,,,,,,,,,-0.0653376457872757,,False,False,,False,True,False,,True,False,False,positive_harmless,False,False,False,True,False,False,True,True,False,False,False,True,True,True,False,True,True,True,False,structural_positive_cap_missing_primitives
rawr2q_00282,cand_00282,283,17591999,17591998,1,17591999,15.682954754372712,positive,0.0563484462858778,0.0606328476734683,278.32097933644707,16.875393544437312,,False,,,,,,,,,,,,-0.0563484462858778,,False,False,,False,True,False,,True,False,False,positive_harmless,False,False,False,True,False,False,True,True,False,False,False,True,True,True,False,True,True,True,False,structural_positive_cap_missing_primitives
rawr2q_00283,cand_00283,284,30400757,30400756,1,30400757,16.229978067382206,positive,0.0546699257048282,0.0592359497084479,296.8721442024719,17.585503403816716,,False,,,,,,,,,,,,-0.0546699257048282,,False,False,,False,True,False,,True,False,False,positive_harmless,False,False,False,True,False,False,True,True,False,False,False,True,True,True,False,True,True,True,False,structural_positive_cap_missing_primitives
rawr2q_00284,cand_00284,285,187503637,187502433,1204,187503637,-118.1895832631717,negative,-0.0093865827643123,0.0793621467961531,12591.33235500006,999.2751667166668,-838.3759977755972,True,0.0665835810014716,0.0665835810014716,0.0665835810014716,66.23191285530265,0.0052601195003006,0.0052601195003006,0.0718437005017723,0.0075184462943807,0.0075184462943807,0.0947359238364908,8.454849734866986,0.0093865827643123,1.0,False,True,1.0,False,False,True,1.0,False,True,True,negative_transferred_repaid,False,False,False,True,True,False,False,False,True,False,False,False,False,True,True,True,True,True,True,primitive_full_verified
rawr2q_00285,cand_00285,286,1188899,1188898,1,1188899,12.988538226732649,positive,0.0663766926301531,0.0732650773543473,195.6792017207605,14.33645185070845,,False,,,,,,,,,,,,-0.0663766926301531,,False,False,,False,True,False,,True,False,False,positive_harmless,False,False,False,True,False,False,True,True,False,False,False,True,True,True,False,True,True,True,False,structural_positive_cap_missing_primitives
rawr2q_00286,cand_00286,287,108554851,108554850,1,108554851,17.50276614237342,positive,0.0511250058335253,0.0546923953449301,342.3523549193602,18.724070342517475,,False,,,,,,,,,,,,-0.0511250058335253,,False,False,,False,True,False,,True,False,False,positive_harmless,False,False,False,True,False,False,True,True,False,False,False,True,True,True,False,True,True,True,False,structural_positive_cap_missing_primitives
rawr2q_00287,cand_00287,288,108533473,108533470,3,108533687,34.005138362130026,positive,0.0573481948942701,0.06296609300304,592.9591755211038,37.33632259286775,,False,,,,,,,,,,,,-0.0573481948942701,,False,False,,False,True,False,,True,False,False,positive_harmless,False,False,False,True,False,False,True,True,False,False,False,True,True,True,False,True,True,True,False,structural_positive_cap_missing_primitives
rawr2q_00288,cand_00288,289,187420763,187420762,1,187420763,18.04886671672199,positive,0.049740672385038,0.0528698455510337,362.8593231914388,19.184316373883988,,False,,,,,,,,,,,,-0.049740672385038,,False,False,,False,True,False,,True,False,False,positive_harmless,False,False,False,True,False,False,True,True,False,False,False,True,True,True,False,True,True,True,False,structural_positive_cap_missing_primitives
rawr2q_00289,cand_00289,290,1200061,1200060,1,1200061,12.997882946799592,positive,0.0663357901459158,0.0734962713434768,195.94072699230284,14.4009128382644,,False,,,,,,,,,,,,-0.0663357901459158,,False,False,,False,True,False,,True,False,False,positive_harmless,False,False,False,True,False,False,True,True,False,False,False,True,True,True,False,True,True,True,False,structural_positive_cap_missing_primitives
rawr2q_00290,cand_00290,291,22052747,22052746,1,22052747,15.908947732596488,positive,0.0556427123181621,0.0591697378973292,285.9125134236799,16.917368480845756,,False,,,,,,,,,,,,-0.0556427123181621,,False,False,,False,True,False,,True,False,False,positive_harmless,False,False,False,True,False,False,True,True,False,False,False,True,True,True,False,True,True,True,False,structural_positive_cap_missing_primitives
rawr2q_00291,cand_00291,292,1196119,1196118,1,1196119,12.994592706870844,positive,0.0663501860419012,0.072507583675384,195.8486250312026,14.200510567158828,,False,,,,,,,,,,,,-0.0663501860419012,,False,False,,False,True,False,,True,False,False,positive_harmless,False,False,False,True,False,False,True,True,False,False,False,True,True,True,False,True,True,True,False,structural_positive_cap_missing_primitives
rawr2q_00292,cand_00292,293,179406523,179405418,1105,179406523,-97.72642586632604,negative,-0.008139310078765,0.0771394318911972,12006.721075940846,926.1916426741408,-780.0027880678463,True,0.0649638467600302,0.0649638467600302,0.0649638467600302,46.99328283814975,0.0039139147599851,0.0039139147599851,0.0688777615200153,0.0082616703711818,0.0082616703711818,0.1071004824463142,9.47739195886506,0.008139310078765,1.0,False,True,1.0,False,False,True,1.0,False,True,True,negative_transferred_repaid,False,False,False,True,True,False,False,False,True,False,False,False,False,True,True,True,True,True,True,primitive_full_verified
rawr2q_00293,cand_00293,294,40836767,40836766,1,40836767,16.525093385541517,positive,0.053805074950289,0.0575917731273201,307.12889817195105,17.688097824362803,,False,,,,,,,,,,,,-0.053805074950289,,False,False,,False,True,False,,True,False,False,positive_harmless,False,False,False,True,False,False,True,True,False,False,False,True,True,True,False,True,True,True,False,structural_positive_cap_missing_primitives
rawr2q_00294,cand_00294,295,30775879,30775878,1,30775879,16.242241791771498,positive,0.0546334352933119,0.0597981788803012,297.2949020059116,17.777693730351118,,False,,,,,,,,,,,,-0.0546334352933119,,False,False,,False,True,False,,True,False,False,positive_harmless,False,False,False,True,False,False,True,True,False,False,False,True,True,True,False,True,True,True,False,structural_positive_cap_missing_primitives
rawr2q_00295,cand_00295,296,12422077,12422076,1,12422077,15.334985850761935,positive,0.0574706162903115,0.0608018746772307,266.83176274459265,16.223871398301277,,False,,,,,,,,,,,,-0.0574706162903115,,False,False,,False,True,False,,True,False,False,positive_harmless,False,False,False,True,False,False,True,True,False,False,False,True,True,True,False,True,True,True,False,structural_positive_cap_missing_primitives
rawr2q_00296,cand_00296,297,604724143,604718720,5423,604724143,-287.04929571977755,negative,-0.0095337163462282,0.1444593757832343,30108.856325827302,4349.506590376098,-4021.722906728215,True,0.1335727555775139,0.1335727555775139,0.1335727555775139,150.73391696427095,0.0050062983240905,0.0050062983240905,0.1385790539016044,0.0058803218816298,0.0058803218816298,0.04070571293658,15.15247260743033,0.0095337163462282,1.0,False,True,1.0,False,False,True,1.0,False,True,True,negative_transferred_repaid,False,False,True,False,True,False,False,False,True,False,False,False,False,True,True,True,True,True,True,primitive_full_verified
rawr2q_00297,cand_00297,298,30423259,30423255,4,30423359,30.46143587930456,positive,0.0512995389049249,0.0588683256744303,593.7955102434684,34.95574748102701,,False,,,,,,,,,,,,-0.0512995389049249,,False,False,,False,True,False,,True,False,False,positive_harmless,False,False,False,True,False,False,True,True,False,False,False,True,True,True,False,True,True,True,False,structural_positive_cap_missing_primitives
rawr2q_00298,cand_00298,299,39651863,39651244,619,39651863,-24.148225995829307,negative,-0.0031708800815248,0.0700647985436921,7615.622595294372,533.5870629240898,-467.65545386830127,True,0.0614073830493204,0.0614073830493204,0.0614073830493204,43.71997974397391,0.0057408280408995,0.0057408280408995,0.0671482110902199,0.0029165874534721,0.0029165874534721,0.0416270012059392,22.09632554442081,0.0031708800815248,1.0,False,True,1.0,False,False,True,1.0,False,True,True,negative_transferred_repaid,False,False,False,True,True,False,False,False,True,False,False,False,False,True,True,True,True,True,True,primitive_full_verified
rawr2q_00299,cand_00299,300,108555463,108555462,1,108555463,17.50277178006044,positive,0.0511249911460346,0.0542277324548623,342.35256354500103,18.56500322115456,,False,,,,,,,,,,,,-0.0511249911460346,,False,False,,False,True,False,,True,False,False,positive_harmless,False,False,False,True,False,False,True,True,False,False,False,True,True,True,False,True,True,True,False,structural_positive_cap_missing_primitives
rawr2q_00300,cand_00300,301,604360789,604358714,2075,604360789,-235.00910780034724,negative,-0.0126190599896788,0.0905498237696835,18623.34500292116,1686.3406080165262,-1413.9698777417052,True,0.0759245923608201,0.0759245923608201,0.0759245923608201,75.26014542829944,0.0040411722714955,0.0040411722714955,0.0799657646323156,0.0105840591373678,0.0105840591373678,0.1168865790869871,7.17563937755622,0.0126190599896788,1.0,False,True,1.0,False,False,True,1.0,False,True,True,negative_transferred_repaid,False,False,True,False,True,False,False,False,True,False,False,False,False,True,True,True,True,True,True,primitive_full_verified
rawr2q_00301,cand_00301,302,30848879,30848878,1,30848879,16.24461097054039,positive,0.0546263914492982,0.0591459350334649,297.37660752528194,17.588617509162514,,False,,,,,,,,,,,,-0.0546263914492982,,False,False,,False,True,False,,True,False,False,positive_harmless,False,False,False,True,False,False,True,True,False,False,False,True,True,True,False,True,True,True,False,structural_positive_cap_missing_primitives
rawr2q_00302,cand_00302,303,155849,155848,1,155849,10.956642868748848,positive,0.0766406167450937,0.0823330539773264,142.96130869080267,11.770441145109078,,False,,,,,,,,,,,,-0.0766406167450937,,False,False,,False,True,False,,True,False,False,positive_harmless,False,False,False,True,False,False,True,True,False,False,False,True,True,True,False,True,True,True,False,structural_positive_cap_missing_primitives
rawr2q_00303,cand_00303,304,604870961,604869251,1710,604870961,-193.460685806944,negative,-0.0114422065414256,0.084228112951883,16907.637972320623,1424.098440882167,-1165.450258677953,True,0.0689304006027278,0.0689304006027278,0.0689304006027278,109.0429826870186,0.0064493327137434,0.0064493327137434,0.0753797333164712,0.0088483796354117,0.0088483796354117,0.1050525688550869,7.361177465809703,0.0114422065414256,1.0,False,True,1.0,False,False,True,1.0,False,True,True,negative_transferred_repaid,False,False,True,False,True,False,False,False,True,False,False,False,False,True,True,True,True,True,True,primitive_full_verified
rawr2q_00304,cand_00304,305,30386689,30386676,13,30386821,55.9180601763964,positive,0.0522437191890102,0.0656901337841472,1070.3307697924963,70.31017146095834,-66.33657441749074,True,0.0619776393332608,0.0619776393332608,0.0619776393332608,18.503889971281296,0.0172880108593613,0.0172880108593613,0.0792656501926221,-0.0135755164084749,0.0135755164084749,0.2066598989291619,,-0.0522437191890102,0.0,False,False,1.0,False,True,True,1.0,False,True,True,positive_harmless,False,False,False,True,True,False,False,True,False,False,False,True,False,True,True,True,True,True,True,primitive_positive_cap_verified
rawr2q_00305,cand_00305,306,17997751,17997750,1,17997751,15.705757363609788,positive,0.0562764307389862,0.0614815788836374,279.08232909180265,17.158422231086917,,False,,,,,,,,,,,,-0.0562764307389862,,False,False,,False,True,False,,True,False,False,positive_harmless,False,False,False,True,False,False,True,True,False,False,False,True,True,True,False,True,True,True,False,structural_positive_cap_missing_primitives
rawr2q_00306,cand_00306,307,17642591,17642590,1,17642591,15.68582647984297,positive,0.056339366663129,0.0615114980157123,278.4168053154288,17.125834767700955,,False,,,,,,,,,,,,-0.056339366663129,,False,False,,False,True,False,,True,False,False,positive_harmless,False,False,False,True,False,False,True,True,False,False,False,True,True,True,False,True,True,True,False,structural_positive_cap_missing_primitives
rawr2q_00307,cand_00307,308,2275513,2275512,1,2275513,13.637716079452618,positive,0.0636495014821801,0.0691152327817433,214.2627320226657,14.808818600198824,,False,,,,,,,,,,,,-0.0636495014821801,,False,False,,False,True,False,,True,False,False,positive_harmless,False,False,False,True,False,False,True,True,False,False,False,True,True,True,False,True,True,True,False,structural_positive_cap_missing_primitives
rawr2q_00308,cand_00308,309,108834839,108833866,973,108834839,-84.74379677806667,negative,-0.0079333618545738,0.0759633517847871,10681.952787670814,811.4369373583253,-688.3129050843572,True,0.0644369918839945,0.0644369918839945,0.0644369918839945,36.02372435990856,0.0033723912730158,0.0033723912730158,0.0678093831570104,0.0081539686277766,0.0081539686277766,0.1073408220700661,9.575177985987295,0.0079333618545738,1.0,False,True,1.0,False,False,True,1.0,False,True,True,negative_transferred_repaid,False,False,False,True,True,False,False,False,True,False,False,False,False,True,True,True,True,True,True,primitive_full_verified
rawr2q_00309,cand_00309,310,3459473,3459472,1,3459473,14.056626823294508,positive,0.0620048615490405,0.0675533283624984,226.70201129595165,15.314475409514245,,False,,,,,,,,,,,,-0.0620048615490405,,False,False,,False,True,False,,True,False,False,positive_harmless,False,False,False,True,False,False,True,True,False,False,False,True,True,True,False,True,True,True,False,structural_positive_cap_missing_primitives
rawr2q_00310,cand_00310,311,1516759,1516758,1,1516759,13.232086379526844,positive,0.0653267699687681,0.0704701582316363,202.55228271431352,14.273891413056804,,False,,,,,,,,,,,,-0.0653267699687681,,False,False,,False,True,False,,True,False,False,positive_harmless,False,False,False,True,False,False,True,True,False,False,False,True,True,True,False,True,True,True,False,structural_positive_cap_missing_primitives
rawr2q_00311,cand_00311,312,12785933,12785932,1,12785933,15.363856140188712,positive,0.0573758227648104,0.0626516042594357,267.77578777679184,16.7765826860502,,False,,,,,,,,,,,,-0.0573758227648104,,False,False,,False,True,False,,True,False,False,positive_harmless,False,False,False,True,False,False,True,True,False,False,False,True,True,True,False,True,True,True,False,structural_positive_cap_missing_primitives
rawr2q_00312,cand_00312,313,33868273,33868272,1,33868273,16.33798923441809,positive,0.0543502001366919,0.0584495095176475,300.6058706927976,17.570265700119386,,False,,,,,,,,,,,,-0.0543502001366919,,False,False,,False,True,False,,True,False,False,positive_harmless,False,False,False,True,False,False,True,True,False,False,False,True,True,True,False,True,True,True,False,structural_positive_cap_missing_primitives
rawr2q_00313,cand_00313,314,30402367,30402366,1,30402367,16.23003102518748,positive,0.0546697680258361,0.0585071691732537,296.8739691289231,17.369255534961198,,False,,,,,,,,,,,,-0.0546697680258361,,False,False,,False,True,False,,True,False,False,positive_harmless,False,False,False,True,False,False,True,True,False,False,False,True,True,True,False,True,True,True,False,structural_positive_cap_missing_primitives
rawr2q_00314,cand_00314,315,33926353,33926350,3,33926539,31.67940523101436,positive,0.0608321023847929,0.0662381750517639,520.7678838818778,34.49471425390448,,False,,,,,,,,,,,,-0.0608321023847929,,False,False,,False,True,False,,True,False,False,positive_harmless,False,False,False,True,False,False,True,True,False,False,False,True,True,True,False,True,True,True,False,structural_positive_cap_missing_primitives
rawr2q_00315,cand_00315,316,604434563,604433380,1183,604434563,-212.4494583474634,negative,-0.0151080834195919,0.0706267903397897,14061.97281595378,993.15200583619,-727.5709528394036,True,0.0517403185429252,0.0517403185429252,0.0517403185429252,50.88383174985756,0.0036185414675334,0.0036185414675334,0.0553588600104587,0.0152679303293309,0.0152679303293309,0.2161776042189667,4.674768359314331,0.0151080834195919,1.0,False,True,1.0,False,False,True,1.0,False,True,True,negative_transferred_repaid,False,False,True,False,True,False,False,False,True,False,False,False,False,True,True,True,True,True,True,primitive_full_verified
rawr2q_00316,cand_00316,317,12783493,12783492,1,12783493,15.36366528725307,positive,0.0573764483949254,0.0614653493746613,267.7695416332511,16.45854842838069,,False,,,,,,,,,,,,-0.0573764483949254,,False,False,,False,True,False,,True,False,False,positive_harmless,False,False,False,True,False,False,True,True,False,False,False,True,True,True,False,True,True,True,False,structural_positive_cap_missing_primitives
rawr2q_00317,cand_00317,318,30820421,30820420,1,30820421,16.24368804772401,positive,0.0546291351911239,0.0586821462517961,297.3447774872199,17.44882971971281,,False,,,,,,,,,,,,-0.0546291351911239,,False,False,,False,True,False,,True,False,False,positive_harmless,False,False,False,True,False,False,True,True,False,False,False,True,True,True,False,True,True,True,False,structural_positive_cap_missing_primitives
rawr2q_00318,cand_00318,319,109684921,109684920,1,109684921,17.51312245909733,positive,0.0510980393823076,0.0544238599579058,342.7357031855339,18.652999912743866,,False,,,,,,,,,,,,-0.0510980393823076,,False,False,,False,True,False,,True,False,False,positive_harmless,False,False,False,True,False,False,True,True,False,False,False,True,True,True,False,True,True,True,False,structural_positive_cap_missing_primitives
rawr2q_00319,cand_00319,320,604702619,604700469,2150,604702619,-249.2969172381811,negative,-0.013149969637279,0.0924905344982734,18957.984247465138,1753.434096057898,-1459.161415153525,True,0.076968173203785,0.076968173203785,0.076968173203785,62.01625281546876,0.0032712471962181,0.0032712471962181,0.0802394204000032,0.0122511140982701,0.0122511140982701,0.132458031135055,7.033516962356367,0.013149969637279,1.0,False,True,1.0,False,False,True,1.0,False,True,True,negative_transferred_repaid,False,False,True,False,True,False,False,False,True,False,False,False,False,True,True,True,True,True,True,primitive_full_verified
rawr2q_00320,cand_00320,321,109471009,109470995,14,109471171,60.04468101919571,positive,0.0468319996160824,0.0605347509168848,1282.1293455634543,77.61338057691222,-71.26896250889331,True,0.0555864061262656,0.0555864061262656,0.0555864061262656,13.164333829767202,0.0102675552005105,0.0102675552005105,0.0658539613267761,-0.0053192104098913,0.0053192104098913,0.0878703608972422,,-0.0468319996160824,0.0,False,False,1.0,False,True,True,1.0,False,True,True,positive_harmless,False,False,False,True,True,False,False,True,False,False,False,True,False,True,True,True,True,True,True,primitive_positive_cap_verified
rawr2q_00321,cand_00321,322,39669379,39669378,1,39669379,16.496090138221277,positive,0.0538888612061281,0.0582727770264986,306.1131701247638,17.838064507554996,,False,,,,,,,,,,,,-0.0538888612061281,,False,False,,False,True,False,,True,False,False,positive_harmless,False,False,False,True,False,False,True,True,False,False,False,True,True,True,False,True,True,True,False,structural_positive_cap_missing_primitives
rawr2q_00322,cand_00322,323,179438221,179438217,4,179438351,34.01068305675338,positive,0.0470797305413001,0.0532141645529486,722.4060687203362,38.44223541493266,,False,,,,,,,,,,,,-0.0470797305413001,,False,False,,False,True,False,,True,False,False,positive_harmless,False,False,False,True,False,False,True,True,False,False,False,True,True,True,False,True,True,True,False,structural_positive_cap_missing_primitives
rawr2q_00323,cand_00323,324,109683631,109683630,1,109683631,17.51311069806788,positive,0.0510980699903657,0.055032164231841,342.7352677189154,18.861463541151345,,False,,,,,,,,,,,,-0.0510980699903657,,False,False,,False,True,False,,True,False,False,positive_harmless,False,False,False,True,False,False,True,True,False,False,False,True,True,True,False,True,True,True,False,structural_positive_cap_missing_primitives
rawr2q_00324,cand_00324,325,1190201,1190200,1,1190201,12.989632758387462,positive,0.0663718991999174,0.0715945211420518,195.7098247145476,14.011751183232928,,False,,,,,,,,,,,,-0.0663718991999174,,False,False,,False,True,False,,True,False,False,positive_harmless,False,False,False,True,False,False,True,True,False,False,False,True,True,True,False,True,True,True,False,structural_positive_cap_missing_primitives
rawr2q_00325,cand_00325,326,187501387,187501386,1,187501387,18.04929680068071,positive,0.0497396115884831,0.0525393820764277,362.8757086004244,19.06526550041214,,False,,,,,,,,,,,,-0.0497396115884831,,False,False,,False,True,False,,True,False,False,positive_harmless,False,False,False,True,False,False,True,True,False,False,False,True,True,True,False,True,True,True,False,structural_positive_cap_missing_primitives
rawr2q_00326,cand_00326,327,109497079,109497076,3,109497203,34.02281684386655,positive,0.0573232309088009,0.0638594994842023,593.5258062825443,37.90226092016089,,False,,,,,,,,,,,,-0.0573232309088009,,False,False,,False,True,False,,True,False,False,positive_harmless,False,False,False,True,False,False,True,True,False,False,False,True,True,True,False,True,True,True,False,structural_positive_cap_missing_primitives
rawr2q_00327,cand_00327,328,33488869,33488866,3,33489013,31.65344728612889,positive,0.0608733598856568,0.0671490711147243,519.9885031085197,34.916744974073026,,False,,,,,,,,,,,,-0.0608733598856568,,False,False,,False,True,False,,True,False,False,positive_harmless,False,False,False,True,False,False,True,True,False,False,False,True,True,True,False,True,True,True,False,structural_positive_cap_missing_primitives
rawr2q_00328,cand_00328,329,109452151,109452148,3,109452269,34.021996050826246,positive,0.0573243900613778,0.0627535154340644,593.4994862465794,37.24417917028401,,False,,,,,,,,,,,,-0.0573243900613778,,False,False,,False,True,False,,True,False,False,positive_harmless,False,False,False,True,False,False,True,True,False,False,False,True,True,True,False,True,True,True,False,structural_positive_cap_missing_primitives
rawr2q_00329,cand_00329,330,187419913,187418830,1083,187419913,-73.41046525155639,negative,-0.006147600946629,0.0766870226372487,11941.319205471427,915.7442162286,-787.0428884391849,True,0.0659092077597731,0.0659092077597731,0.0659092077597731,53.40659667819728,0.0044724201538576,0.0044724201538576,0.0703816279136307,0.006305394723618,0.006305394723618,0.0822224479028779,12.474300674850786,0.006147600946629,1.0,False,True,1.0,False,False,True,1.0,False,True,True,negative_transferred_repaid,False,False,False,True,True,False,False,False,True,False,False,False,False,True,True,True,True,True,True,primitive_full_verified
rawr2q_00330,cand_00330,331,33415939,33415938,1,33415939,16.324543559684656,positive,0.0543897978214996,0.0587411588277256,300.1398095514111,17.63056022338275,,False,,,,,,,,,,,,-0.0543897978214996,,False,False,,False,True,False,,True,False,False,positive_harmless,False,False,False,True,False,False,True,True,False,False,False,True,True,True,False,True,True,True,False,structural_positive_cap_missing_primitives
rawr2q_00331,cand_00331,332,40835099,40835098,1,40835099,16.525052539162417,positive,0.053805192767221,0.0578586384299054,307.12746650040305,17.769977036139704,,False,,,,,,,,,,,,-0.053805192767221,,False,False,,False,True,False,,True,False,False,positive_harmless,False,False,False,True,False,False,True,True,False,False,False,True,True,True,False,True,True,True,False,structural_positive_cap_missing_primitives
rawr2q_00332,cand_00332,333,445001,445000,1,445001,12.005831808336865,positive,0.0709767302044906,0.0776707266078231,169.15166102674692,13.138132418867627,,False,,,,,,,,,,,,-0.0709767302044906,,False,False,,False,True,False,,True,False,False,positive_harmless,False,False,False,True,False,False,True,True,False,False,False,True,True,True,False,True,True,True,False,structural_positive_cap_missing_primitives
rawr2q_00333,cand_00333,334,40836461,40836460,1,40836461,16.525085892265995,positive,0.0538050965637877,0.0572224328808061,307.12863553130063,17.574647732463408,,False,,,,,,,,,,,,-0.0538050965637877,,False,False,,False,True,False,,True,False,False,positive_harmless,False,False,False,True,False,False,True,True,False,False,False,True,True,True,False,True,True,True,False,structural_positive_cap_missing_primitives
rawr2q_00334,cand_00334,335,604685377,604682818,2559,604685377,-132.574005324258,negative,-0.0064099040878485,0.103142612325526,20682.68159824472,2133.265809940045,-1900.7429405446544,True,0.0919002176538831,0.0919002176538831,0.0919002176538831,108.7169427291028,0.0052564239415806,0.0052564239415806,0.0971566415954638,0.0059859707300621,0.0059859707300621,0.0580358650522636,16.09113192833216,0.0064099040878485,1.0,False,True,1.0,False,False,True,1.0,False,True,True,negative_transferred_repaid,False,False,True,False,True,False,False,False,True,False,False,False,False,True,True,True,True,True,True,primitive_full_verified
rawr2q_00335,cand_00335,336,12842771,12842770,1,12842771,15.368291642911316,positive,0.0573612866806101,0.0614933608736022,267.92097130740046,16.475360974212,,False,,,,,,,,,,,,-0.0573612866806101,,False,False,,False,True,False,,True,False,False,positive_harmless,False,False,False,True,False,False,True,True,False,False,False,True,True,True,False,True,True,True,False,structural_positive_cap_missing_primitives
rawr2q_00336,cand_00336,337,3454739,3454738,1,3454739,14.055257469638663,positive,0.0620100999656106,0.0678335682776829,226.6607774771108,15.375209324866285,,False,,,,,,,,,,,,-0.0620100999656106,,False,False,,False,True,False,,True,False,False,positive_harmless,False,False,False,True,False,False,True,True,False,False,False,True,True,True,False,True,True,True,False,structural_positive_cap_missing_primitives
rawr2q_00337,cand_00337,338,108591737,108591025,712,108591737,-45.88831219329336,negative,-0.0050231115142068,0.0670776998596762,9135.435688319378,612.7840131884616,-519.7337882343145,True,0.0568920636044594,0.0568920636044594,0.0568920636044594,43.042973838391845,0.0047116498114509,0.0047116498114509,0.0616037134159103,0.0054739864437658,0.0054739864437658,0.0816066510213861,13.353814596781376,0.0050231115142068,1.0,False,True,1.0,False,False,True,1.0,False,True,True,negative_transferred_repaid,False,False,False,True,True,False,False,False,True,False,False,False,False,True,True,True,True,True,True,primitive_full_verified
rawr2q_00338,cand_00338,339,108529951,108529950,1,108530069,17.50253673893403,positive,0.0511255974816211,0.0549969698681508,342.3439060096253,18.827877483356414,,False,,,,,,,,,,,,-0.0511255974816211,,False,False,,False,True,False,,True,False,False,positive_harmless,False,False,False,True,False,False,True,True,False,False,False,True,True,True,False,True,True,True,False,structural_positive_cap_missing_primitives
rawr2q_00339,cand_00339,340,40882771,40882770,1,40882771,16.526219285319847,positive,0.0538018276172665,0.0576333796617081,307.1683624371173,17.70315085240354,,False,,,,,,,,,,,,-0.0538018276172665,,False,False,,False,True,False,,True,False,False,positive_harmless,False,False,False,True,False,False,True,True,False,False,False,True,True,True,False,True,True,True,False,structural_positive_cap_missing_primitives
rawr2q_00340,cand_00340,341,7102457,7102456,1,7102457,14.775951338485887,positive,0.0593696291556837,0.0646932136535411,248.88064063427467,16.100888458783313,,False,,,,,,,,,,,,-0.0593696291556837,,False,False,,False,True,False,,True,False,False,positive_harmless,False,False,False,True,False,False,True,True,False,False,False,True,True,True,False,True,True,True,False,structural_positive_cap_missing_primitives
rawr2q_00341,cand_00341,342,40863883,40863879,4,40864051,31.05151430036597,positive,0.0505474213053529,0.0574566735917498,614.3046172976117,35.295899881973654,,False,,,,,,,,,,,,-0.0505474213053529,,False,False,,False,True,False,,True,False,False,positive_harmless,False,False,False,True,False,False,True,True,False,False,False,True,True,True,False,True,True,True,False,structural_positive_cap_missing_primitives
rawr2q_00342,cand_00342,343,1518239,1518238,1,1518239,13.233061668549976,positive,0.0653226318701598,0.07170621495335,202.58004446074665,14.526248213361498,,False,,,,,,,,,,,,-0.0653226318701598,,False,False,,False,True,False,,True,False,False,positive_harmless,False,False,False,True,False,False,True,True,False,False,False,True,True,True,False,True,True,True,False,structural_positive_cap_missing_primitives
rawr2q_00343,cand_00343,344,109597217,109596735,482,109597217,-74.72895699034427,negative,-0.0099321572044368,0.0542204176570948,7523.940212803085,407.951180765194,-308.14794080563934,True,0.0409556604771101,0.0409556604771101,0.0409556604771101,47.04606017184142,0.0062528487522781,0.0062528487522781,0.0472085092293883,0.0070119084277064,0.0070119084277064,0.1293222872618155,5.459077674774791,0.0099321572044368,1.0,False,True,1.0,False,False,True,1.0,False,True,True,negative_transferred_repaid,False,False,False,True,True,False,False,False,True,False,False,False,False,True,True,True,True,True,True,primitive_full_verified
rawr2q_00344,cand_00344,345,31018453,31018450,3,31018529,31.500185622358515,positive,0.0611180498705839,0.0692098295960013,515.3990627819344,35.67068130907646,,False,,,,,,,,,,,,-0.0611180498705839,,False,False,,False,True,False,,True,False,False,positive_harmless,False,False,False,True,False,False,True,True,False,False,False,True,True,True,False,True,True,True,False,structural_positive_cap_missing_primitives
rawr2q_00345,cand_00345,346,40845353,40845352,1,40845443,16.525303615149454,positive,0.0538044550444978,0.0574305097109247,307.13634403475606,17.638996788665967,,False,,,,,,,,,,,,-0.0538044550444978,,False,False,,False,True,False,,True,False,False,positive_harmless,False,False,False,True,False,False,True,True,False,False,False,True,True,True,False,True,True,True,False,structural_positive_cap_missing_primitives
rawr2q_00346,cand_00346,347,177979733,177979051,682,177979733,-55.09311664328777,negative,-0.0058455700262883,0.064256989998171,9424.763777617254,605.6069517934762,-486.9858554314424,True,0.051670881830267,0.051670881830267,0.051670881830267,32.95722622556514,0.0034968755719729,0.0034968755719729,0.0551677574022399,0.009089232595931,0.009089232595931,0.1414512661764849,10.992424983226284,0.0058455700262883,1.0,False,True,1.0,False,False,True,1.0,False,True,True,negative_transferred_repaid,False,False,False,True,True,False,False,False,True,False,False,False,False,True,True,True,True,True,True,primitive_full_verified
rawr2q_00347,cand_00347,348,12783283,12783282,1,12783283,15.363648859683163,positive,0.0573765022463558,0.0626209646339798,267.7690040030101,16.76795332974849,,False,,,,,,,,,,,,-0.0573765022463558,,False,False,,False,True,False,,True,False,False,positive_harmless,False,False,False,True,False,False,True,True,False,False,False,True,True,True,False,True,True,True,False,structural_positive_cap_missing_primitives
rawr2q_00348,cand_00348,349,7051327,7051326,1,7051327,14.768726384026335,positive,0.0593949894643927,0.0640096837074059,248.6527317742884,15.916182713854631,,False,,,,,,,,,,,,-0.0593949894643927,,False,False,,False,True,False,,True,False,False,positive_harmless,False,False,False,True,False,False,True,True,False,False,False,True,True,True,False,True,True,True,False,structural_positive_cap_missing_primitives
rawr2q_00349,cand_00349,350,178894801,178894798,3,178894987,35.0046169630778,positive,0.0559695643377949,0.0624748732312566,625.4223590488089,39.07318259756778,,False,,,,,,,,,,,,-0.0559695643377949,,False,False,,False,True,False,,True,False,False,positive_harmless,False,False,False,True,False,False,True,True,False,False,False,True,True,True,False,True,True,True,False,structural_positive_cap_missing_primitives
rawr2q_00350,cand_00350,351,33843569,33843568,1,33843569,16.337259554044127,positive,0.0543523475814136,0.0573142485737193,300.5805688442944,17.227549439171835,,False,,,,,,,,,,,,-0.0543523475814136,,False,False,,False,True,False,,True,False,False,positive_harmless,False,False,False,True,False,False,True,True,False,False,False,True,True,True,False,True,True,True,False,structural_positive_cap_missing_primitives
rawr2q_00351,cand_00351,352,109712341,109712340,1,109712341,17.51337241663912,positive,0.0510973888768923,0.0539020807162376,342.7449582371743,18.47466640398365,,False,,,,,,,,,,,,-0.0510973888768923,,False,False,,False,True,False,,True,False,False,positive_harmless,False,False,False,True,False,False,True,True,False,False,False,True,True,True,False,True,True,True,False,structural_positive_cap_missing_primitives
rawr2q_00352,cand_00352,353,179664509,179664508,1,179664509,18.00660183085661,positive,0.0498451385866664,0.0530489105874725,361.2509131567218,19.163967391693728,,False,,,,,,,,,,,,-0.0498451385866664,,False,False,,False,True,False,,True,False,False,positive_harmless,False,False,False,True,False,False,True,True,False,False,False,True,True,True,False,True,True,True,False,structural_positive_cap_missing_primitives
rawr2q_00353,cand_00353,354,30784619,30784618,1,30784619,16.242525740093644,positive,0.0546325909865302,0.0583295511087164,297.3046938977919,17.341649337572534,,False,,,,,,,,,,,,-0.0546325909865302,,False,False,,False,True,False,,True,False,False,positive_harmless,False,False,False,True,False,False,True,True,False,False,False,True,True,True,False,True,True,True,False,structural_positive_cap_missing_primitives
rawr2q_00354,cand_00354,355,33843947,33843946,1,33843947,16.337270723016555,positive,0.054352314709925,0.0578346580287957,300.58095612316697,17.383996807351807,,False,,,,,,,,,,,,-0.054352314709925,,False,False,,False,True,False,,True,False,False,positive_harmless,False,False,False,True,False,False,True,True,False,False,False,True,True,True,False,True,True,True,False,structural_positive_cap_missing_primitives
rawr2q_00355,cand_00355,356,33821509,33821502,7,33821677,45.00982232048878,positive,0.0566017416737003,0.0654611569085146,795.2020731086848,52.05484768174372,-50.57271092048859,True,0.0635973076915966,0.0635973076915966,0.0635973076915966,12.35249588295892,0.0155337822934355,0.0155337822934355,0.0791310899850322,-0.0136699330765176,0.0136699330765176,0.2088251067059824,,-0.0566017416737003,0.0,False,False,1.0,False,True,True,1.0,False,True,True,positive_harmless,False,False,False,True,True,False,False,True,False,False,False,True,False,True,True,True,True,True,True,primitive_positive_cap_verified
rawr2q_00356,cand_00356,357,30978317,30978316,1,30978317,16.24879806610611,positive,0.0546139471486721,0.058206963587266,297.5210347253059,17.317796034701583,,False,,,,,,,,,,,,-0.0546139471486721,,False,False,,False,True,False,,True,False,False,positive_harmless,False,False,False,True,False,False,True,True,False,False,False,True,True,True,False,True,True,True,False,structural_positive_cap_missing_primitives
rawr2q_00357,cand_00357,358,2275027,2275026,1,2275027,13.63750247842863,positive,0.0636503621940717,0.0701677034244439,214.25647880600428,15.033885061625355,,False,,,,,,,,,,,,-0.0636503621940717,,False,False,,False,True,False,,True,False,False,positive_harmless,False,False,False,True,False,False,True,True,False,False,False,True,True,True,False,True,True,True,False,structural_positive_cap_missing_primitives
rawr2q_00358,cand_00358,359,109548913,109548912,1,109548913,17.511881701546663,positive,0.0511012686530033,0.0540412935367529,342.6897641320582,18.519398135501174,,False,,,,,,,,,,,,-0.0511012686530033,,False,False,,False,True,False,,True,False,False,positive_harmless,False,False,False,True,False,False,True,True,False,False,False,True,True,True,False,True,True,True,False,structural_positive_cap_missing_primitives
rawr2q_00359,cand_00359,360,33488180,33487676,504,33488281,-1.5258205110753806,negative,-0.0002263894383431,0.0702213435707402,6739.804304662162,473.27811367723547,-399.1853001142031,True,0.0592280253357018,0.0592280253357018,0.0592280253357018,30.49695221594129,0.0045249017385928,0.0045249017385928,0.0637529270742947,0.0064684164964455,0.0064684164964455,0.09211467863655,310.17941510281213,0.0002263894383431,1.0,False,True,1.0,False,False,True,1.0,False,True,True,negative_transferred_repaid,False,False,False,True,True,False,False,False,True,False,False,False,False,True,True,True,True,True,True,primitive_full_verified
rawr2q_00360,cand_00360,361,33862651,33862647,4,33862799,30.67564639008905,positive,0.0510239841549303,0.0585493445209605,601.2005314391919,35.19989704141779,,False,,,,,,,,,,,,-0.0510239841549303,,False,False,,False,True,False,,True,False,False,positive_harmless,False,False,False,True,False,False,True,True,False,False,False,True,True,True,False,True,True,True,False,structural_positive_cap_missing_primitives
rawr2q_00361,cand_00361,362,3441017,3441016,1,3441017,14.051277625191709,positive,0.062025329723603,0.0664152882950914,226.54095815059657,15.045783046218109,,False,,,,,,,,,,,,-0.062025329723603,,False,False,,False,True,False,,True,False,False,positive_harmless,False,False,False,True,False,False,True,True,False,False,False,True,True,True,False,True,True,True,False,structural_positive_cap_missing_primitives
rawr2q_00362,cand_00362,363,17998027,17998026,1,17998027,15.70577269874159,positive,0.0562763823689926,0.0607228067308972,279.08284146201987,16.946693444007856,,False,,,,,,,,,,,,-0.0562763823689926,,False,False,,False,True,False,,True,False,False,positive_harmless,False,False,False,True,False,False,True,True,False,False,False,True,True,True,False,True,True,True,False,structural_positive_cap_missing_primitives
rawr2q_00363,cand_00363,364,12783557,12783556,1,12783557,15.36367029369691,positive,0.0573764319832568,0.0625314742892232,267.7697054808187,16.744034453706682,,False,,,,,,,,,,,,-0.0573764319832568,,False,False,,False,True,False,,True,False,False,positive_harmless,False,False,False,True,False,False,True,True,False,False,False,True,True,True,False,True,True,True,False,structural_positive_cap_missing_primitives
rawr2q_00364,cand_00364,365,1196653,1196652,1,1196653,12.995039051118322,positive,0.0663482327733369,0.071617662491785,195.86111804232684,14.027115447219025,,False,,,,,,,,,,,,-0.0663482327733369,,False,False,,False,True,False,,True,False,False,positive_harmless,False,False,False,True,False,False,True,True,False,False,False,True,True,True,False,True,True,True,False,structural_positive_cap_missing_primitives
rawr2q_00365,cand_00365,366,178000301,178000300,1,178000301,17.99729579926617,positive,0.0498681990919028,0.0530150818740687,360.8972476848159,19.132997134136566,,False,,,,,,,,,,,,-0.0498681990919028,,False,False,,False,True,False,,True,False,False,positive_harmless,False,False,False,True,False,False,True,True,False,False,False,True,True,True,False,True,True,True,False,structural_positive_cap_missing_primitives
rawr2q_00366,cand_00366,367,444929,444928,1,444929,12.005669997857035,positive,0.0709775397104111,0.0781852146270972,169.14745209315862,13.224829845530248,,False,,,,,,,,,,,,-0.0709775397104111,,False,False,,False,True,False,,True,False,False,positive_harmless,False,False,False,True,False,False,True,True,False,False,False,True,True,True,False,True,True,True,False,structural_positive_cap_missing_primitives
rawr2q_00367,cand_00367,368,108530371,108530370,1,108530371,17.50254060882601,positive,0.051125593407958,0.0550780849806609,342.3440089812556,18.855652419289733,,False,,,,,,,,,,,,-0.051125593407958,,False,False,,False,True,False,,True,False,False,positive_harmless,False,False,False,True,False,False,True,True,False,False,False,True,True,True,False,True,True,True,False,structural_positive_cap_missing_primitives
rawr2q_00368,cand_00368,369,33877069,33877068,1,33877069,16.33824891278976,positive,0.0543494359456534,0.0580315698450999,300.61487536185524,17.445153136037504,,False,,,,,,,,,,,,-0.0543494359456534,,False,False,,False,True,False,,True,False,False,positive_harmless,False,False,False,True,False,False,True,True,False,False,False,True,True,True,False,True,True,True,False,structural_positive_cap_missing_primitives
rawr2q_00369,cand_00369,370,179411671,179411668,3,179411909,35.01038711128105,positive,0.0559617942763139,0.0609062405598658,625.6123050382492,38.10369354787175,,False,,,,,,,,,,,,-0.0559617942763139,,False,False,,False,True,False,,True,False,False,positive_harmless,False,False,False,True,False,False,True,True,False,False,False,True,True,True,False,True,True,True,False,structural_positive_cap_missing_primitives
rawr2q_00370,cand_00370,371,30801703,30801702,1,30801703,16.243080538623037,positive,0.0546309413945658,0.0590182314704876,297.3238264614405,17.54752641179238,,False,,,,,,,,,,,,-0.0546309413945658,,False,False,,False,True,False,,True,False,False,positive_harmless,False,False,False,True,False,False,True,True,False,False,False,True,True,True,False,True,True,True,False,structural_positive_cap_missing_primitives
rawr2q_00371,cand_00371,372,179380241,179380240,1,179380241,18.005018362169785,positive,0.0498490609484484,0.0524959052411155,361.1907229464107,18.961033965764777,,False,,,,,,,,,,,,-0.0498490609484484,,False,False,,False,True,False,,True,False,False,positive_harmless,False,False,False,True,False,False,True,True,False,False,False,True,True,True,False,True,True,True,False,structural_positive_cap_missing_primitives
rawr2q_00372,cand_00372,373,1198289,1198288,1,1198289,12.996405263957271,positive,0.06634225473323,0.0723746919761434,195.89936031293087,14.1781558609719,,False,,,,,,,,,,,,-0.06634225473323,,False,False,,False,True,False,,True,False,False,positive_harmless,False,False,False,True,False,False,True,True,False,False,False,True,True,True,False,True,True,True,False,structural_positive_cap_missing_primitives
rawr2q_00373,cand_00373,374,30339893,30339892,1,30339893,16.22797400518101,positive,0.0546758933569793,0.0584872273607094,296.80308832319264,17.35918970811928,,False,,,,,,,,,,,,-0.0546758933569793,,False,False,,False,True,False,,True,False,False,positive_harmless,False,False,False,True,False,False,True,True,False,False,False,True,True,True,False,True,True,True,False,structural_positive_cap_missing_primitives
rawr2q_00374,cand_00374,375,33866071,33866070,1,33866071,16.337924215703186,positive,0.054350391479501,0.0578606794756717,300.60361610946694,17.39312948093773,,False,,,,,,,,,,,,-0.054350391479501,,False,False,,False,True,False,,True,False,False,positive_harmless,False,False,False,True,False,False,True,True,False,False,False,True,True,True,False,True,True,True,False,structural_positive_cap_missing_primitives
rawr2q_00375,cand_00375,376,15937,15936,1,15937,8.676398728859631,positive,0.092664202109152,0.1034376505744083,93.63269235987632,9.685145714661957,,False,,,,,,,,,,,,-0.092664202109152,,False,False,,False,True,False,,True,False,False,positive_harmless,False,False,False,True,False,False,True,True,False,False,False,True,True,True,False,True,True,True,False,structural_positive_cap_missing_primitives
rawr2q_00376,cand_00376,377,187427707,187426768,939,187427707,-24.65274645334739,negative,-0.0022171370399401,0.0744485929586305,11119.180280355067,827.8073267257855,-721.3557811583332,True,0.0648749065102214,0.0648749065102214,0.0648749065102214,79.62276008677782,0.0071608480192961,0.0071608480192961,0.0720357545295176,0.0024128384291128,0.0024128384291128,0.032409456421206,33.578706059883416,0.0022171370399401,1.0,False,True,1.0,False,False,True,1.0,False,True,True,negative_transferred_repaid,False,False,False,True,True,False,False,False,True,False,False,False,False,True,True,True,True,True,True,primitive_full_verified
rawr2q_00377,cand_00377,378,108563563,108563562,1,108563563,17.502846393512364,positive,0.0511247967613676,0.054274460944475,342.35532466191347,18.58115069749608,,False,,,,,,,,,,,,-0.0511247967613676,,False,False,,False,True,False,,True,False,False,positive_harmless,False,False,False,True,False,False,True,True,False,False,False,True,True,True,False,True,True,True,False,structural_positive_cap_missing_primitives
rawr2q_00378,cand_00378,379,604681513,604678930,2583,604681513,-197.01518438104904,negative,-0.009481260249097,0.1005708971627918,20779.43007627189,2089.805925302164,-1855.401426915501,True,0.0892902943009101,0.0892902943009101,0.0892902943009101,54.9981240102843,0.0026467580587345,0.0026467580587345,0.0919370523596447,0.008633844803147,0.008633844803147,0.0858483422810842,10.607334312162704,0.009481260249097,1.0,False,True,1.0,False,False,True,1.0,False,True,True,negative_transferred_repaid,False,False,True,False,True,False,False,False,True,False,False,False,False,True,True,True,True,True,True,primitive_full_verified
rawr2q_00379,cand_00379,380,3280747,3280746,1,3280747,14.00358169833306,positive,0.0622084290910443,0.0681975726185681,225.1074637785548,15.351782608019676,,False,,,,,,,,,,,,-0.0622084290910443,,False,False,,False,True,False,,True,False,False,positive_harmless,False,False,False,True,False,False,True,True,False,False,False,True,True,True,False,True,True,True,False,structural_positive_cap_missing_primitives
rawr2q_00380,cand_00380,381,22053061,22053060,1,22053061,15.908961971084082,positive,0.055642668408432,0.0603424434897043,285.9129949395677,17.252688740112973,,False,,,,,,,,,,,,-0.055642668408432,,False,False,,False,True,False,,True,False,False,positive_harmless,False,False,False,True,False,False,True,True,False,False,False,True,True,True,False,True,True,True,False,structural_positive_cap_missing_primitives
rawr2q_00381,cand_00381,382,604365031,604363228,1803,604365031,-144.9856360139354,negative,-0.0083517632529468,0.0869939928500895,17359.88337106884,1510.2055698611505,-1287.5809733347232,True,0.0741699091988454,0.0741699091988454,0.0741699091988454,112.55675978502586,0.0064837278787602,0.0064837278787602,0.0806536370776057,0.0063403557724837,0.0063403557724837,0.0728826849390584,10.416242680178303,0.0083517632529468,1.0,False,True,1.0,False,False,True,1.0,False,True,True,negative_transferred_repaid,False,False,True,False,True,False,False,False,True,False,False,False,False,True,True,True,True,True,True,primitive_full_verified
rawr2q_00382,cand_00382,383,31019393,31019392,1,31019393,16.250123147500577,positive,0.0546100101027406,0.0578361073290868,297.56674860393525,17.21010240982459,,False,,,,,,,,,,,,-0.0546100101027406,,False,False,,False,True,False,,True,False,False,positive_harmless,False,False,False,True,False,False,True,True,False,False,False,True,True,True,False,True,True,True,False,structural_positive_cap_missing_primitives
rawr2q_00383,cand_00383,384,30977831,30977830,1,30977831,16.248782377590423,positive,0.0546139937653505,0.0578287310274751,297.5204935094739,17.205232594321018,,False,,,,,,,,,,,,-0.0546139937653505,,False,False,,False,True,False,,True,False,False,positive_harmless,False,False,False,True,False,False,True,True,False,False,False,True,True,True,False,True,True,True,False,structural_positive_cap_missing_primitives
rawr2q_00384,cand_00384,385,7048859,7048858,1,7048859,14.76837631771867,positive,0.0593962187793685,0.0650198321388196,248.64169169719105,16.166641056863494,,False,,,,,,,,,,,,-0.0593962187793685,,False,False,,False,True,False,,True,False,False,positive_harmless,False,False,False,True,False,False,True,True,False,False,False,True,True,True,False,True,True,True,False,structural_positive_cap_missing_primitives
rawr2q_00385,cand_00385,386,4995779,4995778,1,4995779,14.42410391386088,positive,0.0606301939561755,0.0665766157119201,237.9029815455785,15.83877537908,,False,,,,,,,,,,,,-0.0606301939561755,,False,False,,False,True,False,,True,False,False,positive_harmless,False,False,False,True,False,False,True,True,False,False,False,True,True,True,False,True,True,True,False,structural_positive_cap_missing_primitives
rawr2q_00386,cand_00386,387,12802553,12802552,1,12802553,15.365155162126715,positive,0.0573715648349869,0.061787082836556,267.81830348048265,16.547711702294475,,False,,,,,,,,,,,,-0.0573715648349869,,False,False,,False,True,False,,True,False,False,positive_harmless,False,False,False,True,False,False,True,True,False,False,False,True,True,True,False,True,True,True,False,structural_positive_cap_missing_primitives
rawr2q_00387,cand_00387,388,30333337,30333336,1,30333337,16.22775789669213,positive,0.0546765369575494,0.0585540342059468,296.795642147038,17.37858218245361,,False,,,,,,,,,,,,-0.0546765369575494,,False,False,,False,True,False,,True,False,False,positive_harmless,False,False,False,True,False,False,True,True,False,False,False,True,True,True,False,True,True,True,False,structural_positive_cap_missing_primitives
rawr2q_00388,cand_00388,389,12783647,12783646,1,12783647,15.363677333966155,positive,0.0573764089045026,0.0620305679197299,267.7699358901577,16.609921195096145,,False,,,,,,,,,,,,-0.0573764089045026,,False,False,,False,True,False,,True,False,False,positive_harmless,False,False,False,True,False,False,True,True,False,False,False,True,True,True,False,True,True,True,False,structural_positive_cap_missing_primitives
rawr2q_00389,cand_00389,390,179409773,179409772,1,179409773,18.00518298213642,positive,0.0498486531447188,0.0528986214654153,361.1969801844879,19.106822329230337,,False,,,,,,,,,,,,-0.0498486531447188,,False,False,,False,True,False,,True,False,False,positive_harmless,False,False,False,True,False,False,True,True,False,False,False,True,True,True,False,True,True,True,False,structural_positive_cap_missing_primitives
rawr2q_00390,cand_00390,391,12807943,12807942,1,12807943,15.36557608330525,positive,0.0573701852758419,0.0627475897600344,267.8320805384528,16.80581751420333,,False,,,,,,,,,,,,-0.0573701852758419,,False,False,,False,True,False,,True,False,False,positive_harmless,False,False,False,True,False,False,True,True,False,False,False,True,True,True,False,True,True,True,False,structural_positive_cap_missing_primitives
rawr2q_00391,cand_00391,392,3439379,3439378,1,3439379,14.050801489797482,positive,0.0620271522594587,0.0675932165846349,226.5266254852901,15.311663258613688,,False,,,,,,,,,,,,-0.0620271522594587,,False,False,,False,True,False,,True,False,False,positive_harmless,False,False,False,True,False,False,True,True,False,False,False,True,True,True,False,True,True,True,False,structural_positive_cap_missing_primitives
rawr2q_00392,cand_00392,393,30801247,30801246,1,30801247,16.243065734137215,positive,0.0546309854117089,0.0584941961271208,297.32331591177694,17.391688354109377,,False,,,,,,,,,,,,-0.0546309854117089,,False,False,,False,True,False,,True,False,False,positive_harmless,False,False,False,True,False,False,True,True,False,False,False,True,True,True,False,True,True,True,False,structural_positive_cap_missing_primitives
rawr2q_00393,cand_00393,394,3277457,3277456,1,3277457,14.002578374778016,positive,0.0622122922801366,0.0667620359967211,225.077357891357,15.026622669589656,,False,,,,,,,,,,,,-0.0622122922801366,,False,False,,False,True,False,,True,False,False,positive_harmless,False,False,False,True,False,False,True,True,False,False,False,True,True,True,False,True,True,True,False,structural_positive_cap_missing_primitives
rawr2q_00394,cand_00394,395,33870359,33870358,1,33870359,16.33805082408824,positive,0.0543500188864154,0.0592817646450739,300.60800637866686,17.820573084565,,False,,,,,,,,,,,,-0.0543500188864154,,False,False,,False,True,False,,True,False,False,positive_harmless,False,False,False,True,False,False,True,True,False,False,False,True,True,True,False,True,True,True,False,structural_positive_cap_missing_primitives
rawr2q_00395,cand_00395,396,1196399,1196398,1,1196399,12.994826769896724,positive,0.0663491617331757,0.073189163234131,195.855176319418,14.33447646989139,,False,,,,,,,,,,,,-0.0663491617331757,,False,False,,False,True,False,,True,False,False,positive_harmless,False,False,False,True,False,False,True,True,False,False,False,True,True,True,False,True,True,True,False,structural_positive_cap_missing_primitives
rawr2q_00396,cand_00396,397,7049759,7049758,1,7049759,14.76850398980699,positive,0.0593957704321283,0.0639775221679599,248.6457180765589,15.90773694021136,,False,,,,,,,,,,,,-0.0593957704321283,,False,False,,False,True,False,,True,False,False,positive_harmless,False,False,False,True,False,False,True,True,False,False,False,True,True,True,False,True,True,True,False,structural_positive_cap_missing_primitives
rawr2q_00397,cand_00397,398,39691853,39691852,1,39691853,16.49665651049233,positive,0.0538872225495607,0.0570431336777607,306.1329890461536,17.46278501733219,,False,,,,,,,,,,,,-0.0538872225495607,,False,False,,False,True,False,,True,False,False,positive_harmless,False,False,False,True,False,False,True,True,False,False,False,True,True,True,False,True,True,True,False,structural_positive_cap_missing_primitives
rawr2q_00398,cand_00398,399,3266671,3266670,1,3266671,13.999281981502422,positive,0.0622249880453117,0.0678918946863361,224.97845996062324,15.274213910340714,,False,,,,,,,,,,,,-0.0622249880453117,,False,False,,False,True,False,,True,False,False,positive_harmless,False,False,False,True,False,False,True,True,False,False,False,True,True,True,False,True,True,True,False,structural_positive_cap_missing_primitives
rawr2q_00399,cand_00399,400,31019929,31019925,4,31019993,30.5002807892536,positive,0.0512493625927221,0.058517488803213,595.1348318541795,34.82579585942901,,False,,,,,,,,,,,,-0.0512493625927221,,False,False,,False,True,False,,True,False,False,positive_harmless,False,False,False,True,False,False,True,True,False,False,False,True,True,True,False,True,True,True,False,structural_positive_cap_missing_primitives
rawr2q_00400,cand_00400,401,617429,617428,1,617429,12.333319361116503,positive,0.0693750668047255,0.0738358982563811,177.77740518552426,13.126354401561803,,False,,,,,,,,,,,,-0.0693750668047255,,False,False,,False,True,False,,True,False,False,positive_harmless,False,False,False,True,False,False,True,True,False,False,False,True,True,True,False,True,True,True,False,structural_positive_cap_missing_primitives
rawr2q_00401,cand_00401,402,1518623,1518622,1,1518623,13.233314561175357,positive,0.0653215589454404,0.0714560474941763,202.5872433973664,14.476083685916468,,False,,,,,,,,,,,,-0.0653215589454404,,False,False,,False,True,False,,True,False,False,positive_harmless,False,False,False,True,False,False,True,True,False,False,False,True,True,True,False,True,True,True,False,structural_positive_cap_missing_primitives
rawr2q_00402,cand_00402,403,30418939,30418938,1,30418939,16.230575965817664,positive,0.0546681455472792,0.0579128565004976,296.8927481138133,17.193907117553653,,False,,,,,,,,,,,,-0.0546681455472792,,False,False,,False,True,False,,True,False,False,positive_harmless,False,False,False,True,False,False,True,True,False,False,False,True,True,True,False,True,True,True,False,structural_positive_cap_missing_primitives
rawr2q_00403,cand_00403,404,180628367,180627380,987,180628367,-74.42642537397955,negative,-0.0065541315557158,0.0719233861912456,11355.650209534304,816.7368154730347,-709.5216761226675,True,0.0624818185687814,0.0624818185687814,0.0624818185687814,32.76317961157383,0.002885187462367,0.002885187462367,0.0653670060311484,0.0065563801600971,0.0065563801600971,0.0911578348475359,10.973747716205333,0.0065541315557158,1.0,False,True,1.0,False,False,True,1.0,False,True,True,negative_transferred_repaid,False,False,False,True,True,False,False,False,True,False,False,False,False,True,True,True,True,True,True,primitive_full_verified
rawr2q_00404,cand_00404,405,33844781,33844780,1,33844781,16.337295365228773,positive,0.0543522421853809,0.059041266201577,300.5818105811831,17.746730693875627,,False,,,,,,,,,,,,-0.0543522421853809,,False,False,,False,True,False,,True,False,False,positive_harmless,False,False,False,True,False,False,True,True,False,False,False,True,True,True,False,True,True,True,False,structural_positive_cap_missing_primitives
rawr2q_00405,cand_00405,406,1189151,1189150,1,1189151,12.988750165086293,positive,0.0663757644062332,0.0720468489481977,195.68513118120177,14.098497087620297,,False,,,,,,,,,,,,-0.0663757644062332,,False,False,,False,True,False,,True,False,False,positive_harmless,False,False,False,True,False,False,True,True,False,False,False,True,True,True,False,True,True,True,False,structural_positive_cap_missing_primitives
rawr2q_00406,cand_00406,407,3439063,3439062,1,3439063,14.050709608525468,positive,0.0620275039719135,0.0681046044048134,226.52385972016083,15.427317854493,,False,,,,,,,,,,,,-0.0620275039719135,,False,False,,False,True,False,,True,False,False,positive_harmless,False,False,False,True,False,False,True,True,False,False,False,True,True,True,False,True,True,True,False,structural_positive_cap_missing_primitives
rawr2q_00407,cand_00407,408,910277,910276,1,910277,12.721504227778484,positive,0.0675670595173661,0.0749287563478817,188.27967827294285,14.10756213857089,,False,,,,,,,,,,,,-0.0675670595173661,,False,False,,False,True,False,,True,False,False,positive_harmless,False,False,False,True,False,False,True,True,False,False,False,True,True,True,False,True,True,True,False,structural_positive_cap_missing_primitives
rawr2q_00408,cand_00408,409,40841363,40841362,1,40841363,16.52520592484683,positive,0.0538047503455773,0.0586737489929136,307.13284270828643,18.020635320546013,,False,,,,,,,,,,,,-0.0538047503455773,,False,False,,False,True,False,,True,False,False,positive_harmless,False,False,False,True,False,False,True,True,False,False,False,True,True,True,False,True,True,True,False,structural_positive_cap_missing_primitives
rawr2q_00409,cand_00409,410,1517917,1517916,1,1517917,13.232849558236008,positive,0.0653235317984444,0.0705537248388434,202.57400654737893,14.292350717445832,,False,,,,,,,,,,,,-0.0653235317984444,,False,False,,False,True,False,,True,False,False,positive_harmless,False,False,False,True,False,False,True,True,False,False,False,True,True,True,False,True,True,True,False,structural_positive_cap_missing_primitives
rawr2q_00410,cand_00410,411,179435749,179435746,3,179436077,35.010655503905085,positive,0.0559614300376416,0.0608113493141144,625.621173017839,38.04486769069381,,False,,,,,,,,,,,,-0.0559614300376416,,False,False,,False,True,False,,True,False,False,positive_harmless,False,False,False,True,False,False,True,True,False,False,False,True,True,True,False,True,True,True,False,structural_positive_cap_missing_primitives
rawr2q_00411,cand_00411,412,1511563,1511562,1,1511563,13.228654772782928,positive,0.0653413342314997,0.0706974408897726,202.4546166430384,14.31302329298278,,False,,,,,,,,,,,,-0.0653413342314997,,False,False,,False,True,False,,True,False,False,positive_harmless,False,False,False,True,False,False,True,True,False,False,False,True,True,True,False,True,True,True,False,structural_positive_cap_missing_primitives
rawr2q_00412,cand_00412,413,108593347,108593346,1,108593347,17.503120702077418,positive,0.0511240821390961,0.0546182774138054,342.3654757156459,18.699412529546603,,False,,,,,,,,,,,,-0.0511240821390961,,False,False,,False,True,False,,True,False,False,positive_harmless,False,False,False,True,False,False,True,True,False,False,False,True,True,True,False,True,True,True,False,structural_positive_cap_missing_primitives
rawr2q_00413,cand_00413,414,179407799,179407294,505,179407799,-48.87590784572831,negative,-0.0060215117809707,0.0551196856546969,8116.883205341699,447.4000507743231,-352.2875416484185,True,0.0434018246580878,0.0434018246580878,0.0434018246580878,42.22552649995123,0.0052021848081,0.0052021848081,0.0486040094661879,0.0065156761885089,0.0065156761885089,0.1182096035403235,9.153795202873663,0.0060215117809707,1.0,False,True,1.0,False,False,True,1.0,False,True,True,negative_transferred_repaid,False,False,False,True,True,False,False,False,True,False,False,False,False,True,True,True,True,True,True,primitive_full_verified
rawr2q_00414,cand_00414,415,17640599,17640598,1,17640599,15.685713564882494,positive,0.0563397236148247,0.0611881261978987,278.41303716930366,17.035572053455613,,False,,,,,,,,,,,,-0.0563397236148247,,False,False,,False,True,False,,True,False,False,positive_harmless,False,False,False,True,False,False,True,True,False,False,False,True,True,True,False,True,True,True,False,structural_positive_cap_missing_primitives
rawr2q_00415,cand_00415,416,30371023,30371022,1,30371023,16.228999521011747,positive,0.0546728394365394,0.0596340487654195,296.83842449502305,17.7016770817865,,False,,,,,,,,,,,,-0.0546728394365394,,False,False,,False,True,False,,True,False,False,positive_harmless,False,False,False,True,False,False,True,True,False,False,False,True,True,True,False,True,True,True,False,structural_positive_cap_missing_primitives
rawr2q_00416,cand_00416,417,4991237,4991236,1,4991237,14.4231943327982,positive,0.0606335217054048,0.0657125416893429,237.87492342725847,15.631365822562977,,False,,,,,,,,,,,,-0.0606335217054048,,False,False,,False,True,False,,True,False,False,positive_harmless,False,False,False,True,False,False,True,True,False,False,False,True,True,True,False,True,True,True,False,structural_positive_cap_missing_primitives
rawr2q_00417,cand_00417,418,30400031,30400030,1,30400031,16.22995418611277,positive,0.0546699968103086,0.0580098213946896,296.871321255545,17.221452323239685,,False,,,,,,,,,,,,-0.0546699968103086,,False,False,,False,True,False,,True,False,False,positive_harmless,False,False,False,True,False,False,True,True,False,False,False,True,True,True,False,True,True,True,False,structural_positive_cap_missing_primitives
rawr2q_00418,cand_00418,419,109592159,109592158,1,109592159,17.512276387948138,positive,0.0511002413741825,0.0538415692856274,342.70437706378215,18.451741462167405,,False,,,,,,,,,,,,-0.0511002413741825,,False,False,,False,True,False,,True,False,False,positive_harmless,False,False,False,True,False,False,True,True,False,False,False,True,True,True,False,True,True,True,False,structural_positive_cap_missing_primitives
rawr2q_00419,cand_00419,420,1512517,1512516,1,1512517,13.229285708493393,positive,0.0653386559600982,0.0708371017721546,202.47257177393428,14.34257017282006,,False,,,,,,,,,,,,-0.0653386559600982,,False,False,,False,True,False,,True,False,False,positive_harmless,False,False,False,True,False,False,True,True,False,False,False,True,True,True,False,True,True,True,False,structural_positive_cap_missing_primitives
rawr2q_00420,cand_00420,421,179641801,179641800,1,179641801,18.006475431740324,positive,0.0498454516634544,0.0535518097468465,361.2461083373485,19.345382865470388,,False,,,,,,,,,,,,-0.0498454516634544,,False,False,,False,True,False,,True,False,False,positive_harmless,False,False,False,True,False,False,True,True,False,False,False,True,True,True,False,True,True,True,False,structural_positive_cap_missing_primitives
rawr2q_00421,cand_00421,422,187430753,187430752,1,187430753,18.04892001782697,positive,0.0497405409161,0.0533821363327469,362.8613538455689,19.37031426086927,,False,,,,,,,,,,,,-0.0497405409161,,False,False,,False,True,False,,True,False,False,positive_harmless,False,False,False,True,False,False,True,True,False,False,False,True,True,True,False,True,True,True,False,structural_positive_cap_missing_primitives
rawr2q_00422,cand_00422,423,1197103,1197102,1,1197103,12.995415029292625,positive,0.0663465875257503,0.0725973533181587,195.87164184214984,14.219762787822388,,False,,,,,,,,,,,,-0.0663465875257503,,False,False,,False,True,False,,True,False,False,positive_harmless,False,False,False,True,False,False,True,True,False,False,False,True,True,True,False,True,True,True,False,structural_positive_cap_missing_primitives
rawr2q_00423,cand_00423,424,178906843,178906839,4,178907011,34.004751585154295,positive,0.0470862129848647,0.0537613436683464,722.1806433251417,38.82540175643044,,False,,,,,,,,,,,,-0.0470862129848647,,False,False,,False,True,False,,True,False,False,positive_harmless,False,False,False,True,False,False,True,True,False,False,False,True,True,True,False,True,True,True,False,structural_positive_cap_missing_primitives
rawr2q_00424,cand_00424,425,108843373,108842535,838,108843373,-42.267090202042255,negative,-0.0042636586442326,0.0705332046108587,9913.338221673994,699.2195131659779,-623.5230392004587,True,0.0628973838335527,0.0628973838335527,0.0628973838335527,33.64180410649078,0.0033935898639005,0.0033935898639005,0.0662909736974533,0.0042422309134053,0.0042422309134053,0.0601451605213506,16.542882649920223,0.0042636586442326,1.0,False,True,1.0,False,False,True,1.0,False,True,True,negative_transferred_repaid,False,False,False,True,True,False,False,False,True,False,False,False,False,True,True,True,True,True,True,primitive_full_verified
rawr2q_00425,cand_00425,426,1198103,1198102,1,1198103,12.996250030589469,positive,0.0663429339229389,0.0716439824546732,195.89501491877564,14.034699011798706,,False,,,,,,,,,,,,-0.0663429339229389,,False,False,,False,True,False,,True,False,False,positive_harmless,False,False,False,True,False,False,True,True,False,False,False,True,True,True,False,True,True,True,False,structural_positive_cap_missing_primitives
rawr2q_00426,cand_00426,427,108829177,108829176,1,108829177,17.5052900273906,positive,0.0511184313644863,0.0544294247853158,342.4457589978419,18.63912568242342,,False,,,,,,,,,,,,-0.0511184313644863,,False,False,,False,True,False,,True,False,False,positive_harmless,False,False,False,True,False,False,True,True,False,False,False,True,True,True,False,True,True,True,False,structural_positive_cap_missing_primitives
rawr2q_00427,cand_00427,428,109588771,109588770,1,109588771,17.51224547284982,positive,0.0511003218376577,0.0537769958239419,342.70323244704866,18.429550300156325,,False,,,,,,,,,,,,-0.0511003218376577,,False,False,,False,True,False,,True,False,False,positive_harmless,False,False,False,True,False,False,True,True,False,False,False,True,True,True,False,True,True,True,False,structural_positive_cap_missing_primitives
rawr2q_00428,cand_00428,429,108831199,108831195,4,108831299,33.01061719521155,positive,0.0481982135332708,0.055060010476967,684.8929612800813,37.71021362368223,,False,,,,,,,,,,,,-0.0481982135332708,,False,False,,False,True,False,,True,False,False,positive_harmless,False,False,False,True,False,False,True,True,False,False,False,True,True,True,False,True,True,True,False,structural_positive_cap_missing_primitives
rawr2q_00429,cand_00429,430,1190983,1190982,1,1190983,12.990289574516003,positive,0.0663690230464318,0.072546546180588,195.7282023788112,14.1994050727179,,False,,,,,,,,,,,,-0.0663690230464318,,False,False,,False,True,False,,True,False,False,positive_harmless,False,False,False,True,False,False,True,True,False,False,False,True,True,True,False,True,True,True,False,structural_positive_cap_missing_primitives
rawr2q_00430,cand_00430,431,39691187,39691186,1,39691187,16.496639731089576,positive,0.053887271095141,0.0580269088590896,306.1324018795424,17.763916982678392,,False,,,,,,,,,,,,-0.053887271095141,,False,False,,False,True,False,,True,False,False,positive_harmless,False,False,False,True,False,False,True,True,False,False,False,True,True,True,False,True,True,True,False,structural_positive_cap_missing_primitives
rawr2q_00431,cand_00431,432,604813747,604812190,1557,604813747,-101.12905906513606,negative,-0.0062683153718549,0.0809591793277333,16133.371259399311,1306.1444969506074,-1136.002312900042,True,0.0704132009754753,0.0704132009754753,0.0704132009754753,93.03450992577382,0.0057665882988697,0.0057665882988697,0.0761797892743451,0.0047793900533881,0.0047793900533881,0.0590345664701042,12.915619991177165,0.0062683153718549,1.0,False,True,1.0,False,False,True,1.0,False,True,True,negative_transferred_repaid,False,False,True,False,True,False,False,False,True,False,False,False,False,True,True,True,True,True,True,primitive_full_verified
rawr2q_00432,cand_00432,433,40864661,40864660,1,40864661,16.52577621329047,positive,0.0538031054841006,0.0575819322666712,307.1528318783381,17.68645356073471,,False,,,,,,,,,,,,-0.0538031054841006,,False,False,,False,True,False,,True,False,False,positive_harmless,False,False,False,True,False,False,True,True,False,False,False,True,True,True,False,True,True,True,False,structural_positive_cap_missing_primitives
rawr2q_00433,cand_00433,434,30360431,30360430,1,30360431,16.22865070670187,positive,0.0546738781450856,0.0588814400924941,296.82640517353883,17.47756619409611,,False,,,,,,,,,,,,-0.0546738781450856,,False,False,,False,True,False,,True,False,False,positive_harmless,False,False,False,True,False,False,True,True,False,False,False,True,True,True,False,True,True,True,False,structural_positive_cap_missing_primitives
rawr2q_00434,cand_00434,435,30360047,30360046,1,30360047,16.228638058580096,positive,0.0546739158097379,0.0581421661772224,296.8259693535545,17.25810483586949,,False,,,,,,,,,,,,-0.0546739158097379,,False,False,,False,True,False,,True,False,False,positive_harmless,False,False,False,True,False,False,True,True,False,False,False,True,True,True,False,True,True,True,False,structural_positive_cap_missing_primitives
rawr2q_00435,cand_00435,436,109496869,109496868,1,109496869,17.51140651320472,positive,0.0511025055146416,0.0551035992031224,342.6721710971181,18.882469974199378,,False,,,,,,,,,,,,-0.0511025055146416,,False,False,,False,True,False,,True,False,False,positive_harmless,False,False,False,True,False,False,True,True,False,False,False,True,True,True,False,True,True,True,False,structural_positive_cap_missing_primitives
rawr2q_00436,cand_00436,437,187505317,187505316,1,187505317,18.04931776030601,positive,0.049739559892989,0.0530690201586509,362.87650713311,19.25750067214784,,False,,,,,,,,,,,,-0.049739559892989,,False,False,,False,True,False,,True,False,False,positive_harmless,False,False,False,True,False,False,True,True,False,False,False,True,True,True,False,True,True,True,False,structural_positive_cap_missing_primitives
rawr2q_00437,cand_00437,438,12837337,12837336,1,12837337,15.367868435962098,positive,0.0573626733033204,0.0612899637796794,267.9071171369644,16.42001750564287,,False,,,,,,,,,,,,-0.0573626733033204,,False,False,,False,True,False,,True,False,False,positive_harmless,False,False,False,True,False,False,True,True,False,False,False,True,True,True,False,True,True,True,False,structural_positive_cap_missing_primitives
rawr2q_00438,cand_00438,439,12830437,12830436,1,12830437,15.367330796806776,positive,0.057364434955351,0.0626960586435312,267.8895174120995,16.795616893656263,,False,,,,,,,,,,,,-0.057364434955351,,False,False,,False,True,False,,True,False,False,positive_harmless,False,False,False,True,False,False,True,True,False,False,False,True,True,True,False,True,True,True,False,structural_positive_cap_missing_primitives
rawr2q_00439,cand_00439,440,39623959,39623958,1,39623959,16.494944518523248,positive,0.0538921760737262,0.0579331348020495,306.07308370620666,17.73177321763065,,False,,,,,,,,,,,,-0.0538921760737262,,False,False,,False,True,False,,True,False,False,positive_harmless,False,False,False,True,False,False,True,True,False,False,False,True,True,True,False,True,True,True,False,structural_positive_cap_missing_primitives
rawr2q_00440,cand_00440,441,17992691,17992690,1,17992691,15.705476177842002,positive,0.0562773176683551,0.0612759643063083,279.0729343284466,17.100463162766612,,False,,,,,,,,,,,,-0.0562773176683551,,False,False,,False,True,False,,True,False,False,positive_harmless,False,False,False,True,False,False,True,True,False,False,False,True,True,True,False,True,True,True,False,structural_positive_cap_missing_primitives
rawr2q_00441,cand_00441,442,39646073,39646072,1,39646073,16.49550245952606,positive,0.0538905616124254,0.0571023960704463,306.09260631128245,17.478621239822044,,False,,,,,,,,,,,,-0.0538905616124254,,False,False,,False,True,False,,True,False,False,positive_harmless,False,False,False,True,False,False,True,True,False,False,False,True,True,True,False,True,True,True,False,structural_positive_cap_missing_primitives
rawr2q_00442,cand_00442,443,604711937,604711166,771,604711937,-83.51108885949861,negative,-0.0073560278906966,0.0595213337383874,11352.742281621397,675.7303621902887,-529.020330384823,True,0.0465984620509916,0.0465984620509916,0.0465984620509916,71.15483103322367,0.0062676337811714,0.0062676337811714,0.0528660958321631,0.0066552379062243,0.0066552379062243,0.1118126474698282,8.091504630327075,0.0073560278906966,1.0,False,True,1.0,False,False,True,1.0,False,True,True,negative_transferred_repaid,False,False,True,False,True,False,False,False,True,False,False,False,False,True,True,True,True,True,True,primitive_full_verified
rawr2q_00443,cand_00443,444,178895309,178895308,1,178895413,18.00231132678245,positive,0.0498557648373555,0.0530953390628619,361.0878578537786,19.172082244228857,,False,,,,,,,,,,,,-0.0498557648373555,,False,False,,False,True,False,,True,False,False,positive_harmless,False,False,False,True,False,False,True,True,False,False,False,True,True,True,False,True,True,True,False,structural_positive_cap_missing_primitives
rawr2q_00444,cand_00444,445,179382103,179382099,4,179382319,34.01005747345147,positive,0.0470804118877564,0.0531359360204135,722.3823265296458,38.38446108475671,,False,,,,,,,,,,,,-0.0470804118877564,,False,False,,False,True,False,,True,False,False,positive_harmless,False,False,False,True,False,False,True,True,False,False,False,True,True,True,False,True,True,True,False,structural_positive_cap_missing_primitives
rawr2q_00445,cand_00445,446,3242093,3242092,1,3242093,13.99172966686262,positive,0.0622540945413876,0.0681785423845579,224.75195840428884,15.3232609220792,,False,,,,,,,,,,,,-0.0622540945413876,,False,False,,False,True,False,,True,False,False,positive_harmless,False,False,False,True,False,False,True,True,False,False,False,True,True,True,False,True,True,True,False,structural_positive_cap_missing_primitives
rawr2q_00446,cand_00446,447,1192097,1192096,1,1192097,12.991224499135525,positive,0.0663649295015562,0.072182493775885,195.7543629852101,14.130038087782262,,False,,,,,,,,,,,,-0.0663649295015562,,False,False,,False,True,False,,True,False,False,positive_harmless,False,False,False,True,False,False,True,True,False,False,False,True,True,True,False,True,True,True,False,structural_positive_cap_missing_primitives
rawr2q_00447,cand_00447,448,179438731,179438730,1,179438731,18.00534437614944,positive,0.0498482533389166,0.0535246964138259,361.2031148560351,19.333287066397567,,False,,,,,,,,,,,,-0.0498482533389166,,False,False,,False,True,False,,True,False,False,positive_harmless,False,False,False,True,False,False,True,True,False,False,False,True,True,True,False,True,True,True,False,structural_positive_cap_missing_primitives
rawr2q_00448,cand_00448,449,178913599,178913595,4,178913689,34.00482710906792,positive,0.0470861325817367,0.0532662829880072,722.183480455503,38.46802963920679,,False,,,,,,,,,,,,-0.0470861325817367,,False,False,,False,True,False,,True,False,False,positive_harmless,False,False,False,True,False,False,True,True,False,False,False,True,True,True,False,True,True,True,False,structural_positive_cap_missing_primitives
rawr2q_00449,cand_00449,450,1511597,1511596,1,1511597,13.228677265803476,positive,0.0653412387466855,0.0712006740325232,202.4552567343927,14.414950740916291,,False,,,,,,,,,,,,-0.0653412387466855,,False,False,,False,True,False,,True,False,False,positive_harmless,False,False,False,True,False,False,True,True,False,False,False,True,True,True,False,True,True,True,False,structural_positive_cap_missing_primitives
rawr2q_00450,cand_00450,451,1199767,1199766,1,1199767,12.997637929238774,positive,0.0663368619655992,0.073442667720498,195.933867598064,14.38990593319666,,False,,,,,,,,,,,,-0.0663368619655992,,False,False,,False,True,False,,True,False,False,positive_harmless,False,False,False,True,False,False,True,True,False,False,False,True,True,True,False,True,True,True,False,structural_positive_cap_missing_primitives
rawr2q_00451,cand_00451,452,179433593,179433592,1,179433593,18.00531574201046,positive,0.0498483242710375,0.053478344253127,361.2020264535106,19.316486315607925,,False,,,,,,,,,,,,-0.0498483242710375,,False,False,,False,True,False,,True,False,False,positive_harmless,False,False,False,True,False,False,True,True,False,False,False,True,True,True,False,True,True,True,False,structural_positive_cap_missing_primitives
rawr2q_00452,cand_00452,453,180641719,180641716,3,180641999,35.02405233789855,positive,0.0559434039389059,0.0607003725406591,626.0622320398534,38.00221071845567,,False,,,,,,,,,,,,-0.0559434039389059,,False,False,,False,True,False,,True,False,False,positive_harmless,False,False,False,True,False,False,True,True,False,False,False,True,True,True,False,True,True,True,False,structural_positive_cap_missing_primitives
rawr2q_00453,cand_00453,454,604143557,604142790,767,604143557,-59.3237404284406,negative,-0.0052395941596817,0.0613546266448391,11322.20141875332,694.6694408452776,-549.8922565899411,True,0.0485676094473233,0.0485676094473233,0.0485676094473233,76.23714683878461,0.0067334208268465,0.0067334208268465,0.0553010302741698,0.0060535963706692,0.0060535963706692,0.0986656867087054,11.7098051442529,0.0052395941596817,1.0,False,True,1.0,False,False,True,1.0,False,True,True,negative_transferred_repaid,False,False,True,False,True,False,False,False,True,False,False,False,False,True,True,True,True,True,True,primitive_full_verified
rawr2q_00454,cand_00454,455,230891,230890,1,230891,11.349701016670412,positive,0.0744168930515604,0.0812431088851837,152.51511520115022,12.390802110923383,,False,,,,,,,,,,,,-0.0744168930515604,,False,False,,False,True,False,,True,False,False,positive_harmless,False,False,False,True,False,False,True,True,False,False,False,True,True,True,False,True,True,True,False,structural_positive_cap_missing_primitives
rawr2q_00455,cand_00455,456,30775091,30775090,1,30775091,16.24221618697599,positive,0.0546335114292263,0.0592299076839352,297.2940190384169,17.608697302631505,,False,,,,,,,,,,,,-0.0546335114292263,,False,False,,False,True,False,,True,False,False,positive_harmless,False,False,False,True,False,False,True,True,False,False,False,True,True,True,False,True,True,True,False,structural_positive_cap_missing_primitives
rawr2q_00456,cand_00456,457,12783817,12783816,1,12783817,15.363690632117276,positive,0.057376365311794,0.0622910070873101,267.7703711036427,16.67968608418866,,False,,,,,,,,,,,,-0.057376365311794,,False,False,,False,True,False,,True,False,False,positive_harmless,False,False,False,True,False,False,True,True,False,False,False,True,True,True,False,True,True,True,False,structural_positive_cap_missing_primitives
rawr2q_00457,cand_00457,458,109709671,109709668,3,109709861,34.026696141718304,positive,0.0573177509365859,0.063077134089216,593.6502320086511,37.44575528650388,,False,,,,,,,,,,,,-0.0573177509365859,,False,False,,False,True,False,,True,False,False,positive_harmless,False,False,False,True,False,False,True,True,False,False,False,True,True,True,False,True,True,True,False,structural_positive_cap_missing_primitives
rawr2q_00458,cand_00458,459,40861831,40861830,1,40861831,16.52570695790138,positive,0.053803305229468,0.0574831963320775,307.1504043742329,17.655986998121023,,False,,,,,,,,,,,,-0.053803305229468,,False,False,,False,True,False,,True,False,False,positive_harmless,False,False,False,True,False,False,True,True,False,False,False,True,True,True,False,True,True,True,False,structural_positive_cap_missing_primitives
rawr2q_00459,cand_00459,460,178299031,178299027,4,178299217,33.99794528509872,positive,0.0470936543841883,0.0536908999369261,721.9220026491189,38.76064200649914,,False,,,,,,,,,,,,-0.0470936543841883,,False,False,,False,True,False,,True,False,False,positive_harmless,False,False,False,True,False,False,True,True,False,False,False,True,True,True,False,True,True,True,False,structural_positive_cap_missing_primitives
rawr2q_00460,cand_00460,461,33487507,33487506,1,33487507,16.3266830018682,positive,0.0543834932936241,0.0575407317020136,300.21394384722845,17.274529996116748,,False,,,,,,,,,,,,-0.0543834932936241,,False,False,,False,True,False,,True,False,False,positive_harmless,False,False,False,True,False,False,True,True,False,False,False,True,True,True,False,True,True,True,False,structural_positive_cap_missing_primitives
rawr2q_00461,cand_00461,462,17594867,17594866,1,17594867,15.68311776974364,positive,0.0563479307971814,0.0600786871028681,278.326418519136,16.721485810673084,,False,,,,,,,,,,,,-0.0563479307971814,,False,False,,False,True,False,,True,False,False,positive_harmless,False,False,False,True,False,False,True,True,False,False,False,True,True,True,False,True,True,True,False,structural_positive_cap_missing_primitives
rawr2q_00462,cand_00462,463,604208350,604207847,503,604208581,-17.733697378940747,negative,-0.0019340935765608,0.0555703834394379,9168.996574857616,509.5246554197304,-382.0148076699807,True,0.0416637529037263,0.0416637529037263,0.0416637529037263,55.319856099673416,0.0060333598827342,0.0060333598827342,0.0476971127864605,0.0078732706529773,0.0078732706529773,0.1416810568089359,28.732003514664967,0.0019340935765608,1.0,False,True,1.0,False,False,True,1.0,False,True,True,negative_transferred_repaid,False,False,True,False,True,False,False,False,True,False,False,False,False,True,True,True,True,True,True,primitive_full_verified
rawr2q_00463,cand_00463,464,109593397,109593396,1,109593397,17.51228768431294,positive,0.0511002119729232,0.054101887905503,342.7047953067646,18.540976420364927,,False,,,,,,,,,,,,-0.0511002119729232,,False,False,,False,True,False,,True,False,False,positive_harmless,False,False,False,True,False,False,True,True,False,False,False,True,True,True,False,True,True,True,False,structural_positive_cap_missing_primitives
rawr2q_00464,cand_00464,465,40864853,40864852,1,40864853,16.52578091171557,positive,0.0538030919330261,0.0570730258776849,307.1529965654539,17.530150921388614,,False,,,,,,,,,,,,-0.0538030919330261,,False,False,,False,True,False,,True,False,False,positive_harmless,False,False,False,True,False,False,True,True,False,False,False,True,True,True,False,True,True,True,False,structural_positive_cap_missing_primitives
rawr2q_00465,cand_00465,466,33862469,33862468,1,33862469,16.337817849908106,positive,0.0543507045050372,0.0578902569502811,300.5999277965921,17.401807059380662,,False,,,,,,,,,,,,-0.0543507045050372,,False,False,,False,True,False,,True,False,False,positive_harmless,False,False,False,True,False,False,True,True,False,False,False,True,True,True,False,True,True,True,False,structural_positive_cap_missing_primitives
rawr2q_00466,cand_00466,467,30400417,30400416,1,30400417,16.229966883387636,positive,0.0546699590046811,0.0588312415358487,296.87175880263464,17.465334147290015,,False,,,,,,,,,,,,-0.0546699590046811,,False,False,,False,True,False,,True,False,False,positive_harmless,False,False,False,True,False,False,True,True,False,False,False,True,True,True,False,True,True,True,False,structural_positive_cap_missing_primitives
rawr2q_00467,cand_00467,468,31039963,31039962,1,31039963,16.250786061268272,positive,0.0546080406834165,0.0583303218485938,297.5896197316477,17.358498297747648,,False,,,,,,,,,,,,-0.0546080406834165,,False,False,,False,True,False,,True,False,False,positive_harmless,False,False,False,True,False,False,True,True,False,False,False,True,True,True,False,True,True,True,False,structural_positive_cap_missing_primitives
rawr2q_00468,cand_00468,469,30802151,30802150,1,30802151,16.243095083167603,positive,0.0546308981503567,0.0592880023223457,297.3243280471588,17.627765451749823,,False,,,,,,,,,,,,-0.0546308981503567,,False,False,,False,True,False,,True,False,False,positive_harmless,False,False,False,True,False,False,True,True,False,False,False,True,True,True,False,True,True,True,False,structural_positive_cap_missing_primitives
rawr2q_00469,cand_00469,470,33904141,33904140,1,33904141,16.33904771828289,positive,0.0543470853256932,0.0581891914296216,300.64257577689114,17.494148393776037,,False,,,,,,,,,,,,-0.0543470853256932,,False,False,,False,True,False,,True,False,False,positive_harmless,False,False,False,True,False,False,True,True,False,False,False,True,True,True,False,True,True,True,False,structural_positive_cap_missing_primitives
rawr2q_00470,cand_00470,471,187509061,187509060,1,187509061,18.049337727540443,positive,0.0497395106452593,0.0522625737058333,362.8772678578957,18.96489995759469,,False,,,,,,,,,,,,-0.0497395106452593,,False,False,,False,True,False,,True,False,False,positive_harmless,False,False,False,True,False,False,True,True,False,False,False,True,True,True,False,True,True,True,False,structural_positive_cap_missing_primitives
rawr2q_00471,cand_00471,472,33388783,33388782,1,33388783,16.323730563217257,positive,0.0543921939486125,0.0589474946578349,300.1116406269477,17.690829332611067,,False,,,,,,,,,,,,-0.0543921939486125,,False,False,,False,True,False,,True,False,False,positive_harmless,False,False,False,True,False,False,True,True,False,False,False,True,True,True,False,True,True,True,False,structural_positive_cap_missing_primitives
rawr2q_00472,cand_00472,473,109490539,109490538,1,109490539,17.511348701661493,positive,0.0511026559956361,0.0545556595614845,342.67003075450464,18.694589539766177,,False,,,,,,,,,,,,-0.0511026559956361,,False,False,,False,True,False,,True,False,False,positive_harmless,False,False,False,True,False,False,True,True,False,False,False,True,True,True,False,True,True,True,False,structural_positive_cap_missing_primitives
rawr2q_00473,cand_00473,474,39691573,39691572,1,39691573,16.49664945612307,positive,0.0538872429590042,0.0584362579013333,306.1327421904517,17.889251874683612,,False,,,,,,,,,,,,-0.0538872429590042,,False,False,,False,True,False,,True,False,False,positive_harmless,False,False,False,True,False,False,True,True,False,False,False,True,True,True,False,True,True,True,False,structural_positive_cap_missing_primitives
rawr2q_00474,cand_00474,475,17585857,17585856,1,17585857,15.682605557419812,positive,0.0563495505512696,0.0607320488763139,278.3093281844544,16.90229572203237,,False,,,,,,,,,,,,-0.0563495505512696,,False,False,,False,True,False,,True,False,False,positive_harmless,False,False,False,True,False,False,True,True,False,False,False,True,True,True,False,True,True,True,False,structural_positive_cap_missing_primitives
rawr2q_00475,cand_00475,476,59141,59140,1,59141,9.987679702292931,positive,0.0827280189182493,0.091902998374857,120.72910524018012,11.095366762686211,,False,,,,,,,,,,,,-0.0827280189182493,,False,False,,False,True,False,,True,False,False,positive_harmless,False,False,False,True,False,False,True,True,False,False,False,True,True,True,False,True,True,True,False,structural_positive_cap_missing_primitives
rawr2q_00476,cand_00476,477,17998327,17998326,1,17998327,15.705789367096394,positive,0.0562763297938478,0.060032945144278,279.0833983777909,16.754198345492604,,False,,,,,,,,,,,,-0.0562763297938478,,False,False,,False,True,False,,True,False,False,positive_harmless,False,False,False,True,False,False,True,True,False,False,False,True,True,True,False,True,True,True,False,structural_positive_cap_missing_primitives
rawr2q_00477,cand_00477,478,12895963,12895962,1,12895963,15.372424874617732,positive,0.0573477477986453,0.0621454033244644,268.05629627500144,16.65846664567209,,False,,,,,,,,,,,,-0.0573477477986453,,False,False,,False,True,False,,True,False,False,positive_harmless,False,False,False,True,False,False,True,True,False,False,False,True,True,True,False,True,True,True,False,structural_positive_cap_missing_primitives
rawr2q_00478,cand_00478,479,30795049,30795048,1,30795049,16.24286448826941,positive,0.0546315837689884,0.0587764106373514,297.3163757608224,17.475189390927166,,False,,,,,,,,,,,,-0.0546315837689884,,False,False,,False,True,False,,True,False,False,positive_harmless,False,False,False,True,False,False,True,True,False,False,False,True,True,True,False,True,True,True,False,structural_positive_cap_missing_primitives
rawr2q_00479,cand_00479,480,12422209,12422208,1,12422209,15.334996476947772,positive,0.0574705813426497,0.0626318690183186,266.8321099018961,16.71219375725715,,False,,,,,,,,,,,,-0.0574705813426497,,False,False,,False,True,False,,True,False,False,positive_harmless,False,False,False,True,False,False,True,True,False,False,False,True,True,True,False,True,True,True,False,structural_positive_cap_missing_primitives
rawr2q_00480,cand_00480,481,33877339,33877338,1,33877339,16.33825688275092,positive,0.0543494124916978,0.0574697978033588,300.6151517322596,17.276291986678984,,False,,,,,,,,,,,,-0.0543494124916978,,False,False,,False,True,False,,True,False,False,positive_harmless,False,False,False,True,False,False,True,True,False,False,False,True,True,True,False,True,True,True,False,structural_positive_cap_missing_primitives
rawr2q_00481,cand_00481,482,178037333,178037332,1,178037333,17.997503822219905,positive,0.0498676833751253,0.0526050690035047,360.9051514752599,18.985440397076363,,False,,,,,,,,,,,,-0.0498676833751253,,False,False,,False,True,False,,True,False,False,positive_harmless,False,False,False,True,False,False,True,True,False,False,False,True,True,True,False,True,True,True,False,structural_positive_cap_missing_primitives
rawr2q_00482,cand_00482,483,33453599,33453598,1,33453599,16.325669932173774,positive,0.0543864784352865,0.0582047066805612,300.1788385986304,17.471821252344803,,False,,,,,,,,,,,,-0.0543864784352865,,False,False,,False,True,False,,True,False,False,positive_harmless,False,False,False,True,False,False,True,True,False,False,False,True,True,True,False,True,True,True,False,structural_positive_cap_missing_primitives
rawr2q_00483,cand_00483,484,33486469,33486468,1,33486469,16.326652004753736,positive,0.0543835846258156,0.0590543775726441,300.2128696938367,17.728884159066833,,False,,,,,,,,,,,,-0.0543835846258156,,False,False,,False,True,False,,True,False,False,positive_harmless,False,False,False,True,False,False,True,True,False,False,False,True,True,True,False,True,True,True,False,structural_positive_cap_missing_primitives
rawr2q_00484,cand_00484,485,30788267,30788266,1,30788267,16.242644233808694,positive,0.0546322386588088,0.0592444114270652,297.30878017369616,17.613883693489342,,False,,,,,,,,,,,,-0.0546322386588088,,False,False,,False,True,False,,True,False,False,positive_harmless,False,False,False,True,False,False,True,True,False,False,False,True,True,True,False,True,True,True,False,structural_positive_cap_missing_primitives
rawr2q_00485,cand_00485,486,179621503,179621500,3,179621809,35.01272485653976,positive,0.0559586453495933,0.0607185564329466,625.6892860397697,37.99095022389583,,False,,,,,,,,,,,,-0.0559586453495933,,False,False,,False,True,False,,True,False,False,positive_harmless,False,False,False,True,False,False,True,True,False,False,False,True,True,True,False,True,True,True,False,structural_positive_cap_missing_primitives
rawr2q_00486,cand_00486,487,109567753,109567750,3,109567891,34.02410731121271,positive,0.0573214083021299,0.062415968235633,593.5671910201213,37.0480709404258,,False,,,,,,,,,,,,-0.0573214083021299,,False,False,,False,True,False,,True,False,False,positive_harmless,False,False,False,True,False,False,True,True,False,False,False,True,True,True,False,True,True,True,False,structural_positive_cap_missing_primitives
rawr2q_00487,cand_00487,488,108563857,108563856,1,108563857,17.502849101599622,positive,0.0511247897062246,0.054996504598093,342.3554248765661,18.82835169840615,,False,,,,,,,,,,,,-0.0511247897062246,,False,False,,False,True,False,,True,False,False,positive_harmless,False,False,False,True,False,False,True,True,False,False,False,True,True,True,False,True,True,True,False,structural_positive_cap_missing_primitives
rawr2q_00488,cand_00488,489,12883709,12883708,1,12883709,15.371474203024786,positive,0.0573508612709631,0.0626855439789416,268.02516758030606,16.801303429818468,,False,,,,,,,,,,,,-0.0573508612709631,,False,False,,False,True,False,,True,False,False,positive_harmless,False,False,False,True,False,False,True,True,False,False,False,True,True,True,False,True,True,True,False,structural_positive_cap_missing_primitives
rawr2q_00489,cand_00489,490,1196177,1196176,1,1196177,12.994641195853822,positive,0.0663499738413972,0.0723425694553522,195.84998220068888,14.168290940182828,,False,,,,,,,,,,,,-0.0663499738413972,,False,False,,False,True,False,,True,False,False,positive_harmless,False,False,False,True,False,False,True,True,False,False,False,True,True,True,False,True,True,True,False,structural_positive_cap_missing_primitives
rawr2q_00490,cand_00490,491,30805079,30805078,1,30805079,16.243190136946268,positive,0.0546306155357277,0.059199372758358,297.32760609888106,17.6016077847979,,False,,,,,,,,,,,,-0.0546306155357277,,False,False,,False,True,False,,True,False,False,positive_harmless,False,False,False,True,False,False,True,True,False,False,False,True,True,True,False,True,True,True,False,structural_positive_cap_missing_primitives
rawr2q_00491,cand_00491,492,40864429,40864428,1,40864429,16.525770535997356,positive,0.0538031218584098,0.0574003500361583,307.1526328804331,17.630668641864485,,False,,,,,,,,,,,,-0.0538031218584098,,False,False,,False,True,False,,True,False,False,positive_harmless,False,False,False,True,False,False,True,True,False,False,False,True,True,True,False,True,True,True,False,structural_positive_cap_missing_primitives
rawr2q_00492,cand_00492,493,30776687,30776686,1,30776687,16.24226804575415,positive,0.0546333572272576,0.0575172282560766,297.2958073616347,17.09963081159372,,False,,,,,,,,,,,,-0.0546333572272576,,False,False,,False,True,False,,True,False,False,positive_harmless,False,False,False,True,False,False,True,True,False,False,False,True,True,True,False,True,True,True,False,structural_positive_cap_missing_primitives
rawr2q_00493,cand_00493,494,3440929,3440928,1,3440929,14.05125205102998,positive,0.0620254276128566,0.067330432211459,226.54018830363412,15.253048791749,,False,,,,,,,,,,,,-0.0620254276128566,,False,False,,False,True,False,,True,False,False,positive_harmless,False,False,False,True,False,False,True,True,False,False,False,True,True,True,False,True,True,True,False,structural_positive_cap_missing_primitives
rawr2q_00494,cand_00494,495,33475061,33475060,1,33475061,16.326311271795266,positive,0.0543845886067494,0.0589771353560745,300.2010622871397,17.70499868454599,,False,,,,,,,,,,,,-0.0543845886067494,,False,False,,False,True,False,,True,False,False,positive_harmless,False,False,False,True,False,False,True,True,False,False,False,True,True,True,False,True,True,True,False,structural_positive_cap_missing_primitives
rawr2q_00495,cand_00495,496,7051189,7051188,1,7051189,14.768706813050487,positive,0.0593950581897329,0.0641413382477075,248.6521145559449,15.948879385740575,,False,,,,,,,,,,,,-0.0593950581897329,,False,False,,False,True,False,,True,False,False,positive_harmless,False,False,False,True,False,False,True,True,False,False,False,True,True,True,False,True,True,True,False,structural_positive_cap_missing_primitives
rawr2q_00496,cand_00496,497,109712789,109712788,1,109712789,17.513376500036497,positive,0.0510973782501361,0.0538341563467544,342.7451094321036,18.45139380825331,,False,,,,,,,,,,,,-0.0510973782501361,,False,False,,False,True,False,,True,False,False,positive_harmless,False,False,False,True,False,False,True,True,False,False,False,True,True,True,False,True,True,True,False,structural_positive_cap_missing_primitives
rawr2q_00497,cand_00497,498,12784687,12784686,1,12784687,15.363758684593112,positive,0.0573761422298032,0.0623343985337305,267.7725982875965,16.691443858071562,,False,,,,,,,,,,,,-0.0573761422298032,,False,False,,False,True,False,,True,False,False,positive_harmless,False,False,False,True,False,False,True,True,False,False,False,True,True,True,False,True,True,True,False,structural_positive_cap_missing_primitives
rawr2q_00498,cand_00498,499,7047823,7047822,1,7047823,14.768229332775425,positive,0.0593967349560759,0.0635363577559428,248.6370562909993,15.79749295988942,,False,,,,,,,,,,,,-0.0593967349560759,,False,False,,False,True,False,,True,False,False,positive_harmless,False,False,False,True,False,False,True,True,False,False,False,True,True,True,False,True,True,True,False,structural_positive_cap_missing_primitives
rawr2q_00499,cand_00499,500,30849131,30849130,1,30849131,16.244619139361394,positive,0.0546263671655719,0.0582246638945879,297.3768892616293,17.31466942727645,,False,,,,,,,,,,,,-0.0546263671655719,,False,False,,False,True,False,,True,False,False,positive_harmless,False,False,False,True,False,False,True,True,False,False,False,True,True,True,False,True,True,True,False,structural_positive_cap_missing_primitives
rawr2q_00500,cand_00500,501,33921049,33921048,1,33921049,16.339546294117334,positive,0.0543456182847851,0.0589798781115919,300.65986568583816,17.732882231198328,,False,,,,,,,,,,,,-0.0543456182847851,,False,False,,False,True,False,,True,False,False,positive_harmless,False,False,False,True,False,False,True,True,False,False,False,True,True,True,False,True,True,True,False,structural_positive_cap_missing_primitives
rawr2q_00501,cand_00501,502,3454387,3454386,1,3454387,14.05515557541925,positive,0.0620104897937103,0.0679790673252031,226.6577094000773,15.407979687084175,,False,,,,,,,,,,,,-0.0620104897937103,,False,False,,False,True,False,,True,False,False,positive_harmless,False,False,False,True,False,False,True,True,False,False,False,True,True,True,False,True,True,True,False,structural_positive_cap_missing_primitives
rawr2q_00502,cand_00502,503,108585611,108585610,1,108585611,17.50304946128987,positive,0.0511242677320197,0.0539363070407058,342.36283936693934,18.46578722342308,,False,,,,,,,,,,,,-0.0511242677320197,,False,False,,False,True,False,,True,False,False,positive_harmless,False,False,False,True,False,False,True,True,False,False,False,True,True,True,False,True,True,True,False,structural_positive_cap_missing_primitives
rawr2q_00503,cand_00503,504,109595947,109595946,1,109595947,17.51231095186741,positive,0.0511001514141315,0.0549182451089935,342.70565677863004,18.82079325920741,,False,,,,,,,,,,,,-0.0511001514141315,,False,False,,False,True,False,,True,False,False,positive_harmless,False,False,False,True,False,False,True,True,False,False,False,True,True,True,False,True,True,True,False,structural_positive_cap_missing_primitives
rawr2q_00504,cand_00504,505,30816259,30816258,1,30816259,16.24355299826949,positive,0.0546295367004087,0.0592946600278837,297.3401200041287,17.630681328294955,,False,,,,,,,,,,,,-0.0546295367004087,,False,False,,False,True,False,,True,False,False,positive_harmless,False,False,False,True,False,False,True,True,False,False,False,True,True,True,False,True,True,True,False,structural_positive_cap_missing_primitives
rawr2q_00505,cand_00505,506,109494731,109494730,1,109494731,17.511386987341627,positive,0.0511025563395362,0.0542490598802129,342.67144819512095,18.589603912376383,,False,,,,,,,,,,,,-0.0511025563395362,,False,False,,False,True,False,,True,False,False,positive_harmless,False,False,False,True,False,False,True,True,False,False,False,True,True,True,False,True,True,True,False,structural_positive_cap_missing_primitives
rawr2q_00506,cand_00506,507,33844543,33844542,1,33844543,16.337288333100634,positive,0.0543522628816317,0.0580375180528237,300.5815667450674,17.44500810631288,,False,,,,,,,,,,,,-0.0543522628816317,,False,False,,False,True,False,,True,False,False,positive_harmless,False,False,False,True,False,False,True,True,False,False,False,True,True,True,False,True,True,True,False,structural_positive_cap_missing_primitives
rawr2q_00507,cand_00507,508,356287,356286,1,356287,11.78349186482108,positive,0.0721065982574651,0.079146666755995,163.41766425794674,12.933963415066785,,False,,,,,,,,,,,,-0.0721065982574651,,False,False,,False,True,False,,True,False,False,positive_harmless,False,False,False,True,False,False,True,True,False,False,False,True,True,True,False,True,True,True,False,structural_positive_cap_missing_primitives
rawr2q_00508,cand_00508,509,187493880,187493471,409,187493959,-8.965630290394472,negative,-0.0012216958023469,0.0527000394631234,7338.676512738205,386.7485418284002,-316.3358721645318,True,0.0431053026544292,0.0431053026544292,0.0431053026544292,40.06961971794408,0.0054600607682315,0.0054600607682315,0.0485653634226607,0.0041346760404626,0.0041346760404626,0.0784567921121923,43.136793432442985,0.0012216958023469,1.0,False,True,1.0,False,False,True,1.0,False,True,True,negative_transferred_repaid,False,False,False,True,True,False,False,False,True,False,False,False,False,True,True,True,True,True,True,primitive_full_verified
rawr2q_00509,cand_00509,510,109637959,109637958,1,109637959,17.51269421375678,positive,0.0510991539135939,0.0539602066688582,342.7198470520638,18.49323377644884,,False,,,,,,,,,,,,-0.0510991539135939,,False,False,,False,True,False,,True,False,False,positive_harmless,False,False,False,True,False,False,True,True,False,False,False,True,True,True,False,True,True,True,False,structural_positive_cap_missing_primitives
rawr2q_00510,cand_00510,511,30824461,30824460,1,30824461,16.24381912105483,positive,0.0546287455086881,0.0591672091169923,297.3492978796562,17.593328088436454,,False,,,,,,,,,,,,-0.0546287455086881,,False,False,,False,True,False,,True,False,False,positive_harmless,False,False,False,True,False,False,True,True,False,False,False,True,True,True,False,True,True,True,False,structural_positive_cap_missing_primitives
rawr2q_00511,cand_00511,512,3440893,3440892,1,3440893,14.051241588684398,positive,0.0620254676592705,0.0667862835392073,226.53987336094283,15.129756215220045,,False,,,,,,,,,,,,-0.0620254676592705,,False,False,,False,True,False,,True,False,False,positive_harmless,False,False,False,True,False,False,True,True,False,False,False,True,True,True,False,True,True,True,False,structural_positive_cap_missing_primitives
rawr2q_00512,cand_00512,513,33413521,33413518,3,33413579,31.64894233292109,positive,0.0608805422645447,0.0672557489636599,519.8531608900043,34.96311368678324,,False,,,,,,,,,,,,-0.0608805422645447,,False,False,,False,True,False,,True,False,False,positive_harmless,False,False,False,True,False,False,True,True,False,False,False,True,True,True,False,True,True,True,False,structural_positive_cap_missing_primitives
rawr2q_00513,cand_00513,514,33925271,33925270,1,33925271,16.339670751862588,positive,0.0543452520847846,0.0576781537726849,300.66418178299887,17.341754910818295,,False,,,,,,,,,,,,-0.0543452520847846,,False,False,,False,True,False,,True,False,False,positive_harmless,False,False,False,True,False,False,True,True,False,False,False,True,True,True,False,True,True,True,False,structural_positive_cap_missing_primitives
rawr2q_00514,cand_00514,515,17988973,17988972,1,17988973,15.70526951702647,positive,0.0562779695453576,0.0612996030095636,279.06602963649374,17.106636830172178,,False,,,,,,,,,,,,-0.0562779695453576,,False,False,,False,True,False,,True,False,False,positive_harmless,False,False,False,True,False,False,True,True,False,False,False,True,True,True,False,True,True,True,False,structural_positive_cap_missing_primitives
rawr2q_00515,cand_00515,516,108563101,108563100,1,108563101,17.50284213793185,positive,0.0511248078480634,0.0539925958935485,342.3551671812265,18.4846441936842,,False,,,,,,,,,,,,-0.0511248078480634,,False,False,,False,True,False,,True,False,False,positive_harmless,False,False,False,True,False,False,True,True,False,False,False,True,True,True,False,True,True,True,False,structural_positive_cap_missing_primitives
rawr2q_00516,cand_00516,517,30819307,30819306,1,30819307,16.243651902204352,positive,0.0546292426531201,0.0592365302710272,297.3435309243958,17.613599070497084,,False,,,,,,,,,,,,-0.0546292426531201,,False,False,,False,True,False,,True,False,False,positive_harmless,False,False,False,True,False,False,True,True,False,False,False,True,True,True,False,True,True,True,False,structural_positive_cap_missing_primitives
rawr2q_00517,cand_00517,518,179148961,179148960,1,179148961,18.00372820208916,positive,0.0498522572192981,0.0522904782391367,361.14168557887865,18.8842714510075,,False,,,,,,,,,,,,-0.0498522572192981,,False,False,,False,True,False,,True,False,False,positive_harmless,False,False,False,True,False,False,True,True,False,False,False,True,True,True,False,True,True,True,False,structural_positive_cap_missing_primitives
rawr2q_00518,cand_00518,519,179651309,179651308,1,179651309,18.006528357887458,positive,0.049845320570699,0.0530909043365744,361.2481202191801,19.17898939232382,,False,,,,,,,,,,,,-0.049845320570699,,False,False,,False,True,False,,True,False,False,positive_harmless,False,False,False,True,False,False,True,True,False,False,False,True,True,True,False,True,True,True,False,structural_positive_cap_missing_primitives
rawr2q_00519,cand_00519,520,179378389,179378386,3,179378513,35.01001606420933,positive,0.0559622974953533,0.0607122453167207,625.6000491601744,37.98158365476504,,False,,,,,,,,,,,,-0.0559622974953533,,False,False,,False,True,False,,True,False,False,positive_harmless,False,False,False,True,False,False,True,True,False,False,False,True,True,True,False,True,True,True,False,structural_positive_cap_missing_primitives
rawr2q_00520,cand_00520,521,3452957,3452956,1,3452957,14.054741523355116,positive,0.0620120739290835,0.0671528393559398,226.64524233503275,15.2198715493125,,False,,,,,,,,,,,,-0.0620120739290835,,False,False,,False,True,False,,True,False,False,positive_harmless,False,False,False,True,False,False,True,True,False,False,False,True,True,True,False,True,True,True,False,structural_positive_cap_missing_primitives
rawr2q_00521,cand_00521,522,33913889,33913888,1,33913889,16.339335193459245,positive,0.0543462394310179,0.0584378328293779,300.6525449511344,17.569483161581413,,False,,,,,,,,,,,,-0.0543462394310179,,False,False,,False,True,False,,True,False,False,positive_harmless,False,False,False,True,False,False,True,True,False,False,False,True,True,True,False,True,True,True,False,structural_positive_cap_missing_primitives
rawr2q_00522,cand_00522,523,179152973,179152972,1,179152973,18.00375059660964,positive,0.0498522017351389,0.0538687959944211,361.1425367381412,19.454313636454653,,False,,,,,,,,,,,,-0.0498522017351389,,False,False,,False,True,False,,True,False,False,positive_harmless,False,False,False,True,False,False,True,True,False,False,False,True,True,True,False,True,True,True,False,structural_positive_cap_missing_primitives
rawr2q_00523,cand_00523,524,179663573,179663572,1,179663573,18.00659662113298,positive,0.0498451514905047,0.0534388495763542,361.2507151184637,19.304822624565965,,False,,,,,,,,,,,,-0.0498451514905047,,False,False,,False,True,False,,True,False,False,positive_harmless,False,False,False,True,False,False,True,True,False,False,False,True,True,True,False,True,True,True,False,structural_positive_cap_missing_primitives
rawr2q_00524,cand_00524,525,40862021,40862020,1,40862021,16.52571160770668,positive,0.0538032918185222,0.0578255929598368,307.1505673565046,17.761163685340172,,False,,,,,,,,,,,,-0.0538032918185222,,False,False,,False,True,False,,True,False,False,positive_harmless,False,False,False,True,False,False,True,True,False,False,False,True,True,True,False,True,True,True,False,structural_positive_cap_missing_primitives
rawr2q_00525,cand_00525,526,179146273,179146269,4,179146433,34.0074263842422,positive,0.0470832892558092,0.0531778236195784,722.2822984918428,38.40940067274289,,False,,,,,,,,,,,,-0.0470832892558092,,False,False,,False,True,False,,True,False,False,positive_harmless,False,False,False,True,False,False,True,True,False,False,False,True,True,True,False,True,True,True,False,structural_positive_cap_missing_primitives
rawr2q_00526,cand_00526,527,113356141,113356140,1,113356141,17.546045110777136,positive,0.0510125011966988,0.0543127915521944,343.9557892509805,18.68119908475901,,False,,,,,,,,,,,,-0.0510125011966988,,False,False,,False,True,False,,True,False,False,positive_harmless,False,False,False,True,False,False,True,True,False,False,False,True,True,True,False,True,True,True,False,structural_positive_cap_missing_primitives
rawr2q_00527,cand_00527,528,12787051,12787050,1,12787051,15.363943576211096,positive,0.0573755361475623,0.0623841782535297,267.7786493654204,16.705150994501814,,False,,,,,,,,,,,,-0.0573755361475623,,False,False,,False,True,False,,True,False,False,positive_harmless,False,False,False,True,False,False,True,True,False,False,False,True,True,True,False,True,True,True,False,structural_positive_cap_missing_primitives
rawr2q_00528,cand_00528,529,30775463,30775462,1,30775463,16.242228274600745,positive,0.0546334754866218,0.0589936799309258,297.2944358734414,17.53849279516295,,False,,,,,,,,,,,,-0.0546334754866218,,False,False,,False,True,False,,True,False,False,positive_harmless,False,False,False,True,False,False,True,True,False,False,False,True,True,True,False,True,True,True,False,structural_positive_cap_missing_primitives
rawr2q_00529,cand_00529,530,30372257,30372256,1,30372257,16.229040151020538,positive,0.0546727184499719,0.0585621346261097,296.8398245254778,17.38357376625181,,False,,,,,,,,,,,,-0.0546727184499719,,False,False,,False,True,False,,True,False,False,positive_harmless,False,False,False,True,False,False,True,True,False,False,False,True,True,True,False,True,True,True,False,structural_positive_cap_missing_primitives
rawr2q_00530,cand_00530,531,30405521,30405520,1,30405521,16.230134761729122,positive,0.0546694591585359,0.0588415207934629,296.87754390734625,17.46872617293631,,False,,,,,,,,,,,,-0.0546694591585359,,False,False,,False,True,False,,True,False,False,positive_harmless,False,False,False,True,False,False,True,True,False,False,False,True,True,True,False,True,True,True,False,structural_positive_cap_missing_primitives
rawr2q_00531,cand_00531,532,604687003,604687002,1,604687003,19.220221531709992,positive,0.0470096015601246,0.0495970487553804,408.8573587914284,20.27811835797453,,False,,,,,,,,,,,,-0.0470096015601246,,False,False,,False,True,False,,True,False,False,positive_harmless,False,False,True,False,False,False,True,True,False,False,False,True,True,True,False,True,True,True,False,structural_positive_cap_missing_primitives
rawr2q_00532,cand_00532,533,1516817,1516816,1,1516817,13.232124618225994,positive,0.0653266077142255,0.0719952590113774,202.5533711487144,14.58288241947935,,False,,,,,,,,,,,,-0.0653266077142255,,False,False,,False,True,False,,True,False,False,positive_harmless,False,False,False,True,False,False,True,True,False,False,False,True,True,True,False,True,True,True,False,structural_positive_cap_missing_primitives
rawr2q_00533,cand_00533,534,109710431,109710430,1,109710431,17.51335500732484,positive,0.0510974341834652,0.0537419808709699,342.7443136272395,18.41975834658881,,False,,,,,,,,,,,,-0.0510974341834652,,False,False,,False,True,False,,True,False,False,positive_harmless,False,False,False,True,False,False,True,True,False,False,False,True,True,True,False,True,True,True,False,structural_positive_cap_missing_primitives
rawr2q_00534,cand_00534,535,187510417,187510416,1,187510417,18.04934495916482,positive,0.0497394928090084,0.0531373503880506,362.87754337325816,19.282351170179847,,False,,,,,,,,,,,,-0.0497394928090084,,False,False,,False,True,False,,True,False,False,positive_harmless,False,False,False,True,False,False,True,True,False,False,False,True,True,True,False,True,True,True,False,structural_positive_cap_missing_primitives
rawr2q_00535,cand_00535,536,40837523,40837522,1,40837523,16.52511189809914,positive,0.0538050215530019,0.0582862399690892,307.12954704089606,17.90142648042334,,False,,,,,,,,,,,,-0.0538050215530019,,False,False,,False,True,False,,True,False,False,positive_harmless,False,False,False,True,False,False,True,True,False,False,False,True,True,True,False,True,True,True,False,structural_positive_cap_missing_primitives
rawr2q_00536,cand_00536,537,109705909,109705906,3,109705961,34.026627559532216,positive,0.0573178555311768,0.062945964652692,593.6479521817448,37.36774301417511,,False,,,,,,,,,,,,-0.0573178555311768,,False,False,,False,True,False,,True,False,False,positive_harmless,False,False,False,True,False,False,True,True,False,False,False,True,True,True,False,True,True,True,False,structural_positive_cap_missing_primitives
rawr2q_00537,cand_00537,538,22051937,22051936,1,22051937,15.9089110018039,positive,0.05564282559169,0.0592227219681117,285.911271266925,16.932443725790463,,False,,,,,,,,,,,,-0.05564282559169,,False,False,,False,True,False,,True,False,False,positive_harmless,False,False,False,True,False,False,True,True,False,False,False,True,True,True,False,True,True,True,False,structural_positive_cap_missing_primitives
rawr2q_00538,cand_00538,539,30405239,30405238,1,30405239,16.230125487054703,positive,0.0546694867729997,0.0586840450587244,296.8772242996521,17.421956407709814,,False,,,,,,,,,,,,-0.0546694867729997,,False,False,,False,True,False,,True,False,False,positive_harmless,False,False,False,True,False,False,True,True,False,False,False,True,True,True,False,True,True,True,False,structural_positive_cap_missing_primitives
rawr2q_00539,cand_00539,540,39693659,39693658,1,39693659,16.49670200997844,positive,0.0538870909124795,0.0578586689500238,306.13458122598354,17.71253938930835,,False,,,,,,,,,,,,-0.0538870909124795,,False,False,,False,True,False,,True,False,False,positive_harmless,False,False,False,True,False,False,True,True,False,False,False,True,True,True,False,True,True,True,False,structural_positive_cap_missing_primitives
rawr2q_00540,cand_00540,541,109549709,109549708,1,109549709,17.511888967680907,positive,0.0511012497405388,0.0553866981611319,342.6900331517461,18.98046942900405,,False,,,,,,,,,,,,-0.0511012497405388,,False,False,,False,True,False,,True,False,False,positive_harmless,False,False,False,True,False,False,True,True,False,False,False,True,True,True,False,True,True,True,False,structural_positive_cap_missing_primitives
rawr2q_00541,cand_00541,542,109708373,109708372,1,109708373,17.513336248677327,positive,0.0510974830016769,0.0539226810221447,342.74361905658986,18.481654842763973,,False,,,,,,,,,,,,-0.0510974830016769,,False,False,,False,True,False,,True,False,False,positive_harmless,False,False,False,True,False,False,True,True,False,False,False,True,True,True,False,True,True,True,False,structural_positive_cap_missing_primitives
rawr2q_00542,cand_00542,543,1513361,1513360,1,1513361,13.229843563120635,positive,0.0653362880936789,0.0719137564642965,202.48844783088572,14.561704924143726,,False,,,,,,,,,,,,-0.0653362880936789,,False,False,,False,True,False,,True,False,False,positive_harmless,False,False,False,True,False,False,True,True,False,False,False,True,True,True,False,True,True,True,False,structural_positive_cap_missing_primitives
rawr2q_00543,cand_00543,544,39639179,39639178,1,39639179,16.495328555808953,positive,0.0538910648108903,0.0572991505271071,306.0865212757042,17.538497656895142,,False,,,,,,,,,,,,-0.0538910648108903,,False,False,,False,True,False,,True,False,False,positive_harmless,False,False,False,True,False,False,True,True,False,False,False,True,True,True,False,True,True,True,False,structural_positive_cap_missing_primitives
rawr2q_00544,cand_00544,545,3439529,3439528,1,3439529,14.050845101370722,positive,0.0620269853200418,0.067250622654454,226.52793826545508,15.23414489698157,,False,,,,,,,,,,,,-0.0620269853200418,,False,False,,False,True,False,,True,False,False,positive_harmless,False,False,False,True,False,False,True,True,False,False,False,True,True,True,False,True,True,True,False,structural_positive_cap_missing_primitives
rawr2q_00545,cand_00545,546,109707407,109707406,1,109707407,17.51332744347653,positive,0.0510975059166955,0.0546180793996679,342.7432930293814,18.7199803923824,,False,,,,,,,,,,,,-0.0510975059166955,,False,False,,False,True,False,,True,False,False,positive_harmless,False,False,False,True,False,False,True,True,False,False,False,True,True,True,False,True,True,True,False,structural_positive_cap_missing_primitives
rawr2q_00546,cand_00546,547,187428431,187428430,1,187428431,18.04890762917491,positive,0.0497405714730582,0.0533980768267338,362.86088186483806,19.376073247235,,False,,,,,,,,,,,,-0.0497405714730582,,False,False,,False,True,False,,True,False,False,positive_harmless,False,False,False,True,False,False,True,True,False,False,False,True,True,True,False,True,True,True,False,structural_positive_cap_missing_primitives
rawr2q_00547,cand_00547,548,187428029,187428028,1,187428029,18.04890548435393,positive,0.0497405767633231,0.0533775287472083,362.8608001518493,19.368612791340343,,False,,,,,,,,,,,,-0.0497405767633231,,False,False,,False,True,False,,True,False,False,positive_harmless,False,False,False,True,False,False,True,True,False,False,False,True,True,True,False,True,True,True,False,structural_positive_cap_missing_primitives
rawr2q_00548,cand_00548,549,180642563,180642562,1,180642563,18.012030846706068,positive,0.0498316952064544,0.0527301641514067,361.4573169161031,19.05970365471315,,False,,,,,,,,,,,,-0.0498316952064544,,False,False,,False,True,False,,True,False,False,positive_harmless,False,False,False,True,False,False,True,True,False,False,False,True,True,True,False,True,True,True,False,structural_positive_cap_missing_primitives
rawr2q_00549,cand_00549,550,7049821,7049820,1,7049821,14.768512784395195,positive,0.0593957395483403,0.0635646765148008,248.6459954316347,15.805102266312495,,False,,,,,,,,,,,,-0.0593957395483403,,False,False,,False,True,False,,True,False,False,positive_harmless,False,False,False,True,False,False,True,True,False,False,False,True,True,True,False,True,True,True,False,structural_positive_cap_missing_primitives
rawr2q_00550,cand_00550,551,178893971,178893970,1,178893971,18.0023038475198,positive,0.0498557864209518,0.0530024887145839,361.0875515134657,19.1385388740692,,False,,,,,,,,,,,,-0.0498557864209518,,False,False,,False,True,False,,True,False,False,positive_harmless,False,False,False,True,False,False,True,True,False,False,False,True,True,True,False,True,True,True,False,structural_positive_cap_missing_primitives
rawr2q_00551,cand_00551,552,40874503,40874502,1,40874503,16.526017028086365,positive,0.0538024109411302,0.0570161561593372,307.1612728687732,17.513155099986758,,False,,,,,,,,,,,,-0.0538024109411302,,False,False,,False,True,False,,True,False,False,positive_harmless,False,False,False,True,False,False,True,True,False,False,False,True,True,True,False,True,True,True,False,structural_positive_cap_missing_primitives
rawr2q_00552,cand_00552,553,30819421,30819420,1,30819421,16.243655601177505,positive,0.0546292316559138,0.0587588750929464,297.3436584920203,17.471578889012335,,False,,,,,,,,,,,,-0.0546292316559138,,False,False,,False,True,False,,True,False,False,positive_harmless,False,False,False,True,False,False,True,True,False,False,False,True,True,True,False,True,True,True,False,structural_positive_cap_missing_primitives
rawr2q_00553,cand_00553,554,180640799,180640798,1,180640799,18.012021081517933,positive,0.0498317193806179,0.05321805432487,361.4569456040823,19.236035367259632,,False,,,,,,,,,,,,-0.0498317193806179,,False,False,,False,True,False,,True,False,False,positive_harmless,False,False,False,True,False,False,True,True,False,False,False,True,True,True,False,True,True,True,False,structural_positive_cap_missing_primitives
rawr2q_00554,cand_00554,555,108537551,108537550,1,108537551,17.502606763234606,positive,0.051125421056864,0.0546192148320618,342.34645703489497,18.698694683784144,,False,,,,,,,,,,,,-0.051125421056864,,False,False,,False,True,False,,True,False,False,positive_harmless,False,False,False,True,False,False,True,True,False,False,False,True,True,True,False,True,True,True,False,structural_positive_cap_missing_primitives
rawr2q_00555,cand_00555,556,17641999,17641998,1,17641999,15.685792924117932,positive,0.0563394727404797,0.0598426521833724,278.4156855065441,16.661133030163313,,False,,,,,,,,,,,,-0.0563394727404797,,False,False,,False,True,False,,True,False,False,positive_harmless,False,False,False,True,False,False,True,True,False,False,False,True,True,True,False,True,True,True,False,structural_positive_cap_missing_primitives
rawr2q_00556,cand_00556,557,3290149,3290148,1,3290149,14.00644341046985,positive,0.0621974129969923,0.0675498915325295,225.193343831634,15.211785949674494,,False,,,,,,,,,,,,-0.0621974129969923,,False,False,,False,True,False,,True,False,False,positive_harmless,False,False,False,True,False,False,True,True,False,False,False,True,True,True,False,True,True,True,False,structural_positive_cap_missing_primitives
rawr2q_00557,cand_00557,558,33912947,33912946,1,33912947,16.33930741684292,positive,0.0543463211624675,0.0574866140386708,300.65158169578393,17.283441437061434,,False,,,,,,,,,,,,-0.0543463211624675,,False,False,,False,True,False,,True,False,False,positive_harmless,False,False,False,True,False,False,True,True,False,False,False,True,True,True,False,True,True,True,False,structural_positive_cap_missing_primitives
rawr2q_00558,cand_00558,559,179412619,179412616,3,179412683,35.01039767912757,positive,0.0559617857622173,0.0619950192191761,625.612589060102,38.78486448253954,,False,,,,,,,,,,,,-0.0559617857622173,,False,False,,False,True,False,,True,False,False,positive_harmless,False,False,False,True,False,False,True,True,False,False,False,True,True,True,False,True,True,True,False,structural_positive_cap_missing_primitives
rawr2q_00559,cand_00559,560,12421481,12421480,1,12421481,15.334937870516908,positive,0.0574707740894504,0.0622752181913237,266.83019523364743,16.616908628208893,,False,,,,,,,,,,,,-0.0574707740894504,,False,False,,False,True,False,,True,False,False,positive_harmless,False,False,False,True,False,False,True,True,False,False,False,True,True,True,False,True,True,True,False,structural_positive_cap_missing_primitives
rawr2q_00560,cand_00560,561,33413669,33413668,1,33413669,16.32447562572338,positive,0.0543899980337629,0.0587642933105582,300.1374557062835,17.637365480608715,,False,,,,,,,,,,,,-0.0543899980337629,,False,False,,False,True,False,,True,False,False,positive_harmless,False,False,False,True,False,False,True,True,False,False,False,True,True,True,False,True,True,True,False,structural_positive_cap_missing_primitives
rawr2q_00561,cand_00561,562,30819749,30819748,1,30819749,16.243666243760785,positive,0.0546292000150804,0.0580547828799747,297.3440255262152,17.26224284258208,,False,,,,,,,,,,,,-0.0546292000150804,,False,False,,False,True,False,,True,False,False,positive_harmless,False,False,False,True,False,False,True,True,False,False,False,True,True,True,False,True,True,True,False,structural_positive_cap_missing_primitives
rawr2q_00562,cand_00562,563,179149511,179149510,1,179149511,18.003731272155274,positive,0.0498522496129642,0.0531911372632449,361.1418022642923,19.20954317573562,,False,,,,,,,,,,,,-0.0498522496129642,,False,False,,False,True,False,,True,False,False,positive_harmless,False,False,False,True,False,False,True,True,False,False,False,True,True,True,False,True,True,True,False,structural_positive_cap_missing_primitives
rawr2q_00563,cand_00563,564,33919969,33919968,1,33919969,16.339514454972466,positive,0.054345711967931,0.0572929033583325,300.6587615341992,17.22561336841481,,False,,,,,,,,,,,,-0.054345711967931,,False,False,,False,True,False,,True,False,False,positive_harmless,False,False,False,True,False,False,True,True,False,False,False,True,True,True,False,True,True,True,False,structural_positive_cap_missing_primitives
rawr2q_00564,cand_00564,565,108548483,108548482,1,108548483,17.50270747906425,positive,0.0511251586656382,0.0548290277819213,342.3501840558202,18.770727752742435,,False,,,,,,,,,,,,-0.0511251586656382,,False,False,,False,True,False,,True,False,False,positive_harmless,False,False,False,True,False,False,True,True,False,False,False,True,True,True,False,True,True,True,False,structural_positive_cap_missing_primitives
rawr2q_00565,cand_00565,566,179410463,179410462,1,179410463,18.00518682807336,positive,0.0498486436174763,0.0529344425052005,361.1971263699731,19.11976851887498,,False,,,,,,,,,,,,-0.0498486436174763,,False,False,,False,True,False,,True,False,False,positive_harmless,False,False,False,True,False,False,True,True,False,False,False,True,True,True,False,True,True,True,False,structural_positive_cap_missing_primitives
rawr2q_00566,cand_00566,567,187494809,187494808,1,187494809,18.04926171765816,positive,0.0497396981186181,0.0533769146537428,362.8743719878368,19.36911438362528,,False,,,,,,,,,,,,-0.0497396981186181,,False,False,,False,True,False,,True,False,False,positive_harmless,False,False,False,True,False,False,True,True,False,False,False,True,True,True,False,True,True,True,False,structural_positive_cap_missing_primitives
rawr2q_00567,cand_00567,568,22049009,22049008,1,22049009,15.90877821553649,positive,0.0556432350930537,0.0601826318256086,285.90678074220136,17.206622521852907,,False,,,,,,,,,,,,-0.0556432350930537,,False,False,,False,True,False,,True,False,False,positive_harmless,False,False,False,True,False,False,True,True,False,False,False,True,True,True,False,True,True,True,False,structural_positive_cap_missing_primitives
rawr2q_00568,cand_00568,569,12801863,12801862,1,12801863,15.365101265173926,positive,0.0573717414857354,0.0618257782739292,267.81653941939726,16.557965984234674,,False,,,,,,,,,,,,-0.0573717414857354,,False,False,,False,True,False,,True,False,False,positive_harmless,False,False,False,True,False,False,True,True,False,False,False,True,True,True,False,True,True,True,False,structural_positive_cap_missing_primitives
rawr2q_00569,cand_00569,570,3457007,3457006,1,3457007,14.055913743778772,positive,0.0620075893010592,0.0670021121055387,226.6805386601065,15.188074863448358,,False,,,,,,,,,,,,-0.0620075893010592,,False,False,,False,True,False,,True,False,False,positive_harmless,False,False,False,True,False,False,True,True,False,False,False,True,True,True,False,True,True,True,False,structural_positive_cap_missing_primitives
rawr2q_00570,cand_00570,571,33876299,33876298,1,33876299,16.338226183292385,positive,0.0543495028339976,0.0575605054459224,300.6140871830056,17.303498802418385,,False,,,,,,,,,,,,-0.0543495028339976,,False,False,,False,True,False,,True,False,False,positive_harmless,False,False,False,True,False,False,True,True,False,False,False,True,True,True,False,True,True,True,False,structural_positive_cap_missing_primitives
rawr2q_00571,cand_00571,572,109707049,109707048,1,109707049,17.513324180245785,positive,0.0510975144090673,0.0553866321277111,342.74317220287327,18.98338999308528,,False,,,,,,,,,,,,-0.0510975144090673,,False,False,,False,True,False,,True,False,False,positive_harmless,False,False,False,True,False,False,True,True,False,False,False,True,True,True,False,True,True,True,False,structural_positive_cap_missing_primitives
rawr2q_00572,cand_00572,573,187422503,187422502,1,187422503,18.04887600060225,positive,0.0497406494859905,0.0527563650979463,362.85967688632047,19.143157593137552,,False,,,,,,,,,,,,-0.0497406494859905,,False,False,,False,True,False,,True,False,False,positive_harmless,False,False,False,True,False,False,True,True,False,False,False,True,True,True,False,True,True,True,False,structural_positive_cap_missing_primitives
rawr2q_00573,cand_00573,574,39640721,39640720,1,39640721,16.495367455958934,positive,0.0538909522506911,0.0571320591561566,306.087882419027,17.487431005346554,,False,,,,,,,,,,,,-0.0538909522506911,,False,False,,False,True,False,,True,False,False,positive_harmless,False,False,False,True,False,False,True,True,False,False,False,True,True,True,False,True,True,True,False,structural_positive_cap_missing_primitives
rawr2q_00574,cand_00574,575,109549457,109549456,1,109549457,17.511886667352663,positive,0.0511012557278856,0.0540619683285294,342.6899479849093,18.526493114465552,,False,,,,,,,,,,,,-0.0511012557278856,,False,False,,False,True,False,,True,False,False,positive_harmless,False,False,False,True,False,False,True,True,False,False,False,True,True,True,False,True,True,True,False,structural_positive_cap_missing_primitives
rawr2q_00575,cand_00575,576,31038971,31038970,1,31038971,16.2507541019566,positive,0.0546081356265869,0.0595944719958201,297.58851708617243,17.734630547769534,,False,,,,,,,,,,,,-0.0546081356265869,,False,False,,False,True,False,,True,False,False,positive_harmless,False,False,False,True,False,False,True,True,False,False,False,True,True,True,False,True,True,True,False,structural_positive_cap_missing_primitives
rawr2q_00576,cand_00576,577,178897717,178897716,1,178897717,18.002324787078347,positive,0.0498557345342495,0.053307626629905,361.0883473136121,19.248762799003497,,False,,,,,,,,,,,,-0.0498557345342495,,False,False,,False,True,False,,True,False,False,positive_harmless,False,False,False,True,False,False,True,True,False,False,False,True,True,True,False,True,True,True,False,structural_positive_cap_missing_primitives
rawr2q_00577,cand_00577,578,30405371,30405370,1,30405371,16.230129828402376,positive,0.0546694738470451,0.0588782474204922,296.87737390360127,17.47961947424221,,False,,,,,,,,,,,,-0.0546694738470451,,False,False,,False,True,False,,True,False,False,positive_harmless,False,False,False,True,False,False,True,True,False,False,False,True,True,True,False,True,True,True,False,structural_positive_cap_missing_primitives
rawr2q_00578,cand_00578,579,33453479,33453478,1,33453479,16.325666345109337,positive,0.0543864890056183,0.0580210470558037,300.17871430205435,17.41668330767015,,False,,,,,,,,,,,,-0.0543864890056183,,False,False,,False,True,False,,True,False,False,positive_harmless,False,False,False,True,False,False,True,True,False,False,False,True,True,True,False,True,True,True,False,structural_positive_cap_missing_primitives
rawr2q_00579,cand_00579,580,108832879,108832878,1,108832879,17.50532404342507,positive,0.051118342767611,0.0551944556078763,342.447017952166,18.901176730410445,,False,,,,,,,,,,,,-0.051118342767611,,False,False,,False,True,False,,True,False,False,positive_harmless,False,False,False,True,False,False,True,True,False,False,False,True,True,True,False,True,True,True,False,structural_positive_cap_missing_primitives
rawr2q_00580,cand_00580,581,618463,618462,1,618463,12.3349926468749,positive,0.0693670673072352,0.0758472344787391,177.82202889220764,13.487309120872393,,False,,,,,,,,,,,,-0.0693670673072352,,False,False,,False,True,False,,True,False,False,positive_harmless,False,False,False,True,False,False,True,True,False,False,False,True,True,True,False,True,True,True,False,structural_positive_cap_missing_primitives
rawr2q_00581,cand_00581,582,30816061,30816060,1,30816061,16.243546573069203,positive,0.0546295558030208,0.058953267494846,297.33989841760666,17.529158568303504,,False,,,,,,,,,,,,-0.0546295558030208,,False,False,,False,True,False,,True,False,False,positive_harmless,False,False,False,True,False,False,True,True,False,False,False,True,True,True,False,True,True,True,False,structural_positive_cap_missing_primitives
rawr2q_00582,cand_00582,583,108833357,108833356,1,108833357,17.50532843547052,positive,0.0511183313282781,0.0551126535106919,342.44718050463354,18.873172804865234,,False,,,,,,,,,,,,-0.0511183313282781,,False,False,,False,True,False,,True,False,False,positive_harmless,False,False,False,True,False,False,True,True,False,False,False,True,True,True,False,True,True,True,False,structural_positive_cap_missing_primitives
rawr2q_00583,cand_00583,584,1188223,1188222,1,1188223,12.987969471727038,positive,0.0663791837272039,0.0716596292835551,195.6632899419676,14.021158821642151,,False,,,,,,,,,,,,-0.0663791837272039,,False,False,,False,True,False,,True,False,False,positive_harmless,False,False,False,True,False,False,True,True,False,False,False,True,True,True,False,True,True,True,False,structural_positive_cap_missing_primitives
rawr2q_00584,cand_00584,585,178900037,178900036,1,178900037,18.002337755298377,positive,0.0498557023999979,0.0529724911905533,361.08884016643816,19.12777540472376,,False,,,,,,,,,,,,-0.0498557023999979,,False,False,,False,True,False,,True,False,False,positive_harmless,False,False,False,True,False,False,True,True,False,False,False,True,True,True,False,True,True,True,False,structural_positive_cap_missing_primitives
rawr2q_00585,cand_00585,586,30372487,30372486,1,30372487,16.229047723692176,positive,0.0546726959004038,0.0591456035531357,296.8400854652626,17.55678601360734,,False,,,,,,,,,,,,-0.0546726959004038,,False,False,,False,True,False,,True,False,False,positive_harmless,False,False,False,True,False,False,True,True,False,False,False,True,True,True,False,True,True,True,False,structural_positive_cap_missing_primitives
rawr2q_00586,cand_00586,587,3459373,3459372,1,3459373,14.056597916739856,positive,0.0620049721210069,0.0670778427952545,226.70114082637505,15.206623485856436,,False,,,,,,,,,,,,-0.0620049721210069,,False,False,,False,True,False,,True,False,False,positive_harmless,False,False,False,True,False,False,True,True,False,False,False,True,True,True,False,True,True,True,False,structural_positive_cap_missing_primitives
rawr2q_00587,cand_00587,588,108625339,108625338,1,108625339,17.503415262373498,positive,0.0511233147796505,0.0546879388476579,342.3763763718365,18.7238583339057,,False,,,,,,,,,,,,-0.0511233147796505,,False,False,,False,True,False,,True,False,False,positive_harmless,False,False,False,True,False,False,True,True,False,False,False,True,True,True,False,True,True,True,False,structural_positive_cap_missing_primitives
rawr2q_00588,cand_00588,589,179148199,179148198,1,179148199,18.00372394863652,positive,0.0498522677575704,0.0533955975603065,361.14152391598105,19.28336747333353,,False,,,,,,,,,,,,-0.0498522677575704,,False,False,,False,True,False,,True,False,False,positive_harmless,False,False,False,True,False,False,True,True,False,False,False,True,True,True,False,True,True,True,False,structural_positive_cap_missing_primitives
rawr2q_00589,cand_00589,590,30372071,30372070,1,30372071,16.22903402699197,positive,0.0546727366858481,0.059405209494254,296.8396135032472,17.63381942635379,,False,,,,,,,,,,,,-0.0546727366858481,,False,False,,False,True,False,,True,False,False,positive_harmless,False,False,False,True,False,False,True,True,False,False,False,True,True,True,False,True,True,True,False,structural_positive_cap_missing_primitives
rawr2q_00590,cand_00590,591,1188553,1188552,1,1188553,12.988247158814184,positive,0.0663779674589157,0.0720415041049189,195.6710585760731,14.096437369621995,,False,,,,,,,,,,,,-0.0663779674589157,,False,False,,False,True,False,,True,False,False,positive_harmless,False,False,False,True,False,False,True,True,False,False,False,True,True,True,False,True,True,True,False,structural_positive_cap_missing_primitives
rawr2q_00591,cand_00591,592,30775243,30775242,1,30775243,16.242221126023114,positive,0.0546334967429427,0.0592419667918848,297.2941893586778,17.6122924934071,,False,,,,,,,,,,,,-0.0546334967429427,,False,False,,False,True,False,,True,False,False,positive_harmless,False,False,False,True,False,False,True,True,False,False,False,True,True,True,False,True,True,True,False,structural_positive_cap_missing_primitives
rawr2q_00592,cand_00592,593,31020361,31020360,1,31020361,16.250154353298075,positive,0.0546099173917325,0.0594288049849526,297.56782521260857,17.684100254356576,,False,,,,,,,,,,,,-0.0546099173917325,,False,False,,False,True,False,,True,False,False,positive_harmless,False,False,False,True,False,False,True,True,False,False,False,True,True,True,False,True,True,True,False,structural_positive_cap_missing_primitives
rawr2q_00593,cand_00593,594,7117519,7117518,1,7117519,14.778069767607407,positive,0.0593621973425256,0.0629010542370778,248.94748559148687,15.659059293374264,,False,,,,,,,,,,,,-0.0593621973425256,,False,False,,False,True,False,,True,False,False,positive_harmless,False,False,False,True,False,False,True,True,False,False,False,True,True,True,False,True,True,True,False,structural_positive_cap_missing_primitives
rawr2q_00594,cand_00594,595,180625573,180625572,1,180625573,18.01193678914428,positive,0.0498319280511612,0.0540405158920827,361.45374047441766,19.533146606360503,,False,,,,,,,,,,,,-0.0498319280511612,,False,False,,False,True,False,,True,False,False,positive_harmless,False,False,False,True,False,False,True,True,False,False,False,True,True,True,False,True,True,True,False,structural_positive_cap_missing_primitives
rawr2q_00595,cand_00595,596,187503917,187503916,1,187503917,18.0493102938232,positive,0.0497395783085502,0.0530090126830941,362.8762226703586,19.23571028992632,,False,,,,,,,,,,,,-0.0497395783085502,,False,False,,False,True,False,,True,False,False,positive_harmless,False,False,False,True,False,False,True,True,False,False,False,True,True,True,False,True,True,True,False,structural_positive_cap_missing_primitives
rawr2q_00596,cand_00596,597,187494523,187494522,1,187494523,18.04926019228144,positive,0.0497397018808736,0.0528707607606841,362.87431387323807,19.185441034989363,,False,,,,,,,,,,,,-0.0497397018808736,,False,False,,False,True,False,,True,False,False,positive_harmless,False,False,False,True,False,False,True,True,False,False,False,True,True,True,False,True,True,True,False,structural_positive_cap_missing_primitives
rawr2q_00597,cand_00597,598,604874233,604874232,1,604874233,19.220531115046366,positive,0.0470089192729355,0.0500097816638249,408.86987857455824,20.447493356428257,,False,,,,,,,,,,,,-0.0470089192729355,,False,False,,False,True,False,,True,False,False,positive_harmless,False,False,True,False,False,False,True,True,False,False,False,True,True,True,False,True,True,True,False,structural_positive_cap_missing_primitives
rawr2q_00598,cand_00598,599,3293281,3293280,1,3293281,14.007394890241423,positive,0.0621937511569249,0.0680363504019927,225.2219013916444,15.323276201284964,,False,,,,,,,,,,,,-0.0621937511569249,,False,False,,False,True,False,,True,False,False,positive_harmless,False,False,False,True,False,False,True,True,False,False,False,True,True,True,False,True,True,True,False,structural_positive_cap_missing_primitives
rawr2q_00599,cand_00599,600,39634897,39634896,1,39634897,16.49522052553676,positive,0.0538913774062018,0.0573656258538636,306.0827412371627,17.558628014136023,,False,,,,,,,,,,,,-0.0538913774062018,,False,False,,False,True,False,,True,False,False,positive_harmless,False,False,False,True,False,False,True,True,False,False,False,True,True,True,False,True,True,True,False,structural_positive_cap_missing_primitives
rawr2q_00600,cand_00600,601,231131,231130,1,231131,11.35073992833084,positive,0.0744111847870341,0.0819644318764493,152.54077677726565,12.50291810654085,,False,,,,,,,,,,,,-0.0744111847870341,,False,False,,False,True,False,,True,False,False,positive_harmless,False,False,False,True,False,False,True,True,False,False,False,True,True,True,False,True,True,True,False,structural_positive_cap_missing_primitives
rawr2q_00601,cand_00601,602,3281137,3281136,1,3281137,14.003700566633828,positive,0.0622079714330779,0.0679109811235516,225.11103069320825,15.28751095610971,,False,,,,,,,,,,,,-0.0622079714330779,,False,False,,False,True,False,,True,False,False,positive_harmless,False,False,False,True,False,False,True,True,False,False,False,True,True,True,False,True,True,True,False,structural_positive_cap_missing_primitives
rawr2q_00602,cand_00602,603,3279949,3279948,1,3279949,14.003338431458957,positive,0.0622093657200932,0.0689578925494887,225.10016408889325,15.522432928114176,,False,,,,,,,,,,,,-0.0622093657200932,,False,False,,False,True,False,,True,False,False,positive_harmless,False,False,False,True,False,False,True,True,False,False,False,True,True,True,False,True,True,True,False,structural_positive_cap_missing_primitives
rawr2q_00603,cand_00603,604,108583547,108583546,1,108583547,17.503030453065875,positive,0.0511243172515175,0.0548036969719685,342.3621359470832,18.76271075311983,,False,,,,,,,,,,,,-0.0511243172515175,,False,False,,False,True,False,,True,False,False,positive_harmless,False,False,False,True,False,False,True,True,False,False,False,True,True,True,False,True,True,True,False,structural_positive_cap_missing_primitives
rawr2q_00604,cand_00604,605,108549391,108549390,1,108549391,17.502715843955013,positive,0.0511251368730183,0.0552486098001437,342.35049360214384,18.91438883591144,,False,,,,,,,,,,,,-0.0511251368730183,,False,False,,False,True,False,,True,False,False,positive_harmless,False,False,False,True,False,False,True,True,False,False,False,True,True,True,False,True,True,True,False,structural_positive_cap_missing_primitives
rawr2q_00605,cand_00605,606,179378777,179378776,1,179378777,18.00501020070247,positive,0.0498490811665626,0.0534127556850271,361.19041272880486,19.292175270857754,,False,,,,,,,,,,,,-0.0498490811665626,,False,False,,False,True,False,,True,False,False,positive_harmless,False,False,False,True,False,False,True,True,False,False,False,True,True,True,False,True,True,True,False,structural_positive_cap_missing_primitives
rawr2q_00606,cand_00606,607,108835721,108835720,1,108835721,17.505350156516258,positive,0.0511182747546501,0.0538377238745202,342.44798441527627,18.436620026335643,,False,,,,,,,,,,,,-0.0511182747546501,,False,False,,False,True,False,,True,False,False,positive_harmless,False,False,False,True,False,False,True,True,False,False,False,True,True,True,False,True,True,True,False,structural_positive_cap_missing_primitives
rawr2q_00607,cand_00607,608,604715329,604715326,3,604715411,37.44053674605736,positive,0.0528697920195814,0.0575299398750813,708.1650090885637,40.74069039450147,,False,,,,,,,,,,,,-0.0528697920195814,,False,False,,False,True,False,,True,False,False,positive_harmless,False,False,True,False,False,False,True,True,False,False,False,True,True,True,False,True,True,True,False,structural_positive_cap_missing_primitives
rawr2q_00608,cand_00608,609,7050133,7050132,1,7050133,14.768557039858733,positive,0.0593955841377564,0.0632807219153433,248.64739111927835,15.734586412394654,,False,,,,,,,,,,,,-0.0593955841377564,,False,False,,False,True,False,,True,False,False,positive_harmless,False,False,False,True,False,False,True,True,False,False,False,True,True,True,False,True,True,True,False,structural_positive_cap_missing_primitives
rawr2q_00609,cand_00609,610,39690817,39690816,1,39690817,16.496630409077497,positive,0.0538872980652975,0.0572432765201052,306.1320756718554,17.524003059357785,,False,,,,,,,,,,,,-0.0538872980652975,,False,False,,False,True,False,,True,False,False,positive_harmless,False,False,False,True,False,False,True,True,False,False,False,True,True,True,False,True,True,True,False,structural_positive_cap_missing_primitives
rawr2q_00610,cand_00610,611,12787499,12787498,1,12787499,15.363978611040649,positive,0.0573754213034026,0.0624350554689092,267.7797959825958,16.718846415626555,,False,,,,,,,,,,,,-0.0573754213034026,,False,False,,False,True,False,,True,False,False,positive_harmless,False,False,False,True,False,False,True,True,False,False,False,True,True,True,False,True,True,True,False,structural_positive_cap_missing_primitives
rawr2q_00611,cand_00611,612,179471947,179471946,1,179471947,18.005529469556407,positive,0.049847794832762,0.0533176291738061,361.210150418177,19.258868853811084,,False,,,,,,,,,,,,-0.049847794832762,,False,False,,False,True,False,,True,False,False,positive_harmless,False,False,False,True,False,False,True,True,False,False,False,True,True,True,False,True,True,True,False,structural_positive_cap_missing_primitives
rawr2q_00612,cand_00612,613,3454541,3454540,1,3454541,14.055200155417774,positive,0.0620103192384295,0.0671373968539844,226.65905171969132,15.217298705852697,,False,,,,,,,,,,,,-0.0620103192384295,,False,False,,False,True,False,,True,False,False,positive_harmless,False,False,False,True,False,False,True,True,False,False,False,True,True,True,False,True,True,True,False,structural_positive_cap_missing_primitives
rawr2q_00613,cand_00613,614,178894333,178894332,1,178894333,18.002305871062745,positive,0.0498557814067549,0.0522469832588965,361.08762841742566,18.86573927691988,,False,,,,,,,,,,,,-0.0498557814067549,,False,False,,False,True,False,,True,False,False,positive_harmless,False,False,False,True,False,False,True,True,False,False,False,True,True,True,False,True,True,True,False,structural_positive_cap_missing_primitives
rawr2q_00614,cand_00614,615,12772597,12772596,1,12772597,15.362812574599436,positive,0.0573792438162723,0.0613475132513681,267.74163535146937,16.425283522667232,,False,,,,,,,,,,,,-0.0573792438162723,,False,False,,False,True,False,,True,False,False,positive_harmless,False,False,False,True,False,False,True,True,False,False,False,True,True,True,False,True,True,True,False,structural_positive_cap_missing_primitives
rawr2q_00615,cand_00615,616,39639547,39639546,1,39639547,16.495337839510107,positive,0.0538910379478344,0.058118617673595,306.08684611859417,17.78934438448308,,False,,,,,,,,,,,,-0.0538910379478344,,False,False,,False,True,False,,True,False,False,positive_harmless,False,False,False,True,False,False,True,True,False,False,False,True,True,True,False,True,True,True,False,structural_positive_cap_missing_primitives
rawr2q_00616,cand_00616,617,33924949,33924948,1,33924949,16.33966126036794,positive,0.0543452800120445,0.0587249591196037,300.6638526243047,17.656472454104847,,False,,,,,,,,,,,,-0.0543452800120445,,False,False,,False,True,False,,True,False,False,positive_harmless,False,False,False,True,False,False,True,True,False,False,False,True,True,True,False,True,True,True,False,structural_positive_cap_missing_primitives
rawr2q_00617,cand_00617,618,40841677,40841676,1,40841677,16.525213613101332,positive,0.0538047281699684,0.0573691069320696,307.13311218483227,17.61995235531097,,False,,,,,,,,,,,,-0.0538047281699684,,False,False,,False,True,False,,True,False,False,positive_harmless,False,False,False,True,False,False,True,True,False,False,False,True,True,True,False,True,True,True,False,structural_positive_cap_missing_primitives
rawr2q_00618,cand_00618,619,179143313,179143312,1,179143313,18.003696674755687,positive,0.0498523353309175,0.0526954111441211,361.1404873061204,19.03044645938425,,False,,,,,,,,,,,,-0.0498523353309175,,False,False,,False,True,False,,True,False,False,positive_harmless,False,False,False,True,False,False,True,True,False,False,False,True,True,True,False,True,True,True,False,structural_positive_cap_missing_primitives
rawr2q_00619,cand_00619,620,109709029,109709025,4,109709357,33.02668443806669,positive,0.0481798210102182,0.0536476402628444,685.487902312095,36.774808387771095,,False,,,,,,,,,,,,-0.0481798210102182,,False,False,,False,True,False,,True,False,False,positive_harmless,False,False,False,True,False,False,True,True,False,False,False,True,True,True,False,True,True,True,False,structural_positive_cap_missing_primitives
rawr2q_00620,cand_00620,621,109547923,109547922,1,109547923,17.51187266444673,positive,0.0511012921749983,0.0542878804108003,342.6894295446904,18.603882769167527,,False,,,,,,,,,,,,-0.0511012921749983,,False,False,,False,True,False,,True,False,False,positive_harmless,False,False,False,True,False,False,True,True,False,False,False,True,True,True,False,True,True,True,False,structural_positive_cap_missing_primitives
rawr2q_00621,cand_00621,622,109706381,109706380,1,109706381,17.51331809128396,positive,0.0510975302552506,0.0547045381421748,342.74294674906184,18.74959460339544,,False,,,,,,,,,,,,-0.0510975302552506,,False,False,,False,True,False,,True,False,False,positive_harmless,False,False,False,True,False,False,True,True,False,False,False,True,True,True,False,True,True,True,False,structural_positive_cap_missing_primitives
rawr2q_00622,cand_00622,623,3236923,3236922,1,3236923,13.990133745167933,positive,0.062260248661981,0.0665491911550268,224.7041096980224,14.953876749613803,,False,,,,,,,,,,,,-0.062260248661981,,False,False,,False,True,False,,True,False,False,positive_harmless,False,False,False,True,False,False,True,True,False,False,False,True,True,True,False,True,True,True,False,structural_positive_cap_missing_primitives
rawr2q_00623,cand_00623,624,17992787,17992786,1,17992787,15.705481513327612,positive,0.0562773008386565,0.0602231644947032,279.0731125921306,16.806665965684708,,False,,,,,,,,,,,,-0.0562773008386565,,False,False,,False,True,False,,True,False,False,positive_harmless,False,False,False,True,False,False,True,True,False,False,False,True,True,True,False,True,True,True,False,structural_positive_cap_missing_primitives
rawr2q_00624,cand_00624,625,179156291,179156290,1,179156291,18.00376911692342,positive,0.0498521558497199,0.053043692849709,361.1432406493323,19.15637113175173,,False,,,,,,,,,,,,-0.0498521558497199,,False,False,,False,True,False,,True,False,False,positive_harmless,False,False,False,True,False,False,True,True,False,False,False,True,True,True,False,True,True,True,False,structural_positive_cap_missing_primitives
rawr2q_00625,cand_00625,626,39641387,39641386,1,39641387,16.49538425672311,positive,0.0538909036366951,0.058475346315823,306.08847029039487,17.89862930351134,,False,,,,,,,,,,,,-0.0538909036366951,,False,False,,False,True,False,,True,False,False,positive_harmless,False,False,False,True,False,False,True,True,False,False,False,True,True,True,False,True,True,True,False,structural_positive_cap_missing_primitives
rawr2q_00626,cand_00626,627,108562541,108562540,1,108562541,17.502836979628164,positive,0.0511248212865523,0.0539266504041357,342.35497629469546,18.462057120760207,,False,,,,,,,,,,,,-0.0511248212865523,,False,False,,False,True,False,,True,False,False,positive_harmless,False,False,False,True,False,False,True,True,False,False,False,True,True,True,False,True,True,True,False,structural_positive_cap_missing_primitives
rawr2q_00627,cand_00627,628,179642357,179642356,1,179642357,18.00647852678356,positive,0.049845443997324,0.0535047767229565,361.2462259890843,19.32839866355664,,False,,,,,,,,,,,,-0.049845443997324,,False,False,,False,True,False,,True,False,False,positive_harmless,False,False,False,True,False,False,True,True,False,False,False,True,True,True,False,True,True,True,False,structural_positive_cap_missing_primitives
rawr2q_00628,cand_00628,629,604176893,604176892,1,604176893,19.21937758222657,positive,0.0470114616310681,0.0500161652626329,408.82322981264656,20.44777022551268,,False,,,,,,,,,,,,-0.0470114616310681,,False,False,,False,True,False,,True,False,False,positive_harmless,False,False,True,False,False,False,True,True,False,False,False,True,True,True,False,True,True,True,False,structural_positive_cap_missing_primitives
rawr2q_00629,cand_00629,630,30848971,30848970,1,30848971,16.24461395281611,positive,0.0546263825837853,0.058579513692382,297.3767103816601,17.420183077597972,,False,,,,,,,,,,,,-0.0546263825837853,,False,False,,False,True,False,,True,False,False,positive_harmless,False,False,False,True,False,False,True,True,False,False,False,True,True,True,False,True,True,True,False,structural_positive_cap_missing_primitives
rawr2q_00630,cand_00630,631,108582251,108582250,1,108582251,17.503018517484747,positive,0.0511243483456857,0.0547495290911708,342.36169425838347,18.74414153950189,,False,,,,,,,,,,,,-0.0511243483456857,,False,False,,False,True,False,,True,False,False,positive_harmless,False,False,False,True,False,False,True,True,False,False,False,True,True,True,False,True,True,True,False,structural_positive_cap_missing_primitives
rawr2q_00631,cand_00631,632,39640963,39640962,1,39640963,16.49537356077376,positive,0.0538909345860414,0.0580400668049056,306.0880960310215,17.76537354182685,,False,,,,,,,,,,,,-0.0538909345860414,,False,False,,False,True,False,,True,False,False,positive_harmless,False,False,False,True,False,False,True,True,False,False,False,True,True,True,False,True,True,True,False,structural_positive_cap_missing_primitives
rawr2q_00632,cand_00632,633,22048451,22048450,1,22048451,15.908752907956416,positive,0.0556433131401225,0.059301344400477,285.90592490232456,16.95460571876966,,False,,,,,,,,,,,,-0.0556433131401225,,False,False,,False,True,False,,True,False,False,positive_harmless,False,False,False,True,False,False,True,True,False,False,False,True,True,True,False,True,True,True,False,structural_positive_cap_missing_primitives
rawr2q_00633,cand_00633,634,33925711,33925710,1,33925711,16.33968372146117,positive,0.0543452139237862,0.0587468552079326,300.6646315603055,17.66310157641967,,False,,,,,,,,,,,,-0.0543452139237862,,False,False,,False,True,False,,True,False,False,positive_harmless,False,False,False,True,False,False,True,True,False,False,False,True,True,True,False,True,True,True,False,structural_positive_cap_missing_primitives
rawr2q_00634,cand_00634,635,109814323,109814320,3,109814437,34.02860303138397,positive,0.0573150637267435,0.0633755060442757,593.7113355333502,37.62675633364884,,False,,,,,,,,,,,,-0.0573150637267435,,False,False,,False,True,False,,True,False,False,positive_harmless,False,False,False,True,False,False,True,True,False,False,False,True,True,True,False,True,True,True,False,structural_positive_cap_missing_primitives
rawr2q_00635,cand_00635,636,31019627,31019626,1,31019627,16.25013069114005,positive,0.0546099876909013,0.0592948192838186,297.5670088614119,17.64418201526387,,False,,,,,,,,,,,,-0.0546099876909013,,False,False,,False,True,False,,True,False,False,positive_harmless,False,False,False,True,False,False,True,True,False,False,False,True,True,True,False,True,True,True,False,structural_positive_cap_missing_primitives
rawr2q_00636,cand_00636,637,179471563,179471562,1,179471563,18.00552732994397,positive,0.0498478001328783,0.0529207311887221,361.21006908924704,19.11550096893178,,False,,,,,,,,,,,,-0.0498478001328783,,False,False,,False,True,False,,True,False,False,positive_harmless,False,False,False,True,False,False,True,True,False,False,False,True,True,True,False,True,True,True,False,structural_positive_cap_missing_primitives
rawr2q_00637,cand_00637,638,40844891,40844890,1,40844891,16.525292304129255,positive,0.0538045011986305,0.0565828693332161,307.1358703451721,17.378628819284476,,False,,,,,,,,,,,,-0.0538045011986305,,False,False,,False,True,False,,True,False,False,positive_harmless,False,False,False,True,False,False,True,True,False,False,False,True,True,True,False,True,True,True,False,structural_positive_cap_missing_primitives
rawr2q_00638,cand_00638,639,180628951,180628950,1,180628951,18.01195549064018,positive,0.0498318817543989,0.053746653892514,361.4544515780833,19.4269673068757,,False,,,,,,,,,,,,-0.0498318817543989,,False,False,,False,True,False,,True,False,False,positive_harmless,False,False,False,True,False,False,True,True,False,False,False,True,True,True,False,True,True,True,False,structural_positive_cap_missing_primitives
rawr2q_00639,cand_00639,640,30419219,30419218,1,30419219,16.23058517056709,positive,0.0546681181423492,0.058670038662687,296.8930653201665,17.418727621017826,,False,,,,,,,,,,,,-0.0546681181423492,,False,False,,False,True,False,,True,False,False,positive_harmless,False,False,False,True,False,False,True,True,False,False,False,True,True,True,False,True,True,True,False,structural_positive_cap_missing_primitives
rawr2q_00640,cand_00640,641,187504433,187504432,1,187504433,18.049313045761924,positive,0.0497395715210829,0.0527700079995033,362.8763275154354,19.148986705819908,,False,,,,,,,,,,,,-0.0497395715210829,,False,False,,False,True,False,,True,False,False,positive_harmless,False,False,False,True,False,False,True,True,False,False,False,True,True,True,False,True,True,True,False,structural_positive_cap_missing_primitives
rawr2q_00641,cand_00641,642,17640383,17640382,1,17640383,15.685701320325355,positive,0.0563397623231231,0.0597908065041726,278.4126285511074,16.64651560201734,,False,,,,,,,,,,,,-0.0563397623231231,,False,False,,False,True,False,,True,False,False,positive_harmless,False,False,False,True,False,False,True,True,False,False,False,True,True,True,False,True,True,True,False,structural_positive_cap_missing_primitives
rawr2q_00642,cand_00642,643,40865009,40865008,1,40865009,16.52578472916971,positive,0.0538030809228299,0.0577667541715999,307.1531303731982,17.743239375305915,,False,,,,,,,,,,,,-0.0538030809228299,,False,False,,False,True,False,,True,False,False,positive_harmless,False,False,False,True,False,False,True,True,False,False,False,True,True,True,False,True,True,True,False,structural_positive_cap_missing_primitives
rawr2q_00643,cand_00643,644,109489717,109489716,1,109489717,17.511341194135333,positive,0.0511026755374729,0.0543575136108819,342.66975280569176,18.626675752172925,,False,,,,,,,,,,,,-0.0511026755374729,,False,False,,False,True,False,,True,False,False,positive_harmless,False,False,False,True,False,False,True,True,False,False,False,True,True,True,False,True,True,True,False,structural_positive_cap_missing_primitives
rawr2q_00644,cand_00644,645,22052533,22052532,1,22052533,15.908938028542916,positive,0.0556427422442994,0.0601268944145263,285.91218525310484,17.19101177453992,,False,,,,,,,,,,,,-0.0556427422442994,,False,False,,False,True,False,,True,False,False,positive_harmless,False,False,False,True,False,False,True,True,False,False,False,True,True,True,False,True,True,True,False,structural_positive_cap_missing_primitives
rawr2q_00645,cand_00645,646,4994851,4994850,1,4994851,14.423918139790043,positive,0.0606308735906759,0.0655616696833343,237.89725078294435,15.596940974404738,,False,,,,,,,,,,,,-0.0606308735906759,,False,False,,False,True,False,,True,False,False,positive_harmless,False,False,False,True,False,False,True,True,False,False,False,True,True,True,False,True,True,True,False,structural_positive_cap_missing_primitives
rawr2q_00646,cand_00646,647,1184527,1184526,1,1184527,12.984854096749215,positive,0.0663928320911218,0.0713029062187651,195.5761441073633,13.94514746191502,,False,,,,,,,,,,,,-0.0663928320911218,,False,False,,False,True,False,,True,False,False,positive_harmless,False,False,False,True,False,False,True,True,False,False,False,True,True,True,False,True,True,True,False,structural_positive_cap_missing_primitives
rawr2q_00647,cand_00647,648,12784897,12784896,1,12784897,15.363775110358976,positive,0.0573760883849591,0.0624796157859059,267.77313586240393,16.730362646470176,,False,,,,,,,,,,,,-0.0573760883849591,,False,False,,False,True,False,,True,False,False,positive_harmless,False,False,False,True,False,False,True,True,False,False,False,True,True,True,False,True,True,True,False,structural_positive_cap_missing_primitives
rawr2q_00648,cand_00648,649,109494937,109494936,1,109494937,17.511388868708924,positive,0.051102551442422,0.0546385149744283,342.67151784856065,18.723062859278656,,False,,,,,,,,,,,,-0.051102551442422,,False,False,,False,True,False,,True,False,False,positive_harmless,False,False,False,True,False,False,True,True,False,False,False,True,True,True,False,True,True,True,False,structural_positive_cap_missing_primitives
rawr2q_00649,cand_00649,650,180642689,180642688,1,180642689,18.01203154421586,positive,0.0498316934797384,0.0538199983464121,361.4573434382588,19.4536336261456,,False,,,,,,,,,,,,-0.0498316934797384,,False,False,,False,True,False,,True,False,False,positive_harmless,False,False,False,True,False,False,True,True,False,False,False,True,True,True,False,True,True,True,False,structural_positive_cap_missing_primitives
rawr2q_00650,cand_00650,651,30372383,30372382,1,30372383,16.229044299534714,positive,0.0546727060967068,0.0577692159185545,296.8399674753296,17.14821217433901,,False,,,,,,,,,,,,-0.0546727060967068,,False,False,,False,True,False,,True,False,False,positive_harmless,False,False,False,True,False,False,True,True,False,False,False,True,True,True,False,True,True,True,False,structural_positive_cap_missing_primitives
rawr2q_00651,cand_00651,652,39644461,39644460,1,39644461,16.49546179893472,positive,0.0538906792648927,0.0588197708884661,306.0911835579841,18.004213287860047,,False,,,,,,,,,,,,-0.0538906792648927,,False,False,,False,True,False,,True,False,False,positive_harmless,False,False,False,True,False,False,True,True,False,False,False,True,True,True,False,True,True,True,False,structural_positive_cap_missing_primitives
rawr2q_00652,cand_00652,653,30336731,30336730,1,30336731,16.227869780529264,positive,0.0546762037503313,0.0590425078700368,296.79949717487347,17.523786647770432,,False,,,,,,,,,,,,-0.0546762037503313,,False,False,,False,True,False,,True,False,False,positive_harmless,False,False,False,True,False,False,True,True,False,False,False,True,True,True,False,True,True,True,False,structural_positive_cap_missing_primitives
rawr2q_00653,cand_00653,654,109442621,109442620,1,109442621,17.510910960747644,positive,0.0511037954453198,0.0553579920235929,342.65382459672725,18.968627688879227,,False,,,,,,,,,,,,-0.0511037954453198,,False,False,,False,True,False,,True,False,False,positive_harmless,False,False,False,True,False,False,True,True,False,False,False,True,True,True,False,True,True,True,False,structural_positive_cap_missing_primitives
rawr2q_00654,cand_00654,655,109568047,109568046,1,109568047,17.512056348000765,positive,0.0511008140829798,0.0552176978121025,342.69623023155543,18.92289688227273,,False,,,,,,,,,,,,-0.0511008140829798,,False,False,,False,True,False,,True,False,False,positive_harmless,False,False,False,True,False,False,True,True,False,False,False,True,True,True,False,True,True,True,False,structural_positive_cap_missing_primitives
rawr2q_00655,cand_00655,656,1189057,1189056,1,1189057,12.988671113968772,positive,0.0663761106224701,0.0719034765237246,195.6829195347844,14.070282210863256,,False,,,,,,,,,,,,-0.0663761106224701,,False,False,,False,True,False,,True,False,False,positive_harmless,False,False,False,True,False,False,True,True,False,False,False,True,True,True,False,True,True,True,False,structural_positive_cap_missing_primitives
rawr2q_00656,cand_00656,657,179470607,179470606,1,179470607,18.005522003180605,positive,0.0498478133280137,0.0532267242816651,361.2098666133821,19.22601797804752,,False,,,,,,,,,,,,-0.0498478133280137,,False,False,,False,True,False,,True,False,False,positive_harmless,False,False,False,True,False,False,True,True,False,False,False,True,True,True,False,True,True,True,False,structural_positive_cap_missing_primitives
rawr2q_00657,cand_00657,658,604205663,604205662,1,604205663,19.219425199597183,positive,0.0470113566781223,0.0500425677380953,408.82515540210574,20.45866053224721,,False,,,,,,,,,,,,-0.0470113566781223,,False,False,,False,True,False,,True,False,False,positive_harmless,False,False,True,False,False,False,True,True,False,False,False,True,True,True,False,True,True,True,False,structural_positive_cap_missing_primitives
rawr2q_00658,cand_00658,659,40835243,40835242,1,40835243,16.525056065534326,positive,0.053805182595765,0.0569943124153184,307.12759010012144,17.504525821530173,,False,,,,,,,,,,,,-0.053805182595765,,False,False,,False,True,False,,True,False,False,positive_harmless,False,False,False,True,False,False,True,True,False,False,False,True,True,True,False,True,True,True,False,structural_positive_cap_missing_primitives
rawr2q_00659,cand_00659,660,109719919,109719918,1,109719919,17.513441485790604,positive,0.0510972091298465,0.0544002260223994,342.7475156477926,18.645542319855792,,False,,,,,,,,,,,,-0.0510972091298465,,False,False,,False,True,False,,True,False,False,positive_harmless,False,False,False,True,False,False,True,True,False,False,False,True,True,True,False,True,True,True,False,structural_positive_cap_missing_primitives
rawr2q_00660,cand_00660,661,17998151,17998150,1,17998151,15.705779588361928,positive,0.0562763606378147,0.0608850796926477,279.08307165493,16.99199505857932,,False,,,,,,,,,,,,-0.0562763606378147,,False,False,,False,True,False,,True,False,False,positive_harmless,False,False,False,True,False,False,True,True,False,False,False,True,True,True,False,True,True,True,False,structural_positive_cap_missing_primitives
rawr2q_00661,cand_00661,662,33915559,33915558,1,33915647,16.33938443460891,positive,0.0543460782769807,0.0590007255143094,300.6543425513327,17.738824339556334,,False,,,,,,,,,,,,-0.0543460782769807,,False,False,,False,True,False,,True,False,False,positive_harmless,False,False,False,True,False,False,True,True,False,False,False,True,True,True,False,True,True,True,False,structural_positive_cap_missing_primitives
rawr2q_00662,cand_00662,663,604872091,604872087,4,604872131,36.44105514430968,positive,0.0445631600411676,0.0503724694200252,817.7394760749742,41.19155675213406,,False,,,,,,,,,,,,-0.0445631600411676,,False,False,,False,True,False,,True,False,False,positive_harmless,False,False,True,False,False,False,True,True,False,False,False,True,True,True,False,True,True,True,False,structural_positive_cap_missing_primitives
rawr2q_00663,cand_00663,664,604206971,604206345,626,604206971,-80.07547556299744,negative,-0.0078284297100899,0.0508464536997485,10228.804310497868,520.0984247775177,-417.239971956551,True,0.0407906886563794,0.0407906886563794,0.0407906886563794,25.70258584925614,0.0025127654287879,0.0025127654287879,0.0433034540851674,0.007542999614581,0.007542999614581,0.1483485880671827,6.495102540706648,0.0078284297100899,1.0,False,True,1.0,False,False,True,1.0,False,True,True,negative_transferred_repaid,False,False,True,False,True,False,False,False,True,False,False,False,False,True,True,True,True,True,True,primitive_full_verified
rawr2q_00664,cand_00664,665,179661413,179661412,1,179661413,18.006584598590244,positive,0.0498451812688749,0.0530721365313695,361.2502581033679,19.17232302005441,,False,,,,,,,,,,,,-0.0498451812688749,,False,False,,False,True,False,,True,False,False,positive_harmless,False,False,False,True,False,False,True,True,False,False,False,True,True,True,False,True,True,True,False,structural_positive_cap_missing_primitives
rawr2q_00665,cand_00665,666,604874693,604874692,1,604874693,19.220531875534743,positive,0.0470089175969281,0.0497726846618487,408.8699093295167,20.350553064776705,,False,,,,,,,,,,,,-0.0470089175969281,,False,False,,False,True,False,,True,False,False,positive_harmless,False,False,True,False,False,False,True,True,False,False,False,True,True,True,False,True,True,True,False,structural_positive_cap_missing_primitives
rawr2q_00666,cand_00666,667,179381333,179381332,1,179381333,18.005024449778265,positive,0.0498490458678419,0.0531241987332051,361.1909543366696,19.187980038817244,,False,,,,,,,,,,,,-0.0498490458678419,,False,False,,False,True,False,,True,False,False,positive_harmless,False,False,False,True,False,False,True,True,False,False,False,True,True,True,False,True,True,True,False,structural_positive_cap_missing_primitives
rawr2q_00667,cand_00667,668,108592553,108592552,1,108592553,17.50311339036888,positive,0.0511241011871304,0.0543074254810474,342.36520513684803,18.59297286527288,,False,,,,,,,,,,,,-0.0511241011871304,,False,False,,False,True,False,,True,False,False,positive_harmless,False,False,False,True,False,False,True,True,False,False,False,True,True,True,False,True,True,True,False,structural_positive_cap_missing_primitives
rawr2q_00668,cand_00668,669,12837637,12837636,1,12837637,15.367891805021792,positive,0.0573625967336766,0.0620429187160608,267.9078821408995,16.621786955059825,,False,,,,,,,,,,,,-0.0573625967336766,,False,False,,False,True,False,,True,False,False,positive_harmless,False,False,False,True,False,False,True,True,False,False,False,True,True,True,False,True,True,True,False,structural_positive_cap_missing_primitives
rawr2q_00669,cand_00669,670,31025339,31025338,1,31025339,16.250314815667288,positive,0.0546094406702662,0.0580349191062369,297.57336123963034,17.26964594771296,,False,,,,,,,,,,,,-0.0546094406702662,,False,False,,False,True,False,,True,False,False,positive_harmless,False,False,False,True,False,False,True,True,False,False,False,True,True,True,False,True,True,True,False,structural_positive_cap_missing_primitives
rawr2q_00670,cand_00670,671,30824513,30824512,1,30824513,16.24382080802532,positive,0.0546287404933426,0.0588239211504652,297.34935605928695,17.491255074973097,,False,,,,,,,,,,,,-0.0546287404933426,,False,False,,False,True,False,,True,False,False,positive_harmless,False,False,False,True,False,False,True,True,False,False,False,True,True,True,False,True,True,True,False,structural_positive_cap_missing_primitives
rawr2q_00671,cand_00671,672,40834943,40834942,1,40834943,16.525048718912146,positive,0.0538052037863431,0.0579663029192045,307.12733260024424,17.80303599627303,,False,,,,,,,,,,,,-0.0538052037863431,,False,False,,False,True,False,,True,False,False,positive_harmless,False,False,False,True,False,False,True,True,False,False,False,True,True,True,False,True,True,True,False,structural_positive_cap_missing_primitives
rawr2q_00672,cand_00672,673,12799261,12799260,1,12799261,15.364897992848151,positive,0.0573724077336704,0.0616151003010251,267.8098863163255,16.501133006986525,,False,,,,,,,,,,,,-0.0573724077336704,,False,False,,False,True,False,,True,False,False,positive_harmless,False,False,False,True,False,False,True,True,False,False,False,True,True,True,False,True,True,True,False,structural_positive_cap_missing_primitives
rawr2q_00673,cand_00673,674,187509559,187509555,4,187509659,34.09868075615101,positive,0.0469837495471624,0.0532207644598697,725.7547787224318,38.6252241340114,,False,,,,,,,,,,,,-0.0469837495471624,,False,False,,False,True,False,,True,False,False,positive_harmless,False,False,False,True,False,False,True,True,False,False,False,True,True,True,False,True,True,True,False,structural_positive_cap_missing_primitives
rawr2q_00674,cand_00674,675,40882381,40882380,1,40882381,16.52620974580355,positive,0.0538018551296089,0.0579261844879289,307.16802805389926,17.793071861843487,,False,,,,,,,,,,,,-0.0538018551296089,,False,False,,False,True,False,,True,False,False,positive_harmless,False,False,False,True,False,False,True,True,False,False,False,True,True,True,False,True,True,True,False,structural_positive_cap_missing_primitives
rawr2q_00675,cand_00675,676,18001673,18001672,1,18001673,15.705975255985816,positive,0.0562757434717453,0.0597757164079624,279.0896092536104,16.682781335152853,,False,,,,,,,,,,,,-0.0562757434717453,,False,False,,False,True,False,,True,False,False,positive_harmless,False,False,False,True,False,False,True,True,False,False,False,True,True,True,False,True,True,True,False,structural_positive_cap_missing_primitives
rawr2q_00676,cand_00676,677,179149903,179149902,1,179149903,18.003733460269373,positive,0.0498522441917382,0.0534075488090611,361.14188542896176,19.287702873043628,,False,,,,,,,,,,,,-0.0498522441917382,,False,False,,False,True,False,,True,False,False,positive_harmless,False,False,False,True,False,False,True,True,False,False,False,True,True,True,False,True,True,True,False,structural_positive_cap_missing_primitives
rawr2q_00677,cand_00677,678,16183,16182,1,16183,8.691716587516886,positive,0.0925345985959794,0.1069747307954135,93.92937041274996,10.048069113686603,,False,,,,,,,,,,,,-0.0925345985959794,,False,False,,False,True,False,,True,False,False,positive_harmless,False,False,False,True,False,False,True,True,False,False,False,True,True,True,False,True,True,True,False,structural_positive_cap_missing_primitives
rawr2q_00678,cand_00678,679,17989039,17989038,1,17989039,15.705273185934022,positive,0.0562779579722709,0.0610495652145156,279.06615221668625,17.036867258916523,,False,,,,,,,,,,,,-0.0562779579722709,,False,False,,False,True,False,,True,False,False,positive_harmless,False,False,False,True,False,False,True,True,False,False,False,True,True,True,False,True,True,True,False,structural_positive_cap_missing_primitives
rawr2q_00679,cand_00679,680,604864891,604864888,3,604865039,37.441031337481846,positive,0.0528691966638168,0.0585344103602869,708.1823386793789,41.45303562216644,,False,,,,,,,,,,,,-0.0528691966638168,,False,False,,False,True,False,,True,False,False,positive_harmless,False,False,True,False,False,False,True,True,False,False,False,True,True,True,False,True,True,True,False,structural_positive_cap_missing_primitives
rawr2q_00680,cand_00680,681,179436689,179436688,1,179436689,18.00533299615579,positive,0.0498482815292664,0.0537520972306284,361.202682294768,19.41540169867215,,False,,,,,,,,,,,,-0.0498482815292664,,False,False,,False,True,False,,True,False,False,positive_harmless,False,False,False,True,False,False,True,True,False,False,False,True,True,True,False,True,True,True,False,structural_positive_cap_missing_primitives
rawr2q_00681,cand_00681,682,33912811,33912810,1,33912811,16.339303406567062,positive,0.0543463329625448,0.0577269241070986,300.65144262498814,17.3556830111024,,False,,,,,,,,,,,,-0.0543463329625448,,False,False,,False,True,False,,True,False,False,positive_harmless,False,False,False,True,False,False,True,True,False,False,False,True,True,True,False,True,True,True,False,structural_positive_cap_missing_primitives
rawr2q_00682,cand_00682,683,108595723,108595722,1,108595723,17.503142581631487,positive,0.0511240251398497,0.0551376168754321,342.3662853961843,18.87726107523965,,False,,,,,,,,,,,,-0.0511240251398497,,False,False,,False,True,False,,True,False,False,positive_harmless,False,False,False,True,False,False,True,True,False,False,False,True,True,True,False,True,True,True,False,structural_positive_cap_missing_primitives
rawr2q_00683,cand_00683,684,33924533,33924532,1,33924533,16.339648997930915,positive,0.0543453160924176,0.0593030599397281,300.6634273714466,17.83026125509298,,False,,,,,,,,,,,,-0.0543453160924176,,False,False,,False,True,False,,True,False,False,positive_harmless,False,False,False,True,False,False,True,True,False,False,False,True,True,True,False,True,True,True,False,structural_positive_cap_missing_primitives
rawr2q_00684,cand_00684,685,180619633,180619632,1,180619633,18.011903902894705,positive,0.0498320094634061,0.053162119593626,361.4524900129029,19.21558050147985,,False,,,,,,,,,,,,-0.0498320094634061,,False,False,,False,True,False,,True,False,False,positive_harmless,False,False,False,True,False,False,True,True,False,False,False,True,True,True,False,True,True,True,False,structural_positive_cap_missing_primitives
rawr2q_00685,cand_00685,686,33844607,33844606,1,33844607,16.337290224097938,positive,0.0543522573162375,0.0589132052300743,300.5816323146019,17.708227392940877,,False,,,,,,,,,,,,-0.0543522573162375,,False,False,,False,True,False,,True,False,False,positive_harmless,False,False,False,True,False,False,True,True,False,False,False,True,True,True,False,True,True,True,False,structural_positive_cap_missing_primitives
rawr2q_00686,cand_00686,687,109814843,109814842,1,109814843,17.514306260052784,positive,0.0510949587293409,0.0545676585381428,342.77953629102973,18.70467669019184,,False,,,,,,,,,,,,-0.0510949587293409,,False,False,,False,True,False,,True,False,False,positive_harmless,False,False,False,True,False,False,True,True,False,False,False,True,True,True,False,True,True,True,False,structural_positive_cap_missing_primitives
rawr2q_00687,cand_00687,688,30819587,30819586,1,30819587,16.2436609873771,positive,0.0546292156425185,0.0590050793129095,297.34384424759105,17.54479711303452,,False,,,,,,,,,,,,-0.0546292156425185,,False,False,,False,True,False,,True,False,False,positive_harmless,False,False,False,True,False,False,True,True,False,False,False,True,True,True,False,True,True,True,False,structural_positive_cap_missing_primitives
rawr2q_00688,cand_00688,689,12776207,12776206,1,12776207,15.36309517099996,positive,0.057378317359259,0.0616763461067941,267.7508835752022,16.5138961657841,,False,,,,,,,,,,,,-0.057378317359259,,False,False,,False,True,False,,True,False,False,positive_harmless,False,False,False,True,False,False,True,True,False,False,False,True,True,True,False,True,True,True,False,structural_positive_cap_missing_primitives
rawr2q_00689,cand_00689,690,179472523,179472522,1,179472523,18.00553267896649,positive,0.0498477868826109,0.0525914466370504,361.21027241126313,18.996570766271383,,False,,,,,,,,,,,,-0.0498477868826109,,False,False,,False,True,False,,True,False,False,positive_harmless,False,False,False,True,False,False,True,True,False,False,False,True,True,True,False,True,True,True,False,structural_positive_cap_missing_primitives
rawr2q_00690,cand_00690,691,39640879,39640878,1,39640879,16.49537144175135,positive,0.0538909407175592,0.0579616447381054,306.0880218848487,17.74136518307903,,False,,,,,,,,,,,,-0.0538909407175592,,False,False,,False,True,False,,True,False,False,positive_harmless,False,False,False,True,False,False,True,True,False,False,False,True,True,True,False,True,True,True,False,structural_positive_cap_missing_primitives
rawr2q_00691,cand_00691,692,108573587,108573586,1,108573587,17.50293872225489,positive,0.0511245562264602,0.0550361137334319,342.35874135951923,18.842094627097097,,False,,,,,,,,,,,,-0.0511245562264602,,False,False,,False,True,False,,True,False,False,positive_harmless,False,False,False,True,False,False,True,True,False,False,False,True,True,True,False,True,True,True,False,structural_positive_cap_missing_primitives
rawr2q_00692,cand_00692,693,109442251,109442250,1,109442251,17.51090757997494,positive,0.051103804245746,0.0546254127662521,342.6536994343737,18.71759976748595,,False,,,,,,,,,,,,-0.051103804245746,,False,False,,False,True,False,,True,False,False,positive_harmless,False,False,False,True,False,False,True,True,False,False,False,True,True,True,False,True,True,True,False,structural_positive_cap_missing_primitives
rawr2q_00693,cand_00693,694,39640409,39640408,1,39640409,16.49535958523358,positive,0.0538909750251262,0.0587946146469265,306.0876070166245,17.99630290274231,,False,,,,,,,,,,,,-0.0538909750251262,,False,False,,False,True,False,,True,False,False,positive_harmless,False,False,False,True,False,False,True,True,False,False,False,True,True,True,False,True,True,True,False,structural_positive_cap_missing_primitives
rawr2q_00694,cand_00694,695,604435457,604435456,1,604435457,19.219805451433675,positive,0.0470105185858104,0.0493137121900815,408.84053249382697,20.16144435104025,,False,,,,,,,,,,,,-0.0470105185858104,,False,False,,False,True,False,,True,False,False,positive_harmless,False,False,True,False,False,False,True,True,False,False,False,True,True,True,False,True,True,True,False,structural_positive_cap_missing_primitives
rawr2q_00695,cand_00695,696,179413093,179413092,1,179413093,18.005201487088662,positive,0.0498486073038633,0.053125528818645,361.1976835648372,19.18881794745157,,False,,,,,,,,,,,,-0.0498486073038633,,False,False,,False,True,False,,True,False,False,positive_harmless,False,False,False,True,False,False,True,True,False,False,False,True,True,True,False,True,True,True,False,structural_positive_cap_missing_primitives
rawr2q_00696,cand_00696,697,108592199,108592198,1,108592199,17.50311013047152,positive,0.0511241096796283,0.0552761062932465,342.3650845003576,18.92460880193809,,False,,,,,,,,,,,,-0.0511241096796283,,False,False,,False,True,False,,True,False,False,positive_harmless,False,False,False,True,False,False,True,True,False,False,False,True,True,True,False,True,True,True,False,structural_positive_cap_missing_primitives
rawr2q_00697,cand_00697,698,30419023,30419022,1,30419023,16.230578727251388,positive,0.0546681373257709,0.058411252820423,296.892843276008,17.341882929169127,,False,,,,,,,,,,,,-0.0546681373257709,,False,False,,False,True,False,,True,False,False,positive_harmless,False,False,False,True,False,False,True,True,False,False,False,True,True,True,False,True,True,True,False,structural_positive_cap_missing_primitives
rawr2q_00698,cand_00698,699,108553589,108553588,1,108553589,17.50275451684656,positive,0.051125036120763,0.0545865214664789,342.3519247106858,18.68780068731022,,False,,,,,,,,,,,,-0.051125036120763,,False,False,,False,True,False,,True,False,False,positive_harmless,False,False,False,True,False,False,True,True,False,False,False,True,True,True,False,True,True,True,False,structural_positive_cap_missing_primitives
rawr2q_00699,cand_00699,700,17984893,17984892,1,17984893,15.705042685691884,positive,0.0562786850641957,0.0605582183755319,279.0584511307879,16.89928262311595,,False,,,,,,,,,,,,-0.0562786850641957,,False,False,,False,True,False,,True,False,False,positive_harmless,False,False,False,True,False,False,True,True,False,False,False,True,True,True,False,True,True,True,False,structural_positive_cap_missing_primitives
rawr2q_00700,cand_00700,701,33863117,33863116,1,33863117,16.337836985955153,positive,0.0543506481890048,0.0587001623650556,300.6005913515545,17.645303519367978,,False,,,,,,,,,,,,-0.0543506481890048,,False,False,,False,True,False,,True,False,False,positive_harmless,False,False,False,True,False,False,True,True,False,False,False,True,True,True,False,True,True,True,False,structural_positive_cap_missing_primitives
rawr2q_00701,cand_00701,702,33413759,33413758,1,33413759,16.32447831922821,positive,0.0543899900955449,0.0586290314487052,300.1375490334083,17.596773801216994,,False,,,,,,,,,,,,-0.0543899900955449,,False,False,,False,True,False,,True,False,False,positive_harmless,False,False,False,True,False,False,True,True,False,False,False,True,True,True,False,True,True,True,False,structural_positive_cap_missing_primitives
rawr2q_00702,cand_00702,703,179400479,179400478,1,179400479,18.00513117759656,positive,0.0498487814764575,0.0528297241791223,361.19501107765257,19.08183281010741,,False,,,,,,,,,,,,-0.0498487814764575,,False,False,,False,True,False,,True,False,False,positive_harmless,False,False,False,True,False,False,True,True,False,False,False,True,True,True,False,True,True,True,False,structural_positive_cap_missing_primitives
rawr2q_00703,cand_00703,704,109611101,109611100,1,109611101,17.512449213845407,positive,0.0510997915606843,0.0550890190175448,342.7107758952054,18.879600450808507,,False,,,,,,,,,,,,-0.0510997915606843,,False,False,,False,True,False,,True,False,False,positive_harmless,False,False,False,True,False,False,True,True,False,False,False,True,True,True,False,True,True,True,False,structural_positive_cap_missing_primitives
rawr2q_00704,cand_00704,705,108532859,108532858,1,108532859,17.50256353302188,positive,0.0511255336837613,0.0552219564852861,342.34485729351104,18.904952812423748,,False,,,,,,,,,,,,-0.0511255336837613,,False,False,,False,True,False,,True,False,False,positive_harmless,False,False,False,True,False,False,True,True,False,False,False,True,True,True,False,True,True,True,False,structural_positive_cap_missing_primitives
rawr2q_00705,cand_00705,706,109707751,109707750,1,109707751,17.51333057908488,positive,0.0510974977564563,0.0545132051318996,342.7434091304793,18.684041769536407,,False,,,,,,,,,,,,-0.0510974977564563,,False,False,,False,True,False,,True,False,False,positive_harmless,False,False,False,True,False,False,True,True,False,False,False,True,True,True,False,True,True,True,False,structural_positive_cap_missing_primitives
rawr2q_00706,cand_00706,707,31027937,31027936,1,31027937,16.250398550166704,positive,0.0546091919047424,0.0585998688638257,297.5762501395935,17.437929235169175,,False,,,,,,,,,,,,-0.0546091919047424,,False,False,,False,True,False,,True,False,False,positive_harmless,False,False,False,True,False,False,True,True,False,False,False,True,True,True,False,True,True,True,False,structural_positive_cap_missing_primitives
rawr2q_00707,cand_00707,708,109721779,109721778,1,109721779,17.5134584379015,positive,0.0510971650135009,0.0547506845400794,342.7481433319063,18.76569547226312,,False,,,,,,,,,,,,-0.0510971650135009,,False,False,,False,True,False,,True,False,False,positive_harmless,False,False,False,True,False,False,True,True,False,False,False,True,True,True,False,True,True,True,False,structural_positive_cap_missing_primitives
rawr2q_00708,cand_00708,709,30794947,30794946,1,30794947,16.242861176043185,positive,0.0546315936172236,0.0590213018912058,297.31626153629736,17.547992829298508,,False,,,,,,,,,,,,-0.0546315936172236,,False,False,,False,True,False,,True,False,False,positive_harmless,False,False,False,True,False,False,True,True,False,False,False,True,True,True,False,True,True,True,False,structural_positive_cap_missing_primitives
rawr2q_00709,cand_00709,710,31028143,31028142,1,31028143,16.250405189322773,positive,0.0546091721806733,0.0591241272165089,297.57647919581404,17.593949612614125,,False,,,,,,,,,,,,-0.0546091721806733,,False,False,,False,True,False,,True,False,False,positive_harmless,False,False,False,True,False,False,True,True,False,False,False,True,True,True,False,True,True,True,False,structural_positive_cap_missing_primitives
rawr2q_00710,cand_00710,711,179149753,179149752,1,179149753,18.00373262298138,positive,0.0498522462661854,0.0537788253624078,361.1418536057668,19.421784676120776,,False,,,,,,,,,,,,-0.0498522462661854,,False,False,,False,True,False,,True,False,False,positive_harmless,False,False,False,True,False,False,True,True,False,False,False,True,True,True,False,True,True,True,False,structural_positive_cap_missing_primitives
rawr2q_00711,cand_00711,712,30808223,30808222,1,30808223,16.243292192830328,positive,0.0546303121056258,0.0583692107538644,297.33112564732335,17.354983136592352,,False,,,,,,,,,,,,-0.0546303121056258,,False,False,,False,True,False,,True,False,False,positive_harmless,False,False,False,True,False,False,True,True,False,False,False,True,True,True,False,True,True,True,False,structural_positive_cap_missing_primitives
rawr2q_00712,cand_00712,713,178013153,178013152,1,178013153,17.997367998784814,positive,0.0498680200984168,0.0533575856221749,360.8999908812533,19.256752164488613,,False,,,,,,,,,,,,-0.0498680200984168,,False,False,,False,True,False,,True,False,False,positive_harmless,False,False,False,True,False,False,True,True,False,False,False,True,True,True,False,True,True,True,False,structural_positive_cap_missing_primitives
rawr2q_00713,cand_00713,714,109708829,109708828,1,109708829,17.51334040514269,positive,0.0510974721847266,0.0550639317692912,342.7437729566889,18.87281972843655,,False,,,,,,,,,,,,-0.0510974721847266,,False,False,,False,True,False,,True,False,False,positive_harmless,False,False,False,True,False,False,True,True,False,False,False,True,True,True,False,True,True,True,False,structural_positive_cap_missing_primitives
rawr2q_00714,cand_00714,715,39691237,39691236,1,39691237,16.49664099081427,positive,0.0538872674505467,0.0578619642067515,306.1324459614422,17.713424630746257,,False,,,,,,,,,,,,-0.0538872674505467,,False,False,,False,True,False,,True,False,False,positive_harmless,False,False,False,True,False,False,True,True,False,False,False,True,True,True,False,True,True,True,False,structural_positive_cap_missing_primitives
rawr2q_00715,cand_00715,716,179665093,179665092,1,179665093,18.006605081354188,positive,0.0498451305355911,0.0536009635875191,361.2510367185589,19.363403665105,,False,,,,,,,,,,,,-0.0498451305355911,,False,False,,False,True,False,,True,False,False,positive_harmless,False,False,False,True,False,False,True,True,False,False,False,True,True,True,False,True,True,True,False,structural_positive_cap_missing_primitives
rawr2q_00716,cand_00716,717,179602889,179602888,1,179602889,18.006258799449103,positive,0.0498459882470635,0.0529285737480202,361.2378735516365,19.119805430855788,,False,,,,,,,,,,,,-0.0498459882470635,,False,False,,False,True,False,,True,False,False,positive_harmless,False,False,False,True,False,False,True,True,False,False,False,True,True,True,False,True,True,True,False,structural_positive_cap_missing_primitives
rawr2q_00717,cand_00717,718,33924997,33924996,1,33924997,16.339662675254843,positive,0.0543452758489561,0.0584408196615828,300.66390169162594,17.57104485750817,,False,,,,,,,,,,,,-0.0543452758489561,,False,False,,False,True,False,,True,False,False,positive_harmless,False,False,False,True,False,False,True,True,False,False,False,True,True,True,False,True,True,True,False,structural_positive_cap_missing_primitives
rawr2q_00718,cand_00718,719,179150627,179150626,1,179150627,18.003737501569564,positive,0.0498522341791001,0.0529327722024033,361.1420390285614,19.11624928461028,,False,,,,,,,,,,,,-0.0498522341791001,,False,False,,False,True,False,,True,False,False,positive_harmless,False,False,False,True,False,False,True,True,False,False,False,True,True,True,False,True,True,True,False,structural_positive_cap_missing_primitives
rawr2q_00719,cand_00719,720,7118591,7118590,1,7118591,14.778220370546276,positive,0.0593616690720179,0.0652064611469634,248.9522380615215,16.233294438608183,,False,,,,,,,,,,,,-0.0593616690720179,,False,False,,False,True,False,,True,False,False,positive_harmless,False,False,False,True,False,False,True,True,False,False,False,True,True,True,False,True,True,True,False,structural_positive_cap_missing_primitives
rawr2q_00720,cand_00720,721,604672807,604672806,1,604672807,19.22019805482597,positive,0.0470096533013674,0.0495872400319328,408.856409376388,20.27406091034113,,False,,,,,,,,,,,,-0.0470096533013674,,False,False,,False,True,False,,True,False,False,positive_harmless,False,False,True,False,False,False,True,True,False,False,False,True,True,True,False,True,True,True,False,structural_positive_cap_missing_primitives
rawr2q_00721,cand_00721,722,1512547,1512546,1,1512547,13.2293055427845,positive,0.0653385717686617,0.0702608961700486,202.47313622991769,14.225944001874351,,False,,,,,,,,,,,,-0.0653385717686617,,False,False,,False,True,False,,True,False,False,positive_harmless,False,False,False,True,False,False,True,True,False,False,False,True,True,True,False,True,True,True,False,structural_positive_cap_missing_primitives
rawr2q_00722,cand_00722,723,179661607,179661606,1,179661607,18.006585678398604,positive,0.04984517859432,0.053059303052776,361.2502991503069,19.167689100522125,,False,,,,,,,,,,,,-0.04984517859432,,False,False,,False,True,False,,True,False,False,positive_harmless,False,False,False,True,False,False,True,True,False,False,False,True,True,True,False,True,True,True,False,structural_positive_cap_missing_primitives
rawr2q_00723,cand_00723,724,108811009,108811008,1,108811009,17.50512307292896,positive,0.0511188662121912,0.0540320931092931,342.4395799442476,18.502727267854805,,False,,,,,,,,,,,,-0.0511188662121912,,False,False,,False,True,False,,True,False,False,positive_harmless,False,False,False,True,False,False,True,True,False,False,False,True,True,True,False,True,True,True,False,structural_positive_cap_missing_primitives
rawr2q_00724,cand_00724,725,187504777,187504776,1,187504777,18.04931488038353,positive,0.0497395669961162,0.0530638386214726,362.8763974120014,19.2556145918118,,False,,,,,,,,,,,,-0.0497395669961162,,False,False,,False,True,False,,True,False,False,positive_harmless,False,False,False,True,False,False,True,True,False,False,False,True,True,True,False,True,True,True,False,structural_positive_cap_missing_primitives
rawr2q_00725,cand_00725,726,39674683,39674682,1,39674683,16.496223834426743,positive,0.0538884743806344,0.0568285448518926,306.11784846436245,17.396231881421883,,False,,,,,,,,,,,,-0.0538884743806344,,False,False,,False,True,False,,True,False,False,positive_harmless,False,False,False,True,False,False,True,True,False,False,False,True,True,True,False,True,True,True,False,structural_positive_cap_missing_primitives
rawr2q_00726,cand_00726,727,1509097,1509096,1,1509097,13.227022016664836,positive,0.0653482661626475,0.0701254608877874,202.408155462666,14.193965189266372,,False,,,,,,,,,,,,-0.0653482661626475,,False,False,,False,True,False,,True,False,False,positive_harmless,False,False,False,True,False,False,True,True,False,False,False,True,True,True,False,True,True,True,False,structural_positive_cap_missing_primitives
rawr2q_00727,cand_00727,728,33902807,33902806,1,33902807,16.339008371282635,positive,0.0543472011061403,0.0576533742965644,300.6412112994093,17.33298028401735,,False,,,,,,,,,,,,-0.0543472011061403,,False,False,,False,True,False,,True,False,False,positive_harmless,False,False,False,True,False,False,True,True,False,False,False,True,True,True,False,True,True,True,False,structural_positive_cap_missing_primitives
rawr2q_00728,cand_00728,729,108537769,108537768,1,108537769,17.502608771754048,positive,0.0511254158241163,0.0550102371348021,342.34653136058984,18.83256387242301,,False,,,,,,,,,,,,-0.0511254158241163,,False,False,,False,True,False,,True,False,False,positive_harmless,False,False,False,True,False,False,True,True,False,False,False,True,True,True,False,True,True,True,False,structural_positive_cap_missing_primitives
rawr2q_00729,cand_00729,730,30981329,30981328,1,30981329,16.24889529067716,positive,0.0546136582584466,0.0588661597811044,297.52438874874474,17.514118206859028,,False,,,,,,,,,,,,-0.0546136582584466,,False,False,,False,True,False,,True,False,False,positive_harmless,False,False,False,True,False,False,True,True,False,False,False,True,True,True,False,True,True,True,False,structural_positive_cap_missing_primitives
rawr2q_00730,cand_00730,731,30649523,30649522,1,30649523,16.23812765741952,positive,0.0546456713917394,0.058857594872207,297.15304513349173,17.489713545509698,,False,,,,,,,,,,,,-0.0546456713917394,,False,False,,False,True,False,,True,False,False,positive_harmless,False,False,False,True,False,False,True,True,False,False,False,True,True,True,False,True,True,True,False,structural_positive_cap_missing_primitives
rawr2q_00731,cand_00731,732,108548351,108548350,1,108548351,17.50270626301704,positive,0.051125161833745,0.0541939682170777,342.35013905549,18.553312555085355,,False,,,,,,,,,,,,-0.051125161833745,,False,False,,False,True,False,,True,False,False,positive_harmless,False,False,False,True,False,False,True,True,False,False,False,True,True,True,False,True,True,True,False,structural_positive_cap_missing_primitives
rawr2q_00732,cand_00732,733,604676711,604676710,1,604676711,19.2202045111894,positive,0.0470096390720288,0.0502399087413142,408.85667047432406,20.54092181290761,,False,,,,,,,,,,,,-0.0470096390720288,,False,False,,False,True,False,,True,False,False,positive_harmless,False,False,True,False,False,False,True,True,False,False,False,True,True,True,False,True,True,True,False,structural_positive_cap_missing_primitives
rawr2q_00733,cand_00733,734,109567411,109567410,1,109567411,17.51205054337192,positive,0.051100829191146,0.0542083537049825,342.6960153203566,18.576986811773992,,False,,,,,,,,,,,,-0.051100829191146,,False,False,,False,True,False,,True,False,False,positive_harmless,False,False,False,True,False,False,True,True,False,False,False,True,True,True,False,True,True,True,False,structural_positive_cap_missing_primitives
rawr2q_00734,cand_00734,735,109721527,109721526,1,109721527,17.513456141180725,positive,0.051097170990506,0.0550365316698288,342.7480582914223,18.86366436492819,,False,,,,,,,,,,,,-0.051097170990506,,False,False,,False,True,False,,True,False,False,positive_harmless,False,False,False,True,False,False,True,True,False,False,False,True,True,True,False,True,True,True,False,structural_positive_cap_missing_primitives
rawr2q_00735,cand_00735,736,179403751,179403750,1,179403751,18.00514941595456,positive,0.0498487362957824,0.0536376134985399,361.19570432275793,19.37367558579699,,False,,,,,,,,,,,,-0.0498487362957824,,False,False,,False,True,False,,True,False,False,positive_harmless,False,False,False,True,False,False,True,True,False,False,False,True,True,True,False,True,True,True,False,structural_positive_cap_missing_primitives
rawr2q_00736,cand_00736,737,180620933,180620932,1,180620933,18.0119111003145,positive,0.0498319916456599,0.0538326091705561,361.4527636862617,19.4579453611399,,False,,,,,,,,,,,,-0.0498319916456599,,False,False,,False,True,False,,True,False,False,positive_harmless,False,False,False,True,False,False,True,True,False,False,False,True,True,True,False,True,True,True,False,structural_positive_cap_missing_primitives
rawr2q_00737,cand_00737,738,12842237,12842236,1,12842237,15.36825006223514,positive,0.0573614229152804,0.0614714067975274,267.9196100998607,16.469395341483466,,False,,,,,,,,,,,,-0.0573614229152804,,False,False,,False,True,False,,True,False,False,positive_harmless,False,False,False,True,False,False,True,True,False,False,False,True,True,True,False,True,True,True,False,structural_positive_cap_missing_primitives
rawr2q_00738,cand_00738,739,109511539,109511538,1,109511539,17.511540480664287,positive,0.0511021568064217,0.0537774692048976,342.6771309672726,18.428308857815164,,False,,,,,,,,,,,,-0.0511021568064217,,False,False,,False,True,False,,True,False,False,positive_harmless,False,False,False,True,False,False,True,True,False,False,False,True,True,True,False,True,True,True,False,structural_positive_cap_missing_primitives
rawr2q_00739,cand_00739,740,39641299,39641298,1,39641299,16.495382036818505,positive,0.0538909100601142,0.0573304417021529,306.0883926142316,17.548182748475895,,False,,,,,,,,,,,,-0.0538909100601142,,False,False,,False,True,False,,True,False,False,positive_harmless,False,False,False,True,False,False,True,True,False,False,False,True,True,True,False,True,True,True,False,structural_positive_cap_missing_primitives
rawr2q_00740,cand_00740,741,179150393,179150392,1,179150393,18.003736195405267,positive,0.0498522374152241,0.0523094644224999,361.14198938455627,18.891144045182283,,False,,,,,,,,,,,,-0.0498522374152241,,False,False,,False,True,False,,True,False,False,positive_harmless,False,False,False,True,False,False,True,True,False,False,False,True,True,True,False,True,True,True,False,structural_positive_cap_missing_primitives
rawr2q_00741,cand_00741,742,12837437,12837436,1,12837437,15.367876225709342,positive,0.0573626477798844,0.0627022450990248,267.9073721401411,16.798393711766778,,False,,,,,,,,,,,,-0.0573626477798844,,False,False,,False,True,False,,True,False,False,positive_harmless,False,False,False,True,False,False,True,True,False,False,False,True,True,True,False,True,True,True,False,structural_positive_cap_missing_primitives
rawr2q_00742,cand_00742,743,108595901,108595900,1,108595901,17.50314422073705,positive,0.0511240208697594,0.0549229874174412,342.366346053395,18.80378251644593,,False,,,,,,,,,,,,-0.0511240208697594,,False,False,,False,True,False,,True,False,False,positive_harmless,False,False,False,True,False,False,True,True,False,False,False,True,True,True,False,True,True,True,False,structural_positive_cap_missing_primitives
rawr2q_00743,cand_00743,744,109726187,109726186,1,109726187,17.513498611434034,positive,0.051097060465795,0.0541001988799444,342.7496308355699,18.54282319423185,,False,,,,,,,,,,,,-0.051097060465795,,False,False,,False,True,False,,True,False,False,positive_harmless,False,False,False,True,False,False,True,True,False,False,False,True,True,True,False,True,True,True,False,structural_positive_cap_missing_primitives
rawr2q_00744,cand_00744,745,108538211,108538210,1,108538211,17.50261284406089,positive,0.051125405214636,0.0549443877096655,342.3466820572072,18.810028830068777,,False,,,,,,,,,,,,-0.051125405214636,,False,False,,False,True,False,,True,False,False,positive_harmless,False,False,False,True,False,False,True,True,False,False,False,True,True,True,False,True,True,True,False,structural_positive_cap_missing_primitives
rawr2q_00745,cand_00745,746,187492807,187492806,1,187492807,18.04925103997221,positive,0.0497397244545387,0.0533032779270732,362.8739651838823,19.34237181869556,,False,,,,,,,,,,,,-0.0497397244545387,,False,False,,False,True,False,,True,False,False,positive_harmless,False,False,False,True,False,False,True,True,False,False,False,True,True,True,False,True,True,True,False,structural_positive_cap_missing_primitives
rawr2q_00746,cand_00746,747,33870209,33870208,1,33870209,16.338046395427412,positive,0.05435003191934,0.058690891355918,300.60785280999346,17.642942830007115,,False,,,,,,,,,,,,-0.05435003191934,,False,False,,False,True,False,,True,False,False,positive_harmless,False,False,False,True,False,False,True,True,False,False,False,True,True,True,False,True,True,True,False,structural_positive_cap_missing_primitives
rawr2q_00747,cand_00747,748,33471629,33471628,1,33471629,16.32620874245429,positive,0.0543848907200689,0.0584436456897662,300.1975093870995,17.544636875569907,,False,,,,,,,,,,,,-0.0543848907200689,,False,False,,False,True,False,,True,False,False,positive_harmless,False,False,False,True,False,False,True,True,False,False,False,True,True,True,False,True,True,True,False,structural_positive_cap_missing_primitives
rawr2q_00748,cand_00748,749,17585999,17585998,1,17585999,15.68261363205767,positive,0.0563495250163588,0.0611815204056907,278.3095975965164,17.02740432445084,,False,,,,,,,,,,,,-0.0563495250163588,,False,False,,False,True,False,,True,False,False,positive_harmless,False,False,False,True,False,False,True,True,False,False,False,True,True,True,False,True,True,True,False,structural_positive_cap_missing_primitives
rawr2q_00749,cand_00749,750,179665253,179665252,1,179665253,18.006605971899624,positive,0.049845128329822,0.0527384927380705,361.2510705710504,19.05183696193153,,False,,,,,,,,,,,,-0.049845128329822,,False,False,,False,True,False,,True,False,False,positive_harmless,False,False,False,True,False,False,True,True,False,False,False,True,True,True,False,True,True,True,False,structural_positive_cap_missing_primitives
rawr2q_00750,cand_00750,751,39640607,39640606,1,39640607,16.49536458012416,positive,0.0538909605720963,0.0581314530842754,306.08778179146304,17.79332752688036,,False,,,,,,,,,,,,-0.0538909605720963,,False,False,,False,True,False,,True,False,False,positive_harmless,False,False,False,True,False,False,True,True,False,False,False,True,True,True,False,True,True,True,False,structural_positive_cap_missing_primitives
rawr2q_00751,cand_00751,752,12422119,12422118,1,12422119,15.334989231833312,positive,0.0574706051705561,0.0619481415866009,266.83187320411025,16.529738661066162,,False,,,,,,,,,,,,-0.0574706051705561,,False,False,,False,True,False,,True,False,False,positive_harmless,False,False,False,True,False,False,True,True,False,False,False,True,True,True,False,True,True,True,False,structural_positive_cap_missing_primitives
rawr2q_00752,cand_00752,753,108829241,108829240,1,108829241,17.50529061546801,positive,0.0511184298327995,0.0550718611036335,342.4457807629284,18.85912647370132,,False,,,,,,,,,,,,-0.0511184298327995,,False,False,,False,True,False,,True,False,False,positive_harmless,False,False,False,True,False,False,True,True,False,False,False,True,True,True,False,True,True,True,False,structural_positive_cap_missing_primitives
rawr2q_00753,cand_00753,754,180642263,180642262,1,180642263,18.01202918596652,positive,0.0498316993176884,0.0523594101727958,361.45725376804273,18.92568860997329,,False,,,,,,,,,,,,-0.0498316993176884,,False,False,,False,True,False,,True,False,False,positive_harmless,False,False,False,True,False,False,True,True,False,False,False,True,True,True,False,True,True,True,False,structural_positive_cap_missing_primitives
rawr2q_00754,cand_00754,755,3236957,3236956,1,3236957,13.9901442489153,positive,0.0622602081539544,0.0674403172566828,224.70442460328843,15.154137684226132,,False,,,,,,,,,,,,-0.0622602081539544,,False,False,,False,True,False,,True,False,False,positive_harmless,False,False,False,True,False,False,True,True,False,False,False,True,True,True,False,True,True,True,False,structural_positive_cap_missing_primitives
rawr2q_00755,cand_00755,756,108538103,108538102,1,108538103,17.502611849019125,positive,0.0511254078069933,0.0540255426517967,342.3466452354629,18.495463283868016,,False,,,,,,,,,,,,-0.0511254078069933,,False,False,,False,True,False,,True,False,False,positive_harmless,False,False,False,True,False,False,True,True,False,False,False,True,True,True,False,True,True,True,False,structural_positive_cap_missing_primitives
rawr2q_00756,cand_00756,757,108553421,108553420,1,108553421,17.50275296922265,positive,0.0511250401526908,0.0536206781597749,342.3518674400776,18.357139301402324,,False,,,,,,,,,,,,-0.0511250401526908,,False,False,,False,True,False,,True,False,False,positive_harmless,False,False,False,True,False,False,True,True,False,False,False,True,True,True,False,True,True,True,False,structural_positive_cap_missing_primitives
rawr2q_00757,cand_00757,758,33844303,33844302,1,33844303,16.337281241828904,positive,0.0543522837519638,0.057322995670915,300.5813208582724,17.230221754316663,,False,,,,,,,,,,,,-0.0543522837519638,,False,False,,False,True,False,,True,False,False,positive_harmless,False,False,False,True,False,False,True,True,False,False,False,True,True,True,False,True,True,True,False,structural_positive_cap_missing_primitives
rawr2q_00758,cand_00758,759,3281171,3281170,1,3281171,14.00371092884176,positive,0.0622079315375862,0.0668113902823667,225.11134163624564,15.040001703046393,,False,,,,,,,,,,,,-0.0622079315375862,,False,False,,False,True,False,,True,False,False,positive_harmless,False,False,False,True,False,False,True,True,False,False,False,True,True,True,False,True,True,True,False,structural_positive_cap_missing_primitives
rawr2q_00759,cand_00759,760,12808039,12808038,1,12808039,15.365583578625944,positive,0.057370160710705,0.0611901506330895,267.8323258689912,16.388700364334284,,False,,,,,,,,,,,,-0.057370160710705,,False,False,,False,True,False,,True,False,False,positive_harmless,False,False,False,True,False,False,True,True,False,False,False,True,True,True,False,True,True,True,False,structural_positive_cap_missing_primitives
rawr2q_00760,cand_00760,761,33914047,33914046,1,33914047,16.339339852306598,positive,0.0543462257225922,0.0586737719164166,300.6527065137878,17.640428328043324,,False,,,,,,,,,,,,-0.0543462257225922,,False,False,,False,True,False,,True,False,False,positive_harmless,False,False,False,True,False,False,True,True,False,False,False,True,True,True,False,True,True,True,False,structural_positive_cap_missing_primitives
rawr2q_00761,cand_00761,762,179410171,179410170,1,179410171,18.005185200519243,positive,0.0498486476492899,0.0533353866234197,361.1970645060357,19.26458508267368,,False,,,,,,,,,,,,-0.0498486476492899,,False,False,,False,True,False,,True,False,False,positive_harmless,False,False,False,True,False,False,True,True,False,False,False,True,True,True,False,True,True,True,False,structural_positive_cap_missing_primitives
rawr2q_00762,cand_00762,763,17591191,17591190,1,17591191,15.68290882334712,positive,0.0563485915310821,0.0608443000978966,278.3194468081132,16.93415194467341,,False,,,,,,,,,,,,-0.0563485915310821,,False,False,,False,True,False,,True,False,False,positive_harmless,False,False,False,True,False,False,True,True,False,False,False,True,True,True,False,True,True,True,False,structural_positive_cap_missing_primitives
rawr2q_00763,cand_00763,764,109683073,109683072,1,109683073,17.51310561069601,positive,0.0510980832302532,0.0541096892228777,342.73507935278406,18.545288629557472,,False,,,,,,,,,,,,-0.0510980832302532,,False,False,,False,True,False,,True,False,False,positive_harmless,False,False,False,True,False,False,True,True,False,False,False,True,True,True,False,True,True,True,False,structural_positive_cap_missing_primitives
rawr2q_00764,cand_00764,765,12808583,12808582,1,12808583,15.36562605104874,positive,0.0573700215121359,0.0624356832554669,267.8337160427652,16.72238105998075,,False,,,,,,,,,,,,-0.0573700215121359,,False,False,,False,True,False,,True,False,False,positive_harmless,False,False,False,True,False,False,True,True,False,False,False,True,True,True,False,True,True,True,False,structural_positive_cap_missing_primitives
rawr2q_00765,cand_00765,766,33871373,33871372,1,33871373,16.338080761321024,positive,0.0543499307855223,0.0590450032161895,300.6090444860902,17.74946199849685,,False,,,,,,,,,,,,-0.0543499307855223,,False,False,,False,True,False,,True,False,False,positive_harmless,False,False,False,True,False,False,True,True,False,False,False,True,True,True,False,True,True,True,False,structural_positive_cap_missing_primitives
rawr2q_00766,cand_00766,767,40833383,40833382,1,40833493,16.525010515606738,positive,0.0538052974386792,0.0583978036622422,307.1260879923568,17.93548898613017,,False,,,,,,,,,,,,-0.0538052974386792,,False,False,,False,True,False,,True,False,False,positive_harmless,False,False,False,True,False,False,True,True,False,False,False,True,True,True,False,True,True,True,False,structural_positive_cap_missing_primitives
rawr2q_00767,cand_00767,768,30785057,30785056,1,30785057,16.242539967876812,positive,0.0546325486815797,0.0593828883794093,297.3051845438293,17.6548405883859,,False,,,,,,,,,,,,-0.0546325486815797,,False,False,,False,True,False,,True,False,False,positive_harmless,False,False,False,True,False,False,True,True,False,False,False,True,True,True,False,True,True,True,False,structural_positive_cap_missing_primitives
rawr2q_00768,cand_00768,769,30781873,30781872,1,30781873,16.242436535725727,positive,0.0546328562286608,0.0591803064401032,297.3016176885294,17.594400839945575,,False,,,,,,,,,,,,-0.0546328562286608,,False,False,,False,True,False,,True,False,False,positive_harmless,False,False,False,True,False,False,True,True,False,False,False,True,True,True,False,True,True,True,False,structural_positive_cap_missing_primitives
rawr2q_00769,cand_00769,770,39655523,39655522,1,39655523,16.49574079016558,positive,0.0538898720068749,0.0581089872552633,306.1009457966637,17.787215958122374,,False,,,,,,,,,,,,-0.0538898720068749,,False,False,,False,True,False,,True,False,False,positive_harmless,False,False,False,True,False,False,True,True,False,False,False,True,True,True,False,True,True,True,False,structural_positive_cap_missing_primitives
rawr2q_00770,cand_00770,771,179400653,179400652,1,179400653,18.00513214749316,positive,0.0498487790737949,0.0530759787374816,361.195047943678,19.1707806847423,,False,,,,,,,,,,,,-0.0498487790737949,,False,False,,False,True,False,,True,False,False,positive_harmless,False,False,False,True,False,False,True,True,False,False,False,True,True,True,False,True,True,True,False,structural_positive_cap_missing_primitives
rawr2q_00771,cand_00771,772,604205269,604205268,1,604205269,19.21942454750113,positive,0.0470113581153972,0.050031926940773,408.8251290320913,20.454308987285685,,False,,,,,,,,,,,,-0.0470113581153972,,False,False,,False,True,False,,True,False,False,positive_harmless,False,False,True,False,False,False,True,True,False,False,False,True,True,True,False,True,True,True,False,structural_positive_cap_missing_primitives
rawr2q_00772,cand_00772,773,179641949,179641948,1,179642051,18.006476255601687,positive,0.0498454466446799,0.0531779872246815,361.24616123835153,19.21034374729829,,False,,,,,,,,,,,,-0.0498454466446799,,False,False,,False,True,False,,True,False,False,positive_harmless,False,False,False,True,False,False,True,True,False,False,False,True,True,True,False,True,True,True,False,structural_positive_cap_missing_primitives
rawr2q_00773,cand_00773,774,604715861,604715860,1,604715861,19.22026925443476,positive,0.0470094963832677,0.050523556039102,408.8592887218397,20.65702518584525,,False,,,,,,,,,,,,-0.0470094963832677,,False,False,,False,True,False,,True,False,False,positive_harmless,False,False,True,False,False,False,True,True,False,False,False,True,True,True,False,True,True,True,False,structural_positive_cap_missing_primitives
rawr2q_00774,cand_00774,775,12802243,12802242,1,12802243,15.365130947913094,positive,0.0573716441985041,0.0616732137971503,267.8175109423429,16.517166610967756,,False,,,,,,,,,,,,-0.0573716441985041,,False,False,,False,True,False,,True,False,False,positive_harmless,False,False,False,True,False,False,True,True,False,False,False,True,True,True,False,True,True,True,False,structural_positive_cap_missing_primitives
rawr2q_00775,cand_00775,776,33843647,33843646,1,33843647,16.33726185876294,positive,0.0543523407983747,0.0580181471462947,300.5806487593162,17.43913230904673,,False,,,,,,,,,,,,-0.0543523407983747,,False,False,,False,True,False,,True,False,False,positive_harmless,False,False,False,True,False,False,True,True,False,False,False,True,True,True,False,True,True,True,False,structural_positive_cap_missing_primitives
rawr2q_00776,cand_00776,777,17640809,17640808,1,17640809,15.68572546916931,positive,0.0563396859822619,0.0603935734510648,278.41343443248536,16.814382202161518,,False,,,,,,,,,,,,-0.0563396859822619,,False,False,,False,True,False,,True,False,False,positive_harmless,False,False,False,True,False,False,True,True,False,False,False,True,True,True,False,True,True,True,False,structural_positive_cap_missing_primitives
rawr2q_00777,cand_00777,778,7049899,7049898,1,7049899,14.768523848444696,positive,0.0593957006949737,0.0630278233070192,248.64634435896912,15.671637858193357,,False,,,,,,,,,,,,-0.0593957006949737,,False,False,,False,True,False,,True,False,False,positive_harmless,False,False,False,True,False,False,True,True,False,False,False,True,True,True,False,True,True,True,False,structural_positive_cap_missing_primitives
rawr2q_00778,cand_00778,779,109504859,109504858,1,109504859,17.51147948066554,positive,0.0511023155846973,0.0544341084483662,342.6748725631013,18.653201175629924,,False,,,,,,,,,,,,-0.0511023155846973,,False,False,,False,True,False,,True,False,False,positive_harmless,False,False,False,True,False,False,True,True,False,False,False,True,True,True,False,True,True,True,False,structural_positive_cap_missing_primitives
rawr2q_00779,cand_00779,780,33489829,33489828,1,33489829,16.32675233875556,positive,0.0543832889953948,0.0580387605100748,300.2163466085713,17.424184642024475,,False,,,,,,,,,,,,-0.0543832889953948,,False,False,,False,True,False,,True,False,False,positive_harmless,False,False,False,True,False,False,True,True,False,False,False,True,True,True,False,True,True,True,False,structural_positive_cap_missing_primitives
rawr2q_00780,cand_00780,781,179403241,179403240,1,179403241,18.00514657320059,positive,0.0498487433379429,0.0537922432211968,361.1955962688382,19.429521364918543,,False,,,,,,,,,,,,-0.0498487433379429,,False,False,,False,True,False,,True,False,False,positive_harmless,False,False,False,True,False,False,True,True,False,False,False,True,True,True,False,True,True,True,False,structural_positive_cap_missing_primitives
rawr2q_00781,cand_00781,782,39638461,39638460,1,39638461,16.495310442252595,positive,0.0538911172238432,0.058224590403179,306.0858874707927,17.821725426180446,,False,,,,,,,,,,,,-0.0538911172238432,,False,False,,False,True,False,,True,False,False,positive_harmless,False,False,False,True,False,False,True,True,False,False,False,True,True,True,False,True,True,True,False,structural_positive_cap_missing_primitives
rawr2q_00782,cand_00782,783,33388679,33388678,1,33388679,16.323727448393875,positive,0.0543922031292692,0.0577338441229788,300.1115327062354,17.326592448770047,,False,,,,,,,,,,,,-0.0543922031292692,,False,False,,False,True,False,,True,False,False,positive_harmless,False,False,False,True,False,False,True,True,False,False,False,True,True,True,False,True,True,True,False,structural_positive_cap_missing_primitives
rawr2q_00783,cand_00783,784,109517449,109517448,1,109517449,17.511594446123887,positive,0.0511020163393266,0.054757713314497,342.67912893776474,18.764325501235675,,False,,,,,,,,,,,,-0.0511020163393266,,False,False,,False,True,False,,True,False,False,positive_harmless,False,False,False,True,False,False,True,True,False,False,False,True,True,True,False,True,True,True,False,structural_positive_cap_missing_primitives
rawr2q_00784,cand_00784,785,30423473,30423472,1,30423473,16.230725006589036,positive,0.0546677018175545,0.0593544515613056,296.89788425269273,17.62221108953057,,False,,,,,,,,,,,,-0.0546677018175545,,False,False,,False,True,False,,True,False,False,positive_harmless,False,False,False,True,False,False,True,True,False,False,False,True,True,True,False,True,True,True,False,structural_positive_cap_missing_primitives
rawr2q_00785,cand_00785,786,179410691,179410690,1,179410691,18.00518809890144,positive,0.0498486404693528,0.0536146024132842,361.197174674625,19.365442912981585,,False,,,,,,,,,,,,-0.0498486404693528,,False,False,,False,True,False,,True,False,False,positive_harmless,False,False,False,True,False,False,True,True,False,False,False,True,True,True,False,True,True,True,False,structural_positive_cap_missing_primitives
rawr2q_00786,cand_00786,787,179663243,179663242,1,179663243,18.00659478436497,positive,0.0498451560399524,0.0536805356077712,361.25064529704986,19.39212812819861,,False,,,,,,,,,,,,-0.0498451560399524,,False,False,,False,True,False,,True,False,False,positive_harmless,False,False,False,True,False,False,True,True,False,False,False,True,True,True,False,True,True,True,False,structural_positive_cap_missing_primitives
rawr2q_00787,cand_00787,788,33902543,33902542,1,33902543,16.339000584286474,positive,0.0543472240198106,0.0582634791934014,300.64094126188667,17.516387225896548,,False,,,,,,,,,,,,-0.0543472240198106,,False,False,,False,True,False,,True,False,False,positive_harmless,False,False,False,True,False,False,True,True,False,False,False,True,True,True,False,True,True,True,False,structural_positive_cap_missing_primitives
rawr2q_00788,cand_00788,789,30400081,30400080,1,30400081,16.229955830846585,positive,0.0546699919131766,0.0584791030093198,296.87137793292425,17.360771890658185,,False,,,,,,,,,,,,-0.0546699919131766,,False,False,,False,True,False,,True,False,False,positive_harmless,False,False,False,True,False,False,True,True,False,False,False,True,True,True,False,True,True,True,False,structural_positive_cap_missing_primitives
rawr2q_00789,cand_00789,790,108548801,108548800,1,108548801,17.502710408626463,positive,0.0511251510333982,0.0550239769450118,342.3502924654942,18.8374745997394,,False,,,,,,,,,,,,-0.0511251510333982,,False,False,,False,True,False,,True,False,False,positive_harmless,False,False,False,True,False,False,True,True,False,False,False,True,True,True,False,True,True,True,False,structural_positive_cap_missing_primitives
rawr2q_00790,cand_00790,791,109515877,109515876,1,109515877,17.5115800921438,positive,0.0511020537013328,0.0549357814860258,342.6785975078546,18.825316552629285,,False,,,,,,,,,,,,-0.0511020537013328,,False,False,,False,True,False,,True,False,False,positive_harmless,False,False,False,True,False,False,True,True,False,False,False,True,True,True,False,True,True,True,False,structural_positive_cap_missing_primitives
rawr2q_00791,cand_00791,792,3281233,3281232,1,3281233,14.003729824356268,positive,0.062207858788179,0.0668612257977394,225.11190864227777,15.051258153491418,,False,,,,,,,,,,,,-0.062207858788179,,False,False,,False,True,False,,True,False,False,positive_harmless,False,False,False,True,False,False,True,True,False,False,False,True,True,True,False,True,True,True,False,structural_positive_cap_missing_primitives
rawr2q_00792,cand_00792,793,30819821,30819820,1,30819821,16.243668579922442,positive,0.0546291930695815,0.0585918386816566,297.34410609420445,17.421937897213013,,False,,,,,,,,,,,,-0.0546291930695815,,False,False,,False,True,False,,True,False,False,positive_harmless,False,False,False,True,False,False,True,True,False,False,False,True,True,True,False,True,True,True,False,structural_positive_cap_missing_primitives
rawr2q_00793,cand_00793,794,40869523,40869522,1,40869523,16.525895184319918,positive,0.0538027623530677,0.0579407179303479,307.1570020117681,17.796897213895157,,False,,,,,,,,,,,,-0.0538027623530677,,False,False,,False,True,False,,True,False,False,positive_harmless,False,False,False,True,False,False,True,True,False,False,False,True,True,True,False,True,True,True,False,structural_positive_cap_missing_primitives
rawr2q_00794,cand_00794,795,109516811,109516810,1,109516811,17.51158862055121,positive,0.0511020315027159,0.0550972136041918,342.6789132565211,18.88065328134686,,False,,,,,,,,,,,,-0.0511020315027159,,False,False,,False,True,False,,True,False,False,positive_harmless,False,False,False,True,False,False,True,True,False,False,False,True,True,True,False,True,True,True,False,structural_positive_cap_missing_primitives
rawr2q_00795,cand_00795,796,109773007,109773006,1,109773007,17.51392521892955,positive,0.0510959502876306,0.0537023351121069,342.7654270121156,18.40730382624905,,False,,,,,,,,,,,,-0.0510959502876306,,False,False,,False,True,False,,True,False,False,positive_harmless,False,False,False,True,False,False,True,True,False,False,False,True,True,True,False,True,True,True,False,structural_positive_cap_missing_primitives
rawr2q_00796,cand_00796,797,33411431,33411430,1,33411431,16.324408644903276,positive,0.0543901954384035,0.0588318641221281,300.1351348955994,17.65750947445449,,False,,,,,,,,,,,,-0.0543901954384035,,False,False,,False,True,False,,True,False,False,positive_harmless,False,False,False,True,False,False,True,True,False,False,False,True,True,True,False,True,True,True,False,structural_positive_cap_missing_primitives
rawr2q_00797,cand_00797,798,3280793,3280792,1,3280793,14.003595719431765,positive,0.0622083751076957,0.0676751651816931,225.1078845121512,15.234213268061325,,False,,,,,,,,,,,,-0.0622083751076957,,False,False,,False,True,False,,True,False,False,positive_harmless,False,False,False,True,False,False,True,True,False,False,False,True,True,True,False,True,True,True,False,structural_positive_cap_missing_primitives
rawr2q_00798,cand_00798,799,109494367,109494366,1,109494367,17.511383662975224,positive,0.0511025649927141,0.0544354326344731,342.671325117866,18.65346183421922,,False,,,,,,,,,,,,-0.0511025649927141,,False,False,,False,True,False,,True,False,False,positive_harmless,False,False,False,True,False,False,True,True,False,False,False,True,True,True,False,True,True,True,False,structural_positive_cap_missing_primitives
rawr2q_00799,cand_00799,800,109588943,109588942,1,109588943,17.512247042352456,positive,0.0511003177526691,0.0551859703215391,342.70329055708726,18.91241362177721,,False,,,,,,,,,,,,-0.0511003177526691,,False,False,,False,True,False,,True,False,False,positive_harmless,False,False,False,True,False,False,True,True,False,False,False,True,True,True,False,True,True,True,False,structural_positive_cap_missing_primitives
rawr2q_00800,cand_00800,801,12776243,12776242,1,12776243,15.363097988733678,positive,0.0573783081218207,0.0615826442165738,267.7509757889001,16.488813080648303,,False,,,,,,,,,,,,-0.0573783081218207,,False,False,,False,True,False,,True,False,False,positive_harmless,False,False,False,True,False,False,True,True,False,False,False,True,True,True,False,True,True,True,False,structural_positive_cap_missing_primitives
rawr2q_00801,cand_00801,802,30417553,30417552,1,30417553,16.23053040106024,positive,0.0546682812058003,0.0580181511169566,296.8911779018611,17.225077224801424,,False,,,,,,,,,,,,-0.0546682812058003,,False,False,,False,True,False,,True,False,False,positive_harmless,False,False,False,True,False,False,True,True,False,False,False,True,True,True,False,True,True,True,False,structural_positive_cap_missing_primitives
rawr2q_00802,cand_00802,803,33925471,33925470,1,33925471,16.33967664715552,positive,0.0543452347388083,0.0580579226831622,300.66438622791054,17.455949689200448,,False,,,,,,,,,,,,-0.0543452347388083,,False,False,,False,True,False,,True,False,False,positive_harmless,False,False,False,True,False,False,True,True,False,False,False,True,True,True,False,True,True,True,False,structural_positive_cap_missing_primitives
rawr2q_00803,cand_00803,804,178898003,178898002,1,178898003,18.00232638575594,positive,0.0498557305728472,0.0527469382777879,361.0884080707964,19.046307973334983,,False,,,,,,,,,,,,-0.0498557305728472,,False,False,,False,True,False,,True,False,False,positive_harmless,False,False,False,True,False,False,True,True,False,False,False,True,True,True,False,True,True,True,False,structural_positive_cap_missing_primitives
rawr2q_00804,cand_00804,805,109709983,109709982,1,109709983,17.51335092383969,positive,0.051097444810473,0.0550647003640815,342.744162429236,18.87310460570396,,False,,,,,,,,,,,,-0.051097444810473,,False,False,,False,True,False,,True,False,False,positive_harmless,False,False,False,True,False,False,True,True,False,False,False,True,True,True,False,True,True,True,False,structural_positive_cap_missing_primitives
rawr2q_00805,cand_00805,806,108585227,108585226,1,108585227,17.50304592490346,positive,0.051124276944871,0.0543407069590195,342.3627084990866,18.60423161624508,,False,,,,,,,,,,,,-0.051124276944871,,False,False,,False,True,False,,True,False,False,positive_harmless,False,False,False,True,False,False,True,True,False,False,False,True,True,True,False,True,True,True,False,structural_positive_cap_missing_primitives
rawr2q_00806,cand_00806,807,109720099,109720098,1,109720099,17.513443126330024,positive,0.0510972048604867,0.0549238276792854,342.7475763918564,18.82500882323903,,False,,,,,,,,,,,,-0.0510972048604867,,False,False,,False,True,False,,True,False,False,positive_harmless,False,False,False,True,False,False,True,True,False,False,False,True,True,True,False,True,True,True,False,structural_positive_cap_missing_primitives
rawr2q_00807,cand_00807,808,604691687,604691686,1,604691687,19.22022927783623,positive,0.0470095844882844,0.0491088496551064,408.8576720482654,20.078529946955065,,False,,,,,,,,,,,,-0.0470095844882844,,False,False,,False,True,False,,True,False,False,positive_harmless,False,False,True,False,False,False,True,True,False,False,False,True,True,True,False,True,True,True,False,structural_positive_cap_missing_primitives
rawr2q_00808,cand_00808,809,33492971,33492970,1,33492971,16.32684615388429,positive,0.0543830125754874,0.0587843967905765,300.2195976403748,17.648227951999015,,False,,,,,,,,,,,,-0.0543830125754874,,False,False,,False,True,False,,True,False,False,positive_harmless,False,False,False,True,False,False,True,True,False,False,False,True,True,True,False,True,True,True,False,structural_positive_cap_missing_primitives
rawr2q_00809,cand_00809,810,604693769,604693768,1,604693769,19.22023272090724,positive,0.0470095769000363,0.0503376269382549,408.8578112876477,20.58093197538903,,False,,,,,,,,,,,,-0.0470095769000363,,False,False,,False,True,False,,True,False,False,positive_harmless,False,False,True,False,False,False,True,True,False,False,False,True,True,True,False,True,True,True,False,structural_positive_cap_missing_primitives
rawr2q_00810,cand_00810,811,33844121,33844120,1,33844121,16.33727586424765,positive,0.0543522995787416,0.0585494753453541,300.5811343930241,17.598867717422934,,False,,,,,,,,,,,,-0.0543522995787416,,False,False,,False,True,False,,True,False,False,positive_harmless,False,False,False,True,False,False,True,True,False,False,False,True,True,True,False,True,True,True,False,structural_positive_cap_missing_primitives
rawr2q_00811,cand_00811,812,30419107,30419106,1,30419107,16.230581488677487,positive,0.0546681291042877,0.0587260679523749,296.89293843795525,17.43535487728762,,False,,,,,,,,,,,,-0.0546681291042877,,False,False,,False,True,False,,True,False,False,positive_harmless,False,False,False,True,False,False,True,True,False,False,False,True,True,True,False,True,True,True,False,structural_positive_cap_missing_primitives
rawr2q_00812,cand_00812,813,40395413,40395412,1,40395413,16.51422679688131,positive,0.0538364365669145,0.0577659682430466,306.74814029259534,17.719603330755664,,False,,,,,,,,,,,,-0.0538364365669145,,False,False,,False,True,False,,True,False,False,positive_harmless,False,False,False,True,False,False,True,True,False,False,False,True,True,True,False,True,True,True,False,structural_positive_cap_missing_primitives
rawr2q_00813,cand_00813,814,17640283,17640282,1,17640283,15.68569565149813,positive,0.05633978024381,0.0603442256773584,278.4124393744236,16.80058307299408,,False,,,,,,,,,,,,-0.05633978024381,,False,False,,False,True,False,,True,False,False,positive_harmless,False,False,False,True,False,False,True,True,False,False,False,True,True,True,False,True,True,True,False,structural_positive_cap_missing_primitives
rawr2q_00814,cand_00814,815,179434153,179434152,1,179434153,18.005318862937354,positive,0.0498483165399077,0.0538741721336456,361.2021450819224,19.45946653918552,,False,,,,,,,,,,,,-0.0498483165399077,,False,False,,False,True,False,,True,False,False,positive_harmless,False,False,False,True,False,False,True,True,False,False,False,True,True,True,False,True,True,True,False,structural_positive_cap_missing_primitives
rawr2q_00815,cand_00815,816,3454793,3454792,1,3454793,14.055273100219722,positive,0.0620100401663813,0.0663843003850636,226.6612481221996,15.04674838099753,,False,,,,,,,,,,,,-0.0620100401663813,,False,False,,False,True,False,,True,False,False,positive_harmless,False,False,False,True,False,False,True,True,False,False,False,True,True,True,False,True,True,True,False,structural_positive_cap_missing_primitives
rawr2q_00816,cand_00816,817,30802217,30802216,1,30802217,16.24309722587281,positive,0.054630891779617,0.0585321383384456,297.3244019409026,17.403033025800514,,False,,,,,,,,,,,,-0.054630891779617,,False,False,,False,True,False,,True,False,False,positive_harmless,False,False,False,True,False,False,True,True,False,False,False,True,True,True,False,True,True,True,False,structural_positive_cap_missing_primitives
rawr2q_00817,cand_00817,818,31020079,31020078,1,31020079,16.25014526245346,positive,0.0546099444001869,0.0594310936382445,297.5675115757456,17.68476264415754,,False,,,,,,,,,,,,-0.0546099444001869,,False,False,,False,True,False,,True,False,False,positive_harmless,False,False,False,True,False,False,True,True,False,False,False,True,True,True,False,True,True,True,False,structural_positive_cap_missing_primitives
rawr2q_00818,cand_00818,819,1185749,1185748,1,1185749,12.98588520039138,positive,0.0663883142401065,0.0716117424653728,195.60498483852663,14.007613799199722,,False,,,,,,,,,,,,-0.0663883142401065,,False,False,,False,True,False,,True,False,False,positive_harmless,False,False,False,True,False,False,True,True,False,False,False,True,True,True,False,True,True,True,False,structural_positive_cap_missing_primitives
rawr2q_00819,cand_00819,820,33904331,33904330,1,33904331,16.3390533223024,positive,0.0543470688356353,0.0579569097919857,300.64277011364595,17.424325907089273,,False,,,,,,,,,,,,-0.0543470688356353,,False,False,,False,True,False,,True,False,False,positive_harmless,False,False,False,True,False,False,True,True,False,False,False,True,True,True,False,True,True,True,False,structural_positive_cap_missing_primitives
rawr2q_00820,cand_00820,821,179381039,179381038,1,179381039,18.0050228108104,positive,0.0498490499279953,0.0529985614028999,361.1908920394236,19.14259766991958,,False,,,,,,,,,,,,-0.0498490499279953,,False,False,,False,True,False,,True,False,False,positive_harmless,False,False,False,True,False,False,True,True,False,False,False,True,True,True,False,True,True,True,False,structural_positive_cap_missing_primitives
rawr2q_00821,cand_00821,822,179603471,179603470,1,179603471,18.00626203992625,positive,0.0498459802205348,0.0536815582664552,361.2379967303415,19.39181856953738,,False,,,,,,,,,,,,-0.0498459802205348,,False,False,,False,True,False,,True,False,False,positive_harmless,False,False,False,True,False,False,True,True,False,False,False,True,True,True,False,True,True,True,False,structural_positive_cap_missing_primitives
rawr2q_00822,cand_00822,823,30406001,30406000,1,30406001,16.230150548211164,positive,0.0546694121558461,0.0593466964714865,296.8780879140215,17.61873377246872,,False,,,,,,,,,,,,-0.0546694121558461,,False,False,,False,True,False,,True,False,False,positive_harmless,False,False,False,True,False,False,True,True,False,False,False,True,True,True,False,True,True,True,False,structural_positive_cap_missing_primitives
rawr2q_00823,cand_00823,824,179394233,179394232,1,179394233,18.00509636102991,positive,0.0498488677254563,0.0535472114495682,361.1936876920323,19.34091476909456,,False,,,,,,,,,,,,-0.0498488677254563,,False,False,,False,True,False,,True,False,False,positive_harmless,False,False,False,True,False,False,True,True,False,False,False,True,True,True,False,True,True,True,False,structural_positive_cap_missing_primitives
rawr2q_00824,cand_00824,825,179410591,179410590,1,179410591,18.005187541520904,positive,0.0498486418501082,0.0534232251378626,361.1971534883814,19.29631684996492,,False,,,,,,,,,,,,-0.0498486418501082,,False,False,,False,True,False,,True,False,False,positive_harmless,False,False,False,True,False,False,True,True,False,False,False,True,True,True,False,True,True,True,False,structural_positive_cap_missing_primitives
rawr2q_00825,cand_00825,826,604810681,604810680,1,604810681,19.22042604305725,positive,0.0470091508376821,0.0501523170498039,408.865629362748,20.505558674568142,,False,,,,,,,,,,,,-0.0470091508376821,,False,False,,False,True,False,,True,False,False,positive_harmless,False,False,True,False,False,False,True,True,False,False,False,True,True,True,False,True,True,True,False,structural_positive_cap_missing_primitives
rawr2q_00826,cand_00826,827,31018847,31018846,1,31018847,16.25010554545384,positive,0.0546100623977608,0.0593598199872785,297.5661413292974,17.66347258361617,,False,,,,,,,,,,,,-0.0546100623977608,,False,False,,False,True,False,,True,False,False,positive_harmless,False,False,False,True,False,False,True,True,False,False,False,True,True,True,False,True,True,True,False,structural_positive_cap_missing_primitives
rawr2q_00827,cand_00827,828,30355397,30355396,1,30355397,16.2284848850314,positive,0.0546743719470557,0.0592740371209023,296.82069143375537,17.593760682296303,,False,,,,,,,,,,,,-0.0546743719470557,,False,False,,False,True,False,,True,False,False,positive_harmless,False,False,False,True,False,False,True,True,False,False,False,True,True,True,False,True,True,True,False,structural_positive_cap_missing_primitives
rawr2q_00828,cand_00828,829,1507091,1507090,1,1507091,13.225691860656145,positive,0.0653539144729697,0.069946484813987,202.37030891433844,14.155091739278634,,False,,,,,,,,,,,,-0.0653539144729697,,False,False,,False,True,False,,True,False,False,positive_harmless,False,False,False,True,False,False,True,True,False,False,False,True,True,True,False,True,True,True,False,structural_positive_cap_missing_primitives
rawr2q_00829,cand_00829,830,108592873,108592872,1,108592873,17.503116337159607,positive,0.0511240935103223,0.0539425138851413,342.36531418646274,18.46804571429403,,False,,,,,,,,,,,,-0.0511240935103223,,False,False,,False,True,False,,True,False,False,positive_harmless,False,False,False,True,False,False,True,True,False,False,False,True,True,True,False,True,True,True,False,structural_positive_cap_missing_primitives
rawr2q_00830,cand_00830,831,108531679,108531678,1,108531679,17.502552660679388,positive,0.0511255620093579,0.0537885048618473,342.3444549612139,18.41419638010772,,False,,,,,,,,,,,,-0.0511255620093579,,False,False,,False,True,False,,True,False,False,positive_harmless,False,False,False,True,False,False,True,True,False,False,False,True,True,True,False,True,True,True,False,structural_positive_cap_missing_primitives
rawr2q_00831,cand_00831,832,179380633,179380632,1,179380633,18.0050205474694,positive,0.0498490555348858,0.0536472988717289,361.1908060097341,19.37691111972486,,False,,,,,,,,,,,,-0.0498490555348858,,False,False,,False,True,False,,True,False,False,positive_harmless,False,False,False,True,False,False,True,True,False,False,False,True,True,True,False,True,True,True,False,structural_positive_cap_missing_primitives
rawr2q_00832,cand_00832,833,187449623,187449622,1,187449623,18.049020689941184,positive,0.0497402926068905,0.0533469583478093,362.8651892458073,19.357754136566022,,False,,,,,,,,,,,,-0.0497402926068905,,False,False,,False,True,False,,True,False,False,positive_harmless,False,False,False,True,False,False,True,True,False,False,False,True,True,True,False,True,True,True,False,structural_positive_cap_missing_primitives
rawr2q_00833,cand_00833,834,3439333,3439332,1,3439333,14.05078811520061,positive,0.062027203455851,0.0667417119043933,226.526222888664,15.118747906825591,,False,,,,,,,,,,,,-0.062027203455851,,False,False,,False,True,False,,True,False,False,positive_harmless,False,False,False,True,False,False,True,True,False,False,False,True,True,True,False,True,True,True,False,structural_positive_cap_missing_primitives
rawr2q_00834,cand_00834,835,30811943,30811942,1,30811943,16.243412932524684,positive,0.0546299531296021,0.0585590592521217,297.33528956155953,17.41167483918213,,False,,,,,,,,,,,,-0.0546299531296021,,False,False,,False,True,False,,True,False,False,positive_harmless,False,False,False,True,False,False,True,True,False,False,False,True,True,True,False,True,True,True,False,structural_positive_cap_missing_primitives
rawr2q_00835,cand_00835,836,1189553,1189552,1,1189553,12.989088164268896,positive,0.066374284128521,0.0738165199461072,195.6945876676881,14.445493433917123,,False,,,,,,,,,,,,-0.066374284128521,,False,False,,False,True,False,,True,False,False,positive_harmless,False,False,False,True,False,False,True,True,False,False,False,True,True,True,False,True,True,True,False,structural_positive_cap_missing_primitives
rawr2q_00836,cand_00836,837,30775181,30775180,1,30775181,16.242219111414734,positive,0.0546335027333908,0.0575277906754467,297.2941198860355,17.10267389784501,,False,,,,,,,,,,,,-0.0546335027333908,,False,False,,False,True,False,,True,False,False,positive_harmless,False,False,False,True,False,False,True,True,False,False,False,True,True,True,False,True,True,True,False,structural_positive_cap_missing_primitives
rawr2q_00837,cand_00837,838,31040293,31040292,1,31040293,16.25079669266773,positive,0.0546080091002443,0.0583320902109802,297.5899865317559,17.35904594025477,,False,,,,,,,,,,,,-0.0546080091002443,,False,False,,False,True,False,,True,False,False,positive_harmless,False,False,False,True,False,False,True,True,False,False,False,True,True,True,False,True,True,True,False,structural_positive_cap_missing_primitives
rawr2q_00838,cand_00838,839,109706111,109706110,1,109706111,17.513315630166108,positive,0.0510975366601752,0.0544823672840614,342.7428556221527,18.673442143994155,,False,,,,,,,,,,,,-0.0510975366601752,,False,False,,False,True,False,,True,False,False,positive_harmless,False,False,False,True,False,False,True,True,False,False,False,True,True,True,False,True,True,True,False,structural_positive_cap_missing_primitives
rawr2q_00839,cand_00839,840,3293167,3293166,1,3293167,14.007360273707592,positive,0.0621938843736947,0.0681897010081382,225.2208623848568,15.357743266818426,,False,,,,,,,,,,,,-0.0621938843736947,,False,False,,False,True,False,,True,False,False,positive_harmless,False,False,False,True,False,False,True,True,False,False,False,True,True,True,False,True,True,True,False,structural_positive_cap_missing_primitives
rawr2q_00840,cand_00840,841,109442429,109442428,1,109442429,17.51090920640216,positive,0.0511038000120234,0.0545916136692518,342.653759647664,18.70602166900193,,False,,,,,,,,,,,,-0.0511038000120234,,False,False,,False,True,False,,True,False,False,positive_harmless,False,False,False,True,False,False,True,True,False,False,False,True,True,True,False,True,True,True,False,structural_positive_cap_missing_primitives
rawr2q_00841,cand_00841,842,179148029,179148028,1,179148029,18.003722999701044,positive,0.0498522701086352,0.0529334073685359,361.1414878493664,19.116449494009668,,False,,,,,,,,,,,,-0.0498522701086352,,False,False,,False,True,False,,True,False,False,positive_harmless,False,False,False,True,False,False,True,True,False,False,False,True,True,True,False,True,True,True,False,structural_positive_cap_missing_primitives
rawr2q_00842,cand_00842,843,1518427,1518426,1,1518427,13.233185488555364,positive,0.0653221065458227,0.0720703082374865,202.58356915162292,14.60026027260763,,False,,,,,,,,,,,,-0.0653221065458227,,False,False,,False,True,False,,True,False,False,positive_harmless,False,False,False,True,False,False,True,True,False,False,False,True,True,True,False,True,True,True,False,structural_positive_cap_missing_primitives
rawr2q_00843,cand_00843,844,7108613,7108612,1,7108613,14.776817705393524,positive,0.0593665895680912,0.0639845617092927,248.9079769092186,15.9262678084831,,False,,,,,,,,,,,,-0.0593665895680912,,False,False,,False,True,False,,True,False,False,positive_harmless,False,False,False,True,False,False,True,True,False,False,False,True,True,True,False,True,True,True,False,structural_positive_cap_missing_primitives
rawr2q_00844,cand_00844,845,30819511,30819510,1,30819511,16.243658521409802,positive,0.0546292229739406,0.0584555384497958,297.3437592029889,17.381389548897143,,False,,,,,,,,,,,,-0.0546292229739406,,False,False,,False,True,False,,True,False,False,positive_harmless,False,False,False,True,False,False,True,True,False,False,False,True,True,True,False,True,True,True,False,structural_positive_cap_missing_primitives
rawr2q_00845,cand_00845,846,1510391,1510390,1,1510391,13.22787911566918,positive,0.0653446271325235,0.0698496571702368,202.4325441300952,14.13984380758598,,False,,,,,,,,,,,,-0.0653446271325235,,False,False,,False,True,False,,True,False,False,positive_harmless,False,False,False,True,False,False,True,True,False,False,False,True,True,True,False,True,True,True,False,structural_positive_cap_missing_primitives
rawr2q_00846,cand_00846,847,17594219,17594218,1,17594219,15.683080940142546,positive,0.0563480472592618,0.0602853522506817,278.32518965534746,16.77893209861041,,False,,,,,,,,,,,,-0.0563480472592618,,False,False,,False,True,False,,True,False,False,positive_harmless,False,False,False,True,False,False,True,True,False,False,False,True,True,True,False,True,True,True,False,structural_positive_cap_missing_primitives
rawr2q_00847,cand_00847,848,187509781,187509780,1,187509781,18.049341567347508,positive,0.049739501174666,0.0535126337722001,362.8774141494736,19.418526167583764,,False,,,,,,,,,,,,-0.049739501174666,,False,False,,False,True,False,,True,False,False,positive_harmless,False,False,False,True,False,False,True,True,False,False,False,True,True,True,False,True,True,True,False,structural_positive_cap_missing_primitives
rawr2q_00848,cand_00848,849,30405577,30405576,1,30405577,16.230136603498202,positive,0.0546694536748463,0.0584289519707461,296.8776073752086,17.346247462516082,,False,,,,,,,,,,,,-0.0546694536748463,,False,False,,False,True,False,,True,False,False,positive_harmless,False,False,False,True,False,False,True,True,False,False,False,True,True,True,False,True,True,True,False,structural_positive_cap_missing_primitives
rawr2q_00849,cand_00849,850,30419423,30419422,1,30419423,16.230591876831177,positive,0.0546680981760764,0.0588391093536454,296.89329642592054,17.468937134768996,,False,,,,,,,,,,,,-0.0546680981760764,,False,False,,False,True,False,,True,False,False,positive_harmless,False,False,False,True,False,False,True,True,False,False,False,True,True,True,False,True,True,True,False,structural_positive_cap_missing_primitives
rawr2q_00850,cand_00850,851,109638391,109638390,1,109638391,17.51269815399019,positive,0.051099143658706,0.0552138610279271,342.7199929407518,18.92289406172283,,False,,,,,,,,,,,,-0.051099143658706,,False,False,,False,True,False,,True,False,False,positive_harmless,False,False,False,True,False,False,True,True,False,False,False,True,True,True,False,True,True,True,False,structural_positive_cap_missing_primitives
rawr2q_00851,cand_00851,852,40840829,40840828,1,40840829,16.52519284978146,positive,0.0538047880586703,0.0581785538517203,307.1323844220313,17.86851796670441,,False,,,,,,,,,,,,-0.0538047880586703,,False,False,,False,True,False,,True,False,False,positive_harmless,False,False,False,True,False,False,True,True,False,False,False,True,True,True,False,True,True,True,False,structural_positive_cap_missing_primitives
rawr2q_00852,cand_00852,853,108531433,108531432,1,108531433,17.5025503940575,positive,0.0511255679145674,0.0552671935291183,342.3443710846374,18.920412610338943,,False,,,,,,,,,,,,-0.0511255679145674,,False,False,,False,True,False,,True,False,False,positive_harmless,False,False,False,True,False,False,True,True,False,False,False,True,True,True,False,True,True,True,False,structural_positive_cap_missing_primitives
rawr2q_00853,cand_00853,854,109722043,109722042,1,109722043,17.51346084398428,positive,0.0510971587518929,0.0547359397556698,342.748232421739,18.760646601198616,,False,,,,,,,,,,,,-0.0510971587518929,,False,False,,False,True,False,,True,False,False,positive_harmless,False,False,False,True,False,False,True,True,False,False,False,True,True,True,False,True,True,True,False,structural_positive_cap_missing_primitives
rawr2q_00854,cand_00854,855,17590231,17590230,1,17590231,15.682854249089136,positive,0.0563487641092828,0.0613662107477397,278.31762589635144,17.07929808556608,,False,,,,,,,,,,,,-0.0563487641092828,,False,False,,False,True,False,,True,False,False,positive_harmless,False,False,False,True,False,False,True,True,False,False,False,True,True,True,False,True,True,True,False,structural_positive_cap_missing_primitives
rawr2q_00855,cand_00855,856,12895819,12895818,1,12895819,15.372413708270248,positive,0.0573477843667492,0.0616168261681965,268.0559306347555,16.516755681275868,,False,,,,,,,,,,,,-0.0573477843667492,,False,False,,False,True,False,,True,False,False,positive_harmless,False,False,False,True,False,False,True,True,False,False,False,True,True,True,False,True,True,True,False,structural_positive_cap_missing_primitives
rawr2q_00856,cand_00856,857,604712203,604712202,1,604712203,19.220263205294494,positive,0.0470095097150363,0.0492150762316946,408.8590440913864,20.12202902297536,,False,,,,,,,,,,,,-0.0470095097150363,,False,False,,False,True,False,,True,False,False,positive_harmless,False,False,True,False,False,False,True,True,False,False,False,True,True,True,False,True,True,True,False,structural_positive_cap_missing_primitives
rawr2q_00857,cand_00857,858,179382757,179382756,1,179382757,18.005032388142443,positive,0.0498490262024408,0.0535747962963188,361.1912560743432,19.35074796819445,,False,,,,,,,,,,,,-0.0498490262024408,,False,False,,False,True,False,,True,False,False,positive_harmless,False,False,False,True,False,False,True,True,False,False,False,True,True,True,False,True,True,True,False,structural_positive_cap_missing_primitives
rawr2q_00858,cand_00858,859,1509019,1509018,1,1509019,13.226970328790664,positive,0.0653484856294332,0.0709615737150018,202.40668473629,14.36309687932337,,False,,,,,,,,,,,,-0.0653484856294332,,False,False,,False,True,False,,True,False,False,positive_harmless,False,False,False,True,False,False,True,True,False,False,False,True,True,True,False,True,True,True,False,structural_positive_cap_missing_primitives
rawr2q_00859,cand_00859,860,7102489,7102488,1,7102489,14.77595584395884,positive,0.0593696133477467,0.0636864195243564,248.8807827905391,15.850325944348493,,False,,,,,,,,,,,,-0.0593696133477467,,False,False,,False,True,False,,True,False,False,positive_harmless,False,False,False,True,False,False,True,True,False,False,False,True,True,True,False,True,True,True,False,structural_positive_cap_missing_primitives
rawr2q_00860,cand_00860,861,30402013,30402012,1,30402013,16.23001938128946,positive,0.0546698026948331,0.0584739115607995,296.8735678796104,17.359358752931346,,False,,,,,,,,,,,,-0.0546698026948331,,False,False,,False,True,False,,True,False,False,positive_harmless,False,False,False,True,False,False,True,True,False,False,False,True,True,True,False,True,True,True,False,structural_positive_cap_missing_primitives
rawr2q_00861,cand_00861,862,39641179,39641178,1,39641179,16.495379009667914,positive,0.0538909188193475,0.0577647807069204,306.08828669192866,17.681122757716242,,False,,,,,,,,,,,,-0.0538909188193475,,False,False,,False,True,False,,True,False,False,positive_harmless,False,False,False,True,False,False,True,True,False,False,False,True,True,True,False,True,True,True,False,structural_positive_cap_missing_primitives
rawr2q_00862,cand_00862,863,109726417,109726416,1,109726417,17.513500707558627,positive,0.0510970550108466,0.0547346133640878,342.7497084487738,18.760272772597453,,False,,,,,,,,,,,,-0.0510970550108466,,False,False,,False,True,False,,True,False,False,positive_harmless,False,False,False,True,False,False,True,True,False,False,False,True,True,True,False,True,True,True,False,structural_positive_cap_missing_primitives
rawr2q_00863,cand_00863,864,12830303,12830302,1,12830303,15.367320352836725,positive,0.0573644691775874,0.061618925562123,267.88917553238326,16.507043166028428,,False,,,,,,,,,,,,-0.0573644691775874,,False,False,,False,True,False,,True,False,False,positive_harmless,False,False,False,True,False,False,True,True,False,False,False,True,True,True,False,True,True,True,False,structural_positive_cap_missing_primitives
rawr2q_00864,cand_00864,865,33864067,33864066,1,33864067,16.337865039683184,positive,0.0543505656290784,0.0578379832097438,300.6015641342684,17.38618821922054,,False,,,,,,,,,,,,-0.0543505656290784,,False,False,,False,True,False,,True,False,False,positive_harmless,False,False,False,True,False,False,True,True,False,False,False,True,True,True,False,True,True,True,False,structural_positive_cap_missing_primitives
rawr2q_00865,cand_00865,866,31025143,31025142,1,31025143,16.250308498230464,positive,0.0546094594387327,0.0595441933396197,297.5731432841221,17.718752776388126,,False,,,,,,,,,,,,-0.0546094594387327,,False,False,,False,True,False,,True,False,False,positive_harmless,False,False,False,True,False,False,True,True,False,False,False,True,True,True,False,True,True,True,False,structural_positive_cap_missing_primitives
rawr2q_00866,cand_00866,867,30801877,30801876,1,30801877,16.243086187645382,positive,0.0546309245987411,0.0578221710482515,297.324021274567,17.191920414891978,,False,,,,,,,,,,,,-0.0546309245987411,,False,False,,False,True,False,,True,False,False,positive_harmless,False,False,False,True,False,False,True,True,False,False,False,True,True,True,False,True,True,True,False,structural_positive_cap_missing_primitives
rawr2q_00867,cand_00867,868,359167,359166,1,359167,11.791542740365744,positive,0.0720650640478474,0.0770398696559618,163.6235656786036,12.605538172523325,,False,,,,,,,,,,,,-0.0720650640478474,,False,False,,False,True,False,,True,False,False,positive_harmless,False,False,False,True,False,False,True,True,False,False,False,True,True,True,False,True,True,True,False,structural_positive_cap_missing_primitives
rawr2q_00868,cand_00868,869,33388841,33388840,1,33388841,16.323732300326082,positive,0.0543921888286447,0.0589455636856937,300.1117008133612,17.690253373115837,,False,,,,,,,,,,,,-0.0543921888286447,,False,False,,False,True,False,,True,False,False,positive_harmless,False,False,False,True,False,False,True,True,False,False,False,True,True,True,False,True,True,True,False,structural_positive_cap_missing_primitives
rawr2q_00869,cand_00869,870,604866473,604866472,1,604866473,19.220518285850886,positive,0.0470089475466611,0.0491519986144946,408.8693597484301,20.09674620386413,,False,,,,,,,,,,,,-0.0470089475466611,,False,False,,False,True,False,,True,False,False,positive_harmless,False,False,True,False,False,False,True,True,False,False,False,True,True,True,False,True,True,True,False,structural_positive_cap_missing_primitives
rawr2q_00870,cand_00870,871,33921259,33921258,1,33921259,16.33955248494445,positive,0.0543456000690016,0.0589072212043223,300.6600803781432,17.711049862144606,,False,,,,,,,,,,,,-0.0543456000690016,,False,False,,False,True,False,,True,False,False,positive_harmless,False,False,False,True,False,False,True,True,False,False,False,True,True,True,False,True,True,True,False,structural_positive_cap_missing_primitives
rawr2q_00871,cand_00871,872,604685567,604685566,1,604685567,19.22021915692486,positive,0.0470096067939629,0.0499192156985863,408.85726275407103,20.409833889354047,,False,,,,,,,,,,,,-0.0470096067939629,,False,False,,False,True,False,,True,False,False,positive_harmless,False,False,True,False,False,False,True,True,False,False,False,True,True,True,False,True,True,True,False,structural_positive_cap_missing_primitives
rawr2q_00872,cand_00872,873,30649621,30649620,1,30649621,16.238130854854056,positive,0.0546456618799349,0.0590986334793916,297.15315536907144,17.56134541640146,,False,,,,,,,,,,,,-0.0546456618799349,,False,False,,False,True,False,,True,False,False,positive_harmless,False,False,False,True,False,False,True,True,False,False,False,True,True,True,False,True,True,True,False,structural_positive_cap_missing_primitives
rawr2q_00873,cand_00873,874,40884703,40884702,1,40884703,16.526266541273976,positive,0.0538016913296386,0.0579413878612287,307.17001887577965,17.79785720302249,,False,,,,,,,,,,,,-0.0538016913296386,,False,False,,False,True,False,,True,False,False,positive_harmless,False,False,False,True,False,False,True,True,False,False,False,True,True,True,False,True,True,True,False,structural_positive_cap_missing_primitives
rawr2q_00874,cand_00874,875,39693497,39693496,1,39693497,16.496697928713708,positive,0.0538871027201862,0.0577138689826572,306.13443840865455,17.668202869396428,,False,,,,,,,,,,,,-0.0538871027201862,,False,False,,False,True,False,,True,False,False,positive_harmless,False,False,False,True,False,False,True,True,False,False,False,True,True,True,False,True,True,True,False,structural_positive_cap_missing_primitives
rawr2q_00875,cand_00875,876,108532477,108532476,1,108532477,17.502560013344283,positive,0.051125542853536,0.0539817996673655,342.3447270474068,18.48038447265204,,False,,,,,,,,,,,,-0.051125542853536,,False,False,,False,True,False,,True,False,False,positive_harmless,False,False,False,True,False,False,True,True,False,False,False,True,True,True,False,True,True,True,False,structural_positive_cap_missing_primitives
rawr2q_00876,cand_00876,877,30341053,30341052,1,30341053,16.228012237940277,positive,0.0546757794961756,0.0589348047105401,296.80440567062,17.492109685425905,,False,,,,,,,,,,,,-0.0546757794961756,,False,False,,False,True,False,,True,False,False,positive_harmless,False,False,False,True,False,False,True,True,False,False,False,True,True,True,False,True,True,True,False,structural_positive_cap_missing_primitives
rawr2q_00877,cand_00877,878,180627001,180627000,1,180627001,18.0119446949703,positive,0.0498319084797673,0.0533332629001659,361.4540410846093,19.27752339949284,,False,,,,,,,,,,,,-0.0498319084797673,,False,False,,False,True,False,,True,False,False,positive_harmless,False,False,False,True,False,False,True,True,False,False,False,True,True,True,False,True,True,True,False,structural_positive_cap_missing_primitives
rawr2q_00878,cand_00878,879,30781943,30781942,1,30781943,16.24243880978879,positive,0.0546328494668824,0.058586881232034,297.3016961093107,17.41797916003845,,False,,,,,,,,,,,,-0.0546328494668824,,False,False,,False,True,False,,True,False,False,positive_harmless,False,False,False,True,False,False,True,True,False,False,False,True,True,True,False,True,True,True,False,structural_positive_cap_missing_primitives
rawr2q_00879,cand_00879,880,18002111,18002110,1,18002111,15.705999586761717,positive,0.0562756667296418,0.0611464846554823,279.09042219288267,17.065398218109177,,False,,,,,,,,,,,,-0.0562756667296418,,False,False,,False,True,False,,True,False,False,positive_harmless,False,False,False,True,False,False,True,True,False,False,False,True,True,True,False,True,True,True,False,structural_positive_cap_missing_primitives
rawr2q_00880,cand_00880,881,179149097,179149096,1,179149097,18.00372896123365,positive,0.0498522553384568,0.0523875652398403,361.14171443203065,18.91933512563578,,False,,,,,,,,,,,,-0.0498522553384568,,False,False,,False,True,False,,True,False,False,positive_harmless,False,False,False,True,False,False,True,True,False,False,False,True,True,True,False,True,True,True,False,structural_positive_cap_missing_primitives
rawr2q_00881,cand_00881,882,178894493,178894492,1,178894493,18.002306765445063,positive,0.0498557791905389,0.0529924606807178,361.0876624080793,19.134923752452448,,False,,,,,,,,,,,,-0.0498557791905389,,False,False,,False,True,False,,True,False,False,positive_harmless,False,False,False,True,False,False,True,True,False,False,False,True,True,True,False,True,True,True,False,structural_positive_cap_missing_primitives
rawr2q_00882,cand_00882,883,180640973,180640972,1,180640973,18.012022044755017,positive,0.0498317169960801,0.0538739677253463,361.45698223025073,19.4731217947736,,False,,,,,,,,,,,,-0.0498317169960801,,False,False,,False,True,False,,True,False,False,positive_harmless,False,False,False,True,False,False,True,True,False,False,False,True,True,True,False,True,True,True,False,structural_positive_cap_missing_primitives
rawr2q_00883,cand_00883,884,179412253,179412252,1,179412253,18.00519680514516,positive,0.0498486189020639,0.0527759043101292,361.1975056022997,19.062524992724324,,False,,,,,,,,,,,,-0.0498486189020639,,False,False,,False,True,False,,True,False,False,positive_harmless,False,False,False,True,False,False,True,True,False,False,False,True,True,True,False,True,True,True,False,structural_positive_cap_missing_primitives
rawr2q_00884,cand_00884,885,17998069,17998068,1,17998069,15.705775032327988,positive,0.0562763750084137,0.0605791328840376,279.0829194307532,16.906601261860757,,False,,,,,,,,,,,,-0.0562763750084137,,False,False,,False,True,False,,True,False,False,positive_harmless,False,False,False,True,False,False,True,True,False,False,False,True,True,True,False,True,True,True,False,structural_positive_cap_missing_primitives
rawr2q_00885,cand_00885,886,59183,59182,1,59183,9.988389617470986,positive,0.0827232092941124,0.0905353629639327,120.74470638534416,10.931665818570616,,False,,,,,,,,,,,,-0.0827232092941124,,False,False,,False,True,False,,True,False,False,positive_harmless,False,False,False,True,False,False,True,True,False,False,False,True,True,True,False,True,True,True,False,structural_positive_cap_missing_primitives
rawr2q_00886,cand_00886,887,7113299,7113298,1,7113299,14.77747668854144,positive,0.0593642777791867,0.0652555822922497,248.9287706574686,16.243991878546996,,False,,,,,,,,,,,,-0.0593642777791867,,False,False,,False,True,False,,True,False,False,positive_harmless,False,False,False,True,False,False,True,True,False,False,False,True,True,True,False,True,True,True,False,structural_positive_cap_missing_primitives
rawr2q_00887,cand_00887,888,109814219,109814218,1,109814219,17.51430057774468,positive,0.0510949735157565,0.0543812614326261,342.77932588307675,18.64077213454693,,False,,,,,,,,,,,,-0.0510949735157565,,False,False,,False,True,False,,True,False,False,positive_harmless,False,False,False,True,False,False,True,True,False,False,False,True,True,True,False,True,True,True,False,structural_positive_cap_missing_primitives
rawr2q_00888,cand_00888,889,33868033,33868032,1,33868033,16.337982148114918,positive,0.0543502209908248,0.0580902158457348,300.6056249683516,17.462245638853553,,False,,,,,,,,,,,,-0.0543502209908248,,False,False,,False,True,False,,True,False,False,positive_harmless,False,False,False,True,False,False,True,True,False,False,False,True,True,True,False,True,True,True,False,structural_positive_cap_missing_primitives
rawr2q_00889,cand_00889,890,7102801,7102800,1,7102801,14.775999771256355,positive,0.0593694592245316,0.064466073133591,248.88216878268057,16.044456094391023,,False,,,,,,,,,,,,-0.0593694592245316,,False,False,,False,True,False,,True,False,False,positive_harmless,False,False,False,True,False,False,True,True,False,False,False,True,True,True,False,True,True,True,False,structural_positive_cap_missing_primitives
rawr2q_00890,cand_00890,891,30642761,30642760,1,30642761,16.237907009742973,positive,0.0546463277876741,0.0578939114446271,297.145438076546,17.202911678178474,,False,,,,,,,,,,,,-0.0546463277876741,,False,False,,False,True,False,,True,False,False,positive_harmless,False,False,False,True,False,False,True,True,False,False,False,True,True,True,False,True,True,True,False,structural_positive_cap_missing_primitives
rawr2q_00891,cand_00891,892,30776287,30776286,1,30776287,16.24225504881919,positive,0.0546333958735352,0.0591546579044083,297.2953591685308,17.586405268182634,,False,,,,,,,,,,,,-0.0546333958735352,,False,False,,False,True,False,,True,False,False,positive_harmless,False,False,False,True,False,False,True,True,False,False,False,True,True,True,False,True,True,True,False,structural_positive_cap_missing_primitives
rawr2q_00892,cand_00892,893,179662079,179662078,1,179662079,18.00658830555633,positive,0.0498451720871688,0.0534604288438405,361.2503990169108,19.31260125145255,,False,,,,,,,,,,,,-0.0498451720871688,,False,False,,False,True,False,,True,False,False,positive_harmless,False,False,False,True,False,False,True,True,False,False,False,True,True,True,False,True,True,True,False,structural_positive_cap_missing_primitives
rawr2q_00893,cand_00893,894,33844361,33844360,1,33844361,16.337282955557516,positive,0.0543522787082852,0.0585939985010802,300.58138028106515,17.61226494564135,,False,,,,,,,,,,,,-0.0543522787082852,,False,False,,False,True,False,,True,False,False,positive_harmless,False,False,False,True,False,False,True,True,False,False,False,True,True,True,False,True,True,True,False,structural_positive_cap_missing_primitives
rawr2q_00894,cand_00894,895,604814921,604814920,1,604814921,19.220433053490883,positive,0.0470091353875441,0.0492165780619318,408.8659128707066,20.122981117664136,,False,,,,,,,,,,,,-0.0470091353875441,,False,False,,False,True,False,,True,False,False,positive_harmless,False,False,True,False,False,False,True,True,False,False,False,True,True,True,False,True,True,True,False,structural_positive_cap_missing_primitives
rawr2q_00895,cand_00895,896,18002051,18002050,1,18002051,15.705996253813709,positive,0.0562756772421361,0.060904601565583,279.09031083243764,16.99788418206433,,False,,,,,,,,,,,,-0.0562756772421361,,False,False,,False,True,False,,True,False,False,positive_harmless,False,False,False,True,False,False,True,True,False,False,False,True,True,True,False,True,True,True,False,structural_positive_cap_missing_primitives
rawr2q_00896,cand_00896,897,3437477,3437476,1,3437477,14.05024833002549,positive,0.0620292697604796,0.0654695768526705,226.50997479543503,14.829512202766193,,False,,,,,,,,,,,,-0.0620292697604796,,False,False,,False,True,False,,True,False,False,positive_harmless,False,False,False,True,False,False,True,True,False,False,False,True,True,True,False,True,True,True,False,structural_positive_cap_missing_primitives
rawr2q_00897,cand_00897,898,178011803,178011802,1,178011803,17.99736041504677,positive,0.049868038899586,0.0534994171955925,360.8997027391863,19.307923762609047,,False,,,,,,,,,,,,-0.049868038899586,,False,False,,False,True,False,,True,False,False,positive_harmless,False,False,False,True,False,False,True,True,False,False,False,True,True,True,False,True,True,True,False,structural_positive_cap_missing_primitives
rawr2q_00898,cand_00898,899,40864177,40864176,1,40864177,16.5257643692459,positive,0.0538031396444139,0.0577574596493002,307.1524167263291,17.74034331525599,,False,,,,,,,,,,,,-0.0538031396444139,,False,False,,False,True,False,,True,False,False,positive_harmless,False,False,False,True,False,False,True,True,False,False,False,True,True,True,False,True,True,True,False,structural_positive_cap_missing_primitives
rawr2q_00899,cand_00899,900,1197739,1197738,1,1197739,12.995946170816742,positive,0.0663442634350069,0.0724750996658737,195.88650921639984,14.196894278658664,,False,,,,,,,,,,,,-0.0663442634350069,,False,False,,False,True,False,,True,False,False,positive_harmless,False,False,False,True,False,False,True,True,False,False,False,True,True,True,False,True,True,True,False,structural_positive_cap_missing_primitives
rawr2q_00900,cand_00900,901,112219777,112219776,1,112219777,17.535969801117066,positive,0.0510386481085528,0.0552387382691653,343.5821764679237,18.979045919861804,,False,,,,,,,,,,,,-0.0510386481085528,,False,False,,False,True,False,,True,False,False,positive_harmless,False,False,False,True,False,False,True,True,False,False,False,True,True,True,False,True,True,True,False,structural_positive_cap_missing_primitives
rawr2q_00901,cand_00901,902,179662261,179662260,1,179662261,18.0065893185687,positive,0.0498451695780604,0.0527959244485922,361.2504375247298,19.072550806576512,,False,,,,,,,,,,,,-0.0498451695780604,,False,False,,False,True,False,,True,False,False,positive_harmless,False,False,False,True,False,False,True,True,False,False,False,True,True,True,False,True,True,True,False,structural_positive_cap_missing_primitives
rawr2q_00902,cand_00902,903,604435093,604435092,1,604435093,19.21980484921865,positive,0.047010519913096,0.0491846653022056,408.8405081404864,20.108683554873487,,False,,,,,,,,,,,,-0.047010519913096,,False,False,,False,True,False,,True,False,False,positive_harmless,False,False,True,False,False,False,True,True,False,False,False,True,True,True,False,True,True,True,False,structural_positive_cap_missing_primitives
rawr2q_00903,cand_00903,904,108532547,108532546,1,108532547,17.50256065831231,positive,0.0511255411732081,0.0540662185454775,342.3447509145264,18.509286120841843,,False,,,,,,,,,,,,-0.0511255411732081,,False,False,,False,True,False,,True,False,False,positive_harmless,False,False,False,True,False,False,True,True,False,False,False,True,True,True,False,True,True,True,False,structural_positive_cap_missing_primitives
rawr2q_00904,cand_00904,905,179151461,179151460,1,179151461,18.00374215685921,positive,0.0498522226452599,0.0532813829057262,361.142215964388,19.24215669222102,,False,,,,,,,,,,,,-0.0498522226452599,,False,False,,False,True,False,,True,False,False,positive_harmless,False,False,False,True,False,False,True,True,False,False,False,True,True,True,False,True,True,True,False,structural_positive_cap_missing_primitives
rawr2q_00905,cand_00905,906,604712503,604712502,1,604712503,19.22026370139813,positive,0.0470095086216676,0.0496511704472867,408.859064154079,20.300331083232305,,False,,,,,,,,,,,,-0.0470095086216676,,False,False,,False,True,False,,True,False,False,positive_harmless,False,False,True,False,False,False,True,True,False,False,False,True,True,True,False,True,True,True,False,structural_positive_cap_missing_primitives
rawr2q_00906,cand_00906,907,108595961,108595960,1,108595961,17.503144773243942,positive,0.0511240194304049,0.0547479999666079,342.36636649962463,18.74387382168912,,False,,,,,,,,,,,,-0.0511240194304049,,False,False,,False,True,False,,True,False,False,positive_harmless,False,False,False,True,False,False,True,True,False,False,False,True,True,True,False,True,True,True,False,structural_positive_cap_missing_primitives
rawr2q_00907,cand_00907,908,109527331,109527330,1,109527331,17.511684674249903,positive,0.0511017814855867,0.0546177716113432,342.6824694788587,18.7165528532074,,False,,,,,,,,,,,,-0.0511017814855867,,False,False,,False,True,False,,True,False,False,positive_harmless,False,False,False,True,False,False,True,True,False,False,False,True,True,True,False,True,True,True,False,structural_positive_cap_missing_primitives
rawr2q_00908,cand_00908,909,7103477,7103476,1,7103477,14.776094940448528,positive,0.0593691253168531,0.0625995472242675,248.8851715700456,15.580099051118989,,False,,,,,,,,,,,,-0.0593691253168531,,False,False,,False,True,False,,True,False,False,positive_harmless,False,False,False,True,False,False,True,True,False,False,False,True,True,True,False,True,True,True,False,structural_positive_cap_missing_primitives
rawr2q_00909,cand_00909,910,33486917,33486916,1,33486917,16.326665383202304,positive,0.0543835452065274,0.0589292298645833,300.21333330146103,17.691340526534557,,False,,,,,,,,,,,,-0.0543835452065274,,False,False,,False,True,False,,True,False,False,positive_harmless,False,False,False,True,False,False,True,True,False,False,False,True,True,True,False,True,True,True,False,structural_positive_cap_missing_primitives
rawr2q_00910,cand_00910,911,179436233,179436232,1,179436233,18.005330454866257,positive,0.0498482878245151,0.0536850831213623,361.2025856986669,19.39119083688392,,False,,,,,,,,,,,,-0.0498482878245151,,False,False,,False,True,False,,True,False,False,positive_harmless,False,False,False,True,False,False,True,True,False,False,False,True,True,True,False,True,True,True,False,structural_positive_cap_missing_primitives
rawr2q_00911,cand_00911,912,187510061,187510060,1,187510061,18.04934306060183,positive,0.0497394974916682,0.0524473870154861,362.87747104049913,19.031975162861904,,False,,,,,,,,,,,,-0.0497394974916682,,False,False,,False,True,False,,True,False,False,positive_harmless,False,False,False,True,False,False,True,True,False,False,False,True,True,True,False,True,True,True,False,structural_positive_cap_missing_primitives
rawr2q_00912,cand_00912,913,109594997,109594996,1,109594997,17.51230228362608,positive,0.0511001739750686,0.054632572985037,342.7053358403473,18.72287427265939,,False,,,,,,,,,,,,-0.0511001739750686,,False,False,,False,True,False,,True,False,False,positive_harmless,False,False,False,True,False,False,True,True,False,False,False,True,True,True,False,True,True,True,False,structural_positive_cap_missing_primitives
rawr2q_00913,cand_00913,914,604814239,604814238,1,604814239,19.220431925872564,positive,0.0470091378726762,0.0493688680772857,408.8658672688464,20.185245062500687,,False,,,,,,,,,,,,-0.0470091378726762,,False,False,,False,True,False,,True,False,False,positive_harmless,False,False,True,False,False,False,True,True,False,False,False,True,True,True,False,True,True,True,False,structural_positive_cap_missing_primitives
rawr2q_00914,cand_00914,915,179143049,179143048,1,179143049,18.00369520107414,positive,0.0498523389820934,0.0536214877934271,361.1404312953283,19.364887228415444,,False,,,,,,,,,,,,-0.0498523389820934,,False,False,,False,True,False,,True,False,False,positive_harmless,False,False,False,True,False,False,True,True,False,False,False,True,True,True,False,True,True,True,False,structural_positive_cap_missing_primitives
rawr2q_00915,cand_00915,916,604811353,604811352,1,604811353,19.220427154148123,positive,0.0470091483889731,0.0502642768158267,408.8656742962107,20.551337433314377,,False,,,,,,,,,,,,-0.0470091483889731,,False,False,,False,True,False,,True,False,False,positive_harmless,False,False,True,False,False,False,True,True,False,False,False,True,True,True,False,True,True,True,False,structural_positive_cap_missing_primitives
rawr2q_00916,cand_00916,917,617647,617646,1,617647,12.333672375833435,positive,0.0693733789906287,0.0774150599023891,177.78681902606365,13.763377244757928,,False,,,,,,,,,,,,-0.0693733789906287,,False,False,,False,True,False,,True,False,False,positive_harmless,False,False,False,True,False,False,True,True,False,False,False,True,True,True,False,True,True,True,False,structural_positive_cap_missing_primitives
rawr2q_00917,cand_00917,918,39641051,39641050,1,39641051,16.495375780697184,positive,0.0538909281625621,0.0584684694230504,306.0881737078056,17.89650702519217,,False,,,,,,,,,,,,-0.0538909281625621,,False,False,,False,True,False,,True,False,False,positive_harmless,False,False,False,True,False,False,True,True,False,False,False,True,True,True,False,True,True,True,False,structural_positive_cap_missing_primitives
rawr2q_00918,cand_00918,919,108548719,108548718,1,108548719,17.502709653205585,positive,0.0511251530014578,0.0545307991961619,342.3502645108271,18.668633528792824,,False,,,,,,,,,,,,-0.0511251530014578,,False,False,,False,True,False,,True,False,False,positive_harmless,False,False,False,True,False,False,True,True,False,False,False,True,True,True,False,True,True,True,False,structural_positive_cap_missing_primitives
rawr2q_00919,cand_00919,920,33920959,33920958,1,33920959,16.33954364089398,positive,0.0543456260915877,0.0581434284620721,300.6597736744668,17.48139004206415,,False,,,,,,,,,,,,-0.0543456260915877,,False,False,,False,True,False,,True,False,False,positive_harmless,False,False,False,True,False,False,True,True,False,False,False,True,True,True,False,True,True,True,False,structural_positive_cap_missing_primitives
rawr2q_00920,cand_00920,921,108540463,108540462,1,108540463,17.502633592298928,positive,0.0511253511598328,0.0549539576212059,342.3474498508687,18.81334725083255,,False,,,,,,,,,,,,-0.0511253511598328,,False,False,,False,True,False,,True,False,False,positive_harmless,False,False,False,True,False,False,True,True,False,False,False,True,True,True,False,True,True,True,False,structural_positive_cap_missing_primitives
rawr2q_00921,cand_00921,922,30808091,30808090,1,30808091,16.24328790825076,positive,0.0546303248443673,0.0588642345773177,297.3309778868269,17.502160429433438,,False,,,,,,,,,,,,-0.0546303248443673,,False,False,,False,True,False,,True,False,False,positive_harmless,False,False,False,True,False,False,True,True,False,False,False,True,True,True,False,True,True,True,False,structural_positive_cap_missing_primitives
rawr2q_00922,cand_00922,923,3291647,3291646,1,3291647,14.006898605381958,positive,0.0621956610923246,0.0684103219780649,225.2070057522149,15.406483775224938,,False,,,,,,,,,,,,-0.0621956610923246,,False,False,,False,True,False,,True,False,False,positive_harmless,False,False,False,True,False,False,True,True,False,False,False,True,True,True,False,True,True,True,False,structural_positive_cap_missing_primitives
rawr2q_00923,cand_00923,924,109683781,109683780,1,109683781,17.51311206563655,positive,0.0510980664312688,0.0551290948259741,342.73531835481765,18.894687865793163,,False,,,,,,,,,,,,-0.0510980664312688,,False,False,,False,True,False,,True,False,False,positive_harmless,False,False,False,True,False,False,True,True,False,False,False,True,True,True,False,True,True,True,False,structural_positive_cap_missing_primitives
rawr2q_00924,cand_00924,925,109773101,109773100,1,109773193,17.513926075241702,positive,0.0510959434332203,0.0550956797823624,342.76548975226314,18.88489766383531,,False,,,,,,,,,,,,-0.0510959434332203,,False,False,,False,True,False,,True,False,False,positive_harmless,False,False,False,True,False,False,True,True,False,False,False,True,True,True,False,True,True,True,False,structural_positive_cap_missing_primitives
rawr2q_00925,cand_00925,926,111004819,111004818,1,111004819,17.525084172748645,positive,0.0510669279470187,0.0553538355119092,343.17874360742235,18.99625972482892,,False,,,,,,,,,,,,-0.0510669279470187,,False,False,,False,True,False,,True,False,False,positive_harmless,False,False,False,True,False,False,True,True,False,False,False,True,True,True,False,True,True,True,False,structural_positive_cap_missing_primitives
rawr2q_00926,cand_00926,927,39639401,39639400,1,39639401,16.495334156312897,positive,0.0538910486054268,0.0580108520218464,306.0867172410487,17.756351259723218,,False,,,,,,,,,,,,-0.0538910486054268,,False,False,,False,True,False,,True,False,False,positive_harmless,False,False,False,True,False,False,True,True,False,False,False,True,True,True,False,True,True,True,False,structural_positive_cap_missing_primitives
rawr2q_00927,cand_00927,928,33489931,33489930,1,33489931,16.32675538445175,positive,0.0543832800214138,0.0578008375393387,300.2164521526277,17.352762377510683,,False,,,,,,,,,,,,-0.0543832800214138,,False,False,,False,True,False,,True,False,False,positive_harmless,False,False,False,True,False,False,True,True,False,False,False,True,True,True,False,True,True,True,False,structural_positive_cap_missing_primitives
rawr2q_00928,cand_00928,929,109769447,109769446,1,109769447,17.513892787844487,positive,0.051096034682684,0.0550907910074587,342.7642261598001,18.883152348202856,,False,,,,,,,,,,,,-0.051096034682684,,False,False,,False,True,False,,True,False,False,positive_harmless,False,False,False,True,False,False,True,True,False,False,False,True,True,True,False,True,True,True,False,structural_positive_cap_missing_primitives
rawr2q_00929,cand_00929,930,604143751,604143750,1,604143751,19.219322725926347,positive,0.0470115825398416,0.0499265506780113,408.8210114951616,20.411022948649027,,False,,,,,,,,,,,,-0.0470115825398416,,False,False,,False,True,False,,True,False,False,positive_harmless,False,False,True,False,False,False,True,True,False,False,False,True,True,True,False,True,True,True,False,structural_positive_cap_missing_primitives
rawr2q_00930,cand_00930,931,40884761,40884760,1,40884761,16.526267959896458,positive,0.0538016872382983,0.0572384388419331,307.1700686020932,17.581935185753306,,False,,,,,,,,,,,,-0.0538016872382983,,False,False,,False,True,False,,True,False,False,positive_harmless,False,False,False,True,False,False,True,True,False,False,False,True,True,True,False,True,True,True,False,structural_positive_cap_missing_primitives
rawr2q_00931,cand_00931,932,108810703,108810702,1,108810703,17.50512026070956,positive,0.0511188735369292,0.0547312475022079,342.4394758633235,18.742139708001904,,False,,,,,,,,,,,,-0.0511188735369292,,False,False,,False,True,False,,True,False,False,positive_harmless,False,False,False,True,False,False,True,True,False,False,False,True,True,True,False,True,True,True,False,structural_positive_cap_missing_primitives
rawr2q_00932,cand_00932,933,108532727,108532726,1,108532727,17.502562316799608,positive,0.0511255368523705,0.0549057081271222,342.3448122870529,18.79668434226736,,False,,,,,,,,,,,,-0.0511255368523705,,False,False,,False,True,False,,True,False,False,positive_harmless,False,False,False,True,False,False,True,True,False,False,False,True,True,True,False,True,True,True,False,structural_positive_cap_missing_primitives
rawr2q_00933,cand_00933,934,7118443,7118442,1,7118443,14.778199579698969,positive,0.0593617419995965,0.0639860467502799,248.95158197681272,15.929427562924475,,False,,,,,,,,,,,,-0.0593617419995965,,False,False,,False,True,False,,True,False,False,positive_harmless,False,False,False,True,False,False,True,True,False,False,False,True,True,True,False,True,True,True,False,structural_positive_cap_missing_primitives
rawr2q_00934,cand_00934,935,177978791,177978790,1,177978791,17.99717494947184,positive,0.0498684986996183,0.0526763305513066,360.89265606084047,19.01050084419984,,False,,,,,,,,,,,,-0.0498684986996183,,False,False,,False,True,False,,True,False,False,positive_harmless,False,False,False,True,False,False,True,True,False,False,False,True,True,True,False,True,True,True,False,structural_positive_cap_missing_primitives
rawr2q_00935,cand_00935,936,39649187,39649186,1,39649187,16.495581001421293,positive,0.0538903343508792,0.0585131648548839,306.0953545772937,17.910607943695325,,False,,,,,,,,,,,,-0.0538903343508792,,False,False,,False,True,False,,True,False,False,positive_harmless,False,False,False,True,False,False,True,True,False,False,False,True,True,True,False,True,True,True,False,structural_positive_cap_missing_primitives
rawr2q_00936,cand_00936,937,604698079,604698078,1,604698079,19.22023984845652,positive,0.047009561191506,0.0500423855703042,408.85809952910887,20.46023466017748,,False,,,,,,,,,,,,-0.047009561191506,,False,False,,False,True,False,,True,False,False,positive_harmless,False,False,True,False,False,False,True,True,False,False,False,True,True,True,False,True,True,True,False,structural_positive_cap_missing_primitives
rawr2q_00937,cand_00937,938,39693569,39693568,1,39693569,16.496699742611202,positive,0.05388709747231,0.0571426503152974,306.13450188309093,17.49333679055322,,False,,,,,,,,,,,,-0.05388709747231,,False,False,,False,True,False,,True,False,False,positive_harmless,False,False,False,True,False,False,True,True,False,False,False,True,True,True,False,True,True,True,False,structural_positive_cap_missing_primitives
rawr2q_00938,cand_00938,939,3269009,3269008,1,3269009,13.999997438838074,positive,0.06222223208744,0.0682460248436658,224.9999231651488,15.35535034615164,,False,,,,,,,,,,,,-0.06222223208744,,False,False,,False,True,False,,True,False,False,positive_harmless,False,False,False,True,False,False,True,True,False,False,False,True,True,True,False,True,True,True,False,structural_positive_cap_missing_primitives
rawr2q_00939,cand_00939,940,3277531,3277530,1,3277531,14.002600953003942,positive,0.0622122053398678,0.0659166392050288,225.0780353550748,14.83638764947718,,False,,,,,,,,,,,,-0.0622122053398678,,False,False,,False,True,False,,True,False,False,positive_harmless,False,False,False,True,False,False,True,True,False,False,False,True,True,True,False,True,True,True,False,structural_positive_cap_missing_primitives
rawr2q_00940,cand_00940,941,178299293,178299292,1,178299293,17.99897411759836,positive,0.0498640386189143,0.0537060290310206,360.9610175211725,19.38578288605882,,False,,,,,,,,,,,,-0.0498640386189143,,False,False,,False,True,False,,True,False,False,positive_harmless,False,False,False,True,False,False,True,True,False,False,False,True,True,True,False,True,True,True,False,structural_positive_cap_missing_primitives
rawr2q_00941,cand_00941,942,178037383,178037382,1,178037383,17.99750410305984,positive,0.0498676826788926,0.0532726980772996,360.9051621457754,19.22639173753075,,False,,,,,,,,,,,,-0.0498676826788926,,False,False,,False,True,False,,True,False,False,positive_harmless,False,False,False,True,False,False,True,True,False,False,False,True,True,True,False,True,True,True,False,structural_positive_cap_missing_primitives
rawr2q_00942,cand_00942,943,3291163,3291162,1,3291163,14.006751555717493,positive,0.0621962270303515,0.0663088578637002,225.2025922550293,14.932926680375571,,False,,,,,,,,,,,,-0.0621962270303515,,False,False,,False,True,False,,True,False,False,positive_harmless,False,False,False,True,False,False,True,True,False,False,False,True,True,True,False,True,True,True,False,structural_positive_cap_missing_primitives
rawr2q_00943,cand_00943,944,109489841,109489840,1,109489841,17.51134232666114,positive,0.0511026725895456,0.0553662236802841,342.6697947348363,18.972332503765983,,False,,,,,,,,,,,,-0.0511026725895456,,False,False,,False,True,False,,True,False,False,positive_harmless,False,False,False,True,False,False,True,True,False,False,False,True,True,True,False,True,True,True,False,structural_positive_cap_missing_primitives
rawr2q_00944,cand_00944,945,180620701,180620700,1,180620701,18.011909815855688,positive,0.049831994825432,0.0532484287553092,361.45271484622987,19.246789134902563,,False,,,,,,,,,,,,-0.049831994825432,,False,False,,False,True,False,,True,False,False,positive_harmless,False,False,False,True,False,False,True,True,False,False,False,True,True,True,False,True,True,True,False,structural_positive_cap_missing_primitives
rawr2q_00945,cand_00945,946,109592773,109592772,1,109592773,17.512281990523043,positive,0.0511002267922521,0.053857183474842,342.7045844966438,18.45710368490524,,False,,,,,,,,,,,,-0.0511002267922521,,False,False,,False,True,False,,True,False,False,positive_harmless,False,False,False,True,False,False,True,True,False,False,False,True,True,True,False,True,True,True,False,structural_positive_cap_missing_primitives
rawr2q_00946,cand_00946,947,33415721,33415720,1,33415721,16.32453703583054,positive,0.0543898170482787,0.0578975849812232,300.1395835058641,17.377357042259703,,False,,,,,,,,,,,,-0.0543898170482787,,False,False,,False,True,False,,True,False,False,positive_harmless,False,False,False,True,False,False,True,True,False,False,False,True,True,True,False,True,True,True,False,structural_positive_cap_missing_primitives
rawr2q_00947,cand_00947,948,33488537,33488536,1,33488537,16.32671375913419,positive,0.0543834026684418,0.0578979058425053,300.2150096909701,17.381820363594603,,False,,,,,,,,,,,,-0.0543834026684418,,False,False,,False,True,False,,True,False,False,positive_harmless,False,False,False,True,False,False,True,True,False,False,False,True,True,True,False,True,True,True,False,structural_positive_cap_missing_primitives
rawr2q_00948,cand_00948,949,178912931,178912930,1,178912931,18.00240982647052,positive,0.0498555238139301,0.0530418844504978,361.09157921314335,19.152977820671325,,False,,,,,,,,,,,,-0.0498555238139301,,False,False,,False,True,False,,True,False,False,positive_harmless,False,False,False,True,False,False,True,True,False,False,False,True,True,True,False,True,True,True,False,structural_positive_cap_missing_primitives
rawr2q_00949,cand_00949,950,604715537,604715536,1,604715537,19.22026871864579,positive,0.0470094975640988,0.050292038029149,408.8592670542455,20.5623658072621,,False,,,,,,,,,,,,-0.0470094975640988,,False,False,,False,True,False,,True,False,False,positive_harmless,False,False,True,False,False,False,True,True,False,False,False,True,True,True,False,True,True,True,False,structural_positive_cap_missing_primitives
rawr2q_00950,cand_00950,951,179378933,179378932,1,179378933,18.00501107037019,positive,0.0498490790121648,0.0528374174512601,361.1904457848936,19.08437036334315,,False,,,,,,,,,,,,-0.0498490790121648,,False,False,,False,True,False,,True,False,False,positive_harmless,False,False,False,True,False,False,True,True,False,False,False,True,True,True,False,True,True,True,False,structural_positive_cap_missing_primitives
rawr2q_00951,cand_00951,952,31034411,31034410,1,31034411,16.250607179077214,positive,0.0546085721021683,0.0595614854614243,297.5834480468303,17.7245122144018,,False,,,,,,,,,,,,-0.0546085721021683,,False,False,,False,True,False,,True,False,False,positive_harmless,False,False,False,True,False,False,True,True,False,False,False,True,True,True,False,True,True,True,False,structural_positive_cap_missing_primitives
rawr2q_00952,cand_00952,953,39646561,39646560,1,39646561,16.495514768361712,positive,0.0538905259965936,0.058083894710532,306.0930370099628,17.77907573331365,,False,,,,,,,,,,,,-0.0538905259965936,,False,False,,False,True,False,,True,False,False,positive_harmless,False,False,False,True,False,False,True,True,False,False,False,True,True,True,False,True,True,True,False,structural_positive_cap_missing_primitives
rawr2q_00953,cand_00953,954,178037701,178037700,1,178037701,17.99750588919997,positive,0.049867678250858,0.0531012747989439,360.90523001018784,19.16452779514704,,False,,,,,,,,,,,,-0.049867678250858,,False,False,,False,True,False,,True,False,False,positive_harmless,False,False,False,True,False,False,True,True,False,False,False,True,True,True,False,True,True,True,False,structural_positive_cap_missing_primitives
rawr2q_00954,cand_00954,955,604170577,604170576,1,604170577,19.21936712827992,positive,0.0470114846725645,0.0492397505590195,408.8228070681663,20.130333042874664,,False,,,,,,,,,,,,-0.0470114846725645,,False,False,,False,True,False,,True,False,False,positive_harmless,False,False,True,False,False,False,True,True,False,False,False,True,True,True,False,True,True,True,False,structural_positive_cap_missing_primitives
rawr2q_00955,cand_00955,956,109706543,109706542,1,109706543,17.51331956795176,positive,0.0510975264123042,0.0555431705366381,342.74300142510543,19.037032978393825,,False,,,,,,,,,,,,-0.0510975264123042,,False,False,,False,True,False,,True,False,False,positive_harmless,False,False,False,True,False,False,True,True,False,False,False,True,True,True,False,True,True,True,False,structural_positive_cap_missing_primitives
rawr2q_00956,cand_00956,957,18001723,18001722,1,18001723,15.70597803350158,positive,0.0562757347111262,0.0603358846572112,279.08970205583734,16.839124072256443,,False,,,,,,,,,,,,-0.0562757347111262,,False,False,,False,True,False,,True,False,False,positive_harmless,False,False,False,True,False,False,True,True,False,False,False,True,True,True,False,True,True,True,False,structural_positive_cap_missing_primitives
rawr2q_00957,cand_00957,958,187422899,187422898,1,187422899,18.048878113473307,positive,0.0497406442745158,0.0523554099310386,362.8597573819624,18.99767134520985,,False,,,,,,,,,,,,-0.0497406442745158,,False,False,,False,True,False,,True,False,False,positive_harmless,False,False,False,True,False,False,True,True,False,False,False,True,True,True,False,True,True,True,False,structural_positive_cap_missing_primitives
rawr2q_00958,cand_00958,959,108582037,108582036,1,108582037,17.50301654662663,positive,0.0511243534801015,0.0549312559663093,342.36162132473885,18.806353854029886,,False,,,,,,,,,,,,-0.0511243534801015,,False,False,,False,True,False,,True,False,False,positive_harmless,False,False,False,True,False,False,True,True,False,False,False,True,True,True,False,True,True,True,False,structural_positive_cap_missing_primitives
rawr2q_00959,cand_00959,960,1197767,1197766,1,1197767,12.99596954792371,positive,0.066344161148625,0.0705694820952203,195.88716358640784,13.8236556833945,,False,,,,,,,,,,,,-0.066344161148625,,False,False,,False,True,False,,True,False,False,positive_harmless,False,False,False,True,False,False,True,True,False,False,False,True,True,True,False,True,True,True,False,structural_positive_cap_missing_primitives
rawr2q_00960,cand_00960,961,604811017,604811016,1,604811017,19.22042659860284,positive,0.0470091496133272,0.0501190700615863,408.8656518294853,20.491966249818123,,False,,,,,,,,,,,,-0.0470091496133272,,False,False,,False,True,False,,True,False,False,positive_harmless,False,False,True,False,False,False,True,True,False,False,False,True,True,True,False,True,True,True,False,structural_positive_cap_missing_primitives
rawr2q_00961,cand_00961,962,109773067,109773066,1,109773067,17.51392576551186,positive,0.0510959488652679,0.05489917504497,342.76544725088394,18.817540287993708,,False,,,,,,,,,,,,-0.0510959488652679,,False,False,,False,True,False,,True,False,False,positive_harmless,False,False,False,True,False,False,True,True,False,False,False,True,True,True,False,True,True,True,False,structural_positive_cap_missing_primitives
rawr2q_00962,cand_00962,963,179667317,179667316,1,179667317,18.00661745986466,positive,0.0498450998755949,0.0531647891908394,361.25150726563214,19.20586022865032,,False,,,,,,,,,,,,-0.0498450998755949,,False,False,,False,True,False,,True,False,False,positive_harmless,False,False,False,True,False,False,True,True,False,False,False,True,True,True,False,True,True,True,False,structural_positive_cap_missing_primitives
rawr2q_00963,cand_00963,964,1198187,1198186,1,1198187,12.99632013896536,positive,0.0663426271773368,0.0725736917080832,195.89697743240728,14.216966846724858,,False,,,,,,,,,,,,-0.0663426271773368,,False,False,,False,True,False,,True,False,False,positive_harmless,False,False,False,True,False,False,True,True,False,False,False,True,True,True,False,True,True,True,False,structural_positive_cap_missing_primitives
rawr2q_00964,cand_00964,965,12772481,12772480,1,12772481,15.36280349261503,positive,0.0573792735909179,0.0615028587662349,267.7413381379346,16.466857705380132,,False,,,,,,,,,,,,-0.0573792735909179,,False,False,,False,True,False,,True,False,False,positive_harmless,False,False,False,True,False,False,True,True,False,False,False,True,True,True,False,True,True,True,False,structural_positive_cap_missing_primitives
rawr2q_00965,cand_00965,966,179394643,179394642,1,179394643,18.00509864649653,positive,0.0498488620637974,0.0535599774174267,361.19377456306427,19.34553040891284,,False,,,,,,,,,,,,-0.0498488620637974,,False,False,,False,True,False,,True,False,False,positive_harmless,False,False,False,True,False,False,True,True,False,False,False,True,True,True,False,True,True,True,False,structural_positive_cap_missing_primitives
rawr2q_00966,cand_00966,967,12772691,12772690,1,12772691,15.362819934078022,positive,0.0573792196887631,0.0621562171320395,267.7418761950611,16.641822192119854,,False,,,,,,,,,,,,-0.0573792196887631,,False,False,,False,True,False,,True,False,False,positive_harmless,False,False,False,True,False,False,True,True,False,False,False,True,True,True,False,True,True,True,False,structural_positive_cap_missing_primitives
rawr2q_00967,cand_00967,968,7055803,7055802,1,7055803,14.769360956777874,positive,0.0593927611876397,0.0640608430714085,248.6727449851504,15.930185692630102,,False,,,,,,,,,,,,-0.0593927611876397,,False,False,,False,True,False,,True,False,False,positive_harmless,False,False,False,True,False,False,True,True,False,False,False,True,True,True,False,True,True,True,False,structural_positive_cap_missing_primitives
rawr2q_00968,cand_00968,969,30848669,30848668,1,30848669,16.24460416313858,positive,0.0546264116859048,0.0582469097724379,297.3763727433364,17.321254751635976,,False,,,,,,,,,,,,-0.0546264116859048,,False,False,,False,True,False,,True,False,False,positive_harmless,False,False,False,True,False,False,True,True,False,False,False,True,True,True,False,True,True,True,False,structural_positive_cap_missing_primitives
rawr2q_00969,cand_00969,970,33478231,33478230,1,33478231,16.326405964674663,positive,0.0543843095873442,0.0580317043722804,300.20434365271376,17.421369722128755,,False,,,,,,,,,,,,-0.0543843095873442,,False,False,,False,True,False,,True,False,False,positive_harmless,False,False,False,True,False,False,True,True,False,False,False,True,True,True,False,True,True,True,False,structural_positive_cap_missing_primitives
rawr2q_00970,cand_00970,971,39651991,39651990,1,39651991,16.495651719160218,positive,0.0538901297302193,0.0576970160239945,306.0978290781539,17.660931349232175,,False,,,,,,,,,,,,-0.0538901297302193,,False,False,,False,True,False,,True,False,False,positive_harmless,False,False,False,True,False,False,True,True,False,False,False,True,True,True,False,True,True,True,False,structural_positive_cap_missing_primitives
rawr2q_00971,cand_00971,972,1186033,1186032,1,1186033,12.986124682773283,positive,0.0663872650190701,0.0726904701419275,195.61168364208007,14.21910524919679,,False,,,,,,,,,,,,-0.0663872650190701,,False,False,,False,True,False,,True,False,False,positive_harmless,False,False,False,True,False,False,True,True,False,False,False,True,True,True,False,True,True,True,False,structural_positive_cap_missing_primitives
rawr2q_00972,cand_00972,973,179471339,179471338,1,179471339,18.0055260818346,positive,0.0498478032246186,0.0533847122027223,361.2100216472951,19.28309305037994,,False,,,,,,,,,,,,-0.0498478032246186,,False,False,,False,True,False,,True,False,False,positive_harmless,False,False,False,True,False,False,True,True,False,False,False,True,True,True,False,True,True,True,False,structural_positive_cap_missing_primitives
rawr2q_00973,cand_00973,974,30364123,30364122,1,30364123,16.22877230496028,positive,0.0546735160420898,0.0580150846827492,296.8305951361664,17.220652113255536,,False,,,,,,,,,,,,-0.0546735160420898,,False,False,,False,True,False,,True,False,False,positive_harmless,False,False,False,True,False,False,True,True,False,False,False,True,True,True,False,True,True,True,False,structural_positive_cap_missing_primitives
rawr2q_00974,cand_00974,975,17642869,17642868,1,17642869,15.685842237041545,positive,0.0563393168511439,0.0601273708835792,278.4173311594396,16.740502131039918,,False,,,,,,,,,,,,-0.0563393168511439,,False,False,,False,True,False,,True,False,False,positive_harmless,False,False,False,True,False,False,True,True,False,False,False,True,True,True,False,True,True,True,False,structural_positive_cap_missing_primitives
rawr2q_00975,cand_00975,976,604830077,604830076,1,604830077,19.220458112082497,positive,0.047009080161557,0.0493076414475111,408.8669262624829,20.160263799896462,,False,,,,,,,,,,,,-0.047009080161557,,False,False,,False,True,False,,True,False,False,positive_harmless,False,False,True,False,False,False,True,True,False,False,False,True,True,True,False,True,True,True,False,structural_positive_cap_missing_primitives
rawr2q_00976,cand_00976,977,7108573,7108572,1,7108573,14.776812078400951,positive,0.0593666093090015,0.0629207767537194,248.9077993571782,15.661472075612592,,False,,,,,,,,,,,,-0.0593666093090015,,False,False,,False,True,False,,True,False,False,positive_harmless,False,False,False,True,False,False,True,True,False,False,False,True,True,True,False,True,True,True,False,structural_positive_cap_missing_primitives
rawr2q_00977,cand_00977,978,604872287,604872286,1,604872287,19.22052789784348,positive,0.0470089263631908,0.0506320408823422,408.8697484674664,20.70190981995773,,False,,,,,,,,,,,,-0.0470089263631908,,False,False,,False,True,False,,True,False,False,positive_harmless,False,False,True,False,False,False,True,True,False,False,False,True,True,True,False,True,True,True,False,structural_positive_cap_missing_primitives
rawr2q_00978,cand_00978,979,1516871,1516870,1,1516871,13.232160218459114,positive,0.0653264566559481,0.0706981135254867,202.55438448389012,14.32021286932715,,False,,,,,,,,,,,,-0.0653264566559481,,False,False,,False,True,False,,True,False,False,positive_harmless,False,False,False,True,False,False,True,True,False,False,False,True,True,True,False,True,True,True,False,structural_positive_cap_missing_primitives
rawr2q_00979,cand_00979,980,30399133,30399132,1,30399133,16.229924646232913,positive,0.0546700847643196,0.0593702946236736,296.8703033148644,17.625277372822843,,False,,,,,,,,,,,,-0.0546700847643196,,False,False,,False,True,False,,True,False,False,positive_harmless,False,False,False,True,False,False,True,True,False,False,False,True,True,True,False,True,True,True,False,structural_positive_cap_missing_primitives
rawr2q_00980,cand_00980,981,179471009,179471008,1,179471009,18.0055242430992,positive,0.0498478077794222,0.0531997381477983,361.2099517550314,19.21627484974653,,False,,,,,,,,,,,,-0.0498478077794222,,False,False,,False,True,False,,True,False,False,positive_harmless,False,False,False,True,False,False,True,True,False,False,False,True,True,True,False,True,True,True,False,structural_positive_cap_missing_primitives
rawr2q_00981,cand_00981,982,33489431,33489430,1,33489431,16.32674045447974,positive,0.0543833240118063,0.0589451733440807,300.2159347769048,17.69628031607988,,False,,,,,,,,,,,,-0.0543833240118063,,False,False,,False,True,False,,True,False,False,positive_harmless,False,False,False,True,False,False,True,True,False,False,False,True,True,True,False,True,True,True,False,structural_positive_cap_missing_primitives
rawr2q_00982,cand_00982,983,109559207,109559206,1,109559207,17.511975664289874,positive,0.0511010240856487,0.05444012530015,342.6932429952605,18.656263088176733,,False,,,,,,,,,,,,-0.0511010240856487,,False,False,,False,True,False,,True,False,False,positive_harmless,False,False,False,True,False,False,True,True,False,False,False,True,True,True,False,True,True,True,False,structural_positive_cap_missing_primitives
rawr2q_00983,cand_00983,984,108834899,108834898,1,108834899,17.50534260382036,positive,0.0511182944260373,0.0545411270878509,342.4477048847686,18.677483793063026,,False,,,,,,,,,,,,-0.0511182944260373,,False,False,,False,True,False,,True,False,False,positive_harmless,False,False,False,True,False,False,True,True,False,False,False,True,True,True,False,True,True,True,False,structural_positive_cap_missing_primitives
rawr2q_00984,cand_00984,985,17591831,17591830,1,17591831,15.682945204531208,positive,0.056348476484765,0.059811529361056,278.32066069739085,16.646784369090497,,False,,,,,,,,,,,,-0.056348476484765,,False,False,,False,True,False,,True,False,False,positive_harmless,False,False,False,True,False,False,True,True,False,False,False,True,True,True,False,True,True,True,False,structural_positive_cap_missing_primitives
rawr2q_00985,cand_00985,986,108830363,108830362,1,108830363,17.50530092514403,positive,0.051118402980577,0.0544065484650341,342.44616233013653,18.631313727479508,,False,,,,,,,,,,,,-0.051118402980577,,False,False,,False,True,False,,True,False,False,positive_harmless,False,False,False,True,False,False,True,True,False,False,False,True,True,True,False,True,True,True,False,structural_positive_cap_missing_primitives
rawr2q_00986,cand_00986,987,604692163,604692162,1,604692163,19.220230065013933,positive,0.0470095827534086,0.0497842615972893,408.85770388209335,20.35467888613318,,False,,,,,,,,,,,,-0.0470095827534086,,False,False,,False,True,False,,True,False,False,positive_harmless,False,False,True,False,False,False,True,True,False,False,False,True,True,True,False,True,True,True,False,structural_positive_cap_missing_primitives
rawr2q_00987,cand_00987,988,112219399,112219398,1,112219399,17.535966432721164,positive,0.0510386568545017,0.0547956749890023,343.5820515949658,18.826810431252365,,False,,,,,,,,,,,,-0.0510386568545017,,False,False,,False,True,False,,True,False,False,positive_harmless,False,False,False,True,False,False,True,True,False,False,False,True,True,True,False,True,True,True,False,structural_positive_cap_missing_primitives
rawr2q_00988,cand_00988,989,187492559,187492558,1,187492559,18.04924971725392,positive,0.049739727716952,0.0534997227519696,362.8739147902986,19.41365383520281,,False,,,,,,,,,,,,-0.049739727716952,,False,False,,False,True,False,,True,False,False,positive_harmless,False,False,False,True,False,False,True,True,False,False,False,True,True,True,False,True,True,True,False,structural_positive_cap_missing_primitives
rawr2q_00989,cand_00989,990,109527281,109527280,1,109527281,17.51168421774274,positive,0.0511017826738185,0.0546979058091081,342.68245257742564,18.74401251351418,,False,,,,,,,,,,,,-0.0511017826738185,,False,False,,False,True,False,,True,False,False,positive_harmless,False,False,False,True,False,False,True,True,False,False,False,True,True,True,False,True,True,True,False,structural_positive_cap_missing_primitives
rawr2q_00990,cand_00990,991,39651919,39651918,1,39651919,16.49564990336072,positive,0.0538901349841871,0.0575033334265888,306.097765540966,17.601641873035973,,False,,,,,,,,,,,,-0.0538901349841871,,False,False,,False,True,False,,True,False,False,positive_harmless,False,False,False,True,False,False,True,True,False,False,False,True,True,True,False,True,True,True,False,structural_positive_cap_missing_primitives
rawr2q_00991,cand_00991,992,109769281,109769280,1,109769281,17.513891275582832,positive,0.0510960386180325,0.0545327978215142,342.7641701641021,18.691889192018067,,False,,,,,,,,,,,,-0.0510960386180325,,False,False,,False,True,False,,True,False,False,positive_harmless,False,False,False,True,False,False,True,True,False,False,False,True,True,True,False,True,True,True,False,structural_positive_cap_missing_primitives
rawr2q_00992,cand_00992,993,179434019,179434018,1,179434019,18.00531811614502,positive,0.0498483183898542,0.0530179853254557,361.2021166958701,19.15020852250517,,False,,,,,,,,,,,,-0.0498483183898542,,False,False,,False,True,False,,True,False,False,positive_harmless,False,False,False,True,False,False,True,True,False,False,False,True,True,True,False,True,True,True,False,structural_positive_cap_missing_primitives
rawr2q_00993,cand_00993,994,30402601,30402600,1,30402601,16.230038721926995,positive,0.0546697451092872,0.0583838509096424,296.87423435910364,17.332661037736145,,False,,,,,,,,,,,,-0.0546697451092872,,False,False,,False,True,False,,True,False,False,positive_harmless,False,False,False,True,False,False,True,True,False,False,False,True,True,True,False,True,True,True,False,structural_positive_cap_missing_primitives
rawr2q_00994,cand_00994,995,40835357,40835356,1,40835357,16.525058857236605,positive,0.0538051745433905,0.0577954298990485,307.12768794960715,17.750576758948363,,False,,,,,,,,,,,,-0.0538051745433905,,False,False,,False,True,False,,True,False,False,positive_harmless,False,False,False,True,False,False,True,True,False,False,False,True,True,True,False,True,True,True,False,structural_positive_cap_missing_primitives
rawr2q_00995,cand_00995,996,40844953,40844952,1,40844953,16.525293822065805,positive,0.0538044968204107,0.0576823253845206,307.13592354973787,17.716314279471224,,False,,,,,,,,,,,,-0.0538044968204107,,False,False,,False,True,False,,True,False,False,positive_harmless,False,False,False,True,False,False,True,True,False,False,False,True,True,True,False,True,True,True,False,structural_positive_cap_missing_primitives
rawr2q_00996,cand_00996,997,31027889,31027888,1,31027889,16.25039700317255,positive,0.0546091965006628,0.0582113431712301,297.5761967670646,17.322310109597087,,False,,,,,,,,,,,,-0.0546091965006628,,False,False,,False,True,False,,True,False,False,positive_harmless,False,False,False,True,False,False,True,True,False,False,False,True,True,True,False,True,True,True,False,structural_positive_cap_missing_primitives
rawr2q_00997,cand_00997,998,40861603,40861602,1,40861603,16.525701378106486,positive,0.053803321322694,0.0582342885153666,307.1502087945636,17.886673876497706,,False,,,,,,,,,,,,-0.053803321322694,,False,False,,False,True,False,,True,False,False,positive_harmless,False,False,False,True,False,False,True,True,False,False,False,True,True,True,False,True,True,True,False,structural_positive_cap_missing_primitives
rawr2q_00998,cand_00998,999,3260947,3260946,1,3260947,13.997528201956154,positive,0.062231744670559,0.0679057846689434,224.9258521684702,15.273766483830732,,False,,,,,,,,,,,,-0.062231744670559,,False,False,,False,True,False,,True,False,False,positive_harmless,False,False,False,True,False,False,True,True,False,False,False,True,True,True,False,True,True,True,False,structural_positive_cap_missing_primitives
rawr2q_00999,cand_00999,1000,30784337,30784336,1,30784337,16.242516579632973,positive,0.0546326182243171,0.0582834135511458,297.304377998918,17.32791401347711,,False,,,,,,,,,,,,-0.0546326182243171,,False,False,,False,True,False,,True,False,False,positive_harmless,False,False,False,True,False,False,True,True,False,False,False,True,True,True,False,True,True,True,False,structural_positive_cap_missing_primitives
rawr2q_01000,cand_01000,1001,179650267,179650266,1,179650267,18.00652255774591,positive,0.049845334937034,0.0525808654579029,361.24789973810414,18.99472721307925,,False,,,,,,,,,,,,-0.049845334937034,,False,False,,False,True,False,,True,False,False,positive_harmless,False,False,False,True,False,False,True,True,False,False,False,True,True,True,False,True,True,True,False,structural_positive_cap_missing_primitives
rawr2q_01001,cand_01001,1002,12847993,12847992,1,12847993,15.36869817033665,positive,0.0573599547705932,0.0623766146835073,267.9342797915824,16.712833331062573,,False,,,,,,,,,,,,-0.0573599547705932,,False,False,,False,True,False,,True,False,False,positive_harmless,False,False,False,True,False,False,True,True,False,False,False,True,True,True,False,True,True,True,False,structural_positive_cap_missing_primitives
rawr2q_01002,cand_01002,1003,108811211,108811210,1,108811211,17.50512492935704,positive,0.0511188613769191,0.0539684199046391,342.4396486511113,18.480926750400258,,False,,,,,,,,,,,,-0.0511188613769191,,False,False,,False,True,False,,True,False,False,positive_harmless,False,False,False,True,False,False,True,True,False,False,False,True,True,True,False,True,True,True,False,structural_positive_cap_missing_primitives
rawr2q_01003,cand_01003,1004,178899659,178899658,1,178899659,18.00233564238434,positive,0.0498557076356335,0.0536210536138784,361.0887598658304,19.36195975213456,,False,,,,,,,,,,,,-0.0498557076356335,,False,False,,False,True,False,,True,False,False,positive_harmless,False,False,False,True,False,False,True,True,False,False,False,True,True,True,False,True,True,True,False,structural_positive_cap_missing_primitives
rawr2q_01004,cand_01004,1005,3459227,3459226,1,3459227,14.05655571166946,positive,0.062005133562522,0.0670937609135922,226.69986989860627,15.210146870119546,,False,,,,,,,,,,,,-0.062005133562522,,False,False,,False,True,False,,True,False,False,positive_harmless,False,False,False,True,False,False,True,True,False,False,False,True,True,True,False,True,True,True,False,structural_positive_cap_missing_primitives
rawr2q_01005,cand_01005,1006,33827929,33827928,1,33827929,16.336797321029024,positive,0.0543537080176778,0.0585224770074963,300.5645413504392,17.589781460449746,,False,,,,,,,,,,,,-0.0543537080176778,,False,False,,False,True,False,,True,False,False,positive_harmless,False,False,False,True,False,False,True,True,False,False,False,True,True,True,False,True,True,True,False,structural_positive_cap_missing_primitives
rawr2q_01006,cand_01006,1007,39651163,39651162,1,39651163,16.495630837266923,positive,0.0538901901514865,0.0572648554389082,306.0970983939253,17.528606089797393,,False,,,,,,,,,,,,-0.0538901901514865,,False,False,,False,True,False,,True,False,False,positive_harmless,False,False,False,True,False,False,True,True,False,False,False,True,True,True,False,True,True,True,False,structural_positive_cap_missing_primitives
rawr2q_01007,cand_01007,1008,39640807,39640806,1,39640807,16.49536962544285,positive,0.0538909459731573,0.0581475215926058,306.08795833086833,17.79825616628079,,False,,,,,,,,,,,,-0.0538909459731573,,False,False,,False,True,False,,True,False,False,positive_harmless,False,False,False,True,False,False,True,True,False,False,False,True,True,True,False,True,True,True,False,structural_positive_cap_missing_primitives
rawr2q_01008,cand_01008,1009,604365197,604365196,1,604365197,19.21968920397824,positive,0.0470107747973183,0.0494720464864998,408.8358315054741,20.22594526158561,,False,,,,,,,,,,,,-0.0470107747973183,,False,False,,False,True,False,,True,False,False,positive_harmless,False,False,True,False,False,False,True,True,False,False,False,True,True,True,False,True,True,True,False,structural_positive_cap_missing_primitives
rawr2q_01009,cand_01009,1010,33496499,33496498,1,33496499,16.326951483871323,positive,0.054382702231166,0.0583219062948139,300.2232477244306,17.509592121308945,,False,,,,,,,,,,,,-0.054382702231166,,False,False,,False,True,False,,True,False,False,positive_harmless,False,False,False,True,False,False,True,True,False,False,False,True,True,True,False,True,True,True,False,structural_positive_cap_missing_primitives
rawr2q_01010,cand_01010,1011,180643147,180643146,1,180643147,18.012034079604486,positive,0.0498316872032738,0.0534756590852837,361.4574398440424,19.32917482693945,,False,,,,,,,,,,,,-0.0498316872032738,,False,False,,False,True,False,,True,False,False,positive_harmless,False,False,False,True,False,False,True,True,False,False,False,True,True,True,False,True,True,True,False,structural_positive_cap_missing_primitives
rawr2q_01011,cand_01011,1012,109719781,109719780,1,109719781,17.51344022804189,positive,0.0510972124030275,0.0542528835115265,342.7474690772799,18.5950385137202,,False,,,,,,,,,,,,-0.0510972124030275,,False,False,,False,True,False,,True,False,False,positive_harmless,False,False,False,True,False,False,True,True,False,False,False,True,True,True,False,True,True,True,False,structural_positive_cap_missing_primitives
rawr2q_01012,cand_01012,1013,12842437,12842436,1,12842437,15.368265635724608,positive,0.0573613718903203,0.0613526555481265,267.9201199216431,16.437610831965316,,False,,,,,,,,,,,,-0.0573613718903203,,False,False,,False,True,False,,True,False,False,positive_harmless,False,False,False,True,False,False,True,True,False,False,False,True,True,True,False,True,True,True,False,structural_positive_cap_missing_primitives
rawr2q_01013,cand_01013,1014,604691863,604691862,1,604691863,19.220229568893604,positive,0.0470095838468176,0.0502046222580501,408.8576838187592,20.526545573422087,,False,,,,,,,,,,,,-0.0470095838468176,,False,False,,False,True,False,,True,False,False,positive_harmless,False,False,True,False,False,False,True,True,False,False,False,True,True,True,False,True,True,True,False,structural_positive_cap_missing_primitives
rawr2q_01014,cand_01014,1015,109511377,109511376,1,109511377,17.511539001367023,positive,0.0511021606569063,0.0545448919648038,342.6770761991325,18.69128410009652,,False,,,,,,,,,,,,-0.0511021606569063,,False,False,,False,True,False,,True,False,False,positive_harmless,False,False,False,True,False,False,True,True,False,False,False,True,True,True,False,True,True,True,False,structural_positive_cap_missing_primitives
rawr2q_01015,cand_01015,1016,33865879,33865878,1,33865879,16.337918546296063,positive,0.054350408163996,0.0571409787010661,300.603419517997,17.176773592145505,,False,,,,,,,,,,,,-0.054350408163996,,False,False,,False,True,False,,True,False,False,positive_harmless,False,False,False,True,False,False,True,True,False,False,False,True,True,True,False,True,True,True,False,structural_positive_cap_missing_primitives
rawr2q_01016,cand_01016,1017,39641611,39641610,1,39641611,16.49538990736715,positive,0.053890887286245,0.0579249643167587,306.0886680108044,17.730175172290043,,False,,,,,,,,,,,,-0.053890887286245,,False,False,,False,True,False,,True,False,False,positive_harmless,False,False,False,True,False,False,True,True,False,False,False,True,True,True,False,True,True,True,False,structural_positive_cap_missing_primitives
rawr2q_01017,cand_01017,1018,187509191,187509190,1,187509191,18.04933842084003,positive,0.0497395089352881,0.0528718226933726,362.8772942716921,19.1859839621837,,False,,,,,,,,,,,,-0.0497395089352881,,False,False,,False,True,False,,True,False,False,positive_harmless,False,False,False,True,False,False,True,True,False,False,False,True,True,True,False,True,True,True,False,structural_positive_cap_missing_primitives
rawr2q_01018,cand_01018,1019,178014461,178014460,1,178014461,17.99737534652948,positive,0.0498680018823225,0.0538922776913126,360.9002700569258,19.44973757277756,,False,,,,,,,,,,,,-0.0498680018823225,,False,False,,False,True,False,,True,False,False,positive_harmless,False,False,False,True,False,False,True,True,False,False,False,True,True,True,False,True,True,True,False,structural_positive_cap_missing_primitives
rawr2q_01019,cand_01019,1020,40847533,40847532,1,40847533,16.52535698576977,positive,0.0538043146364962,0.0569461819823584,307.13813747866925,17.490344270582913,,False,,,,,,,,,,,,-0.0538043146364962,,False,False,,False,True,False,,True,False,False,positive_harmless,False,False,False,True,False,False,True,True,False,False,False,True,True,True,False,True,True,True,False,structural_positive_cap_missing_primitives
rawr2q_01020,cand_01020,1021,178037983,178037982,1,178037983,17.997507473132902,positive,0.0498676743241176,0.0532913830085584,360.9052901917406,19.23314204942297,,False,,,,,,,,,,,,-0.0498676743241176,,False,False,,False,True,False,,True,False,False,positive_harmless,False,False,False,True,False,False,True,True,False,False,False,True,True,True,False,True,True,True,False,structural_positive_cap_missing_primitives
rawr2q_01021,cand_01021,1022,604871249,604871248,1,604871249,19.22052618177728,positive,0.0470089301451563,0.0498206641871817,408.8696790679402,20.370158977164603,,False,,,,,,,,,,,,-0.0470089301451563,,False,False,,False,True,False,,True,False,False,positive_harmless,False,False,True,False,False,False,True,True,False,False,False,True,True,True,False,True,True,True,False,structural_positive_cap_missing_primitives
rawr2q_01022,cand_01022,1023,12828757,12828756,1,12828757,15.367199849591334,positive,0.057364864039046,0.0619647852683792,267.88523091646255,16.599450810308777,,False,,,,,,,,,,,,-0.057364864039046,,False,False,,False,True,False,,True,False,False,positive_harmless,False,False,False,True,False,False,True,True,False,False,False,True,True,True,False,True,True,True,False,structural_positive_cap_missing_primitives
rawr2q_01023,cand_01023,1024,179667049,179667048,1,179667049,18.00661596821774,positive,0.0498451035702127,0.0539139775736893,361.2514505633096,19.476502604133003,,False,,,,,,,,,,,,-0.0498451035702127,,False,False,,False,True,False,,True,False,False,positive_harmless,False,False,False,True,False,False,True,True,False,False,False,True,True,True,False,True,True,True,False,structural_positive_cap_missing_primitives
rawr2q_01024,cand_01024,1025,178913809,178913808,1,178913809,18.002414733873472,positive,0.0498555116538607,0.0539057463052351,361.0917657181316,19.464921115711,,False,,,,,,,,,,,,-0.0498555116538607,,False,False,,False,True,False,,True,False,False,positive_harmless,False,False,False,True,False,False,True,True,False,False,False,True,True,True,False,True,True,True,False,structural_positive_cap_missing_primitives
rawr2q_01025,cand_01025,1026,40840901,40840900,1,40840901,16.525194612721595,positive,0.0538047829737271,0.0569264558814041,307.132446213766,17.48396164913567,,False,,,,,,,,,,,,-0.0538047829737271,,False,False,,False,True,False,,True,False,False,positive_harmless,False,False,False,True,False,False,True,True,False,False,False,True,True,True,False,True,True,True,False,structural_positive_cap_missing_primitives
rawr2q_01026,cand_01026,1027,179380543,179380542,1,179380543,18.00502004574287,positive,0.0498490567777944,0.0535322410820112,361.1907869390884,19.33535228302462,,False,,,,,,,,,,,,-0.0498490567777944,,False,False,,False,True,False,,True,False,False,positive_harmless,False,False,False,True,False,False,True,True,False,False,False,True,True,True,False,True,True,True,False,structural_positive_cap_missing_primitives
rawr2q_01027,cand_01027,1028,618377,618376,1,618377,12.334853582808185,positive,0.069367732062761,0.0742407126876558,177.81832007493225,13.201358811284662,,False,,,,,,,,,,,,-0.069367732062761,,False,False,,False,True,False,,True,False,False,positive_harmless,False,False,False,True,False,False,True,True,False,False,False,True,True,True,False,True,True,True,False,structural_positive_cap_missing_primitives
rawr2q_01028,cand_01028,1029,179439251,179439250,1,179439251,18.005347274070324,positive,0.0498482461602354,0.0528225922871366,361.2032250080123,19.079690687397097,,False,,,,,,,,,,,,-0.0498482461602354,,False,False,,False,True,False,,True,False,False,positive_harmless,False,False,False,True,False,False,True,True,False,False,False,True,True,True,False,True,True,True,False,structural_positive_cap_missing_primitives
rawr2q_01029,cand_01029,1030,31036051,31036050,1,31036051,16.250660022247622,positive,0.0546084151159238,0.0583362442918414,297.58527120317234,17.360007078562138,,False,,,,,,,,,,,,-0.0546084151159238,,False,False,,False,True,False,,True,False,False,positive_harmless,False,False,False,True,False,False,True,True,False,False,False,True,True,True,False,True,True,True,False,structural_positive_cap_missing_primitives
rawr2q_01030,cand_01030,1031,39640529,39640528,1,39640529,16.49536261244297,positive,0.0538909662657046,0.0573762923742834,306.08771294086733,17.56217810987093,,False,,,,,,,,,,,,-0.0538909662657046,,False,False,,False,True,False,,True,False,False,positive_harmless,False,False,False,True,False,False,True,True,False,False,False,True,True,True,False,True,True,True,False,structural_positive_cap_missing_primitives
rawr2q_01031,cand_01031,1032,180641369,180641368,1,180641369,18.012024236946296,positive,0.0498317115692102,0.0526777806841792,361.4570655862334,19.04075602769858,,False,,,,,,,,,,,,-0.0498317115692102,,False,False,,False,True,False,,True,False,False,positive_harmless,False,False,False,True,False,False,True,True,False,False,False,True,True,True,False,True,True,True,False,structural_positive_cap_missing_primitives
rawr2q_01032,cand_01032,1033,30819869,30819868,1,30819869,16.243670137360514,positive,0.054629188439259,0.0588432889266009,297.3441598060988,17.49670830610766,,False,,,,,,,,,,,,-0.054629188439259,,False,False,,False,True,False,,True,False,False,positive_harmless,False,False,False,True,False,False,True,True,False,False,False,True,True,True,False,True,True,True,False,structural_positive_cap_missing_primitives
rawr2q_01033,cand_01033,1034,604866091,604866090,1,604866091,19.22051765430634,positive,0.0470089489384965,0.0496337461663637,408.8693342081144,20.29371674929568,,False,,,,,,,,,,,,-0.0470089489384965,,False,False,,False,True,False,,True,False,False,positive_harmless,False,False,True,False,False,False,True,True,False,False,False,True,True,True,False,True,True,True,False,structural_positive_cap_missing_primitives
rawr2q_01034,cand_01034,1035,12772339,12772338,1,12772339,15.362792374901147,positive,0.057379310039601,0.0617667099828097,267.74097430412314,16.537479110357676,,False,,,,,,,,,,,,-0.057379310039601,,False,False,,False,True,False,,True,False,False,positive_harmless,False,False,False,True,False,False,True,True,False,False,False,True,True,True,False,True,True,True,False,structural_positive_cap_missing_primitives
rawr2q_01035,cand_01035,1036,109467517,109467516,1,109467517,17.51113841481016,positive,0.0511032033708362,0.0540584124171681,342.66224541226046,18.523776982288844,,False,,,,,,,,,,,,-0.0511032033708362,,False,False,,False,True,False,,True,False,False,positive_harmless,False,False,False,True,False,False,True,True,False,False,False,True,True,True,False,True,True,True,False,structural_positive_cap_missing_primitives
rawr2q_01036,cand_01036,1037,179472079,179472078,1,179472079,18.00553020504713,positive,0.0498477930108499,0.052754244206941,361.2101783749588,19.05536996002529,,False,,,,,,,,,,,,-0.0498477930108499,,False,False,,False,True,False,,True,False,False,positive_harmless,False,False,False,True,False,False,True,True,False,False,False,True,True,True,False,True,True,True,False,structural_positive_cap_missing_primitives
rawr2q_01037,cand_01037,1038,187417903,187417902,1,187417903,18.04885145682348,positive,0.0497407100242098,0.0531407114795376,362.85874182412607,19.282571707103905,,False,,,,,,,,,,,,-0.0497407100242098,,False,False,,False,True,False,,True,False,False,positive_harmless,False,False,False,True,False,False,True,True,False,False,False,True,True,True,False,True,True,True,False,structural_positive_cap_missing_primitives
rawr2q_01038,cand_01038,1039,7055563,7055562,1,7055563,14.769326941644254,positive,0.059392880626198,0.0636332271852552,248.6716721924673,15.82378101116058,,False,,,,,,,,,,,,-0.059392880626198,,False,False,,False,True,False,,True,False,False,positive_harmless,False,False,False,True,False,False,True,True,False,False,False,True,True,True,False,True,True,True,False,structural_positive_cap_missing_primitives
rawr2q_01039,cand_01039,1040,30400789,30400788,1,30400789,16.22997911998702,positive,0.0546699225707457,0.058155166661356,296.8721804751887,17.264651132654755,,False,,,,,,,,,,,,-0.0546699225707457,,False,False,,False,True,False,,True,False,False,positive_harmless,False,False,False,True,False,False,True,True,False,False,False,True,True,True,False,True,True,True,False,structural_positive_cap_missing_primitives
rawr2q_01040,cand_01040,1041,33929477,33929476,1,33929477,16.339794722553787,positive,0.0543448873227598,0.0581526512748014,300.66848102030417,17.48466932609799,,False,,,,,,,,,,,,-0.0543448873227598,,False,False,,False,True,False,,True,False,False,positive_harmless,False,False,False,True,False,False,True,True,False,False,False,True,True,True,False,True,True,True,False,structural_positive_cap_missing_primitives
rawr2q_01041,cand_01041,1042,40836821,40836820,1,40836821,16.525094707878427,positive,0.0538050711361608,0.0576029681021219,307.12894452010846,17.691538794430173,,False,,,,,,,,,,,,-0.0538050711361608,,False,False,,False,True,False,,True,False,False,positive_harmless,False,False,False,True,False,False,True,True,False,False,False,True,True,True,False,True,True,True,False,structural_positive_cap_missing_primitives
rawr2q_01042,cand_01042,1043,30776353,30776352,1,30776353,16.242257193325095,positive,0.054633389496861,0.0581186934414031,297.295433120771,17.278422139075246,,False,,,,,,,,,,,,-0.054633389496861,,False,False,,False,True,False,,True,False,False,positive_harmless,False,False,False,True,False,False,True,True,False,False,False,True,True,True,False,True,True,True,False,structural_positive_cap_missing_primitives
rawr2q_01043,cand_01043,1044,3454223,3454222,1,3454223,14.05510809843038,positive,0.0620106714333952,0.0663552024669976,226.65627985542403,15.03982334022313,,False,,,,,,,,,,,,-0.0620106714333952,,False,False,,False,True,False,,True,False,False,positive_harmless,False,False,False,True,False,False,True,True,False,False,False,True,True,True,False,True,True,True,False,structural_positive_cap_missing_primitives
rawr2q_01044,cand_01044,1045,178016203,178016202,1,178016203,17.99738513220344,positive,0.0498679776222784,0.0535819133808564,360.9006418612643,19.33774693130574,,False,,,,,,,,,,,,-0.0498679776222784,,False,False,,False,True,False,,True,False,False,positive_harmless,False,False,False,True,False,False,True,True,False,False,False,True,True,True,False,True,True,True,False,structural_positive_cap_missing_primitives
rawr2q_01045,cand_01045,1046,109816381,109816380,1,109816381,17.514320265347404,positive,0.0510949222850131,0.0544962849282872,342.7800548878536,18.680239538902395,,False,,,,,,,,,,,,-0.0510949222850131,,False,False,,False,True,False,,True,False,False,positive_harmless,False,False,False,True,False,False,True,True,False,False,False,True,True,True,False,True,True,True,False,structural_positive_cap_missing_primitives
rawr2q_01046,cand_01046,1047,179661673,179661672,1,179661673,18.00658604575582,positive,0.0498451776844206,0.0530176351764428,361.2503131147199,19.15263730809195,,False,,,,,,,,,,,,-0.0498451776844206,,False,False,,False,True,False,,True,False,False,positive_harmless,False,False,False,True,False,False,True,True,False,False,False,True,True,True,False,True,True,True,False,structural_positive_cap_missing_primitives
rawr2q_01047,cand_01047,1048,30776717,30776716,1,30776717,16.242269020517465,positive,0.0546333543288092,0.0582514018082677,297.29584097589634,17.317899488613794,,False,,,,,,,,,,,,-0.0546333543288092,,False,False,,False,True,False,,True,False,False,positive_harmless,False,False,False,True,False,False,True,True,False,False,False,True,True,True,False,True,True,True,False,structural_positive_cap_missing_primitives
rawr2q_01048,cand_01048,1049,604141169,604141168,1,604141169,19.219318452099937,positive,0.0470115919598086,0.0498451115752558,408.820838667429,20.37772031766765,,False,,,,,,,,,,,,-0.0470115919598086,,False,False,,False,True,False,,True,False,False,positive_harmless,False,False,True,False,False,False,True,True,False,False,False,True,True,True,False,True,True,True,False,structural_positive_cap_missing_primitives
rawr2q_01049,cand_01049,1050,17591569,17591568,1,17591569,15.682930311143984,positive,0.0563485235812886,0.0600975242305102,278.3201637664867,16.726352785796003,,False,,,,,,,,,,,,-0.0563485235812886,,False,False,,False,True,False,,True,False,False,positive_harmless,False,False,False,True,False,False,True,True,False,False,False,True,True,True,False,True,True,True,False,structural_positive_cap_missing_primitives
rawr2q_01050,cand_01050,1051,108835253,108835252,1,108835253,17.50534585644821,positive,0.051118285954398,0.0545099643960911,342.4478252667649,18.66681876281018,,False,,,,,,,,,,,,-0.051118285954398,,False,False,,False,True,False,,True,False,False,positive_harmless,False,False,False,True,False,False,True,True,False,False,False,True,True,True,False,True,True,True,False,structural_positive_cap_missing_primitives
rawr2q_01051,cand_01051,1052,39640759,39640758,1,39640759,16.495368414568688,positive,0.0538909494768952,0.0574714944854633,306.0879159614877,17.591329974247593,,False,,,,,,,,,,,,-0.0538909494768952,,False,False,,False,True,False,,True,False,False,positive_harmless,False,False,False,True,False,False,True,True,False,False,False,True,True,True,False,True,True,True,False,structural_positive_cap_missing_primitives
rawr2q_01052,cand_01052,1053,30336773,30336772,1,30336773,16.227871164988613,positive,0.0546761996272244,0.0583789727930857,296.7995448774461,17.326852555400645,,False,,,,,,,,,,,,-0.0546761996272244,,False,False,,False,True,False,,True,False,False,positive_harmless,False,False,False,True,False,False,True,True,False,False,False,True,True,True,False,True,True,True,False,structural_positive_cap_missing_primitives
rawr2q_01053,cand_01053,1054,33865669,33865668,1,33865669,16.337912345345213,positive,0.0543504264127823,0.0588976206745489,300.6032044948739,17.704813511892937,,False,,,,,,,,,,,,-0.0543504264127823,,False,False,,False,True,False,,True,False,False,positive_harmless,False,False,False,True,False,False,True,True,False,False,False,True,True,True,False,True,True,True,False,structural_positive_cap_missing_primitives
rawr2q_01054,cand_01054,1055,179400047,179400046,1,179400047,18.00512876957333,positive,0.0498487874416999,0.0526726107882914,361.1949195480638,19.025079416063388,,False,,,,,,,,,,,,-0.0498487874416999,,False,False,,False,True,False,,True,False,False,positive_harmless,False,False,False,True,False,False,True,True,False,False,False,True,True,True,False,True,True,True,False,structural_positive_cap_missing_primitives
rawr2q_01055,cand_01055,1056,179379173,179379172,1,179379173,18.00501240831905,positive,0.0498490756977106,0.053722866414157,361.1904966403612,19.40418880107315,,False,,,,,,,,,,,,-0.0498490756977106,,False,False,,False,True,False,,True,False,False,positive_harmless,False,False,False,True,False,False,True,True,False,False,False,True,True,True,False,True,True,True,False,structural_positive_cap_missing_primitives
rawr2q_01056,cand_01056,1057,31034303,31034302,1,31034303,16.250603699063113,positive,0.0546085824406096,0.0577357907455695,297.58332798213,17.181208753746432,,False,,,,,,,,,,,,-0.0546085824406096,,False,False,,False,True,False,,True,False,False,positive_harmless,False,False,False,True,False,False,True,True,False,False,False,True,True,True,False,True,True,True,False,structural_positive_cap_missing_primitives
rawr2q_01057,cand_01057,1058,604357393,604357392,1,604357393,19.219676291172497,positive,0.0470108032575491,0.0502046417587178,408.8353093198032,20.5254302427153,,False,,,,,,,,,,,,-0.0470108032575491,,False,False,,False,True,False,,True,False,False,positive_harmless,False,False,True,False,False,False,True,True,False,False,False,True,True,True,False,True,True,True,False,structural_positive_cap_missing_primitives
rawr2q_01058,cand_01058,1059,109594403,109594402,1,109594403,17.51229686365595,positive,0.0511001880817008,0.0544968190492292,342.705135168126,18.676339738499,,False,,,,,,,,,,,,-0.0511001880817008,,False,False,,False,True,False,,True,False,False,positive_harmless,False,False,False,True,False,False,True,True,False,False,False,True,True,True,False,True,True,True,False,structural_positive_cap_missing_primitives
rawr2q_01059,cand_01059,1060,40846573,40846572,1,40846573,16.52533348346227,positive,0.053804382424372,0.0569631998944803,307.13731370656376,17.495524195720694,,False,,,,,,,,,,,,-0.053804382424372,,False,False,,False,True,False,,True,False,False,positive_harmless,False,False,False,True,False,False,True,True,False,False,False,True,True,True,False,True,True,True,False,structural_positive_cap_missing_primitives
rawr2q_01060,cand_01060,1061,33914129,33914128,1,33914129,16.339342270180843,positive,0.0543462186081207,0.0587143832589468,300.6527903624802,17.65264316121445,,False,,,,,,,,,,,,-0.0543462186081207,,False,False,,False,True,False,,True,False,False,positive_harmless,False,False,False,True,False,False,True,True,False,False,False,True,True,True,False,True,True,True,False,structural_positive_cap_missing_primitives
rawr2q_01061,cand_01061,1062,604361011,604361010,1,604361011,19.219682277678515,positive,0.0470107900630969,0.0497861772683231,408.83555141026665,20.35435923610416,,False,,,,,,,,,,,,-0.0470107900630969,,False,False,,False,True,False,,True,False,False,positive_harmless,False,False,True,False,False,False,True,True,False,False,False,True,True,True,False,True,True,True,False,structural_positive_cap_missing_primitives
rawr2q_01062,cand_01062,1063,108592613,108592612,1,108592613,17.5031139428928,positive,0.051124099747727,0.0545203554621977,342.3652255836739,18.66587379671741,,False,,,,,,,,,,,,-0.051124099747727,,False,False,,False,True,False,,True,False,False,positive_harmless,False,False,False,True,False,False,True,True,False,False,False,True,True,True,False,True,True,True,False,structural_positive_cap_missing_primitives
rawr2q_01063,cand_01063,1064,40882469,40882468,1,40882469,16.52621189831774,positive,0.0538018489216704,0.0567934646373467,307.16810350473435,17.44514082411698,,False,,,,,,,,,,,,-0.0538018489216704,,False,False,,False,True,False,,True,False,False,positive_harmless,False,False,False,True,False,False,True,True,False,False,False,True,True,True,False,True,True,True,False,structural_positive_cap_missing_primitives
rawr2q_01064,cand_01064,1065,109589027,109589026,1,109589027,17.512247808852848,positive,0.0511003157576772,0.0543602998727245,342.70331893637706,18.6294551847594,,False,,,,,,,,,,,,-0.0511003157576772,,False,False,,False,True,False,,True,False,False,positive_harmless,False,False,False,True,False,False,True,True,False,False,False,True,True,True,False,True,True,True,False,structural_positive_cap_missing_primitives
rawr2q_01065,cand_01065,1066,7114117,7114116,1,7114117,14.77759167779893,positive,0.0593638744019584,0.06364220805078,248.93239915135004,15.842607537370029,,False,,,,,,,,,,,,-0.0593638744019584,,False,False,,False,True,False,,True,False,False,positive_harmless,False,False,False,True,False,False,True,True,False,False,False,True,True,True,False,True,True,True,False,structural_positive_cap_missing_primitives
rawr2q_01066,cand_01066,1067,108591991,108591990,1,108591991,17.50310821504664,positive,0.0511241146695848,0.0549443196533628,342.3650136177265,18.81101274634027,,False,,,,,,,,,,,,-0.0511241146695848,,False,False,,False,True,False,,True,False,False,positive_harmless,False,False,False,True,False,False,True,True,False,False,False,True,True,True,False,True,True,True,False,structural_positive_cap_missing_primitives
rawr2q_01067,cand_01067,1068,109706759,109706758,1,109706759,17.513321536838767,positive,0.0510975212883854,0.0547005126306362,342.7430743263781,18.74822186625313,,False,,,,,,,,,,,,-0.0510975212883854,,False,False,,False,True,False,,True,False,False,positive_harmless,False,False,False,True,False,False,True,True,False,False,False,True,True,True,False,True,True,True,False,structural_positive_cap_missing_primitives
rawr2q_01068,cand_01068,1069,40861279,40861278,1,40861279,16.525693448870705,positive,0.0538033441921863,0.0570760752474639,307.1499308637895,17.530912566234985,,False,,,,,,,,,,,,-0.0538033441921863,,False,False,,False,True,False,,True,False,False,positive_harmless,False,False,False,True,False,False,True,True,False,False,False,True,True,True,False,True,True,True,False,structural_positive_cap_missing_primitives
rawr2q_01069,cand_01069,1070,31039139,31039138,1,31039139,16.250759514492515,positive,0.0546081195472651,0.0582970257036431,297.58870382685404,17.348536316107943,,False,,,,,,,,,,,,-0.0546081195472651,,False,False,,False,True,False,,True,False,False,positive_harmless,False,False,False,True,False,False,True,True,False,False,False,True,True,True,False,True,True,True,False,structural_positive_cap_missing_primitives
rawr2q_01070,cand_01070,1071,30780077,30780076,1,30780077,16.24237818799631,positive,0.0546330297224053,0.0583531546770101,297.2996055778909,17.34836986970076,,False,,,,,,,,,,,,-0.0546330297224053,,False,False,,False,True,False,,True,False,False,positive_harmless,False,False,False,True,False,False,True,True,False,False,False,True,True,True,False,True,True,True,False,structural_positive_cap_missing_primitives
rawr2q_01071,cand_01071,1072,17594911,17594910,1,17594911,15.683120270469844,positive,0.0563479228894353,0.0604306117113545,278.3265019589618,16.81944076886157,,False,,,,,,,,,,,,-0.0563479228894353,,False,False,,False,True,False,,True,False,False,positive_harmless,False,False,False,True,False,False,True,True,False,False,False,True,True,True,False,True,True,True,False,structural_positive_cap_missing_primitives
rawr2q_01072,cand_01072,1073,187494023,187494022,1,187494023,18.04925752553332,positive,0.0497397084582584,0.0528184107877725,362.8742122740876,19.16643920818212,,False,,,,,,,,,,,,-0.0497397084582584,,False,False,,False,True,False,,True,False,False,positive_harmless,False,False,False,True,False,False,True,True,False,False,False,True,True,True,False,True,True,True,False,structural_positive_cap_missing_primitives
rawr2q_01073,cand_01073,1074,604884331,604884330,1,604884331,19.22054780928653,positive,0.0470088824812508,0.0500412215505364,408.8705537076421,20.46038196357461,,False,,,,,,,,,,,,-0.0470088824812508,,False,False,,False,True,False,,True,False,False,positive_harmless,False,False,True,False,False,False,True,True,False,False,False,True,True,True,False,True,True,True,False,structural_positive_cap_missing_primitives
rawr2q_01074,cand_01074,1075,604361111,604361110,1,604361111,19.21968244314252,positive,0.047010789698409,0.0501998774771426,408.83555810152575,20.52349492499581,,False,,,,,,,,,,,,-0.047010789698409,,False,False,,False,True,False,,True,False,False,positive_harmless,False,False,True,False,False,False,True,True,False,False,False,True,True,True,False,True,True,True,False,structural_positive_cap_missing_primitives
rawr2q_01075,cand_01075,1076,30399821,30399820,1,30399821,16.22994727820122,positive,0.0546700173783606,0.0579107278753571,296.8710832095936,17.192020513813272,,False,,,,,,,,,,,,-0.0546700173783606,,False,False,,False,True,False,,True,False,False,positive_harmless,False,False,False,True,False,False,True,True,False,False,False,True,True,True,False,True,True,True,False,structural_positive_cap_missing_primitives
rawr2q_01076,cand_01076,1077,187494157,187494156,1,187494157,18.049258240222507,positive,0.0497397066955174,0.0524179537194175,362.8742395026851,19.02112509222057,,False,,,,,,,,,,,,-0.0497397066955174,,False,False,,False,True,False,,True,False,False,positive_harmless,False,False,False,True,False,False,True,True,False,False,False,True,True,True,False,True,True,True,False,structural_positive_cap_missing_primitives
rawr2q_01077,cand_01077,1078,109527767,109527766,1,109527767,17.511688654983555,positive,0.051101771124231,0.0542052505928554,342.68261685904685,18.57519712066009,,False,,,,,,,,,,,,-0.051101771124231,,False,False,,False,True,False,,True,False,False,positive_harmless,False,False,False,True,False,False,True,True,False,False,False,True,True,True,False,True,True,True,False,structural_positive_cap_missing_primitives
rawr2q_01078,cand_01078,1079,30781769,30781768,1,30781769,16.2424331571082,positive,0.0546328662747631,0.0582198634934368,297.3015011773442,17.30885281493882,,False,,,,,,,,,,,,-0.0546328662747631,,False,False,,False,True,False,,True,False,False,positive_harmless,False,False,False,True,False,False,True,True,False,False,False,True,True,True,False,True,True,True,False,structural_positive_cap_missing_primitives
rawr2q_01079,cand_01079,1080,179663629,179663628,1,179663629,18.00659693282661,positive,0.0498451507184781,0.0528439772376782,361.25072696693394,19.08992519293536,,False,,,,,,,,,,,,-0.0498451507184781,,False,False,,False,True,False,,True,False,False,positive_harmless,False,False,False,True,False,False,True,True,False,False,False,True,True,True,False,True,True,True,False,structural_positive_cap_missing_primitives
rawr2q_01080,cand_01080,1081,17999011,17999010,1,17999011,15.705827369906494,positive,0.0562762099261601,0.0591723335658698,279.08466811311695,16.514091074709423,,False,,,,,,,,,,,,-0.0562762099261601,,False,False,,False,True,False,,True,False,False,positive_harmless,False,False,False,True,False,False,True,True,False,False,False,True,True,True,False,True,True,True,False,structural_positive_cap_missing_primitives
rawr2q_01081,cand_01081,1082,179380961,179380960,1,179380961,18.00502237598173,positive,0.04984905100518,0.0521747116325183,361.1908755115665,18.845029774112795,,False,,,,,,,,,,,,-0.04984905100518,,False,False,,False,True,False,,True,False,False,positive_harmless,False,False,False,True,False,False,True,True,False,False,False,True,True,True,False,True,True,True,False,structural_positive_cap_missing_primitives
rawr2q_01082,cand_01082,1083,109603309,109603308,1,109603309,17.51237812362827,positive,0.0510999765860461,0.054542461859309,342.7081437921906,18.69214586166014,,False,,,,,,,,,,,,-0.0510999765860461,,False,False,,False,True,False,,True,False,False,positive_harmless,False,False,False,True,False,False,True,True,False,False,False,True,True,True,False,True,True,True,False,structural_positive_cap_missing_primitives
rawr2q_01083,cand_01083,1084,179408591,179408590,1,179408591,18.005176393844856,positive,0.049848669465393,0.0534419489733958,361.19672976115777,19.303057201253225,,False,,,,,,,,,,,,-0.049848669465393,,False,False,,False,True,False,,True,False,False,positive_harmless,False,False,False,True,False,False,True,True,False,False,False,True,True,True,False,True,True,True,False,structural_positive_cap_missing_primitives
rawr2q_01084,cand_01084,1085,33412189,33412188,1,33412189,16.32443133149224,positive,0.0543901285767462,0.0583910982497657,300.13592095958995,17.525266049035327,,False,,,,,,,,,,,,-0.0543901285767462,,False,False,,False,True,False,,True,False,False,positive_harmless,False,False,False,True,False,False,True,True,False,False,False,True,True,True,False,True,True,True,False,structural_positive_cap_missing_primitives
rawr2q_01085,cand_01085,1086,12772057,12772056,1,12772057,15.362770295694418,positive,0.0573793824249436,0.06227170973379,267.7402517496596,16.672643241006664,,False,,,,,,,,,,,,-0.0573793824249436,,False,False,,False,True,False,,True,False,False,positive_harmless,False,False,False,True,False,False,True,True,False,False,False,True,True,True,False,True,True,True,False,structural_positive_cap_missing_primitives
rawr2q_01086,cand_01086,1087,108548851,108548850,1,108548851,17.50271086924868,positive,0.0511251498333628,0.0542782829612496,342.350309511013,18.582186971510144,,False,,,,,,,,,,,,-0.0511251498333628,,False,False,,False,True,False,,True,False,False,positive_harmless,False,False,False,True,False,False,True,True,False,False,False,True,True,True,False,True,True,True,False,structural_positive_cap_missing_primitives
rawr2q_01087,cand_01087,1088,108811249,108811248,1,108811249,17.50512527858569,positive,0.0511188604673145,0.0542851518691058,342.4396615761514,18.58938903466657,,False,,,,,,,,,,,,-0.0511188604673145,,False,False,,False,True,False,,True,False,False,positive_harmless,False,False,False,True,False,False,True,True,False,False,False,True,True,True,False,True,True,True,False,structural_positive_cap_missing_primitives
rawr2q_01088,cand_01088,1089,108537413,108537412,1,108537413,17.50260549178444,positive,0.0511254243693432,0.0539085459451573,342.3464099846116,18.45539717181509,,False,,,,,,,,,,,,-0.0511254243693432,,False,False,,False,True,False,,True,False,False,positive_harmless,False,False,False,True,False,False,True,True,False,False,False,True,True,True,False,True,True,True,False,structural_positive_cap_missing_primitives
rawr2q_01089,cand_01089,1090,179149561,179149560,1,179149561,18.003731551251725,positive,0.0498522489214806,0.0533156574202763,361.1418128720403,19.25451317522323,,False,,,,,,,,,,,,-0.0498522489214806,,False,False,,False,True,False,,True,False,False,positive_harmless,False,False,False,True,False,False,True,True,False,False,False,True,True,True,False,True,True,True,False,structural_positive_cap_missing_primitives
rawr2q_01090,cand_01090,1091,30336529,30336528,1,30336529,16.22786312191227,positive,0.0546762235806002,0.0581716915777917,296.79926774734486,17.265315463912966,,False,,,,,,,,,,,,-0.0546762235806002,,False,False,,False,True,False,,True,False,False,positive_harmless,False,False,False,True,False,False,True,True,False,False,False,True,True,True,False,True,True,True,False,structural_positive_cap_missing_primitives
rawr2q_01091,cand_01091,1092,108833029,108833028,1,108833029,17.505325421684084,positive,0.0511183391778562,0.054911741915113,342.44706896242724,18.80436507045171,,False,,,,,,,,,,,,-0.0511183391778562,,False,False,,False,True,False,,True,False,False,positive_harmless,False,False,False,True,False,False,True,True,False,False,False,True,True,True,False,True,True,True,False,structural_positive_cap_missing_primitives
rawr2q_01092,cand_01092,1093,30781631,30781630,1,30781631,16.24242867392501,positive,0.0546328796052262,0.0581949055190804,297.30134657539134,17.301423774650278,,False,,,,,,,,,,,,-0.0546328796052262,,False,False,,False,True,False,,True,False,False,positive_harmless,False,False,False,True,False,False,True,True,False,False,False,True,True,True,False,True,True,True,False,structural_positive_cap_missing_primitives
rawr2q_01093,cand_01093,1094,76020619,76020618,1,76020619,17.14651516408628,positive,0.0520702180044094,0.0560191245093466,329.2960126004133,18.446874330293923,,False,,,,,,,,,,,,-0.0520702180044094,,False,False,,False,True,False,,True,False,False,positive_harmless,False,False,False,True,False,False,True,True,False,False,False,True,True,True,False,True,True,True,False,structural_positive_cap_missing_primitives
rawr2q_01094,cand_01094,1095,108532337,108532336,1,108532337,17.502558723406985,positive,0.0511255462141953,0.0551289746581206,342.3446793131239,18.87311115019563,,False,,,,,,,,,,,,-0.0511255462141953,,False,False,,False,True,False,,True,False,False,positive_harmless,False,False,False,True,False,False,True,True,False,False,False,True,True,True,False,True,True,True,False,structural_positive_cap_missing_primitives
rawr2q_01095,cand_01095,1096,33489283,33489282,1,33489283,16.326736035165272,positive,0.0543833370331021,0.0577474700715806,300.21578163229475,17.336701864827116,,False,,,,,,,,,,,,-0.0543833370331021,,False,False,,False,True,False,,True,False,False,positive_harmless,False,False,False,True,False,False,True,True,False,False,False,True,True,True,False,True,True,True,False,structural_positive_cap_missing_primitives
rawr2q_01096,cand_01096,1097,180619783,180619782,1,180619783,18.011904733368866,positive,0.0498320074075051,0.0532369055469006,361.4525215906935,19.2426137516128,,False,,,,,,,,,,,,-0.0498320074075051,,False,False,,False,True,False,,True,False,False,positive_harmless,False,False,False,True,False,False,True,True,False,False,False,True,True,True,False,True,True,True,False,structural_positive_cap_missing_primitives
rawr2q_01097,cand_01097,1098,30804737,30804736,1,30804737,16.243179034819295,positive,0.0546306485445072,0.058989272338129,297.3272232268317,17.539116544467248,,False,,,,,,,,,,,,-0.0546306485445072,,False,False,,False,True,False,,True,False,False,positive_harmless,False,False,False,True,False,False,True,True,False,False,False,True,True,True,False,True,True,True,False,structural_positive_cap_missing_primitives
rawr2q_01098,cand_01098,1099,33920713,33920712,1,33920713,16.33953638871423,positive,0.0543456474302986,0.0585467889999367,300.6595221755449,17.602649605633417,,False,,,,,,,,,,,,-0.0543456474302986,,False,False,,False,True,False,,True,False,False,positive_harmless,False,False,False,True,False,False,True,True,False,False,False,True,True,True,False,True,True,True,False,structural_positive_cap_missing_primitives
rawr2q_01099,cand_01099,1100,179407897,179407896,1,179407897,18.005172525572227,positive,0.0498486790479759,0.0531144456911841,361.1965827267654,19.184756277082062,,False,,,,,,,,,,,,-0.0498486790479759,,False,False,,False,True,False,,True,False,False,positive_harmless,False,False,False,True,False,False,True,True,False,False,False,True,True,True,False,True,True,True,False,structural_positive_cap_missing_primitives
rawr2q_01100,cand_01100,1101,33866149,33866148,1,33866149,16.33792651889065,positive,0.0543503847014549,0.0581857775751032,300.6036959744517,17.490859792223393,,False,,,,,,,,,,,,-0.0543503847014549,,False,False,,False,True,False,,True,False,False,positive_harmless,False,False,False,True,False,False,True,True,False,False,False,True,True,True,False,True,True,True,False,structural_positive_cap_missing_primitives
rawr2q_01101,cand_01101,1102,18001811,18001810,1,18001811,15.705982921910593,positive,0.0562757192925024,0.0615526936475914,279.0898653871684,17.1787329843239,,False,,,,,,,,,,,,-0.0562757192925024,,False,False,,False,True,False,,True,False,False,positive_harmless,False,False,False,True,False,False,True,True,False,False,False,True,True,True,False,True,True,True,False,structural_positive_cap_missing_primitives
rawr2q_01102,cand_01102,1103,33902461,33902460,1,33902461,16.33899816558593,positive,0.0543472311369756,0.0586781115263028,300.6408573861923,17.641037759070286,,False,,,,,,,,,,,,-0.0543472311369756,,False,False,,False,True,False,,True,False,False,positive_harmless,False,False,False,True,False,False,True,True,False,False,False,True,True,True,False,True,True,True,False,structural_positive_cap_missing_primitives
rawr2q_01103,cand_01103,1104,108583633,108583632,1,108583633,17.503031245082425,positive,0.0511243151881844,0.055383249382152,342.3621652564964,18.961129177414072,,False,,,,,,,,,,,,-0.0511243151881844,,False,False,,False,True,False,,True,False,False,positive_harmless,False,False,False,True,False,False,True,True,False,False,False,True,True,True,False,True,True,True,False,structural_positive_cap_missing_primitives
rawr2q_01104,cand_01104,1105,30799543,30799542,1,30799543,16.243010410171387,positive,0.0546311499032151,0.0589063417634296,297.3214080052788,17.514116473543044,,False,,,,,,,,,,,,-0.0546311499032151,,False,False,,False,True,False,,True,False,False,positive_harmless,False,False,False,True,False,False,True,True,False,False,False,True,True,True,False,True,True,True,False,structural_positive_cap_missing_primitives
rawr2q_01105,cand_01105,1106,108548933,108548932,1,108548933,17.50271162466864,positive,0.0511251478653059,0.054595234329025,342.35033746564795,18.69069689655784,,False,,,,,,,,,,,,-0.0511251478653059,,False,False,,False,True,False,,True,False,False,positive_harmless,False,False,False,True,False,False,True,True,False,False,False,True,True,True,False,True,True,True,False,structural_positive_cap_missing_primitives
rawr2q_01106,cand_01106,1107,178014149,178014148,1,178014149,17.99737359386134,positive,0.0498680062274325,0.0522691062283668,360.9002034647401,18.86393107273769,,False,,,,,,,,,,,,-0.0498680062274325,,False,False,,False,True,False,,True,False,False,positive_harmless,False,False,False,True,False,False,True,True,False,False,False,True,True,True,False,True,True,True,False,structural_positive_cap_missing_primitives
rawr2q_01107,cand_01107,1108,33930191,33930190,1,33930191,16.339815765981232,positive,0.0543448254066478,0.0590885232164182,300.6692107981713,17.766099642709882,,False,,,,,,,,,,,,-0.0543448254066478,,False,False,,False,True,False,,True,False,False,positive_harmless,False,False,False,True,False,False,True,True,False,False,False,True,True,True,False,True,True,True,False,structural_positive_cap_missing_primitives
rawr2q_01108,cand_01108,1109,187509859,187509858,1,187509859,18.04934198332572,positive,0.0497395001486874,0.0532746905385066,362.8774299976959,19.33218278653584,,False,,,,,,,,,,,,-0.0497395001486874,,False,False,,False,True,False,,True,False,False,positive_harmless,False,False,False,True,False,False,True,True,False,False,False,True,True,True,False,True,True,True,False,structural_positive_cap_missing_primitives
rawr2q_01109,cand_01109,1110,108549031,108549030,1,108549031,17.50271252748687,positive,0.0511251455132401,0.0548105176332126,342.3503708748196,18.76440103957117,,False,,,,,,,,,,,,-0.0511251455132401,,False,False,,False,True,False,,True,False,False,positive_harmless,False,False,False,True,False,False,True,True,False,False,False,True,True,True,False,True,True,True,False,structural_positive_cap_missing_primitives
rawr2q_01110,cand_01110,1111,179400083,179400082,1,179400083,18.00512897024215,positive,0.0498487869445957,0.0529513872404459,361.1949271755375,19.125772458156543,,False,,,,,,,,,,,,-0.0498487869445957,,False,False,,False,True,False,,True,False,False,positive_harmless,False,False,False,True,False,False,True,True,False,False,False,True,True,True,False,True,True,True,False,structural_positive_cap_missing_primitives
rawr2q_01111,cand_01111,1112,30775301,30775300,1,30775301,16.242223010653085,positive,0.0546334911389872,0.0575445522104413,297.2942543490948,17.107664741255697,,False,,,,,,,,,,,,-0.0546334911389872,,False,False,,False,True,False,,True,False,False,positive_harmless,False,False,False,True,False,False,True,True,False,False,False,True,True,True,False,True,True,True,False,structural_positive_cap_missing_primitives
rawr2q_01112,cand_01112,1113,108547793,108547792,1,108547793,17.50270112243748,positive,0.0511251752262434,0.0551923003132832,342.34994882624926,18.895081187855485,,False,,,,,,,,,,,,-0.0511251752262434,,False,False,,False,True,False,,True,False,False,positive_harmless,False,False,False,True,False,False,True,True,False,False,False,True,True,True,False,True,True,True,False,structural_positive_cap_missing_primitives
rawr2q_01113,cand_01113,1114,604357543,604357542,1,604357543,19.219676539369978,positive,0.0470108027105137,0.0502820747847901,408.8353193567487,20.55708810255958,,False,,,,,,,,,,,,-0.0470108027105137,,False,False,,False,True,False,,True,False,False,positive_harmless,False,False,True,False,False,False,True,True,False,False,False,True,True,True,False,True,True,True,False,structural_positive_cap_missing_primitives
rawr2q_01114,cand_01114,1115,109467443,109467442,1,109467443,17.511137738810312,positive,0.0511032051304779,0.05439436807557,342.6622203852074,18.638894941225058,,False,,,,,,,,,,,,-0.0511032051304779,,False,False,,False,True,False,,True,False,False,positive_harmless,False,False,False,True,False,False,True,True,False,False,False,True,True,True,False,True,True,True,False,structural_positive_cap_missing_primitives
rawr2q_01115,cand_01115,1116,33921493,33921492,1,33921493,16.33955938324952,positive,0.0543455797715613,0.0575180001629738,300.66031960523645,17.293380312053745,,False,,,,,,,,,,,,-0.0543455797715613,,False,False,,False,True,False,,True,False,False,positive_harmless,False,False,False,True,False,False,True,True,False,False,False,True,True,True,False,True,True,True,False,structural_positive_cap_missing_primitives
rawr2q_01116,cand_01116,1117,179604479,179604478,1,179604479,18.0062676522742,positive,0.0498459663189858,0.0533605890133977,361.2382100698844,19.27588366347452,,False,,,,,,,,,,,,-0.0498459663189858,,False,False,,False,True,False,,True,False,False,positive_harmless,False,False,False,True,False,False,True,True,False,False,False,True,True,True,False,True,True,True,False,structural_positive_cap_missing_primitives
rawr2q_01117,cand_01117,1118,17590163,17590162,1,17590163,15.682850383299574,positive,0.0563487763339691,0.0601487557243022,278.31749691155875,16.740451135532577,,False,,,,,,,,,,,,-0.0563487763339691,,False,False,,False,True,False,,True,False,False,positive_harmless,False,False,False,True,False,False,True,True,False,False,False,True,True,True,False,True,True,True,False,structural_positive_cap_missing_primitives
rawr2q_01118,cand_01118,1119,30802271,30802270,1,30802271,16.243098978991835,positive,0.0546308865672048,0.0582828772431081,297.32446239930925,17.328925143392052,,False,,,,,,,,,,,,-0.0546308865672048,,False,False,,False,True,False,,True,False,False,positive_harmless,False,False,False,True,False,False,True,True,False,False,False,True,True,True,False,True,True,True,False,structural_positive_cap_missing_primitives
rawr2q_01119,cand_01119,1120,178894409,178894408,1,178894409,18.00230629589445,positive,0.049855780354052,0.0527444806986635,361.08764456298985,19.045380299178483,,False,,,,,,,,,,,,-0.049855780354052,,False,False,,False,True,False,,True,False,False,positive_harmless,False,False,False,True,False,False,True,True,False,False,False,True,True,True,False,True,True,True,False,structural_positive_cap_missing_primitives
rawr2q_01120,cand_01120,1121,178036589,178036588,1,178036589,17.99749964331236,positive,0.0498676937350924,0.0530767721992064,360.9049926976532,19.155672082969588,,False,,,,,,,,,,,,-0.0498676937350924,,False,False,,False,True,False,,True,False,False,positive_harmless,False,False,False,True,False,False,True,True,False,False,False,True,True,True,False,True,True,True,False,structural_positive_cap_missing_primitives
rawr2q_01121,cand_01121,1122,187494079,187494078,1,187494079,18.04925782420945,positive,0.0497397077215904,0.0522201061251438,362.8742236532052,18.94933046924954,,False,,,,,,,,,,,,-0.0497397077215904,,False,False,,False,True,False,,True,False,False,positive_harmless,False,False,False,True,False,False,True,True,False,False,False,True,True,True,False,True,True,True,False,structural_positive_cap_missing_primitives
rawr2q_01122,cand_01122,1123,187420817,187420816,1,187420817,18.048867004843707,positive,0.0497406716743744,0.053034220917429,362.85933416822326,19.243962090228745,,False,,,,,,,,,,,,-0.0497406716743744,,False,False,,False,True,False,,True,False,False,positive_harmless,False,False,False,True,False,False,True,True,False,False,False,True,True,True,False,True,True,True,False,structural_positive_cap_missing_primitives
rawr2q_01123,cand_01123,1124,3241151,3241150,1,3241151,13.991439071596847,positive,0.0622552150315636,0.0669522536547854,224.74324543740053,15.04706677572453,,False,,,,,,,,,,,,-0.0622552150315636,,False,False,,False,True,False,,True,False,False,positive_harmless,False,False,False,True,False,False,True,True,False,False,False,True,True,True,False,True,True,True,False,structural_positive_cap_missing_primitives
rawr2q_01124,cand_01124,1125,178014073,178014072,1,178014073,17.99737316692889,positive,0.049868007285858,0.0528549473289295,360.90018724354985,19.07536038775862,,False,,,,,,,,,,,,-0.049868007285858,,False,False,,False,True,False,,True,False,False,positive_harmless,False,False,False,True,False,False,True,True,False,False,False,True,True,True,False,True,True,True,False,structural_positive_cap_missing_primitives
rawr2q_01125,cand_01125,1126,109494269,109494268,1,109494269,17.51138276795161,positive,0.0511025673224213,0.0541033015819134,342.6712919816157,18.53964825354526,,False,,,,,,,,,,,,-0.0511025673224213,,False,False,,False,True,False,,True,False,False,positive_harmless,False,False,False,True,False,False,True,True,False,False,False,True,True,True,False,True,True,True,False,structural_positive_cap_missing_primitives
rawr2q_01126,cand_01126,1127,604676357,604676356,1,604676357,19.220203925752426,positive,0.0470096403622874,0.049416511214896,408.8566467990138,20.20426907182824,,False,,,,,,,,,,,,-0.0470096403622874,,False,False,,False,True,False,,True,False,False,positive_harmless,False,False,True,False,False,False,True,True,False,False,False,True,True,True,False,True,True,True,False,structural_positive_cap_missing_primitives
rawr2q_01127,cand_01127,1128,12830347,12830346,1,12830347,15.367323782212054,positive,0.0573644579403913,0.0604191265689465,267.8892877917643,16.18563678555554,,False,,,,,,,,,,,,-0.0573644579403913,,False,False,,False,True,False,,True,False,False,positive_harmless,False,False,False,True,False,False,True,True,False,False,False,True,True,True,False,True,True,True,False,structural_positive_cap_missing_primitives
rawr2q_01128,cand_01128,1129,1510669,1510668,1,1510669,13.228063157032665,positive,0.0653438457909719,0.0696682143827288,202.4377812005104,14.1034787398411,,False,,,,,,,,,,,,-0.0653438457909719,,False,False,,False,True,False,,True,False,False,positive_harmless,False,False,False,True,False,False,True,True,False,False,False,True,True,True,False,True,True,True,False,structural_positive_cap_missing_primitives
rawr2q_01129,cand_01129,1130,180642733,180642732,1,180642733,18.01203178779059,positive,0.0498316928767585,0.0527576768807692,361.4573526999599,19.06965021992271,,False,,,,,,,,,,,,-0.0498316928767585,,False,False,,False,True,False,,True,False,False,positive_harmless,False,False,False,True,False,False,True,True,False,False,False,True,True,True,False,True,True,True,False,structural_positive_cap_missing_primitives
rawr2q_01130,cand_01130,1131,604713503,604713502,1,604713503,19.22026535507516,positive,0.0470095049771095,0.0496773189685459,408.8591310296528,20.31102546536256,,False,,,,,,,,,,,,-0.0470095049771095,,False,False,,False,True,False,,True,False,False,positive_harmless,False,False,True,False,False,False,True,True,False,False,False,True,True,True,False,True,True,True,False,structural_positive_cap_missing_primitives
rawr2q_01131,cand_01131,1132,178013497,178013496,1,178013497,17.997369931224423,positive,0.0498680153076255,0.0533559352645015,360.9000643037898,19.256160467947435,,False,,,,,,,,,,,,-0.0498680153076255,,False,False,,False,True,False,,True,False,False,positive_harmless,False,False,False,True,False,False,True,True,False,False,False,True,True,True,False,True,True,True,False,structural_positive_cap_missing_primitives
rawr2q_01132,cand_01132,1133,178037773,178037772,1,178037773,17.997506293608623,positive,0.0498676772482854,0.0532612509449289,360.9052453756992,19.22226484129626,,False,,,,,,,,,,,,-0.0498676772482854,,False,False,,False,True,False,,True,False,False,positive_harmless,False,False,False,True,False,False,True,True,False,False,False,True,True,True,False,True,True,True,False,structural_positive_cap_missing_primitives
rawr2q_01133,cand_01133,1134,604432771,604432770,1,604432771,19.219801007607728,positive,0.0470105283800325,0.0500841735521508,408.8403527872545,20.476431184119416,,False,,,,,,,,,,,,-0.0470105283800325,,False,False,,False,True,False,,True,False,False,positive_harmless,False,False,True,False,False,False,True,True,False,False,False,True,True,True,False,True,True,True,False,structural_positive_cap_missing_primitives
rawr2q_01134,cand_01134,1135,30372631,30372630,1,30372631,16.229052464813922,positive,0.0546726817825096,0.0598227360923421,296.84024883531066,17.75779586765995,,False,,,,,,,,,,,,-0.0546726817825096,,False,False,,False,True,False,,True,False,False,positive_harmless,False,False,False,True,False,False,True,True,False,False,False,True,True,True,False,True,True,True,False,structural_positive_cap_missing_primitives
rawr2q_01135,cand_01135,1136,5897,5896,1,5897,7.682199026000504,positive,0.1019121772932965,0.1166604661931528,75.3805799270841,8.793933596203848,,False,,,,,,,,,,,,-0.1019121772932965,,False,False,,False,True,False,,True,False,False,positive_harmless,False,False,False,True,False,False,True,True,False,False,False,True,True,True,False,True,True,True,False,structural_positive_cap_missing_primitives
rawr2q_01136,cand_01136,1137,40397051,40397050,1,40397051,16.514267345217604,positive,0.0538363194743474,0.0579228585683904,306.7495606397557,17.767811416852464,,False,,,,,,,,,,,,-0.0538363194743474,,False,False,,False,True,False,,True,False,False,positive_harmless,False,False,False,True,False,False,True,True,False,False,False,True,True,True,False,True,True,True,False,structural_positive_cap_missing_primitives
rawr2q_01137,cand_01137,1138,33489319,33489318,1,33489319,16.326737110135454,positive,0.054383333865754,0.0576878486927585,300.2158188837451,17.318804734938077,,False,,,,,,,,,,,,-0.054383333865754,,False,False,,False,True,False,,True,False,False,positive_harmless,False,False,False,True,False,False,True,True,False,False,False,True,True,True,False,True,True,True,False,structural_positive_cap_missing_primitives
rawr2q_01138,cand_01138,1139,33921133,33921132,1,33921133,16.33954877045278,positive,0.0543456109984567,0.0577584668244067,300.6599515629105,17.36565783777409,,False,,,,,,,,,,,,-0.0543456109984567,,False,False,,False,True,False,,True,False,False,positive_harmless,False,False,False,True,False,False,True,True,False,False,False,True,True,True,False,True,True,True,False,structural_positive_cap_missing_primitives
rawr2q_01139,cand_01139,1140,109452439,109452438,1,109452439,17.51100066583287,positive,0.0511035619367919,0.054684290006421,342.657145650465,18.73796272552247,,False,,,,,,,,,,,,-0.0511035619367919,,False,False,,False,True,False,,True,False,False,positive_harmless,False,False,False,True,False,False,True,True,False,False,False,True,True,True,False,True,True,True,False,structural_positive_cap_missing_primitives
rawr2q_01140,cand_01140,1141,179380801,179380800,1,179380801,18.00502148402492,positive,0.0498490532147915,0.0527310857325823,361.1908416082487,19.04598523466812,,False,,,,,,,,,,,,-0.0498490532147915,,False,False,,False,True,False,,True,False,False,positive_harmless,False,False,False,True,False,False,True,True,False,False,False,True,True,True,False,True,True,True,False,structural_positive_cap_missing_primitives
rawr2q_01141,cand_01141,1142,109507313,109507312,1,109507313,17.51150189037892,positive,0.0511022572538336,0.0546230160820673,342.67570223750204,18.71798039425278,,False,,,,,,,,,,,,-0.0511022572538336,,False,False,,False,True,False,,True,False,False,positive_harmless,False,False,False,True,False,False,True,True,False,False,False,True,True,True,False,True,True,True,False,structural_positive_cap_missing_primitives
rawr2q_01142,cand_01142,1143,109709489,109709488,1,109709489,17.5133464210488,positive,0.0510974565287022,0.0541159908639181,342.7439957057605,18.54793094027572,,False,,,,,,,,,,,,-0.0510974565287022,,False,False,,False,True,False,,True,False,False,positive_harmless,False,False,False,True,False,False,True,True,False,False,False,True,True,True,False,True,True,True,False,structural_positive_cap_missing_primitives
rawr2q_01143,cand_01143,1144,30402077,30402076,1,30402077,16.230021486411005,positive,0.0546697964269587,0.059307463297189,296.8736404221849,17.606822533241616,,False,,,,,,,,,,,,-0.0546697964269587,,False,False,,False,True,False,,True,False,False,positive_harmless,False,False,False,True,False,False,True,True,False,False,False,True,True,True,False,True,True,True,False,structural_positive_cap_missing_primitives
rawr2q_01144,cand_01144,1145,30402173,30402172,1,30402173,16.230024644085017,positive,0.0546697870251745,0.0583819238538428,296.873749235777,17.332060622087955,,False,,,,,,,,,,,,-0.0546697870251745,,False,False,,False,True,False,,True,False,False,positive_harmless,False,False,False,True,False,False,True,True,False,False,False,True,True,True,False,True,True,True,False,structural_positive_cap_missing_primitives
rawr2q_01145,cand_01145,1146,604814009,604814008,1,604814009,19.22043154559044,positive,0.0470091387107713,0.0494756295158382,408.865851889909,20.22889540978271,,False,,,,,,,,,,,,-0.0470091387107713,,False,False,,False,True,False,,True,False,False,positive_harmless,False,False,True,False,False,False,True,True,False,False,False,True,True,True,False,True,True,True,False,structural_positive_cap_missing_primitives
rawr2q_01146,cand_01146,1147,1518089,1518088,1,1518089,13.232962864995075,positive,0.065323051064597,0.0696981157976294,202.57723191632883,14.119251368067513,,False,,,,,,,,,,,,-0.065323051064597,,False,False,,False,True,False,,True,False,False,positive_harmless,False,False,False,True,False,False,True,True,False,False,False,True,True,True,False,True,True,True,False,structural_positive_cap_missing_primitives
rawr2q_01147,cand_01147,1148,33916499,33916498,1,33916499,16.339412150117706,positive,0.0543460129907755,0.0585439458953165,300.65521371164954,17.60154256467963,,False,,,,,,,,,,,,-0.0543460129907755,,False,False,,False,True,False,,True,False,False,positive_harmless,False,False,False,True,False,False,True,True,False,False,False,True,True,True,False,True,True,True,False,structural_positive_cap_missing_primitives
rawr2q_01148,cand_01148,1149,604692527,604692526,1,604692527,19.22023066697293,positive,0.04700958142674,0.0502751394000731,408.8577282255926,20.555379281338872,,False,,,,,,,,,,,,-0.04700958142674,,False,False,,False,True,False,,True,False,False,positive_harmless,False,False,True,False,False,False,True,True,False,False,False,True,True,True,False,True,True,True,False,structural_positive_cap_missing_primitives
rawr2q_01149,cand_01149,1150,33822053,33822052,1,33822053,16.336623603317918,positive,0.0543542193181911,0.0572889911098015,300.5585179631199,17.21869426356429,,False,,,,,,,,,,,,-0.0543542193181911,,False,False,,False,True,False,,True,False,False,positive_harmless,False,False,False,True,False,False,True,True,False,False,False,True,True,True,False,True,True,True,False,structural_positive_cap_missing_primitives
rawr2q_01150,cand_01150,1151,30405101,30405100,1,30405101,16.230120948352898,positive,0.0546695002865641,0.0583189578507988,296.87706789486936,17.31356120942962,,False,,,,,,,,,,,,-0.0546695002865641,,False,False,,False,True,False,,True,False,False,positive_harmless,False,False,False,True,False,False,True,True,False,False,False,True,True,True,False,True,True,True,False,structural_positive_cap_missing_primitives
rawr2q_01151,cand_01151,1152,109688263,109688262,1,109688263,17.51315292772562,positive,0.051097960087927,0.0536493335791564,342.7368313253557,18.387602593637062,,False,,,,,,,,,,,,-0.051097960087927,,False,False,,False,True,False,,True,False,False,positive_harmless,False,False,False,True,False,False,True,True,False,False,False,True,True,True,False,True,True,True,False,structural_positive_cap_missing_primitives
rawr2q_01152,cand_01152,1153,604205809,604205808,1,604205809,19.219425441236734,positive,0.0470113561455283,0.0500916480596878,408.8251651737313,20.47872629182628,,False,,,,,,,,,,,,-0.0470113561455283,,False,False,,False,True,False,,True,False,False,positive_harmless,False,False,True,False,False,False,True,True,False,False,False,True,True,True,False,True,True,True,False,structural_positive_cap_missing_primitives
rawr2q_01153,cand_01153,1154,179151251,179151250,1,179151251,18.003740984666017,positive,0.0498522255494587,0.0531896390827967,361.1421714122749,19.209021754996403,,False,,,,,,,,,,,,-0.0498522255494587,,False,False,,False,True,False,,True,False,False,positive_harmless,False,False,False,True,False,False,True,True,False,False,False,True,True,True,False,True,True,True,False,structural_positive_cap_missing_primitives
rawr2q_01154,cand_01154,1155,179408683,179408682,1,179408683,18.00517690664068,positive,0.0498486681950825,0.0532792716347628,361.1967492527082,19.24429971702835,,False,,,,,,,,,,,,-0.0498486681950825,,False,False,,False,True,False,,True,False,False,positive_harmless,False,False,False,True,False,False,True,True,False,False,False,True,True,True,False,True,True,True,False,structural_positive_cap_missing_primitives
rawr2q_01155,cand_01155,1156,31018763,31018762,1,31018763,16.25010283741915,positive,0.054610070443239,0.0577392055749262,297.5660479015362,17.181227211905135,,False,,,,,,,,,,,,-0.054610070443239,,False,False,,False,True,False,,True,False,False,positive_harmless,False,False,False,True,False,False,True,True,False,False,False,True,True,True,False,True,True,True,False,structural_positive_cap_missing_primitives
rawr2q_01156,cand_01156,1157,179149627,179149626,1,179149627,18.003731919658925,positive,0.0498522480087225,0.052449097351866,361.1418268742635,18.941562835558983,,False,,,,,,,,,,,,-0.0498522480087225,,False,False,,False,True,False,,True,False,False,positive_harmless,False,False,False,True,False,False,True,True,False,False,False,True,True,True,False,True,True,True,False,structural_positive_cap_missing_primitives
rawr2q_01157,cand_01157,1158,108625471,108625470,1,108625471,17.50341647755884,positive,0.0511233116140169,0.0548992148437754,342.376421341996,18.796196712697206,,False,,,,,,,,,,,,-0.0511233116140169,,False,False,,False,True,False,,True,False,False,positive_harmless,False,False,False,True,False,False,True,True,False,False,False,True,True,True,False,True,True,True,False,structural_positive_cap_missing_primitives
rawr2q_01158,cand_01158,1159,179471161,179471160,1,179471161,18.00552509003229,positive,0.0498478056814509,0.0528393789272466,361.2099839478468,19.086111214124937,,False,,,,,,,,,,,,-0.0498478056814509,,False,False,,False,True,False,,True,False,False,positive_harmless,False,False,False,True,False,False,True,True,False,False,False,True,True,True,False,True,True,True,False,structural_positive_cap_missing_primitives
rawr2q_01159,cand_01159,1160,604676123,604676122,1,604676123,19.22020353876848,positive,0.0470096412151707,0.0495283809568822,408.8566311492251,20.25000698430629,,False,,,,,,,,,,,,-0.0470096412151707,,False,False,,False,True,False,,True,False,False,positive_harmless,False,False,True,False,False,False,True,True,False,False,False,True,True,True,False,True,True,True,False,structural_positive_cap_missing_primitives
rawr2q_01160,cand_01160,1161,33876413,33876412,1,33876413,16.338229548471332,positive,0.0543494929309417,0.0585377659146537,300.6142038754844,17.597283897083088,,False,,,,,,,,,,,,-0.0543494929309417,,False,False,,False,True,False,,True,False,False,positive_harmless,False,False,False,True,False,False,True,True,False,False,False,True,True,True,False,True,True,True,False,structural_positive_cap_missing_primitives
rawr2q_01161,cand_01161,1162,40835593,40835592,1,40835593,16.52506463652532,positive,0.0538051578736417,0.0573022479213347,307.1278905143904,17.599118525812138,,False,,,,,,,,,,,,-0.0538051578736417,,False,False,,False,True,False,,True,False,False,positive_harmless,False,False,False,True,False,False,True,True,False,False,False,True,True,True,False,True,True,True,False,structural_positive_cap_missing_primitives
rawr2q_01162,cand_01162,1163,33925349,33925348,1,33925349,16.339673051030964,positive,0.0543452453198404,0.0586968995381285,300.66426151664945,17.648059952948365,,False,,,,,,,,,,,,-0.0543452453198404,,False,False,,False,True,False,,True,False,False,positive_harmless,False,False,False,True,False,False,True,True,False,False,False,True,True,True,False,True,True,True,False,structural_positive_cap_missing_primitives
rawr2q_01163,cand_01163,1164,604356979,604356978,1,604356979,19.21967560614713,positive,0.0470108047673675,0.0497916518374952,408.8352816178215,20.35658400119887,,False,,,,,,,,,,,,-0.0470108047673675,,False,False,,False,True,False,,True,False,False,positive_harmless,False,False,True,False,False,False,True,True,False,False,False,True,True,True,False,True,True,True,False,structural_positive_cap_missing_primitives
rawr2q_01164,cand_01164,1165,179410001,179410000,1,179410001,18.0051842529694,positive,0.0498486499965821,0.0523424802961385,361.19702848931576,18.905948346725783,,False,,,,,,,,,,,,-0.0498486499965821,,False,False,,False,True,False,,True,False,False,positive_harmless,False,False,False,True,False,False,True,True,False,False,False,True,True,True,False,True,True,True,False,structural_positive_cap_missing_primitives
rawr2q_01165,cand_01165,1166,109568141,109568140,1,109568141,17.512057205914747,positive,0.05110081185002,0.0550760585666167,342.6962619950601,18.87435939620056,,False,,,,,,,,,,,,-0.05110081185002,,False,False,,False,True,False,,True,False,False,positive_harmless,False,False,False,True,False,False,True,True,False,False,False,True,True,True,False,True,True,True,False,structural_positive_cap_missing_primitives
rawr2q_01166,cand_01166,1167,180641137,180641136,1,180641137,18.0120229526328,positive,0.0498317147485869,0.0527240326383938,361.4570167514363,19.057471548579183,,False,,,,,,,,,,,,-0.0498317147485869,,False,False,,False,True,False,,True,False,False,positive_harmless,False,False,False,True,False,False,True,True,False,False,False,True,True,True,False,True,True,True,False,structural_positive_cap_missing_primitives
rawr2q_01167,cand_01167,1168,604866191,604866190,1,604866191,19.22051781963217,positive,0.0470089485741416,0.0499181365283003,408.8693408940625,20.409995580985967,,False,,,,,,,,,,,,-0.0470089485741416,,False,False,,False,True,False,,True,False,False,positive_harmless,False,False,True,False,False,False,True,True,False,False,False,True,True,True,False,True,True,True,False,structural_positive_cap_missing_primitives
rawr2q_01168,cand_01168,1169,179436911,179436910,1,179436911,18.0053342333602,positive,0.0498482784644807,0.0526897268156398,361.20272932173305,19.031673133025603,,False,,,,,,,,,,,,-0.0498482784644807,,False,False,,False,True,False,,True,False,False,positive_harmless,False,False,False,True,False,False,True,True,False,False,False,True,True,True,False,True,True,True,False,structural_positive_cap_missing_primitives
rawr2q_01169,cand_01169,1170,40835407,40835406,1,40835407,16.525060081664968,positive,0.0538051710116552,0.0577275682750923,307.1277308659669,17.72973705273928,,False,,,,,,,,,,,,-0.0538051710116552,,False,False,,False,True,False,,True,False,False,positive_harmless,False,False,False,True,False,False,True,True,False,False,False,True,True,True,False,True,True,True,False,structural_positive_cap_missing_primitives
rawr2q_01170,cand_01170,1171,109710487,109710486,1,109710487,17.5133555177593,positive,0.0510974328550926,0.053558207608188,342.7443325269488,18.356772118008145,,False,,,,,,,,,,,,-0.0510974328550926,,False,False,,False,True,False,,True,False,False,positive_harmless,False,False,False,True,False,False,True,True,False,False,False,True,True,True,False,True,True,True,False,structural_positive_cap_missing_primitives
rawr2q_01171,cand_01171,1172,108553853,108553852,1,108553853,17.50275694882216,positive,0.0511250297848904,0.0549840791501077,342.3520147071866,18.823910273858782,,False,,,,,,,,,,,,-0.0511250297848904,,False,False,,False,True,False,,True,False,False,positive_harmless,False,False,False,True,False,False,True,True,False,False,False,True,True,True,False,True,True,True,False,structural_positive_cap_missing_primitives
rawr2q_01172,cand_01172,1173,76018253,76018252,1,76018253,17.146484040466788,positive,0.0520703021032276,0.0557750751240321,329.29488303091586,18.36644683900869,,False,,,,,,,,,,,,-0.0520703021032276,,False,False,,False,True,False,,True,False,False,positive_harmless,False,False,False,True,False,False,True,True,False,False,False,True,True,True,False,True,True,True,False,structural_positive_cap_missing_primitives
rawr2q_01173,cand_01173,1174,604873349,604873348,1,604873349,19.220529653584467,positive,0.0470089224937883,0.0492944218218632,408.8698194714888,20.155001351256622,,False,,,,,,,,,,,,-0.0470089224937883,,False,False,,False,True,False,,True,False,False,positive_harmless,False,False,True,False,False,False,True,True,False,False,False,True,True,True,False,True,True,True,False,structural_positive_cap_missing_primitives
rawr2q_01174,cand_01174,1175,17586113,17586112,1,17586113,15.682620114466232,positive,0.0563495045166667,0.0608489823387839,278.30981388359334,16.934868949713007,,False,,,,,,,,,,,,-0.0563495045166667,,False,False,,False,True,False,,True,False,False,positive_harmless,False,False,False,True,False,False,True,True,False,False,False,True,True,True,False,True,True,True,False,structural_positive_cap_missing_primitives
rawr2q_01175,cand_01175,1176,108582377,108582376,1,108582377,17.50301967789472,positive,0.0511243453226236,0.0551686357806357,342.3617372005592,18.887629984843368,,False,,,,,,,,,,,,-0.0511243453226236,,False,False,,False,True,False,,True,False,False,positive_harmless,False,False,False,True,False,False,True,True,False,False,False,True,True,True,False,True,True,True,False,structural_positive_cap_missing_primitives
rawr2q_01176,cand_01176,1177,109526147,109526146,1,109526147,17.511673864104264,positive,0.0511018096230757,0.0541493262269027,342.68206925096086,18.556003159980342,,False,,,,,,,,,,,,-0.0511018096230757,,False,False,,False,True,False,,True,False,False,positive_harmless,False,False,False,True,False,False,True,True,False,False,False,True,True,True,False,True,True,True,False,structural_positive_cap_missing_primitives
rawr2q_01177,cand_01177,1178,33388547,33388546,1,33388547,16.323723494950226,positive,0.0543922147816867,0.0581067238097937,300.1113957294905,17.438489983825203,,False,,,,,,,,,,,,-0.0543922147816867,,False,False,,False,True,False,,True,False,False,positive_harmless,False,False,False,True,False,False,True,True,False,False,False,True,True,True,False,True,True,True,False,structural_positive_cap_missing_primitives
rawr2q_01178,cand_01178,1179,179642423,179642422,1,179642423,18.00647889418013,positive,0.0498454430873174,0.0534641342034545,361.24623995491487,19.31371745344289,,False,,,,,,,,,,,,-0.0498454430873174,,False,False,,False,True,False,,True,False,False,positive_harmless,False,False,False,True,False,False,True,True,False,False,False,True,True,True,False,True,True,True,False,structural_positive_cap_missing_primitives
rawr2q_01179,cand_01179,1180,178911827,178911826,1,178911827,18.00240365585222,positive,0.0498555391041332,0.0531932038027157,361.0913446999458,19.20760549002088,,False,,,,,,,,,,,,-0.0498555391041332,,False,False,,False,True,False,,True,False,False,positive_harmless,False,False,False,True,False,False,True,True,False,False,False,True,True,True,False,True,True,True,False,structural_positive_cap_missing_primitives
rawr2q_01180,cand_01180,1181,604810847,604810846,1,604810847,19.220426317523263,positive,0.0470091502327924,0.0504180546017721,408.8656404623875,20.61421018562117,,False,,,,,,,,,,,,-0.0470091502327924,,False,False,,False,True,False,,True,False,False,positive_harmless,False,False,True,False,False,False,True,True,False,False,False,True,True,True,False,True,True,True,False,structural_positive_cap_missing_primitives
rawr2q_01181,cand_01181,1182,39693151,39693150,1,39693151,16.496689211882636,positive,0.053887127939294,0.0581312364374822,306.1341333772102,17.795955688934317,,False,,,,,,,,,,,,-0.053887127939294,,False,False,,False,True,False,,True,False,False,positive_harmless,False,False,False,True,False,False,True,True,False,False,False,True,True,True,False,True,True,True,False,structural_positive_cap_missing_primitives
rawr2q_01182,cand_01182,1183,108591871,108591870,1,108591871,17.50310710999216,positive,0.0511241175484107,0.0542251619253325,342.3649727238424,18.564796083512395,,False,,,,,,,,,,,,-0.0511241175484107,,False,False,,False,True,False,,True,False,False,positive_harmless,False,False,False,True,False,False,True,True,False,False,False,True,True,True,False,True,True,True,False,structural_positive_cap_missing_primitives
rawr2q_01183,cand_01183,1184,33902969,33902968,1,33902969,16.33901314963662,positive,0.0543471870455769,0.0587979559752038,300.64137700327166,17.677098449363015,,False,,,,,,,,,,,,-0.0543471870455769,,False,False,,False,True,False,,True,False,False,positive_harmless,False,False,False,True,False,False,True,True,False,False,False,True,True,True,False,True,True,True,False,structural_positive_cap_missing_primitives
rawr2q_01184,cand_01184,1185,178906097,178906096,1,178906097,18.002371628390115,positive,0.0498556184652772,0.0527304486763606,361.0901275034456,19.040444435860945,,False,,,,,,,,,,,,-0.0498556184652772,,False,False,,False,True,False,,True,False,False,positive_harmless,False,False,False,True,False,False,True,True,False,False,False,True,True,True,False,True,True,True,False,structural_positive_cap_missing_primitives
rawr2q_01185,cand_01185,1186,180640561,180640560,1,180640561,18.01201976398525,positive,0.0498317226422313,0.0532380313320722,361.4568955061658,19.2432535281508,,False,,,,,,,,,,,,-0.0498317226422313,,False,False,,False,True,False,,True,False,False,positive_harmless,False,False,False,True,False,False,True,True,False,False,False,True,True,True,False,True,True,True,False,structural_positive_cap_missing_primitives
rawr2q_01186,cand_01186,1187,108593897,108593896,1,108593897,17.503125766831587,positive,0.0511240689447039,0.0546529133139765,342.365663143187,18.71128090944668,,False,,,,,,,,,,,,-0.0511240689447039,,False,False,,False,True,False,,True,False,False,positive_harmless,False,False,False,True,False,False,True,True,False,False,False,True,True,True,False,True,True,True,False,structural_positive_cap_missing_primitives
rawr2q_01187,cand_01187,1188,30776233,30776232,1,30776233,16.242253294220024,positive,0.0546334010908253,0.0579233664053522,297.29529866204126,17.22034451499003,,False,,,,,,,,,,,,-0.0546334010908253,,False,False,,False,True,False,,True,False,False,positive_harmless,False,False,False,True,False,False,True,True,False,False,False,True,True,True,False,True,True,True,False,structural_positive_cap_missing_primitives
rawr2q_01188,cand_01188,1189,33863147,33863146,1,33863147,16.337837871874388,positive,0.05435064558181,0.0579572781844086,300.6006220714018,17.42199387579851,,False,,,,,,,,,,,,-0.05435064558181,,False,False,,False,True,False,,True,False,False,positive_harmless,False,False,False,True,False,False,True,True,False,False,False,True,True,True,False,True,True,True,False,structural_positive_cap_missing_primitives
rawr2q_01189,cand_01189,1190,109814501,109814500,1,109814501,17.51430314571484,positive,0.0510949668334226,0.0546547784088785,342.7794209714263,18.734533296316982,,False,,,,,,,,,,,,-0.0510949668334226,,False,False,,False,True,False,,True,False,False,positive_harmless,False,False,False,True,False,False,True,True,False,False,False,True,True,True,False,True,True,True,False,structural_positive_cap_missing_primitives
rawr2q_01190,cand_01190,1191,179382943,179382942,1,179382943,18.005033425030863,positive,0.0498490236337985,0.0537636723765154,361.1912954865404,19.41897047578752,,False,,,,,,,,,,,,-0.0498490236337985,,False,False,,False,True,False,,True,False,False,positive_harmless,False,False,False,True,False,False,True,True,False,False,False,True,True,True,False,True,True,True,False,structural_positive_cap_missing_primitives
rawr2q_01191,cand_01191,1192,179662363,179662362,1,179662363,18.006589886300457,positive,0.0498451681718581,0.0537690815764019,361.2504591060188,19.424105405184164,,False,,,,,,,,,,,,-0.0498451681718581,,False,False,,False,True,False,,True,False,False,positive_harmless,False,False,False,True,False,False,True,True,False,False,False,True,True,True,False,True,True,True,False,structural_positive_cap_missing_primitives
rawr2q_01192,cand_01192,1193,604692299,604692298,1,604692299,19.220230289921734,positive,0.0470095822577301,0.0501551319285789,408.85771297746834,20.50631253440197,,False,,,,,,,,,,,,-0.0470095822577301,,False,False,,False,True,False,,True,False,False,positive_harmless,False,False,True,False,False,False,True,True,False,False,False,True,True,True,False,True,True,True,False,structural_positive_cap_missing_primitives
rawr2q_01193,cand_01193,1194,30418693,30418692,1,30418693,16.23056787871789,positive,0.0546681696246984,0.0576454444892701,296.89246942310467,17.1144983654119,,False,,,,,,,,,,,,-0.0546681696246984,,False,False,,False,True,False,,True,False,False,positive_harmless,False,False,False,True,False,False,True,True,False,False,False,True,True,True,False,True,True,True,False,structural_positive_cap_missing_primitives
rawr2q_01194,cand_01194,1195,187449671,187449670,1,187449671,18.04902094600996,positive,0.0497402919752964,0.0531234516953333,362.8651990015259,19.276651871075067,,False,,,,,,,,,,,,-0.0497402919752964,,False,False,,False,True,False,,True,False,False,positive_harmless,False,False,False,True,False,False,True,True,False,False,False,True,True,True,False,True,True,True,False,structural_positive_cap_missing_primitives
rawr2q_01195,cand_01195,1196,108596063,108596062,1,108596063,17.50314571250496,positive,0.0511240169835042,0.0546575804301915,342.3664012581904,18.71291911336476,,False,,,,,,,,,,,,-0.0511240169835042,,False,False,,False,True,False,,True,False,False,positive_harmless,False,False,False,True,False,False,True,True,False,False,False,True,True,True,False,True,True,True,False,structural_positive_cap_missing_primitives
rawr2q_01196,cand_01196,1197,31020191,31020190,1,31020191,16.25014887301157,positive,0.0546099336733923,0.0591767793252844,297.5676361410624,17.60909433826617,,False,,,,,,,,,,,,-0.0546099336733923,,False,False,,False,True,False,,True,False,False,positive_harmless,False,False,False,True,False,False,True,True,False,False,False,True,True,True,False,True,True,True,False,structural_positive_cap_missing_primitives
rawr2q_01197,cand_01197,1198,108595631,108595630,1,108595631,17.503141734452274,positive,0.0511240273468656,0.0540053006478409,342.36625404522954,18.489592481387696,,False,,,,,,,,,,,,-0.0511240273468656,,False,False,,False,True,False,,True,False,False,positive_harmless,False,False,False,True,False,False,True,True,False,False,False,True,True,True,False,True,True,True,False,structural_positive_cap_missing_primitives
rawr2q_01198,cand_01198,1199,354353,354352,1,354353,11.778048870408291,positive,0.0721347053940645,0.0773429809248389,163.27853293454265,12.628448458192011,,False,,,,,,,,,,,,-0.0721347053940645,,False,False,,False,True,False,,True,False,False,positive_harmless,False,False,False,True,False,False,True,True,False,False,False,True,True,True,False,True,True,True,False,structural_positive_cap_missing_primitives
rawr2q_01199,cand_01199,1200,2274949,2274948,1,2274949,13.637468192533492,positive,0.0636505003522946,0.0676804907283951,214.2554750874297,14.500915695162677,,False,,,,,,,,,,,,-0.0636505003522946,,False,False,,False,True,False,,True,False,False,positive_harmless,False,False,False,True,False,False,True,True,False,False,False,True,True,True,False,True,True,True,False,structural_positive_cap_missing_primitives
rawr2q_01200,cand_01200,1201,112219463,112219462,1,112219463,17.53596700303238,positive,0.0510386553737038,0.0541123728605688,343.58207273750514,18.59204122817895,,False,,,,,,,,,,,,-0.0510386553737038,,False,False,,False,True,False,,True,False,False,positive_harmless,False,False,False,True,False,False,True,True,False,False,False,True,True,True,False,True,True,True,False,structural_positive_cap_missing_primitives
rawr2q_01201,cand_01201,1202,604864277,604864276,1,604864277,19.220514655290945,positive,0.047008955547906,0.0500681122179068,408.8692129248359,20.47130963516792,,False,,,,,,,,,,,,-0.047008955547906,,False,False,,False,True,False,,True,False,False,positive_harmless,False,False,True,False,False,False,True,True,False,False,False,True,True,True,False,True,True,True,False,structural_positive_cap_missing_primitives
rawr2q_01202,cand_01202,1203,187422077,187422076,1,187422077,18.048873727660222,positive,0.0497406550922874,0.0534687166989851,362.859590292344,19.401636634851144,,False,,,,,,,,,,,,-0.0497406550922874,,False,False,,False,True,False,,True,False,False,positive_harmless,False,False,False,True,False,False,True,True,False,False,False,True,True,True,False,True,True,True,False,structural_positive_cap_missing_primitives
rawr2q_01203,cand_01203,1204,109588861,109588860,1,109588861,17.512246294101505,positive,0.0511003197001628,0.0533838541467366,342.7032628534749,18.29482099978064,,False,,,,,,,,,,,,-0.0511003197001628,,False,False,,False,True,False,,True,False,False,positive_harmless,False,False,False,True,False,False,True,True,False,False,False,True,True,True,False,True,True,True,False,structural_positive_cap_missing_primitives
rawr2q_01204,cand_01204,1205,30387079,30387078,1,30387079,16.22952804312963,positive,0.0546712656641732,0.0588391431046485,296.85663658899034,17.466790121824236,,False,,,,,,,,,,,,-0.0546712656641732,,False,False,,False,True,False,,True,False,False,positive_harmless,False,False,False,True,False,False,True,True,False,False,False,True,True,True,False,True,True,True,False,structural_positive_cap_missing_primitives
rawr2q_01205,cand_01205,1206,33471577,33471576,1,33471577,16.326207188898582,positive,0.0543848952978074,0.0576972499092111,300.1974555526409,17.320567615130013,,False,,,,,,,,,,,,-0.0543848952978074,,False,False,,False,True,False,,True,False,False,positive_harmless,False,False,False,True,False,False,True,True,False,False,False,True,True,True,False,True,True,True,False,structural_positive_cap_missing_primitives
rawr2q_01206,cand_01206,1207,39638069,39638068,1,39638069,16.495300552818737,positive,0.0538911458397151,0.0585308390628215,306.0855414334596,17.915443565098403,,False,,,,,,,,,,,,-0.0538911458397151,,False,False,,False,True,False,,True,False,False,positive_harmless,False,False,False,True,False,False,True,True,False,False,False,True,True,True,False,True,True,True,False,structural_positive_cap_missing_primitives
rawr2q_01207,cand_01207,1208,30802309,30802308,1,30802309,16.243100212666345,positive,0.0546308828992171,0.0583791167720737,297.3245049440541,17.35754199332794,,False,,,,,,,,,,,,-0.0546308828992171,,False,False,,False,True,False,,True,False,False,positive_harmless,False,False,False,True,False,False,True,True,False,False,False,True,True,True,False,True,True,True,False,structural_positive_cap_missing_primitives
rawr2q_01208,cand_01208,1209,109593481,109593480,1,109593481,17.51228845078218,positive,0.0511002099780206,0.0552477469879636,342.7048236849633,18.933669390501528,,False,,,,,,,,,,,,-0.0511002099780206,,False,False,,False,True,False,,True,False,False,positive_harmless,False,False,False,True,False,False,True,True,False,False,False,True,True,True,False,True,True,True,False,structural_positive_cap_missing_primitives
rawr2q_01209,cand_01209,1210,604170643,604170642,1,604170643,19.21936723752058,positive,0.0470114844317875,0.0502961014855357,408.8228114857206,20.562193616087832,,False,,,,,,,,,,,,-0.0470114844317875,,False,False,,False,True,False,,True,False,False,positive_harmless,False,False,True,False,False,False,True,True,False,False,False,True,True,True,False,True,True,True,False,structural_positive_cap_missing_primitives
rawr2q_01210,cand_01210,1211,109590113,109590112,1,109590113,17.51225771855502,positive,0.051100289965434,0.0544964114389901,342.7036858382,18.67612106509695,,False,,,,,,,,,,,,-0.051100289965434,,False,False,,False,True,False,,True,False,False,positive_harmless,False,False,False,True,False,False,True,True,False,False,False,True,True,True,False,True,True,True,False,structural_positive_cap_missing_primitives
rawr2q_01211,cand_01211,1212,7103101,7103100,1,7103101,14.776042007222792,positive,0.0593693110362675,0.0628547651992971,248.8835014136581,15.64351404333441,,False,,,,,,,,,,,,-0.0593693110362675,,False,False,,False,True,False,,True,False,False,positive_harmless,False,False,False,True,False,False,True,True,False,False,False,True,True,True,False,True,True,True,False,structural_positive_cap_missing_primitives
rawr2q_01212,cand_01212,1213,3241201,3241200,1,3241201,13.991454498096363,positive,0.0622551555483715,0.0680971441582546,224.7437079684937,15.304404680191192,,False,,,,,,,,,,,,-0.0622551555483715,,False,False,,False,True,False,,True,False,False,positive_harmless,False,False,False,True,False,False,True,True,False,False,False,True,True,True,False,True,True,True,False,structural_positive_cap_missing_primitives
rawr2q_01213,cand_01213,1214,604810753,604810752,1,604810753,19.22042616210276,positive,0.0470091505753203,0.0492954387906353,408.8656341770498,20.15521084316904,,False,,,,,,,,,,,,-0.0470091505753203,,False,False,,False,True,False,,True,False,False,positive_harmless,False,False,True,False,False,False,True,True,False,False,False,True,True,True,False,True,True,True,False,structural_positive_cap_missing_primitives
rawr2q_01214,cand_01214,1215,30386869,30386868,1,30386869,16.229521132273682,positive,0.054671286241943,0.0588988442425862,296.8563984474654,17.484498774572373,,False,,,,,,,,,,,,-0.054671286241943,,False,False,,False,True,False,,True,False,False,positive_harmless,False,False,False,True,False,False,True,True,False,False,False,True,True,True,False,True,True,True,False,structural_positive_cap_missing_primitives
rawr2q_01215,cand_01215,1216,112219519,112219518,1,112219519,17.535967502054422,positive,0.0510386540780064,0.0541406508320508,343.5820912372178,18.60175803382003,,False,,,,,,,,,,,,-0.0510386540780064,,False,False,,False,True,False,,True,False,False,positive_harmless,False,False,False,True,False,False,True,True,False,False,False,True,True,True,False,True,True,True,False,structural_positive_cap_missing_primitives
rawr2q_01216,cand_01216,1217,178039549,178039548,1,178039549,17.9975162689701,positive,0.0498676525183007,0.0534149386688814,360.9056243897836,19.27775179203464,,False,,,,,,,,,,,,-0.0498676525183007,,False,False,,False,True,False,,True,False,False,positive_harmless,False,False,False,True,False,False,True,True,False,False,False,True,True,True,False,True,True,True,False,structural_positive_cap_missing_primitives
rawr2q_01217,cand_01217,1218,109705303,109705302,1,109705303,17.51330826500688,positive,0.0510975558276089,0.0547102046489548,342.7425829151721,18.75151685320042,,False,,,,,,,,,,,,-0.0510975558276089,,False,False,,False,True,False,,True,False,False,positive_harmless,False,False,False,True,False,False,True,True,False,False,False,True,True,True,False,True,True,True,False,structural_positive_cap_missing_primitives
rawr2q_01218,cand_01218,1219,109726283,109726282,1,109726283,17.513499486338745,positive,0.0510970581889454,0.0543187954462519,342.74966323066496,18.617748846298216,,False,,,,,,,,,,,,-0.0510970581889454,,False,False,,False,True,False,,True,False,False,positive_harmless,False,False,False,True,False,False,True,True,False,False,False,True,True,True,False,True,True,True,False,structural_positive_cap_missing_primitives
rawr2q_01219,cand_01219,1220,17640167,17640166,1,17640167,15.685689075618289,positive,0.0563398010319484,0.0599169349585089,278.4122199282075,16.681606873092484,,False,,,,,,,,,,,,-0.0563398010319484,,False,False,,False,True,False,,True,False,False,positive_harmless,False,False,False,True,False,False,True,True,False,False,False,True,True,True,False,True,True,True,False,structural_positive_cap_missing_primitives
rawr2q_01220,cand_01220,1221,76024139,76024138,1,76024139,17.146561466241604,positive,0.0520700928923235,0.0557012615372335,329.2976930480846,18.342296924079,,False,,,,,,,,,,,,-0.0520700928923235,,False,False,,False,True,False,,True,False,False,positive_harmless,False,False,False,True,False,False,True,True,False,False,False,True,True,True,False,True,True,True,False,structural_positive_cap_missing_primitives
rawr2q_01221,cand_01221,1222,109591463,109591462,1,109591463,17.512270037108657,positive,0.0511002579036456,0.0544056248012128,342.7041419268309,18.645032963492746,,False,,,,,,,,,,,,-0.0511002579036456,,False,False,,False,True,False,,True,False,False,positive_harmless,False,False,False,True,False,False,True,True,False,False,False,True,True,True,False,True,True,True,False,structural_positive_cap_missing_primitives
rawr2q_01222,cand_01222,1223,604432651,604432650,1,604432651,19.21980080907446,positive,0.0470105288176012,0.0500016508242014,408.8403447586482,20.44269216146805,,False,,,,,,,,,,,,-0.0470105288176012,,False,False,,False,True,False,,True,False,False,positive_harmless,False,False,True,False,False,False,True,True,False,False,False,True,True,True,False,True,True,True,False,structural_positive_cap_missing_primitives
rawr2q_01223,cand_01223,1224,12784633,12784632,1,12784633,15.363754460781138,positive,0.0573761560757795,0.0605715274214732,267.7724600527346,16.21938690679955,,False,,,,,,,,,,,,-0.0573761560757795,,False,False,,False,True,False,,True,False,False,positive_harmless,False,False,False,True,False,False,True,True,False,False,False,True,True,True,False,True,True,True,False,structural_positive_cap_missing_primitives
rawr2q_01224,cand_01224,1225,178013449,178013448,1,178013449,17.99736966158191,positive,0.0498680159761074,0.0528018279129453,360.9000540587928,19.05618254818503,,False,,,,,,,,,,,,-0.0498680159761074,,False,False,,False,True,False,,True,False,False,positive_harmless,False,False,False,True,False,False,True,True,False,False,False,True,True,True,False,True,True,True,False,structural_positive_cap_missing_primitives
rawr2q_01225,cand_01225,1226,179412329,179412328,1,179412329,18.005197228750472,positive,0.0498486178527005,0.0530676064879347,361.19752170370464,19.16788794618945,,False,,,,,,,,,,,,-0.0498486178527005,,False,False,,False,True,False,,True,False,False,positive_harmless,False,False,False,True,False,False,True,True,False,False,False,True,True,True,False,True,True,True,False,structural_positive_cap_missing_primitives
rawr2q_01226,cand_01226,1227,2275549,2275548,1,2275549,13.637731899935837,positive,0.0636494377339767,0.0675544847184339,214.2631951743992,14.474439744131768,,False,,,,,,,,,,,,-0.0636494377339767,,False,False,,False,True,False,,True,False,False,positive_harmless,False,False,False,True,False,False,True,True,False,False,False,True,True,True,False,True,True,True,False,structural_positive_cap_missing_primitives
rawr2q_01227,cand_01227,1228,108624221,108624220,1,108624221,17.503404970062665,positive,0.0511233415917771,0.0550486957228522,342.37599548613974,18.847351998325127,,False,,,,,,,,,,,,-0.0511233415917771,,False,False,,False,True,False,,True,False,False,positive_harmless,False,False,False,True,False,False,True,True,False,False,False,True,True,True,False,True,True,True,False,structural_positive_cap_missing_primitives
rawr2q_01228,cand_01228,1229,604693459,604693458,1,604693459,19.22023220825092,positive,0.0470095780298889,0.0497381509976261,408.8577905555879,20.335830523209616,,False,,,,,,,,,,,,-0.0470095780298889,,False,False,,False,True,False,,True,False,False,positive_harmless,False,False,True,False,False,False,True,True,False,False,False,True,True,True,False,True,True,True,False,structural_positive_cap_missing_primitives
rawr2q_01229,cand_01229,1230,109670843,109670842,1,109670843,17.5129941014033,positive,0.0510983734349528,0.0544253157005279,342.73095059859344,18.65324018667048,,False,,,,,,,,,,,,-0.0510983734349528,,False,False,,False,True,False,,True,False,False,positive_harmless,False,False,False,True,False,False,True,True,False,False,False,True,True,True,False,True,True,True,False,structural_positive_cap_missing_primitives
rawr2q_01230,cand_01230,1231,604325339,604325338,1,604325339,19.21962325161272,positive,0.0470109201587705,0.0497866222158572,408.8331644371577,20.3544223071462,,False,,,,,,,,,,,,-0.0470109201587705,,False,False,,False,True,False,,True,False,False,positive_harmless,False,False,True,False,False,False,True,True,False,False,False,True,True,True,False,True,True,True,False,structural_positive_cap_missing_primitives
rawr2q_01231,cand_01231,1232,604813789,604813788,1,604813789,19.220431181842184,positive,0.0470091395124279,0.0497481806740492,408.8658371796157,20.340331539457907,,False,,,,,,,,,,,,-0.0470091395124279,,False,False,,False,True,False,,True,False,False,positive_harmless,False,False,True,False,False,False,True,True,False,False,False,True,True,True,False,True,True,True,False,structural_positive_cap_missing_primitives
rawr2q_01232,cand_01232,1233,187505431,187505430,1,187505431,18.049318368288585,positive,0.0497395583934429,0.0533554619999509,362.8765302964169,19.361444922904504,,False,,,,,,,,,,,,-0.0497395583934429,,False,False,,False,True,False,,True,False,False,positive_harmless,False,False,False,True,False,False,True,True,False,False,False,True,True,True,False,True,True,True,False,structural_positive_cap_missing_primitives
rawr2q_01233,cand_01233,1234,109507157,109507156,1,109507157,17.511500465815505,positive,0.0511022609618652,0.054893244927348,342.6756494958877,18.810578358415817,,False,,,,,,,,,,,,-0.0511022609618652,,False,False,,False,True,False,,True,False,False,positive_harmless,False,False,False,True,False,False,True,True,False,False,False,True,True,True,False,True,True,True,False,structural_positive_cap_missing_primitives
rawr2q_01234,cand_01234,1235,108832939,108832938,1,108832939,17.505324594728904,positive,0.0511183413317084,0.0548802733348801,342.4470383562785,18.79358706771273,,False,,,,,,,,,,,,-0.0511183413317084,,False,False,,False,True,False,,True,False,False,positive_harmless,False,False,False,True,False,False,True,True,False,False,False,True,True,True,False,True,True,True,False,structural_positive_cap_missing_primitives
rawr2q_01235,cand_01235,1236,180641081,180641080,1,180641081,18.012022642625844,positive,0.0498317155160234,0.0526178784625598,361.4570049637178,19.01910075662178,,False,,,,,,,,,,,,-0.0498317155160234,,False,False,,False,True,False,,True,False,False,positive_harmless,False,False,False,True,False,False,True,True,False,False,False,True,True,True,False,True,True,True,False,structural_positive_cap_missing_primitives
rawr2q_01236,cand_01236,1237,604691159,604691158,1,604691159,19.2202284046636,positive,0.0470095864126861,0.0499289457582351,408.85763673676473,20.41383076747012,,False,,,,,,,,,,,,-0.0470095864126861,,False,False,,False,True,False,,True,False,False,positive_harmless,False,False,True,False,False,False,True,True,False,False,False,True,True,True,False,True,True,True,False,structural_positive_cap_missing_primitives
rawr2q_01237,cand_01237,1238,109710067,109710066,1,109710067,17.513351689494424,positive,0.0510974428179054,0.0541693985501834,342.74419077890605,18.56624667106265,,False,,,,,,,,,,,,-0.0510974428179054,,False,False,,False,True,False,,True,False,False,positive_harmless,False,False,False,True,False,False,True,True,False,False,False,True,True,True,False,True,True,True,False,structural_positive_cap_missing_primitives
rawr2q_01238,cand_01238,1239,108596263,108596262,1,108596263,17.503147554190647,positive,0.0511240121856671,0.0540306422510587,342.36646941215133,18.49828022756597,,False,,,,,,,,,,,,-0.0511240121856671,,False,False,,False,True,False,,True,False,False,positive_harmless,False,False,False,True,False,False,True,True,False,False,False,True,True,True,False,True,True,True,False,structural_positive_cap_missing_primitives
rawr2q_01239,cand_01239,1240,604674857,604674856,1,604674857,19.22020144508348,positive,0.0470096458294942,0.0497429223679394,408.856546479756,20.33771945116631,,False,,,,,,,,,,,,-0.0470096458294942,,False,False,,False,True,False,,True,False,False,positive_harmless,False,False,True,False,False,False,True,True,False,False,False,True,True,True,False,True,True,True,False,structural_positive_cap_missing_primitives
rawr2q_01240,cand_01240,1241,40844981,40844980,1,40844981,16.525294507584782,positive,0.0538044948431526,0.0568777991674119,307.1359475775813,17.469216743410417,,False,,,,,,,,,,,,-0.0538044948431526,,False,False,,False,True,False,,True,False,False,positive_harmless,False,False,False,True,False,False,True,True,False,False,False,True,True,True,False,True,True,True,False,structural_positive_cap_missing_primitives
rawr2q_01241,cand_01241,1242,33915443,33915442,1,33915443,16.339381014343942,positive,0.0543461046056518,0.0574527273383092,300.65413396059114,17.27339998157333,,False,,,,,,,,,,,,-0.0543461046056518,,False,False,,False,True,False,,True,False,False,positive_harmless,False,False,False,True,False,False,True,True,False,False,False,True,True,True,False,True,True,True,False,structural_positive_cap_missing_primitives
rawr2q_01242,cand_01242,1243,180643423,180643422,1,180643423,18.0120356074775,positive,0.0498316834209586,0.0534700948311592,361.4574979399924,19.327166692284923,,False,,,,,,,,,,,,-0.0498316834209586,,False,False,,False,True,False,,True,False,False,positive_harmless,False,False,False,True,False,False,True,True,False,False,False,True,True,True,False,True,True,True,False,structural_positive_cap_missing_primitives
rawr2q_01243,cand_01243,1244,108531719,108531718,1,108531719,17.502553029235305,positive,0.0511255610491626,0.0541241277962125,342.34446859966454,18.529095768814702,,False,,,,,,,,,,,,-0.0511255610491626,,False,False,,False,True,False,,True,False,False,positive_harmless,False,False,False,True,False,False,True,True,False,False,False,True,True,True,False,True,True,True,False,structural_positive_cap_missing_primitives
rawr2q_01244,cand_01244,1245,108835757,108835756,1,108835757,17.50535048728996,positive,0.0511182738931333,0.0544483994163014,342.4479966574426,18.64574530131668,,False,,,,,,,,,,,,-0.0511182738931333,,False,False,,False,True,False,,True,False,False,positive_harmless,False,False,False,True,False,False,True,True,False,False,False,True,True,True,False,True,True,True,False,structural_positive_cap_missing_primitives
rawr2q_01245,cand_01245,1246,109496897,109496896,1,109496897,17.51140676891976,positive,0.0511025048490282,0.0538157413221827,342.6721805644083,18.44115742756248,,False,,,,,,,,,,,,-0.0511025048490282,,False,False,,False,True,False,,True,False,False,positive_harmless,False,False,False,True,False,False,True,True,False,False,False,True,True,True,False,True,True,True,False,structural_positive_cap_missing_primitives
rawr2q_01246,cand_01246,1247,108555593,108555592,1,108555593,17.50277297760425,positive,0.0511249880261545,0.053939505601574,342.352607860762,18.46633040941904,,False,,,,,,,,,,,,-0.0511249880261545,,False,False,,False,True,False,,True,False,False,positive_harmless,False,False,False,True,False,False,True,True,False,False,False,True,True,True,False,True,True,True,False,structural_positive_cap_missing_primitives
rawr2q_01247,cand_01247,1248,109683107,109683106,1,109683107,17.51310592067998,positive,0.0510980824235196,0.053791839156681,342.7350908303161,18.436350879294817,,False,,,,,,,,,,,,-0.0510980824235196,,False,False,,False,True,False,,True,False,False,positive_harmless,False,False,False,True,False,False,True,True,False,False,False,True,True,True,False,True,True,True,False,structural_positive_cap_missing_primitives
rawr2q_01248,cand_01248,1249,30348053,30348052,1,30348053,16.228242921846906,positive,0.0546750925075182,0.0588533961673744,296.81235417416804,17.468415067583354,,False,,,,,,,,,,,,-0.0546750925075182,,False,False,,False,True,False,,True,False,False,positive_harmless,False,False,False,True,False,False,True,True,False,False,False,True,True,True,False,True,True,True,False,structural_positive_cap_missing_primitives
rawr2q_01249,cand_01249,1250,30650057,30650056,1,30650057,16.238145080051126,positive,0.0546456195625194,0.0582871795959794,297.15364580089084,17.320247920396575,,False,,,,,,,,,,,,-0.0546456195625194,,False,False,,False,True,False,,True,False,False,positive_harmless,False,False,False,True,False,False,True,True,False,False,False,True,True,True,False,True,True,True,False,structural_positive_cap_missing_primitives
rawr2q_01250,cand_01250,1251,30422963,30422962,1,30422963,16.230708243076382,positive,0.0546677517261495,0.0576765885135855,296.8973065580204,17.124023781138792,,False,,,,,,,,,,,,-0.0546677517261495,,False,False,,False,True,False,,True,False,False,positive_harmless,False,False,False,True,False,False,True,True,False,False,False,True,True,True,False,True,True,True,False,structural_positive_cap_missing_primitives
rawr2q_01251,cand_01251,1252,108804461,108804460,1,108804461,17.5050628933838,positive,0.0511190229569621,0.0549550380031999,342.43735268809,18.81865773068916,,False,,,,,,,,,,,,-0.0511190229569621,,False,False,,False,True,False,,True,False,False,positive_harmless,False,False,False,True,False,False,True,True,False,False,False,True,True,True,False,True,True,True,False,structural_positive_cap_missing_primitives
rawr2q_01252,cand_01252,1253,604828963,604828962,1,604828963,19.22045627024118,positive,0.0470090842207394,0.0501964922524844,408.8668517767358,20.523681757508605,,False,,,,,,,,,,,,-0.0470090842207394,,False,False,,False,True,False,,True,False,False,positive_harmless,False,False,True,False,False,False,True,True,False,False,False,True,True,True,False,True,True,True,False,structural_positive_cap_missing_primitives
rawr2q_01253,cand_01253,1254,604838293,604838292,1,604838293,19.22047169597078,positive,0.0470090502244282,0.0499339613526072,408.8674756075554,20.41637272532574,,False,,,,,,,,,,,,-0.0470090502244282,,False,False,,False,True,False,,True,False,False,positive_harmless,False,False,True,False,False,False,True,True,False,False,False,True,True,True,False,True,True,True,False,structural_positive_cap_missing_primitives
rawr2q_01254,cand_01254,1255,112219651,112219650,1,112219651,17.53596867831969,positive,0.0510386510238655,0.0541834620826938,343.58213484364865,18.616469575591825,,False,,,,,,,,,,,,-0.0510386510238655,,False,False,,False,True,False,,True,False,False,positive_harmless,False,False,False,True,False,False,True,True,False,False,False,True,True,True,False,True,True,True,False,structural_positive_cap_missing_primitives
rawr2q_01255,cand_01255,1256,179380469,179380468,1,179380469,18.00501963321198,positive,0.049849057799742,0.0526369272801094,361.1907712587728,19.01197236099465,,False,,,,,,,,,,,,-0.049849057799742,,False,False,,False,True,False,,True,False,False,positive_harmless,False,False,False,True,False,False,True,True,False,False,False,True,True,True,False,True,True,True,False,structural_positive_cap_missing_primitives
rawr2q_01256,cand_01256,1257,30784291,30784290,1,30784291,16.24251508536547,positive,0.0546326226673867,0.0583171498986228,297.3043264690557,17.337940972205015,,False,,,,,,,,,,,,-0.0546326226673867,,False,False,,False,True,False,,True,False,False,positive_harmless,False,False,False,True,False,False,True,True,False,False,False,True,True,True,False,True,True,True,False,structural_positive_cap_missing_primitives
rawr2q_01257,cand_01257,1258,178878053,178878052,1,178878053,18.002214863480003,positive,0.0498560069181275,0.0539744023408078,361.08416971786033,19.48930225524832,,False,,,,,,,,,,,,-0.0498560069181275,,False,False,,False,True,False,,True,False,False,positive_harmless,False,False,False,True,False,False,True,True,False,False,False,True,True,True,False,True,True,True,False,structural_positive_cap_missing_primitives
rawr2q_01258,cand_01258,1259,33902221,33902220,1,33902221,16.338991086428774,positive,0.0543472519678123,0.058713318484109,300.6406118952565,17.651607995463603,,False,,,,,,,,,,,,-0.0543472519678123,,False,False,,False,True,False,,True,False,False,positive_harmless,False,False,False,True,False,False,True,True,False,False,False,True,True,True,False,True,True,True,False,structural_positive_cap_missing_primitives
rawr2q_01259,cand_01259,1260,108563909,108563908,1,108563909,17.50284958058028,positive,0.0511247884583783,0.0547342177082776,342.3554426015799,18.73855732896861,,False,,,,,,,,,,,,-0.0511247884583783,,False,False,,False,True,False,,True,False,False,positive_harmless,False,False,False,True,False,False,True,True,False,False,False,True,True,True,False,True,True,True,False,structural_positive_cap_missing_primitives
rawr2q_01260,cand_01260,1261,30423017,30423016,1,30423017,16.230710018049844,positive,0.0546677464416662,0.0579399010587369,296.89736772612326,17.202204110651007,,False,,,,,,,,,,,,-0.0546677464416662,,False,False,,False,True,False,,True,False,False,positive_harmless,False,False,False,True,False,False,True,True,False,False,False,True,True,True,False,True,True,True,False,structural_positive_cap_missing_primitives
rawr2q_01261,cand_01261,1262,604871021,604871020,1,604871021,19.22052580483748,positive,0.0470089309758779,0.049249868910108,408.8696638240984,20.13677734465677,,False,,,,,,,,,,,,-0.0470089309758779,,False,False,,False,True,False,,True,False,False,positive_harmless,False,False,True,False,False,False,True,True,False,False,False,True,True,True,False,True,True,True,False,structural_positive_cap_missing_primitives
rawr2q_01262,cand_01262,1263,178039643,178039642,1,178039643,17.99751679694253,positive,0.0498676512094014,0.052871240885929,360.9056444501138,19.08152926481341,,False,,,,,,,,,,,,-0.0498676512094014,,False,False,,False,True,False,,True,False,False,positive_harmless,False,False,False,True,False,False,True,True,False,False,False,True,True,True,False,True,True,True,False,structural_positive_cap_missing_primitives
rawr2q_01263,cand_01263,1264,108592369,108592368,1,108592369,17.503111695960275,positive,0.0511241056013063,0.0539675224819918,342.3651424331819,18.47659852131307,,False,,,,,,,,,,,,-0.0511241056013063,,False,False,,False,True,False,,True,False,False,positive_harmless,False,False,False,True,False,False,True,True,False,False,False,True,True,True,False,True,True,True,False,structural_positive_cap_missing_primitives
rawr2q_01264,cand_01264,1265,109588133,109588132,1,109588133,17.512239651068523,positive,0.0511003369901771,0.0544460077514335,342.7030168985936,18.65881111450048,,False,,,,,,,,,,,,-0.0511003369901771,,False,False,,False,True,False,,True,False,False,positive_harmless,False,False,False,True,False,False,True,True,False,False,False,True,True,True,False,True,True,True,False,structural_positive_cap_missing_primitives
rawr2q_01265,cand_01265,1266,40841069,40841068,1,40841069,16.525198726236486,positive,0.0538047711088981,0.0577216447970325,307.1325903940809,17.728198288319614,,False,,,,,,,,,,,,-0.0538047711088981,,False,False,,False,True,False,,True,False,False,positive_harmless,False,False,False,True,False,False,True,True,False,False,False,True,True,True,False,True,True,True,False,structural_positive_cap_missing_primitives
rawr2q_01266,cand_01266,1267,604150829,604150828,1,604150829,19.219334441612435,positive,0.0470115567172454,0.049805640280033,408.82148526177485,20.36161583369677,,False,,,,,,,,,,,,-0.0470115567172454,,False,False,,False,True,False,,True,False,False,positive_harmless,False,False,True,False,False,False,True,True,False,False,False,True,True,True,False,True,True,True,False,structural_positive_cap_missing_primitives
rawr2q_01267,cand_01267,1268,109594687,109594686,1,109594687,17.512299455025804,positive,0.0511001813371052,0.0545606120733685,342.7052311125487,18.698207170245865,,False,,,,,,,,,,,,-0.0511001813371052,,False,False,,False,True,False,,True,False,False,positive_harmless,False,False,False,True,False,False,True,True,False,False,False,True,True,True,False,True,True,True,False,structural_positive_cap_missing_primitives
rawr2q_01268,cand_01268,1269,604160737,604160736,1,604160737,19.219350841356142,positive,0.0470115205705442,0.0497996713554166,408.8221484458493,20.35920863541864,,False,,,,,,,,,,,,-0.0470115205705442,,False,False,,False,True,False,,True,False,False,positive_harmless,False,False,True,False,False,False,True,True,False,False,False,True,True,True,False,True,True,True,False,structural_positive_cap_missing_primitives
rawr2q_01269,cand_01269,1270,109813801,109813800,1,109813801,17.514296771308683,positive,0.051094983420811,0.0550705480955389,342.7791849360911,18.877037590172627,,False,,,,,,,,,,,,-0.051094983420811,,False,False,,False,True,False,,True,False,False,positive_harmless,False,False,False,True,False,False,True,True,False,False,False,True,True,True,False,True,True,True,False,structural_positive_cap_missing_primitives
rawr2q_01270,cand_01270,1271,30982811,30982810,1,30982811,16.24894312479542,positive,0.054613516126674,0.059271953542285,297.52603892242723,17.634949556630186,,False,,,,,,,,,,,,-0.054613516126674,,False,False,,False,True,False,,True,False,False,positive_harmless,False,False,False,True,False,False,True,True,False,False,False,True,True,True,False,True,True,True,False,structural_positive_cap_missing_primitives
rawr2q_01271,cand_01271,1272,109682933,109682932,1,109682933,17.5131043342904,positive,0.0510980865521004,0.0544393555110509,342.735032092322,18.65827425816536,,False,,,,,,,,,,,,-0.0510980865521004,,False,False,,False,True,False,,True,False,False,positive_harmless,False,False,False,True,False,False,True,True,False,False,False,True,True,True,False,True,True,True,False,structural_positive_cap_missing_primitives
rawr2q_01272,cand_01272,1273,109684063,109684062,1,109684063,17.51311463666059,positive,0.0510980597401812,0.0544678837576993,342.7354135501365,18.668072664895835,,False,,,,,,,,,,,,-0.0510980597401812,,False,False,,False,True,False,,True,False,False,positive_harmless,False,False,False,True,False,False,True,True,False,False,False,True,True,True,False,True,True,True,False,structural_positive_cap_missing_primitives
rawr2q_01273,cand_01273,1274,33862223,33862222,1,33862223,16.33781058520176,positive,0.0543507258845843,0.057251626550972,300.59967588833416,17.20982038530213,,False,,,,,,,,,,,,-0.0543507258845843,,False,False,,False,True,False,,True,False,False,positive_harmless,False,False,False,True,False,False,True,True,False,False,False,True,True,True,False,True,True,True,False,structural_positive_cap_missing_primitives
rawr2q_01274,cand_01274,1275,1516681,1516680,1,1516681,13.23203495276382,positive,0.0653269881841982,0.0696452439290524,202.55081889669103,14.106701190089362,,False,,,,,,,,,,,,-0.0653269881841982,,False,False,,False,True,False,,True,False,False,positive_harmless,False,False,False,True,False,False,True,True,False,False,False,True,True,True,False,True,True,True,False,structural_positive_cap_missing_primitives
rawr2q_01275,cand_01275,1276,604849313,604849312,1,604849313,19.220489915550687,positive,0.0470090100708958,0.050311318429549,408.868212424887,20.57069883102897,,False,,,,,,,,,,,,-0.0470090100708958,,False,False,,False,True,False,,True,False,False,positive_harmless,False,False,True,False,False,False,True,True,False,False,False,True,True,True,False,True,True,True,False,structural_positive_cap_missing_primitives
rawr2q_01276,cand_01276,1277,604150787,604150786,1,604150787,19.219334372093368,positive,0.0470115568704726,0.0496766761936376,408.8214824505162,20.3088924046972,,False,,,,,,,,,,,,-0.0470115568704726,,False,False,,False,True,False,,True,False,False,positive_harmless,False,False,True,False,False,False,True,True,False,False,False,True,True,True,False,True,True,True,False,structural_positive_cap_missing_primitives
rawr2q_01277,cand_01277,1278,152981,152980,1,152981,10.938069009656688,positive,0.0767489581859055,0.0849231420569244,142.51749167932542,12.103033191479891,,False,,,,,,,,,,,,-0.0767489581859055,,False,False,,False,True,False,,True,False,False,positive_harmless,False,False,False,True,False,False,True,True,False,False,False,True,True,True,False,True,True,True,False,structural_positive_cap_missing_primitives
rawr2q_01278,cand_01278,1279,7048673,7048672,1,7048673,14.76834993012118,positive,0.0593963114457756,0.0645048251789462,248.64085951875265,16.038535175600064,,False,,,,,,,,,,,,-0.0593963114457756,,False,False,,False,True,False,,True,False,False,positive_harmless,False,False,False,True,False,False,True,True,False,False,False,True,True,True,False,True,True,True,False,structural_positive_cap_missing_primitives
rawr2q_01279,cand_01279,1280,109590289,109590288,1,109590289,17.51225932453802,positive,0.0511002857855021,0.0551190930242849,342.7037452989449,18.889519616903385,,False,,,,,,,,,,,,-0.0511002857855021,,False,False,,False,True,False,,True,False,False,positive_harmless,False,False,False,True,False,False,True,True,False,False,False,True,True,True,False,True,True,True,False,structural_positive_cap_missing_primitives
rawr2q_01280,cand_01280,1281,108548681,108548680,1,108548681,17.5027093031323,positive,0.0511251539134859,0.0536516899731995,342.3502515562185,18.3676695587411,,False,,,,,,,,,,,,-0.0511251539134859,,False,False,,False,True,False,,True,False,False,positive_harmless,False,False,False,True,False,False,True,True,False,False,False,True,True,True,False,True,True,True,False,structural_positive_cap_missing_primitives
rawr2q_01281,cand_01281,1282,604872803,604872802,1,604872803,19.22052875091576,positive,0.0470089244831412,0.0496609063716962,408.8697829666108,20.304844010120604,,False,,,,,,,,,,,,-0.0470089244831412,,False,False,,False,True,False,,True,False,False,positive_harmless,False,False,True,False,False,False,True,True,False,False,False,True,True,True,False,True,True,True,False,structural_positive_cap_missing_primitives
rawr2q_01282,cand_01282,1283,187509379,187509378,1,187509379,18.04933942345705,positive,0.049739506462409,0.0529500676287697,362.8773324700749,19.21437929523801,,False,,,,,,,,,,,,-0.049739506462409,,False,False,,False,True,False,,True,False,False,positive_harmless,False,False,False,True,False,False,True,True,False,False,False,True,True,True,False,True,True,True,False,structural_positive_cap_missing_primitives
rawr2q_01283,cand_01283,1284,604150567,604150566,1,604150567,19.2193340079458,positive,0.0470115576730914,0.049787894958497,408.8214677248736,20.354360291864577,,False,,,,,,,,,,,,-0.0470115576730914,,False,False,,False,True,False,,True,False,False,positive_harmless,False,False,True,False,False,False,True,True,False,False,False,True,True,True,False,True,True,True,False,structural_positive_cap_missing_primitives
rawr2q_01284,cand_01284,1285,30801559,30801558,1,30801559,16.24307586354593,positive,0.0546309552946383,0.0587082727437811,297.3236652360002,17.455358831855765,,False,,,,,,,,,,,,-0.0546309552946383,,False,False,,False,True,False,,True,False,False,positive_harmless,False,False,False,True,False,False,True,True,False,False,False,True,True,True,False,True,True,True,False,structural_positive_cap_missing_primitives
rawr2q_01285,cand_01285,1286,604365233,604365232,1,604365233,19.21968926354487,positive,0.0470107746660317,0.0496823151673968,408.8358339143117,20.311910752256324,,False,,,,,,,,,,,,-0.0470107746660317,,False,False,,False,True,False,,True,False,False,positive_harmless,False,False,True,False,False,False,True,True,False,False,False,True,True,True,False,True,True,True,False,structural_positive_cap_missing_primitives
rawr2q_01286,cand_01286,1287,179150141,179150140,1,179150141,18.003734788764884,positive,0.049852240900286,0.0525817042568226,361.14193592171273,18.98945846937188,,False,,,,,,,,,,,,-0.049852240900286,,False,False,,False,True,False,,True,False,False,positive_harmless,False,False,False,True,False,False,True,True,False,False,False,True,True,True,False,True,True,True,False,structural_positive_cap_missing_primitives
rawr2q_01287,cand_01287,1288,604848941,604848940,1,604848941,19.22048930052128,positive,0.0470090114263377,0.0501959749673639,408.8681875524956,20.523537307336515,,False,,,,,,,,,,,,-0.0470090114263377,,False,False,,False,True,False,,True,False,False,positive_harmless,False,False,True,False,False,False,True,True,False,False,False,True,True,True,False,True,True,True,False,structural_positive_cap_missing_primitives
rawr2q_01288,cand_01288,1289,179433659,179433658,1,179433659,18.00531610983449,positive,0.0498483233598672,0.0536015516780141,361.2020404347345,19.36098983656656,,False,,,,,,,,,,,,-0.0498483233598672,,False,False,,False,True,False,,True,False,False,positive_harmless,False,False,False,True,False,False,True,True,False,False,False,True,True,True,False,True,True,True,False,structural_positive_cap_missing_primitives
rawr2q_01289,cand_01289,1290,7112603,7112602,1,7112603,14.77737883885844,positive,0.0593646210358404,0.0644944161361092,248.92568302485807,16.054316587970412,,False,,,,,,,,,,,,-0.0593646210358404,,False,False,,False,True,False,,True,False,False,positive_harmless,False,False,False,True,False,False,True,True,False,False,False,True,True,True,False,True,True,True,False,structural_positive_cap_missing_primitives
rawr2q_01290,cand_01290,1291,179403041,179403040,1,179403041,18.005145458392903,positive,0.0498487460995805,0.0532051415742351,361.1955538946725,19.21746058095032,,False,,,,,,,,,,,,-0.0498487460995805,,False,False,,False,True,False,,True,False,False,positive_harmless,False,False,False,True,False,False,True,True,False,False,False,True,True,True,False,True,True,True,False,structural_positive_cap_missing_primitives
rawr2q_01291,cand_01291,1292,33903361,33903360,1,33903361,16.339024711978958,positive,0.0543471530227931,0.0580245314114383,300.64177796261697,17.444598288982526,,False,,,,,,,,,,,,-0.0543471530227931,,False,False,,False,True,False,,True,False,False,positive_harmless,False,False,False,True,False,False,True,True,False,False,False,True,True,True,False,True,True,True,False,structural_positive_cap_missing_primitives
rawr2q_01292,cand_01292,1293,604863731,604863730,1,604863731,19.220513752608696,positive,0.0470089575372915,0.0499184438155427,408.8691764194374,20.410113011000902,,False,,,,,,,,,,,,-0.0470089575372915,,False,False,,False,True,False,,True,False,False,positive_harmless,False,False,True,False,False,False,True,True,False,False,False,True,True,True,False,True,True,True,False,structural_positive_cap_missing_primitives
rawr2q_01293,cand_01293,1294,3439283,3439282,1,3439283,14.050773577392423,positive,0.0620272591049753,0.0679278337612325,226.52578527793392,15.387405884992145,,False,,,,,,,,,,,,-0.0620272591049753,,False,False,,False,True,False,,True,False,False,positive_harmless,False,False,False,True,False,False,True,True,False,False,False,True,True,True,False,True,True,True,False,structural_positive_cap_missing_primitives
rawr2q_01294,cand_01294,1295,179471219,179471218,1,179471219,18.005525413203934,positive,0.0498478048809097,0.0526245268308028,361.2099962319406,19.00850513826193,,False,,,,,,,,,,,,-0.0498478048809097,,False,False,,False,True,False,,True,False,False,positive_harmless,False,False,False,True,False,False,True,True,False,False,False,True,True,True,False,True,True,True,False,structural_positive_cap_missing_primitives
rawr2q_01295,cand_01295,1296,178913221,178913220,1,178913221,18.002411447369376,positive,0.049855519797499,0.0522538393662541,361.0916408151147,18.86842459565013,,False,,,,,,,,,,,,-0.049855519797499,,False,False,,False,True,False,,True,False,False,positive_harmless,False,False,False,True,False,False,True,True,False,False,False,True,True,True,False,True,True,True,False,structural_positive_cap_missing_primitives
rawr2q_01296,cand_01296,1297,187418041,187418040,1,187418041,18.04885219314561,positive,0.0497407082080395,0.0529970796372931,362.8587698763083,19.230455124224925,,False,,,,,,,,,,,,-0.0497407082080395,,False,False,,False,True,False,,True,False,False,positive_harmless,False,False,False,True,False,False,True,True,False,False,False,True,True,True,False,True,True,True,False,structural_positive_cap_missing_primitives
rawr2q_01297,cand_01297,1298,179403503,179403502,1,179403503,18.00514803359677,positive,0.0498487397202028,0.0521564528207961,361.19565177892736,18.83868397108432,,False,,,,,,,,,,,,-0.0498487397202028,,False,False,,False,True,False,,True,False,False,positive_harmless,False,False,False,True,False,False,True,True,False,False,False,True,True,True,False,True,True,True,False,structural_positive_cap_missing_primitives
rawr2q_01298,cand_01298,1299,604872721,604872720,1,604872721,19.22052861535005,positive,0.0470089247819086,0.0495427167337329,408.8697774841904,20.25651956688365,,False,,,,,,,,,,,,-0.0470089247819086,,False,False,,False,True,False,,True,False,False,positive_harmless,False,False,True,False,False,False,True,True,False,False,False,True,True,True,False,True,True,True,False,structural_positive_cap_missing_primitives
rawr2q_01299,cand_01299,1300,179147951,179147950,1,179147951,18.00372256430682,positive,0.0498522711873599,0.0520211942136487,361.1414713011442,18.78701061715966,,False,,,,,,,,,,,,-0.0498522711873599,,False,False,,False,True,False,,True,False,False,positive_harmless,False,False,False,True,False,False,True,True,False,False,False,True,True,True,False,True,True,True,False,structural_positive_cap_missing_primitives
rawr2q_01300,cand_01300,1301,109707979,109707978,1,109707979,17.5133326573315,positive,0.0510974923479413,0.054225219869463,342.743486081017,18.585340891569377,,False,,,,,,,,,,,,-0.0510974923479413,,False,False,,False,True,False,,True,False,False,positive_harmless,False,False,False,True,False,False,True,True,False,False,False,True,True,True,False,True,True,True,False,structural_positive_cap_missing_primitives
rawr2q_01301,cand_01301,1302,179412287,179412286,1,179412287,18.00519699465282,positive,0.0498486184326118,0.0527055774267524,361.1975128055606,19.037123477523867,,False,,,,,,,,,,,,-0.0498486184326118,,False,False,,False,True,False,,True,False,False,positive_harmless,False,False,False,True,False,False,True,True,False,False,False,True,True,True,False,True,True,True,False,structural_positive_cap_missing_primitives
rawr2q_01302,cand_01302,1303,30336851,30336850,1,30336851,16.227873736122326,positive,0.0546761919700428,0.0592436076200475,296.79963346777345,17.58348102693869,,False,,,,,,,,,,,,-0.0546761919700428,,False,False,,False,True,False,,True,False,False,positive_harmless,False,False,False,True,False,False,True,True,False,False,False,True,True,True,False,True,True,True,False,structural_positive_cap_missing_primitives
rawr2q_01303,cand_01303,1304,604157051,604157050,1,604157051,19.21934474031213,positive,0.0470115340178585,0.0505596791837698,408.821901727588,20.669904194645515,,False,,,,,,,,,,,,-0.0470115340178585,,False,False,,False,True,False,,True,False,False,positive_harmless,False,False,True,False,False,False,True,True,False,False,False,True,True,True,False,True,True,True,False,structural_positive_cap_missing_primitives
rawr2q_01304,cand_01304,1305,33840967,33840966,1,33840967,16.337182667944138,positive,0.0543525738665597,0.0584477315502231,300.5779028616626,17.568096576387493,,False,,,,,,,,,,,,-0.0543525738665597,,False,False,,False,True,False,,True,False,False,positive_harmless,False,False,False,True,False,False,True,True,False,False,False,True,True,True,False,True,True,True,False,structural_positive_cap_missing_primitives
rawr2q_01305,cand_01305,1306,3281351,3281350,1,3281351,14.003765785800727,positive,0.0622077203338946,0.0683376306427934,225.11298775516457,15.38368821010811,,False,,,,,,,,,,,,-0.0622077203338946,,False,False,,False,True,False,,True,False,False,positive_harmless,False,False,False,True,False,False,True,True,False,False,False,True,True,True,False,True,True,True,False,structural_positive_cap_missing_primitives
rawr2q_01306,cand_01306,1307,604693021,604693020,1,604693021,19.22023148391672,positive,0.0470095796262624,0.0498401401261492,408.8577612631767,20.377528113020382,,False,,,,,,,,,,,,-0.0470095796262624,,False,False,,False,True,False,,True,False,False,positive_harmless,False,False,True,False,False,False,True,True,False,False,False,True,True,True,False,True,True,True,False,structural_positive_cap_missing_primitives
rawr2q_01307,cand_01307,1308,30786757,30786756,1,30786757,16.24259518794879,positive,0.0546323844906027,0.0583182528591598,297.3070888154748,17.33842998236154,,False,,,,,,,,,,,,-0.0546323844906027,,False,False,,False,True,False,,True,False,False,positive_harmless,False,False,False,True,False,False,True,True,False,False,False,True,True,True,False,True,True,True,False,structural_positive_cap_missing_primitives
rawr2q_01308,cand_01308,1309,3279763,3279762,1,3279763,14.003281721652169,positive,0.0622095840689042,0.0663858194344287,225.0984624192621,14.943345881132666,,False,,,,,,,,,,,,-0.0622095840689042,,False,False,,False,True,False,,True,False,False,positive_harmless,False,False,False,True,False,False,True,True,False,False,False,True,True,True,False,True,True,True,False,structural_positive_cap_missing_primitives
rawr2q_01309,cand_01309,1310,30788371,30788370,1,30788371,16.242647611713153,positive,0.0546322286150565,0.0595914878654254,297.3088966617173,17.71707950769974,,False,,,,,,,,,,,,-0.0546322286150565,,False,False,,False,True,False,,True,False,False,positive_harmless,False,False,False,True,False,False,True,True,False,False,False,True,True,True,False,True,True,True,False,structural_positive_cap_missing_primitives
rawr2q_01310,cand_01310,1311,179156687,179156686,1,179156687,18.003771327281537,positive,0.0498521503734031,0.0535436359751333,361.1433246596079,19.336926710423427,,False,,,,,,,,,,,,-0.0498521503734031,,False,False,,False,True,False,,True,False,False,positive_harmless,False,False,False,True,False,False,True,True,False,False,False,True,True,True,False,True,True,True,False,structural_positive_cap_missing_primitives
rawr2q_01311,cand_01311,1312,108530111,108530110,1,108530111,17.50253821318036,positive,0.0511255996493196,0.0541566545571068,342.3439203301994,18.5402014330483,,False,,,,,,,,,,,,-0.0511255996493196,,False,False,,False,True,False,,True,False,False,positive_harmless,False,False,False,True,False,False,True,True,False,False,False,True,True,True,False,True,True,True,False,structural_positive_cap_missing_primitives
rawr2q_01312,cand_01312,1313,604814333,604814332,1,604814333,19.220432081292174,positive,0.0470091375301505,0.0503872665449815,408.86587355414974,20.60163375191965,,False,,,,,,,,,,,,-0.0470091375301505,,False,False,,False,True,False,,True,False,False,positive_harmless,False,False,True,False,False,False,True,True,False,False,False,True,True,True,False,True,True,True,False,structural_positive_cap_missing_primitives
rawr2q_01313,cand_01313,1314,33925037,33925036,1,33925037,16.33966385432573,positive,0.0543452723797207,0.0578964651790368,300.6639425810103,17.407379482233384,,False,,,,,,,,,,,,-0.0543452723797207,,False,False,,False,True,False,,True,False,False,positive_harmless,False,False,False,True,False,False,True,True,False,False,False,True,True,True,False,True,True,True,False,structural_positive_cap_missing_primitives
rawr2q_01314,cand_01314,1315,22052803,22052802,1,22052803,15.908950271959448,positive,0.0556427044870766,0.0601179768373061,285.9125992995975,17.188487022187182,,False,,,,,,,,,,,,-0.0556427044870766,,False,False,,False,True,False,,True,False,False,positive_harmless,False,False,False,True,False,False,True,True,False,False,False,True,True,True,False,True,True,True,False,structural_positive_cap_missing_primitives
rawr2q_01315,cand_01315,1316,39692819,39692818,1,39692819,16.496680847684278,positive,0.0538871521382042,0.0573527406205413,306.1338406857218,17.557614760018314,,False,,,,,,,,,,,,-0.0538871521382042,,False,False,,False,True,False,,True,False,False,positive_harmless,False,False,False,True,False,False,True,True,False,False,False,True,True,True,False,True,True,True,False,structural_positive_cap_missing_primitives
rawr2q_01316,cand_01316,1317,187422727,187422726,1,187422727,18.048877195762188,positive,0.0497406465380841,0.0529843065624039,362.8597224192287,19.2258707718092,,False,,,,,,,,,,,,-0.0497406465380841,,False,False,,False,True,False,,True,False,False,positive_harmless,False,False,False,True,False,False,True,True,False,False,False,True,True,True,False,True,True,True,False,structural_positive_cap_missing_primitives
rawr2q_01317,cand_01317,1318,604692973,604692972,1,604692973,19.22023140453759,positive,0.0470095798012075,0.0494478777454631,408.85775805304814,20.217148435491257,,False,,,,,,,,,,,,-0.0470095798012075,,False,False,,False,True,False,,True,False,False,positive_harmless,False,False,True,False,False,False,True,True,False,False,False,True,True,True,False,True,True,True,False,structural_positive_cap_missing_primitives
rawr2q_01318,cand_01318,1319,604141757,604141756,1,604141757,19.21931942538192,positive,0.0470115898145915,0.0503036784341892,408.8208780256266,20.565193985384006,,False,,,,,,,,,,,,-0.0470115898145915,,False,False,,False,True,False,,True,False,False,positive_harmless,False,False,True,False,False,False,True,True,False,False,False,True,True,True,False,True,True,True,False,structural_positive_cap_missing_primitives
rawr2q_01319,cand_01319,1320,179378609,179378608,1,179378609,18.005009264136387,positive,0.0498490834866857,0.0526234060396044,361.1903771299099,19.007067873305093,,False,,,,,,,,,,,,-0.0498490834866857,,False,False,,False,True,False,,True,False,False,positive_harmless,False,False,False,True,False,False,True,True,False,False,False,True,True,True,False,True,True,True,False,structural_positive_cap_missing_primitives
rawr2q_01320,cand_01320,1321,30784867,30784866,1,30784867,16.242533796032262,positive,0.0546325670329603,0.0572404470284414,297.30497170731473,17.017869484304818,,False,,,,,,,,,,,,-0.0546325670329603,,False,False,,False,True,False,,True,False,False,positive_harmless,False,False,False,True,False,False,True,True,False,False,False,True,True,True,False,True,True,True,False,structural_positive_cap_missing_primitives
rawr2q_01321,cand_01321,1322,30981373,30981372,1,30981373,16.24889671088637,positive,0.0546136540385013,0.0585806801571067,297.52443774282665,17.429183926335533,,False,,,,,,,,,,,,-0.0546136540385013,,False,False,,False,True,False,,True,False,False,positive_harmless,False,False,False,True,False,False,True,True,False,False,False,True,True,True,False,True,True,True,False,structural_positive_cap_missing_primitives
rawr2q_01322,cand_01322,1323,109814591,109814590,1,109814591,17.5143039652784,positive,0.0510949647007668,0.0549911817700453,342.77945131872326,18.849847114504303,,False,,,,,,,,,,,,-0.0510949647007668,,False,False,,False,True,False,,True,False,False,positive_harmless,False,False,False,True,False,False,True,True,False,False,False,True,True,True,False,True,True,True,False,structural_positive_cap_missing_primitives
rawr2q_01323,cand_01323,1324,108830327,108830326,1,108830327,17.505300594353937,positive,0.0511184038421409,0.0538629340791559,342.4461500873962,18.445154407818148,,False,,,,,,,,,,,,-0.0511184038421409,,False,False,,False,True,False,,True,False,False,positive_harmless,False,False,False,True,False,False,True,True,False,False,False,True,True,True,False,True,True,True,False,structural_positive_cap_missing_primitives
rawr2q_01324,cand_01324,1325,76024181,76024180,1,76024181,17.14656201869756,positive,0.0520700913995474,0.0558149218049393,329.29771309843693,18.379726107134594,,False,,,,,,,,,,,,-0.0520700913995474,,False,False,,False,True,False,,True,False,False,positive_harmless,False,False,False,True,False,False,True,True,False,False,False,True,True,True,False,True,True,True,False,structural_positive_cap_missing_primitives
rawr2q_01325,cand_01325,1326,108548647,108548646,1,108548647,17.50270898990873,positive,0.0511251547295114,0.0538273325308029,342.35023996524933,18.427800208609643,,False,,,,,,,,,,,,-0.0511251547295114,,False,False,,False,True,False,,True,False,False,positive_harmless,False,False,False,True,False,False,True,True,False,False,False,True,True,True,False,True,True,True,False,structural_positive_cap_missing_primitives
rawr2q_01326,cand_01326,1327,604811069,604811068,1,604811069,19.220426684580108,positive,0.0470091494238438,0.0499183874873,408.8656553064793,20.40991421183768,,False,,,,,,,,,,,,-0.0470091494238438,,False,False,,False,True,False,,True,False,False,positive_harmless,False,False,True,False,False,False,True,True,False,False,False,True,True,True,False,True,True,True,False,structural_positive_cap_missing_primitives
rawr2q_01327,cand_01327,1328,604872761,604872760,1,604872761,19.220528681479667,positive,0.0470089246361684,0.0494935673334156,408.86978015854186,20.236423994875626,,False,,,,,,,,,,,,-0.0470089246361684,,False,False,,False,True,False,,True,False,False,positive_harmless,False,False,True,False,False,False,True,True,False,False,False,True,True,True,False,True,True,True,False,structural_positive_cap_missing_primitives
rawr2q_01328,cand_01328,1329,604435823,604435822,1,604435823,19.219806056957204,positive,0.0470105172512328,0.049709562660962,408.8405569809632,20.3232852855878,,False,,,,,,,,,,,,-0.0470105172512328,,False,False,,False,True,False,,True,False,False,positive_harmless,False,False,True,False,False,False,True,True,False,False,False,True,True,True,False,True,True,True,False,structural_positive_cap_missing_primitives
rawr2q_01329,cand_01329,1330,109707929,109707928,1,109707929,17.51333220157603,positive,0.0510974935340181,0.0545746808720723,342.743469205912,18.705115452899584,,False,,,,,,,,,,,,-0.0510974935340181,,False,False,,False,True,False,,True,False,False,positive_harmless,False,False,False,True,False,False,True,True,False,False,False,True,True,True,False,True,True,True,False,structural_positive_cap_missing_primitives
rawr2q_01330,cand_01330,1331,30820781,30820780,1,30820781,16.24369972822304,positive,0.0546291004646488,0.0585632845316376,297.3451803171193,17.413510399022545,,False,,,,,,,,,,,,-0.0546291004646488,,False,False,,False,True,False,,True,False,False,positive_harmless,False,False,False,True,False,False,True,True,False,False,False,True,True,True,False,True,True,True,False,structural_positive_cap_missing_primitives
rawr2q_01331,cand_01331,1332,179472173,179472172,1,179472173,18.00553072880534,positive,0.0498477917134285,0.0527462500459147,361.210198283564,19.052483437799296,,False,,,,,,,,,,,,-0.0498477917134285,,False,False,,False,True,False,,True,False,False,positive_harmless,False,False,False,True,False,False,True,True,False,False,False,True,True,True,False,True,True,True,False,structural_positive_cap_missing_primitives
rawr2q_01332,cand_01332,1333,179436143,179436142,1,179436143,18.005329953295192,positive,0.0498482890670005,0.052928728109095,361.2025666336194,19.11799244165811,,False,,,,,,,,,,,,-0.0498482890670005,,False,False,,False,True,False,,True,False,False,positive_harmless,False,False,False,True,False,False,True,True,False,False,False,True,True,True,False,True,True,True,False,structural_positive_cap_missing_primitives
rawr2q_01333,cand_01333,1334,109670909,109670908,1,109670909,17.512994703203912,positive,0.0510983718687484,0.0547446275199418,342.7309728808561,18.76267944990974,,False,,,,,,,,,,,,-0.0510983718687484,,False,False,,False,True,False,,True,False,False,positive_harmless,False,False,False,True,False,False,True,True,False,False,False,True,True,True,False,True,True,True,False,structural_positive_cap_missing_primitives
rawr2q_01334,cand_01334,1335,179142281,179142280,1,179142281,18.0036909139882,positive,0.0498523496037297,0.0529566148345837,361.1402683543977,19.12476609250204,,False,,,,,,,,,,,,-0.0498523496037297,,False,False,,False,True,False,,True,False,False,positive_harmless,False,False,False,True,False,False,True,True,False,False,False,True,True,True,False,True,True,True,False,structural_positive_cap_missing_primitives
rawr2q_01335,cand_01335,1336,40869427,40869426,1,40869427,16.525892835378563,positive,0.0538027691277393,0.0564929886994933,307.1569196771737,17.352212392293744,,False,,,,,,,,,,,,-0.0538027691277393,,False,False,,False,True,False,,True,False,False,positive_harmless,False,False,False,True,False,False,True,True,False,False,False,True,True,True,False,True,True,True,False,structural_positive_cap_missing_primitives
rawr2q_01336,cand_01336,1337,109814087,109814086,1,109814087,17.514299375713826,positive,0.0510949766436639,0.0541177557023,342.77928137355724,18.550445409184125,,False,,,,,,,,,,,,-0.0510949766436639,,False,False,,False,True,False,,True,False,False,positive_harmless,False,False,False,True,False,False,True,True,False,False,False,True,True,True,False,True,True,True,False,structural_positive_cap_missing_primitives
rawr2q_01337,cand_01337,1338,604693499,604693498,1,604693499,19.22023227440014,positive,0.0470095778841015,0.0494467000853943,408.857793230693,20.21666867945424,,False,,,,,,,,,,,,-0.0470095778841015,,False,False,,False,True,False,,True,False,False,positive_harmless,False,False,True,False,False,False,True,True,False,False,False,True,True,True,False,True,True,True,False,structural_positive_cap_missing_primitives
rawr2q_01338,cand_01338,1339,604724507,604724506,1,604724507,19.220283551956538,positive,0.047009464872828,0.0494887973511942,408.8598669215241,20.23398309911553,,False,,,,,,,,,,,,-0.047009464872828,,False,False,,False,True,False,,True,False,False,positive_harmless,False,False,True,False,False,False,True,True,False,False,False,True,True,True,False,True,True,True,False,structural_positive_cap_missing_primitives
rawr2q_01339,cand_01339,1340,179470367,179470366,1,179470367,18.00552066591338,positive,0.0498478166406121,0.0527362003664106,361.20981578246057,19.048833219418103,,False,,,,,,,,,,,,-0.0498478166406121,,False,False,,False,True,False,,True,False,False,positive_harmless,False,False,False,True,False,False,True,True,False,False,False,True,True,True,False,True,True,True,False,structural_positive_cap_missing_primitives
rawr2q_01340,cand_01340,1341,109670989,109670988,1,109670989,17.51299543265871,positive,0.0510983699703202,0.0541830118855111,342.7309998896422,18.570197840553583,,False,,,,,,,,,,,,-0.0510983699703202,,False,False,,False,True,False,,True,False,False,positive_harmless,False,False,False,True,False,False,True,True,False,False,False,True,True,True,False,True,True,True,False,structural_positive_cap_missing_primitives
rawr2q_01341,cand_01341,1342,178013933,178013932,1,178013933,17.99737238047391,positive,0.0498680092355905,0.05302054803335,360.9001573623929,19.135124128676328,,False,,,,,,,,,,,,-0.0498680092355905,,False,False,,False,True,False,,True,False,False,positive_harmless,False,False,False,True,False,False,True,True,False,False,False,True,True,True,False,True,True,True,False,structural_positive_cap_missing_primitives
rawr2q_01342,cand_01342,1343,108546583,108546582,1,108546583,17.50268997521181,positive,0.0511252042675848,0.0543539863466006,342.3495363188038,18.60806202283731,,False,,,,,,,,,,,,-0.0511252042675848,,False,False,,False,True,False,,True,False,False,positive_harmless,False,False,False,True,False,False,True,True,False,False,False,True,True,True,False,True,True,True,False,structural_positive_cap_missing_primitives
rawr2q_01343,cand_01343,1344,12783679,12783678,1,12783679,15.363679837161056,positive,0.057376400698767,0.0616775499862131,267.7700178131112,16.51539865847734,,False,,,,,,,,,,,,-0.057376400698767,,False,False,,False,True,False,,True,False,False,positive_harmless,False,False,False,True,False,False,True,True,False,False,False,True,True,True,False,True,True,True,False,structural_positive_cap_missing_primitives
rawr2q_01344,cand_01344,1345,604872871,604872870,1,604872871,19.22052886333608,positive,0.0470089242353829,0.0498183210010096,408.8697875130076,20.3692063219376,,False,,,,,,,,,,,,-0.0470089242353829,,False,False,,False,True,False,,True,False,False,positive_harmless,False,False,True,False,False,False,True,True,False,False,False,True,True,True,False,True,True,True,False,structural_positive_cap_missing_primitives
rawr2q_01345,cand_01345,1346,604829737,604829736,1,604829737,19.22045754994098,positive,0.0470090814004449,0.049331855490779,408.8669035289652,20.17016299985319,,False,,,,,,,,,,,,-0.0470090814004449,,False,False,,False,True,False,,True,False,False,positive_harmless,False,False,True,False,False,False,True,True,False,False,False,True,True,True,False,True,True,True,False,structural_positive_cap_missing_primitives
rawr2q_01346,cand_01346,1347,31019041,31019040,1,31019041,16.25011179969641,positive,0.0546100438166294,0.0577898285461326,297.5663571020253,17.196308758023306,,False,,,,,,,,,,,,-0.0546100438166294,,False,False,,False,True,False,,True,False,False,positive_harmless,False,False,False,True,False,False,True,True,False,False,False,True,True,True,False,True,True,True,False,structural_positive_cap_missing_primitives
rawr2q_01347,cand_01347,1348,108547721,108547720,1,108547721,17.502700459134967,positive,0.0511251769543133,0.0547403112391326,342.3499242804733,18.74034140780659,,False,,,,,,,,,,,,-0.0511251769543133,,False,False,,False,True,False,,True,False,False,positive_harmless,False,False,False,True,False,False,True,True,False,False,False,True,True,True,False,True,True,True,False,structural_positive_cap_missing_primitives
rawr2q_01348,cand_01348,1349,179471077,179471076,1,179471077,18.005524621990407,positive,0.0498478068408559,0.053549907961841,361.2099661570836,19.34276044261153,,False,,,,,,,,,,,,-0.0498478068408559,,False,False,,False,True,False,,True,False,False,positive_harmless,False,False,False,True,False,False,True,True,False,False,False,True,True,True,False,True,True,True,False,structural_positive_cap_missing_primitives
rawr2q_01349,cand_01349,1350,187494557,187494556,1,187494557,18.049260373620047,positive,0.0497397014336121,0.0521716934346017,362.874320781971,18.931767819126307,,False,,,,,,,,,,,,-0.0497397014336121,,False,False,,False,True,False,,True,False,False,positive_harmless,False,False,False,True,False,False,True,True,False,False,False,True,True,True,False,True,True,True,False,structural_positive_cap_missing_primitives
rawr2q_01350,cand_01350,1351,108810833,108810832,1,108810833,17.505121455444257,positive,0.0511188704251096,0.0544069612487653,342.43952008074336,18.63109369907879,,False,,,,,,,,,,,,-0.0511188704251096,,False,False,,False,True,False,,True,False,False,positive_harmless,False,False,False,True,False,False,True,True,False,False,False,True,True,True,False,True,True,True,False,structural_positive_cap_missing_primitives
rawr2q_01351,cand_01351,1352,604365313,604365312,1,604365313,19.21968939591515,positive,0.0470107743742836,0.050155433312829,408.8358392672836,20.50533867226472,,False,,,,,,,,,,,,-0.0470107743742836,,False,False,,False,True,False,,True,False,False,positive_harmless,False,False,True,False,False,False,True,True,False,False,False,True,True,True,False,True,True,True,False,structural_positive_cap_missing_primitives
rawr2q_01352,cand_01352,1353,178014229,178014228,1,178014229,17.99737404326372,positive,0.0498680051133009,0.0537108569243626,360.9002205396701,19.38426010937713,,False,,,,,,,,,,,,-0.0498680051133009,,False,False,,False,True,False,,True,False,False,positive_harmless,False,False,False,True,False,False,True,True,False,False,False,True,True,True,False,True,True,True,False,structural_positive_cap_missing_primitives
rawr2q_01353,cand_01353,1354,179471603,179471602,1,179471603,18.00552755282048,positive,0.0498477995807823,0.0527741458847167,361.2100775610184,19.06255332823501,,False,,,,,,,,,,,,-0.0498477995807823,,False,False,,False,True,False,,True,False,False,positive_harmless,False,False,False,True,False,False,True,True,False,False,False,True,True,True,False,True,True,True,False,structural_positive_cap_missing_primitives
rawr2q_01354,cand_01354,1355,33926017,33926016,1,33926017,16.33969274112829,positive,0.0543451873848696,0.0584126910881438,300.66494435673707,17.562648515744026,,False,,,,,,,,,,,,-0.0543451873848696,,False,False,,False,True,False,,True,False,False,positive_harmless,False,False,False,True,False,False,True,True,False,False,False,True,True,True,False,True,True,True,False,structural_positive_cap_missing_primitives
rawr2q_01355,cand_01355,1356,604325297,604325296,1,604325297,19.21962318211373,positive,0.0470109203119493,0.0493727444809386,408.8331616266709,20.18521522432789,,False,,,,,,,,,,,,-0.0470109203119493,,False,False,,False,True,False,,True,False,False,positive_harmless,False,False,True,False,False,False,True,True,False,False,False,True,True,True,False,True,True,True,False,structural_positive_cap_missing_primitives
rawr2q_01356,cand_01356,1357,604203811,604203810,1,604203811,19.219422134411023,positive,0.0470113634340528,0.0502871937555969,408.8250314495104,20.558663568639524,,False,,,,,,,,,,,,-0.0470113634340528,,False,False,,False,True,False,,True,False,False,positive_harmless,False,False,True,False,False,False,True,True,False,False,False,True,True,True,False,True,True,True,False,structural_positive_cap_missing_primitives
rawr2q_01357,cand_01357,1358,109496249,109496248,1,109496249,17.51140085092633,positive,0.0511025202532731,0.0535116384711465,342.671961463676,18.33693811604288,,False,,,,,,,,,,,,-0.0511025202532731,,False,False,,False,True,False,,True,False,False,positive_harmless,False,False,False,True,False,False,True,True,False,False,False,True,True,True,False,True,True,True,False,structural_positive_cap_missing_primitives
rawr2q_01358,cand_01358,1359,178894523,178894522,1,178894523,18.00230693314166,positive,0.0498557787749986,0.0521002272389071,361.0876687813236,18.81274959667418,,False,,,,,,,,,,,,-0.0498557787749986,,False,False,,False,True,False,,True,False,False,positive_harmless,False,False,False,True,False,False,True,True,False,False,False,True,True,True,False,True,True,True,False,structural_positive_cap_missing_primitives
rawr2q_01359,cand_01359,1360,179403113,179403112,1,179403113,18.00514585972381,positive,0.0498487451053906,0.0529308585804796,361.1955691493774,19.11839159054153,,False,,,,,,,,,,,,-0.0498487451053906,,False,False,,False,True,False,,True,False,False,positive_harmless,False,False,False,True,False,False,True,True,False,False,False,True,True,True,False,True,True,True,False,structural_positive_cap_missing_primitives
rawr2q_01360,cand_01360,1361,187420867,187420866,1,187420867,18.048867271623,positive,0.0497406710163527,0.0522054063825808,362.8593443319098,18.94321953056417,,False,,,,,,,,,,,,-0.0497406710163527,,False,False,,False,True,False,,True,False,False,positive_harmless,False,False,False,True,False,False,True,True,False,False,False,True,True,True,False,True,True,True,False,structural_positive_cap_missing_primitives
rawr2q_01361,cand_01361,1362,187422143,187422142,1,187422143,18.04887407980652,positive,0.0497406542237053,0.0521111993927147,362.8596037083244,18.90904916040593,,False,,,,,,,,,,,,-0.0497406542237053,,False,False,,False,True,False,,True,False,False,positive_harmless,False,False,False,True,False,False,True,True,False,False,False,True,True,True,False,True,True,True,False,structural_positive_cap_missing_primitives
rawr2q_01362,cand_01362,1363,604193621,604193620,1,604193621,19.219405269098782,positive,0.0470114006066674,0.0499190291734341,408.8243494360596,20.40811462630888,,False,,,,,,,,,,,,-0.0470114006066674,,False,False,,False,True,False,,True,False,False,positive_harmless,False,False,True,False,False,False,True,True,False,False,False,True,True,True,False,True,True,True,False,structural_positive_cap_missing_primitives
rawr2q_01363,cand_01363,1364,604322441,604322440,1,604322441,19.21961845617099,positive,0.0470109307281363,0.0507092541027113,408.8329705131306,20.73161498731661,,False,,,,,,,,,,,,-0.0470109307281363,,False,False,,False,True,False,,True,False,False,positive_harmless,False,False,True,False,False,False,True,True,False,False,False,True,True,True,False,True,True,True,False,structural_positive_cap_missing_primitives
rawr2q_01364,cand_01364,1365,178911907,178911906,1,178911907,18.00240410299975,positive,0.049855537996144,0.0531472480322193,361.0913616937018,19.19101216222698,,False,,,,,,,,,,,,-0.049855537996144,,False,False,,False,True,False,,True,False,False,positive_harmless,False,False,False,True,False,False,True,True,False,False,False,True,True,True,False,True,True,True,False,structural_positive_cap_missing_primitives
rawr2q_01365,cand_01365,1366,40860823,40860822,1,40860823,16.52568228909902,positive,0.0538033763792191,0.0582185007319345,307.14953969843907,17.88178570174692,,False,,,,,,,,,,,,-0.0538033763792191,,False,False,,False,True,False,,True,False,False,positive_harmless,False,False,False,True,False,False,True,True,False,False,False,True,True,True,False,True,True,True,False,structural_positive_cap_missing_primitives
rawr2q_01366,cand_01366,1367,109816297,109816296,1,109816297,17.514319500433903,positive,0.051094924275456,0.0545469035286039,342.7800265641472,18.69758904052681,,False,,,,,,,,,,,,-0.051094924275456,,False,False,,False,True,False,,True,False,False,positive_harmless,False,False,False,True,False,False,True,True,False,False,False,True,True,True,False,True,True,True,False,structural_positive_cap_missing_primitives
rawr2q_01367,cand_01367,1368,108835807,108835806,1,108835807,17.50535094669769,positive,0.0511182726965826,0.0548551884607386,342.44801366044504,18.7850503273493,,False,,,,,,,,,,,,-0.0511182726965826,,False,False,,False,True,False,,True,False,False,positive_harmless,False,False,False,True,False,False,True,True,False,False,False,True,True,True,False,True,True,True,False,structural_positive_cap_missing_primitives
rawr2q_01368,cand_01368,1369,3457109,3457108,1,3457109,14.055943248635216,positive,0.0620074764310298,0.0653525952476683,226.68142710612435,14.81421955583037,,False,,,,,,,,,,,,-0.0620074764310298,,False,False,,False,True,False,,True,False,False,positive_harmless,False,False,False,True,False,False,True,True,False,False,False,True,True,True,False,True,True,True,False,structural_positive_cap_missing_primitives
rawr2q_01369,cand_01369,1370,30400861,30400860,1,30400861,16.2299814883438,positive,0.0546699155190733,0.0575329823642898,296.87226208867,17.079946619194274,,False,,,,,,,,,,,,-0.0546699155190733,,False,False,,False,True,False,,True,False,False,positive_harmless,False,False,False,True,False,False,True,True,False,False,False,True,True,True,False,True,True,True,False,structural_positive_cap_missing_primitives
rawr2q_01370,cand_01370,1371,108540833,108540832,1,108540833,17.502637001160096,positive,0.0511253422788332,0.0545025391870085,342.34757599669865,18.65881217633744,,False,,,,,,,,,,,,-0.0511253422788332,,False,False,,False,True,False,,True,False,False,positive_harmless,False,False,False,True,False,False,True,True,False,False,False,True,True,True,False,True,True,True,False,structural_positive_cap_missing_primitives
rawr2q_01371,cand_01371,1372,7113889,7113888,1,7113889,14.777559628332542,positive,0.0593639868295205,0.0641203855136659,248.9313878255889,15.96157655382864,,False,,,,,,,,,,,,-0.0593639868295205,,False,False,,False,True,False,,True,False,False,positive_harmless,False,False,False,True,False,False,True,True,False,False,False,True,True,True,False,True,True,True,False,structural_positive_cap_missing_primitives
rawr2q_01372,cand_01372,1373,178011433,178011432,1,178011433,17.99735833653076,positive,0.0498680440525264,0.052388894647438,360.8996237665547,18.90713236780605,,False,,,,,,,,,,,,-0.0498680440525264,,False,False,,False,True,False,,True,False,False,positive_harmless,False,False,False,True,False,False,True,True,False,False,False,True,True,True,False,True,True,True,False,structural_positive_cap_missing_primitives
rawr2q_01373,cand_01373,1374,108526073,108526072,1,108526073,17.50250100622384,positive,0.0511256965845808,0.0535427410084577,342.34254348531414,18.32995814201084,,False,,,,,,,,,,,,-0.0511256965845808,,False,False,,False,True,False,,True,False,False,positive_harmless,False,False,False,True,False,False,True,True,False,False,False,True,True,True,False,True,True,True,False,structural_positive_cap_missing_primitives
rawr2q_01374,cand_01374,1375,604150991,604150990,1,604150991,19.21933470975736,positive,0.0470115561262263,0.0504467663969889,408.82149610519866,20.623722512086463,,False,,,,,,,,,,,,-0.0470115561262263,,False,False,,False,True,False,,True,False,False,positive_harmless,False,False,True,False,False,False,True,True,False,False,False,True,True,True,False,True,True,True,False,structural_positive_cap_missing_primitives
rawr2q_01375,cand_01375,1376,179660891,179660890,1,179660891,18.006581693120733,positive,0.0498451884653734,0.053207259258924,361.2501476572722,19.22113026372506,,False,,,,,,,,,,,,-0.0498451884653734,,False,False,,False,True,False,,True,False,False,positive_harmless,False,False,False,True,False,False,True,True,False,False,False,True,True,True,False,True,True,True,False,structural_positive_cap_missing_primitives
rawr2q_01376,cand_01376,1377,604687079,604687078,1,604687079,19.22022165739484,positive,0.0470096012831252,0.0502780299133259,408.8573638741794,20.55654277114957,,False,,,,,,,,,,,,-0.0470096012831252,,False,False,,False,True,False,,True,False,False,positive_harmless,False,False,True,False,False,False,True,True,False,False,False,True,True,True,False,True,True,True,False,structural_positive_cap_missing_primitives
rawr2q_01377,cand_01377,1378,39699377,39699376,1,39699377,16.49684605283907,positive,0.0538866741783313,0.0571017256961637,306.1396217967502,17.48110070856533,,False,,,,,,,,,,,,-0.0538866741783313,,False,False,,False,True,False,,True,False,False,positive_harmless,False,False,False,True,False,False,True,True,False,False,False,True,True,True,False,True,True,True,False,structural_positive_cap_missing_primitives
rawr2q_01378,cand_01378,1379,604872551,604872550,1,604872551,19.22052833429916,positive,0.0470089254013047,0.0499198517893476,408.8697661181949,20.410718125765506,,False,,,,,,,,,,,,-0.0470089254013047,,False,False,,False,True,False,,True,False,False,positive_harmless,False,False,True,False,False,False,True,True,False,False,False,True,True,True,False,True,True,True,False,structural_positive_cap_missing_primitives
rawr2q_01379,cand_01379,1380,178912813,178912812,1,178912813,18.002409166931614,positive,0.0498555254482041,0.0534990594965381,361.0915541474866,19.318058539033792,,False,,,,,,,,,,,,-0.0498555254482041,,False,False,,False,True,False,,True,False,False,positive_harmless,False,False,False,True,False,False,True,True,False,False,False,True,True,True,False,True,True,True,False,structural_positive_cap_missing_primitives
rawr2q_01380,cand_01380,1381,604713541,604713540,1,604713541,19.220265417914835,positive,0.0470095048386164,0.0495332491346926,408.8591335709226,20.252121324163067,,False,,,,,,,,,,,,-0.0470095048386164,,False,False,,False,True,False,,True,False,False,positive_harmless,False,False,True,False,False,False,True,True,False,False,False,True,True,True,False,True,True,True,False,structural_positive_cap_missing_primitives
rawr2q_01381,cand_01381,1382,40395269,40395268,1,40395269,16.51422323211378,positive,0.0538364468610178,0.057959605317554,306.748015424314,17.778993905936208,,False,,,,,,,,,,,,-0.0538364468610178,,False,False,,False,True,False,,True,False,False,positive_harmless,False,False,False,True,False,False,True,True,False,False,False,True,True,True,False,True,True,True,False,structural_positive_cap_missing_primitives
rawr2q_01382,cand_01382,1383,604813831,604813830,1,604813831,19.22043125128504,positive,0.0470091393593843,0.0494505928271106,408.8658399879448,20.21865817415841,,False,,,,,,,,,,,,-0.0470091393593843,,False,False,,False,True,False,,True,False,False,positive_harmless,False,False,True,False,False,False,True,True,False,False,False,True,True,True,False,True,True,True,False,structural_positive_cap_missing_primitives
rawr2q_01383,cand_01383,1384,604676183,604676182,1,604676183,19.220203637995144,positive,0.0470096409964826,0.0498626558030613,408.8566351619921,20.38667767188021,,False,,,,,,,,,,,,-0.0470096409964826,,False,False,,False,True,False,,True,False,False,positive_harmless,False,False,True,False,False,False,True,True,False,False,False,True,True,True,False,True,True,True,False,structural_positive_cap_missing_primitives
rawr2q_01384,cand_01384,1385,17998471,17998470,1,17998471,15.70579736780801,positive,0.0562763045581244,0.0602674255775238,279.0836656942611,16.819654052131412,,False,,,,,,,,,,,,-0.0562763045581244,,False,False,,False,True,False,,True,False,False,positive_harmless,False,False,False,True,False,False,True,True,False,False,False,True,True,True,False,True,True,True,False,structural_positive_cap_missing_primitives
rawr2q_01385,cand_01385,1386,178896671,178896670,1,178896671,18.00231894014483,positive,0.0498557490225144,0.0521533774390629,361.0881251029869,18.83196527725964,,False,,,,,,,,,,,,-0.0498557490225144,,False,False,,False,True,False,,True,False,False,positive_harmless,False,False,False,True,False,False,True,True,False,False,False,True,True,True,False,True,True,True,False,structural_positive_cap_missing_primitives
rawr2q_01386,cand_01386,1387,604150727,604150726,1,604150727,19.219334272780408,positive,0.0470115570893686,0.0494292859872481,408.8214784344325,20.207753775265143,,False,,,,,,,,,,,,-0.0470115570893686,,False,False,,False,True,False,,True,False,False,positive_harmless,False,False,True,False,False,False,True,True,False,False,False,True,True,True,False,True,True,True,False,structural_positive_cap_missing_primitives
rawr2q_01387,cand_01387,1388,12836827,12836826,1,12836827,15.36782870730725,positive,0.0573628034762886,0.0603526687466683,267.9058165917513,16.16883100406764,,False,,,,,,,,,,,,-0.0573628034762886,,False,False,,False,True,False,,True,False,False,positive_harmless,False,False,False,True,False,False,True,True,False,False,False,True,True,True,False,True,True,True,False,structural_positive_cap_missing_primitives
rawr2q_01388,cand_01388,1389,604673087,604673086,1,604673087,19.22019851788621,positive,0.0470096522808173,0.0502840921991392,408.8564281027277,20.558974326928286,,False,,,,,,,,,,,,-0.0470096522808173,,False,False,,False,True,False,,True,False,False,positive_harmless,False,False,True,False,False,False,True,True,False,False,False,True,True,True,False,True,True,True,False,structural_positive_cap_missing_primitives
rawr2q_01389,cand_01389,1390,179382869,179382868,1,179382869,18.00503301250549,positive,0.0498490246557311,0.0527625272092595,361.1912798064235,19.05736472853368,,False,,,,,,,,,,,,-0.0498490246557311,,False,False,,False,True,False,,True,False,False,positive_harmless,False,False,False,True,False,False,True,True,False,False,False,True,True,True,False,True,True,True,False,structural_positive_cap_missing_primitives
rawr2q_01390,cand_01390,1391,108596123,108596122,1,108596123,17.50314626501102,positive,0.051124015544152,0.0546489093154635,342.3664217043912,18.70995153238301,,False,,,,,,,,,,,,-0.051124015544152,,False,False,,False,True,False,,True,False,False,positive_harmless,False,False,False,True,False,False,True,True,False,False,False,True,True,True,False,True,True,True,False,structural_positive_cap_missing_primitives
rawr2q_01391,cand_01391,1392,109592381,109592380,1,109592381,17.51227841363845,positive,0.0511002361018781,0.054215024139045,342.7044520640642,18.579730141211428,,False,,,,,,,,,,,,-0.0511002361018781,,False,False,,False,True,False,,True,False,False,positive_harmless,False,False,False,True,False,False,True,True,False,False,False,True,True,True,False,True,True,True,False,structural_positive_cap_missing_primitives
rawr2q_01392,cand_01392,1393,109684087,109684086,1,109684087,17.51311485547084,positive,0.0510980591707278,0.0533278670073051,342.7354216518552,18.27734898454277,,False,,,,,,,,,,,,-0.0510980591707278,,False,False,,False,True,False,,True,False,False,positive_harmless,False,False,False,True,False,False,True,True,False,False,False,True,True,True,False,True,True,True,False,structural_positive_cap_missing_primitives
rawr2q_01393,cand_01393,1394,179425097,179425096,1,179425097,18.00526839189612,positive,0.0498484415665732,0.0525931316567972,361.20022664800575,18.996651074563555,,False,,,,,,,,,,,,-0.0498484415665732,,False,False,,False,True,False,,True,False,False,positive_harmless,False,False,False,True,False,False,True,True,False,False,False,True,True,True,False,True,True,True,False,structural_positive_cap_missing_primitives
rawr2q_01394,cand_01394,1395,179403641,179403640,1,179403641,18.00514880281223,positive,0.0498487378146779,0.0523502186813132,361.1956810170351,18.908672887987635,,False,,,,,,,,,,,,-0.0498487378146779,,False,False,,False,True,False,,True,False,False,positive_harmless,False,False,False,True,False,False,True,True,False,False,False,True,True,True,False,True,True,True,False,structural_positive_cap_missing_primitives
rawr2q_01395,cand_01395,1396,178899731,178899730,1,178899731,18.0023360448445,positive,0.0498557066383687,0.0521962848702515,361.08877516119657,18.847492571764008,,False,,,,,,,,,,,,-0.0498557066383687,,False,False,,False,True,False,,True,False,False,positive_harmless,False,False,False,True,False,False,True,True,False,False,False,True,True,True,False,True,True,True,False,structural_positive_cap_missing_primitives
rawr2q_01396,cand_01396,1397,33929663,33929662,1,33929663,16.339800204497706,positive,0.0543448711932135,0.0574088068820105,300.6686711318987,17.261029676481897,,False,,,,,,,,,,,,-0.0543448711932135,,False,False,,False,True,False,,True,False,False,positive_harmless,False,False,False,True,False,False,True,True,False,False,False,True,True,True,False,True,True,True,False,structural_positive_cap_missing_primitives
rawr2q_01397,cand_01397,1398,604811167,604811166,1,604811167,19.220426846614167,positive,0.0470091490667404,0.0502199766170714,408.86566185927495,20.53322397809621,,False,,,,,,,,,,,,-0.0470091490667404,,False,False,,False,True,False,,True,False,False,positive_harmless,False,False,True,False,False,False,True,True,False,False,False,True,True,True,False,True,True,True,False,structural_positive_cap_missing_primitives
rawr2q_01398,cand_01398,1399,180643363,180643362,1,180643363,18.01203527533139,positive,0.0498316842432005,0.052325014209861,361.45748531044507,18.913268055129663,,False,,,,,,,,,,,,-0.0498316842432005,,False,False,,False,True,False,,True,False,False,positive_harmless,False,False,False,True,False,False,True,True,False,False,False,True,True,True,False,True,True,True,False,structural_positive_cap_missing_primitives
rawr2q_01399,cand_01399,1400,108547469,108547468,1,108547469,17.502698137572708,positive,0.0511251830025677,0.0535894655450915,342.3498383701365,18.34634486770408,,False,,,,,,,,,,,,-0.0511251830025677,,False,False,,False,True,False,,True,False,False,positive_harmless,False,False,False,True,False,False,True,True,False,False,False,True,True,True,False,True,True,True,False,structural_positive_cap_missing_primitives
rawr2q_01400,cand_01400,1401,33486547,33486546,1,33486547,16.326654334050062,positive,0.054383577762594,0.0592177389534237,300.2129504116558,17.777932127914568,,False,,,,,,,,,,,,-0.054383577762594,,False,False,,False,True,False,,True,False,False,positive_harmless,False,False,False,True,False,False,True,True,False,False,False,True,True,True,False,True,True,True,False,structural_positive_cap_missing_primitives
rawr2q_01401,cand_01401,1402,179145997,179145996,1,179145997,18.003711657061466,positive,0.0498522982109648,0.0523024872089549,361.1410567447338,18.888575501019893,,False,,,,,,,,,,,,-0.0498522982109648,,False,False,,False,True,False,,True,False,False,positive_harmless,False,False,False,True,False,False,True,True,False,False,False,True,True,True,False,True,True,True,False,structural_positive_cap_missing_primitives
rawr2q_01402,cand_01402,1403,604864229,604864228,1,604864229,19.22051457593429,positive,0.0470089557227969,0.0493544655854132,408.8692097155713,20.179521339842253,,False,,,,,,,,,,,,-0.0470089557227969,,False,False,,False,True,False,,True,False,False,positive_harmless,False,False,True,False,False,False,True,True,False,False,False,True,True,True,False,True,True,True,False,structural_positive_cap_missing_primitives
rawr2q_01403,cand_01403,1404,604675733,604675732,1,604675733,19.22020289379489,positive,0.0470096426366436,0.0496569007754921,408.8566050662313,20.302551869178405,,False,,,,,,,,,,,,-0.0470096426366436,,False,False,,False,True,False,,True,False,False,positive_harmless,False,False,True,False,False,False,True,True,False,False,False,True,True,True,False,True,True,True,False,structural_positive_cap_missing_primitives
rawr2q_01404,cand_01404,1405,178897451,178897450,1,178897451,18.0023233001941,positive,0.0498557382186369,0.0522144979610413,361.0882908050996,18.85404382399876,,False,,,,,,,,,,,,-0.0498557382186369,,False,False,,False,True,False,,True,False,False,positive_harmless,False,False,False,True,False,False,True,True,False,False,False,True,True,True,False,True,True,True,False,structural_positive_cap_missing_primitives
rawr2q_01405,cand_01405,1406,179151281,179151280,1,179151281,18.00374115212227,positive,0.0498522251345729,0.0523720329466571,361.1421777768655,18.91375003295749,,False,,,,,,,,,,,,-0.0498522251345729,,False,False,,False,True,False,,True,False,False,positive_harmless,False,False,False,True,False,False,True,True,False,False,False,True,True,True,False,True,True,True,False,structural_positive_cap_missing_primitives
rawr2q_01406,cand_01406,1407,109713727,109713726,1,109713727,17.51338504959575,positive,0.05109735600052,0.0533645039148469,342.74542599459545,18.290439627284456,,False,,,,,,,,,,,,-0.05109735600052,,False,False,,False,True,False,,True,False,False,positive_harmless,False,False,False,True,False,False,True,True,False,False,False,True,True,True,False,True,True,True,False,structural_positive_cap_missing_primitives
rawr2q_01407,cand_01407,1408,604672951,604672950,1,604672951,19.220198292971265,positive,0.047009652776513,0.0499414648158332,408.8564190070781,20.418888464569545,,False,,,,,,,,,,,,-0.047009652776513,,False,False,,False,True,False,,True,False,False,positive_harmless,False,False,True,False,False,False,True,True,False,False,False,True,True,True,False,True,True,True,False,structural_positive_cap_missing_primitives
rawr2q_01408,cand_01408,1409,604872473,604872472,1,604872473,19.22052820534636,positive,0.0470089256854983,0.0499151844057618,408.8697609032076,20.408809513423343,,False,,,,,,,,,,,,-0.0470089256854983,,False,False,,False,True,False,,True,False,False,positive_harmless,False,False,True,False,False,False,True,True,False,False,False,True,True,True,False,True,True,True,False,structural_positive_cap_missing_primitives
rawr2q_01409,cand_01409,1410,179379503,179379502,1,179379503,18.005014247995817,positive,0.049849071140344,0.0533045157066953,361.190566566524,19.253088228655454,,False,,,,,,,,,,,,-0.049849071140344,,False,False,,False,True,False,,True,False,False,positive_harmless,False,False,False,True,False,False,True,True,False,False,False,True,True,True,False,True,True,True,False,structural_positive_cap_missing_primitives
rawr2q_01410,cand_01410,1411,604143797,604143796,1,604143797,19.21932280206716,positive,0.0470115823720192,0.0496227945278836,408.821014574193,20.28684120489609,,False,,,,,,,,,,,,-0.0470115823720192,,False,False,,False,True,False,,True,False,False,positive_harmless,False,False,True,False,False,False,True,True,False,False,False,True,True,True,False,True,True,True,False,structural_positive_cap_missing_primitives
rawr2q_01411,cand_01411,1412,109683683,109683682,1,109683683,17.513111172158567,positive,0.0510980687565448,0.0546243496582797,342.7352852727024,18.721692062966333,,False,,,,,,,,,,,,-0.0510980687565448,,False,False,,False,True,False,,True,False,False,positive_harmless,False,False,False,True,False,False,True,True,False,False,False,True,True,True,False,True,True,True,False,structural_positive_cap_missing_primitives
rawr2q_01412,cand_01412,1413,187493987,187493986,1,187493987,18.049257333527173,positive,0.0497397089318309,0.0522420246474967,362.8742049589388,18.957283159405648,,False,,,,,,,,,,,,-0.0497397089318309,,False,False,,False,True,False,,True,False,False,positive_harmless,False,False,False,True,False,False,True,True,False,False,False,True,True,True,False,True,True,True,False,structural_positive_cap_missing_primitives
rawr2q_01413,cand_01413,1414,30363467,30363466,1,30363467,16.228750700282735,positive,0.0546735803775182,0.0585629651697203,296.8298506924928,17.383236207437733,,False,,,,,,,,,,,,-0.0546735803775182,,False,False,,False,True,False,,True,False,False,positive_harmless,False,False,False,True,False,False,True,True,False,False,False,True,True,True,False,True,True,True,False,structural_positive_cap_missing_primitives
rawr2q_01414,cand_01414,1415,179400791,179400790,1,179400791,18.005132916720832,positive,0.0498487771682367,0.0523464165203712,361.1950771822257,18.907267955288408,,False,,,,,,,,,,,,-0.0498487771682367,,False,False,,False,True,False,,True,False,False,positive_harmless,False,False,False,True,False,False,True,True,False,False,False,True,True,True,False,True,True,True,False,structural_positive_cap_missing_primitives
rawr2q_01415,cand_01415,1416,604872577,604872576,1,604872577,19.22052837728341,positive,0.0470089253065735,0.0490823007042159,408.8697678565239,20.06826889479685,,False,,,,,,,,,,,,-0.0470089253065735,,False,False,,False,True,False,,True,False,False,positive_harmless,False,False,True,False,False,False,True,True,False,False,False,True,True,True,False,True,True,True,False,structural_positive_cap_missing_primitives
rawr2q_01416,cand_01416,1417,604141327,604141326,1,604141327,19.219318713628184,positive,0.0470115913833725,0.0501598206296204,408.8208492432749,20.50638046769175,,False,,,,,,,,,,,,-0.0470115913833725,,False,False,,False,True,False,,True,False,False,positive_harmless,False,False,True,False,False,False,True,True,False,False,False,True,True,True,False,True,True,True,False,structural_positive_cap_missing_primitives
rawr2q_01417,cand_01417,1418,108595829,108595828,1,108595829,17.503143557728382,positive,0.051124022596986,0.0547353567679747,342.36632151790536,18.73954275362168,,False,,,,,,,,,,,,-0.051124022596986,,False,False,,False,True,False,,True,False,False,positive_harmless,False,False,False,True,False,False,True,True,False,False,False,True,True,True,False,True,True,True,False,structural_positive_cap_missing_primitives
rawr2q_01418,cand_01418,1419,604432681,604432680,1,604432681,19.21980085870778,positive,0.047010528708209,0.0489909092562281,408.8403467658,20.02946032868813,,False,,,,,,,,,,,,-0.047010528708209,,False,False,,False,True,False,,True,False,False,positive_harmless,False,False,True,False,False,False,True,True,False,False,False,True,True,True,False,True,True,True,False,structural_positive_cap_missing_primitives
rawr2q_01419,cand_01419,1420,604686097,604686096,1,604686097,19.220220033413064,positive,0.0470096048622522,0.0500409639404426,408.857298199639,20.45961331599492,,False,,,,,,,,,,,,-0.0470096048622522,,False,False,,False,True,False,,True,False,False,positive_harmless,False,False,True,False,False,False,True,True,False,False,False,True,True,True,False,True,True,True,False,structural_positive_cap_missing_primitives
rawr2q_01420,cand_01420,1421,187505491,187505490,1,187505491,18.049318688279264,positive,0.0497395576042084,0.0526943886600028,362.8765424876256,19.121557565440963,,False,,,,,,,,,,,,-0.0497395576042084,,False,False,,False,True,False,,True,False,False,positive_harmless,False,False,False,True,False,False,True,True,False,False,False,True,True,True,False,True,True,True,False,structural_positive_cap_missing_primitives
rawr2q_01421,cand_01421,1422,33902611,33902610,1,33902611,16.339002590033708,positive,0.0543472181177857,0.0569716522815128,300.64101081719565,17.1280151298398,,False,,,,,,,,,,,,-0.0543472181177857,,False,False,,False,True,False,,True,False,False,positive_harmless,False,False,False,True,False,False,True,True,False,False,False,True,True,True,False,True,True,True,False,structural_positive_cap_missing_primitives
rawr2q_01422,cand_01422,1423,187500433,187500432,1,187500433,18.049291712705408,positive,0.0497396241376452,0.0534779811979873,362.8755147557469,19.4058499553178,,False,,,,,,,,,,,,-0.0497396241376452,,False,False,,False,True,False,,True,False,False,positive_harmless,False,False,False,True,False,False,True,True,False,False,False,True,True,True,False,True,True,True,False,structural_positive_cap_missing_primitives
rawr2q_01423,cand_01423,1424,604884127,604884126,1,604884127,19.220547472031907,positive,0.0470088832245105,0.0501105033314959,408.870540068696,20.48870856026292,,False,,,,,,,,,,,,-0.0470088832245105,,False,False,,False,True,False,,True,False,False,positive_harmless,False,False,True,False,False,False,True,True,False,False,False,True,True,True,False,True,True,True,False,structural_positive_cap_missing_primitives
rawr2q_01424,cand_01424,1425,179436493,179436492,1,179436493,18.00533190384792,positive,0.0498482842351168,0.0519436214565968,361.2026407754197,18.76217324156152,,False,,,,,,,,,,,,-0.0498482842351168,,False,False,,False,True,False,,True,False,False,positive_harmless,False,False,False,True,False,False,True,True,False,False,False,True,True,True,False,True,True,True,False,structural_positive_cap_missing_primitives
rawr2q_01425,cand_01425,1426,12785053,12785052,1,12785053,15.36378731218182,positive,0.0573760483865698,0.0615266506044893,267.77353519832275,16.47520874127612,,False,,,,,,,,,,,,-0.0573760483865698,,False,False,,False,True,False,,True,False,False,positive_harmless,False,False,False,True,False,False,True,True,False,False,False,True,True,True,False,True,True,True,False,structural_positive_cap_missing_primitives
rawr2q_01426,cand_01426,1427,3281207,3281206,1,3281207,14.003721900474298,positive,0.0622078892958069,0.0669272457595592,225.1116708667721,15.06610411944546,,False,,,,,,,,,,,,-0.0622078892958069,,False,False,,False,True,False,,True,False,False,positive_harmless,False,False,False,True,False,False,True,True,False,False,False,True,True,True,False,True,True,True,False,structural_positive_cap_missing_primitives
rawr2q_01427,cand_01427,1428,109707457,109707456,1,109707457,17.513327899234174,positive,0.0510975047306125,0.0548208182936068,342.7433099045624,18.78946871362738,,False,,,,,,,,,,,,-0.0510975047306125,,False,False,,False,True,False,,True,False,False,positive_harmless,False,False,False,True,False,False,True,True,False,False,False,True,True,True,False,True,True,True,False,structural_positive_cap_missing_primitives
rawr2q_01428,cand_01428,1429,178906061,178906060,1,178906061,18.002371427167216,positive,0.0498556189638901,0.0523728581014615,361.090119856021,18.91132160905911,,False,,,,,,,,,,,,-0.0498556189638901,,False,False,,False,True,False,,True,False,False,positive_harmless,False,False,False,True,False,False,True,True,False,False,False,True,True,True,False,True,True,True,False,structural_positive_cap_missing_primitives
rawr2q_01429,cand_01429,1430,109682179,109682178,1,109682179,17.51309745990648,positive,0.0510981044427007,0.0544808491312744,342.7347775599956,18.67248170828701,,False,,,,,,,,,,,,-0.0510981044427007,,False,False,,False,True,False,,True,False,False,positive_harmless,False,False,False,True,False,False,True,True,False,False,False,True,True,True,False,True,True,True,False,structural_positive_cap_missing_primitives
rawr2q_01430,cand_01430,1431,604150627,604150626,1,604150627,19.219334107258785,positive,0.0470115574541954,0.0501342683893616,408.8214717409584,20.49596538759502,,False,,,,,,,,,,,,-0.0470115574541954,,False,False,,False,True,False,,True,False,False,positive_harmless,False,False,True,False,False,False,True,True,False,False,False,True,True,True,False,True,True,True,False,structural_positive_cap_missing_primitives
rawr2q_01431,cand_01431,1432,108540779,108540778,1,108540779,17.502636503651352,positive,0.051125343574977,0.054584664384824,342.3475575862515,18.686926533809743,,False,,,,,,,,,,,,-0.051125343574977,,False,False,,False,True,False,,True,False,False,positive_harmless,False,False,False,True,False,False,True,True,False,False,False,True,True,True,False,True,True,True,False,structural_positive_cap_missing_primitives
rawr2q_01432,cand_01432,1433,40862287,40862286,1,40862287,16.525718117397776,positive,0.053803273043314,0.057360352413953,307.15079553048463,17.61827787585462,,False,,,,,,,,,,,,-0.053803273043314,,False,False,,False,True,False,,True,False,False,positive_harmless,False,False,False,True,False,False,True,True,False,False,False,True,True,True,False,True,True,True,False,structural_positive_cap_missing_primitives
rawr2q_01433,cand_01433,1434,179380829,179380828,1,179380829,18.00502164011742,positive,0.0498490528281093,0.0520554984603305,361.1908475413314,18.801969608073247,,False,,,,,,,,,,,,-0.0498490528281093,,False,False,,False,True,False,,True,False,False,positive_harmless,False,False,False,True,False,False,True,True,False,False,False,True,True,True,False,True,True,True,False,structural_positive_cap_missing_primitives
rawr2q_01434,cand_01434,1435,108624419,108624418,1,108624419,17.50340679285889,positive,0.0511233368432746,0.0553402851877227,342.37606294201635,18.94718896466088,,False,,,,,,,,,,,,-0.0511233368432746,,False,False,,False,True,False,,True,False,False,positive_harmless,False,False,False,True,False,False,True,True,False,False,False,True,True,True,False,True,True,True,False,structural_positive_cap_missing_primitives
rawr2q_01435,cand_01435,1436,108596009,108596008,1,108596009,17.50314521524924,positive,0.0511240182789219,0.0545561364046841,342.3663828566006,18.678187083503,,False,,,,,,,,,,,,-0.0511240182789219,,False,False,,False,True,False,,True,False,False,positive_harmless,False,False,False,True,False,False,True,True,False,False,False,True,True,True,False,True,True,True,False,structural_positive_cap_missing_primitives
rawr2q_01436,cand_01436,1437,30780143,30780142,1,30780143,16.24238033223816,positive,0.0546330233466014,0.0585878366316364,297.2996795215533,17.418145054446622,,False,,,,,,,,,,,,-0.0546330233466014,,False,False,,False,True,False,,True,False,False,positive_harmless,False,False,False,True,False,False,True,True,False,False,False,True,True,True,False,True,True,True,False,structural_positive_cap_missing_primitives
rawr2q_01437,cand_01437,1438,604849351,604849350,1,604849351,19.22048997837625,positive,0.0470090099324367,0.0494672848288116,408.8682149656144,20.225600447151816,,False,,,,,,,,,,,,-0.0470090099324367,,False,False,,False,True,False,,True,False,False,positive_harmless,False,False,True,False,False,False,True,True,False,False,False,True,True,True,False,True,True,True,False,structural_positive_cap_missing_primitives
rawr2q_01438,cand_01438,1439,109567151,109567150,1,109567151,17.512048170400742,positive,0.0511008353674682,0.0547128295829155,342.69592746323747,18.749863878055283,,False,,,,,,,,,,,,-0.0511008353674682,,False,False,,False,True,False,,True,False,False,positive_harmless,False,False,False,True,False,False,True,True,False,False,False,True,True,True,False,True,True,True,False,structural_positive_cap_missing_primitives
rawr2q_01439,cand_01439,1440,179403071,179403070,1,179403071,18.00514562561414,positive,0.0498487456853347,0.0526403019342879,361.1955602508003,19.013443348926405,,False,,,,,,,,,,,,-0.0498487456853347,,False,False,,False,True,False,,True,False,False,positive_harmless,False,False,False,True,False,False,True,True,False,False,False,True,True,True,False,True,True,True,False,structural_positive_cap_missing_primitives
rawr2q_01440,cand_01440,1441,178013243,178013242,1,178013243,17.997368504365305,positive,0.0498680188450111,0.0536823404322602,360.9000100906509,19.373957203692463,,False,,,,,,,,,,,,-0.0498680188450111,,False,False,,False,True,False,,True,False,False,positive_harmless,False,False,False,True,False,False,True,True,False,False,False,True,True,True,False,True,True,True,False,structural_positive_cap_missing_primitives
rawr2q_01441,cand_01441,1442,179433103,179433102,1,179433103,18.00531301119144,positive,0.0498483310357977,0.0528019141795445,361.2019226533625,19.07215292142932,,False,,,,,,,,,,,,-0.0498483310357977,,False,False,,False,True,False,,True,False,False,positive_harmless,False,False,False,True,False,False,True,True,False,False,False,True,True,True,False,True,True,True,False,structural_positive_cap_missing_primitives
rawr2q_01442,cand_01442,1443,30799499,30799498,1,30799499,16.24300898157774,positive,0.054631154150782,0.0582339848437294,297.32135873877064,17.3142074985106,,False,,,,,,,,,,,,-0.054631154150782,,False,False,,False,True,False,,True,False,False,positive_harmless,False,False,False,True,False,False,True,True,False,False,False,True,True,True,False,True,True,True,False,structural_positive_cap_missing_primitives
rawr2q_01443,cand_01443,1444,604685981,604685980,1,604685981,19.22021984157797,positive,0.0470096052850415,0.0494059779892558,408.85729044174366,20.19999429231155,,False,,,,,,,,,,,,-0.0470096052850415,,False,False,,False,True,False,,True,False,False,positive_harmless,False,False,True,False,False,False,True,True,False,False,False,True,True,True,False,True,True,True,False,structural_positive_cap_missing_primitives
rawr2q_01444,cand_01444,1445,604207243,604207242,1,604207243,19.219427814597392,positive,0.0470113509144414,0.0494597084037629,408.82526114971466,20.220378204557107,,False,,,,,,,,,,,,-0.0470113509144414,,False,False,,False,True,False,,True,False,False,positive_harmless,False,False,True,False,False,False,True,True,False,False,False,True,True,True,False,True,True,True,False,structural_positive_cap_missing_primitives
rawr2q_01445,cand_01445,1446,604678229,604678228,1,604678229,19.220207021618634,positive,0.0470096335392342,0.0499229061268175,408.8567719971155,20.41131824772562,,False,,,,,,,,,,,,-0.0470096335392342,,False,False,,False,True,False,,True,False,False,positive_harmless,False,False,True,False,False,False,True,True,False,False,False,True,True,True,False,True,True,True,False,structural_positive_cap_missing_primitives
rawr2q_01446,cand_01446,1447,109705723,109705722,1,109705723,17.513312093438003,positive,0.0510975458643195,0.0542159663791598,342.74272466903784,18.58212803735817,,False,,,,,,,,,,,,-0.0510975458643195,,False,False,,False,True,False,,True,False,False,positive_harmless,False,False,False,True,False,False,True,True,False,False,False,True,True,True,False,True,True,True,False,structural_positive_cap_missing_primitives
rawr2q_01447,cand_01447,1448,604141553,604141552,1,604141553,19.21931908771277,positive,0.0470115905588502,0.050148948967567,408.82086437074594,20.501936664205168,,False,,,,,,,,,,,,-0.0470115905588502,,False,False,,False,True,False,,True,False,False,positive_harmless,False,False,True,False,False,False,True,True,False,False,False,True,True,True,False,True,True,True,False,structural_positive_cap_missing_primitives
rawr2q_01448,cand_01448,1449,76021661,76021660,1,76021661,17.146528870799965,positive,0.0520701809677225,0.0547061389693303,329.2965100587767,18.01454064139091,,False,,,,,,,,,,,,-0.0520701809677225,,False,False,,False,True,False,,True,False,False,positive_harmless,False,False,False,True,False,False,True,True,False,False,False,True,True,True,False,True,True,True,False,structural_positive_cap_missing_primitives
rawr2q_01449,cand_01449,1450,109548991,109548990,1,109548991,17.511882413557128,positive,0.0511012667997652,0.0547160509000266,342.6897904933657,18.75063201955445,,False,,,,,,,,,,,,-0.0511012667997652,,False,False,,False,True,False,,True,False,False,positive_harmless,False,False,False,True,False,False,True,True,False,False,False,True,True,True,False,True,True,True,False,structural_positive_cap_missing_primitives
rawr2q_01450,cand_01450,1451,39674473,39674472,1,39674473,16.496218541364772,positive,0.0538884896950351,0.0571186298906732,306.11766324719645,17.48502151001435,,False,,,,,,,,,,,,-0.0538884896950351,,False,False,,False,True,False,,True,False,False,positive_harmless,False,False,False,True,False,False,True,True,False,False,False,True,True,True,False,True,True,True,False,structural_positive_cap_missing_primitives
rawr2q_01451,cand_01451,1452,180619891,180619890,1,180619891,18.01190533130984,positive,0.0498320059272576,0.0527177038476254,361.4525443266873,19.05494818678499,,False,,,,,,,,,,,,-0.0498320059272576,,False,False,,False,True,False,,True,False,False,positive_harmless,False,False,False,True,False,False,True,True,False,False,False,True,True,True,False,True,True,True,False,structural_positive_cap_missing_primitives
rawr2q_01452,cand_01452,1453,30370903,30370902,1,30370903,16.228995569869337,positive,0.0546728512021366,0.0581011027814519,296.83828834657726,17.24663190069474,,False,,,,,,,,,,,,-0.0546728512021366,,False,False,,False,True,False,,True,False,False,positive_harmless,False,False,False,True,False,False,True,True,False,False,False,True,True,True,False,True,True,True,False,structural_positive_cap_missing_primitives
rawr2q_01453,cand_01453,1454,33913337,33913336,1,33913337,16.33931891680951,positive,0.0543462873243011,0.0580626759467249,300.6519804988281,17.456658516444513,,False,,,,,,,,,,,,-0.0543462873243011,,False,False,,False,True,False,,True,False,False,positive_harmless,False,False,False,True,False,False,True,True,False,False,False,True,True,True,False,True,True,True,False,structural_positive_cap_missing_primitives
rawr2q_01454,cand_01454,1455,604873177,604873176,1,604873177,19.22052936922738,positive,0.0470089231204707,0.0502486490880784,408.8698079717869,20.54515550348432,,False,,,,,,,,,,,,-0.0470089231204707,,False,False,,False,True,False,,True,False,False,positive_harmless,False,False,True,False,False,False,True,True,False,False,False,True,True,True,False,True,True,True,False,structural_positive_cap_missing_primitives
rawr2q_01455,cand_01455,1456,33453967,33453966,1,33453967,16.32568093242448,positive,0.0543864460198642,0.0588258697641753,300.1792197721772,17.65830368822985,,False,,,,,,,,,,,,-0.0543864460198642,,False,False,,False,True,False,,True,False,False,positive_harmless,False,False,False,True,False,False,True,True,False,False,False,True,True,True,False,True,True,True,False,structural_positive_cap_missing_primitives
rawr2q_01456,cand_01456,1457,109497233,109497232,1,109497233,17.51140983749516,positive,0.0511024968616815,0.0535318452011645,342.6722941717126,18.343880206328024,,False,,,,,,,,,,,,-0.0511024968616815,,False,False,,False,True,False,,True,False,False,positive_harmless,False,False,False,True,False,False,True,True,False,False,False,True,True,True,False,True,True,True,False,structural_positive_cap_missing_primitives
rawr2q_01457,cand_01457,1458,180642773,180642772,1,180642773,18.012032009222114,positive,0.0498316923285951,0.0520568223877897,361.4573611196863,18.81632164856667,,False,,,,,,,,,,,,-0.0498316923285951,,False,False,,False,True,False,,True,False,False,positive_harmless,False,False,False,True,False,False,True,True,False,False,False,True,True,True,False,True,True,True,False,structural_positive_cap_missing_primitives
rawr2q_01458,cand_01458,1459,30801733,30801732,1,30801733,16.243081512594685,positive,0.0546309384987265,0.0574062037622427,297.3238600499846,17.068234093405948,,False,,,,,,,,,,,,-0.0546309384987265,,False,False,,False,True,False,,True,False,False,positive_harmless,False,False,False,True,False,False,True,True,False,False,False,True,True,True,False,True,True,True,False,structural_positive_cap_missing_primitives
rawr2q_01459,cand_01459,1460,40882901,40882900,1,40882901,16.52622246513839,positive,0.0538018184465503,0.0576070126058503,307.16847389752155,17.695058147934322,,False,,,,,,,,,,,,-0.0538018184465503,,False,False,,False,True,False,,True,False,False,positive_harmless,False,False,False,True,False,False,True,True,False,False,False,True,True,True,False,True,True,True,False,structural_positive_cap_missing_primitives
rawr2q_01460,cand_01460,1461,109683839,109683838,1,109683839,17.51311259442927,positive,0.0510980650550861,0.054191893146005,342.73533793401566,18.57347681068009,,False,,,,,,,,,,,,-0.0510980650550861,,False,False,,False,True,False,,True,False,False,positive_harmless,False,False,False,True,False,False,True,True,False,False,False,True,True,True,False,True,True,True,False,structural_positive_cap_missing_primitives
rawr2q_01461,cand_01461,1462,179381723,179381722,1,179381723,18.00502662391517,positive,0.0498490404819355,0.0520888394763615,361.1910369757245,18.814021945329063,,False,,,,,,,,,,,,-0.0498490404819355,,False,False,,False,True,False,,True,False,False,positive_harmless,False,False,False,True,False,False,True,True,False,False,False,True,True,True,False,True,True,True,False,structural_positive_cap_missing_primitives
rawr2q_01462,cand_01462,1463,109595639,109595638,1,109595639,17.512308141540554,positive,0.0511001587286012,0.0546729446820717,342.7055527273487,18.73672172650114,,False,,,,,,,,,,,,-0.0511001587286012,,False,False,,False,True,False,,True,False,False,positive_harmless,False,False,False,True,False,False,True,True,False,False,False,True,True,True,False,True,True,True,False,structural_positive_cap_missing_primitives
rawr2q_01463,cand_01463,1464,30775567,30775566,1,30775567,16.24223165391056,positive,0.0546334654382379,0.0589963664252072,297.29455240711536,17.539298350028144,,False,,,,,,,,,,,,-0.0546334654382379,,False,False,,False,True,False,,True,False,False,positive_harmless,False,False,False,True,False,False,True,True,False,False,False,True,True,True,False,True,True,True,False,structural_positive_cap_missing_primitives
rawr2q_01464,cand_01464,1465,108531329,108531328,1,108531329,17.502549435809307,positive,0.0511255704110831,0.0535686467311318,342.3443356245673,18.338922775476465,,False,,,,,,,,,,,,-0.0511255704110831,,False,False,,False,True,False,,True,False,False,positive_harmless,False,False,False,True,False,False,True,True,False,False,False,True,True,True,False,True,True,True,False,structural_positive_cap_missing_primitives
rawr2q_01465,cand_01465,1466,109527673,109527672,1,109527673,17.51168779675333,positive,0.0511017733580974,0.0541881378018258,342.6825850844661,18.56933114284294,,False,,,,,,,,,,,,-0.0511017733580974,,False,False,,False,True,False,,True,False,False,positive_harmless,False,False,False,True,False,False,True,True,False,False,False,True,True,True,False,True,True,True,False,structural_positive_cap_missing_primitives
rawr2q_01466,cand_01466,1467,108548059,108548058,1,108548059,17.50270357296795,positive,0.0511251688419964,0.0551453136707533,342.3500395091209,18.879000313925257,,False,,,,,,,,,,,,-0.0511251688419964,,False,False,,False,True,False,,True,False,False,positive_harmless,False,False,False,True,False,False,True,True,False,False,False,True,True,True,False,True,True,True,False,structural_positive_cap_missing_primitives
rawr2q_01467,cand_01467,1468,604814519,604814518,1,604814519,19.22043238882452,positive,0.047009136852387,0.0500539236422512,408.8658859910237,20.46534183731608,,False,,,,,,,,,,,,-0.047009136852387,,False,False,,False,True,False,,True,False,False,positive_harmless,False,False,True,False,False,False,True,True,False,False,False,True,True,True,False,True,True,True,False,structural_positive_cap_missing_primitives
