block_id,p_star,y,h,t,offset,offset_frac,D_t,line_t,diff,abs_diff,residual_slope_prev,Q_exc_interval,shape_class
5,356077,355293,784,355293,0.0,0.0,-445.57865085028266,-445.57865085028266,0.0,0.0,,0.012866187364944506,small_absolute_excursion
5,356077,355293,784,355294,1.0,0.0012755102040816326,-445.43493971028266,-446.3675335884698,0.9325938781871628,0.9325938781871628,0.9325938781871628,0.012866187364944506,small_absolute_excursion
5,356077,355293,784,355295,2.0,0.002551020408163265,-445.11158964528266,-447.156416326657,2.0448266813743317,2.0448266813743317,1.1122328031871689,0.012866187364944506,small_absolute_excursion
5,356077,355293,784,355296,3.0,0.003826530612244898,-444.9046456036826,-447.9452990648441,3.0406534611615257,3.0406534611615257,0.995826779787194,0.012866187364944506,small_absolute_excursion
5,356077,355293,784,355297,4.0,0.00510204081632653,-457.3620048770873,-448.7341818030313,-8.627823074056039,8.627823074056039,-11.668476535217565,0.012866187364944506,small_absolute_excursion
5,356077,355293,784,355298,5.0,0.006377551020408163,-457.36200487704633,-449.52306454121845,-7.8389403358278855,7.8389403358278855,0.7888827382281534,0.012866187364944506,small_absolute_excursion
5,356077,355293,784,355299,6.0,0.007653061224489796,-457.03865481204633,-450.3119472794056,-6.726707532640717,6.726707532640717,1.1122328031871689,0.012866187364944506,small_absolute_excursion
5,356077,355293,784,355300,7.0,0.008928571428571428,-456.8949436720464,-451.1008300175927,-5.7941136544536676,5.7941136544536676,0.9325938781870491,0.012866187364944506,small_absolute_excursion
5,356077,355293,784,355301,8.0,0.01020408163265306,-456.5715936070464,-451.8897127557799,-4.681880851266499,4.681880851266499,1.1122328031871689,0.012866187364944506,small_absolute_excursion
5,356077,355293,784,355303,10.0,0.012755102040816327,-456.2470910356886,-453.46747823215424,-2.7796128035343486,2.7796128035343486,0.951134023866075,0.012866187364944506,small_absolute_excursion
5,356077,355293,784,355305,12.0,0.015306122448979591,-455.8931279467832,-455.0452437085285,-0.8478842382546645,0.8478842382546645,0.965864282639842,0.012866187364944506,small_absolute_excursion
5,356077,355293,784,355307,14.0,0.017857142857142856,-468.2068042252589,-456.62300918490286,-11.583795040356051,11.583795040356051,-5.367955401050693,0.012866187364944506,small_absolute_excursion
5,356077,355293,784,355309,16.0,0.02040816326530612,-467.88345416021787,-458.20077466127714,-9.682679498940729,9.682679498940729,0.9505577707076611,0.012866187364944506,small_absolute_excursion
5,356077,355293,784,355310,17.0,0.021683673469387755,-467.88065610665376,-458.9896573994643,-8.890998707189453,8.890998707189453,0.7916807917512756,0.012866187364944506,small_absolute_excursion
5,356077,355293,784,355314,21.0,0.026785714285714284,-466.9846611419599,-462.1451883522129,-4.839472789746992,4.839472789746992,1.0128814793606153,0.012866187364944506,small_absolute_excursion
5,356077,355293,784,355318,25.0,0.03188775510204082,-465.9873058303599,-465.30071930496155,-0.6865865253983543,0.6865865253983543,1.0382215660871594,0.012866187364944506,small_absolute_excursion
5,356077,355293,784,355324,31.0,0.039540816326530615,-477.6399900757432,-470.0340157340845,-7.60597434165868,7.60597434165868,-1.1532313027100543,0.012866187364944506,small_absolute_excursion
5,356077,355293,784,355325,32.0,0.04081632653061224,-477.3166400107432,-470.8228984722717,-6.493741538471511,6.493741538471511,1.1122328031871689,0.012866187364944506,small_absolute_excursion
5,356077,355293,784,355330,37.0,0.047193877551020405,-476.21370100444926,-474.7673121632074,-1.4463888412418555,1.4463888412418555,1.0094705394459311,0.012866187364944506,small_absolute_excursion
5,356077,355293,784,355338,45.0,0.05739795918367347,-487.5084858740595,-481.0783740687047,-6.430111805354784,6.430111805354784,-0.622965370514116,0.012866187364944506,small_absolute_excursion
5,356077,355293,784,355348,55.0,0.07015306122448979,-510.95903556893,-488.9672014505762,-21.99183411835378,21.99183411835378,-1.5561722312998996,0.012866187364944506,small_absolute_excursion
5,356077,355293,784,355357,64.0,0.08163265306122448,-508.97365683153606,-496.06714609426064,-12.906510737275426,12.906510737275426,1.0094803756753725,0.012866187364944506,small_absolute_excursion
5,356077,355293,784,355359,66.0,0.08418367346938775,-508.6359754617161,-497.644911570635,-10.991063891081126,10.991063891081126,0.9577234230971499,0.012866187364944506,small_absolute_excursion
5,356077,355293,784,355373,80.0,0.10204081632653061,-531.3952503706487,-508.6892699052552,-22.70598046539351,22.70598046539351,-0.8367797553080274,0.012866187364944506,small_absolute_excursion
5,356077,355293,784,355390,97.0,0.12372448979591837,-540.7039517415194,-522.1002764544368,-18.603675287082638,18.603675287082638,0.2413120693124042,0.012866187364944506,small_absolute_excursion
5,356077,355293,784,355410,117.0,0.14923469387755103,-536.6835131639456,-537.8779312181799,1.1944180542343474,1.1944180542343474,0.9899046670658492,0.012866187364944506,small_absolute_excursion
5,356077,355293,784,355421,128.0,0.16326530612244897,-546.9245097845966,-546.5556413382386,-0.3688684463579648,0.3688684463579648,-0.1421169545993011,0.012866187364944506,small_absolute_excursion
5,356077,355293,784,355434,141.0,0.1798469387755102,-557.4013467564743,-556.8111169346716,-0.590229821802609,0.590229821802609,-0.017027798111126476,0.012866187364944506,small_absolute_excursion
5,356077,355293,784,355464,171.0,0.2181122448979592,-589.518789948909,-580.4775990802864,-9.041190868622607,9.041190868622607,-0.2816987015606666,0.012866187364944506,small_absolute_excursion
5,356077,355293,784,355500,207.0,0.26403061224489793,-607.6090288693534,-608.877377655024,1.2683487856705824,1.2683487856705824,0.28637610150814413,0.012866187364944506,small_absolute_excursion
5,356077,355293,784,355543,250.0,0.31887755102040816,-688.0533008150676,-642.7993353970717,-45.253965417995914,45.253965417995914,-1.0819142838061977,0.012866187364944506,small_absolute_excursion
5,356077,355293,784,355596,303.0,0.3864795918367347,-741.2328569476036,-684.610120520991,-56.62273642661262,56.62273642661262,-0.2145051133701265,0.012866187364944506,small_absolute_excursion
5,356077,355293,784,355659,366.0,0.46683673469387754,-779.3046166483261,-734.3097330267818,-44.99488362154432,44.99488362154432,0.1845690921439413,0.012866187364944506,small_absolute_excursion
5,356077,355293,784,355736,443.0,0.5650510204081632,-840.3489943168053,-795.0537038671928,-45.29529044961248,45.29529044961248,-0.0039013873775086,0.012866187364944506,small_absolute_excursion
5,356077,355293,784,355829,536.0,0.6836734693877551,-910.5815420748212,-868.4197985185983,-42.16174355622286,42.16174355622286,0.0336940526170927,0.012866187364944506,small_absolute_excursion
5,356077,355293,784,355941,648.0,0.826530612244898,-1015.6409789226824,-956.7746651955599,-58.866313727122474,58.866313727122474,-0.14914794795446085,0.012866187364944506,small_absolute_excursion
5,356077,355293,784,356077,784.0,1.0,-1064.0627175890131,-1064.0627175890131,0.0,0.0,0.43284054211119466,0.012866187364944506,small_absolute_excursion
27,1192781,1192323,458,1192323,0.0,0.0,-623.3057979417131,-623.3057979417131,0.0,0.0,,0.012040362653300515,small_absolute_excursion
27,1192781,1192323,458,1192324,1.0,0.002183406113537118,-623.1620868017131,-624.0165551290686,0.8544683273554483,0.8544683273554483,0.8544683273554483,0.012040362653300515,small_absolute_excursion
27,1192781,1192323,458,1192325,2.0,0.004366812227074236,-622.8387367367131,-624.727312316424,1.8885755797108459,1.8885755797108459,1.0341072523553976,0.012040362653300515,small_absolute_excursion
27,1192781,1192323,458,1192326,3.0,0.006550218340611353,-622.6317926951131,-625.4380695037795,2.806276808666439,2.806276808666439,0.9177012289555933,0.012040362653300515,small_absolute_excursion
27,1192781,1192323,458,1192327,4.0,0.008733624454148471,-636.2998600479583,-626.1488266911349,-10.151033356823405,10.151033356823405,-12.957310165489844,0.012040362653300515,small_absolute_excursion
27,1192781,1192323,458,1192328,5.0,0.010917030567685589,-636.2998600479547,-626.8595838784904,-9.440276169464255,9.440276169464255,0.7107571873591496,0.012040362653300515,small_absolute_excursion
27,1192781,1192323,458,1192329,6.0,0.013100436681222707,-635.9765099829547,-627.5703410658459,-8.406168917108744,8.406168917108744,1.0341072523555113,0.012040362653300515,small_absolute_excursion
27,1192781,1192323,458,1192330,7.0,0.015283842794759825,-635.8327988429547,-628.2810982532013,-7.551700589753409,7.551700589753409,0.8544683273553346,0.012040362653300515,small_absolute_excursion
27,1192781,1192323,458,1192331,8.0,0.017467248908296942,-635.5094487779547,-628.9918554405568,-6.517593337397898,6.517593337397898,1.0341072523555113,0.012040362653300515,small_absolute_excursion
27,1192781,1192323,458,1192333,10.0,0.021834061135371178,-635.0805150182608,-630.4133698152677,-4.667145202993083,4.667145202993083,0.9252240672024072,0.012040362653300515,small_absolute_excursion
27,1192781,1192323,458,1192335,12.0,0.026200873362445413,-634.7565118032746,-631.8348841899787,-2.921627613295982,2.921627613295982,0.8727587948485507,0.012040362653300515,small_absolute_excursion
27,1192781,1192323,458,1192337,14.0,0.03056768558951965,-648.2808764030457,-633.2563985646897,-15.024477838356006,15.024477838356006,-6.051425112530012,0.012040362653300515,small_absolute_excursion
27,1192781,1192323,458,1192339,16.0,0.034934497816593885,-661.9489538201898,-634.6779129394006,-27.2710408807892,27.2710408807892,-6.123281521216597,0.012040362653300515,small_absolute_excursion
27,1192781,1192323,458,1192343,20.0,0.043668122270742356,-661.1585425501861,-637.5209416888224,-23.637600861363694,23.637600861363694,0.9083600048563767,0.012040362653300515,small_absolute_excursion
27,1192781,1192323,458,1192346,23.0,0.05021834061135371,-660.6184684794273,-639.6532132508888,-20.965255228538467,20.965255228538467,0.890781877608409,0.012040362653300515,small_absolute_excursion
27,1192781,1192323,458,1192351,28.0,0.0611353711790393,-673.4961430134128,-643.2069991876662,-30.28914382574669,30.28914382574669,-1.8647777194416448,0.012040362653300515,small_absolute_excursion
27,1192781,1192323,458,1192355,32.0,0.06986899563318777,-672.705296291764,-646.0500279370881,-26.655268354675854,26.655268354675854,0.9084688677677093,0.012040362653300515,small_absolute_excursion
27,1192781,1192323,458,1192356,33.0,0.07205240174672489,-672.498352250164,-646.7607851244436,-25.737567125720375,25.737567125720375,0.9177012289554796,0.012040362653300515,small_absolute_excursion
27,1192781,1192323,458,1192362,39.0,0.0851528384279476,-685.375917287713,-651.0253282485763,-34.35058903913671,34.35058903913671,-1.4355036522360554,0.012040362653300515,small_absolute_excursion
27,1192781,1192323,458,1192370,47.0,0.10262008733624454,-697.8695997630793,-656.7113857474201,-41.15821401565927,41.15821401565927,-0.8509531220653201,0.012040362653300515,small_absolute_excursion
27,1192781,1192323,458,1192379,56.0,0.1222707423580786,-695.6528994217855,-663.1082004336193,-32.54469898816615,32.54469898816615,0.9570572252770135,0.012040362653300515,small_absolute_excursion
27,1192781,1192323,458,1192387,64.0,0.13973799126637554,-694.0087345901973,-668.7942579324631,-25.214476657734167,25.214476657734167,0.9162777913039974,0.012040362653300515,small_absolute_excursion
27,1192781,1192323,458,1192390,67.0,0.1462882096069869,-693.4360896905034,-670.9265294945295,-22.509560195973904,22.509560195973904,0.9016388205867543,0.012040362653300515,small_absolute_excursion
27,1192781,1192323,458,1192403,80.0,0.17467248908296942,-704.8220215654724,-680.1663729301506,-24.655648635321768,24.655648635321768,-0.16508372610368183,0.012040362653300515,small_absolute_excursion
27,1192781,1192323,458,1192418,95.0,0.2074235807860262,-729.7944051076133,-690.8277307404826,-38.966674367130736,38.966674367130736,-0.9540683821205979,0.012040362653300515,small_absolute_excursion
27,1192781,1192323,458,1192436,113.0,0.24672489082969432,-754.0665042414711,-703.621360112881,-50.44514412859007,50.44514412859007,-0.6376927645255187,0.012040362653300515,small_absolute_excursion
27,1192781,1192323,458,1192451,128.0,0.2794759825327511,-750.8396467773717,-714.2827179232131,-36.55692885415863,36.55692885415863,0.9258810182954297,0.012040362653300515,small_absolute_excursion
27,1192781,1192323,458,1192457,134.0,0.2925764192139738,-763.6867955064328,-718.5472610473458,-45.13953445908692,45.13953445908692,-1.4304342674880484,0.012040362653300515,small_absolute_excursion
27,1192781,1192323,458,1192483,160.0,0.34934497816593885,-786.1995567314142,-737.0269479185881,-49.17260881282607,49.17260881282607,-0.1551182443745828,0.012040362653300515,small_absolute_excursion
27,1192781,1192323,458,1192514,191.0,0.4170305676855895,-780.0027513613384,-759.0604207266076,-20.94233063473075,20.94233063473075,0.9106541347772683,0.012040362653300515,small_absolute_excursion
27,1192781,1192323,458,1192550,227.0,0.49563318777292575,-800.7015712576952,-784.6476794714044,-16.053891786290706,16.053891786290706,0.1357899680122235,0.012040362653300515,small_absolute_excursion
27,1192781,1192323,458,1192594,271.0,0.5917030567685589,-861.6357661227847,-815.9209957150451,-45.71477040773959,45.71477040773959,-0.674110877760202,0.012040362653300515,small_absolute_excursion
27,1192781,1192323,458,1192646,323.0,0.7052401746724891,-864.8521750471368,-852.8803694575295,-11.971805589607357,11.971805589607357,0.648903169579466,0.012040362653300515,small_absolute_excursion
27,1192781,1192323,458,1192707,384.0,0.8384279475982532,-908.2033384513156,-896.2365578862131,-11.966780565102567,11.966780565102567,8.237745089818268e-05,0.012040362653300515,small_absolute_excursion
27,1192781,1192323,458,1192781,458.0,1.0,-948.8325897505176,-948.8325897505177,1.1368683772161603e-13,1.1368683772161603e-13,0.16171325087976596,0.012040362653300515,small_absolute_excursion
14,1195669,1195386,205,1195386,0.0,0.0,-686.8422426041038,-686.8422426041038,0.0,0.0,,0.01271445729899623,small_absolute_excursion
14,1195669,1195386,205,1195387,1.0,0.004878048780487805,-700.5128730793961,-687.7288737273577,-12.783999352038336,12.783999352038336,-12.783999352038336,0.01271445729899623,small_absolute_excursion
14,1195669,1195386,205,1195388,2.0,0.00975609756097561,-700.5128730793924,-688.6155048506115,-11.89736822878092,11.89736822878092,0.8866311232574162,0.01271445729899623,small_absolute_excursion
14,1195669,1195386,205,1195389,3.0,0.014634146341463415,-700.1895230143924,-689.5021359738654,-10.687387040527028,10.687387040527028,1.2099811882538916,0.01271445729899623,small_absolute_excursion
14,1195669,1195386,205,1195390,4.0,0.01951219512195122,-700.0458118743924,-690.3887670971192,-9.6570447772732,9.6570447772732,1.0303422632538286,0.01271445729899623,small_absolute_excursion
14,1195669,1195386,205,1195391,5.0,0.024390243902439025,-699.7224618093924,-691.2753982203731,-8.447063589019308,8.447063589019308,1.2099811882538916,0.01271445729899623,small_absolute_excursion
14,1195669,1195386,205,1195392,6.0,0.02926829268292683,-699.7170782495173,-692.1620293436268,-7.55504890589043,7.55504890589043,0.8920146831288776,0.01271445729899623,small_absolute_excursion
14,1195669,1195386,205,1195393,7.0,0.03414634146341464,-699.3937281845173,-693.0486604668807,-6.345067717636539,6.345067717636539,1.2099811882538916,0.01271445729899623,small_absolute_excursion
14,1195669,1195386,205,1195394,8.0,0.03902439024390244,-699.3935975413254,-693.9352915901345,-5.458305951190937,5.458305951190937,0.886761766445602,0.01271445729899623,small_absolute_excursion
14,1195669,1195386,205,1195396,10.0,0.04878048780487805,-698.9265363363254,-695.7085538366422,-3.2179824996832167,3.2179824996832167,1.12016172575386,0.01271445729899623,small_absolute_excursion
14,1195669,1195386,205,1195397,11.0,0.05365853658536585,-698.6031862713255,-696.5951849598961,-2.008001311429439,2.008001311429439,1.2099811882537779,0.01271445729899623,small_absolute_excursion
14,1195669,1195386,205,1195399,13.0,0.06341463414634146,-698.1742525116316,-698.3684472064037,0.19419469477213624,0.19419469477213624,1.1010980031007875,0.01271445729899623,small_absolute_excursion
14,1195669,1195386,205,1195402,16.0,0.07804878048780488,-697.7057050667465,-701.0283405761653,3.322635509418774,3.322635509418774,1.0428136048822125,0.01271445729899623,small_absolute_excursion
14,1195669,1195386,205,1195404,18.0,0.08780487804878048,-697.339597968358,-702.801602822673,5.462004854314955,5.462004854314955,1.0696846724480906,0.01271445729899623,small_absolute_excursion
14,1195669,1195386,205,1195407,21.0,0.1024390243902439,-696.485953796758,-705.4614961924344,8.97554239567637,8.97554239567637,1.1711791804538052,0.01271445729899623,small_absolute_excursion
14,1195669,1195386,205,1195411,25.0,0.12195121951219512,-695.6893908013835,-709.0080206854499,13.318629884066354,13.318629884066354,1.0857718720974958,0.01271445729899623,small_absolute_excursion
14,1195669,1195386,205,1195416,30.0,0.14634146341463414,-694.5864517950896,-713.441176301719,18.854724506629395,18.854724506629395,1.1072189245126083,0.01271445729899623,small_absolute_excursion
14,1195669,1195386,205,1195418,32.0,0.15609756097560976,-694.2617113508798,-715.2144385482267,20.952727197346917,20.952727197346917,1.0490013453587608,0.01271445729899623,small_absolute_excursion
14,1195669,1195386,205,1195421,35.0,0.17073170731707318,-707.4653090634392,-717.8743319179882,10.409022854548994,10.409022854548994,-3.5145681142659746,0.01271445729899623,small_absolute_excursion
14,1195669,1195386,205,1195427,41.0,0.2,-706.3336459947332,-723.1941186575112,16.86047266277808,16.86047266277808,1.0752416347048477,0.01271445729899623,small_absolute_excursion
14,1195669,1195386,205,1195434,48.0,0.23414634146341465,-719.2090949203604,-729.4005365202881,10.19144159992777,10.19144159992777,-0.9527187232643298,0.01271445729899623,small_absolute_excursion
14,1195669,1195386,205,1195442,56.0,0.2731707317073171,-717.4288427601612,-736.4935855063188,19.064742746157663,19.064742746157663,1.1091626432787365,0.01271445729899623,small_absolute_excursion
14,1195669,1195386,205,1195450,64.0,0.3121951219512195,-715.5983191451727,-743.5866344923496,27.988315347176922,27.988315347176922,1.1154465751274074,0.01271445729899623,small_absolute_excursion
14,1195669,1195386,205,1195452,66.0,0.32195121951219513,-715.2746483162667,-745.3598967388573,30.085248422590553,30.085248422590553,1.0484665377068154,0.01271445729899623,small_absolute_excursion
14,1195669,1195386,205,1195464,78.0,0.3804878048780488,-740.9117251038897,-755.9994702179033,15.087745114013615,15.087745114013615,-1.2497919423814114,0.01271445729899623,small_absolute_excursion
14,1195669,1195386,205,1195478,92.0,0.44878048780487806,-751.888483115022,-768.4123059434571,16.523822828435073,16.523822828435073,0.10257697960153271,0.01271445729899623,small_absolute_excursion
14,1195669,1195386,205,1195494,108.0,0.526829268292683,-776.7224697952367,-782.5984039155186,5.8759341202818405,5.8759341202818405,-0.665493044259577,0.01271445729899623,small_absolute_excursion
14,1195669,1195386,205,1195512,126.0,0.6146341463414634,-786.9428113126139,-798.5577641340876,11.614952821473707,11.614952821473707,0.31883437228843703,0.01271445729899623,small_absolute_excursion
14,1195669,1195386,205,1195514,128.0,0.624390243902439,-786.5767042142255,-800.3310263805954,13.754322166369889,13.754322166369889,1.0696846724480906,0.01271445729899623,small_absolute_excursion
14,1195669,1195386,205,1195534,148.0,0.7219512195121951,-782.4126312927627,-818.0636488456721,35.651017552909366,35.651017552909366,1.0948347693269738,0.01271445729899623,small_absolute_excursion
14,1195669,1195386,205,1195560,174.0,0.848780487804878,-819.0788568658616,-841.1160580502719,22.037201184410378,22.037201184410378,-0.5236083218653457,0.01271445729899623,small_absolute_excursion
14,1195669,1195386,205,1195591,205.0,1.0,-868.601622871141,-868.601622871141,0.0,0.0,-0.7108774575616251,0.01271445729899623,small_absolute_excursion
19,1515197,1513853,1344,1513853,0.0,0.0,-753.3241327486062,-753.3241327486062,0.0,0.0,,0.010342591208451771,small_absolute_excursion
19,1515197,1513853,1344,1513854,1.0,0.000744047619047619,-753.2813757152178,-754.0717251618712,0.7903494466534084,0.7903494466534084,0.7903494466534084,0.010342591208451771,small_absolute_excursion
19,1515197,1513853,1344,1513855,2.0,0.001488095238095238,-752.9580256502178,-754.8193175751362,1.8612919249184188,1.8612919249184188,1.0709424782650103,0.010342591208451771,small_absolute_excursion
19,1515197,1513853,1344,1513856,3.0,0.002232142857142857,-752.7510816086178,-755.5669099884012,2.8158283797833974,2.8158283797833974,0.9545364548649786,0.010342591208451771,small_absolute_excursion
19,1515197,1513853,1344,1513857,4.0,0.002976190476190476,-752.4277315436178,-756.3145024016662,3.8867708580484077,3.8867708580484077,1.0709424782650103,0.010342591208451771,small_absolute_excursion
19,1515197,1513853,1344,1513858,5.0,0.003720238095238095,-752.2840204036178,-757.0620948149312,4.778074411313469,4.778074411313469,0.891303553265061,0.010342591208451771,small_absolute_excursion
19,1515197,1513853,1344,1513859,6.0,0.004464285714285714,-766.190842916481,-757.8096872281963,-8.381155688284707,8.381155688284707,-13.159230099598176,0.010342591208451771,small_absolute_excursion
19,1515197,1513853,1344,1513861,8.0,0.005952380952380952,-765.8674928514788,-759.3048720547264,-6.562620796752412,6.562620796752412,0.9092674457661474,0.010342591208451771,small_absolute_excursion
19,1515197,1513853,1344,1513863,10.0,0.00744047619047619,-765.5437376176292,-760.8000568812564,-4.743680736372767,4.743680736372767,0.9094700301898229,0.010342591208451771,small_absolute_excursion
19,1515197,1513853,1344,1513865,12.0,0.008928571428571428,-765.0766764126292,-762.2952417077864,-2.781434704842809,2.781434704842809,0.9811230157649788,0.010342591208451771,small_absolute_excursion
19,1515197,1513853,1344,1513868,15.0,0.011160714285714286,-764.5284805723268,-764.5380189475815,0.009538375254692255,0.009538375254692255,0.9303243600325004,0.010342591208451771,small_absolute_excursion
19,1515197,1513853,1344,1513869,16.0,0.011904761904761904,-764.2051305073268,-765.2856113608465,1.0804808535197026,1.0804808535197026,1.0709424782650103,0.010342591208451771,small_absolute_excursion
19,1515197,1513853,1344,1513871,18.0,0.013392857142857142,-777.9682498069205,-766.7807961873765,-11.187453619544044,11.187453619544044,-6.133967236531873,0.010342591208451771,small_absolute_excursion
19,1515197,1513853,1344,1513875,22.0,0.01636904761904762,-777.3215346622158,-769.7711658404367,-7.550368821779102,7.550368821779102,0.9092711994412355,0.010342591208451771,small_absolute_excursion
19,1515197,1513853,1344,1513880,27.0,0.020089285714285716,-776.5297445657019,-773.5091279067617,-3.0206166589401846,3.0206166589401846,0.9059504325677835,0.010342591208451771,small_absolute_excursion
19,1515197,1513853,1344,1513885,32.0,0.023809523809523808,-775.3103995360079,-777.2470899730868,1.9366904370788234,1.9366904370788234,0.9914614192038016,0.010342591208451771,small_absolute_excursion
19,1515197,1513853,1344,1513886,33.0,0.024553571428571428,-775.103455494408,-777.9946823863518,2.891226891943802,2.891226891943802,0.9545364548649786,0.010342591208451771,small_absolute_excursion
19,1515197,1513853,1344,1513894,41.0,0.03050595238095238,-787.7222136461721,-783.975421692472,-3.7467919537001535,3.7467919537001535,-0.8297523557054944,0.010342591208451771,small_absolute_excursion
19,1515197,1513853,1344,1513903,50.0,0.03720238095238095,-785.6313227111759,-790.7037534118571,5.072430700681139,5.072430700681139,0.979913628264588,0.010342591208451771,small_absolute_excursion
19,1515197,1513853,1344,1513914,61.0,0.04538690476190476,-812.1875074947509,-798.9272699577723,-13.260237536978593,13.260237536978593,-1.666606203423612,0.010342591208451771,small_absolute_excursion
19,1515197,1513853,1344,1513917,64.0,0.047619047619047616,-811.3338633231509,-801.1700471975673,-10.163816125583594,10.163816125583594,1.0321404704649997,0.010342591208451771,small_absolute_excursion
19,1515197,1513853,1344,1513928,75.0,0.05580357142857143,-837.6404206702921,-809.3935637434826,-28.246856926809528,28.246856926809528,-1.6439128001114485,0.010342591208451771,small_absolute_excursion
19,1515197,1513853,1344,1513946,93.0,0.06919642857142858,-848.2152945786586,-822.8502271822529,-25.36506739640572,25.36506739640572,0.16009941835576708,0.010342591208451771,small_absolute_excursion
19,1515197,1513853,1344,1513967,114.0,0.08482142857142858,-872.2941147086613,-838.5496678608183,-33.74444684784294,33.74444684784294,-0.3990180691160579,0.010342591208451771,small_absolute_excursion
19,1515197,1513853,1344,1513981,128.0,0.09523809523809523,-883.6424072329437,-849.0159616465286,-34.626445586415116,34.626445586415116,-0.06299990989801277,0.010342591208451771,small_absolute_excursion
19,1515197,1513853,1344,1513993,140.0,0.10416666666666667,-895.3298185415275,-857.9870706057088,-37.34274793581869,37.34274793581869,-0.22635852911696475,0.010342591208451771,small_absolute_excursion
19,1515197,1513853,1344,1514025,172.0,0.12797619047619047,-888.7499541313925,-881.9100278301894,-6.83992630120315,6.83992630120315,0.9532131760817357,0.010342591208451771,small_absolute_excursion
19,1515197,1513853,1344,1514064,211.0,0.15699404761904762,-952.1750681496644,-911.066131947525,-41.108936202139375,41.108936202139375,-0.8786925615624673,0.010342591208451771,small_absolute_excursion
19,1515197,1513853,1344,1514112,259.0,0.19270833333333334,-970.6473775601164,-946.950567784246,-23.696809775870406,23.696809775870406,0.3627526338806035,0.010342591208451771,small_absolute_excursion
19,1515197,1513853,1344,1514171,318.0,0.23660714285714285,-1001.0969264131191,-991.0585201668821,-10.03840624623706,10.03840624623706,0.23149836490903977,0.010342591208451771,small_absolute_excursion
19,1515197,1513853,1344,1514244,391.0,0.29092261904761907,-1057.461473013963,-1045.6327663352286,-11.828706678734534,11.828706678734534,-0.024524663458869514,0.010342591208451771,small_absolute_excursion
19,1515197,1513853,1344,1514333,480.0,0.35714285714285715,-1124.3989375810806,-1112.168491115815,-12.230446465265686,12.230446465265686,-0.004513930185743284,0.010342591208451771,small_absolute_excursion
19,1515197,1513853,1344,1514443,590.0,0.43898809523809523,-1201.4006974019726,-1194.403656574967,-6.997040827005549,6.997040827005549,0.04757641489327398,0.010342591208451771,small_absolute_excursion
19,1515197,1513853,1344,1514578,725.0,0.5394345238095238,-1316.0945706847965,-1295.3286323657446,-20.765938319051884,20.765938319051884,-0.1019918332744173,0.010342591208451771,small_absolute_excursion
19,1515197,1513853,1344,1514743,890.0,0.6622023809523809,-1495.4711299799765,-1418.6813805544725,-76.78974942550394,76.78974942550394,-0.33953824913001246,0.010342591208451771,small_absolute_excursion
19,1515197,1513853,1344,1514947,1094.0,0.8139880952380952,-1624.2953653189484,-1571.1902328605365,-53.105132458411845,53.105132458411845,0.11610106356417695,0.010342591208451771,small_absolute_excursion
19,1515197,1513853,1344,1515197,1344.0,1.0,-1758.088336176791,-1758.088336176791,0.0,0.0,0.21242052983364737,0.010342591208451771,small_absolute_excursion
12,3279709,3278912,797,3278912,0.0,0.0,-1129.0381509763808,-1129.0381509763808,0.0,0.0,,0.01140626154171027,small_absolute_excursion
12,3279709,3278912,797,3278913,1.0,0.0012547051442910915,-1128.7148009113807,-1129.623148840808,0.9083479294272365,0.9083479294272365,0.9083479294272365,0.01140626154171027,small_absolute_excursion
12,3279709,3278912,797,3278914,2.0,0.002509410288582183,-1128.571089771381,-1130.208146705235,1.6370569338541827,1.6370569338541827,0.7287090044269462,0.01140626154171027,small_absolute_excursion
12,3279709,3278912,797,3278915,3.0,0.0037641154328732747,-1128.2477397063808,-1130.7931445696622,2.5454048632814192,2.5454048632814192,0.9083479294272365,0.01140626154171027,small_absolute_excursion
12,3279709,3278912,797,3278916,4.0,0.005018820577164366,-1128.0407956647807,-1131.3781424340893,3.337346769308624,3.337346769308624,0.7919419060272048,0.01140626154171027,small_absolute_excursion
12,3279709,3278912,797,3278917,5.0,0.006273525721455458,-1142.720469342692,-1131.9631402985165,-10.757329044175549,10.757329044175549,-14.094675813484173,0.01140626154171027,small_absolute_excursion
12,3279709,3278912,797,3278918,6.0,0.0075282308657465494,-1142.7204693426916,-1132.5481381629438,-10.172331179747744,10.172331179747744,0.5849978644278053,0.01140626154171027,small_absolute_excursion
12,3279709,3278912,797,3278919,7.0,0.00878293601003764,-1142.3971192776914,-1133.133136027371,-9.263983250320507,9.263983250320507,0.9083479294272365,0.01140626154171027,small_absolute_excursion
12,3279709,3278912,797,3278920,8.0,0.010037641154328732,-1142.2534081376914,-1133.718133891798,-8.535274245893334,8.535274245893334,0.7287090044271736,0.01140626154171027,small_absolute_excursion
12,3279709,3278912,797,3278922,10.0,0.012547051442910916,-1141.929652903842,-1134.8881296206523,-7.04152328318969,7.04152328318969,0.7468754813518217,0.01140626154171027,small_absolute_excursion
12,3279709,3278912,797,3278924,12.0,0.015056461731493099,-1141.60617219565,-1136.0581253495066,-5.548046846143507,5.548046846143507,0.7467382185230917,0.01140626154171027,small_absolute_excursion
12,3279709,3278912,797,3278926,14.0,0.01756587202007528,-1141.13911099065,-1137.2281210783608,-3.9109899122890965,3.9109899122890965,0.818528466927205,0.01140626154171027,small_absolute_excursion
12,3279709,3278912,797,3278928,16.0,0.020075282308657464,-1155.8187877183436,-1138.3981168072153,-17.420670911128354,17.420670911128354,-6.754840499419629,0.01140626154171027,small_absolute_excursion
12,3279709,3278912,797,3278930,18.0,0.02258469259723965,-1155.4954168759127,-1139.5681125360695,-15.927304339843204,15.927304339843204,0.7466832856425754,0.01140626154171027,small_absolute_excursion
12,3279709,3278912,797,3278933,21.0,0.026348808030112924,-1154.705005605913,-1141.323106129351,-13.381899476562012,13.381899476562012,0.8484682877603973,0.01140626154171027,small_absolute_excursion
12,3279709,3278912,797,3278938,26.0,0.03262233375156838,-1153.6020665996189,-1144.2480954514865,-9.35397114813236,9.35397114813236,0.8055856656859305,0.01140626154171027,small_absolute_excursion
12,3279709,3278912,797,3278943,31.0,0.03889585947302384,-1167.6340760180378,-1147.1730847736223,-20.46099124441548,20.46099124441548,-2.2214040192566245,0.01140626154171027,small_absolute_excursion
12,3279709,3278912,797,3278944,32.0,0.04015056461731493,-1167.4903648780378,-1147.7580826380495,-19.732282239988308,19.732282239988308,0.7287090044271736,0.01140626154171027,small_absolute_excursion
12,3279709,3278912,797,3278950,38.0,0.04767879548306148,-1166.064075806744,-1151.2680698246124,-14.796005982131646,14.796005982131646,0.822712709642777,0.01140626154171027,small_absolute_excursion
12,3279709,3278912,797,3278957,45.0,0.056461731493099125,-1164.5963204552315,-1155.3630548756023,-9.233265579629233,9.233265579629233,0.7946772003574877,0.01140626154171027,small_absolute_excursion
12,3279709,3278912,797,3278967,55.0,0.06900878293601004,-1177.5748631623592,-1161.2130335198738,-16.361829642485418,16.361829642485418,-0.7128564062856185,0.01140626154171027,small_absolute_excursion
12,3279709,3278912,797,3278976,64.0,0.08030112923462986,-1190.7901143684535,-1166.478014299718,-24.31210006873539,24.31210006873539,-0.8833633806944413,0.01140626154171027,small_absolute_excursion
12,3279709,3278912,797,3278979,67.0,0.08406524466750313,-1190.1128012145484,-1168.2330078929995,-21.87979332154896,21.87979332154896,0.8107689157288102,0.01140626154171027,small_absolute_excursion
12,3279709,3278912,797,3278993,81.0,0.10163111668757842,-1232.321765868715,-1176.4229779949796,-55.89878787373527,55.89878787373527,-2.4299281822990224,0.01140626154171027,small_absolute_excursion
12,3279709,3278912,797,3279010,98.0,0.12296110414052698,-1258.852260449092,-1186.367941690241,-72.48431875885103,72.48431875885103,-0.9756194638303387,0.01140626154171027,small_absolute_excursion
12,3279709,3278912,797,3279030,118.0,0.1480552070263488,-1254.7835038574426,-1198.067898978784,-56.71560487865872,56.71560487865872,0.7884356940096154,0.01140626154171027,small_absolute_excursion
12,3279709,3278912,797,3279040,128.0,0.1606022584692597,-1267.5698638558397,-1203.9178776230553,-63.65198623278434,63.65198623278434,-0.6936381354125615,0.01140626154171027,small_absolute_excursion
12,3279709,3278912,797,3279055,143.0,0.1794228356336261,-1264.6800513198557,-1212.6928455894626,-51.98720573039304,51.98720573039304,0.777652033492753,0.01140626154171027,small_absolute_excursion
12,3279709,3278912,797,3279085,173.0,0.21706398996235884,-1258.4106918123002,-1230.2427815222768,-28.16791029002343,28.16791029002343,0.7939765146789871,0.01140626154171027,small_absolute_excursion
12,3279709,3278912,797,3279121,209.0,0.26223337515683814,-1250.910379103546,-1251.3027046416541,0.39232553810825266,0.39232553810825266,0.793339884114769,0.01140626154171027,small_absolute_excursion
12,3279709,3278912,797,3279166,254.0,0.3186951066499373,-1271.7636406541972,-1277.6276085408756,5.863967886678438,5.863967886678438,0.12159205219044857,0.01140626154171027,small_absolute_excursion
12,3279709,3278912,797,3279219,307.0,0.3851944792973651,-1335.8924661680887,-1308.6324953555143,-27.259970812574466,27.259970812574466,-0.624979975457602,0.01140626154171027,small_absolute_excursion
12,3279709,3278912,797,3279283,371.0,0.465495608531995,-1367.72086133873,-1346.0723586788515,-21.64850265987843,21.64850265987843,0.08767918988587553,0.01140626154171027,small_absolute_excursion
12,3279709,3278912,797,3279362,450.0,0.5646173149309912,-1411.7123250254554,-1392.287189968596,-19.42513505685929,19.42513505685929,0.02814389370910306,0.01140626154171027,small_absolute_excursion
12,3279709,3278912,797,3279456,544.0,0.6825595984943539,-1467.2601584218896,-1447.2769892247475,-19.98316919714216,19.98316919714216,-0.005936533407264583,0.01140626154171027,small_absolute_excursion
12,3279709,3278912,797,3279571,659.0,0.8268506900878294,-1548.6695635311944,-1514.5517436338691,-34.11781989732526,34.11781989732526,-0.12291000608854871,0.01140626154171027,small_absolute_excursion
12,3279709,3278912,797,3279709,797.0,1.0,-1595.281448924815,-1595.281448924815,0.0,0.0,0.24723057896612508,0.01140626154171027,small_absolute_excursion
60,3291137,3290975,8,3290975,0.0,0.0,-997.1631099024464,-997.1631099024464,0.0,0.0,,0.020567236449224698,small_absolute_excursion
60,3291137,3290975,8,3290976,1.0,0.125,-996.9561658608466,-1002.5851139917513,5.628948130904746,5.628948130904746,5.628948130904746,0.020567236449224698,small_absolute_excursion
60,3291137,3290975,8,3290977,2.0,0.25,-1011.6395108349903,-1008.0071180810563,-3.6323927539340275,3.6323927539340275,-9.261340884838773,0.020567236449224698,small_absolute_excursion
60,3291137,3290975,8,3290978,3.0,0.375,-1011.63951083499,-1013.4291221703612,1.7896113353712053,1.7896113353712053,5.422004089305233,0.020567236449224698,small_absolute_excursion
60,3291137,3290975,8,3290979,4.0,0.5,-1011.31616076999,-1018.8511262596662,7.53496548967621,7.53496548967621,5.745354154305005,0.020567236449224698,small_absolute_excursion
60,3291137,3290975,8,3290980,5.0,0.625,-1011.17244962999,-1024.273130348971,13.100680718981152,13.100680718981152,5.565715229304942,0.020567236449224698,small_absolute_excursion
60,3291137,3290975,8,3290981,6.0,0.75,-1025.8557958195777,-1029.695134438276,3.8393386186983207,3.8393386186983207,-9.261342100282832,0.020567236449224698,small_absolute_excursion
60,3291137,3290975,8,3290982,7.0,0.875,-1025.855795819577,-1035.117138527581,9.261342708003895,9.261342708003895,5.422004089305574,0.020567236449224698,small_absolute_excursion
60,3291137,3290975,8,3290983,8.0,1.0,-1040.539142616886,-1040.539142616886,0.0,0.0,-9.261342708003895,0.020567236449224698,small_absolute_excursion
96,3438637,3438262,375,3438262,0.0,0.0,-985.655207590264,-985.655207590264,0.0,0.0,,0.009160975209349569,small_absolute_excursion
96,3438637,3438262,375,3438263,1.0,0.0026666666666666666,-1000.382334485227,-986.3723162733527,-14.010018211874353,14.010018211874353,-14.010018211874353,0.009160975209349569,small_absolute_excursion
96,3438637,3438262,375,3438264,2.0,0.005333333333333333,-1000.3823344852266,-987.0894249564412,-13.292909528785344,13.292909528785344,0.717108683089009,0.009160975209349569,small_absolute_excursion
96,3438637,3438262,375,3438265,3.0,0.008,-1000.0589844202266,-987.8065336395299,-12.252450780696677,12.252450780696677,1.0404587480886676,0.009160975209349569,small_absolute_excursion
96,3438637,3438262,375,3438266,4.0,0.010666666666666666,-999.8520403786266,-988.5236423226185,-11.328398056008155,11.328398056008155,0.9240527246885222,0.009160975209349569,small_absolute_excursion
96,3438637,3438262,375,3438267,5.0,0.013333333333333334,-999.5286903136266,-989.2407510057071,-10.287939307919487,10.287939307919487,1.0404587480886676,0.009160975209349569,small_absolute_excursion
96,3438637,3438262,375,3438268,6.0,0.016,-999.3849791736266,-989.9578596887957,-9.427119484830882,9.427119484830882,0.8608198230886046,0.009160975209349569,small_absolute_excursion
96,3438637,3438262,375,3438270,8.0,0.021333333333333333,-999.055477383252,-991.3920770549729,-7.663400328279067,7.663400328279067,0.8818595782759076,0.009160975209349569,small_absolute_excursion
96,3438637,3438262,375,3438271,9.0,0.024,-998.732127318252,-992.1091857380616,-6.6229415801904,6.6229415801904,1.0404587480886676,0.009160975209349569,small_absolute_excursion
96,3438637,3438262,375,3438272,10.0,0.02666666666666667,-998.731806554346,-992.8262944211502,-5.905512133195771,5.905512133195771,0.717429446994629,0.009160975209349569,small_absolute_excursion
96,3438637,3438262,375,3438273,11.0,0.029333333333333333,-998.408456489346,-993.5434031042388,-4.865053385107217,4.865053385107217,1.0404587480885539,0.009160975209349569,small_absolute_excursion
96,3438637,3438262,375,3438275,13.0,0.034666666666666665,-997.941395284346,-994.977620470416,-2.9637748139299447,2.9637748139299447,0.9506392855886361,0.009160975209349569,small_absolute_excursion
96,3438637,3438262,375,3438277,15.0,0.04,-1012.4615822095244,-996.4118378365932,-16.049744372931173,16.049744372931173,-6.542984779500614,0.009160975209349569,small_absolute_excursion
96,3438637,3438262,375,3438278,16.0,0.042666666666666665,-1012.4615822095238,-997.1289465196819,-15.332635689841936,15.332635689841936,0.7171086830892364,0.009160975209349569,small_absolute_excursion
96,3438637,3438262,375,3438280,18.0,0.048,-1011.9945210045238,-998.5631638858591,-13.431357118664664,13.431357118664664,0.9506392855886361,0.009160975209349569,small_absolute_excursion
96,3438637,3438262,375,3438283,21.0,0.056,-1026.2927199566668,-1000.714489935125,-25.5782300215418,25.5782300215418,-4.048957634292378,0.009160975209349569,small_absolute_excursion
96,3438637,3438262,375,3438287,25.0,0.06666666666666667,-1040.5527926268735,-1003.5829246674795,-36.96986795939404,36.96986795939404,-2.8479094844630595,0.009160975209349569,small_absolute_excursion
96,3438637,3438262,375,3438292,30.0,0.08,-1039.7621057108058,-1007.1684680829226,-32.593637627883254,32.593637627883254,0.8752460663021566,0.009160975209349569,small_absolute_excursion
96,3438637,3438262,375,3438294,32.0,0.08533333333333333,-1039.4289756816472,-1008.6026854490998,-30.82629023254742,30.82629023254742,0.8836736976679163,0.009160975209349569,small_absolute_excursion
96,3438637,3438262,375,3438297,35.0,0.09333333333333334,-1038.5753315100471,-1010.7540114983657,-27.82132001168145,27.82132001168145,1.001656740288657,0.009160975209349569,small_absolute_excursion
96,3438637,3438262,375,3438303,41.0,0.10933333333333334,-1037.4398893317464,-1015.0566635968974,-22.38322573484902,22.38322573484902,0.9063490461387383,0.009160975209349569,small_absolute_excursion
96,3438637,3438262,375,3438311,49.0,0.13066666666666665,-1035.652093560506,-1020.7935330616062,-14.858560498899806,14.858560498899806,0.9405831544936518,0.009160975209349569,small_absolute_excursion
96,3438637,3438262,375,3438320,58.0,0.15466666666666667,-1049.2644288770907,-1027.247511209404,-22.016917667686812,22.016917667686812,-0.7953730187541118,0.009160975209349569,small_absolute_excursion
96,3438637,3438262,375,3438326,64.0,0.17066666666666666,-1047.8381398057968,-1031.5501633079355,-16.287976497861337,16.287976497861337,0.9548235283042459,0.009160975209349569,small_absolute_excursion
96,3438637,3438262,375,3438331,69.0,0.184,-1046.724375206862,-1035.1357067233787,-11.588668483483389,11.588668483483389,0.9398616028755896,0.009160975209349569,small_absolute_excursion
96,3438637,3438262,375,3438344,82.0,0.21866666666666668,-1044.15222350824,-1044.4581196035306,0.3058960952905636,0.3058960952905636,0.9149665060595348,0.009160975209349569,small_absolute_excursion
96,3438637,3438262,375,3438359,97.0,0.25866666666666666,-1070.9855936011595,-1055.2147498498598,-15.770843751299708,15.770843751299708,-1.0717826564393513,0.009160975209349569,small_absolute_excursion
96,3438637,3438262,375,3438377,115.0,0.30666666666666664,-1097.5234508509168,-1068.1227061454551,-29.400744705461648,29.400744705461648,-0.7572167196756633,0.009160975209349569,small_absolute_excursion
96,3438637,3438262,375,3438390,128.0,0.3413333333333333,-1110.0033010264196,-1077.445119025607,-32.55818200081262,32.55818200081262,-0.2428797919500749,0.009160975209349569,small_absolute_excursion
96,3438637,3438262,375,3438398,136.0,0.3626666666666667,-1123.367004483802,-1083.181988490316,-40.185015993486104,40.185015993486104,-0.9533542490841853,0.009160975209349569,small_absolute_excursion
96,3438637,3438262,375,3438423,161.0,0.42933333333333334,-1133.129680760567,-1101.1097055675314,-32.019975193035634,32.019975193035634,0.3266016320180188,0.009160975209349569,small_absolute_excursion
96,3438637,3438262,375,3438452,190.0,0.5066666666666667,-1157.4265931757002,-1121.9058573771013,-35.520735798598935,35.520735798598935,-0.12071588295045864,0.009160975209349569,small_absolute_excursion
96,3438637,3438262,375,3438488,226.0,0.6026666666666667,-1164.9172062737664,-1147.7217699682915,-17.195436305474914,17.195436305474914,0.5090360970312228,0.009160975209349569,small_absolute_excursion
96,3438637,3438262,375,3438529,267.0,0.712,-1216.7555316064083,-1177.123225974925,-39.632305631483405,39.632305631483405,-0.5472407152684998,0.009160975209349569,small_absolute_excursion
96,3438637,3438262,375,3438579,317.0,0.8453333333333334,-1221.4668780364946,-1212.9786601293558,-8.488217907138733,8.488217907138733,0.6228817544868934,0.009160975209349569,small_absolute_excursion
96,3438637,3438262,375,3438637,375.0,1.0,-1254.5709637484956,-1254.5709637484956,0.0,0.0,0.14634858460584022,0.009160975209349569,small_absolute_excursion
48,3440807,3439819,811,3439819,0.0,0.0,-1059.9835425069589,-1059.9835425069589,0.0,0.0,,0.008909869588272725,small_absolute_excursion
48,3440807,3439819,811,3439820,1.0,0.0012330456226880395,-1059.9835407104504,-1060.8364124903505,0.8528717799001697,0.8528717799001697,0.8528717799001697,0.008909869588272725,small_absolute_excursion
48,3440807,3439819,811,3439821,2.0,0.002466091245376079,-1059.6601906454505,-1061.689282473742,2.0290918282914845,2.0290918282914845,1.1762200483913148,0.008909869588272725,small_absolute_excursion
48,3440807,3439819,811,3439822,3.0,0.0036991368680641184,-1059.5164795054502,-1062.5421524571336,3.0256729516834184,3.0256729516834184,0.9965811233919339,0.008909869588272725,small_absolute_excursion
48,3440807,3439819,811,3439823,4.0,0.004932182490752158,-1074.2440600149878,-1063.3950224405253,-10.8490375744625,10.8490375744625,-13.874710526145918,0.008909869588272725,small_absolute_excursion
48,3440807,3439819,811,3439824,5.0,0.006165228113440197,-1074.244060014987,-1064.2478924239167,-9.996167591070389,9.996167591070389,0.852869983392111,0.008909869588272725,small_absolute_excursion
48,3440807,3439819,811,3439825,6.0,0.007398273736128237,-1073.9207099499872,-1065.1007624073084,-8.819947542678847,8.819947542678847,1.1762200483915422,0.008909869588272725,small_absolute_excursion
48,3440807,3439819,811,3439826,7.0,0.008631319358816275,-1073.7137659083874,-1065.9536323907,-7.760133517687336,7.760133517687336,1.0598140249915105,0.008909869588272725,small_absolute_excursion
48,3440807,3439819,811,3439827,8.0,0.009864364981504316,-1073.3904158433872,-1066.8065023740917,-6.583913469295567,6.583913469295567,1.1762200483917695,0.008909869588272725,small_absolute_excursion
48,3440807,3439819,811,3439828,9.0,0.011097410604192354,-1073.2467047033872,-1067.659372357483,-5.587332345904088,5.587332345904088,0.9965811233914792,0.008909869588272725,small_absolute_excursion
48,3440807,3439819,811,3439829,10.0,0.012330456226880395,-1087.974286957199,-1068.5122423408748,-19.462044616324192,19.462044616324192,-13.874712270420105,0.008909869588272725,small_absolute_excursion
48,3440807,3439819,811,3439830,11.0,0.013563501849568433,-1087.9742869571985,-1069.3651123242664,-18.60917463293208,18.60917463293208,0.852869983392111,0.008909869588272725,small_absolute_excursion
48,3440807,3439819,811,3439832,13.0,0.016029593094944512,-1087.633035158496,-1071.0708522910495,-16.56218286744661,16.56218286744661,1.0234958827427363,0.008909869588272725,small_absolute_excursion
48,3440807,3439819,811,3439835,16.0,0.01972872996300863,-1086.842623888496,-1073.6294622412242,-13.213161647271818,13.213161647271818,1.1163404067249303,0.008909869588272725,small_absolute_excursion
48,3440807,3439819,811,3439838,19.0,0.02342786683107275,-1086.3123184939325,-1076.188072191399,-10.124246302533493,10.124246302533493,1.0296384482461083,0.008909869588272725,small_absolute_excursion
48,3440807,3439819,811,3439842,23.0,0.02836004932182491,-1100.5728430312834,-1079.5995521249654,-20.97329090631797,20.97329090631797,-2.7122611509461194,0.008909869588272725,small_absolute_excursion
48,3440807,3439819,811,3439847,28.0,0.0345252774352651,-1099.4163246628948,-1083.8639020419232,-15.552422620971583,15.552422620971583,1.0841736570692775,0.008909869588272725,small_absolute_excursion
48,3440807,3439819,811,3439851,32.0,0.03945745992601726,-1098.6628883318433,-1087.2753819754896,-11.387506356353697,11.387506356353697,1.0412290661544716,0.008909869588272725,small_absolute_excursion
48,3440807,3439819,811,3439854,35.0,0.04315659679408138,-1098.190443566968,-1089.8339919256643,-8.356451641303693,8.356451641303693,1.0103515716833347,0.008909869588272725,small_absolute_excursion
48,3440807,3439819,811,3439861,42.0,0.051787916152897656,-1111.594252054456,-1095.8040818094055,-15.790170245050604,15.790170245050604,-1.061959800535273,0.008909869588272725,small_absolute_excursion
48,3440807,3439819,811,3439870,51.0,0.06288532675709001,-1124.8574288386662,-1103.4799116599297,-21.377517178736525,21.377517178736525,-0.6208163259651024,0.008909869588272725,small_absolute_excursion
48,3440807,3439819,811,3439882,63.0,0.07768187422934648,-1137.5714432259604,-1113.7143514606287,-23.85709176533169,23.85709176533169,-0.20663121554959693,0.008909869588272725,small_absolute_excursion
48,3440807,3439819,811,3439883,64.0,0.07891491985203453,-1137.2480931609605,-1114.5672214440203,-22.680871716940146,22.680871716940146,1.1762200483915422,0.008909869588272725,small_absolute_excursion
48,3440807,3439819,811,3439895,76.0,0.093711467324291,-1149.7566504603535,-1124.8016612447193,-24.954989215634214,24.954989215634214,-0.18950979155783898,0.008909869588272725,small_absolute_excursion
48,3440807,3439819,811,3439912,93.0,0.11467324290998766,-1176.5803147552888,-1139.3004509623763,-37.279863792912465,37.279863792912465,-0.7249926221928383,0.008909869588272725,small_absolute_excursion
48,3440807,3439819,811,3439932,113.0,0.13933415536374846,-1202.4515885667092,-1156.357850630208,-46.09373793650116,46.09373793650116,-0.44069370717943457,0.008909869588272725,small_absolute_excursion
48,3440807,3439819,811,3439947,128.0,0.15782983970406905,-1214.2845355717518,-1169.1509003810818,-45.13363519067002,45.13363519067002,0.06400684972207576,0.008909869588272725,small_absolute_excursion
48,3440807,3439819,811,3439957,138.0,0.17016029593094945,-1212.1574872356184,-1177.6796002149977,-34.477887020620756,34.477887020620756,1.0655748170049264,0.008909869588272725,small_absolute_excursion
48,3440807,3439819,811,3439987,168.0,0.20715166461159062,-1221.0651274626614,-1203.2656997167453,-17.79942774591609,17.79942774591609,0.5559486424901555,0.008909869588272725,small_absolute_excursion
48,3440807,3439819,811,3440023,204.0,0.25154130702836003,-1243.7799052610335,-1233.9690191188422,-9.810886142191293,9.810886142191293,0.22190393343679993,0.008909869588272725,small_absolute_excursion
48,3440807,3439819,811,3440068,249.0,0.3070283600493218,-1279.818085482172,-1272.3481683714635,-7.469917110708366,7.469917110708366,0.052021534032953946,0.008909869588272725,small_absolute_excursion
48,3440807,3439819,811,3440122,303.0,0.37361282367447596,-1329.0558736761586,-1318.4031474746093,-10.652726201549285,10.652726201549285,-0.05894090908964666,0.008909869588272725,small_absolute_excursion
48,3440807,3439819,811,3440188,369.0,0.45499383477188654,-1390.58232373002,-1374.6925663784539,-15.889757351566232,15.889757351566232,-0.07934895681843858,0.008909869588272725,small_absolute_excursion
48,3440807,3439819,811,3440268,449.0,0.5536374845869297,-1449.6544846532058,-1442.9221650497807,-6.73231960342514,6.73231960342514,0.11446797185176365,0.008909869588272725,small_absolute_excursion
48,3440807,3439819,811,3440366,547.0,0.6744759556103576,-1504.5785727243187,-1526.503423422156,21.9248506978372,21.9248506978372,0.29242010511492184,0.008909869588272725,small_absolute_excursion
48,3440807,3439819,811,3440485,666.0,0.8212083847102343,-1570.5138626910168,-1627.9949514457546,57.48108875473781,57.48108875473781,0.29879191644454295,0.008909869588272725,small_absolute_excursion
48,3440807,3439819,811,3440630,811.0,1.0,-1751.6610990375343,-1751.6610990375345,2.2737367544323206e-13,2.2737367544323206e-13,-0.39642130175681095,0.008909869588272725,small_absolute_excursion
82,12782599,12782006,494,12782006,0.0,0.0,-1913.6440995584924,-1913.6440995584924,0.0,0.0,,0.010868453870075753,small_absolute_excursion
82,12782599,12782006,494,12782007,1.0,0.0020242914979757085,-1913.3207494934925,-1914.2995540832944,0.9788045898019391,0.9788045898019391,0.9788045898019391,0.010868453870075753,small_absolute_excursion
82,12782599,12782006,494,12782008,2.0,0.004048582995951417,-1913.1770383534924,-1914.9550086080965,1.7779702546040426,1.7779702546040426,0.7991656648021035,0.010868453870075753,small_absolute_excursion
82,12782599,12782006,494,12782009,3.0,0.006072874493927126,-1929.2172374818,-1915.6104631328985,-13.606774348901581,13.606774348901581,-15.384744603505624,0.010868453870075753,small_absolute_excursion
82,12782599,12782006,494,12782010,4.0,0.008097165991902834,-1929.2172374818,-1916.2659176577004,-12.951319824099755,12.951319824099755,0.6554545248018258,0.010868453870075753,small_absolute_excursion
82,12782599,12782006,494,12782011,5.0,0.010121457489878543,-1928.8938874168,-1916.9213721825024,-11.972515234297589,11.972515234297589,0.9788045898021664,0.010868453870075753,small_absolute_excursion
82,12782599,12782006,494,12782012,6.0,0.012145748987854251,-1928.8511303834116,-1917.5768267073045,-11.274303676107138,11.274303676107138,0.6982115581904509,0.010868453870075753,small_absolute_excursion
82,12782599,12782006,494,12782013,7.0,0.01417004048582996,-1928.5277803184115,-1918.2322812321065,-10.295499086304972,10.295499086304972,0.9788045898021664,0.010868453870075753,small_absolute_excursion
82,12782599,12782006,494,12782014,8.0,0.016194331983805668,-1928.3840691784112,-1918.8877357569086,-9.49633342150264,9.49633342150264,0.7991656648023309,0.010868453870075753,small_absolute_excursion
82,12782599,12782006,494,12782015,9.0,0.018218623481781375,-1928.0607191134116,-1919.5431902817106,-8.517528831700929,8.517528831700929,0.9788045898017117,0.010868453870075753,small_absolute_excursion
82,12782599,12782006,494,12782016,10.0,0.020242914979757085,-1927.8537750718112,-1920.1986448065127,-7.655130265298567,7.655130265298567,0.8623985664023621,0.010868453870075753,small_absolute_excursion
82,12782599,12782006,494,12782017,11.0,0.022267206477732792,-1943.8939748259984,-1920.8540993313147,-23.039875494683656,23.039875494683656,-15.38474522938509,0.010868453870075753,small_absolute_excursion
82,12782599,12782006,494,12782019,13.0,0.02631578947368421,-1943.570624760998,-1922.1650083809186,-21.405616380079437,21.405616380079437,0.8171295573021098,0.010868453870075753,small_absolute_excursion
82,12782599,12782006,494,12782021,15.0,0.030364372469635626,-1943.103563555998,-1923.4759174305227,-19.627646125475394,19.627646125475394,0.8889851273020213,0.010868453870075753,small_absolute_excursion
82,12782599,12782006,494,12782022,16.0,0.032388663967611336,-1942.997979861304,-1924.1313719553248,-18.86660790597921,18.86660790597921,0.7610382194961858,0.010868453870075753,small_absolute_excursion
82,12782599,12782006,494,12782025,19.0,0.038461538461538464,-1942.351011960431,-1926.097735529731,-16.253276430699998,16.253276430699998,0.8711104917597368,0.010868453870075753,small_absolute_excursion
82,12782599,12782006,494,12782028,22.0,0.044534412955465584,-1958.2475013569667,-1928.0640991041369,-30.183402252829865,30.183402252829865,-4.643375274043289,0.010868453870075753,small_absolute_excursion
82,12782599,12782006,494,12782033,27.0,0.05465587044534413,-1957.1031269980613,-1931.341371728147,-25.761755269914374,25.761755269914374,0.8843293965830981,0.010868453870075753,small_absolute_excursion
82,12782599,12782006,494,12782038,32.0,0.06477732793522267,-1956.063014653073,-1934.6186443521572,-21.444370300915807,21.444370300915807,0.8634769937997134,0.010868453870075753,small_absolute_excursion
82,12782599,12782006,494,12782044,38.0,0.07692307692307693,-1954.934764093744,-1938.5513715009693,-16.383392592774726,16.383392592774726,0.8434962846901802,0.010868453870075753,small_absolute_excursion
82,12782599,12782006,494,12782052,46.0,0.0931174089068826,-1969.6514627648112,-1943.7950076993855,-25.856455065425735,25.856455065425735,-1.184132809081376,0.010868453870075753,small_absolute_excursion
82,12782599,12782006,494,12782061,55.0,0.11133603238866396,-1984.2496223194948,-1949.6940984226037,-34.555523896891145,34.555523896891145,-0.9665632034961568,0.010868453870075753,small_absolute_excursion
82,12782599,12782006,494,12782070,64.0,0.12955465587044535,-1982.3501203178264,-1955.593189145822,-26.756931172004442,26.756931172004442,0.8665103027651893,0.010868453870075753,small_absolute_excursion
82,12782599,12782006,494,12782072,66.0,0.13360323886639677,-1998.3903242966892,-1956.9040981954258,-41.486226101263355,41.486226101263355,-7.364647464629456,0.010868453870075753,small_absolute_excursion
82,12782599,12782006,494,12782086,80.0,0.16194331983805668,-1995.3518486670005,-1966.0804615426541,-29.271387124346347,29.271387124346347,0.8724884983512149,0.010868453870075753,small_absolute_excursion
82,12782599,12782006,494,12782102,96.0,0.19433198380566802,-2024.9451578587152,-1976.5677339394865,-48.377423919228704,48.377423919228704,-1.1941272996801473,0.010868453870075753,small_absolute_excursion
82,12782599,12782006,494,12782121,115.0,0.23279352226720648,-2020.905143995376,-1989.021369910725,-31.883774084650895,31.883774084650895,0.8680868333988321,0.010868453870075753,small_absolute_excursion
82,12782599,12782006,494,12782134,128.0,0.2591093117408907,-2034.6853552364264,-1997.5422787331513,-37.1430765032751,37.1430765032751,-0.40456172450955397,0.010868453870075753,small_absolute_excursion
82,12782599,12782006,494,12782144,138.0,0.2793522267206478,-2032.6698081678544,-2004.0968239811716,-28.57298418668279,28.57298418668279,0.8570092316592308,0.010868453870075753,small_absolute_excursion
82,12782599,12782006,494,12782171,165.0,0.3340080971659919,-2043.1298937892411,-2021.7940961508261,-21.335797638414988,21.335797638414988,0.26804394623214073,0.010868453870075753,small_absolute_excursion
82,12782599,12782006,494,12782204,198.0,0.4008097165991903,-2069.334743472868,-2043.424095469293,-25.910648003575034,25.910648003575034,-0.13863182924727413,0.010868453870075753,small_absolute_excursion
82,12782599,12782006,494,12782244,238.0,0.4817813765182186,-2126.7068325033097,-2069.642276461374,-57.0645560419357,57.0645560419357,-0.7788477009590167,0.010868453870075753,small_absolute_excursion
82,12782599,12782006,494,12782292,286.0,0.5789473684210527,-2149.4109180937303,-2101.104093651871,-48.306824441859135,48.306824441859135,0.18245274166826184,0.010868453870075753,small_absolute_excursion
82,12782599,12782006,494,12782349,343.0,0.694331983805668,-2203.147785527836,-2138.465001565586,-64.68278396224969,64.68278396224969,-0.2872975354454483,0.010868453870075753,small_absolute_excursion
82,12782599,12782006,494,12782418,412.0,0.8340080971659919,-2205.366029925441,-2183.6913637769258,-21.67466614851537,21.67466614851537,0.6233060552715118,0.010868453870075753,small_absolute_excursion
82,12782599,12782006,494,12782500,494.0,1.0,-2237.438634810692,-2237.438634810692,0.0,0.0,0.2643251969331143,0.010868453870075753,small_absolute_excursion
246,12808469,12808371,16,12808371,0.0,0.0,-1918.8696589913725,-1918.8696589913725,0.0,0.0,,0.011422400501544017,small_absolute_excursion
246,12808469,12808371,16,12808372,1.0,0.0625,-1918.725947851373,-1922.7465726654664,4.02062481409348,4.02062481409348,4.02062481409348,0.011422400501544017,small_absolute_excursion
246,12808469,12808371,16,12808373,2.0,0.125,-1934.7682074420304,-1926.6234863395603,-8.144721102470157,8.144721102470157,-12.165345916563638,0.011422400501544017,small_absolute_excursion
246,12808469,12808371,16,12808374,3.0,0.1875,-1934.7682074420304,-1930.5004000136541,-4.267807428376273,4.267807428376273,3.8769136740938848,0.011422400501544017,small_absolute_excursion
246,12808469,12808371,16,12808375,4.0,0.25,-1934.4448573770308,-1934.377313687748,-0.06754368928272925,0.06754368928272925,4.200263739093543,0.011422400501544017,small_absolute_excursion
246,12808469,12808371,16,12808376,5.0,0.3125,-1934.237913335431,-1938.2542273618417,4.016314026410782,4.016314026410782,4.083857715693512,0.011422400501544017,small_absolute_excursion
246,12808469,12808371,16,12808377,6.0,0.375,-1933.9145632704308,-1942.1311410359356,8.21657776550478,8.21657776550478,4.200263739093998,0.011422400501544017,small_absolute_excursion
246,12808469,12808371,16,12808378,7.0,0.4375,-1933.7708521304307,-1946.0080547100295,12.237202579598716,12.237202579598716,4.020624814093935,0.011422400501544017,small_absolute_excursion
246,12808469,12808371,16,12808379,8.0,0.5,-1949.8131121895324,-1949.8849683841233,0.07185619459096415,0.07185619459096415,-12.165346385007751,0.011422400501544017,small_absolute_excursion
246,12808469,12808371,16,12808380,9.0,0.5625,-1949.813112189532,-1953.7618820582172,3.9487698686853037,3.9487698686853037,3.8769136740943395,0.011422400501544017,small_absolute_excursion
246,12808469,12808371,16,12808381,10.0,0.625,-1965.8553724047813,-1957.638795732311,-8.216576672470183,8.216576672470183,-12.165346541155486,0.011422400501544017,small_absolute_excursion
246,12808469,12808371,16,12808382,11.0,0.6875,-1965.8553724047813,-1961.515709406405,-4.339662998376298,4.339662998376298,3.8769136740938848,0.011422400501544017,small_absolute_excursion
246,12808469,12808371,16,12808383,12.0,0.75,-1965.5320223397816,-1965.3926230804987,-0.1393992592829818,0.1393992592829818,4.200263739093316,0.011422400501544017,small_absolute_excursion
246,12808469,12808371,16,12808385,14.0,0.875,-1965.0649611347817,-1973.1464504286864,8.081489293904724,8.081489293904724,4.110444276593853,0.011422400501544017,small_absolute_excursion
246,12808469,12808371,16,12808387,16.0,1.0,-1980.9002777768744,-1980.9002777768742,-2.2737367544323206e-13,2.2737367544323206e-13,-4.040744646952476,0.011422400501544017,small_absolute_excursion
176,30359687,30358683,1004,30358683,0.0,0.0,-2859.878579379,-2859.878579379,0.0,0.0,,0.009144011863746354,small_absolute_excursion
176,30359687,30358683,1004,30358684,1.0,0.00099601593625498,-2859.734868239,-2860.5654554534713,0.830587214471052,0.830587214471052,0.830587214471052,0.009144011863746354,small_absolute_excursion
176,30359687,30358683,1004,30358685,2.0,0.00199203187250996,-2859.411518174,-2861.252331527943,1.8408133539433038,1.8408133539433038,1.0102261394722518,0.009144011863746354,small_absolute_excursion
176,30359687,30358683,1004,30358686,3.0,0.00298804780876494,-2859.2045741324,-2861.9392076024146,2.7346334700146144,2.7346334700146144,0.8938201160713106,0.009144011863746354,small_absolute_excursion
176,30359687,30358683,1004,30358687,4.0,0.00398406374501992,-2876.1098173292617,-2862.6260836768865,-13.483733652375122,13.483733652375122,-16.218367122389736,0.009144011863746354,small_absolute_excursion
176,30359687,30358683,1004,30358688,5.0,0.0049800796812749,-2876.1098173292617,-2863.312959751358,-12.796857577903666,12.796857577903666,0.6868760744714564,0.009144011863746354,small_absolute_excursion
176,30359687,30358683,1004,30358689,6.0,0.00597609561752988,-2875.786467264262,-2863.9998358258295,-11.786631438432323,11.786631438432323,1.0102261394713423,0.009144011863746354,small_absolute_excursion
176,30359687,30358683,1004,30358690,7.0,0.0069721115537848604,-2875.6427561242617,-2864.6867119003014,-10.956044223960362,10.956044223960362,0.8305872144719615,0.009144011863746354,small_absolute_excursion
176,30359687,30358683,1004,30358691,8.0,0.00796812749003984,-2875.319406059262,-2865.373587974773,-9.94581808448902,9.94581808448902,1.0102261394713423,0.009144011863746354,small_absolute_excursion
176,30359687,30358683,1004,30358692,9.0,0.008964143426294821,-2875.276649025873,-2866.0604640492443,-9.216184976628938,9.216184976628938,0.7296331078600815,0.009144011863746354,small_absolute_excursion
176,30359687,30358683,1004,30358693,10.0,0.0099601593625498,-2874.9532989608733,-2866.747340123716,-8.20595883715714,8.20595883715714,1.010226139471797,0.009144011863746354,small_absolute_excursion
176,30359687,30358683,1004,30358694,11.0,0.010956175298804782,-2874.952893792024,-2867.4342161981876,-7.518677593836401,7.518677593836401,0.68728124332074,0.009144011863746354,small_absolute_excursion
176,30359687,30358683,1004,30358696,13.0,0.012948207171314742,-2874.485832587024,-2868.807968347131,-5.677864239893097,5.677864239893097,0.9204066769716519,0.009144011863746354,small_absolute_excursion
176,30359687,30358683,1004,30358699,16.0,0.01593625498007968,-2891.0677260482807,-2870.868596570546,-20.199129477734914,20.199129477734914,-4.840421745947272,0.009144011863746354,small_absolute_excursion
176,30359687,30358683,1004,30358702,19.0,0.018924302788844622,-2890.495081148587,-2872.9292247939607,-17.56585635462625,17.56585635462625,0.8777577077028885,0.009144011863746354,small_absolute_excursion
176,30359687,30358683,1004,30358707,24.0,0.02390438247011952,-2889.312703352112,-2876.363605166319,-12.949098185792991,12.949098185792991,0.9233516337666515,0.009144011863746354,small_absolute_excursion
176,30359687,30358683,1004,30358712,29.0,0.02888446215139442,-2905.750874780679,-2879.797985538677,-25.95288924200213,25.95288924200213,-2.6007582112418275,0.009144011863746354,small_absolute_excursion
176,30359687,30358683,1004,30358715,32.0,0.03187250996015936,-2904.96046351068,-2881.858613762092,-23.101849748587938,23.101849748587938,0.9503464978047305,0.009144011863746354,small_absolute_excursion
176,30359687,30358683,1004,30358718,35.0,0.0348605577689243,-2904.430168535804,-2883.9192419855067,-20.510926550297427,20.510926550297427,0.8636410660968371,0.009144011863746354,small_absolute_excursion
176,30359687,30358683,1004,30358726,43.0,0.04282868525896414,-2920.077939991181,-2889.4142505812797,-30.663689409901508,30.663689409901508,-1.2690953574505102,0.009144011863746354,small_absolute_excursion
176,30359687,30358683,1004,30358735,52.0,0.05179282868525897,-2935.439518769564,-2895.5961352515246,-39.843383518039445,39.843383518039445,-1.0199660120153264,0.009144011863746354,small_absolute_excursion
176,30359687,30358683,1004,30358746,63.0,0.06274900398406374,-2950.2444693613843,-2903.1517720707125,-47.09269729067182,47.09269729067182,-0.6590285247847615,0.009144011863746354,small_absolute_excursion
176,30359687,30358683,1004,30358747,64.0,0.06374501992031872,-2949.9211192963844,-2903.838648145184,-46.08247115120048,46.08247115120048,1.0102261394713423,0.009144011863746354,small_absolute_excursion
176,30359687,30358683,1004,30358760,77.0,0.07669322709163347,-2947.614826674224,-2912.768037113315,-34.846789560908746,34.846789560908746,0.8642831992532103,0.009144011863746354,small_absolute_excursion
176,30359687,30358683,1004,30358777,94.0,0.09362549800796813,-2960.980639816272,-2924.4449303793326,-36.535709436939214,36.535709436939214,-0.09934822800179223,0.009144011863746354,small_absolute_excursion
176,30359687,30358683,1004,30358797,114.0,0.11354581673306773,-2956.961455218617,-2938.1824518687654,-18.77900334985179,18.77900334985179,0.8878353043543712,0.009144011863746354,small_absolute_excursion
176,30359687,30358683,1004,30358811,128.0,0.12749003984063745,-2988.4743644343025,-2947.798716911368,-40.67564752293447,40.67564752293447,-1.5640460123630484,0.009144011863746354,small_absolute_excursion
176,30359687,30358683,1004,30358822,139.0,0.13844621513944222,-2986.4587310938814,-2955.354353730556,-31.10437736332551,31.10437736332551,0.8701154690553597,0.009144011863746354,small_absolute_excursion
176,30359687,30358683,1004,30358853,170.0,0.1693227091633466,-3014.566160093871,-2976.6475120391765,-37.918648054694586,37.918648054694586,-0.21981518359255078,0.009144011863746354,small_absolute_excursion
176,30359687,30358683,1004,30358890,207.0,0.2061752988047809,-3024.1940302869275,-3002.0619267946267,-22.132103492300757,22.132103492300757,0.42666336655118453,0.009144011863746354,small_absolute_excursion
176,30359687,30358683,1004,30358935,252.0,0.250996015936255,-3066.605932899085,-3032.97135014585,-33.63458275323501,33.63458275323501,-0.25561065024298335,0.009144011863746354,small_absolute_excursion
176,30359687,30358683,1004,30358990,307.0,0.3057768924302789,-3055.232448569955,-3070.7495342417897,15.517085671834593,15.517085671834593,0.8936666986376292,0.009144011863746354,small_absolute_excursion
176,30359687,30358683,1004,30359057,374.0,0.37250996015936255,-3127.6375678654585,-3116.7702312313886,-10.867336634069943,10.867336634069943,-0.3937973478493214,0.009144011863746354,small_absolute_excursion
176,30359687,30358683,1004,30359139,456.0,0.4541832669322709,-3179.692534625364,-3173.094069338062,-6.5984652873016785,6.5984652873016785,0.052059406667905664,0.009144011863746354,small_absolute_excursion
176,30359687,30358683,1004,30359238,555.0,0.5527888446215139,-3245.5793166114804,-3241.094800710753,-4.484515900727274,4.484515900727274,0.021353024106812165,0.009144011863746354,small_absolute_excursion
176,30359687,30358683,1004,30359359,676.0,0.6733067729083665,-3410.2080895038494,-3324.2068057218203,-86.00128378202908,86.00128378202908,-0.6736922965396843,0.009144011863746354,small_absolute_excursion
176,30359687,30358683,1004,30359507,824.0,0.8207171314741036,-3483.08274060043,-3425.864464743621,-57.218275856809214,57.218275856809214,0.1944797832785126,0.009144011863746354,small_absolute_excursion
176,30359687,30358683,1004,30359687,1004.0,1.0,-3549.502158148514,-3549.502158148514,0.0,0.0,0.31787931031560673,0.009144011863746354,small_absolute_excursion
305,30386821,30386676,13,30386676,0.0,0.0,-2817.9073093929187,-2817.9073093929187,0.0,0.0,,0.017288010859361377,small_absolute_excursion
305,30386821,30386676,13,30386677,1.0,0.07692307692307693,-2834.8134741416534,-2823.0101228096487,-11.803351332004695,11.803351332004695,-11.803351332004695,0.017288010859361377,small_absolute_excursion
305,30386821,30386676,13,30386678,2.0,0.15384615384615385,-2834.8134741416534,-2828.1129362263787,-6.700537915274708,6.700537915274708,5.102813416729987,0.017288010859361377,small_absolute_excursion
305,30386821,30386676,13,30386679,3.0,0.23076923076923078,-2834.490124076653,-2833.2157496431087,-1.2743744335443807,1.2743744335443807,5.4261634817303275,0.017288010859361377,small_absolute_excursion
305,30386821,30386676,13,30386680,4.0,0.3076923076923077,-2834.346412936653,-2838.318563059839,3.972150123186111,3.972150123186111,5.246524556730492,0.017288010859361377,small_absolute_excursion
305,30386821,30386676,13,30386681,5.0,0.38461538461538464,-2834.0230628716536,-2843.421376476569,9.39831360491553,9.39831360491553,5.426163481729418,0.017288010859361377,small_absolute_excursion
305,30386821,30386676,13,30386682,6.0,0.46153846153846156,-2833.992449847748,-2848.524189893299,14.531740045551032,14.531740045551032,5.133426440635503,0.017288010859361377,small_absolute_excursion
305,30386821,30386676,13,30386683,7.0,0.5384615384615384,-2850.898614793938,-2853.627003310029,2.728388516090945,2.728388516090945,-11.803351529460087,0.017288010859361377,small_absolute_excursion
305,30386821,30386676,13,30386684,8.0,0.6153846153846154,-2850.898614793938,-2858.729816726759,7.831201932820932,7.831201932820932,5.102813416729987,0.017288010859361377,small_absolute_excursion
305,30386821,30386676,13,30386686,10.0,0.7692307692307693,-2850.431553588938,-2868.9354435602195,18.503889971281296,18.503889971281296,5.336344019230182,0.017288010859361377,small_absolute_excursion
305,30386821,30386676,13,30386687,11.0,0.8461538461538461,-2867.337718666765,-2874.0382569769495,6.700538310184584,6.700538310184584,-11.803351661096713,0.017288010859361377,small_absolute_excursion
305,30386821,30386676,13,30386689,13.0,1.0,-2884.243883810409,-2884.2438838104094,4.547473508864641e-13,4.547473508864641e-13,-3.3502691550920645,0.017288010859361377,small_absolute_excursion
243,30781319,30781182,7,30781182,0.0,0.0,-3022.466545001178,-3022.466545001178,0.0,0.0,,0.015618430041224854,small_absolute_excursion
243,30781319,30781182,7,30781183,1.0,0.14285714285714285,-3039.385609055863,-3029.6508494703107,-9.734759585552183,9.734759585552183,-9.734759585552183,0.015618430041224854,small_absolute_excursion
243,30781319,30781182,7,30781184,2.0,0.2857142857142857,-3039.385609055863,-3036.835153939443,-2.5504551164199256,2.5504551164199256,7.1843044691322575,0.015618430041224854,small_absolute_excursion
243,30781319,30781182,7,30781185,3.0,0.42857142857142855,-3039.0622589908626,-3044.0194584085757,4.957199417713127,4.957199417713127,7.507654534133053,0.015618430041224854,small_absolute_excursion
243,30781319,30781182,7,30781186,4.0,0.5714285714285714,-3038.918547850863,-3051.203762877708,12.28521502684498,12.28521502684498,7.328015609131853,0.015618430041224854,small_absolute_excursion
243,30781319,30781182,7,30781187,5.0,0.7142857142857143,-3055.837612035497,-3058.3880673468407,2.5504553113437396,2.5504553113437396,-9.73475971550124,0.015618430041224854,small_absolute_excursion
243,30781319,30781182,7,30781188,6.0,0.8571428571428571,-3055.837612035497,-3065.572371815973,9.734759780475997,9.734759780475997,7.1843044691322575,0.015618430041224854,small_absolute_excursion
243,30781319,30781182,7,30781189,7.0,1.0,-3072.7566762851056,-3072.7566762851056,0.0,0.0,-9.734759780475997,0.015618430041224854,small_absolute_excursion
174,30825511,30824836,675,30824836,0.0,0.0,-2876.426532159537,-2876.426532159537,0.0,0.0,,0.011081566728119278,small_absolute_excursion
174,30825511,30824836,675,30824837,1.0,0.0014814814814814814,-2876.1031820945373,-2877.1662120709807,1.0630299764434312,1.0630299764434312,1.0630299764434312,0.011081566728119278,small_absolute_excursion
174,30825511,30824836,675,30824838,2.0,0.002962962962962963,-2876.1031037647963,-2877.9058919824242,1.802788217627949,1.802788217627949,0.7397582411845178,0.011081566728119278,small_absolute_excursion
174,30825511,30824836,675,30824839,3.0,0.0044444444444444444,-2893.0235850837644,-2878.645571893868,-14.378013189896592,14.378013189896592,-16.18080140752454,0.011081566728119278,small_absolute_excursion
174,30825511,30824836,675,30824840,4.0,0.005925925925925926,-2893.0235850837644,-2879.3852518053113,-13.638333278453047,13.638333278453047,0.7396799114435453,0.011081566728119278,small_absolute_excursion
174,30825511,30824836,675,30824841,5.0,0.007407407407407408,-2892.700235018764,-2880.1249317167553,-12.575303302008706,12.575303302008706,1.0630299764443407,0.011081566728119278,small_absolute_excursion
174,30825511,30824836,675,30824842,6.0,0.008888888888888889,-2892.5565238787644,-2880.864611628199,-11.691912250565565,11.691912250565565,0.8833910514431409,0.011081566728119278,small_absolute_excursion
174,30825511,30824836,675,30824844,8.0,0.011851851851851851,-2892.12759011907,-2882.343971451086,-9.783618667984229,9.783618667984229,0.9541467912906683,0.011081566728119278,small_absolute_excursion
174,30825511,30824836,675,30824845,9.0,0.013333333333333334,-2891.8042400540703,-2883.0836513625295,-8.720588691540797,8.720588691540797,1.0630299764434312,0.011081566728119278,small_absolute_excursion
174,30825511,30824836,675,30824846,10.0,0.014814814814814815,-2891.5972960124705,-2883.823331273973,-7.773964738497398,7.773964738497398,0.9466239530433995,0.011081566728119278,small_absolute_excursion
174,30825511,30824836,675,30824847,11.0,0.016296296296296295,-2891.2739459474706,-2884.5630111854166,-6.7109347620539666,6.7109347620539666,1.0630299764434312,0.011081566728119278,small_absolute_excursion
174,30825511,30824836,675,30824850,14.0,0.02074074074074074,-2890.764127709082,-2886.7820509197477,-3.9820767893343145,3.9820767893343145,0.909619324239884,0.011081566728119278,small_absolute_excursion
174,30825511,30824836,675,30824852,16.0,0.023703703703703703,-2890.437979590518,-2888.261410742635,-2.176568847883118,2.176568847883118,0.9027539707255983,0.011081566728119278,small_absolute_excursion
174,30825511,30824836,675,30824856,20.0,0.02962962962962963,-2889.4406242789178,-2891.220130388409,1.7795061094911944,1.7795061094911944,0.9890187393435781,0.011081566728119278,small_absolute_excursion
174,30825511,30824836,675,30824860,24.0,0.035555555555555556,-2888.544629314224,-2894.1788500341836,5.634220719959558,5.634220719959558,0.9636786526170908,0.011081566728119278,small_absolute_excursion
174,30825511,30824836,675,30824865,29.0,0.04296296296296296,-2887.5735457042992,-2897.8772495914013,10.303703887102074,10.303703887102074,0.9338966334285033,0.011081566728119278,small_absolute_excursion
174,30825511,30824836,675,30824868,32.0,0.047407407407407405,-2904.350316791625,-2900.0962893257324,-4.254027465892705,4.254027465892705,-4.852577117664926,0.011081566728119278,small_absolute_excursion
174,30825511,30824836,675,30824870,34.0,0.05037037037037037,-2921.270799083833,-2901.5756491486195,-19.69514993521352,19.69514993521352,-7.7205612346604084,0.011081566728119278,small_absolute_excursion
174,30825511,30824836,675,30824877,41.0,0.06074074074074074,-2919.6263081905845,-2906.753408528725,-12.87289966185972,12.87289966185972,0.974607181907686,0.011081566728119278,small_absolute_excursion
174,30825511,30824836,675,30824886,50.0,0.07407407407407407,-2935.0769907307317,-2913.410527731717,-21.666462999014584,21.666462999014584,-0.9770625930172072,0.011081566728119278,small_absolute_excursion
174,30825511,30824836,675,30824896,60.0,0.08888888888888889,-2950.3727415271374,-2920.807326846153,-29.565414680984304,29.565414680984304,-0.789895168196972,0.011081566728119278,small_absolute_excursion
174,30825511,30824836,675,30824900,64.0,0.09481481481481481,-2949.6061263976235,-2923.766046491927,-25.840079905696257,25.840079905696257,0.9313336938220118,0.011081566728119278,small_absolute_excursion
174,30825511,30824836,675,30824908,72.0,0.10666666666666667,-2947.816017760324,-2929.683485783476,-18.132531976847986,18.132531976847986,0.9634434911060339,0.011081566728119278,small_absolute_excursion
174,30825511,30824836,675,30824923,87.0,0.1288888888888889,-2961.947711638305,-2940.77868445513,-21.169027183174876,21.169027183174876,-0.202433013755126,0.011081566728119278,small_absolute_excursion
174,30825511,30824836,675,30824941,105.0,0.15555555555555556,-3010.0254032622493,-2954.092922861115,-55.9324804011344,55.9324804011344,-1.9313029565533069,0.011081566728119278,small_absolute_excursion
174,30825511,30824836,675,30824962,126.0,0.18666666666666668,-3023.103666336722,-2969.62620100143,-53.47746533529198,53.47746533529198,0.1169054793258294,0.011081566728119278,small_absolute_excursion
174,30825511,30824836,675,30824964,128.0,0.18962962962962962,-3022.749703247817,-2971.1055608243173,-51.64414242349949,51.64414242349949,0.9166614558962465,0.011081566728119278,small_absolute_excursion
174,30825511,30824836,675,30824988,152.0,0.22518518518518518,-3034.870447509406,-2988.8578786989638,-46.01256881044219,46.01256881044219,0.2346489005440541,0.011081566728119278,small_absolute_excursion
174,30825511,30824836,675,30825019,183.0,0.27111111111111114,-3097.397401728812,-3011.7879559537155,-85.60944577509645,85.60944577509645,-1.2773186117630406,0.011081566728119278,small_absolute_excursion
174,30825511,30824836,675,30825057,221.0,0.3274074074074074,-3089.546843343406,-3039.895792588572,-49.65105075483416,49.65105075483416,0.946273553164797,0.011081566728119278,small_absolute_excursion
174,30825511,30824836,675,30825102,266.0,0.3940740740740741,-3114.9693856597714,-3073.181388603534,-41.7879970562376,41.7879970562376,0.1747345266354791,0.011081566728119278,small_absolute_excursion
174,30825511,30824836,675,30825157,321.0,0.47555555555555556,-3137.869484489972,-3113.8637837329316,-24.00570075704036,24.00570075704036,0.3233144781672226,0.011081566728119278,small_absolute_excursion
174,30825511,30824836,675,30825222,386.0,0.5718518518518518,-3176.407172257336,-3161.942977976765,-14.46419428057061,14.46419428057061,0.14679240733030383,0.011081566728119278,small_absolute_excursion
174,30825511,30824836,675,30825301,465.0,0.6888888888888889,-3246.449187817727,-3220.3776909808093,-26.071496836917504,26.071496836917504,-0.14692788046008728,0.011081566728119278,small_absolute_excursion
174,30825511,30824836,675,30825396,560.0,0.8296296296296296,-3278.587849918284,-3290.647282567951,12.059432649667087,12.059432649667087,0.40137820512194305,0.011081566728119278,small_absolute_excursion
174,30825511,30824836,675,30825511,675.0,1.0,-3375.7104723839648,-3375.7104723839648,0.0,0.0,-0.10486463173623554,0.011081566728119278,small_absolute_excursion
356,33821677,33821502,7,33821502,0.0,0.0,-2990.306803429872,-2990.306803429872,0.0,0.0,,0.015533782293435537,small_absolute_excursion
356,33821677,33821502,7,33821503,1.0,0.14285714285714285,-3007.320060706478,-2997.531476418513,-9.788584287965023,9.788584287965023,-9.788584287965023,0.015533782293435537,small_absolute_excursion
356,33821677,33821502,7,33821504,2.0,0.2857142857142857,-3007.320060706478,-3004.7561494071547,-2.563911299323536,2.563911299323536,7.224672988641487,0.015533782293435537,small_absolute_excursion
356,33821677,33821502,7,33821505,3.0,0.42857142857142855,-3006.9967106414783,-3011.9808223957957,4.984111754317382,4.984111754317382,7.548023053640918,0.015533782293435537,small_absolute_excursion
356,33821677,33821502,7,33821506,4.0,0.5714285714285714,-3006.8529995014783,-3019.205495384437,12.35249588295892,12.35249588295892,7.368384128641537,0.015533782293435537,small_absolute_excursion
356,33821677,33821502,7,33821507,5.0,0.7142857142857143,-3023.8662568963528,-3026.4301683730782,2.5639114767254796,2.5639114767254796,-9.78858440623344,0.015533782293435537,small_absolute_excursion
356,33821677,33821502,7,33821508,6.0,0.8571428571428571,-3023.8662568963528,-3033.6548413617197,9.788584465366966,9.788584465366966,7.224672988641487,0.015533782293435537,small_absolute_excursion
356,33821677,33821502,7,33821509,7.0,1.0,-3040.8795143503608,-3040.8795143503608,0.0,0.0,-9.788584465366966,0.015533782293435537,small_absolute_excursion
110,39655321,39654336,985,39654336,0.0,0.0,-3345.4523733775527,-3345.4523733775527,0.0,0.0,,0.010389185131323364,small_absolute_excursion
110,39655321,39654336,985,39654337,1.0,0.0010152284263959391,-3345.1290233125524,-3346.1173725579297,0.9883492453773215,0.9883492453773215,0.9883492453773215,0.010389185131323364,small_absolute_excursion
110,39655321,39654336,985,39654338,2.0,0.0020304568527918783,-3345.1287555416798,-3346.7823717383067,1.6536161966268992,1.6536161966268992,0.6652669512495777,0.010389185131323364,small_absolute_excursion
110,39655321,39654336,985,39654339,3.0,0.003045685279187817,-3344.8054054766794,-3347.4473709186836,2.6419654420042207,2.6419654420042207,0.9883492453773215,0.010389185131323364,small_absolute_excursion
110,39655321,39654336,985,39654340,4.0,0.0040609137055837565,-3344.6616943366794,-3348.11237009906,3.450675762380797,3.450675762380797,0.8087103203765764,0.010389185131323364,small_absolute_excursion
110,39655321,39654336,985,39654341,5.0,0.005076142131979695,-3361.834055254708,-3348.777369279437,-13.056685975270739,13.056685975270739,-16.507361737651536,0.010389185131323364,small_absolute_excursion
110,39655321,39654336,985,39654342,6.0,0.006091370558375634,-3361.834055254708,-3349.442368459814,-12.391686794893758,12.391686794893758,0.6649991803769808,0.010389185131323364,small_absolute_excursion
110,39655321,39654336,985,39654343,7.0,0.007106598984771574,-3361.510705189708,-3350.107367640191,-11.403337549516891,11.403337549516891,0.9883492453768667,0.010389185131323364,small_absolute_excursion
110,39655321,39654336,985,39654344,8.0,0.008121827411167513,-3361.506926080109,-3350.772366820568,-10.734559259541129,10.734559259541129,0.6687782899757622,0.010389185131323364,small_absolute_excursion
110,39655321,39654336,985,39654345,9.0,0.009137055837563452,-3361.1835760151093,-3351.437366000945,-9.746210014164262,9.746210014164262,0.9883492453768667,0.010389185131323364,small_absolute_excursion
110,39655321,39654336,985,39654346,10.0,0.01015228426395939,-3361.0398648751093,-3352.1023651813216,-8.937499693787686,8.937499693787686,0.8087103203765764,0.010389185131323364,small_absolute_excursion
110,39655321,39654336,985,39654347,11.0,0.01116751269035533,-3360.7165148101094,-3352.7673643616986,-7.949150448410819,7.949150448410819,0.9883492453768667,0.010389185131323364,small_absolute_excursion
110,39655321,39654336,985,39654349,13.0,0.013197969543147208,-3360.39313997314,-3354.0973627224525,-6.295777250687479,6.295777250687479,0.8266865988616701,0.010389185131323364,small_absolute_excursion
110,39655321,39654336,985,39654352,16.0,0.016243654822335026,-3359.820495073446,-3356.092360263583,-3.7281348098631497,3.7281348098631497,0.8558808136081097,0.010389185131323364,small_absolute_excursion
110,39655321,39654336,985,39654355,19.0,0.019289340101522844,-3359.155893209744,-3358.087357804714,-1.0685354050301612,1.0685354050301612,0.8865331349443295,0.010389185131323364,small_absolute_excursion
110,39655321,39654336,985,39654359,23.0,0.023350253807106598,-3358.1585378981435,-3360.7473545262214,2.5888166280778933,2.5888166280778933,0.9143380082770136,0.010389185131323364,small_absolute_excursion
110,39655321,39654336,985,39654364,28.0,0.028426395939086295,-3374.863699223183,-3364.072350428106,-10.791348795077283,10.791348795077283,-2.6760330846310354,0.010389185131323364,small_absolute_excursion
110,39655321,39654336,985,39654368,32.0,0.03248730964467005,-3391.505766690277,-3366.732347149614,-24.773419540663326,24.773419540663326,-3.4955176863965107,0.010389185131323364,small_absolute_excursion
110,39655321,39654336,985,39654371,35.0,0.03553299492385787,-3390.7153554202773,-3368.7273446907443,-21.988010729533016,21.988010729533016,0.9284696037101033,0.010389185131323364,small_absolute_excursion
110,39655321,39654336,985,39654378,42.0,0.04263959390862944,-3389.4532296347647,-3373.3823389533827,-16.070890681382025,16.070890681382025,0.8453028640215702,0.010389185131323364,small_absolute_excursion
110,39655321,39654336,985,39654387,51.0,0.05177664974619289,-3387.4858027565965,-3379.367331576775,-8.118471179821427,8.118471179821427,0.8836021668400664,0.010389185131323364,small_absolute_excursion
110,39655321,39654336,985,39654399,63.0,0.06395939086294417,-3402.435312818416,-3387.347321741298,-15.087991077118204,15.087991077118204,-0.5807933247747314,0.010389185131323364,small_absolute_excursion
110,39655321,39654336,985,39654400,64.0,0.0649746192893401,-3402.291601678416,-3388.012320921675,-14.279280756741173,14.279280756741173,0.8087103203770312,0.010389185131323364,small_absolute_excursion
110,39655321,39654336,985,39654412,76.0,0.07715736040609138,-3417.5282071214224,-3395.992311086198,-21.535896035224596,21.535896035224596,-0.6047179398736185,0.010389185131323364,small_absolute_excursion
110,39655321,39654336,985,39654429,93.0,0.09441624365482233,-3413.792985234381,-3407.297297152605,-6.495688081775825,6.495688081775825,0.8847181149087513,0.010389185131323364,small_absolute_excursion
110,39655321,39654336,985,39654449,113.0,0.11472081218274112,-3427.1235788607564,-3420.5972807601433,-6.526298100613076,6.526298100613076,-0.001530500941862556,0.010389185131323364,small_absolute_excursion
110,39655321,39654336,985,39654464,128.0,0.1299492385786802,-3459.237273781233,-3430.5722684657967,-28.665005315436247,28.665005315436247,-1.4759138143215447,0.010389185131323364,small_absolute_excursion
110,39655321,39654336,985,39654473,137.0,0.13908629441624365,-3492.324529547631,-3436.557261089189,-55.76726845844178,55.76726845844178,-3.011362571445059,0.010389185131323364,small_absolute_excursion
110,39655321,39654336,985,39654503,167.0,0.16954314720812183,-3556.3149299427823,-3456.507236500496,-99.80769344228611,99.80769344228611,-1.4680141661281445,0.010389185131323364,small_absolute_excursion
110,39655321,39654336,985,39654540,204.0,0.20710659898477157,-3566.189915848324,-3481.112206174442,-85.07770967388205,85.07770967388205,0.3981076694163258,0.010389185131323364,small_absolute_excursion
110,39655321,39654336,985,39654584,248.0,0.2517766497461929,-3574.7221160652243,-3510.3721701110258,-64.34994595419857,64.34994595419857,0.4710855390837155,0.010389185131323364,small_absolute_excursion
110,39655321,39654336,985,39654638,302.0,0.3065989847715736,-3598.4132536909124,-3546.2821258513786,-52.13112783953375,52.13112783953375,0.22627440953083014,0.010389185131323364,small_absolute_excursion
110,39655321,39654336,985,39654704,368.0,0.37360406091370557,-3602.435666020808,-3590.172071756255,-12.263594264553376,12.263594264553376,0.6040535390148541,0.010389185131323364,small_absolute_excursion
110,39655321,39654336,985,39654784,448.0,0.4548223350253807,-3656.043172332181,-3643.3720061864074,-12.67116614577344,12.67116614577344,-0.00509464851525081,0.010389185131323364,small_absolute_excursion
110,39655321,39654336,985,39654882,546.0,0.5543147208121827,-3688.23752834164,-3708.541925863344,20.30439752170423,20.30439752170423,0.33648534354569054,0.010389185131323364,small_absolute_excursion
110,39655321,39654336,985,39655000,664.0,0.6741116751269035,-3786.5695847709553,-3787.0118291478193,0.4422443768639823,0.4422443768639823,-0.1683233317359343,0.010389185131323364,small_absolute_excursion
110,39655321,39654336,985,39655145,809.0,0.8213197969543147,-3914.2179007284526,-3883.4367103024706,-30.781190425982004,30.781190425982004,-0.21533403312307578,0.010389185131323364,small_absolute_excursion
110,39655321,39654336,985,39655321,985.0,1.0,-4000.4765660488074,-4000.4765660488065,-9.094947017729282e-13,9.094947017729282e-13,0.17489312742034713,0.010389185131323364,small_absolute_excursion
36,39707851,39704004,3847,39704004,0.0,0.0,-3590.415609090645,-3590.415609090645,0.0,0.0,,0.011040709334800693,small_absolute_excursion
36,39707851,39704004,3847,39704005,1.0,0.0002599428125812321,-3590.092259025645,-3591.092549681856,1.0002906562108365,1.0002906562108365,1.0002906562108365,0.011040709334800693,small_absolute_excursion
36,39707851,39704004,3847,39704006,2.0,0.0005198856251624642,-3589.8853149840447,-3591.769490273067,1.884175289022096,1.884175289022096,0.8838846328112595,0.011040709334800693,small_absolute_excursion
36,39707851,39704004,3847,39704007,3.0,0.0007798284377436964,-3589.561964919045,-3592.446430864278,2.884465945233387,2.884465945233387,1.0002906562112912,0.011040709334800693,small_absolute_excursion
36,39707851,39704004,3847,39704008,4.0,0.0010397712503249284,-3589.418253779045,-3593.123371455489,3.705117676444388,3.705117676444388,0.8206517312110009,0.011040709334800693,small_absolute_excursion
36,39707851,39704004,3847,39704009,5.0,0.0012997140629061607,-3589.094903714045,-3593.8003120467,4.7054083326552245,4.7054083326552245,1.0002906562108365,0.011040709334800693,small_absolute_excursion
36,39707851,39704004,3847,39704011,7.0,0.001819599688068625,-3588.771046482979,-3595.154193229122,6.383146746143211,6.383146746143211,0.8388692067439933,0.011040709334800693,small_absolute_excursion
36,39707851,39704004,3847,39704012,8.0,0.002079542500649857,-3588.771046128624,-3595.8311338203334,7.060087691709214,7.060087691709214,0.6769409455660025,0.011040709334800693,small_absolute_excursion
36,39707851,39704004,3847,39704014,10.0,0.0025994281258123215,-3588.3039849236234,-3597.1850150027553,8.88103007913196,8.88103007913196,0.9104711937113734,0.011040709334800693,small_absolute_excursion
36,39707851,39704004,3847,39704015,11.0,0.0028593709383935534,-3587.9806348586235,-3597.8619555939663,9.881320735342797,9.881320735342797,1.0002906562108365,0.011040709334800693,small_absolute_excursion
36,39707851,39704004,3847,39704017,13.0,0.0033792565635560176,-3604.947303676441,-3599.215836776388,-5.731466900052965,5.731466900052965,-7.806393817697881,0.011040709334800693,small_absolute_excursion
36,39707851,39704004,3847,39704020,16.0,0.004159085001299714,-3604.480242471441,-3601.2466585500215,-3.233583921419722,3.233583921419722,0.8326276595444142,0.011040709334800693,small_absolute_excursion
36,39707851,39704004,3847,39704021,17.0,0.004419027813880946,-3604.156892406441,-3601.9235991412324,-2.233293265208431,2.233293265208431,1.0002906562112912,0.011040709334800693,small_absolute_excursion
36,39707851,39704004,3847,39704025,21.0,0.005458799064205874,-3620.901571657284,-3604.6313615060767,-16.270210151207266,16.270210151207266,-3.5092292214997087,0.011040709334800693,small_absolute_excursion
36,39707851,39704004,3847,39704031,27.0,0.0070184559396932675,-3619.744858565682,-3608.693005053343,-11.051853512339221,11.051853512339221,0.8697261064780074,0.011040709334800693,small_absolute_excursion
36,39707851,39704004,3847,39704036,32.0,0.008318170002599427,-3636.244466581482,-3612.077708009398,-24.166758572083836,24.166758572083836,-2.622981011948923,0.011040709334800693,small_absolute_excursion
36,39707851,39704004,3847,39704038,34.0,0.008838055627761892,-3635.777405376482,-3613.43158919182,-22.345816184662,22.345816184662,0.9104711937109187,0.011040709334800693,small_absolute_excursion
36,39707851,39704004,3847,39704048,44.0,0.011437483753574213,-3651.276346816675,-3620.2009951039304,-31.075351712744578,31.075351712744578,-0.8729535528082579,0.011040709334800693,small_absolute_excursion
36,39707851,39704004,3847,39704059,55.0,0.014296854691967767,-3649.033599273824,-3627.6473416072517,-21.38625766657242,21.38625766657242,0.8808267314701962,0.011040709334800693,small_absolute_excursion
36,39707851,39704004,3847,39704068,64.0,0.016636340005198855,-3647.140248111926,-3633.739806928151,-13.400441183775001,13.400441183775001,0.8873129425330464,0.011040709334800693,small_absolute_excursion
36,39707851,39704004,3847,39704074,70.0,0.01819599688068625,-3645.983728048392,-3637.8014504754174,-8.182277572974726,8.182277572974726,0.8696939351333791,0.011040709334800693,small_absolute_excursion
36,39707851,39704004,3847,39704092,88.0,0.022874967507148427,-3642.324201844856,-3649.9863811172163,7.66217927236039,7.66217927236039,0.8802476025186176,0.011040709334800693,small_absolute_excursion
36,39707851,39704004,3847,39704116,112.0,0.029113595009098,-3672.40170587772,-3666.232955306281,-6.168750571438977,6.168750571438977,-0.5762887434916403,0.011040709334800693,small_absolute_excursion
36,39707851,39704004,3847,39704132,128.0,0.03327268001039771,-3686.692505084746,-3677.0640047656575,-9.628500319088289,9.628500319088289,-0.21623435922808198,0.011040709334800693,small_absolute_excursion
36,39707851,39704004,3847,39704146,142.0,0.036911879386534965,-3683.7360981149,-3686.541173042612,2.8050749277122122,2.8050749277122122,0.8881125176286072,0.011040709334800693,small_absolute_excursion
36,39707851,39704004,3847,39704183,179.0,0.04652976345204055,-3728.50000361247,-3711.5879749174205,-16.912028695049685,16.912028695049685,-0.5328946925070783,0.011040709334800693,small_absolute_excursion
36,39707851,39704004,3847,39704231,227.0,0.05900701845593969,-3771.003378404832,-3744.0811232955502,-26.92225510928165,26.92225510928165,-0.2085463836298326,0.011040709334800693,small_absolute_excursion
36,39707851,39704004,3847,39704291,287.0,0.07460358721081362,-3776.091253061767,-3784.6975587682127,8.60630570644571,8.60630570644571,0.5921426802621227,0.011040709334800693,small_absolute_excursion
36,39707851,39704004,3847,39704368,364.0,0.09461918377956849,-3865.521869018182,-3836.8219842914623,-28.699884726719574,28.699884726719574,-0.4844959796514972,0.011040709334800693,small_absolute_excursion
36,39707851,39704004,3847,39704465,461.0,0.11983363659994802,-3915.558683259888,-3902.485221638933,-13.073461620954731,13.073461620954731,0.1610971454202561,0.011040709334800693,small_absolute_excursion
36,39707851,39704004,3847,39704587,583.0,0.15154665973485834,-3995.29762649701,-3985.0719737666795,-10.22565273033024,10.22565273033024,0.02334269582479092,0.011040709334800693,small_absolute_excursion
36,39707851,39704004,3847,39704742,738.0,0.19183779568494932,-4103.706993468407,-4089.9977654043905,-13.709228064016315,13.709228064016315,-0.022474679572168234,0.011040709334800693,small_absolute_excursion
36,39707851,39704004,3847,39704938,934.0,0.2427865869508708,-4203.281776589017,-4222.678121281753,19.39634469273642,19.39634469273642,0.16890598345282007,0.011040709334800693,small_absolute_excursion
36,39707851,39704004,3847,39705187,1183.0,0.3075123472835976,-4414.542980151782,-4391.236328493302,-23.306651658480405,23.306651658480405,-0.1714979773141238,0.011040709334800693,small_absolute_excursion
36,39707851,39704004,3847,39705502,1498.0,0.3893943332466857,-4734.930779728044,-4604.472614724778,-130.458165003266,130.458165003266,-0.34016353442789077,0.011040709334800693,small_absolute_excursion
36,39707851,39704004,3847,39705900,1896.0,0.49285157265401613,-5020.666138252752,-4873.894970026771,-146.77116822598055,146.77116822598055,-0.04098744528320237,0.011040709334800693,small_absolute_excursion
36,39707851,39704004,3847,39706404,2400.0,0.6238627501949571,-5424.719812742729,-5215.073027997134,-209.64678474559514,209.64678474559514,-0.12475320738018769,0.011040709334800693,small_absolute_excursion
36,39707851,39704004,3847,39707043,3039.0,0.7899662074343644,-5713.252076199171,-5647.638065780987,-65.61401041818408,65.61401041818408,0.2254034027033037,0.011040709334800693,small_absolute_excursion
36,39707851,39704004,3847,39707851,3847.0,1.0,-6194.606063479505,-6194.606063479505,0.0,0.0,0.08120545843834663,0.011040709334800693,small_absolute_excursion
276,108562291,108561847,313,108561847,0.0,0.0,-5331.430370994229,-5331.430370994229,0.0,0.0,,0.009105982863413702,small_absolute_excursion
276,108562291,108561847,313,108561848,1.0,0.003194888178913738,-5331.412469260526,-5332.171393625035,0.7589243645088573,0.7589243645088573,0.7589243645088573,0.009105982863413702,small_absolute_excursion
276,108562291,108561847,313,108561849,2.0,0.006389776357827476,-5331.089119195526,-5332.912416255842,1.823297060315781,1.823297060315781,1.0643726958069237,0.009105982863413702,small_absolute_excursion
276,108562291,108561847,313,108561850,3.0,0.009584664536741214,-5330.945408055526,-5333.6534388866485,2.7080308311224144,2.7080308311224144,0.8847337708066334,0.009105982863413702,small_absolute_excursion
276,108562291,108561847,313,108561851,4.0,0.012779552715654952,-5349.12488861435,-5334.394461517456,-14.730427096894346,14.730427096894346,-17.43845792801676,0.009105982863413702,small_absolute_excursion
276,108562291,108561847,313,108561852,5.0,0.01597444089456869,-5349.12488861435,-5335.135484148263,-13.989404466087763,13.989404466087763,0.741022630806583,0.009105982863413702,small_absolute_excursion
276,108562291,108561847,313,108561853,6.0,0.019169329073482427,-5367.304369191598,-5335.876506779069,-31.427862412529066,31.427862412529066,-17.438457946441304,0.009105982863413702,small_absolute_excursion
276,108562291,108561847,313,108561854,7.0,0.022364217252396165,-5367.304369191598,-5336.617529409876,-30.686839781722483,30.686839781722483,0.741022630806583,0.009105982863413702,small_absolute_excursion
276,108562291,108561847,313,108561855,8.0,0.025559105431309903,-5366.981019126598,-5337.358552040682,-29.62246708591556,29.62246708591556,1.0643726958069237,0.009105982863413702,small_absolute_excursion
276,108562291,108561847,313,108561857,10.0,0.03194888178913738,-5366.5139579215975,-5338.8405973022955,-27.673360619302002,27.673360619302002,0.9745532333067786,0.009105982863413702,small_absolute_excursion
276,108562291,108561847,313,108561858,11.0,0.03514376996805112,-5366.51377241473,-5339.581619933102,-26.93215248162778,26.93215248162778,0.7412081376742208,0.009105982863413702,small_absolute_excursion
276,108562291,108561847,313,108561861,14.0,0.04472843450479233,-5365.761488590036,-5341.804687825523,-23.95680076451299,23.95680076451299,0.9917839057049301,0.009105982863413702,small_absolute_excursion
276,108562291,108561847,313,108561863,16.0,0.051118210862619806,-5365.294427385036,-5343.286733087136,-22.007694297900343,22.007694297900343,0.9745532333063238,0.009105982863413702,small_absolute_excursion
276,108562291,108561847,313,108561866,19.0,0.06070287539936102,-5364.754353314277,-5345.509800979556,-19.244552334721448,19.244552334721448,0.9210473210596319,0.009105982863413702,small_absolute_excursion
276,108562291,108561847,313,108561870,23.0,0.07348242811501597,-5363.933329020372,-5348.473891502783,-15.459437517589322,15.459437517589322,0.9462787042830314,0.009105982863413702,small_absolute_excursion
276,108562291,108561847,313,108561874,27.0,0.08626198083067092,-5363.100160716984,-5351.437982026009,-11.662178690974542,11.662178690974542,0.9493147066536949,0.009105982863413702,small_absolute_excursion
276,108562291,108561847,313,108561879,32.0,0.10223642172523961,-5361.908835175564,-5355.143095180043,-6.765739995520562,6.765739995520562,0.9792877390907961,0.009105982863413702,small_absolute_excursion
276,108562291,108561847,313,108561880,33.0,0.10543130990415335,-5361.765124035564,-5355.88411781085,-5.881006224714838,5.881006224714838,0.8847337708057239,0.009105982863413702,small_absolute_excursion
276,108562291,108561847,313,108561886,39.0,0.12460063897763578,-5360.632070587652,-5360.33025359569,-0.3018169919623688,0.3018169919623688,0.9298648721254116,0.009105982863413702,small_absolute_excursion
276,108562291,108561847,313,108561893,46.0,0.14696485623003194,-5359.089165602048,-5365.517412011337,6.428246409289386,6.428246409289386,0.9614376287502507,0.009105982863413702,small_absolute_excursion
276,108562291,108561847,313,108561902,55.0,0.1757188498402556,-5375.799600498333,-5372.186615688597,-3.61298480973619,3.61298480973619,-1.1156923576695084,0.009105982863413702,small_absolute_excursion
276,108562291,108561847,313,108561911,64.0,0.20447284345047922,-5373.683100291859,-5378.855819365857,5.172719073998451,5.172719073998451,0.9761893204149601,0.009105982863413702,small_absolute_excursion
276,108562291,108561847,313,108561912,65.0,0.20766773162939298,-5373.682073987347,-5379.596841996664,5.914768009316504,5.914768009316504,0.7420489353180528,0.009105982863413702,small_absolute_excursion
276,108562291,108561847,313,108561925,78.0,0.24920127795527156,-5371.130631769602,-5389.230136197151,18.09950442754962,18.09950442754962,0.9372874167871627,0.009105982863413702,small_absolute_excursion
276,108562291,108561847,313,108561940,93.0,0.2971246006389776,-5386.376650444051,-5400.345475659252,13.968825215200923,13.968825215200923,-0.2753786141565797,0.009105982863413702,small_absolute_excursion
276,108562291,108561847,313,108561957,110.0,0.3514376996805112,-5382.803683002898,-5412.942860382966,30.13917738006785,30.13917738006785,0.9511971861686428,0.009105982863413702,small_absolute_excursion
276,108562291,108561847,313,108561975,128.0,0.40894568690095845,-5397.577491046779,-5426.281267737486,28.703776690706945,28.703776690706945,-0.07974448274227244,0.009105982863413702,small_absolute_excursion
276,108562291,108561847,313,108561978,131.0,0.4185303514376997,-5397.110420908238,-5428.504335629907,31.393914721668807,31.393914721668807,0.8967126769872872,0.009105982863413702,small_absolute_excursion
276,108562291,108561847,313,108562003,156.0,0.4984025559105431,-5391.876089419568,-5447.029901400074,55.15381198050545,55.15381198050545,0.9503958903534658,0.009105982863413702,small_absolute_excursion
276,108562291,108561847,313,108562033,186.0,0.5942492012779552,-5422.639721291205,-5469.260580324275,46.62085903306979,46.62085903306979,-0.284431764914522,0.009105982863413702,small_absolute_excursion
276,108562291,108561847,313,108562068,221.0,0.7060702875399361,-5452.818725871941,-5495.196372402509,42.3776465305682,42.3776465305682,-0.12123464292861692,0.009105982863413702,small_absolute_excursion
276,108562291,108561847,313,108562110,263.0,0.8402555910543131,-5499.607751530406,-5526.319322896391,26.711571365985037,26.711571365985037,-0.37300178963293246,0.009105982863413702,small_absolute_excursion
276,108562291,108561847,313,108562160,313.0,1.0,-5563.370454436726,-5563.370454436726,0.0,0.0,-0.5342314273197007,0.009105982863413702,small_absolute_excursion
321,109471171,109470995,14,109470995,0.0,0.0,-5339.52837913216,-5339.52837913216,0.0,0.0,,0.010267555200510526,small_absolute_excursion
321,109471171,109470995,14,109470996,1.0,0.07142857142857142,-5339.32143509056,-5344.619019311366,5.2975842208061295,5.2975842208061295,5.2975842208061295,0.010267555200510526,small_absolute_excursion
321,109471171,109470995,14,109470997,2.0,0.14285714285714285,-5357.509255230118,-5349.709659490573,-7.799595739544202,7.799595739544202,-13.097179960350331,0.010267555200510526,small_absolute_excursion
321,109471171,109470995,14,109470998,3.0,0.21428571428571427,-5357.509255230118,-5354.80029966978,-2.7089555603379267,2.7089555603379267,5.090640179206275,0.010267555200510526,small_absolute_excursion
321,109471171,109470995,14,109470999,4.0,0.2857142857142857,-5357.185905165117,-5359.890939848987,2.7050346838695987,2.7050346838695987,5.413990244207525,0.010267555200510526,small_absolute_excursion
321,109471171,109470995,14,109471000,5.0,0.35714285714285715,-5357.042194025117,-5364.981580028193,7.939386003075924,7.939386003075924,5.234351319206326,0.010267555200510526,small_absolute_excursion
321,109471171,109470995,14,109471001,6.0,0.42857142857142855,-5375.230014201214,-5370.0722202074,-5.157793993813357,5.157793993813357,-13.097179996889281,0.010267555200510526,small_absolute_excursion
321,109471171,109470995,14,109471002,7.0,0.5,-5375.230014201214,-5375.162860386607,-0.06715381460708159,0.06715381460708159,5.090640179206275,0.010267555200510526,small_absolute_excursion
321,109471171,109470995,14,109471003,8.0,0.5714285714285714,-5393.41783439558,-5380.253500565813,-13.164333829767202,13.164333829767202,-13.09718001516012,0.010267555200510526,small_absolute_excursion
321,109471171,109470995,14,109471004,9.0,0.6428571428571429,-5393.41783439558,-5385.34414074502,-8.073693650560017,8.073693650560017,5.090640179207185,0.010267555200510526,small_absolute_excursion
321,109471171,109470995,14,109471005,10.0,0.7142857142857143,-5393.094484330581,-5390.434780924226,-2.6597034063543106,2.6597034063543106,5.413990244205706,0.010267555200510526,small_absolute_excursion
321,109471171,109470995,14,109471006,11.0,0.7857142857142857,-5392.950773190581,-5395.5254211034335,2.5746479128529245,2.5746479128529245,5.234351319207235,0.010267555200510526,small_absolute_excursion
321,109471171,109470995,14,109471007,12.0,0.8571428571428571,-5392.62742312558,-5400.61606128264,7.98863815705954,7.98863815705954,5.413990244206616,0.010267555200510526,small_absolute_excursion
321,109471171,109470995,14,109471009,14.0,1.0,-5410.797341641053,-5410.797341641053,0.0,0.0,-3.99431907852977,0.010267555200510526,small_absolute_excursion
28,109670797,109660803,9994,109660803,0.0,0.0,-6062.627144332166,-6062.627144332166,0.0,0.0,,0.009801010117957643,small_absolute_excursion
28,109670797,109660803,9994,109660804,1.0,0.00010006003602161297,-6062.483433192166,-6063.351660704042,0.8682275118762846,0.8682275118762846,0.8682275118762846,0.009801010117957643,small_absolute_excursion
28,109670797,109660803,9994,109660805,2.0,0.00020012007204322593,-6062.160083127165,-6064.076177075918,1.9160939487528594,1.9160939487528594,1.0478664368765749,0.009801010117957643,small_absolute_excursion
28,109670797,109660803,9994,109660806,3.0,0.0003001801080648389,-6061.953139085565,-6064.800693447795,2.8475543622298574,2.8475543622298574,0.9314604134769979,0.009801010117957643,small_absolute_excursion
28,109670797,109660803,9994,109660807,4.0,0.00040024014408645187,-6080.142691607589,-6065.5252098196715,-14.617481787917313,14.617481787917313,-17.46503615014717,0.009801010117957643,small_absolute_excursion
28,109670797,109660803,9994,109660808,5.0,0.0005003001801080648,-6080.142691607589,-6066.249726191548,-13.89296541604108,13.89296541604108,0.7245163718762342,0.009801010117957643,small_absolute_excursion
28,109670797,109660803,9994,109660809,6.0,0.0006003602161296778,-6079.8193415425885,-6066.974242563424,-12.845098979164504,12.845098979164504,1.0478664368765749,0.009801010117957643,small_absolute_excursion
28,109670797,109660803,9994,109660811,8.0,0.0008004802881729037,-6079.352280337589,-6068.423275307177,-10.929005030411645,10.929005030411645,0.9580469743764297,0.009801010117957643,small_absolute_excursion
28,109670797,109660803,9994,109660813,10.0,0.0010006003602161296,-6097.511219890421,-6069.87230805093,-27.638911839490902,27.638911839490902,-8.354953404539629,0.009801010117957643,small_absolute_excursion
28,109670797,109660803,9994,109660814,11.0,0.0011006603962377428,-6097.511219890421,-6070.596824422806,-26.914395467614668,26.914395467614668,0.7245163718762342,0.009801010117957643,small_absolute_excursion
28,109670797,109660803,9994,109660817,14.0,0.0014008405043025814,-6096.720808620421,-6072.770373538436,-23.950435081985233,23.950435081985233,0.9879867952098115,0.009801010117957643,small_absolute_excursion
28,109670797,109660803,9994,109660819,16.0,0.0016009605763458075,-6096.291874860726,-6074.219406282188,-22.072468578538064,22.072468578538064,0.9389832517235845,0.009801010117957643,small_absolute_excursion
28,109670797,109660803,9994,109660821,18.0,0.0018010806483890335,-6095.967553956725,-6075.668439025942,-20.299114930783617,20.299114930783617,0.8866768238772238,0.009801010117957643,small_absolute_excursion
28,109670797,109660803,9994,109660827,24.0,0.0024014408645187113,-6094.644506524425,-6080.0155372572,-14.62896926722533,14.62896926722533,0.9450242772597145,0.009801010117957643,small_absolute_excursion
28,109670797,109660803,9994,109660834,31.0,0.003101861116670002,-6093.263548621029,-6085.087151860335,-8.176396760693933,8.176396760693933,0.9217960723616281,0.009801010117957643,small_absolute_excursion
28,109670797,109660803,9994,109660835,32.0,0.003201921152691615,-6092.940198556029,-6085.811668232212,-7.128530323817358,7.128530323817358,1.0478664368765749,0.009801010117957643,small_absolute_excursion
28,109670797,109660803,9994,109660843,40.0,0.0040024014408645186,-6091.253228161531,-6091.607799207223,0.3545710456919551,0.3545710456919551,0.9353876711886642,0.009801010117957643,small_absolute_excursion
28,109670797,109660803,9994,109660855,52.0,0.005203121873123874,-6107.527408201926,-6100.30199566974,-7.225412532186056,7.225412532186056,-0.6316652981565009,0.009801010117957643,small_absolute_excursion
28,109670797,109660803,9994,109660867,64.0,0.00640384230538323,-6104.774262028658,-6108.996192132257,4.221930103599334,4.221930103599334,0.9539452196487824,0.009801010117957643,small_absolute_excursion
28,109670797,109660803,9994,109660870,67.0,0.006704022413448069,-6104.306765372009,-6111.169741247886,6.862975875877055,6.862975875877055,0.8803485907592403,0.009801010117957643,small_absolute_excursion
28,109670797,109660803,9994,109660891,88.0,0.008805283169901942,-6118.485485768975,-6126.384585057292,7.899099288316393,7.899099288316393,0.04933921011615894,0.009801010117957643,small_absolute_excursion
28,109670797,109660803,9994,109660917,114.0,0.011406844106463879,-6131.625044199223,-6145.222010726078,13.596966526854885,13.596966526854885,0.21914873994378817,0.009801010117957643,small_absolute_excursion
28,109670797,109660803,9994,109660931,128.0,0.01280768461076646,-6128.716535055549,-6155.365239932348,26.648704876799457,26.648704876799457,0.9322670249960409,0.009801010117957643,small_absolute_excursion
28,109670797,109660803,9994,109660951,148.0,0.014808885331198719,-6143.227357036068,-6169.8555673698775,26.628210333809875,26.628210333809875,-0.0010247271494790767,0.009801010117957643,small_absolute_excursion
28,109670797,109660803,9994,109660996,193.0,0.019311586952171302,-6171.086717832373,-6202.458804104316,31.372086271942862,31.372086271942862,0.10541946529184416,0.009801010117957643,small_absolute_excursion
28,109670797,109660803,9994,109661054,251.0,0.025115069041424853,-6233.299163456941,-6244.480753673149,11.181590216207951,11.181590216207951,-0.34811200096094674,0.009801010117957643,small_absolute_excursion
28,109670797,109660803,9994,109661130,327.0,0.03271963177906744,-6254.646414878904,-6299.543997935758,44.89758305685427,44.89758305685427,0.44363148474534636,0.009801010117957643,small_absolute_excursion
28,109670797,109660803,9994,109661228,425.0,0.04252551530918551,-6327.103668703186,-6370.546602379648,43.44293367646242,43.44293367646242,-0.0148433610244067,0.009801010117957643,small_absolute_excursion
28,109670797,109660803,9994,109661356,553.0,0.05533319991995197,-6449.017678207063,-6463.2846979798305,14.267019772767526,14.267019772767526,-0.22793682737261634,0.009801010117957643,small_absolute_excursion
28,109670797,109660803,9994,109661522,719.0,0.07194316589953972,-6562.960790808676,-6583.554415711317,20.59362490264084,20.59362490264084,0.03811207909562238,0.009801010117957643,small_absolute_excursion
28,109670797,109660803,9994,109661739,936.0,0.09365619371622974,-6721.863678579542,-6740.774468408503,18.910789828961242,18.910789828961242,-0.007755000339537319,0.009801010117957643,small_absolute_excursion
28,109670797,109660803,9994,109662021,1218.0,0.1218731238743246,-6904.730816000891,-6945.088085277655,40.35726927676478,40.35726927676478,0.07605134555958702,0.009801010117957643,small_absolute_excursion
28,109670797,109660803,9994,109662387,1584.0,0.15849509705823495,-7144.147701320517,-7210.261077384428,66.11337606391135,66.11337606391135,0.07037187646761356,0.009801010117957643,small_absolute_excursion
28,109670797,109660803,9994,109662864,2061.0,0.20622373424054433,-7435.199961339013,-7555.855386769484,120.65542543047104,120.65542543047104,0.11434391900746267,0.009801010117957643,small_absolute_excursion
28,109670797,109660803,9994,109663484,2681.0,0.2682609565739444,-7974.291545162449,-8005.05553733287,30.76399217042035,30.76399217042035,-0.1449861826775011,0.009801010117957643,small_absolute_excursion
28,109670797,109660803,9994,109664291,3488.0,0.349009405643386,-8511.91171893556,-8589.740249437145,77.82853050158519,77.82853050158519,0.058320369679262504,0.009801010117957643,small_absolute_excursion
28,109670797,109660803,9994,109665341,4538.0,0.45407244346607967,-9444.055373313877,-9350.482439907397,-93.57293340647993,93.57293340647993,-0.1632394894362525,0.009801010117957643,small_absolute_excursion
28,109670797,109660803,9994,109666707,5904.0,0.590754452671603,-10440.938541135249,-10340.171803890596,-100.76673724465218,100.76673724465218,-0.005266327846392565,0.009801010117957643,small_absolute_excursion
28,109670797,109660803,9994,109668485,7682.0,0.7686611967180308,-11964.172060919856,-11628.361913086886,-335.81014783296996,335.81014783296996,-0.1321953940316748,0.009801010117957643,small_absolute_excursion
28,109670797,109660803,9994,109670797,9994.0,1.0,-13303.443764865187,-13303.443764865187,0.0,0.0,0.14524660373398354,0.009801010117957643,small_absolute_excursion
