candidate_id,block_id,x,y,h,p_star,post_P0_flag,sample_count,sample_count_over_h,sample_offsets_min,sample_offsets_max,sample_offset_gaps_max,sample_offset_gaps_mean,sample_offset_gaps_median,endpoint_left_sampled,endpoint_right_sampled,lambda_event_count,prime_event_count,prime_power_event_count,lambda_weight_sum,lambda_weight_max,lambda_weight_sq_sum,event_offsets_min,event_offsets_max,event_gap_max,event_gap_mean,K_prime_sampled,E_prime_sampled,B_prime_sampled_abs_max,B_prime_sampled_RMS,sampled_peak_offset,sampled_peak_position_fraction,nearest_sample_distance_to_event_max,nearest_sample_distance_to_event_mean,nearest_event_distance_to_sample_max,nearest_event_distance_to_sample_mean,event_to_sample_alignment_score,optional_K_prime_full,optional_E_prime_full,optional_B_prime_full_abs_max,optional_full_peak_offset,optional_full_peak_position_fraction,optional_full_to_sampled_energy_ratio,optional_full_to_sampled_absmax_ratio,sampled_target_failure_flag,full_grid_target_failure_flag,samples_on_event_count,samples_after_event_count,samples_between_events_count,samples_in_large_gap_count,K_prime,E_prime,C_prime,lambda_event_count_profile,prime_event_count_profile,prime_power_event_count_profile,lambda_event_weight_sum,lambda_event_weight_max,lambda_event_weight_sq_sum,max_lambda_gap,B_prime_effective_support_frac,Q_exc,Q_R2Q,Q_delta_D,threshold_relevant_flag,forbidden_flag,finite_zone_flag,positive_harmless_flag,negative_transfer_flag,row_status,K_prime_profile_delta
hexc_00000,1,180530237,179845447,684790,180530237,False,41,5.987236963156588e-05,0,684790,218316,17119.75,124.5,True,True,35864,35864,0,681728.5245510371,19.011408839713177,12959053.727783969,34,684790,166,19.093661991467528,4.242257262839463,2905055.3510198356,667.0037518695754,266.18604125960366,14732,0.021513164619810454,109140.0,32461.473650457283,59.0,16.146341463414632,0.0005878487837910868,224364.1899425553,153642353630.76245,1485.8032673450944,117131,0.17104659822719373,52887.9264131148,2.2275785753535393,False,False,1,28,40,12,4.242257262839463,2905055.351019836,2.059674067137677,35864,35861,3,681728.5245510356,19.011408839713177,12959053.727783969,166,0.1592626732746622,0.0022301154184481,1.8193520399038576,1.8091175489119344,True,True,True,False,True,primitive_negative_transfer_verified,0.0
hexc_00001,2,24317,24178,3,24317,False,4,1.3333333333333333,0,3,1,1.0,1.0,True,True,2,2,0,20.186562246627208,10.093322479806597,203.74864767189817,1,3,2,2.0,7.546246211083847,22.638738633251542,3.364468397597527,2.3790091757521417,2,0.6666666666666666,0.0,0.0,1.0,0.5,1.0,7.546246211083847,22.638738633251542,3.364468397597527,2,0.6666666666666666,1.0,1.0,False,False,2,2,2,2,7.546246211083847,22.638738633251545,2.7470431760501777,2,2,0,20.186562246627208,10.093322479806597,203.74864767189817,2,0.499987708018104,0.0184358992034248,0.1157979799474991,0.1106139903704657,False,False,True,True,False,sign_inconsistent_positive_harmless,0.0
hexc_00002,3,30974597,30910184,64413,30974597,False,41,0.0006365174731808796,0,64413,17470,1610.325,30.5,True,True,3676,3676,0,63393.679276996896,17.24867797490251,1093316.616665536,5,64413,112,17.525986394557822,2.1234801731745523,136779.72839469244,169.37992683528864,57.758903525395226,46943,0.7287814571592691,8724.0,2501.263057671382,23.0,5.658536585365853,0.00695810013778153,32054.642903055512,2064735713.3145146,445.6220010511097,39179,0.6082467824817972,15095.3342103188,2.630902075453422,False,False,3,35,38,7,2.1234801731745523,136779.72839469244,1.4572165841681024,3676,3675,1,63393.679276996925,17.24867797490251,1093316.616665536,112,0.1162824031200303,0.0022416133345536,0.6812241515207513,0.6643586881865706,False,False,True,False,True,primitive_full_verified,0.0
hexc_00003,4,59921,59920,1,59921,False,2,2.0,0,1,1,1.0,1.0,True,True,1,1,0,11.0007823069704,11.0007823069704,121.017211365353,1,1,1,,0.0,0.0,0.0,0.0,0,0.0,0.0,0.0,1.0,0.5,1.0,0.0,0.0,0.0,0,0.0,inf,inf,False,False,1,0,1,0,0.0,0.0,0.0,1,1,0,11.0007823069704,11.0007823069704,121.017211365353,1,0.0,2.348567539256741e-16,0.0921982535693211,0.0882306914983774,False,False,True,True,False,sign_inconsistent_positive_harmless,0.0
hexc_00004,5,356077,355293,784,356077,False,37,0.047193877551020405,0,784,136,21.77777777777778,5.5,True,True,61,61,0,779.6845397387327,12.782902278581227,9965.704637272356,4,784,54,13.0,21.642305064791316,16967.567170796392,58.55521070691998,21.414548711285292,648,0.826530612244898,54.0,15.60655737704918,13.0,3.72972972972973,0.45444126074498564,1358.322052897152,1064924.489471367,69.05707488389021,676,0.8622448979591837,62.76235589650438,1.179349780321585,False,False,3,32,34,4,21.64230506479132,16967.567170796392,4.652129089437579,61,61,0,779.6845397387325,12.782902278581227,9965.704637272356,54,0.1337478338104516,0.0128661873649445,0.1566810093663226,0.1351797213221275,False,False,True,False,True,primitive_full_verified,-3.552713678800501e-15
hexc_00005,6,3448507,3446024,2483,3448507,False,40,0.016109544905356425,0,2483,497,63.666666666666664,8.0,True,True,146,146,0,2197.752760392686,15.053451941719482,33082.99449780947,5,2483,64,17.089655172413792,15.607209675756053,38752.70162490228,86.33615572803478,31.125833974731613,1271,0.5118807893677003,248.0,68.97260273972603,21.0,5.2,0.1985731676928633,2279.5987659362568,5660243.735819725,110.27069235722331,1196,0.4816753926701571,146.0606228336474,1.2772249520187589,False,False,4,34,36,12,15.607209675756051,38752.70162490228,3.950596116506477,146,146,0,2197.752760392685,15.053451941719482,33082.99449780947,64,0.1299740282646239,0.0076387824505859,0.1786966438467436,0.1494490028165924,False,False,True,False,True,primitive_full_verified,1.7763568394002505e-15
hexc_00006,7,30774449,30670319,104130,30774449,False,41,0.000393738595985787,0,104130,29276,2603.25,42.5,True,True,5986,5986,0,103201.64698174795,17.242195325731537,1779248.2415295793,30,104130,118,17.393483709273184,5.249368097143086,546616.6999555095,363.4686760886416,115.46477659035767,14369,0.1379909728224335,14628.0,4279.391413297694,30.0,12.902439024390244,0.004048022911593514,27467.107511338865,2860149905.155716,458.8752678362216,69552,0.6679343128781331,5232.459793834529,1.2624891717610145,False,False,2,28,39,13,5.249368097143086,546616.6999555095,2.2911499508201305,5986,5986,0,103201.6469817475,17.242195325731537,1779248.2415295793,118,0.1009171694921223,0.0037875901851982,0.862526348366495,0.8528427097579773,True,False,True,False,True,primitive_negative_transfer_verified,0.0
hexc_00007,8,3452747,3451296,1451,3452747,False,36,0.024810475534114404,0,1451,272,41.457142857142856,8.0,True,True,80,80,0,1204.3567241421822,15.05468070406716,18130.938988465245,1,1451,60,18.354430379746834,14.945796609214836,21686.350879970727,65.70302454859478,24.543810534526667,338,0.23294279807029636,134.0,34.0625,17.0,5.75,0.35016225190551653,1527.8357709255722,2216889.703613005,73.44423305534178,1163,0.8015161957270848,102.22511458396166,1.1178211895104084,False,False,3,34,33,10,14.945796609214836,21686.350879970727,3.865979385513435,80,80,0,1204.3567241421824,15.05468070406716,18130.938988465245,60,0.1395446707027726,0.0076429115920426,0.1383470038914393,0.1049756413821095,False,False,True,False,True,primitive_full_verified,0.0
hexc_00008,9,12883477,12871995,11482,12883477,False,39,0.0033966207977704234,0,11482,2691,302.1578947368421,17.5,True,True,672,672,0,11001.318498200162,16.371456195625765,180102.6915603797,8,11482,78,17.09985096870343,3.459859086542252,39726.102031678136,112.74808345345537,31.915795475160255,6730,0.5861348197178192,1345.0,390.9389880952381,23.0,7.0256410256410255,0.04190741010814367,3001.906861133822,34467894.57953855,147.87243150022005,5074,0.44190907507402893,867.638474876125,1.3115294466292609,False,False,4,31,35,11,3.459859086542252,39726.102031678136,1.860069645616059,672,672,0,11001.318498200164,16.371456195625765,180102.6915603797,78,0.0801296065235554,0.0039191521021917,0.3212949859833325,0.3009444286825112,False,False,True,False,True,primitive_full_verified,0.0
hexc_00009,10,178298621,178254856,43765,178298621,False,40,0.0009139723523363418,0,43765,11515,1122.179487179487,30.0,True,True,2211,2211,0,42006.451970120084,18.998970348647543,798074.177811984,61,43765,120,19.77556561085973,3.6259487032169244,158689.6449962887,189.87943571772757,62.98603912699399,7007,0.16010510682051868,5737.0,1663.6178199909543,61.0,23.125,0.011747441673468353,15097.997442236723,660763858.0594902,352.32798727480986,29245,0.668228036101908,4163.875078773688,1.855535255532233,False,False,1,24,39,9,3.625948703216925,158689.6449962887,1.9041924018378305,2211,2211,0,42006.451970120135,18.998970348647543,798074.177811984,120,0.1100354775024901,0.0025143310542018,0.4625799992422776,0.437251926315424,False,False,True,False,True,primitive_full_verified,-4.440892098500626e-16
hexc_00010,11,211,210,1,211,False,2,2.0,0,1,1,1.0,1.0,True,True,1,1,0,5.351858133476067,5.351858133476067,28.642385480853928,1,1,1,,0.0,0.0,0.0,0.0,0,0.0,0.0,0.0,1.0,0.5,1.0,0.0,0.0,0.0,0,0.0,inf,inf,False,False,1,0,1,0,0.0,0.0,0.0,1,1,0,5.351858133476067,5.351858133476067,28.642385480853928,1,0.0,0.0,0.1912764152417241,0.1755617761599286,False,False,True,True,False,sign_inconsistent_positive_harmless,0.0
hexc_00011,12,3279709,3278912,797,3279709,False,37,0.04642409033877039,0,797,138,22.13888888888889,5.5,True,True,42,42,0,630.1317191179364,15.003265256912323,9453.951986851174,5,797,90,19.317073170731707,32.84926768012791,26180.86634106194,72.54869737027225,26.600582365633713,98,0.12296110414052698,68.0,19.857142857142858,42.0,5.513513513513513,0.4931068220225919,728.1817657227735,580360.8672810505,74.92058589894705,95,0.1191969887076537,22.16736679835592,1.0326937438527561,False,False,2,31,35,8,32.84926768012791,26180.86634106194,5.731428066383448,42,42,0,630.1317191179365,15.003265256912323,9453.951986851174,90,0.1344383121998459,0.0114062615417102,0.1060058846880691,0.0733688760483797,False,False,True,False,True,primitive_full_verified,0.0
hexc_00012,13,42899,42898,1,42899,False,2,2.0,0,1,1,1.0,1.0,True,True,1,1,0,10.666603794621116,10.666603794621116,113.77643651142559,1,1,1,,0.0,0.0,0.0,0.0,0,0.0,0.0,0.0,1.0,0.5,1.0,0.0,0.0,0.0,0,0.0,inf,inf,False,False,1,0,1,0,0.0,0.0,0.0,1,1,0,10.666603794621116,10.666603794621116,113.7764365114256,1,0.0,0.0,0.0968247715409328,0.0909085751563544,False,False,True,True,False,sign_inconsistent_positive_harmless,0.0
hexc_00013,14,1195669,1195386,205,1195669,False,32,0.15609756097560976,0,205,31,6.612903225806452,3.0,True,True,16,16,0,223.90523282037472,13.994149508948125,3133.3470803107293,1,203,42,13.466666666666667,34.13933734207035,6998.564155124421,35.70230736652485,14.788682491947622,148,0.7219512195121951,13.0,5.125,17.0,6.34375,0.7243388614970865,354.60178243066593,72693.36539828652,44.44007254975898,156,0.7609756097560976,10.386897053027612,1.2447395092292222,False,False,2,30,30,20,34.13933734207035,6998.564155124421,5.84288775710011,16,16,0,223.9052328203747,13.994149508948125,3133.3470803107293,42,0.171579896144933,0.0127144572989962,0.0899443884131837,0.0648220454203745,False,False,True,True,False,sign_inconsistent_positive_harmless,0.0
hexc_00014,15,43133,43132,1,43133,False,2,2.0,0,1,1,1.0,1.0,True,True,1,1,0,10.672043644375696,10.672043644375696,113.8925155474597,1,1,1,,0.0,0.0,0.0,0.0,0,0.0,0.0,0.0,1.0,0.5,1.0,0.0,0.0,0.0,0,0.0,inf,inf,False,False,1,0,1,0,0.0,0.0,0.0,1,1,0,10.672043644375696,10.672043644375696,113.8925155474597,1,0.0,0.0,0.0943896668138165,0.0908636843222885,False,False,True,True,False,sign_inconsistent_positive_harmless,0.0
hexc_00015,16,58309,58308,1,58309,False,2,2.0,0,1,1,1.0,1.0,True,True,1,1,0,10.973511734352114,10.973511734352114,120.41795978396352,1,1,1,,0.0,0.0,0.0,0.0,0,0.0,0.0,0.0,1.0,0.5,1.0,0.0,0.0,0.0,0,0.0,inf,inf,False,False,1,0,1,0,0.0,0.0,0.0,1,1,0,10.973511734352114,10.973511734352114,120.41795978396352,1,0.0,0.0,0.0939517191622745,0.0884432993920433,False,False,True,True,False,sign_inconsistent_positive_harmless,0.0
hexc_00016,17,59333,59332,1,59333,False,2,2.0,0,1,1,1.0,1.0,True,True,1,1,0,10.990920922612803,10.990920922612803,120.80034272712787,1,1,1,,0.0,0.0,0.0,0.0,0,0.0,0.0,0.0,1.0,0.5,1.0,0.0,0.0,0.0,0,0.0,inf,inf,False,False,1,0,1,0,0.0,0.0,0.0,1,1,0,10.990920922612805,10.990920922612805,120.80034272712788,1,0.0,2.3527838405727803e-16,0.0929815072257821,0.0883074552338765,False,False,True,True,False,sign_inconsistent_positive_harmless,0.0
hexc_00017,18,3241093,3239129,1964,3241093,False,39,0.01985743380855397,0,1964,383,51.68421052631579,8.5,True,True,120,120,0,1798.9329586309354,14.991421176559264,26967.998250459194,12,1964,110,16.403361344537814,10.994680462888994,21593.552429113985,80.96581448573306,23.530423530309506,1581,0.804989816700611,182.0,50.483333333333334,18.0,5.871794871794871,0.24524102175383342,1778.6898789572522,3493346.9222720433,103.71302634020708,1638,0.8340122199592668,161.77731448958167,1.2809483483734025,False,False,1,27,38,12,10.994680462888994,21593.552429113985,3.315822742983858,120,120,0,1798.9329586309354,14.991421176559264,26967.998250459197,110,0.0844609788468291,0.0081749848918229,0.159654089699117,0.1401120285534746,False,False,True,False,True,primitive_full_verified,0.0
hexc_00018,19,1515197,1513853,1344,1515197,False,37,0.027529761904761904,0,1344,250,37.333333333333336,8.5,True,True,90,90,0,1280.7534468789759,14.231056021475348,18225.88213538116,6,1344,42,15.03370786516854,13.194484781289816,17733.387546053513,76.86302337523387,21.8924814602624,890,0.6622023809523809,108.0,31.988888888888887,13.0,4.324324324324325,0.3197124128171703,1554.621657068039,2089411.5070994445,92.74633103876852,948,0.7053571428571429,117.82359696776794,1.2066443260499227,False,False,3,30,34,6,13.194484781289816,17733.387546053513,3.632421338623841,90,90,0,1280.753446878976,14.231056021475348,18225.88213538116,42,0.0811250644202075,0.0103425912084517,0.1510851987794436,0.1353288100910507,False,False,True,False,True,primitive_full_verified,0.0
hexc_00019,20,58511,58510,1,58511,False,2,2.0,0,1,1,1.0,1.0,True,True,1,1,0,10.97697004973177,10.97697004973177,120.4938714727083,1,1,1,,0.0,0.0,0.0,0.0,0,0.0,0.0,0.0,1.0,0.5,1.0,0.0,0.0,0.0,0,0.0,inf,inf,False,False,1,0,1,0,0.0,0.0,0.0,1,1,0,10.97697004973177,10.97697004973177,120.4938714727083,1,0.0,0.0,0.0923670994574258,0.0884162808823417,False,False,True,True,False,sign_inconsistent_positive_harmless,0.0
hexc_00020,21,30847123,30831334,15789,30847123,False,40,0.0025334093356134016,0,15789,3811,404.84615384615387,19.0,True,True,891,891,0,15364.668390692621,17.24455404626836,264952.9009793016,3,15789,102,17.737078651685394,6.28187190744635,99184.47554667042,225.19186513665954,49.79570150792898,11978,0.7586294255494331,1904.0,531.8900112233446,27.0,6.0,0.03227111432174552,18142.37311260896,286449929.0749828,373.7106759415037,12357,0.7826334790043701,2888.0520615365476,1.6595212074588677,False,False,3,36,37,5,6.28187190744635,99184.47554667042,2.5063662755962763,891,891,0,15364.668390692605,17.24455404626836,264952.9009793016,102,0.0488965608548447,0.0060303868534807,0.338124053326903,0.3244066291128366,False,False,True,False,True,primitive_full_verified,0.0
hexc_00021,22,60209,60208,1,60209,False,2,2.0,0,1,1,1.0,1.0,True,True,1,1,0,11.005577121783782,11.005577121783782,121.12272778353059,1,1,1,,0.0,0.0,0.0,0.0,0,0.0,0.0,0.0,1.0,0.5,1.0,0.0,0.0,0.0,0,0.0,inf,inf,False,False,1,0,1,0,0.0,0.0,0.0,1,1,0,11.005577121783782,11.005577121783782,121.1227277835306,1,0.0,0.0,0.0940510554686493,0.0881934154907322,False,False,True,True,False,sign_inconsistent_positive_harmless,0.0
hexc_00022,23,354619,354550,3,354619,False,4,1.3333333333333333,0,3,1,1.0,1.0,True,True,2,2,0,25.557220599331153,12.778613120126327,326.58576238145423,1,3,2,2.0,12.095768977095608,36.28730693128682,4.25953958701594,3.0119473323452564,2,0.6666666666666666,0.0,0.0,1.0,0.5,1.0,12.095768977095608,36.28730693128682,4.25953958701594,2,0.6666666666666666,1.0,1.0,False,False,2,2,2,2,12.095768977095608,36.28730693128682,3.477897206229018,2,2,0,25.557220599331156,12.778613120126328,326.58576238145423,2,0.4999993378488864,0.0146788192753852,0.0920232096308952,0.088072855820278,False,False,True,True,False,sign_inconsistent_positive_harmless,0.0
hexc_00023,24,180619079,180557417,61662,180619079,False,41,0.000664915182770588,0,61662,16667,1541.55,29.0,True,True,3182,3182,0,60495.3266136878,19.011900835670836,1150120.8492122318,60,61662,130,19.365608299276957,14.887526869901857,917994.6818518883,459.04068909525085,149.6332656581065,17482,0.28351334695598585,8332.0,2415.9893148962915,60.0,22.75609756097561,0.007951862833145583,47326.17452119338,2918226573.325826,513.2415252825122,18293,0.29666569362005774,3178.9144654289626,1.1180741434797181,False,False,4,24,37,8,14.887526869901857,917994.6818518884,3.858435806113905,3182,3182,0,60495.326613687816,19.01190083567084,1150120.8492122318,130,0.1062561174214192,0.0051149881925594,0.5459231094474968,0.5329138719787416,False,False,True,False,True,primitive_full_verified,0.0
hexc_00024,25,109813367,109790208,23159,109813367,False,41,0.001770370050520316,0,23159,5780,578.975,19.5,True,True,1212,1212,0,22439.19357068757,18.514292819156463,415443.40602984704,13,23159,118,19.113129644921553,8.632103006924334,199910.87353736063,238.07579744871327,69.82746568740605,9786,0.4225571052290686,2866.0,799.473597359736,18.0,6.780487804878049,0.023348936666563864,27452.176913513507,635764965.1400594,346.88814752635517,19801,0.8550023748866531,3180.2420443190326,1.4570491887193298,False,False,3,30,38,7,8.632103006924334,199910.87353736063,2.93804407845157,1212,1212,0,22439.193570687552,18.514292819156463,415443.40602984704,118,0.086024481718146,0.0045682420338709,0.3557665519303423,0.3389837450779626,False,False,True,False,True,primitive_full_verified,0.0
hexc_00025,26,230647,230560,3,230647,False,4,1.3333333333333333,0,3,1,1.0,1.0,True,True,2,2,0,24.69655017143579,12.348279422946058,304.95979518516015,1,3,2,2.0,11.294807229091154,33.88442168727346,4.116096032467462,2.9105163496909556,2,0.6666666666666666,0.0,0.0,1.0,0.5,1.0,11.294807229091154,33.88442168727346,4.116096032467462,2,0.6666666666666666,1.0,1.0,False,False,2,2,2,2,11.294807229091154,33.88442168727346,3.3607747959497605,2,2,0,24.69655017143579,12.348279422946058,304.95979518516015,2,0.499998946277356,0.0151761792087925,0.0944180902326222,0.0910569767225814,False,False,True,True,False,sign_inconsistent_positive_harmless,0.0
hexc_00026,27,1192781,1192323,458,1192781,False,35,0.07641921397379912,0,458,74,13.470588235294118,4.5,True,True,30,30,0,419.7475054537239,13.991798113399025,5872.9322782207055,4,458,48,15.655172413793103,50.66738569136996,23205.66264664744,50.343893728046396,25.74915402030435,113,0.24672489082969432,28.0,7.8,10.0,2.942857142857143,0.6674507497794766,861.3782100994046,394511.2202255273,58.59220715399293,104,0.22707423580786026,17.000644464790707,1.1638394016661335,False,False,5,30,30,2,50.66738569136996,23205.66264664744,7.118102674966831,30,30,0,419.7475054537239,13.991798113399025,5872.9322782207055,48,0.2615967391149803,0.0120403626533005,0.0967472985369818,0.0776974809855303,False,False,True,False,True,primitive_full_verified,0.0
hexc_00027,28,109670797,109660803,9994,109670797,False,40,0.0040024014408645186,0,9994,2312,256.2564102564103,14.0,True,True,502,502,0,9293.499620888608,18.5129936819663,172050.0701267297,4,9994,120,19.940119760479043,17.104383267421262,170941.2063746081,335.6747788384673,65.37224303452653,7682,0.7686611967180308,1148.0,322.6075697211155,14.0,5.85,0.058211222474324836,20822.05034498363,208095571.14776638,379.54369450418017,7814,0.7818691214728837,1217.3517173602752,1.1306887452715753,False,False,3,35,37,3,17.104383267421262,170941.2063746081,4.135744584403304,502,502,0,9293.499620888617,18.5129936819663,172050.0701267297,120,0.0379270749874561,0.0098010101179576,0.2345732370876761,0.2113316628996534,False,False,True,False,True,primitive_full_verified,0.0
hexc_00028,29,3456977,3455716,1261,3456977,False,37,0.029341792228390166,0,1261,233,35.02777777777778,6.5,True,True,80,80,0,1204.4570749115694,15.055905065714143,18133.96056721775,3,1261,48,15.924050632911392,21.239147477501664,26782.5649691296,62.23703931997039,26.904518343091983,455,0.36082474226804123,114.0,28.725,14.0,3.945945945945946,0.3566492547363049,1236.5688868146503,1559313.366273274,77.74649600320873,423,0.3354480570975416,58.22121100315022,1.2491997828415613,False,False,2,33,35,8,21.239147477501664,26782.5649691296,4.608594956980019,80,80,0,1204.4570749115696,15.055905065714144,18133.96056721775,48,0.1868755972885259,0.0077614986724626,0.1341559286414388,0.1174356488415478,False,False,True,False,True,primitive_full_verified,0.0
hexc_00029,30,4994789,4991760,3029,4994789,False,37,0.012215252558600198,0,3029,620,84.13888888888889,11.5,True,True,189,189,0,2915.059459257624,15.42390572693032,44960.69657182133,11,3029,80,16.0531914893617,6.757606773120383,20468.79091578164,74.78327869404188,23.520428680009122,964,0.31825685044569163,308.0,86.85185185185185,17.0,6.297297297297297,0.1560000459465565,2075.3411580947795,6286208.367869087,112.48216613884051,2239,0.7391878507758336,307.1118559827761,1.504108513335377,False,False,1,28,36,5,6.757606773120383,20468.79091578164,2.599539723320339,189,189,0,2915.059459257623,15.42390572693032,44960.69657182133,80,0.0989193974011077,0.0057126820734734,0.1879865387221068,0.1751074858509674,False,False,True,False,True,primitive_full_verified,0.0
hexc_00030,31,7108243,7105465,2778,7108243,False,38,0.013678905687544997,0,2778,563,75.08108108108108,10.0,True,True,171,171,0,2697.7929008970304,15.77676565450406,42561.909570034455,12,2778,66,16.270588235294117,9.362748946239611,26009.71657265364,89.21994469919719,26.162305433507736,2215,0.7973362131029518,276.0,74.39181286549707,21.0,5.2368421052631575,0.1794634604614738,2266.1853792782854,6295462.983635077,110.32956467024633,2242,0.8070554355651548,242.04273683835774,1.2366020293132853,False,False,5,28,33,7,9.362748946239613,26009.71657265364,3.0598609357680964,171,171,0,2697.7929008970304,15.77676565450406,42561.909570034455,66,0.0859860746982131,0.0068229245505902,0.1766899326140388,0.1621275115134674,False,False,True,False,True,primitive_full_verified,-1.7763568394002505e-15
hexc_00031,32,3293113,3292080,1033,3293113,False,37,0.03581800580832527,0,1033,186,28.694444444444443,6.5,True,True,61,61,0,915.4381506666256,15.007343875983839,13738.147667607895,7,1033,56,17.1,10.433514785246915,10777.820773160063,44.4094741164555,17.06729191549293,695,0.6727976766698935,92.0,26.59016393442623,14.0,5.135135135135135,0.39139244306029797,702.8129478372003,726005.7751158279,55.755858139562974,733,0.7095837366892546,67.36109185669476,1.2554946720007023,False,False,3,29,34,4,10.433514785246915,10777.820773160063,3.2300951665929154,61,61,0,915.4381506666258,15.00734387598384,13738.147667607896,56,0.1476991419910834,0.0061349229944132,0.1154116378424172,0.0971366049932867,False,False,True,False,True,primitive_full_verified,0.0
hexc_00032,33,1197697,1197615,4,1197697,False,5,1.25,0,4,1,1.0,1.0,True,True,2,2,0,27.991690284068753,13.995845977025168,391.76736247961594,2,4,2,2.0,24.4854630765767,97.9418523063068,6.997923406007978,4.42587510683044,3,0.75,0.0,0.0,2.0,0.8,1.0,24.4854630765767,97.9418523063068,6.997923406007978,3,0.75,1.0,1.0,False,False,2,2,3,2,24.4854630765767,97.9418523063068,4.948278799398504,2,2,0,27.991690284068756,13.995845977025168,391.767362479616,2,0.3999999522720875,0.0177247165152088,0.0726584885625681,0.069431568892584,False,False,True,True,False,sign_inconsistent_positive_harmless,0.0
hexc_00033,34,127,126,1,127,False,2,2.0,0,1,1,1.0,1.0,True,True,1,1,0,4.844187086458591,4.844187086458591,23.466148528612173,1,1,1,,0.0,0.0,0.0,0.0,0,0.0,0.0,0.0,1.0,0.5,1.0,0.0,0.0,0.0,0,0.0,inf,inf,False,False,1,0,1,0,0.0,0.0,0.0,1,1,0,4.844187086458591,4.844187086458591,23.466148528612173,1,0.0,0.0,0.2157084836048593,0.1926535586334653,False,False,True,True,False,sign_inconsistent_positive_harmless,0.0
hexc_00034,35,354953,354952,1,354953,False,2,2.0,0,1,1,1.0,1.0,True,True,1,1,0,12.779740665326448,12.779740665326448,163.3217714729985,1,1,1,,0.0,0.0,0.0,0.0,0,0.0,0.0,0.0,1.0,0.5,1.0,0.0,0.0,0.0,0,0.0,inf,inf,False,False,1,0,1,0,0.0,0.0,0.0,1,1,0,12.779740665326448,12.779740665326448,163.3217714729985,1,0.0,0.0,0.080127585396028,0.0762690147674882,False,False,True,True,False,sign_inconsistent_positive_harmless,0.0
hexc_00035,36,39707851,39704004,3847,39707851,False,39,0.010137769690668054,0,3847,808,101.23684210526316,10.5,True,True,194,194,0,3394.4196601234057,17.497059484292244,59392.18984051365,13,3847,72,19.865284974093264,24.37384681290929,93766.18868926204,209.44814034836236,49.033266752712045,2400,0.6238627501949571,380.0,108.50515463917526,27.0,7.923076923076923,0.15474968407010084,12814.344762733343,49296784.30223517,264.92266930376104,2119,0.5508188198596309,525.7415811748842,1.2648604511987134,False,False,4,28,35,11,24.37384681290929,93766.18868926204,4.93698762535509,194,194,0,3394.4196601234044,17.497059484292244,59392.18984051365,72,0.0548060672407955,0.0110407093348006,0.1623741874086595,0.1371454844597804,False,False,True,False,True,primitive_full_verified,0.0
hexc_00036,37,1657,1656,1,1657,False,2,2.0,0,1,1,1.0,1.0,True,True,1,1,0,7.4127640174265625,7.4127640174265625,54.94907037805399,1,1,1,,0.0,0.0,0.0,0.0,0,0.0,0.0,0.0,1.0,0.5,1.0,0.0,0.0,0.0,0,0.0,inf,inf,False,False,1,0,1,0,0.0,0.0,0.0,1,1,0,7.412764017426562,7.412764017426562,54.94907037805399,1,0.0,6.465466393439502e-17,0.1389495863976313,0.129017905192041,False,False,True,True,False,sign_inconsistent_positive_harmless,0.0
hexc_00037,38,156007,155920,1,156007,False,2,2.0,0,1,1,1.0,1.0,True,True,1,1,0,11.957104747706284,11.957104747706284,142.97235394762015,1,1,1,,0.0,0.0,0.0,0.0,0,0.0,0.0,0.0,1.0,0.5,1.0,0.0,0.0,0.0,0,0.0,inf,inf,False,False,1,0,1,0,0.0,0.0,0.0,1,1,0,11.957104747706284,11.957104747706284,142.97235394762015,1,0.0,0.0,0.0868104441327406,0.081363154764434,False,False,True,True,False,sign_inconsistent_positive_harmless,0.0
hexc_00038,39,39690667,39682692,7975,39690667,False,39,0.004890282131661442,0,7975,1805,209.8684210526316,14.5,True,True,435,435,0,7610.989022311079,17.496626629858657,133165.87103067062,25,7975,120,18.317972350230416,15.142610100355743,120762.31555033705,188.65380980716827,55.64593093385914,2856,0.3581191222570533,875.0,261.5816091954023,45.0,11.205128205128204,0.06544480077132232,8185.379545009751,65278401.87145276,223.96342888791196,2178,0.2731034482758621,540.5527508640967,1.1871662126348537,False,False,4,26,35,7,15.142610100355745,120762.31555033704,3.89135067815222,435,435,0,7610.989022311072,17.496626629858657,133165.87103067062,120,0.0870032877936805,0.0069005695359736,0.2349256240499423,0.2184817075940539,False,False,True,False,True,primitive_full_verified,-1.7763568394002505e-15
hexc_00039,40,30417481,30409154,8327,30417481,False,39,0.004683559505223971,0,8327,1893,219.1315789473684,15.0,True,True,470,470,0,8098.2820029454115,17.230528034003125,139536.5348948303,9,8327,104,17.735607675906184,15.415499961309294,128364.86817782249,231.25762152281823,57.37078417064232,4971,0.5969737000120091,944.0,265.51063829787233,22.0,6.615384615384615,0.06261550833598005,16782.973974333727,139751824.28427693,254.360980297296,5213,0.6260357871982707,1088.7077303010994,1.0999031237212573,False,False,1,31,38,7,15.415499961309294,128364.86817782249,3.926257755332588,470,470,0,8098.282002945412,17.230528034003125,139536.5348948303,104,0.061544530487012,0.0085348501864403,0.24963148266117,0.2357893781039462,False,False,True,False,True,primitive_full_verified,0.0
hexc_00040,41,604672261,604520611,151650,604672261,True,41,0.000270359380151665,0,151650,43800,3791.25,53.0,True,True,7420,7420,0,150032.93169378903,20.220197151857885,3033676.629773508,30,151650,136,20.436716538617063,2.150447574178819,326115.3746242179,234.01318030272614,89.1853885309693,5019,0.033095944609297726,21878.0,6435.671563342318,34.0,11.878048780487806,0.003165485405860318,52989.54013889719,8035863762.063759,587.5550701896136,137056,0.9037652489284537,24641.168087593134,2.510777681109823,False,True,4,28,37,12,2.150447574178819,326115.3746242179,1.4664404434476086,7420,7420,0,150032.93169378873,20.220197151857885,3033676.629773508,136,0.1452468690931007,0.0014698183580815,0.7568596623500748,0.7467076670478365,True,False,False,False,True,primitive_full_verified,0.0
hexc_00041,42,7117417,7115469,1948,7117417,False,39,0.02002053388090349,0,1948,379,51.26315789473684,8.5,True,True,116,116,0,1830.2377002749843,15.778055436668373,28877.327927492825,4,1948,78,16.904347826086955,22.328236112542637,43495.403947233055,83.94032520599984,33.39561000906812,532,0.2731006160164271,161.0,47.33620689655172,22.0,3.769230769230769,0.26314137384199426,3098.5161745795717,6035909.508081006,116.07878959237962,968,0.49691991786447637,138.77120247931342,1.3828727647588694,False,False,5,34,34,2,22.32823611254264,43495.403947233055,4.725276300127077,116,116,0,1830.237700274984,15.778055436668373,28877.327927492825,78,0.158284163944778,0.007641518998895,0.1460888226947264,0.1301567329770984,False,False,True,False,True,primitive_full_verified,-3.552713678800501e-15
hexc_00042,43,12781267,12779528,1739,12781267,False,37,0.02127659574468085,0,1739,334,48.30555555555556,7.0,True,True,97,97,0,1587.2519635993533,16.363491141279816,25972.874185195804,3,1739,102,18.083333333333332,6.5401300148562616,11373.28609583504,60.013271021211835,17.532430256477404,741,0.4261069580218516,164.0,43.93814432989691,36.0,6.0,0.29156566426107794,826.1926892386061,1436749.0865859361,71.85167808225265,1481,0.8516388729154687,126.32664600885066,1.1972631529592264,False,False,5,33,32,8,6.5401300148562616,11373.28609583504,2.557367790298505,97,97,0,1587.2519635993524,16.363491141279816,25972.874185195804,102,0.0853472717256858,0.0053725661686165,0.1300675391522673,0.1101458902583867,False,False,True,False,True,primitive_full_verified,0.0
hexc_00043,44,109588091,109577354,10737,109588091,False,40,0.0037254354102635744,0,10737,2501,275.3076923076923,12.0,True,True,546,546,0,10107.655404424124,18.512239267815275,187114.83108940587,17,10737,120,19.6697247706422,15.650024564874375,168034.31375305617,235.39178934377742,64.81402505497097,6318,0.5884325230511316,1249.0,358.74542124542126,32.0,8.325,0.05197922170326458,17469.61274591748,187571232.05291596,298.98287614925994,7509,0.6993573623917295,1116.2674329040397,1.270149978394578,False,False,3,28,37,10,15.650024564874377,168034.31375305617,3.956011193724605,546,546,0,10107.655404424126,18.512239267815275,187114.83108940587,120,0.0758150393802483,0.0066368119233886,0.2415685632788372,0.2225301612998425,False,False,True,False,True,primitive_full_verified,-1.7763568394002505e-15
hexc_00044,45,12836777,12833438,3339,12836777,False,36,0.01078167115902965,0,3339,691,95.4,13.0,True,True,194,194,0,3175.3327670842978,16.367824812256128,51972.87722637266,3,3339,114,17.28497409326425,10.518589393015356,35121.56998327827,94.14804495616181,31.234582856221635,1321,0.39562743336328243,345.0,93.5360824742268,17.0,4.694444444444445,0.15597193014251348,2693.8990701015346,8994928.995069023,116.39622954553226,742,0.2222222222222222,256.1083971858775,1.2363106382052849,False,False,4,32,32,4,10.518589393015356,35121.56998327827,3.2432374863730464,194,194,0,3175.3327670842987,16.367824812256128,51972.87722637266,114,0.1100648911388662,0.0060864238556851,0.1752468754780604,0.1608095545919656,False,False,True,False,True,primitive_full_verified,0.0
hexc_00045,46,618029,618028,1,618029,False,2,2.0,0,1,1,1.0,1.0,True,True,1,1,0,13.3342906609052,13.3342906609052,177.80330742950363,1,1,1,,0.0,0.0,0.0,0.0,0,0.0,0.0,0.0,1.0,0.5,1.0,0.0,0.0,0.0,0,0.0,inf,inf,False,False,1,0,1,0,0.0,0.0,0.0,1,1,0,13.3342906609052,13.3342906609052,177.80330742950363,1,0.0,0.0,0.0748436752518515,0.0731760324597099,False,False,True,True,False,sign_inconsistent_positive_harmless,0.0
hexc_00046,47,12807413,12805898,1515,12807413,False,37,0.02442244224422442,0,1515,286,42.083333333333336,6.5,True,True,80,80,0,1309.2378670814828,16.365534701877635,21426.297407585465,3,1515,112,19.139240506329113,10.570924459565392,16014.950556241569,70.05175721834132,20.804723057999173,809,0.533993399339934,114.0,32.9875,20.0,5.621621621621622,0.36716741389201707,1615.6821044571577,2447758.388252594,90.090891656125,1335,0.8811881188118812,152.84208213172533,1.2860618381823679,False,False,5,33,32,5,10.570924459565392,16014.950556241569,3.25129581237472,80,80,0,1309.2378670814826,16.365534701877635,21426.297407585465,112,0.0882034983181084,0.006714545286013,0.1184377830877646,0.0957330676536776,False,False,True,False,True,primitive_full_verified,0.0
hexc_00047,48,3440807,3439819,811,3440807,False,37,0.04562268803945746,0,811,145,22.52777777777778,4.5,True,True,57,57,0,857.9096844098194,15.05116428018275,12912.439063538932,4,808,62,14.357142857142858,20.16255464637634,16351.831818211213,57.32897776536083,21.022402348261604,666,0.8212083847102343,69.0,21.157894736842106,20.0,4.0,0.40425531914893614,702.2368423026453,569514.0791074453,70.83958110126503,693,0.8545006165228114,34.828763250437255,1.2356679616929702,False,False,4,32,33,6,20.16255464637634,16351.831818211213,4.490273337601659,57,57,0,857.9096844098192,15.05116428018275,12912.439063538932,62,0.1344671783462779,0.0089098695882727,0.1225172337511368,0.1072136412049886,False,False,True,True,False,sign_inconsistent_positive_harmless,0.0
hexc_00048,49,33902159,33888759,13400,33902159,False,41,0.0030597014925373136,0,13400,3186,335.0,13.5,True,True,756,756,0,13108.126641330568,17.33898925763836,227279.07943450435,4,13400,92,17.743046357615896,4.868706166264128,65240.662627939324,173.49341583769956,39.89029548464361,2003,0.14947761194029852,1580.0,454.41931216931215,29.0,6.024390243902439,0.03757827373823572,3260.8458529138193,43695334.42904518,194.56743525008505,3283,0.245,669.7561408631776,1.1214686984553923,False,False,4,36,37,12,4.868706166264128,65240.66262793933,2.206514483583584,756,756,0,13108.126641330571,17.33898925763836,227279.07943450435,92,0.0528650334287495,0.0049814047227133,0.3075518627750951,0.2975764937115444,False,False,True,False,True,primitive_full_verified,0.0
hexc_00049,50,3457967,3457512,455,3457967,False,35,0.07692307692307693,0,455,73,13.382352941176471,4.5,True,True,24,24,0,361.3470302370314,15.056191402091347,5440.486510911918,1,455,52,19.73913043478261,8.124344796287334,3696.5768823107364,30.4435092282652,10.276987999980117,190,0.4175824175824176,27.0,9.666666666666666,20.0,6.285714285714286,0.6712666338097585,211.6806529292425,96314.69708280535,32.925310910574126,250,0.5494505494505495,26.055104532980486,1.0815215376026592,False,False,3,33,32,9,8.124344796287334,3696.576882310736,2.850323630096648,24,24,0,361.3470302370314,15.056191402091349,5440.486510911918,52,0.1139573324236773,0.006278619086263,0.0793601948576568,0.055366069112823,False,False,True,False,True,primitive_full_verified,0.0
hexc_00050,51,12842173,12840082,2091,12842173,False,40,0.01912960306073649,0,2091,410,53.61538461538461,6.0,True,True,116,116,0,1898.7066712055992,16.36824507866729,31078.336407844687,7,2091,66,18.121739130434783,10.927189466998101,22848.753175493028,61.306878571848586,23.900184714502224,293,0.1401243424198948,200.0,56.69827586206897,28.0,6.05,0.24220443062261357,1440.808008789411,3012729.546378658,82.24549339294663,1009,0.48254423720707795,131.8553149591564,1.3415377737191274,False,False,4,32,36,9,10.9271894669981,22848.753175493028,3.3056299652257057,116,116,0,1898.7066712055996,16.36824507866729,31078.336407844687,66,0.1519791830059413,0.0050051051752984,0.1392439305539144,0.1199057486653474,False,False,True,False,True,primitive_full_verified,1.7763568394002505e-15
hexc_00051,52,1512479,1512478,1,1512479,False,2,2.0,0,1,1,1.0,1.0,True,True,1,1,0,14.229260584493225,14.229260584493225,202.4718567814125,1,1,1,,0.0,0.0,0.0,0.0,0,0.0,0.0,0.0,1.0,0.5,1.0,0.0,0.0,0.0,0,0.0,inf,inf,False,False,1,0,1,0,0.0,0.0,0.0,1,1,0,14.229260584493224,14.229260584493224,202.4718567814125,1,0.0,0.0,0.0713499660129912,0.0686807082255686,False,False,True,True,False,sign_inconsistent_positive_harmless,0.0
hexc_00052,53,356243,356170,3,356243,False,4,1.3333333333333333,0,3,1,1.0,1.0,True,True,2,2,0,25.56633807844032,12.783171846852428,326.81882137056954,1,3,2,2.0,12.104400791507246,36.31320237452174,4.261059154038987,3.01302183756282,2,0.6666666666666666,0.0,0.0,1.0,0.5,1.0,12.104400791507246,36.31320237452174,4.261059154038987,2,0.6666666666666666,1.0,1.0,False,False,2,2,2,2,12.104400791507246,36.31320237452174,3.4791379379822303,2,2,0,25.56633807844032,12.783171846852428,326.81882137056954,2,0.4999993410956488,0.0146736966602346,0.0917954514179663,0.0880421204440856,False,False,True,True,False,sign_inconsistent_positive_harmless,0.0
hexc_00053,54,7112297,7110038,2259,7112297,False,39,0.017264276228419653,0,2259,447,59.44736842105263,7.0,True,True,136,136,0,2145.6960514534535,15.777335815708886,33853.02606893026,11,2259,62,16.651851851851852,3.264895938981641,7375.399926159527,36.271435640834795,13.751829646249806,387,0.17131474103585656,209.0,61.5,16.0,5.589743589743589,0.21307047059381073,517.0045010640989,1167913.1679037996,66.55004500207201,1973,0.8733953076582559,158.35252048656676,1.8347783545448975,False,False,3,27,36,9,3.264895938981641,7375.399926159527,1.8069023047695856,136,136,0,2145.696051453454,15.777335815708886,33853.02606893026,62,0.1437445794438447,0.0030623697626775,0.1547550134720171,0.1421341086327225,False,False,True,False,True,primitive_full_verified,0.0
hexc_00054,55,12895717,12894136,1581,12895717,False,37,0.02340290955091714,0,1581,300,43.916666666666664,7.0,True,True,87,87,0,1424.3941279906464,16.372405798698676,23320.673929458786,3,1581,72,18.348837209302324,17.409047542990066,27523.704165467294,88.01407041159285,27.274235028025643,552,0.349146110056926,126.0,44.47126436781609,23.0,6.0,0.29208544317263097,1259.7076194043846,1991597.746278332,93.8856774435867,504,0.3187855787476281,72.35936465183697,1.0667121405081665,False,False,4,33,33,9,17.409047542990066,27523.70416546729,4.172415073190833,87,87,0,1424.3941279906462,16.372405798698676,23320.673929458782,72,0.0960286767385627,0.0082557947953519,0.1217247995908262,0.1031699645978112,False,False,True,False,True,primitive_full_verified,0.0
hexc_00055,56,1511527,1511046,403,1511527,False,35,0.08684863523573201,0,403,65,11.852941176470589,4.5,True,True,29,29,0,412.6251302173886,14.228579351315826,5871.017175588177,1,403,46,14.357142857142858,19.6838291851891,7932.583161631208,31.458680334547367,15.054741219611286,128,0.3176178660049628,26.0,7.517241379310345,22.0,6.114285714285714,0.6563450061929963,371.1308073875218,149565.7153771713,43.85125577877318,154,0.38213399503722084,18.854604147183693,1.3939318277956023,False,False,4,33,31,16,19.6838291851891,7932.583161631208,4.436646164073613,29,29,0,412.6251302173886,14.228579351315826,5871.017175588177,46,0.229015875360579,0.007718928919738,0.0952884508457212,0.0811829553542681,False,False,True,True,False,sign_inconsistent_positive_harmless,0.0
hexc_00056,57,179620853,179616870,3983,179620853,False,39,0.009791614361034396,0,3983,840,104.8157894736842,10.5,True,True,176,176,0,3345.117079958123,19.006358815110175,63578.45612857277,11,3983,120,22.697142857142858,39.695186823043905,158105.92911618386,185.76831562551843,63.67101524607765,1544,0.3876475018830028,378.0,114.35795454545455,22.0,7.512820512820513,0.1656059737090283,13237.292920668751,52724137.703023635,248.9239650009706,1763,0.44263118252573436,333.47350094808525,1.3399699736889723,False,False,2,29,37,7,39.69518682304391,158105.92911618386,6.3004116391743725,176,176,0,3345.117079958124,19.006358815110172,63578.45612857277,120,0.1174735959386173,0.0081468555780067,0.1434186712486546,0.1108425832777827,False,False,True,False,True,primitive_full_verified,-7.105427357601002e-15
hexc_00057,58,1188511,1188358,3,1188511,False,4,1.3333333333333333,0,3,1,1.0,1.0,True,True,2,2,0,27.97616952660599,13.988085604798838,391.3330306907002,1,3,2,2.0,14.493815951507836,43.48144785452351,4.662695762596842,3.297023197314644,2,0.6666666666666666,0.0,0.0,1.0,0.5,1.0,14.493815951507836,43.48144785452351,4.662695762596842,2,0.6666666666666666,1.0,1.0,False,False,2,2,2,2,14.493815951507836,43.48144785452351,3.8070744609881007,2,2,0,27.97616952660599,13.988085604798838,391.3330306907002,2,0.4999998195259278,0.0134398679639979,0.0833294497303515,0.0806391928862905,False,False,True,True,False,sign_inconsistent_positive_harmless,0.0
hexc_00058,59,293,292,1,293,False,2,2.0,0,1,1,1.0,1.0,True,True,1,1,0,5.680172609017068,5.680172609017068,32.26436086822776,1,1,1,,0.0,0.0,0.0,0.0,0,0.0,0.0,0.0,1.0,0.5,1.0,0.0,0.0,0.0,0,0.0,inf,inf,False,False,1,0,1,0,0.0,0.0,0.0,1,1,0,5.680172609017068,5.680172609017068,32.26436086822776,1,0.0,5.505631574898212e-17,0.1707575979731007,0.1660290921582204,False,False,True,True,False,sign_inconsistent_positive_harmless,0.0
hexc_00059,60,3291137,3290975,8,3291137,False,9,1.125,0,8,1,1.0,1.0,True,True,3,3,0,45.020088156040444,15.006696862308974,675.6027791925528,2,8,4,3.0,47.50332782189178,380.02662257513424,13.13086005838144,6.498090510767453,5,0.625,0.0,0.0,2.0,0.8888888888888888,1.0,47.50332782189178,380.02662257513424,13.13086005838144,5,0.625,1.0,1.0,False,False,3,6,6,4,47.50332782189178,380.02662257513424,6.892265797391434,3,3,0,45.02008815604045,15.006696862308974,675.6027791925528,4,0.2448979596034625,0.0205672364492246,0.0730965487832678,0.068097615704397,False,False,True,True,False,sign_inconsistent_positive_harmless,0.0
hexc_00060,61,1190143,1190068,3,1190143,False,4,1.3333333333333333,0,3,1,1.0,1.0,True,True,2,2,0,27.97904537377347,13.989523527173441,391.4134900138387,1,3,2,2.0,14.496795926438887,43.49038777931666,4.663175069248949,3.297362119153607,2,0.6666666666666666,0.0,0.0,1.0,0.5,1.0,14.496795926438887,43.49038777931666,4.663175069248949,2,0.6666666666666666,1.0,1.0,False,False,2,2,2,2,14.496795926438889,43.49038777931666,3.80746581421802,2,2,0,27.97904537377347,13.98952352717344,391.4134900138387,2,0.4999998198037731,0.0134386455041789,0.0832943901091022,0.080631858151701,False,False,True,True,False,sign_inconsistent_positive_harmless,-1.7763568394002505e-15
hexc_00061,62,113166227,113154493,11734,113166227,False,40,0.0034088972217487645,0,11734,2756,300.87179487179486,13.0,True,True,602,602,0,11163.678212011508,18.544368331162183,207022.77611569525,70,11734,134,19.40765391014975,6.659239168363856,78139.51240158148,155.64756921397566,44.19827836058252,8978,0.7651269814215101,1368.0,391.1794019933555,70.0,28.35,0.047268060770797586,15279.35316428806,179287930.0297561,322.3380605549992,10674,0.9096642236236577,2294.459288513905,2.0709482466241838,False,False,1,21,39,4,6.659239168363856,78139.51240158148,2.580550167767303,602,602,0,11163.6782120115,18.544368331162183,207022.77611569525,134,0.0806354511889198,0.0041822745120619,0.2503069484559692,0.2349919129337335,False,False,True,False,True,primitive_full_verified,0.0
hexc_00062,63,30816007,30813688,2319,30816007,False,40,0.017248814144027597,0,2319,461,59.46153846153846,6.0,True,True,122,122,0,2103.7078528160987,17.243544820734687,36275.30106562952,9,2319,82,19.09090909090909,12.976402123307695,30092.276523950546,107.81782242773079,27.428213815317314,1858,0.8012074169900819,215.0,58.0,27.0,5.3,0.24764150943396226,1306.186215820863,3029045.8344885814,121.42524709018949,1843,0.7947391116860716,100.65858035292722,1.1262075634256072,False,False,4,30,36,6,12.976402123307697,30092.276523950542,3.602277352357491,122,122,0,2103.7078528160987,17.243544820734687,36275.30106562952,82,0.0647163388371673,0.0075446709207132,0.1321516982536188,0.1136507642000766,False,False,True,False,True,primitive_full_verified,-1.7763568394002505e-15
hexc_00063,64,604810421,604757400,53021,604810421,True,41,0.0007732785122875842,0,53021,14164,1325.525,25.0,True,True,2571,2571,0,51986.601556729926,20.220425613170573,1051188.9309305267,31,53021,156,20.618677042801558,2.142086434591942,113575.56484849934,157.89904112522345,52.632078887425486,28476,0.537070217461006,7060.0,2070.072734344613,31.0,11.512195121951219,0.009862133134759803,25170.595562141607,1334570147.3003101,393.0509217906074,34369,0.6482148582637068,11750.504160648632,2.4892546464477534,False,True,3,27,38,5,2.142086434591942,113575.56484849934,1.4635868387601545,2571,2571,0,51986.60155672995,20.220425613170573,1051188.9309305267,156,0.1111071642318311,0.0016779826148503,0.4494568065190746,0.436528398028676,False,False,False,False,True,primitive_full_verified,0.0
hexc_00064,65,3439001,3438886,3,3439001,False,4,1.3333333333333333,0,3,1,1.0,1.0,True,True,2,2,0,30.101317442554326,15.050659012068836,453.0446558887128,1,3,2,2.0,16.779431699582005,50.338295098746016,5.016886531217395,3.5474742810465174,2,0.6666666666666666,0.0,0.0,1.0,0.5,1.0,16.779431699582005,50.338295098746016,5.016886531217395,2,0.6666666666666666,1.0,1.0,False,False,2,2,2,2,16.779431699582005,50.338295098746016,4.096270462210962,2,2,0,30.10131744255433,15.050659012068836,453.0446558887128,2,0.4999999420374259,0.0125120542877309,0.0792717980142518,0.0750723212794575,False,False,True,True,False,sign_inconsistent_positive_harmless,0.0
hexc_00065,66,1196077,1196076,1,1196077,False,2,2.0,0,1,1,1.0,1.0,True,True,1,1,0,13.994557592691232,13.994557592691232,195.8476422151518,1,1,1,,0.0,0.0,0.0,0.0,0,0.0,0.0,0.0,1.0,0.5,1.0,0.0,0.0,0.0,0,0.0,inf,inf,False,False,1,0,1,0,0.0,0.0,0.0,1,1,0,13.994557592691232,13.994557592691232,195.8476422151518,1,0.0,0.0,0.0711424243631883,0.0698053209783983,False,False,True,True,False,sign_inconsistent_positive_harmless,0.0
hexc_00066,67,39699197,39695992,3205,39699197,False,35,0.0109204368174727,0,3205,660,94.26470588235294,15.0,True,True,168,168,0,2939.4627525280343,17.496841518752603,51431.19805662679,9,3205,78,19.137724550898202,29.180715967574525,93524.19467607635,147.72189139107985,51.69255118378175,638,0.19906396255850234,296.0,92.80952380952381,23.0,8.228571428571428,0.17095305897366014,5698.478117278085,18263622.36587626,178.20064321928146,614,0.19157566302652107,195.28232698643197,1.2063252205965327,False,False,1,27,34,8,29.180715967574525,93524.19467607635,5.401917804592599,168,168,0,2939.4627525280325,17.496841518752603,51431.19805662679,78,0.1224520932878108,0.0085253544488815,0.1495716452263878,0.1316093417511963,False,False,True,False,True,primitive_full_verified,0.0
hexc_00067,68,1192069,1192068,1,1192069,False,2,2.0,0,1,1,1.0,1.0,True,True,1,1,0,13.991201010838148,13.991201010838148,195.75370572567843,1,1,1,,0.0,0.0,0.0,0.0,0,0.0,0.0,0.0,1.0,0.5,1.0,0.0,0.0,0.0,0,0.0,inf,inf,False,False,1,0,1,0,0.0,0.0,0.0,1,1,0,13.991201010838148,13.991201010838148,195.75370572567843,1,0.0,0.0,0.0712244136304279,0.0698216715498185,False,False,True,True,False,sign_inconsistent_positive_harmless,0.0
hexc_00068,69,108581987,108578163,3824,108581987,False,39,0.010198744769874478,0,3824,803,100.63157894736842,10.5,True,True,185,185,0,3423.0546931432327,18.5030160861452,63336.77530947914,26,3824,90,20.641304347826086,19.109224551334165,73073.67468430185,92.65948587010007,43.286071273149176,930,0.24320083682008367,394.0,113.22162162162162,30.0,10.512820512820513,0.1541973193723344,2788.502022268396,10663231.733154347,120.73327037877675,1064,0.27824267782426776,145.9243945131049,1.3029779870356015,False,False,5,25,34,6,19.109224551334165,73073.67468430185,4.371409904291082,185,185,0,3423.0546931432336,18.5030160861452,63336.77530947914,90,0.2182310629968106,0.0043804824344325,0.1469597990717331,0.1245862627972834,False,False,True,False,True,primitive_full_verified,0.0
hexc_00069,70,12847921,12847029,892,12847921,False,36,0.04035874439461883,0,892,157,25.485714285714284,5.0,True,True,46,46,0,752.9582314477574,16.36869256633284,12324.915180558319,2,892,66,19.77777777777778,13.208441535992131,11781.929850104982,62.355261308023586,18.090766406362743,229,0.25672645739910316,74.0,21.847826086956523,19.0,6.222222222222222,0.4751349155689665,638.8484688940822,569852.8342535213,69.1082499308734,237,0.265695067264574,48.366680289515024,1.1082986179705234,False,False,3,33,33,5,13.208441535992131,11781.929850104982,3.634341967398243,46,46,0,752.9582314477574,16.36869256633284,12324.91518055832,66,0.0841720151674263,0.0077829840818417,0.0908608054490663,0.0711926004758948,False,False,True,False,True,primitive_full_verified,0.0
hexc_00070,71,1191481,1191480,1,1191481,False,2,2.0,0,1,1,1.0,1.0,True,True,1,1,0,13.990707629107597,13.990707629107597,195.7398999631695,1,1,1,,0.0,0.0,0.0,0.0,0,0.0,0.0,0.0,1.0,0.5,1.0,0.0,0.0,0.0,0,0.0,inf,inf,False,False,1,0,1,0,0.0,0.0,0.0,1,1,0,13.990707629107597,13.990707629107597,195.7398999631695,1,0.0,0.0,0.0710316103925829,0.0698240755547498,False,False,True,True,False,sign_inconsistent_positive_harmless,0.0
hexc_00071,72,12843647,12843190,457,12843647,False,35,0.07658643326039387,0,457,73,13.441176470588236,4.5,True,True,21,21,0,343.73514559423506,16.368359850163905,5626.3738246068315,1,457,78,22.8,36.47549975420312,16669.303387670825,46.52610413329572,21.823515094418436,134,0.29321663019693656,27.0,7.809523809523809,17.0,4.4,0.744866210329807,596.7956846631693,272735.62789106835,50.28688253148209,129,0.28227571115973743,16.361549223034284,1.0808315776324593,False,False,2,33,33,3,36.47549975420312,16669.303387670825,6.03949499165312,21,21,0,343.7351455942351,16.368359850163905,5626.373824606832,78,0.2200168942398029,0.0081632419242064,0.0679786634633438,0.043641826458844,False,False,True,False,True,primitive_full_verified,0.0
hexc_00072,73,40882169,40877269,4900,40882169,False,39,0.007959183673469388,0,4900,1056,128.94736842105263,12.0,True,True,267,267,0,4679.48040130128,17.52620456018215,82013.24654023153,4,4900,114,18.406015037593985,10.431615129349572,51114.914133812905,149.69242579579668,36.20274608291366,3844,0.7844897959183673,510.0,146.3932584269663,29.0,7.3076923076923075,0.111687476835583,5254.5054543061915,25747076.72610034,180.80361338997636,4050,0.826530612244898,503.7096738282194,1.207834079972891,False,False,3,34,36,8,10.431615129349572,51114.914133812905,3.229801097490304,267,267,0,4679.480401301279,17.52620456018215,82013.24654023153,114,0.0584902363121407,0.0069729630121156,0.1837301433813745,0.1708297585564211,False,False,True,False,True,primitive_full_verified,0.0
hexc_00073,74,1186291,1186290,1,1186291,False,2,2.0,0,1,1,1.0,1.0,True,True,1,1,0,13.986342191006575,13.986342191006575,195.61776788393058,1,1,1,,0.0,0.0,0.0,0.0,0,0.0,0.0,0.0,1.0,0.5,1.0,0.0,0.0,0.0,0,0.0,inf,inf,False,False,1,0,1,0,0.0,0.0,0.0,1,1,0,13.986342191006576,13.986342191006576,195.61776788393055,1,0.0,0.0,0.0716803042452162,0.0698453533838172,False,False,True,True,False,sign_inconsistent_positive_harmless,0.0
hexc_00074,75,113195507,113182659,12848,113195507,False,41,0.0031911581569115817,0,12848,3043,321.2,13.0,True,True,676,676,0,12526.857243829121,18.544627032132933,232219.20970225587,2,12848,98,19.031111111111112,15.294287511442386,196501.00594701178,206.28628387165918,69.22938293905442,7482,0.5823474470734745,1516.0,422.5473372781065,26.0,5.926829268292683,0.04309791653223222,10240.473736938296,131569606.57218324,266.85353148246304,7534,0.5863947696139477,669.5620001439694,1.2936077303544122,False,False,6,38,35,8,15.294287511442386,196501.00594701176,3.910791161829328,676,675,1,12526.857243829116,18.544627032132933,232219.20970225587,98,0.1126264036386013,0.0052963922956069,0.2647255241959858,0.2536736118314834,False,False,True,False,True,primitive_full_verified,0.0
hexc_00075,76,2879,2878,1,2879,False,2,2.0,0,1,1,1.0,1.0,True,True,1,1,0,7.965198290612176,7.965198290612176,63.444383808771136,1,1,1,,0.0,0.0,0.0,0.0,0,0.0,0.0,0.0,1.0,0.5,1.0,0.0,0.0,0.0,0,0.0,inf,inf,False,False,1,0,1,0,0.0,0.0,0.0,1,1,0,7.965198290612176,7.965198290612176,63.444383808771136,1,0.0,1.1199458377620308e-16,0.1282261417306278,0.1204495617554677,False,False,True,True,False,sign_inconsistent_positive_harmless,0.0
hexc_00076,77,39674417,39673239,1178,39674417,False,37,0.031409168081494056,0,1178,216,32.72222222222222,6.0,True,True,56,56,0,979.7873201849598,17.49621712987685,17142.557014204645,4,1178,88,21.345454545454544,8.95744504509604,10551.870263123135,51.092328906746786,16.887441570205706,191,0.16213921901528014,108.0,27.25,38.0,6.783783783783784,0.43924796557852397,697.5495758786554,821713.4003850562,60.27112857600082,790,0.6706281833616299,77.87372095132697,1.1796512287785332,False,False,2,32,35,7,8.95744504509604,10551.870263123135,2.9928991037280293,56,56,0,979.7873201849596,17.49621712987685,17142.557014204645,88,0.1092487106699715,0.0048863359951688,0.0933658727593846,0.070227735125299,False,False,True,False,True,primitive_full_verified,0.0
hexc_00077,78,3441797,3441229,568,3441797,False,38,0.06690140845070422,0,568,94,15.35135135135135,4.0,True,True,34,34,0,511.7482961572121,15.051504276675633,7702.538783010191,4,568,54,17.09090909090909,8.01435414317619,4552.153153324076,29.52027297177048,10.945021883707867,133,0.23415492957746478,30.0,11.382352941176471,27.0,5.526315789473684,0.600244154380693,188.2597992945688,106931.56599931508,34.1304617734811,480,0.8450704225352113,23.490326972244212,1.1561702632668482,False,False,2,33,36,10,8.01435414317619,4552.153153324076,2.8309634655318656,34,34,0,511.74829615721217,15.051504276675631,7702.538783010191,54,0.1374651246982289,0.0054337359968187,0.0865309897820664,0.0731587940029086,False,False,True,False,True,primitive_full_verified,0.0
hexc_00078,79,109546081,109535495,10586,109546081,False,40,0.003778575477045154,0,10586,2463,271.43589743589746,12.0,True,True,554,554,0,10255.541529067757,18.511855849746507,189848.61381707797,2,10586,108,19.139240506329113,14.296962892039497,151347.64917513012,152.72293793162123,61.51171619600816,750,0.07084829019459664,1225.0,352.01624548736464,18.0,5.35,0.05156663778008741,8258.530388717578,87424802.69496427,209.6600534802219,9032,0.8532023427167957,577.6422902598356,1.372813123684755,False,False,5,37,35,3,14.296962892039495,151347.64917513012,3.781132488030471,554,554,0,10255.54152906775,18.511855849746507,189848.613817078,108,0.1622210276620362,0.0043289464415077,0.2408302537232801,0.2292074218688508,False,False,True,False,True,primitive_full_verified,1.7763568394002505e-15
hexc_00079,80,1198607,1198510,3,1198607,False,4,1.3333333333333333,0,3,1,1.0,1.0,True,True,2,2,0,27.993182690643494,13.996592179689697,391.8091385758727,1,3,2,2.0,14.511449576884582,43.53434873065375,4.66553128280853,3.299028217924702,2,0.6666666666666666,0.0,0.0,1.0,0.5,1.0,14.511449576884582,43.53434873065375,4.66553128280853,2,0.6666666666666666,1.0,1.0,False,False,2,2,2,2,14.511449576884582,43.53434873065375,3.809389659365997,2,2,0,27.993182690643494,13.996592179689696,391.8091385758727,2,0.4999998211633899,0.0134319847655415,0.0831464357639209,0.0805918938395926,False,False,True,True,False,sign_inconsistent_positive_harmless,0.0
hexc_00080,81,1512197,1512196,1,1512197,False,2,2.0,0,1,1,1.0,1.0,True,True,1,1,0,14.22907411823977,14.22907411823977,202.4665502623609,1,1,1,,0.0,0.0,0.0,0.0,0,0.0,0.0,0.0,1.0,0.5,1.0,0.0,0.0,0.0,0,0.0,inf,inf,False,False,1,0,1,0,0.0,0.0,0.0,1,1,0,14.22907411823977,14.22907411823977,202.4665502623609,1,0.0,0.0,0.0705955645536329,0.0686815873299589,False,False,True,True,False,sign_inconsistent_positive_harmless,0.0
hexc_00081,82,12782599,12782006,494,12782599,False,36,0.0728744939271255,0,494,82,14.114285714285714,5.0,True,True,26,26,0,425.4526922582727,16.36358596306383,6961.9228211496475,3,473,54,18.8,55.20495342984067,27271.24699434129,64.59294924850587,27.523347157126484,343,0.694331983805668,33.0,10.038461538461538,21.0,4.555555555555555,0.6519071752467325,1575.5811266564385,778337.0765682806,73.20535192579888,333,0.6740890688259109,28.54057523404718,1.1333334795437016,False,False,2,32,34,3,55.20495342984067,27271.24699434129,7.430003595546954,26,26,0,425.4526922582727,16.36358596306383,6961.922821149648,54,0.1815650556606609,0.0108684538700757,0.0796044258439215,0.0544062230194822,False,False,True,False,True,primitive_full_verified,0.0
hexc_00082,83,42923,42922,1,42923,False,2,2.0,0,1,1,1.0,1.0,True,True,1,1,0,10.66716309178561,10.66716309178561,113.78836842675315,1,1,1,,0.0,0.0,0.0,0.0,0,0.0,0.0,0.0,1.0,0.5,1.0,0.0,0.0,0.0,0,0.0,inf,inf,False,False,1,0,1,0,0.0,0.0,0.0,1,1,0,10.66716309178561,10.66716309178561,113.78836842675317,1,0.0,1.248884654177082e-16,0.0952612074725035,0.0909039576698389,False,False,True,True,False,sign_inconsistent_positive_harmless,0.0
hexc_00083,84,617579,617578,1,617579,False,2,2.0,0,1,1,1.0,1.0,True,True,1,1,0,13.33356227452393,13.33356227452393,177.78388292860774,1,1,1,,0.0,0.0,0.0,0.0,0,0.0,0.0,0.0,1.0,0.5,1.0,0.0,0.0,0.0,0,0.0,inf,inf,False,False,1,0,1,0,0.0,0.0,0.0,1,1,0,13.33356227452393,13.33356227452393,177.78388292860774,1,0.0,0.0,0.0752538383487422,0.0731799305719317,False,False,True,True,False,sign_inconsistent_positive_harmless,0.0
hexc_00084,85,10357,10356,1,10357,False,2,2.0,0,1,1,1.0,1.0,True,True,1,1,0,9.24541789858888,9.24541789858888,85.47775211954762,1,1,1,,0.0,0.0,0.0,0.0,0,0.0,0.0,0.0,1.0,0.5,1.0,0.0,0.0,0.0,0,0.0,inf,inf,False,False,1,0,1,0,0.0,0.0,0.0,1,1,0,9.24541789858888,9.24541789858888,85.47775211954762,1,0.0,0.0,0.1086725867349362,0.1043788308928695,False,False,True,True,False,sign_inconsistent_positive_harmless,0.0
hexc_00085,86,15859,15858,1,15859,False,2,2.0,0,1,1,1.0,1.0,True,True,1,1,0,9.6714924414986,9.6714924414986,93.53776604596456,1,1,1,,0.0,0.0,0.0,0.0,0,0.0,0.0,0.0,1.0,0.5,1.0,0.0,0.0,0.0,0,0.0,inf,inf,False,False,1,0,1,0,0.0,0.0,0.0,1,1,0,9.6714924414986,9.6714924414986,93.53776604596456,1,0.0,0.0,0.1069835705399953,0.0999397652056914,False,False,True,True,False,sign_inconsistent_positive_harmless,0.0
hexc_00086,87,109467389,109460158,7231,109467389,False,38,0.005255151431337298,0,7231,1621,195.43243243243242,13.0,True,True,381,381,0,7052.730369859765,18.51113724551284,130553.82065614768,9,7231,110,19.00526315789474,16.910044187145772,122276.52951725107,216.46518897924216,56.72568561373862,4352,0.60185313234684,801.0,222.76902887139107,52.0,8.631578947368421,0.07860746069558402,15202.012582426905,109925752.98352896,276.60219557401433,5505,0.7613054902503111,898.993072648667,1.2778137532337313,False,False,2,30,36,8,16.910044187145772,122276.52951725108,4.112182411706194,381,381,0,7052.730369859761,18.51113724551284,130553.82065614768,110,0.0686725821519648,0.0074324407919268,0.2045445847739718,0.1910786963521397,False,False,True,False,True,primitive_full_verified,0.0
hexc_00087,88,3290641,3290318,323,3290641,False,35,0.10835913312693499,0,323,49,9.5,3.5,True,True,19,19,0,285.12424164300677,15.006592936590852,4278.7280617265915,3,323,48,17.77777777777778,36.968091999430726,11940.693715816124,31.778394446444057,18.47058953024365,32,0.09907120743034056,17.0,4.842105263157895,14.0,4.171428571428572,0.7859358841778696,282.8539984073448,91361.84148557237,34.42660721712214,29,0.08978328173374613,7.651300976304119,1.0833337497632582,False,False,5,31,30,2,36.968091999430726,11940.693715816124,6.080139143097855,19,19,0,285.1242416430068,15.006592936590852,4278.728061726592,48,0.3378295319778297,0.0078480023338476,0.0705553720204413,0.0540154242762154,False,False,True,False,True,primitive_full_verified,0.0
hexc_00088,89,1188149,1188148,1,1188149,False,2,2.0,0,1,1,1.0,1.0,True,True,1,1,0,13.987907191915609,13.987907191915609,195.6615476096444,1,1,1,,0.0,0.0,0.0,0.0,0,0.0,0.0,0.0,1.0,0.5,1.0,0.0,0.0,0.0,0,0.0,inf,inf,False,False,1,0,1,0,0.0,0.0,0.0,1,1,0,13.987907191915609,13.987907191915609,195.6615476096444,1,0.0,0.0,0.0739495641263946,0.0698377238341033,False,False,True,True,False,sign_inconsistent_positive_harmless,0.0
hexc_00089,90,179641471,179630689,10782,179641471,False,40,0.003709886848451122,0,10782,2512,276.46153846153845,12.0,True,True,543,543,0,10320.498783983438,19.006473594749707,196155.9763356998,34,10782,114,19.830258302583026,15.782038821551193,170161.94257396497,218.73545182421458,65.22306773181651,8270,0.7670191059172695,1250.0,356.5874769797422,34.0,13.8,0.052681519609350254,22223.818952747657,239617215.94852525,318.25298371494864,9000,0.8347245409015025,1408.1716059651228,1.4549675466906513,False,False,2,24,38,4,15.782038821551192,170161.94257396497,3.972661428004052,543,543,0,10320.498783983432,19.006473594749707,196155.9763356998,114,0.0889127593242882,0.0058305796296811,0.2296201708973325,0.2161023309574808,False,False,True,False,True,primitive_full_verified,1.7763568394002505e-15
hexc_00090,91,179602723,179595316,7407,179602723,False,38,0.0051302821655191035,0,7407,1665,200.1891891891892,13.0,True,True,366,366,0,6956.282703309585,19.006257875187373,132212.75696279283,21,7407,110,20.235616438356164,10.500128217395725,77774.44970625013,171.33153159198991,45.240424897444534,4452,0.6010530579181855,823.0,237.5327868852459,22.0,9.605263157894736,0.07850309105942826,10561.812965638832,78231348.63648683,319.39405451328,4861,0.6562710949102201,1005.8746661913054,1.864187237139088,False,False,3,26,35,6,10.500128217395725,77774.44970625013,3.2403901335172165,366,366,0,6956.282703309578,19.006257875187373,132212.75696279283,110,0.0697234319415364,0.0055138368213938,0.1917202756433797,0.1748153915205001,False,False,True,False,True,primitive_full_verified,0.0
hexc_00091,92,3453943,3453942,1,3453943,False,2,2.0,0,1,1,1.0,1.0,True,True,1,1,0,15.055027034946917,15.055027034946917,226.65383902298257,1,1,1,,0.0,0.0,0.0,0.0,0,0.0,0.0,0.0,1.0,0.5,1.0,0.0,0.0,0.0,0,0.0,inf,inf,False,False,1,0,1,0,0.0,0.0,0.0,1,1,0,15.055027034946916,15.055027034946916,226.65383902298257,1,0.0,0.0,0.0687276505309807,0.0649963708245559,False,False,True,True,False,sign_inconsistent_positive_harmless,0.0
hexc_00092,93,1188839,1188838,1,1188839,False,2,2.0,0,1,1,1.0,1.0,True,True,1,1,0,13.988487758598637,13.988487758598637,195.67778977246394,1,1,1,,0.0,0.0,0.0,0.0,0,0.0,0.0,0.0,1.0,0.5,1.0,0.0,0.0,0.0,0,0.0,inf,inf,False,False,1,0,1,0,0.0,0.0,0.0,1,1,0,13.988487758598636,13.988487758598636,195.67778977246397,1,0.0,0.0,0.0717695715648134,0.0698348939319513,False,False,True,True,False,sign_inconsistent_positive_harmless,0.0
hexc_00093,94,618119,618118,1,618119,False,2,2.0,0,1,1,1.0,1.0,True,True,1,1,0,13.334436274537483,13.334436274537483,177.80719075970106,1,1,1,,0.0,0.0,0.0,0.0,0,0.0,0.0,0.0,1.0,0.5,1.0,0.0,0.0,0.0,0,0.0,inf,inf,False,False,1,0,1,0,0.0,0.0,0.0,1,1,0,13.334436274537484,13.334436274537484,177.80719075970106,1,0.0,3.1969133879196994e-16,0.0765541684740735,0.073175253227646,False,False,True,True,False,sign_inconsistent_positive_harmless,0.0
hexc_00094,95,178011341,178005997,5344,178011341,False,41,0.007672155688622754,0,5344,1162,133.6,9.5,True,True,262,262,0,4977.303741810865,18.997357819709887,94555.5440391194,10,5344,100,20.436781609195403,13.247415743486737,70794.18973319312,182.06647312780206,41.553430116756005,3272,0.6122754491017964,570.0,161.1412213740458,22.0,6.951219512195122,0.11255097684426908,9808.642285599148,52417384.374241844,258.3971783631473,3496,0.6541916167664671,740.4192995469092,1.4192463550483823,False,False,4,30,37,9,13.247415743486735,70794.18973319312,3.6396999523981006,262,262,0,4977.303741810864,18.997357819709887,94555.5440391194,100,0.0520899331268845,0.0069070699511918,0.1648839859416764,0.1470561101400873,False,False,True,False,True,primitive_full_verified,1.7763568394002505e-15
hexc_00095,96,3438637,3438262,375,3438637,False,36,0.096,0,375,58,10.714285714285714,4.0,True,True,23,23,0,346.16209037328315,15.050585729903096,5209.921426614806,1,375,44,17.0,42.836550242550295,16063.706340956362,40.01401673783565,21.123779610348276,136,0.3626666666666667,18.0,5.043478260869565,19.0,4.361111111111111,0.7712031558185405,451.7226125087714,169395.97969078927,40.937115645497755,135,0.36,10.54526123021147,1.0230693887521984,False,False,7,34,29,2,42.836550242550295,16063.706340956362,6.544963731186773,23,23,0,346.16209037328315,15.050585729903096,5209.921426614806,44,0.2786884412796273,0.0091609752093495,0.0753076301542394,0.0613047056138632,False,False,True,False,True,primitive_full_verified,0.0
hexc_00096,97,30981239,30980149,1090,30981239,False,38,0.03486238532110092,0,1090,197,29.45945945945946,6.0,True,True,53,53,0,914.1903376567711,17.2488923856975,15768.754216326237,4,1090,76,20.884615384615383,7.895442397618289,8606.032213403934,37.50419701108132,15.04907079961027,490,0.44954128440366975,91.0,25.37735849056604,25.0,6.447368421052632,0.4514423755666755,411.1557784793786,448159.7985425227,53.07565663099814,492,0.45137614678899085,52.07507797199641,1.4151924547355579,False,False,2,33,36,14,7.895442397618289,8606.032213403934,2.8098829864637227,53,53,0,914.1903376567708,17.2488923856975,15768.754216326235,76,0.1610125128873965,0.0038095629268263,0.0903727573504991,0.0702659379459539,False,False,True,False,True,primitive_full_verified,0.0
hexc_00097,98,33843191,33842396,795,33843191,False,37,0.04654088050314465,0,795,138,22.083333333333332,5.5,True,True,35,35,0,606.8032714647729,17.33724838494695,10520.291721725715,3,795,78,23.294117647058822,9.36396409240248,7444.351453459971,35.98290336529624,14.184452331033107,657,0.8264150943396227,60.0,17.428571428571427,30.0,7.945945945945946,0.5720181593066447,430.8578942532015,342532.0259312952,51.79353288173229,341,0.4289308176100629,46.01233943248258,1.4393928237509772,False,False,4,33,33,18,9.36396409240248,7444.351453459971,3.0600594916443176,35,35,0,606.8032714647729,17.33724838494695,10520.291721725716,78,0.1553934608700715,0.004261589416467,0.0761893412087709,0.0523006045347718,False,False,True,False,True,primitive_full_verified,0.0
hexc_00098,99,4991101,4990677,357,4991101,False,34,0.09523809523809523,0,357,57,10.818181818181818,3.0,True,True,22,22,0,339.30863397805143,15.42315346033131,5233.1976860138975,2,356,42,16.857142857142858,12.437731257729226,4440.270059009334,31.840112635961475,11.427868489187162,212,0.5938375350140056,25.0,6.590909090909091,20.0,5.117647058823529,0.7189144281362504,311.28854035056855,111130.00890515298,43.979873860570166,241,0.6750700280112045,25.02775899399847,1.3812725590328963,False,False,2,31,32,9,12.437731257729226,4440.270059009334,3.5267167816156184,22,22,0,339.30863397805155,15.42315346033131,5233.1976860138975,42,0.1288194014858847,0.0071299286054191,0.076175182058325,0.0592385896584613,False,False,True,False,True,primitive_full_verified,0.0
hexc_00099,100,6421,6420,1,6421,False,2,2.0,0,1,1,1.0,1.0,True,True,1,1,0,8.76732914779405,8.76732914779405,76.86606038575913,1,1,1,,0.0,0.0,0.0,0.0,0,0.0,0.0,0.0,1.0,0.5,1.0,0.0,0.0,0.0,0,0.0,inf,inf,False,False,1,0,1,0,0.0,0.0,0.0,1,1,0,8.76732914779405,8.76732914779405,76.86606038575913,1,0.0,0.0,0.1159896775054861,0.1098531528794008,False,False,True,True,False,sign_inconsistent_positive_harmless,0.0
hexc_00100,101,1510643,1510642,1,1510643,False,2,2.0,0,1,1,1.0,1.0,True,True,1,1,0,14.228045945966743,14.228045945966743,202.43729144054066,1,1,1,,0.0,0.0,0.0,0.0,0,0.0,0.0,0.0,1.0,0.5,1.0,0.0,0.0,0.0,0,0.0,inf,inf,False,False,1,0,1,0,0.0,0.0,0.0,1,1,0,14.228045945966745,14.228045945966745,202.43729144054063,1,0.0,0.0,0.070535407834942,0.0686864351030437,False,False,True,True,False,sign_inconsistent_positive_harmless,0.0
hexc_00101,102,33477793,33476547,1246,33477793,False,37,0.02969502407704655,0,1246,230,34.611111111111114,6.5,True,True,63,63,0,1091.5615335152456,17.326392881460524,18912.802880168278,10,1246,90,19.93548387096774,13.729772123689107,17107.29606611663,62.88098148531128,21.502542945853804,1016,0.8154093097913323,114.0,34.38095238095238,32.0,7.972972972972973,0.367024886877828,1094.5359847382945,1363791.836983915,71.83602303233027,452,0.36276083467094705,79.71989446567736,1.142412559974288,False,False,3,27,34,9,13.729772123689107,17107.29606611663,3.705370713395504,63,63,0,1091.5615335152454,17.326392881460524,18912.80288016828,90,0.1169340586507665,0.0059616473562023,0.096662723146914,0.0788530878574153,False,False,True,False,True,primitive_full_verified,0.0
hexc_00102,103,33824779,33823778,1001,33824779,False,38,0.03796203796203796,0,1001,179,27.054054054054053,5.0,True,True,57,57,0,988.1912543848016,17.33670419837081,17131.964127067433,9,1001,60,17.714285714285715,17.308259388667587,17325.567648056254,56.68613321081503,21.35265769730603,206,0.2057942057942058,69.0,22.210526315789473,21.0,4.7894736842105265,0.4436911487758946,831.0628182748374,831893.8810931122,66.15981808598349,653,0.6523476523476524,48.01538962484972,1.1671252621860084,False,False,3,28,35,10,17.308259388667587,17325.567648056254,4.160319625782085,57,57,0,988.1912543848016,17.33670419837081,17131.964127067433,60,0.1418894841820835,0.0059703851044254,0.0986530057695944,0.0823075164766412,False,False,True,False,True,primitive_full_verified,0.0
hexc_00103,104,30358319,30357034,1285,30358319,False,37,0.028793774319066146,0,1285,238,35.69444444444444,7.5,True,True,65,65,0,1119.8564136664406,17.228581140052334,19293.513649699857,9,1285,60,19.9375,3.2702321828265735,4202.248354932147,37.876337278351116,10.657123432851428,854,0.6645914396887159,118.0,30.83076923076923,25.0,6.108108108108108,0.39271577113202905,331.38547352491787,425830.33347951947,48.73634910533008,906,0.7050583657587549,101.33392829572428,1.2867228620119557,False,False,2,28,35,7,3.270232182826573,4202.248354932147,1.8083783295612048,65,65,0,1119.8564136664402,17.228581140052334,19293.513649699857,60,0.0791669733114834,0.0035506716837985,0.097634505621578,0.0804237049730352,False,False,True,False,True,primitive_full_verified,4.440892098500626e-16
hexc_00104,105,604432601,604410439,22162,604432601,True,41,0.0018500135366844148,0,22162,5511,554.05,19.0,True,True,1062,1062,0,21473.4086597927,20.219800726352254,434187.6454525263,10,22162,112,20.87841658812441,8.95372083559938,198432.36115855345,292.6684975387543,69.56876947879694,12511,0.5645248623770418,2734.0,764.2843691148776,40.0,8.951219512195122,0.026591194804820948,33652.84775716971,745814411.9943951,460.66742470229474,13068,0.5896579731071203,3758.532165015498,1.5740246339334643,False,True,3,31,38,8,8.95372083559938,198432.36115855345,2.992276864797003,1062,1062,0,21473.408659792687,20.21980072635225,434187.6454525263,112,0.0565036739633664,0.0048112529540787,0.2914811871626422,0.2780296336118464,False,False,False,False,True,primitive_full_verified,0.0
hexc_00105,106,479,478,1,479,False,2,2.0,0,1,1,1.0,1.0,True,True,1,1,0,6.171700597410915,6.171700597410915,38.08988826408224,1,1,1,,0.0,0.0,0.0,0.0,0,0.0,0.0,0.0,1.0,0.5,1.0,0.0,0.0,0.0,0,0.0,inf,inf,False,False,1,0,1,0,0.0,0.0,0.0,1,1,0,6.171700597410915,6.171700597410915,38.08988826408224,1,0.0,4.663591625904842e-17,0.1648068982246287,0.1535407636762682,False,False,True,True,False,sign_inconsistent_positive_harmless,0.0
hexc_00106,107,231701,231700,1,231701,False,2,2.0,0,1,1,1.0,1.0,True,True,1,1,0,12.35320302633692,12.35320302633692,152.60162500989966,1,1,1,,0.0,0.0,0.0,0.0,0,0.0,0.0,0.0,1.0,0.5,1.0,0.0,0.0,0.0,0,0.0,inf,inf,False,False,1,0,1,0,0.0,0.0,0.0,1,1,0,12.35320302633692,12.35320302633692,152.60162500989966,1,0.0,0.0,0.0810551545684911,0.078831748748131,False,False,True,True,False,sign_inconsistent_positive_harmless,0.0
hexc_00107,108,39634747,39633125,1622,39634747,False,36,0.02219482120838471,0,1622,309,46.34285714285714,9.0,True,True,83,83,0,1452.1012223409105,17.49521674098589,25404.794697890746,2,1622,64,19.75609756097561,15.227597133214324,24699.162550073634,68.9556760783853,26.19327869154903,861,0.530826140567201,144.0,40.53012048192771,26.0,6.472222222222222,0.3277050410910828,1318.8990250423271,2139254.2186186546,86.37536660748947,822,0.5067817509247842,86.61241911670714,1.2526215609763924,False,False,6,33,30,8,15.227597133214324,24699.162550073637,3.902255390567656,83,83,0,1452.101222340911,17.49521674098589,25404.794697890746,64,0.1442911470209992,0.0056096653888982,0.1078488246263689,0.0907597358435971,False,False,True,False,True,primitive_full_verified,0.0
hexc_00108,109,33492847,33491912,935,33492847,False,38,0.040641711229946524,0,935,166,25.27027027027027,4.0,True,True,46,46,0,797.0341024200071,17.326842451608083,13810.073052621921,5,935,70,20.666666666666668,10.424091534887653,9746.525585119956,39.6940451626931,16.015227609930918,238,0.2545454545454545,63.0,21.565217391304348,35.0,5.421052631578948,0.4893617021276595,356.8309348841965,333636.9241167237,49.07091695586965,227,0.2427807486631016,34.231370061356834,1.2362286774941624,False,False,3,32,35,4,10.424091534887651,9746.525585119956,3.228636172579322,46,46,0,797.0341024200067,17.326842451608083,13810.07305262192,70,0.16278542270158,0.0043309131910465,0.0863386781827271,0.0658629327433626,False,False,True,False,True,primitive_full_verified,1.7763568394002505e-15
hexc_00109,110,39655321,39654336,985,39655321,False,38,0.03857868020304569,0,985,176,26.62162162162162,5.0,True,True,49,49,0,857.290404709621,17.495735696284598,14998.915061373711,5,985,102,20.416666666666668,33.40245757490986,32901.42071128621,99.59227447030614,29.424936037709948,167,0.16954314720812183,74.0,24.387755102040817,33.0,6.421052631578948,0.4556841905484912,1448.5016926866351,1426774.1672963356,103.07365682445689,163,0.16548223350253807,43.365123342740866,1.034956349502679,False,False,2,32,36,5,33.40245757490986,32901.42071128621,5.779485926525807,49,49,0,857.290404709621,17.495735696284598,14998.915061373713,102,0.0872930671623924,0.0103891851313233,0.0882379519127139,0.068182796019551,False,False,True,False,True,primitive_full_verified,0.0
hexc_00110,111,30780011,30777698,2313,30780011,False,40,0.01729355814958928,0,2313,459,59.30769230769231,6.0,True,True,126,126,0,2172.534533636001,17.24237604374986,37459.57380831522,9,2313,80,18.432,7.52100503291617,17396.0846411351,103.52054126604048,20.854306893981818,1854,0.8015564202334631,222.0,62.476190476190474,20.0,6.0,0.22781377128220584,2630.9061676540887,6085285.965783907,136.3282429925,2021,0.8737570255079983,349.80779246121443,1.3169197274784918,False,False,3,30,37,6,7.52100503291617,17396.0846411351,2.74244508293533,126,126,0,2172.534533636001,17.24237604374986,37459.57380831522,80,0.0405824677863676,0.0072627341203376,0.1309387070981607,0.1187096625628934,False,False,True,False,True,primitive_full_verified,0.0
hexc_00111,112,3459077,3459076,1,3459077,False,2,2.0,0,1,1,1.0,1.0,True,True,1,1,0,15.056512348440547,15.056512348440547,226.69856409874268,1,1,1,,0.0,0.0,0.0,0.0,0,0.0,0.0,0.0,1.0,0.5,1.0,0.0,0.0,0.0,0,0.0,inf,inf,False,False,1,0,1,0,0.0,0.0,0.0,1,1,0,15.056512348440547,15.056512348440547,226.69856409874268,1,0.0,0.0,0.067178289113327,0.0649900997036011,False,False,True,True,False,sign_inconsistent_positive_harmless,0.0
hexc_00112,113,30784249,30783029,1220,30784249,False,37,0.030327868852459017,0,1220,224,33.888888888888886,6.5,True,True,63,63,0,1086.2770699150446,17.24251372103232,18730.12496228029,8,1220,90,19.548387096774192,32.41721997711133,39549.00837207583,86.50903488174458,32.69391561382961,813,0.6663934426229509,92.0,27.825396825396826,44.0,9.216216216216216,0.4126414543725208,2387.7253881499023,2913024.9735428807,114.19598006341243,840,0.6885245901639344,73.656081238175,1.320046862382815,False,False,4,29,33,14,32.41721997711133,39549.00837207583,5.693612208177804,63,63,0,1086.2770699150442,17.24251372103232,18730.12496228029,90,0.1428272060742093,0.0083504817829622,0.0966458075650577,0.0804801201663452,False,False,True,False,True,primitive_full_verified,0.0
hexc_00113,114,359477,359416,3,359477,False,4,1.3333333333333333,0,3,1,1.0,1.0,True,True,2,2,0,25.58448267109209,12.792244117821834,327.2828767737211,1,3,2,2.0,12.121588028660925,36.36476408598278,4.264083227457805,3.015160198313797,2,0.6666666666666666,0.0,0.0,1.0,0.5,1.0,12.121588028660925,36.36476408598278,4.264083227457805,2,0.6666666666666666,1.0,1.0,False,False,2,2,2,2,12.121588028660923,36.36476408598278,3.481607104292632,2,2,0,25.58448267109209,12.792244117821834,327.2828767737211,2,0.4999993475094583,0.0146636407876059,0.0897827713986883,0.087981785829136,False,False,True,True,False,sign_inconsistent_positive_harmless,1.7763568394002505e-15
hexc_00114,115,3453551,3453550,1,3453551,False,2,2.0,0,1,1,1.0,1.0,True,True,1,1,0,15.054913535029169,15.054913535029169,226.65042154720445,1,1,1,,0.0,0.0,0.0,0.0,0,0.0,0.0,0.0,1.0,0.5,1.0,0.0,0.0,0.0,0,0.0,inf,inf,False,False,1,0,1,0,0.0,0.0,0.0,1,1,0,15.054913535029169,15.054913535029169,226.65042154720445,1,0.0,0.0,0.0680235969848095,0.0649968500806915,False,False,True,True,False,sign_inconsistent_positive_harmless,0.0
hexc_00115,116,12830269,12829371,898,12830269,False,37,0.04120267260579064,0,898,159,24.944444444444443,5.0,True,True,52,52,0,851.0986254543884,16.367317702856827,13930.170581756955,8,898,60,17.45098039215686,9.659482068374114,8674.214897399954,36.12445701778108,15.31137617819734,739,0.8229398663697105,66.0,20.21153846153846,29.0,6.324324324324325,0.4633513881519007,758.4689592882229,681105.1254408242,79.46674417254962,676,0.7527839643652561,78.52066538551881,2.199804529475273,False,False,6,28,31,10,9.659482068374114,8674.214897399954,3.107970731582605,52,52,0,851.0986254543884,16.367317702856827,13930.170581756956,60,0.1796494108239382,0.0044981624772096,0.0962426881171498,0.0830318255781195,False,False,True,False,True,primitive_full_verified,0.0
hexc_00116,117,17992327,17991472,705,17992327,False,35,0.04964539007092199,0,705,124,20.735294117647058,5.5,True,True,42,42,0,701.6279819323622,16.705445942885824,11720.995834064359,1,675,42,16.4390243902439,10.954918554849996,7723.217581169248,32.131157305854046,14.854741985708756,102,0.14468085106382977,58.0,16.928571428571427,30.0,5.3428571428571425,0.49266433456899705,354.22150014349245,249726.15760116218,47.62844374080902,350,0.49645390070921985,32.33447134909738,1.4823133598157539,False,False,2,33,33,6,10.954918554849996,7723.217581169248,3.3098215291538,42,42,0,701.627981932362,16.705445942885824,11720.99583406436,42,0.2137359073015855,0.0043468868821478,0.0927710098591296,0.0751177449862599,False,False,True,False,True,primitive_full_verified,0.0
hexc_00117,118,179650181,179648340,1841,179650181,False,39,0.021184139054861488,0,1841,356,48.44736842105263,8.0,True,True,77,77,0,1463.5017902658092,19.006522079037907,27816.07130014651,11,1841,72,24.07894736842105,12.32244294570218,22685.617463037714,74.00248230701038,24.11809484706968,409,0.22216186854970124,164.0,44.64935064935065,20.0,6.564102564102564,0.350349827696806,1518.44449702509,2795456.3190231905,92.9367258420711,433,0.2351982618142314,123.22593041947844,1.2558595731493056,False,False,3,27,36,6,12.32244294570218,22685.617463037717,3.510333737082869,77,77,0,1463.50179026581,19.006522079037907,27816.07130014651,72,0.106216851040601,0.0047737129410581,0.0958698914280892,0.0700042897116968,False,False,True,False,True,primitive_full_verified,0.0
hexc_00118,119,1513271,1513270,1,1513271,False,2,2.0,0,1,1,1.0,1.0,True,True,1,1,0,14.229784091073801,14.229784091073801,202.48675527857705,1,1,1,,0.0,0.0,0.0,0.0,0,0.0,0.0,0.0,1.0,0.5,1.0,0.0,0.0,0.0,0,0.0,inf,inf,False,False,1,0,1,0,0.0,0.0,0.0,1,1,0,14.2297840910738,14.2297840910738,202.48675527857705,1,0.0,0.0,0.0705260023814927,0.0686782402480672,False,False,True,True,False,sign_inconsistent_positive_harmless,0.0
hexc_00119,120,108561281,108557409,3872,108561281,False,39,0.010072314049586776,0,3872,814,101.89473684210526,10.5,True,True,195,195,0,3608.0474081565335,18.502825373347576,66759.00563850676,8,3872,92,19.917525773195877,13.104519233359774,50740.69847156904,110.28487888829727,36.06998129404911,1907,0.4925103305785124,406.0,114.8,21.0,5.6923076923076925,0.14784658238697235,4293.70482046822,16625225.064852946,145.10730624004646,3478,0.8982438016528925,327.6506939329652,1.3157497900235198,False,False,3,31,36,5,13.104519233359774,50740.69847156904,3.620016468658641,195,195,0,3608.047408156532,18.502825373347576,66759.00563850676,92,0.1069694820636983,0.0051891364890148,0.1470745643860575,0.1320368412344232,False,False,True,False,True,primitive_full_verified,0.0
hexc_00120,121,108842081,108840439,1642,108842081,False,36,0.02192448233861145,0,1642,313,46.91428571428571,8.0,True,True,77,77,0,1424.9158553986183,18.505408591505432,26368.638895668548,10,1642,106,21.473684210526315,16.27535445363398,26724.132012866994,113.9061289615903,27.245862077706708,871,0.5304506699147381,151.0,44.36363636363637,32.0,7.583333333333333,0.3261627906976744,2706.6706444362017,4444353.198164243,124.60139492567896,880,0.535931790499391,166.3048661795414,1.0938954388283633,False,False,5,27,31,5,16.27535445363398,26724.132012866998,4.034272481332165,77,77,0,1424.9158553986174,18.505408591505432,26368.638895668548,106,0.0572146073688441,0.0082387254087246,0.0996639793175021,0.0783788743940216,False,False,True,False,True,primitive_full_verified,0.0
hexc_00121,122,30418643,30418642,1,30418643,False,2,2.0,0,1,1,1.0,1.0,True,True,1,1,0,17.230566234990423,17.230566234990423,296.89241277839204,1,1,1,,0.0,0.0,0.0,0.0,0,0.0,0.0,0.0,1.0,0.5,1.0,0.0,0.0,0.0,0,0.0,inf,inf,False,False,1,0,1,0,0.0,0.0,0.0,1,1,0,17.230566234990423,17.230566234990423,296.89241277839204,1,0.0,1.531690711227097e-15,0.0587452641225273,0.0569472827269941,False,False,True,True,False,sign_inconsistent_positive_harmless,0.0
hexc_00122,123,3277217,3277216,1,3277217,False,2,2.0,0,1,1,1.0,1.0,True,True,1,1,0,15.002505144591401,15.002505144591401,225.07516061349145,1,1,1,,0.0,0.0,0.0,0.0,0,0.0,0.0,0.0,1.0,0.5,1.0,0.0,0.0,0.0,0,0.0,inf,inf,False,False,1,0,1,0,0.0,0.0,0.0,1,1,0,15.0025051445914,15.0025051445914,225.07516061349145,1,0.0,0.0,0.0681011679331808,0.0652189030525632,False,False,True,True,False,sign_inconsistent_positive_harmless,0.0
hexc_00123,124,30340987,30340827,4,30340987,False,5,1.25,0,4,1,1.0,1.0,True,True,2,2,0,34.45600977627078,17.22800492109428,593.6083048512339,2,4,2,2.0,37.100519195156096,148.40207678062438,8.614002477026585,5.4479735091247345,3,0.75,0.0,0.0,2.0,0.8,1.0,37.100519195156096,148.40207678062438,8.614002477026585,3,0.75,1.0,1.0,False,False,2,2,3,2,37.100519195156096,148.40207678062438,6.091019553010489,2,2,0,34.45600977627078,17.22800492109428,593.6083048512339,2,0.3999999984695204,0.0144204613622394,0.0597199396392292,0.0567134556707363,False,False,True,True,False,sign_inconsistent_positive_harmless,0.0
hexc_00124,125,33827861,33826320,1541,33827861,False,37,0.024010382868267358,0,1541,292,42.80555555555556,7.5,True,True,83,83,0,1438.952060957871,17.336795310853695,24946.78353898913,1,1541,58,18.78048780487805,12.62746148090363,19458.918142072493,67.87283204899467,22.932873926799925,540,0.3504218040233614,142.0,39.0,21.0,5.4324324324324325,0.32503165892781766,1225.0508616545505,1887803.3778096624,93.11864658823862,383,0.24853990914990265,97.014816755306,1.3719575826896395,False,False,5,35,32,8,12.62746148090363,19458.918142072493,3.5535139623904155,83,83,0,1438.9520609578717,17.336795310853695,24946.78353898913,58,0.1141629086781388,0.0057695318036443,0.110098889929409,0.0951070884702718,False,False,True,False,True,primitive_full_verified,0.0
hexc_00125,126,40847383,40847382,1,40847383,False,2,2.0,0,1,1,1.0,1.0,True,True,1,1,0,17.525353313570633,17.525353313570633,307.1380087654812,1,1,1,,0.0,0.0,0.0,0.0,0,0.0,0.0,0.0,1.0,0.5,1.0,0.0,0.0,0.0,0,0.0,inf,inf,False,False,1,0,1,0,0.0,0.0,0.0,1,1,0,17.525353313570633,17.525353313570633,307.1380087654812,1,0.0,0.0,0.057385037625347,0.0560074063047842,False,False,True,True,False,sign_inconsistent_positive_harmless,0.0
hexc_00126,127,3236861,3236860,1,3236861,False,2,2.0,0,1,1,1.0,1.0,True,True,1,1,0,14.990114590991642,14.990114590991642,224.7035354510605,1,1,1,,0.0,0.0,0.0,0.0,0,0.0,0.0,0.0,1.0,0.5,1.0,0.0,0.0,0.0,0,0.0,inf,inf,False,False,1,0,1,0,0.0,0.0,0.0,1,1,0,14.990114590991642,14.990114590991642,224.7035354510605,1,0.0,0.0,0.0687664195967628,0.0652716233260424,False,False,True,True,False,sign_inconsistent_positive_harmless,0.0
hexc_00127,128,187449539,187440181,9358,187449539,False,39,0.004167557170335541,0,9358,2152,246.26315789473685,16.5,True,True,472,472,0,8981.60110797373,19.049020241820685,170999.7579549638,22,9358,112,19.821656050955415,11.35315314289714,106242.80711123144,179.58950586867286,52.19362548543286,7206,0.7700363325496901,1074.0,309.95338983050846,22.0,9.487179487179487,0.060106597811164335,11358.192554036887,106289965.92067719,277.01837473705655,6648,0.7104082068818124,1000.4438776678442,1.5425086972488793,False,False,2,27,37,9,11.35315314289714,106242.80711123144,3.369444040624082,472,471,1,8981.601107973736,19.049020241820685,170999.7579549638,112,0.0844642672714082,0.0051155744267494,0.2128199890626043,0.2011169548690546,False,False,True,False,True,primitive_full_verified,0.0
hexc_00128,129,40874291,40872504,1787,40874291,False,38,0.021264689423614997,0,1787,344,48.2972972972973,8.0,True,True,94,94,0,1647.4430273555633,17.526011841465508,28873.06945089131,7,1787,82,19.13978494623656,8.48688175025311,15166.057687702309,68.79022520653791,19.97765705119907,759,0.4247341913822048,162.0,47.37234042553192,32.0,7.078947368421052,0.28776384515236936,1226.4398453236226,2191648.0035933135,84.48220689917866,738,0.41298265249020705,144.51006640772925,1.2281135385954423,False,False,2,30,36,8,8.48688175025311,15166.057687702309,2.913225317453682,94,94,0,1647.4430273555631,17.526011841465508,28873.06945089131,82,0.0843403976829672,0.0053009968762809,0.1130432056909814,0.0985859298052889,False,False,True,False,True,primitive_full_verified,0.0
hexc_00129,130,109678603,109674416,4187,109678603,False,40,0.009553379508000955,0,4187,888,107.35897435897436,9.0,True,True,213,213,0,3943.2787283379243,18.51306485608397,73002.09919890875,5,4187,80,19.72641509433962,7.273511564682444,30454.192921325393,77.5457732509783,27.59265886124668,790,0.18867924528301888,422.0,123.22065727699531,23.0,5.35,0.13799803498665666,2102.66424801974,8803855.206458652,126.1950217327817,3365,0.8036780511105803,289.08515911757416,1.6273617044780664,False,False,4,34,36,6,7.273511564682444,30454.192921325397,2.6969448575531616,213,213,0,3943.278728337921,18.51306485608397,73002.09919890875,80,0.126610825797783,0.0035003288755931,0.1528036364238857,0.139025752502687,False,False,True,False,True,primitive_full_verified,0.0
hexc_00130,131,12786847,12786580,3,12786847,False,4,1.3333333333333333,0,3,1,1.0,1.0,True,True,2,2,0,32.727813795617536,16.363906976015752,535.5548979203068,1,3,2,2.0,19.835366589640994,59.50609976892298,5.454635710809907,3.8570098447153005,2,0.6666666666666666,0.0,0.0,1.0,0.5,1.0,19.835366589640994,59.50609976892298,5.454635710809907,2,0.6666666666666666,1.0,1.0,False,False,2,2,2,2,19.835366589640994,59.50609976892298,4.453691344226831,2,2,0,32.727813795617536,16.363906976015752,535.5548979203068,2,0.4999999856622903,0.0115282255457049,0.071246224678351,0.0691693522625108,False,False,True,True,False,sign_inconsistent_positive_harmless,0.0
hexc_00131,132,1189387,1189386,1,1189387,False,2,2.0,0,1,1,1.0,1.0,True,True,1,1,0,13.988948606314286,13.988948606314286,195.6906831101024,1,1,1,,0.0,0.0,0.0,0.0,0,0.0,0.0,0.0,1.0,0.5,1.0,0.0,0.0,0.0,0,0.0,inf,inf,False,False,1,0,1,0,0.0,0.0,0.0,1,1,0,13.988948606314286,13.988948606314286,195.6906831101024,1,0.0,0.0,0.0709787746513286,0.0698326477486181,False,False,True,True,False,sign_inconsistent_positive_harmless,0.0
hexc_00132,133,30343471,30342328,1143,30343471,False,39,0.03412073490813648,0,1143,208,30.07894736842105,5.0,True,True,59,59,0,1016.4562869982539,17.228091928768904,17511.582769129815,1,1143,80,19.689655172413794,7.381127772298736,8436.629043737456,47.177223377132805,14.70795096654506,625,0.5468066491688539,100.0,22.949152542372882,40.0,7.256410256410256,0.4617778082379549,674.8406871247413,771342.9053835793,71.03748625170965,1005,0.8792650918635171,91.42785600561048,1.505758100340897,False,False,4,37,35,6,7.381127772298736,8436.629043737456,2.716823102871944,59,59,0,1016.4562869982534,17.228091928768904,17511.582769129815,80,0.0971940307117067,0.0047078243264234,0.0943688419287908,0.077901608662357,False,False,True,False,True,primitive_full_verified,0.0
hexc_00133,134,1189751,1189750,1,1189751,False,2,2.0,0,1,1,1.0,1.0,True,True,1,1,0,13.989254599495716,13.989254599495716,195.69924424951205,1,1,1,,0.0,0.0,0.0,0.0,0,0.0,0.0,0.0,1.0,0.5,1.0,0.0,0.0,0.0,0,0.0,inf,inf,False,False,1,0,1,0,0.0,0.0,0.0,1,1,0,13.989254599495716,13.989254599495716,195.69924424951205,1,0.0,0.0,0.0714970560553375,0.0698311564099448,False,False,True,True,False,sign_inconsistent_positive_harmless,0.0
hexc_00134,135,12831293,12830878,349,12831293,False,35,0.10028653295128939,0,349,55,10.264705882352942,3.5,True,True,21,21,0,343.71496007936094,16.367392367248993,5625.7130372564725,1,349,40,17.4,8.550115888308264,2983.990445019584,15.382508626408095,9.23346467246734,1,0.0028653295128939827,23.0,5.571428571428571,16.0,5.4,0.7574626865671642,108.05757061807763,37712.092145709095,32.35961301769305,332,0.9512893982808023,12.638141053250454,2.103662920243017,False,False,2,33,33,2,8.550115888308264,2983.990445019584,2.92405811985813,21,21,0,343.71496007936094,16.367392367248993,5625.7130372564725,40,0.360308949290837,0.0030501315616617,0.0716348006649615,0.054340305264288,False,False,True,False,True,primitive_full_verified,0.0
hexc_00135,136,359539,359538,1,359539,False,2,2.0,0,1,1,1.0,1.0,True,True,1,1,0,12.792577934264838,12.792577934264838,163.65005020423962,1,1,1,,0.0,0.0,0.0,0.0,0,0.0,0.0,0.0,1.0,0.5,1.0,0.0,0.0,0.0,0,0.0,inf,inf,False,False,1,0,1,0,0.0,0.0,0.0,1,1,0,12.792577934264838,12.792577934264838,163.65005020423962,1,0.0,0.0,0.0782047695913046,0.0761944640634262,False,False,True,True,False,sign_inconsistent_positive_harmless,0.0
hexc_00136,137,2819,2818,1,2819,False,2,2.0,0,1,1,1.0,1.0,True,True,1,1,0,7.9441374911141125,7.9441374911141125,63.10932047772483,1,1,1,,0.0,0.0,0.0,0.0,0,0.0,0.0,0.0,1.0,0.5,1.0,0.0,0.0,0.0,0,0.0,inf,inf,False,False,1,0,1,0,0.0,0.0,0.0,1,1,0,7.944137491114112,7.944137491114112,63.10932047772483,1,0.0,1.125891913241079e-16,0.1252023670442801,0.1207553395984347,False,False,True,True,False,sign_inconsistent_positive_harmless,0.0
hexc_00137,138,7048303,7048210,3,7048303,False,4,1.3333333333333333,0,3,1,1.0,1.0,True,True,2,2,0,31.53656905120186,15.768284667480884,497.27759376061147,1,3,2,2.0,18.417688657800436,55.253065973401306,5.25609498374693,3.7166203052437745,2,0.6666666666666666,0.0,0.0,1.0,0.5,1.0,18.417688657800436,55.253065973401306,5.25609498374693,2,0.6666666666666666,1.0,1.0,False,False,2,2,2,2,18.41768865780044,55.253065973401306,4.2915834674162445,2,2,0,31.53656905120186,15.768284667480884,497.27759376061147,2,0.4999999730065855,0.0119545874356355,0.0741760381642046,0.0717275226371058,False,False,True,True,False,sign_inconsistent_positive_harmless,-3.552713678800501e-15
hexc_00138,139,109556411,109553597,2814,109556411,False,38,0.013503909026297086,0,2814,571,76.05405405405405,11.0,True,True,145,145,0,2684.2308027108793,18.511950143516636,49690.310360158364,6,2814,70,19.5,27.191314209677465,76516.35818603239,146.60178455256528,44.87302500742113,1787,0.6350390902629709,282.0,75.0,27.0,6.578947368421052,0.20634920634920634,7908.475477024758,22254449.99234767,168.88335764785506,2210,0.7853589196872779,290.84565078543017,1.1519870522947184,False,False,2,31,36,6,27.191314209677465,76516.35818603239,5.21452914553917,145,145,0,2684.23080271088,18.51195014351664,49690.31036015837,70,0.0936897717821738,0.0080790635414207,0.13072783862462,0.1158702945195927,False,False,True,False,True,primitive_full_verified,0.0
hexc_00139,140,1512661,1512660,1,1512661,False,2,2.0,0,1,1,1.0,1.0,True,True,1,1,0,14.229380909503123,14.229380909503123,202.4752810677319,1,1,1,,0.0,0.0,0.0,0.0,0,0.0,0.0,0.0,1.0,0.5,1.0,0.0,0.0,0.0,0,0.0,inf,inf,False,False,1,0,1,0,0.0,0.0,0.0,1,1,0,14.229380909503124,14.229380909503124,202.4752810677319,1,0.0,0.0,0.0706156379648199,0.0686801409592871,False,False,True,True,False,sign_inconsistent_positive_harmless,0.0
hexc_00140,141,12799573,12799572,1,12799573,False,2,2.0,0,1,1,1.0,1.0,True,True,1,1,0,16.36492236895841,16.36492236895841,267.81068414203537,1,1,1,,0.0,0.0,0.0,0.0,0,0.0,0.0,0.0,1.0,0.5,1.0,0.0,0.0,0.0,0,0.0,inf,inf,False,False,1,0,1,0,0.0,0.0,0.0,1,1,0,16.36492236895841,16.36492236895841,267.81068414203537,1,0.0,8.490089787554659e-16,0.0616477751710293,0.0598989258227295,False,False,True,True,False,sign_inconsistent_positive_harmless,0.0
hexc_00141,142,2275961,2275960,1,2275961,False,2,2.0,0,1,1,1.0,1.0,True,True,1,1,0,14.637912938756415,14.637912938756415,214.26849520261246,1,1,1,,0.0,0.0,0.0,0.0,0,0.0,0.0,0.0,1.0,0.5,1.0,0.0,0.0,0.0,0,0.0,inf,inf,False,False,1,0,1,0,0.0,0.0,0.0,1,1,0,14.637912938756417,14.637912938756417,214.26849520261248,1,0.0,0.0,0.0680251836107398,0.0668066617083421,False,False,True,True,False,sign_inconsistent_positive_harmless,0.0
hexc_00142,143,42533,42532,1,42533,False,2,2.0,0,1,1,1.0,1.0,True,True,1,1,0,10.658035524203411,10.658035524203411,113.59372123518189,1,1,1,,0.0,0.0,0.0,0.0,0,0.0,0.0,0.0,1.0,0.5,1.0,0.0,0.0,0.0,0,0.0,inf,inf,False,False,1,0,1,0,0.0,0.0,0.0,1,1,0,10.658035524203411,10.658035524203411,113.59372123518187,1,0.0,1.251024665859847e-16,0.0954963866947735,0.0909793723352606,False,False,True,True,False,sign_inconsistent_positive_harmless,0.0
hexc_00143,144,445069,445068,1,445069,False,2,2.0,0,1,1,1.0,1.0,True,True,1,1,0,13.005984605308186,13.005984605308186,169.15563555351352,1,1,1,,0.0,0.0,0.0,0.0,0,0.0,0.0,0.0,1.0,0.5,1.0,0.0,0.0,0.0,0,0.0,inf,inf,False,False,1,0,1,0,0.0,0.0,0.0,1,1,0,13.005984605308186,13.005984605308186,169.15563555351352,1,0.0,0.0,0.0786725939660381,0.0749761277465446,False,False,True,True,False,sign_inconsistent_positive_harmless,0.0
hexc_00144,145,1517807,1517806,1,1517807,False,2,2.0,0,1,1,1.0,1.0,True,True,1,1,0,14.232777087879647,14.232777087879647,202.57194363327184,1,1,1,,0.0,0.0,0.0,0.0,0,0.0,0.0,0.0,1.0,0.5,1.0,0.0,0.0,0.0,0,0.0,inf,inf,False,False,1,0,1,0,0.0,0.0,0.0,1,1,0,14.232777087879647,14.232777087879647,202.57194363327184,1,0.0,0.0,0.070706350398406,0.0686641337067916,False,False,True,True,False,sign_inconsistent_positive_harmless,0.0
hexc_00145,146,1518061,1518060,1,1518061,False,2,2.0,0,1,1,1.0,1.0,True,True,1,1,0,14.232944420583566,14.232944420583566,202.57670687942087,1,1,1,,0.0,0.0,0.0,0.0,0,0.0,0.0,0.0,1.0,0.5,1.0,0.0,0.0,0.0,0,0.0,inf,inf,False,False,1,0,1,0,0.0,0.0,0.0,1,1,0,14.232944420583566,14.232944420583566,202.57670687942087,1,0.0,0.0,0.0707800350270976,0.0686633452081087,False,False,True,True,False,sign_inconsistent_positive_harmless,0.0
hexc_00146,147,3458821,3458820,1,3458821,False,2,2.0,0,1,1,1.0,1.0,True,True,1,1,0,15.056438337519856,15.056438337519856,226.69633541153766,1,1,1,,0.0,0.0,0.0,0.0,0,0.0,0.0,0.0,1.0,0.5,1.0,0.0,0.0,0.0,0,0.0,inf,inf,False,False,1,0,1,0,0.0,0.0,0.0,1,1,0,15.056438337519856,15.056438337519856,226.6963354115377,1,0.0,0.0,0.0670028543786573,0.0649904121554223,False,False,True,True,False,sign_inconsistent_positive_harmless,0.0
hexc_00147,148,359701,359700,1,359701,False,2,2.0,0,1,1,1.0,1.0,True,True,1,1,0,12.793028409774374,12.793028409774374,163.66157589329424,1,1,1,,0.0,0.0,0.0,0.0,0,0.0,0.0,0.0,1.0,0.5,1.0,0.0,0.0,0.0,0,0.0,inf,inf,False,False,1,0,1,0,0.0,0.0,0.0,1,1,0,12.793028409774374,12.793028409774374,163.66157589329424,1,0.0,3.473229348461692e-16,0.0779234045557953,0.0761918506327011,False,False,True,True,False,sign_inconsistent_positive_harmless,0.0
hexc_00148,149,1511863,1511818,3,1511863,False,4,1.3333333333333333,0,3,1,1.0,1.0,True,True,2,2,0,28.457649562031236,14.228825442470026,404.9189092976892,1,3,2,2.0,14.996996640655416,44.990989921966246,4.7429422551262785,3.3537661636571445,2,0.6666666666666666,0.0,0.0,1.0,0.5,1.0,14.996996640655416,44.990989921966246,4.7429422551262785,2,0.6666666666666666,1.0,1.0,False,False,2,2,2,2,14.996996640655416,44.990989921966246,3.872595594773022,2,2,0,28.45764956203124,14.228825442470026,404.9189092976892,2,0.4999998605392438,0.013217952921949,0.0810451897299419,0.07930770621417,False,False,True,True,False,sign_inconsistent_positive_harmless,0.0
hexc_00149,150,108590687,108589025,1662,108590687,False,36,0.021660649819494584,0,1662,317,47.48571428571429,8.0,True,True,80,80,0,1480.2470658175064,18.50309620672248,27389.142198268208,12,1662,78,20.88607594936709,12.514638368032196,20799.32896766951,85.65737284312365,24.036620768960425,1088,0.6546329723225031,154.0,40.5375,16.0,5.888888888888889,0.34003353967186767,1641.4181172712333,2728036.91090479,99.21739526132717,1052,0.6329723225030084,131.15985208682704,1.1583053737013145,False,False,3,27,33,2,12.514638368032196,20799.32896766951,3.5376034780670653,80,80,0,1480.2470658175068,18.50309620672248,27389.142198268208,78,0.0787439729073314,0.006137821325365,0.0995905772584955,0.0815994829746902,False,False,True,False,True,primitive_full_verified,0.0
hexc_00150,151,39670973,39670780,3,39670973,False,4,1.3333333333333333,0,3,1,1.0,1.0,True,True,2,2,0,34.992251009850825,17.496125530132883,612.2288153682031,1,3,2,2.0,22.67514130993344,68.02542392980033,5.832041860182606,4.123876329674555,2,0.6666666666666666,0.0,0.0,1.0,0.5,1.0,22.67514130993344,68.02542392980033,5.832041860182606,2,0.6666666666666666,1.0,1.0,False,False,2,2,2,2,22.67514130993344,68.02542392980033,4.76184221808466,2,2,0,34.992251009850825,17.496125530132883,612.2288153682031,2,0.4999999956777626,0.0107962914747605,0.0668468275799452,0.0647777485633063,False,False,True,True,False,sign_inconsistent_positive_harmless,0.0
hexc_00151,152,3291539,3291538,1,3291539,False,2,2.0,0,1,1,1.0,1.0,True,True,1,1,0,15.006865794521072,15.006865794521072,225.20602097476657,1,1,1,,0.0,0.0,0.0,0.0,0,0.0,0.0,0.0,1.0,0.5,1.0,0.0,0.0,0.0,0,0.0,inf,inf,False,False,1,0,1,0,0.0,0.0,0.0,1,1,0,15.006865794521072,15.006865794521072,225.20602097476657,1,0.0,5.04812603275621e-16,0.0668271319376652,0.065200369270617,False,False,True,True,False,sign_inconsistent_positive_harmless,0.0
hexc_00152,153,108849263,108847420,1843,108849263,False,39,0.021161150298426478,0,1843,356,48.5,8.0,True,True,85,85,0,1563.7118482064534,18.505474574836423,28851.60291143573,3,1843,114,21.904761904761905,11.720640675731923,21601.140765373933,61.48063148368533,23.53455765975552,1487,0.806836679327184,166.0,50.09411764705882,43.0,6.153846153846154,0.30423753871053083,2690.233798745896,4958100.891088686,124.99969944162513,1543,0.8372219207813347,229.52958572615722,2.033155750438175,False,False,5,35,34,6,11.720640675731923,21601.140765373933,3.42354212413575,85,84,1,1563.7118482064536,18.505474574836423,28851.60291143573,114,0.1465329998985657,0.0041836326284956,0.1012159404301471,0.0806224586721068,False,False,True,False,True,primitive_full_verified,0.0
hexc_00153,154,12801751,12800706,1045,12801751,False,38,0.03636363636363636,0,1045,188,28.243243243243242,5.0,True,True,61,61,0,998.2680759694096,16.365092516409007,16336.70740166634,1,1045,54,17.4,11.475706731579692,11992.113534500777,43.41007778654273,17.76462594929714,143,0.1368421052631579,90.0,24.0327868852459,12.0,4.947368421052632,0.4199572683390045,573.9147598193533,599740.9240112242,62.7034793940843,671,0.6421052631578947,50.011278019157864,1.4444452208174248,False,False,5,36,33,3,11.475706731579692,11992.113534500775,3.387581250919259,61,61,0,998.2680759694096,16.365092516409007,16336.70740166634,54,0.1674676811158578,0.0050052374179884,0.1004851300491716,0.0905182056127375,False,False,True,False,True,primitive_full_verified,0.0
hexc_00154,155,109764139,109762638,1501,109764139,False,37,0.02465023317788141,0,1501,283,41.69444444444444,7.0,True,True,67,67,0,1240.4270897245315,18.513844430778967,22965.06514809752,5,1501,140,22.666666666666668,15.526863462696685,23305.822057507725,72.18044064920514,25.097551327477028,988,0.6582278481012658,140.0,37.83582089552239,47.0,6.27027027027027,0.3746402434010361,2394.0629527094325,3593488.4920168584,97.18221990062284,1361,0.9067288474350433,154.18844626676682,1.3463788669970254,False,False,4,31,33,7,15.526863462696683,23305.822057507725,3.940414123248556,67,67,0,1240.4270897245317,18.513844430778967,22965.06514809752,140,0.1208992604142981,0.0054369060202125,0.0926824198591366,0.0701843166475464,False,False,True,False,True,primitive_full_verified,1.7763568394002505e-15
hexc_00155,156,33871261,33870647,614,33871261,False,36,0.05863192182410423,0,614,103,17.542857142857144,5.0,True,True,29,29,0,502.8039807085561,17.338077454688452,8717.649759185968,2,614,60,21.857142857142858,13.89479088767737,8531.401605033905,35.83382713959918,15.39426444873572,295,0.4804560260586319,42.0,11.310344827586206,28.0,6.305555555555555,0.6589930194564088,313.05255259793176,192214.26729513012,50.31987335876346,362,0.5895765472312704,22.530209711580707,1.404256184044491,False,False,3,33,33,9,13.89479088767737,8531.401605033905,3.727571714625672,29,29,0,502.8039807085561,17.338077454688452,8717.649759185968,60,0.1845574142465391,0.0048358116328674,0.0691402528338287,0.0505882267641985,False,False,True,False,True,primitive_full_verified,0.0
hexc_00156,157,1184609,1184608,1,1184609,False,2,2.0,0,1,1,1.0,1.0,True,True,1,1,0,13.984923320297407,13.984923320297407,195.57808027459825,1,1,1,,0.0,0.0,0.0,0.0,0,0.0,0.0,0.0,1.0,0.5,1.0,0.0,0.0,0.0,0,0.0,inf,inf,False,False,1,0,1,0,0.0,0.0,0.0,1,1,0,13.984923320297408,13.984923320297408,195.57808027459825,1,0.0,0.0,0.072561666975567,0.0698522719729946,False,False,True,True,False,sign_inconsistent_positive_harmless,0.0
hexc_00157,158,60127,60126,1,60127,False,2,2.0,0,1,1,1.0,1.0,True,True,1,1,0,11.00421427088809,11.00421427088809,121.09273171961709,1,1,1,,0.0,0.0,0.0,0.0,0,0.0,0.0,0.0,1.0,0.5,1.0,0.0,0.0,0.0,0,0.0,inf,inf,False,False,1,0,1,0,0.0,0.0,0.0,1,1,0,11.00421427088809,11.00421427088809,121.09273171961708,1,0.0,0.0,0.0919654214564058,0.0882040074099491,False,False,True,True,False,sign_inconsistent_positive_harmless,0.0
hexc_00158,159,178905659,178902349,3310,178905659,False,36,0.010876132930513595,0,3310,684,94.57142857142857,13.0,True,True,157,157,0,2983.37050774189,19.002369180175418,56691.080168564986,10,3310,98,21.153846153846153,26.66720185516188,88268.43814058583,141.44396986803213,49.51667455979569,2626,0.7933534743202417,342.0,100.13375796178345,24.0,7.194444444444445,0.1744106193546302,8149.9754983948615,26976418.899686992,180.12610999797607,2562,0.7740181268882175,305.61794756945216,1.2734803057778608,False,False,3,27,33,8,26.66720185516188,88268.43814058583,5.164029614086453,157,157,0,2983.370507741891,19.002369180175418,56691.080168564986,98,0.1225558558599463,0.0068125269739167,0.127736784305964,0.1108742011675251,False,False,True,False,True,primitive_full_verified,0.0
hexc_00159,160,33870121,33869043,1078,33870121,False,38,0.03525046382189239,0,1078,195,29.135135135135137,6.0,True,True,57,57,0,988.2675415512631,17.338043797270597,17134.609362877778,4,1078,66,19.178571428571427,20.76583882975635,22385.574258477347,48.04127613483104,24.27125994738663,723,0.6706864564007421,93.0,26.0,28.0,7.894736842105263,0.42450592885375493,1154.3470502632922,1244386.120183829,68.8051203778657,776,0.7198515769944341,55.58875130096713,1.432208423955258,False,False,5,33,33,14,20.76583882975635,22385.574258477347,4.556954995362183,57,57,0,988.2675415512632,17.338043797270597,17134.609362877778,66,0.255244018170402,0.0048588717149927,0.0914618710863124,0.0777008385778053,False,False,True,False,True,primitive_full_verified,0.0
hexc_00160,161,108572459,108571084,1375,108572459,False,37,0.02690909090909091,0,1375,256,38.19444444444444,9.0,True,True,63,63,0,1165.684076416446,18.502928332933774,21568.561365252623,7,1375,76,22.06451612903226,5.374563548906958,7390.024879747068,31.327094311782318,14.132600686190994,94,0.06836363636363636,126.0,33.12698412698413,34.0,6.648648648648648,0.3997810537253338,509.263001269987,700236.6267462322,66.65081642186772,969,0.7047272727272728,94.75429895578357,2.127577353920115,False,False,1,30,36,9,5.374563548906958,7390.024879747068,2.318310494499596,63,63,0,1165.6840764164465,18.502928332933774,21568.561365252623,76,0.2035185254353262,0.0024587559453669,0.0882403302666724,0.069555537464766,False,False,True,False,True,primitive_full_verified,0.0
hexc_00161,162,1198751,1198750,1,1198751,False,2,2.0,0,1,1,1.0,1.0,True,True,1,1,0,13.996790739381732,13.996790739381732,195.9101510020422,1,1,1,,0.0,0.0,0.0,0.0,0,0.0,0.0,0.0,1.0,0.5,1.0,0.0,0.0,0.0,0,0.0,inf,inf,False,False,1,0,1,0,0.0,0.0,0.0,1,1,0,13.996790739381732,13.996790739381732,195.9101510020422,1,0.0,0.0,0.0719876878780127,0.0697944471199921,False,False,True,True,False,sign_inconsistent_positive_harmless,0.0
hexc_00162,163,109511267,109509400,1867,109511267,False,39,0.02088912694161757,0,1867,361,49.13157894736842,8.0,True,True,96,96,0,1777.1067907816052,18.511537996904675,32896.964019190535,9,1867,60,19.557894736842105,16.548599888526113,30896.235991878253,84.72453730368534,28.146246273329762,1214,0.6502410283877879,168.0,48.145833333333336,14.0,5.333333333333333,0.28887470888708217,3844.962858005343,7178545.655895975,131.82139375459678,1359,0.727905731119443,232.34369577520744,1.555882132257603,False,False,3,29,36,6,16.548599888526113,30896.235991878253,4.0679970364451,96,96,0,1777.1067907816048,18.511537996904675,32896.964019190535,60,0.110362760553245,0.0057324423742787,0.1088223400603969,0.0941231697498315,False,False,True,False,True,primitive_full_verified,0.0
hexc_00163,164,39637237,39636755,482,39637237,False,36,0.07468879668049792,0,482,78,13.771428571428572,5.0,True,True,24,24,0,419.8865485942481,17.495279562675854,7346.029737099845,2,482,60,20.869565217391305,25.2711710863008,12180.704463596985,54.5910388701634,18.39437146973451,339,0.7033195020746889,25.0,8.083333333333334,23.0,6.388888888888889,0.7208109122763108,732.718431592747,353170.2840277041,57.2770386438346,356,0.7385892116182573,28.994241267669032,1.049202210275929,False,False,3,33,33,10,25.2711710863008,12180.704463596983,5.027043970993371,24,24,0,419.8865485942481,17.495279562675854,7346.029737099845,60,0.1135343263277382,0.0081526776783095,0.0651451540987114,0.0477429272116286,False,False,True,False,True,primitive_full_verified,0.0
hexc_00164,165,40844717,40842945,1772,40844717,False,37,0.0208803611738149,0,1772,341,49.22222222222222,8.0,True,True,95,95,0,1664.9002098043823,17.52528804410147,29177.817985346053,2,1772,114,18.829787234042552,13.176329016491954,23348.455017223743,92.5612634589238,25.120496109548295,1431,0.8075620767494357,150.0,46.07368421052632,35.0,6.243243243243243,0.290119878258349,3770.6397611973002,6681573.656841616,136.76010122379148,1328,0.7494356659142212,286.1676994007842,1.4775090152532537,False,False,4,34,33,6,13.176329016491954,23348.455017223743,3.629921351281864,95,95,0,1664.9002098043811,17.52528804410147,29177.817985346053,114,0.0736542609336804,0.0071650986788164,0.1129806929343217,0.1006122437916457,False,False,True,False,True,primitive_full_verified,0.0
hexc_00165,166,30799397,30798784,510,30799397,False,35,0.06862745098039216,0,510,85,15.0,4.5,True,True,28,28,0,482.8038301101935,17.243001643769123,8324.983513181809,3,489,54,18.0,7.158211936574595,3650.6880876530436,24.478260333874537,10.213000241503185,47,0.09215686274509804,41.0,13.857142857142858,21.0,7.114285714285714,0.5650224215246638,287.7031513364698,146728.6071815996,42.87076680509489,319,0.6254901960784314,40.19204151618676,1.7513812754809073,False,False,2,31,33,9,7.158211936574595,3650.688087653044,2.675483495851656,28,28,0,482.8038301101935,17.243001643769123,8324.983513181809,54,0.1740786803301779,0.0036411696989401,0.0722199673831855,0.05632146779202,False,False,True,False,True,primitive_full_verified,0.0
hexc_00166,167,109682107,109679748,2359,109682107,False,40,0.01695633743111488,0,2359,469,60.48717948717949,6.0,True,True,118,118,0,2184.5441033133948,18.51309680346416,40442.65202815086,1,2359,116,20.153846153846153,30.031579306452414,70844.49558392125,134.55119291223355,42.08458612839185,1514,0.6417973717676981,223.0,59.32203389830509,36.0,5.8,0.2535844351848814,4993.797263574829,11780367.744773023,157.51415343158874,1969,0.8346757100466299,166.28487009012844,1.170663373711846,False,False,4,38,36,4,30.03157930645241,70844.49558392125,5.480107599897324,118,118,0,2184.544103313394,18.51309680346416,40442.65202815086,116,0.0978297663068175,0.0080947911380502,0.1167362250522532,0.1021088236250638,False,False,True,False,True,primitive_full_verified,3.552713678800501e-15
hexc_00167,168,1196593,1196592,1,1196593,False,2,2.0,0,1,1,1.0,1.0,True,True,1,1,0,13.994988910012886,13.994988910012886,195.85971459138366,1,1,1,,0.0,0.0,0.0,0.0,0,0.0,0.0,0.0,1.0,0.5,1.0,0.0,0.0,0.0,0,0.0,inf,inf,False,False,1,0,1,0,0.0,0.0,0.0,1,1,0,13.994988910012886,13.994988910012886,195.8597145913837,1,0.0,0.0,0.0735589050981222,0.0698032205016516,False,False,True,True,False,sign_inconsistent_positive_harmless,0.0
hexc_00168,169,359837,359836,1,359837,False,2,2.0,0,1,1,1.0,1.0,True,True,1,1,0,12.793406430119706,12.793406430119706,163.67124808622825,1,1,1,,0.0,0.0,0.0,0.0,0,0.0,0.0,0.0,1.0,0.5,1.0,0.0,0.0,0.0,0,0.0,inf,inf,False,False,1,0,1,0,0.0,0.0,0.0,1,1,0,12.793406430119706,12.793406430119706,163.67124808622825,1,0.0,0.0,0.0800334901917534,0.07618965768838,False,False,True,True,False,sign_inconsistent_positive_harmless,0.0
hexc_00169,170,17641879,17641576,3,17641879,False,4,1.3333333333333333,0,3,1,1.0,1.0,True,True,2,2,0,33.3715381206486,16.685769117008572,556.8297782689514,1,3,2,2.0,20.623325121072273,61.869975363216824,5.561923076792372,3.932873483956,2,0.6666666666666666,0.0,0.0,1.0,0.5,1.0,20.623325121072273,61.869975363216824,5.561923076792372,2,0.6666666666666666,1.0,1.0,False,False,2,2,2,2,20.623325121072277,61.86997536321682,4.541291129301476,2,2,0,33.3715381206486,16.685769117008572,556.8297782689514,2,0.4999999898085122,0.0113102521439808,0.0694300887821649,0.0678615121586035,False,False,True,True,False,sign_inconsistent_positive_harmless,-3.552713678800501e-15
hexc_00170,171,33862193,33861455,738,33862193,False,35,0.04742547425474255,0,738,127,21.705882352941178,6.0,True,True,36,36,0,624.1607556932867,17.337809699258347,10821.573581879562,6,738,66,20.914285714285715,4.680139379397035,3453.9428619950118,27.063789706599948,9.933986197458,419,0.5677506775067751,55.0,17.083333333333332,25.0,6.0,0.5504104267184662,143.057136505191,105576.16674083097,33.829764335317634,452,0.6124661246612466,30.566853870839584,1.250001005109336,False,False,1,29,34,10,4.680139379397035,3453.942861995012,2.1633629791130837,36,36,0,624.1607556932867,17.337809699258347,10821.573581879562,66,0.1347317293096918,0.0033281269586732,0.0736278072537615,0.0578703613322382,False,False,True,False,True,primitive_full_verified,0.0
hexc_00171,172,1198397,1198360,3,1198397,False,4,1.3333333333333333,0,3,1,1.0,1.0,True,True,2,2,0,27.99293236459349,13.996467016769133,391.80213118435427,1,3,2,2.0,14.511190043865378,43.533570131596136,4.665489561904634,3.298998716716791,2,0.6666666666666666,0.0,0.0,1.0,0.5,1.0,14.511190043865378,43.533570131596136,4.665489561904634,2,0.6666666666666666,1.0,1.0,False,False,2,2,2,2,14.511190043865378,43.533570131596136,3.8093555943053374,2,2,0,27.99293236459349,13.996467016769133,391.8021311843543,2,0.4999998211394054,0.0134321981138236,0.0829932104381138,0.0805931739270694,False,False,True,True,False,sign_inconsistent_positive_harmless,0.0
hexc_00172,173,30850439,30850276,3,30850439,False,4,1.3333333333333333,0,3,1,1.0,1.0,True,True,2,2,0,34.48931263924057,17.244656352034905,594.7563431636397,1,3,2,2.0,22.028012709764436,66.0840381292933,5.748218805621381,4.064604474278319,2,0.6666666666666666,0.0,0.0,1.0,0.5,1.0,22.028012709764436,66.0840381292933,5.748218805621381,2,0.6666666666666666,1.0,1.0,False,False,2,2,2,2,22.02801270976444,66.0840381292933,4.693400974747889,2,2,0,34.48931263924057,17.244656352034905,594.7563431636397,2,0.4999999943609282,0.0109507195414241,0.0687690106203953,0.0657043168709606,False,False,True,True,False,sign_inconsistent_positive_harmless,-3.552713678800501e-15
hexc_00173,174,30825511,30824836,675,30825511,False,36,0.05333333333333334,0,675,115,19.285714285714285,4.0,True,True,37,37,0,638.0221285053904,17.243853184330643,11001.95233682721,3,675,64,18.666666666666668,42.06003413490049,28390.523041057833,85.6826295619488,28.08247923580438,183,0.27111111111111114,53.0,14.135135135135135,22.0,6.166666666666667,0.5690744301016205,1133.4411057489663,765072.7463805522,87.57306549826109,181,0.26814814814814814,26.94817370127766,1.022063234356568,False,False,3,32,33,5,42.06003413490049,28390.523041057837,6.485370778521494,37,37,0,638.0221285053902,17.243853184330643,11001.95233682721,64,0.1074200425852526,0.0110815667281192,0.0784523836661713,0.0646289466049177,False,False,True,False,True,primitive_full_verified,0.0
hexc_00174,175,12776941,12776609,332,12776941,False,36,0.10843373493975904,0,332,51,9.485714285714286,3.0,True,True,21,21,0,343.6259049431458,16.363152619890418,5622.7982165724015,2,332,42,16.5,37.77583362868484,12541.576764723368,36.373426511441124,18.664863577144807,202,0.608433734939759,20.0,5.428571428571429,14.0,3.861111111111111,0.752442996742671,461.5043807289809,153219.45440202166,42.38639187963477,212,0.6385542168674698,12.216921147665698,1.1653120408192033,False,False,6,33,30,3,37.77583362868484,12541.576764723368,6.146204815061473,21,21,0,343.62590494314577,16.363152619890418,5622.7982165724015,42,0.2633184013220558,0.0075023689938937,0.0675855848506355,0.0564605318020301,False,False,True,True,False,sign_inconsistent_positive_harmless,0.0
hexc_00175,176,30359687,30358683,1004,30359687,False,38,0.037848605577689244,0,1004,180,27.135135135135137,5.0,True,True,52,52,0,895.8876360723314,17.228626200820642,15434.897239759353,4,1004,88,19.607843137254903,29.886891055127258,30006.438619347766,85.93698323473654,28.100589345452942,676,0.6733067729083665,88.0,24.326923076923077,28.0,5.184210526315789,0.4462944685233661,2264.798925535647,2273858.1212377897,109.6177813578878,746,0.7430278884462151,75.77900696857891,1.2755600351767904,False,False,3,33,35,10,29.886891055127258,30006.43861934777,5.466890437454116,52,52,0,895.8876360723315,17.228626200820642,15434.897239759352,88,0.1069228801533045,0.0091440118637463,0.0892723594368366,0.0733236285375701,False,False,True,False,True,primitive_full_verified,0.0
hexc_00176,177,110319577,110315160,4417,110319577,False,40,0.00905592030790129,0,4417,942,113.25641025641026,10.0,True,True,226,226,0,4185.264955657783,18.51889195714175,77506.38384541344,11,4417,120,19.58222222222222,8.50229606462273,37554.6417174386,113.19178920431068,30.640921052343792,2734,0.6189721530450532,470.0,125.85840707964601,42.0,6.475,0.13464065932758365,5776.0090747901095,25512632.083347913,185.23846808876124,3557,0.8052977133801222,679.3469706169784,1.6365009281230338,False,False,5,29,35,6,8.50229606462273,37554.6417174386,2.9158696926685064,226,226,0,4185.264955657784,18.51889195714175,77506.38384541344,120,0.0732780294651863,0.0049735266541079,0.1561570928801292,0.143809262978564,False,False,True,False,True,primitive_full_verified,0.0
hexc_00177,178,109496207,109495510,697,109496207,False,37,0.05308464849354376,0,697,119,19.36111111111111,3.5,True,True,28,28,0,518.3191257949578,18.51140046735147,9594.811291601867,1,697,84,25.77777777777778,24.31595113786314,16948.21794309061,34.791859434728764,21.402335022325353,3,0.00430416068866571,59.0,16.5,35.0,9.81081081081081,0.6097240473061761,346.2701376188736,241350.28592035492,43.39686030746718,91,0.13055954088952654,14.240452107163735,1.2473279960469437,False,False,3,35,34,20,24.31595113786314,16948.21794309061,4.931120677682015,28,28,0,518.3191257949579,18.51140046735147,9594.811291601867,84,0.378413861079091,0.003842439627185,0.0652388028843534,0.0414575164409133,False,False,True,False,True,primitive_full_verified,0.0
hexc_00178,179,30851287,30850871,350,30851287,False,35,0.1,0,350,55,10.294117647058824,3.0,True,True,21,21,0,362.138297093207,17.244686432347724,6244.959343884391,2,336,56,16.7,37.160442256997776,13006.154789949222,36.558706232728355,19.277043927168343,248,0.7085714285714285,16.0,6.809523809523809,22.0,5.428571428571429,0.7103504152319222,424.5463845707774,148591.23459977208,49.66466654697541,252,0.72,11.4246860043984,1.3584908128536082,False,False,2,32,33,8,37.160442256997776,13006.154789949222,6.095936536496897,21,21,0,362.138297093207,17.244686432347724,6244.959343884391,56,0.2780348513419285,0.0065934160084319,0.0668106572193494,0.0521985971886696,False,False,True,True,False,sign_inconsistent_positive_harmless,0.0
hexc_00179,180,7112887,7112886,1,7112887,False,2,2.0,0,1,1,1.0,1.0,True,True,1,1,0,15.777418767184288,15.777418767184288,248.92694295509898,1,1,1,,0.0,0.0,0.0,0.0,0,0.0,0.0,0.0,1.0,0.5,1.0,0.0,0.0,0.0,0,0.0,inf,inf,False,False,1,0,1,0,0.0,0.0,0.0,1,1,0,15.777418767184288,15.777418767184288,248.92694295509895,1,0.0,0.0,0.0641352518065375,0.0620827481297267,False,False,True,True,False,sign_inconsistent_positive_harmless,0.0
hexc_00180,181,180635669,180633960,1709,180635669,False,36,0.021064950263311878,0,1709,327,48.82857142857143,7.0,True,True,76,76,0,1444.9110768432422,19.011992682214604,27470.631841899158,1,1709,94,22.773333333333333,22.45724267908997,38379.42773856476,124.37330075292425,32.65111353323393,1382,0.8086600351082505,161.0,44.171052631578945,21.0,6.611111111111111,0.3401828697819347,2208.3566159640895,3774081.456682629,125.63038675942994,1403,0.820947922761849,98.33605342922617,1.0101073622626047,False,False,3,34,33,4,22.45724267908997,38379.42773856476,4.738907329658385,76,76,0,1444.9110768432424,19.011992682214604,27470.63184189916,94,0.0689194294629377,0.0083508383322143,0.0931836500249432,0.073195493426418,False,False,True,False,True,primitive_full_verified,0.0
hexc_00181,182,30788077,30787786,3,30788077,False,4,1.3333333333333333,0,3,1,1.0,1.0,True,True,2,2,0,34.48525735162595,17.242628708293385,594.6164873039359,1,3,2,2.0,22.02283286310872,66.06849858932617,5.747542924418063,4.064126554049658,2,0.6666666666666666,0.0,0.0,1.0,0.5,1.0,22.02283286310872,66.06849858932617,5.747542924418063,2,0.6666666666666666,1.0,1.0,False,False,2,2,2,2,22.02283286310872,66.06849858932617,4.692849120002552,2,2,0,34.48525735162595,17.242628708293385,594.6164873039359,2,0.4999999943488189,0.0109519773833038,0.0676460987104531,0.0657118639213774,False,False,True,True,False,sign_inconsistent_positive_harmless,0.0
hexc_00182,183,109726069,109724532,1537,109726069,False,37,0.024072869225764477,0,1537,291,42.69444444444444,7.5,True,True,72,72,0,1332.9713194479652,18.513497536029277,24677.95192320726,7,1537,90,21.549295774647888,24.034217604952165,36940.59245881148,72.47608261227273,31.597379492272594,233,0.15159401431359792,126.0,41.0,31.0,8.27027027027027,0.34451700067552354,1754.3720428357597,2696469.8298385628,84.31653064205267,268,0.17436564736499674,72.99476403485161,1.163370419633786,False,False,4,30,33,12,24.034217604952165,36940.59245881148,4.902470561354975,72,72,0,1332.9713194479652,18.51349753602928,24677.95192320726,90,0.1900696214090653,0.0053973574784846,0.0924099628241718,0.0757131542144072,False,False,True,False,True,primitive_full_verified,0.0
hexc_00183,184,604356173,604335487,20686,604356173,True,40,0.0019336749492410326,0,20686,5113,530.4102564102565,23.0,True,True,1005,1005,0,20320.755350698306,20.21967427249738,410878.70450052706,4,20686,126,20.599601593625497,10.34327835039503,213961.0559562716,311.53863553299925,73.13703848876294,15573,0.752827999613265,2553.0,725.9283582089553,22.0,4.775,0.027593878197238665,17862.530362542606,369504303.07955635,376.86305753159104,15630,0.7555834864159335,1726.9698984616807,1.209683212763742,False,True,8,35,32,4,10.34327835039503,213961.0559562716,3.216096757001417,1005,1005,0,20320.755350698288,20.21967427249738,410878.7045005271,126,0.0551126018388996,0.0052977977633042,0.2819169646022565,0.273340851201797,False,False,False,False,True,primitive_full_verified,0.0
hexc_00184,185,187500319,187498570,1749,187500319,False,37,0.02115494568324757,0,1749,336,48.583333333333336,7.0,True,True,78,78,0,1485.8443273932257,19.049291104706626,28304.273913418856,9,1749,68,22.5974025974026,14.916930418139255,26089.71130132556,75.90302917004897,26.554233795541123,1413,0.8078902229845626,160.0,47.26923076923077,21.0,6.4324324324324325,0.3234362600358897,1668.1192765760395,2917540.614731493,98.97128415397765,1341,0.7667238421955404,111.82724795361224,1.3039174488312955,False,False,1,28,36,7,14.916930418139255,26089.71130132556,3.862244220416319,78,78,0,1485.8443273932255,19.049291104706622,28304.273913418856,68,0.1223909576178195,0.0050027230018491,0.09346455550884,0.0742328278540055,False,False,True,False,True,primitive_full_verified,0.0
hexc_00185,186,22052431,22052337,4,22052431,False,5,1.25,0,4,1,1.0,1.0,True,True,2,2,0,33.817858553351044,16.908929322022182,571.823778567229,2,4,2,2.0,35.7389863521427,142.9559454085708,8.454464683684424,5.347072945239682,3,0.75,0.0,0.0,2.0,0.8,1.0,35.7389863521427,142.9559454085708,8.454464683684424,3,0.75,1.0,1.0,False,False,2,2,3,2,35.7389863521427,142.9559454085708,5.978209293102969,2,2,0,33.817858553351044,16.908929322022182,571.823778567229,2,0.3999999978545459,0.014690835140949,0.0607248084445193,0.0577580583405468,False,False,True,True,False,sign_inconsistent_positive_harmless,0.0
hexc_00186,187,338531,338530,1,338531,False,2,2.0,0,1,1,1.0,1.0,True,True,1,1,0,12.732370947643444,12.732370947643444,162.11326994839482,1,1,1,,0.0,0.0,0.0,0.0,0,0.0,0.0,0.0,1.0,0.5,1.0,0.0,0.0,0.0,0,0.0,inf,inf,False,False,1,0,1,0,0.0,0.0,0.0,1,1,0,12.732370947643444,12.732370947643444,162.11326994839482,1,0.0,0.0,0.079871308359875,0.0765453740251714,False,False,True,True,False,sign_inconsistent_positive_harmless,0.0
hexc_00187,188,31027859,31027175,684,31027859,False,35,0.05116959064327485,0,684,116,20.11764705882353,4.5,True,True,34,34,0,586.513087184095,17.25039603629999,10117.576512890051,6,684,54,20.545454545454547,8.584781499372182,5871.990545570573,28.54893581944782,12.952650633938735,154,0.22514619883040934,45.0,14.323529411764707,26.0,5.942857142857143,0.5892186182041255,256.2152725400184,175251.2464173726,46.70709640426804,368,0.5380116959064327,29.845287565997552,1.636036337734547,False,False,3,28,32,14,8.584781499372182,5871.990545570573,2.929979777980077,34,34,0,586.513087184095,17.25039603629999,10117.576512890051,54,0.2058436408191638,0.003662831067288,0.072244005949339,0.0572990909146683,False,False,True,False,True,primitive_full_verified,0.0
hexc_00188,189,39649783,39649782,1,39649783,False,2,2.0,0,1,1,1.0,1.0,True,True,1,1,0,17.495596033142387,17.495596033142387,306.09588055490764,1,1,1,,0.0,0.0,0.0,0.0,0,0.0,0.0,0.0,1.0,0.5,1.0,0.0,0.0,0.0,0,0.0,inf,inf,False,False,1,0,1,0,0.0,0.0,0.0,1,1,0,17.495596033142387,17.495596033142387,306.09588055490764,1,0.0,0.0,0.0574888285914167,0.0561008725011637,False,False,True,True,False,sign_inconsistent_positive_harmless,0.0
hexc_00189,190,31026421,31025775,446,31026421,False,34,0.07623318385650224,0,446,75,13.515151515151516,5.0,True,True,31,31,0,534.7604142914719,17.250342921331047,9224.796796554974,2,436,42,14.466666666666667,28.1588784245243,12558.859777337837,35.428914459472516,19.219215091809303,28,0.06278026905829596,35.0,11.32258064516129,16.0,4.117647058823529,0.5609573048699132,263.0742963961146,117331.13619266711,37.8269432231114,26,0.05829596412556054,9.342499102059277,1.0676856403935835,False,False,4,31,30,4,28.1588784245243,12558.859777337835,5.306493986100833,31,31,0,534.7604142914719,17.250342921331047,9224.796796554974,42,0.2942765140888969,0.00564606360833,0.0841518906254193,0.0705059941082901,False,False,True,True,False,sign_inconsistent_positive_harmless,0.0
hexc_00190,191,109772783,109770459,2324,109772783,False,40,0.01721170395869191,0,2324,462,59.58974358974359,6.0,True,True,117,117,0,2166.1277313768123,18.513923178352957,40103.4987063261,2,2324,70,20.017241379310345,13.580713021066366,31561.577060958232,90.46616217276733,28.08984561231969,1492,0.6419965576592083,228.0,64.42735042735043,26.0,5.875,0.23704586582809956,2402.9262212232757,5584400.538122892,122.45918752594571,1120,0.4819277108433735,176.93667611530137,1.3536463201796916,False,False,5,37,35,10,13.580713021066366,31561.577060958232,3.685201896920488,117,117,0,2166.127731376812,18.51392317835296,40103.4987063261,70,0.0964109519434726,0.0054696825559333,0.1148387219870256,0.1022154880101353,False,False,True,False,True,primitive_full_verified,0.0
hexc_00191,192,3459179,3459178,1,3459179,False,2,2.0,0,1,1,1.0,1.0,True,True,1,1,0,15.056541835640791,15.056541835640791,226.69945204840138,1,1,1,,0.0,0.0,0.0,0.0,0,0.0,0.0,0.0,1.0,0.5,1.0,0.0,0.0,0.0,0,0.0,inf,inf,False,False,1,0,1,0,0.0,0.0,0.0,1,1,0,15.056541835640791,15.056541835640791,226.69945204840135,1,0.0,0.0,0.068254632757475,0.0649899752183574,False,False,True,True,False,sign_inconsistent_positive_harmless,0.0
hexc_00192,193,1199993,1199992,1,1199993,False,2,2.0,0,1,1,1.0,1.0,True,True,1,1,0,13.997826281407882,13.997826281407882,195.9391406044732,1,1,1,,0.0,0.0,0.0,0.0,0,0.0,0.0,0.0,1.0,0.5,1.0,0.0,0.0,0.0,0,0.0,inf,inf,False,False,1,0,1,0,0.0,0.0,0.0,1,1,0,13.997826281407882,13.997826281407882,195.9391406044732,1,0.0,0.0,0.0715987515628432,0.0697894059054362,False,False,True,True,False,sign_inconsistent_positive_harmless,0.0
hexc_00193,194,33878389,33877658,605,33878389,False,35,0.05785123966942149,0,605,104,17.794117647058822,5.0,True,True,35,35,0,606.8396280710575,17.338284098213553,10521.552405641602,3,603,58,17.647058823529413,14.204274643579458,8593.586159365572,27.798510691025726,15.669429891503093,76,0.1256198347107438,44.0,13.228571428571428,21.0,4.6571428571428575,0.5715529911273203,286.54202581925347,173357.92562064834,41.55458552222012,560,0.9256198347107438,20.172943216693906,1.4948493458548955,False,False,1,31,34,3,14.204274643579458,8593.586159365572,3.768855879916272,35,35,0,606.8396280710575,17.338284098213553,10521.552405641602,58,0.3177337386084671,0.0037853230281918,0.0805833243274027,0.0652409739893801,False,False,True,True,False,sign_inconsistent_positive_harmless,0.0
hexc_00194,195,33865589,33865210,379,33865589,False,36,0.09498680738786279,0,379,59,10.82857142857143,4.0,True,True,18,18,0,312.08227108898814,17.33790998306811,5410.8524404479995,3,379,48,22.11764705882353,16.90274730662013,6406.14122920903,32.61719450071786,13.339728913213666,192,0.5065963060686016,21.0,7.222222222222222,23.0,5.805555555555555,0.7538427266651815,295.1634317078777,111866.94061728564,39.341927585291955,247,0.6517150395778364,17.462453076623465,1.2061714131920849,False,False,3,32,33,4,16.90274730662013,6406.14122920903,4.111295088730573,18,18,0,312.08227108898814,17.33790998306811,5410.852440448,48,0.1672633540813392,0.005601889555006,0.057783925386995,0.0400034137475729,False,False,True,False,True,primitive_full_verified,0.0
hexc_00195,196,39648137,39647291,846,39648137,False,36,0.0425531914893617,0,846,148,24.17142857142857,6.0,True,True,45,45,0,787.2994498639767,17.49555451881262,13774.23163902667,6,846,62,19.09090909090909,17.8756196158314,15122.774194993366,49.880796343595534,20.495781540893677,266,0.3144208037825059,72.0,19.11111111111111,18.0,6.111111111111111,0.4997355896351138,759.2366047218092,642314.1675946505,63.28162963943515,308,0.3640661938534279,42.473302802292636,1.2686571642427322,False,False,4,29,32,8,17.8756196158314,15122.774194993366,4.227956907991305,45,45,0,787.2994498639767,17.49555451881262,13774.23163902667,62,0.168834894233103,0.0056067813907826,0.0817237377621316,0.0689152235942374,False,False,True,False,True,primitive_full_verified,0.0
hexc_00196,197,30786629,30786460,3,30786629,False,4,1.3333333333333333,0,3,1,1.0,1.0,True,True,2,2,0,34.48517121172168,17.242585638342646,594.6135167508787,1,3,2,2.0,22.022722842625143,66.06816852787543,5.747528567768757,4.064116402364585,2,0.6666666666666666,0.0,0.0,1.0,0.5,1.0,22.022722842625143,66.06816852787543,5.747528567768757,2,0.6666666666666666,1.0,1.0,False,False,2,2,2,2,22.022722842625143,66.06816852787543,4.692837397846333,2,2,0,34.48517121172168,17.242585638342646,594.6135167508787,2,0.4999999943485604,0.0109520092507447,0.06834819426233,0.0657120551260068,False,False,True,True,False,sign_inconsistent_positive_harmless,0.0
hexc_00197,198,40839853,40839496,3,40839853,False,4,1.3333333333333333,0,3,1,1.0,1.0,True,True,2,2,0,35.05032051862896,17.525160283800577,614.262484229311,1,3,2,2.0,22.75046237886337,68.25138713659011,5.841720110924257,4.130719886914087,2,0.6666666666666666,0.0,0.0,1.0,0.5,1.0,22.75046237886337,68.25138713659011,5.841720110924257,2,0.6666666666666666,1.0,1.0,False,False,2,2,2,2,22.75046237886337,68.25138713659011,4.769744477313577,2,2,0,35.05032051862896,17.525160283800577,614.262484229311,2,0.4999999958084096,0.0107787362260313,0.0664294699592638,0.0646724170800167,False,False,True,True,False,sign_inconsistent_positive_harmless,0.0
hexc_00198,199,39635819,39635564,218,39635819,False,35,0.16055045871559634,0,218,32,6.411764705882353,3.0,True,True,14,14,0,244.93335827774132,17.495242627027764,4285.167856943783,3,209,44,15.846153846153847,51.891526973946796,11312.3528803204,38.5216207106342,17.97804445135423,28,0.12844036697247707,9.0,3.857142857142857,21.0,4.285714285714286,0.8042387060791968,267.83891088679525,58388.88257332136,39.64516822566971,27,0.12385321100917432,5.161515309065182,1.029166673008785,False,False,3,31,32,5,51.8915269739468,11312.3528803204,7.203577373357406,14,14,0,244.9333582777413,17.495242627027764,4285.167856943783,44,0.2178089885141824,0.0085391222223537,0.0588053295328899,0.0443239885397641,False,False,True,True,False,sign_inconsistent_positive_harmless,-7.105427357601002e-15
hexc_00199,200,17591099,17590930,3,17591099,False,4,1.3333333333333333,0,3,1,1.0,1.0,True,True,2,2,0,33.36578819992094,16.682894156807944,556.6379111009919,1,3,2,2.0,20.616218929666363,61.848656788999094,5.5609647568342915,3.9321958492996982,2,0.6666666666666666,0.0,0.0,1.0,0.5,1.0,20.616218929666363,61.848656788999094,5.5609647568342915,2,0.6666666666666666,1.0,1.0,False,False,2,2,2,2,20.616218929666363,61.84865678899909,4.540508664199019,2,2,0,33.36578819992094,16.682894156807944,556.6379111009919,2,0.4999999897774091,0.0113121729737901,0.0690704028270101,0.067873037135191,False,False,True,True,False,sign_inconsistent_positive_harmless,0.0
hexc_00200,201,7051567,7051566,1,7051567,False,2,2.0,0,1,1,1.0,1.0,True,True,1,1,0,15.768760419593791,15.768760419593791,248.65380517054777,1,1,1,,0.0,0.0,0.0,0.0,0,0.0,0.0,0.0,1.0,0.5,1.0,0.0,0.0,0.0,0,0.0,inf,inf,False,False,1,0,1,0,0.0,0.0,0.0,1,1,0,15.768760419593791,15.768760419593791,248.65380517054777,1,0.0,9.144186443769882e-16,0.0648470887681662,0.0621161230329858,False,False,True,True,False,sign_inconsistent_positive_harmless,0.0
hexc_00201,202,673,672,1,673,False,2,2.0,0,1,1,1.0,1.0,True,True,1,1,0,6.511745329644728,6.511745329644728,42.402827238149925,1,1,1,,0.0,0.0,0.0,0.0,0,0.0,0.0,0.0,1.0,0.5,1.0,0.0,0.0,0.0,0,0.0,inf,inf,False,False,1,0,1,0,0.0,0.0,0.0,1,1,0,6.511745329644728,6.511745329644728,42.402827238149925,1,0.0,0.0,0.1551610461475472,0.1459429870062299,False,False,True,True,False,sign_inconsistent_positive_harmless,0.0
hexc_00202,203,12784609,12784608,1,12784609,False,2,2.0,0,1,1,1.0,1.0,True,True,1,1,0,16.363752583525645,16.363752583525645,267.77239861484225,1,1,1,,0.0,0.0,0.0,0.0,0,0.0,0.0,0.0,1.0,0.5,1.0,0.0,0.0,0.0,0,0.0,inf,inf,False,False,1,0,1,0,0.0,0.0,0.0,1,1,0,16.363752583525645,16.363752583525645,267.77239861484225,1,0.0,8.491303682508412e-16,0.0615986076879811,0.0599031214624846,False,False,True,True,False,sign_inconsistent_positive_harmless,0.0
hexc_00203,204,445141,445140,1,445141,False,2,2.0,0,1,1,1.0,1.0,True,True,1,1,0,13.006146364893356,13.006146364893356,169.15984326502866,1,1,1,,0.0,0.0,0.0,0.0,0,0.0,0.0,0.0,1.0,0.5,1.0,0.0,0.0,0.0,0,0.0,inf,inf,False,False,1,0,1,0,0.0,0.0,0.0,1,1,0,13.006146364893356,13.006146364893356,169.15984326502866,1,0.0,0.0,0.078849161619478,0.0749752190301023,False,False,True,True,False,sign_inconsistent_positive_harmless,0.0
hexc_00204,205,12807857,12807856,1,12807857,False,2,2.0,0,1,1,1.0,1.0,True,True,1,1,0,16.365569368699422,16.365569368699422,267.8318607617128,1,1,1,,0.0,0.0,0.0,0.0,0,0.0,0.0,0.0,1.0,0.5,1.0,0.0,0.0,0.0,0,0.0,inf,inf,False,False,1,0,1,0,0.0,0.0,0.0,1,1,0,16.365569368699422,16.365569368699422,267.8318607617128,1,0.0,0.0,0.0621526059796389,0.0598966054974771,False,False,True,True,False,sign_inconsistent_positive_harmless,0.0
hexc_00205,206,180640297,180639336,961,180640297,False,38,0.03954214360041623,0,961,171,25.972972972972972,5.0,True,True,38,38,0,722.4565949088877,19.012018302518392,13735.35609282494,5,961,70,25.83783783783784,5.665905434527807,5444.9351225812225,42.49514079293726,11.970286812926263,360,0.37460978147762747,60.0,23.105263157894736,22.0,7.7894736842105265,0.5279158310808847,360.17980782108697,346132.79531606456,56.69972122817626,835,0.8688865764828304,63.56968219521724,1.33426363979949,False,False,2,32,36,3,5.665905434527807,5444.935122581223,2.380316246747017,38,38,0,722.4565949088877,19.012018302518392,13735.35609282494,70,0.0793470103320079,0.0037910451931427,0.0697019970406704,0.0468441253110418,False,False,True,False,True,primitive_full_verified,0.0
hexc_00206,207,1518191,1518190,1,1518191,False,2,2.0,0,1,1,1.0,1.0,True,True,1,1,0,14.233030052474517,14.233030052474517,202.57914447464273,1,1,1,,0.0,0.0,0.0,0.0,0,0.0,0.0,0.0,1.0,0.5,1.0,0.0,0.0,0.0,0,0.0,inf,inf,False,False,1,0,1,0,0.0,0.0,0.0,1,1,0,14.233030052474517,14.233030052474517,202.57914447464276,1,0.0,0.0,0.0719532466962552,0.0686629417038318,False,False,True,True,False,sign_inconsistent_positive_harmless,0.0
hexc_00207,208,604822567,604819805,2762,604822567,True,38,0.013758146270818247,0,2762,560,74.64864864864865,10.0,True,True,114,114,0,2305.1305375736006,20.220445695294853,46610.76136188054,2,2762,80,24.424778761061948,14.554120329390038,40198.48034977529,123.62140368596101,32.52467903064868,2202,0.7972483707458363,272.0,76.94736842105263,28.0,8.342105263157896,0.2409417126894131,4239.719843674299,11710106.208228415,146.9898522927897,2174,0.7871107892831282,291.3071863994947,1.1890323836331143,False,True,3,35,35,7,14.554120329390038,40198.48034977529,3.81498628167783,114,114,0,2305.130537573601,20.220445695294853,46610.76136188054,80,0.069221132079727,0.0057553685344391,0.1030306737173388,0.0808644451752684,False,False,False,False,True,primitive_full_verified,0.0
hexc_00208,209,40866037,40865652,274,40866037,False,34,0.12408759124087591,0,274,43,8.303030303030303,4.0,True,True,17,17,0,297.93866052001687,17.525807046302283,5221.6144372037,1,269,40,16.75,26.99593525438266,7396.886259700848,24.433774049060716,14.74976197185892,42,0.15328467153284672,14.0,4.470588235294118,16.0,4.352941176470588,0.7893277893277894,266.61144639662984,73051.53631267657,39.976735311766504,205,0.7481751824817519,9.875984806021743,1.6361260946220173,False,False,2,32,32,3,26.99593525438266,7396.886259700848,5.195761277655341,17,17,0,297.9386605200168,17.525807046302283,5221.6144372037,40,0.3644088509551453,0.0048335818541216,0.0613874169888523,0.0475037148836558,False,False,True,True,False,sign_inconsistent_positive_harmless,0.0
hexc_00209,210,30339269,30339268,1,30339269,False,2,2.0,0,1,1,1.0,1.0,True,True,1,1,0,17.227953437988603,17.227953437988603,296.8023796615033,1,1,1,,0.0,0.0,0.0,0.0,0,0.0,0.0,0.0,1.0,0.5,1.0,0.0,0.0,0.0,0,0.0,inf,inf,False,False,1,0,1,0,0.0,0.0,0.0,1,1,0,17.227953437988603,17.227953437988603,296.8023796615033,1,0.0,1.5321553398766329e-15,0.058274726799016,0.0569557541697192,False,False,True,True,False,sign_inconsistent_positive_harmless,0.0
hexc_00210,211,1507291,1507290,1,1507291,False,2,2.0,0,1,1,1.0,1.0,True,True,1,1,0,14.225824557839376,14.225824557839376,202.37408435042587,1,1,1,,0.0,0.0,0.0,0.0,0,0.0,0.0,0.0,1.0,0.5,1.0,0.0,0.0,0.0,0,0.0,inf,inf,False,False,1,0,1,0,0.0,0.0,0.0,1,1,0,14.225824557839376,14.225824557839376,202.37408435042587,1,0.0,0.0,0.071217737590593,0.0686969111557099,False,False,True,True,False,sign_inconsistent_positive_harmless,0.0
hexc_00211,212,338609,338608,1,338609,False,2,2.0,0,1,1,1.0,1.0,True,True,1,1,0,12.73260132836337,12.73260132836337,162.11913658704063,1,1,1,,0.0,0.0,0.0,0.0,0,0.0,0.0,0.0,1.0,0.5,1.0,0.0,0.0,0.0,0,0.0,inf,inf,False,False,1,0,1,0,0.0,0.0,0.0,1,1,0,12.73260132836337,12.73260132836337,162.11913658704063,1,0.0,0.0,0.0799255305017518,0.0765440251200754,False,False,True,True,False,sign_inconsistent_positive_harmless,0.0
hexc_00212,213,17594719,17594718,1,17594719,False,2,2.0,0,1,1,1.0,1.0,True,True,1,1,0,16.683109358164145,16.683109358164145,278.3261378564641,1,1,1,,0.0,0.0,0.0,0.0,0,0.0,0.0,0.0,1.0,0.5,1.0,0.0,0.0,0.0,0,0.0,inf,inf,False,False,1,0,1,0,0.0,0.0,0.0,1,1,0,16.683109358164145,16.683109358164145,278.3261378564641,1,0.0,1.6338650562563493e-15,0.0598206042552528,0.058779097856778,False,False,True,True,False,sign_inconsistent_positive_harmless,0.0
hexc_00213,214,231107,231106,1,231107,False,2,2.0,0,1,1,1.0,1.0,True,True,1,1,0,12.350636085721526,12.350636085721526,152.53821172192673,1,1,1,,0.0,0.0,0.0,0.0,0,0.0,0.0,0.0,1.0,0.5,1.0,0.0,0.0,0.0,0,0.0,inf,inf,False,False,1,0,1,0,0.0,0.0,0.0,1,1,0,12.350636085721526,12.350636085721526,152.53821172192673,1,0.0,0.0,0.081042286548022,0.078847692554879,False,False,True,True,False,sign_inconsistent_positive_harmless,0.0
hexc_00214,215,604883911,604879711,4200,604883911,True,40,0.009523809523809525,0,4200,891,107.6923076923077,9.0,True,True,187,187,0,3781.241632877619,20.220547114938658,76458.7608888082,28,4200,122,22.43010752688172,19.385522241824006,81419.19341566082,134.88537506570538,45.11629234978779,3309,0.7878571428571428,440.0,123.62566844919786,45.0,13.425,0.1535722047072978,9459.329772779376,39729185.04567338,173.86770535322148,3378,0.8042857142857143,487.9584699746184,1.2890033872725417,False,True,3,24,37,4,19.38552224182401,81419.19341566082,4.402899299532526,187,187,0,3781.2416328776185,20.220547114938658,76458.7608888082,122,0.1118760376956425,0.0050950061723419,0.1286153186276067,0.1101473269558678,False,False,False,False,True,primitive_full_verified,-3.552713678800501e-15
hexc_00215,216,12837191,12837190,1,12837191,False,2,2.0,0,1,1,1.0,1.0,True,True,1,1,0,16.367857062822154,16.367857062822154,267.9067448289771,1,1,1,,0.0,0.0,0.0,0.0,0,0.0,0.0,0.0,1.0,0.5,1.0,0.0,0.0,0.0,0,0.0,inf,inf,False,False,1,0,1,0,0.0,0.0,0.0,1,1,0,16.367857062822154,16.367857062822154,267.9067448289771,1,0.0,8.487045579549704e-16,0.062888385067126,0.0598884026158601,False,False,True,True,False,sign_inconsistent_positive_harmless,0.0
hexc_00216,217,3236683,3236682,1,3236683,False,2,2.0,0,1,1,1.0,1.0,True,True,1,1,0,14.99005959793064,14.99005959793064,224.7018867495125,1,1,1,,0.0,0.0,0.0,0.0,0,0.0,0.0,0.0,1.0,0.5,1.0,0.0,0.0,0.0,0,0.0,inf,inf,False,False,1,0,1,0,0.0,0.0,0.0,1,1,0,14.99005959793064,14.99005959793064,224.7018867495125,1,0.0,5.059451852682883e-16,0.0666226148249239,0.0652718575046076,False,False,True,True,False,sign_inconsistent_positive_harmless,0.0
hexc_00217,218,12784091,12784090,1,12784091,False,2,2.0,0,1,1,1.0,1.0,True,True,1,1,0,16.3637120652357,16.3637120652357,267.77107255394037,1,1,1,,0.0,0.0,0.0,0.0,0,0.0,0.0,0.0,1.0,0.5,1.0,0.0,0.0,0.0,0,0.0,inf,inf,False,False,1,0,1,0,0.0,0.0,0.0,1,1,0,16.3637120652357,16.3637120652357,267.7710725539404,1,0.0,8.491345733300948e-16,0.0613983378884961,0.0599032667989344,False,False,True,True,False,sign_inconsistent_positive_harmless,0.0
hexc_00218,219,604167899,604161649,6250,604167899,True,40,0.0064,0,6250,1381,160.25641025641025,12.0,True,True,290,290,0,5863.613677514135,20.21936269574705,118558.50123838449,12,6250,150,21.58477508650519,20.088774233023596,125554.83895639746,163.33983020091546,56.02562783146599,4869,0.77904,682.0,199.04137931034484,27.0,7.875,0.09783416270620254,8755.83974632707,54723998.414544195,188.67064128777656,4842,0.77472,435.85734225304276,1.155080429897001,False,True,3,28,37,6,20.0887742330236,125554.83895639746,4.48205022651728,290,290,0,5863.613677514132,20.21936269574705,118558.50123838447,150,0.1176492774938442,0.0050566548961573,0.1550942530280692,0.1417010086026295,False,False,False,False,True,primitive_full_verified,-3.552713678800501e-15
hexc_00219,220,1513319,1513318,1,1513319,False,2,2.0,0,1,1,1.0,1.0,True,True,1,1,0,14.229815809938929,14.229815809938929,202.4876579847879,1,1,1,,0.0,0.0,0.0,0.0,0,0.0,0.0,0.0,1.0,0.5,1.0,0.0,0.0,0.0,0,0.0,inf,inf,False,False,1,0,1,0,0.0,0.0,0.0,1,1,0,14.229815809938929,14.229815809938929,202.4876579847879,1,0.0,0.0,0.0718988838707155,0.0686780907208851,False,False,True,True,False,sign_inconsistent_positive_harmless,0.0
hexc_00220,221,3452881,3452880,1,3452881,False,2,2.0,0,1,1,1.0,1.0,True,True,1,1,0,15.05471951299229,15.05471951299229,226.64457961487085,1,1,1,,0.0,0.0,0.0,0.0,0,0.0,0.0,0.0,1.0,0.5,1.0,0.0,0.0,0.0,0,0.0,inf,inf,False,False,1,0,1,0,0.0,0.0,0.0,1,1,0,15.05471951299229,15.05471951299229,226.64457961487085,1,0.0,5.016084563539974e-16,0.0679598564990468,0.0649976693597736,False,False,True,True,False,sign_inconsistent_positive_harmless,0.0
hexc_00221,222,3281627,3281626,1,3281627,False,2,2.0,0,1,1,1.0,1.0,True,True,1,1,0,15.003849893960213,15.003849893960213,225.1155116404899,1,1,1,,0.0,0.0,0.0,0.0,0,0.0,0.0,0.0,1.0,0.5,1.0,0.0,0.0,0.0,0,0.0,inf,inf,False,False,1,0,1,0,0.0,0.0,0.0,1,1,0,15.003849893960211,15.003849893960211,225.1155116404899,1,0.0,1.0100311337334605e-15,0.0684583966021968,0.0652131864302844,False,False,True,True,False,sign_inconsistent_positive_harmless,0.0
hexc_00222,223,604848841,604844050,4791,604848841,True,40,0.008348987685243165,0,4791,1030,122.84615384615384,10.0,True,True,218,218,0,4408.065748207288,20.220489135190732,89133.22770880035,33,4791,104,21.92626728110599,34.17926461259285,163752.85675893235,195.69663415416562,63.98297757195509,2952,0.6161552911709455,512.0,148.9908256880734,33.0,14.95,0.12828598298860516,14743.940925974248,70638220.97634262,231.62165185085087,2869,0.5988311417240659,431.37092307545015,1.1835750412977686,False,True,2,23,38,9,34.17926461259285,163752.85675893235,5.846303499870055,218,218,0,4408.065748207286,20.22048913519073,89133.22770880035,104,0.1068961789861607,0.0069214615088821,0.1356230693499753,0.1209887029426208,False,False,False,False,True,primitive_full_verified,0.0
hexc_00223,224,30417889,30417888,1,30417889,False,2,2.0,0,1,1,1.0,1.0,True,True,1,1,0,17.230541447252687,17.230541447252687,296.89155856549274,1,1,1,,0.0,0.0,0.0,0.0,0,0.0,0.0,0.0,1.0,0.5,1.0,0.0,0.0,0.0,0,0.0,inf,inf,False,False,1,0,1,0,0.0,0.0,0.0,1,1,0,17.230541447252687,17.230541447252687,296.89155856549274,1,0.0,0.0,0.0595665514274872,0.0569473630841647,False,False,True,True,False,sign_inconsistent_positive_harmless,0.0
hexc_00224,225,30422863,30422680,3,30422863,False,4,1.3333333333333333,0,3,1,1.0,1.0,True,True,2,2,0,34.46139801317906,17.23069903945974,593.7939765113707,1,3,2,2.0,21.992369500421137,65.97710850126342,5.743566368400053,4.061314704047922,2,0.6666666666666666,0.0,0.0,1.0,0.5,1.0,21.992369500421137,65.97710850126342,5.743566368400053,2,0.6666666666666666,1.0,1.0,False,False,2,2,2,2,21.992369500421137,65.97710850126342,4.689602275291705,2,2,0,34.46139801317906,17.23069903945974,593.7939765113707,2,0.4999999942770384,0.0109594193326503,0.0672912160005141,0.0657565156123869,False,False,True,True,False,sign_inconsistent_positive_harmless,0.0
hexc_00225,226,39648883,39648882,1,39648883,False,2,2.0,0,1,1,1.0,1.0,True,True,1,1,0,17.495573334147675,17.495573334147675,306.0950862905392,1,1,1,,0.0,0.0,0.0,0.0,0,0.0,0.0,0.0,1.0,0.5,1.0,0.0,0.0,0.0,0,0.0,inf,inf,False,False,1,0,1,0,0.0,0.0,0.0,1,1,0,17.495573334147675,17.495573334147675,306.0950862905392,1,0.0,1.485640806578735e-15,0.0582681497791033,0.05610094391665,False,False,True,True,False,sign_inconsistent_positive_harmless,0.0
hexc_00226,227,17642453,17642326,3,17642453,False,4,1.3333333333333333,0,3,1,1.0,1.0,True,True,2,2,0,33.37162314524878,16.685811629306254,556.8326156742521,1,3,2,2.0,20.62343021015749,61.87029063047247,5.56193724755666,3.9328835042012265,2,0.6666666666666666,0.0,0.0,1.0,0.5,1.0,20.62343021015749,61.87029063047247,5.56193724755666,2,0.6666666666666666,1.0,1.0,False,False,2,2,2,2,20.62343021015749,61.87029063047247,4.541302699684033,2,2,0,33.37162314524878,16.685811629306254,556.8326156742521,2,0.4999999898089713,0.0113102374220943,0.0713316310686374,0.0678614238273246,False,False,True,True,False,sign_inconsistent_positive_harmless,0.0
hexc_00227,228,604708931,604704593,4338,604708931,True,40,0.009220839096357769,0,4338,923,111.23076923076923,10.0,True,True,193,193,0,3902.5090403588647,20.22025779444147,78909.72440457426,30,4338,110,22.4375,17.21262558936584,74668.36980666901,138.67031610207255,43.205430736965525,2116,0.48778238819732594,460.0,130.18134715025906,30.0,12.6,0.14701657376503066,7830.859682333753,33970269.30196382,219.58877586178778,4004,0.9230059935454127,454.9485865289343,1.5835312274052415,False,True,3,24,37,6,17.21262558936584,74668.36980666901,4.148810141397873,193,193,0,3902.509040358867,20.22025779444147,78909.72440457426,110,0.0970755069744314,0.0051487807720973,0.1280136512189761,0.111835079555793,False,False,False,False,True,primitive_full_verified,0.0
hexc_00228,229,12421837,12421836,1,12421837,False,2,2.0,0,1,1,1.0,1.0,True,True,1,1,0,16.334966530134757,16.334966530134757,266.8311315406227,1,1,1,,0.0,0.0,0.0,0.0,0,0.0,0.0,0.0,1.0,0.5,1.0,0.0,0.0,0.0,0,0.0,inf,inf,False,False,1,0,1,0,0.0,0.0,0.0,1,1,0,16.334966530134757,16.334966530134757,266.8311315406227,1,0.0,8.521257400904751e-16,0.0618751942454069,0.0600065531060309,False,False,True,True,False,sign_inconsistent_positive_harmless,0.0
hexc_00229,230,30405923,30405922,1,30405923,False,2,2.0,0,1,1,1.0,1.0,True,True,1,1,0,17.23014798292479,17.23014798292479,296.8779995134872,1,1,1,,0.0,0.0,0.0,0.0,0,0.0,0.0,0.0,1.0,0.5,1.0,0.0,0.0,0.0,0,0.0,inf,inf,False,False,1,0,1,0,0.0,0.0,0.0,1,1,0,17.23014798292479,17.23014798292479,296.8779995134872,1,0.0,1.5317650739754629e-15,0.0593788171181867,0.0569486386516722,False,False,True,True,False,sign_inconsistent_positive_harmless,0.0
hexc_00230,231,17591797,17591796,1,17591797,False,2,2.0,0,1,1,1.0,1.0,True,True,1,1,0,16.682943271814093,16.682943271814093,278.3205962105671,1,1,1,,0.0,0.0,0.0,0.0,0,0.0,0.0,0.0,1.0,0.5,1.0,0.0,0.0,0.0,0,0.0,inf,inf,False,False,1,0,1,0,0.0,0.0,0.0,1,1,0,16.682943271814093,16.682943271814093,278.3205962105671,1,0.0,3.267795176339872e-15,0.0608439203610845,0.0587796714636137,False,False,True,True,False,sign_inconsistent_positive_harmless,0.0
hexc_00231,232,7103387,7103277,4,7103387,False,5,1.25,0,4,1,1.0,1.0,True,True,2,2,0,31.552134414332773,15.776067347946421,497.7685930500613,2,4,2,2.0,31.110537620867667,124.44215048347067,7.888033744363229,4.988830533972279,3,0.75,0.0,0.0,2.0,0.8,1.0,31.110537620867667,124.44215048347067,7.888033744363229,3,0.75,1.0,1.0,False,False,2,2,3,2,31.110537620867667,124.44215048347068,5.577682101094295,2,2,0,31.552134414332773,15.77606734794642,497.7685930500613,2,0.3999999928610837,0.0157384918917144,0.0636678531151053,0.0617991268029398,False,False,True,True,False,sign_inconsistent_positive_harmless,0.0
hexc_00232,233,108545317,108544444,873,108545317,False,37,0.042382588774341354,0,873,154,24.25,5.5,True,True,40,40,0,740.1069574906345,18.50267831194847,13693.957713151298,7,873,68,22.205128205128204,30.391230157756873,26531.54392772175,85.0105322886318,26.77813949480603,489,0.5601374570446735,74.0,20.225,28.0,7.945945945945946,0.5233339880044114,1713.9364271548252,1496266.5009061624,90.0971780445812,483,0.5532646048109966,56.39575687650704,1.059835477075699,False,False,2,29,35,4,30.391230157756876,26531.54392772175,5.5128241544381655,40,40,0,740.1069574906345,18.50267831194847,13693.957713151298,68,0.0992236795685815,0.0084071568650214,0.072593883103974,0.0554108042573524,False,False,True,False,True,primitive_full_verified,-3.552713678800501e-15
hexc_00233,234,33928207,33928206,1,33928207,False,2,2.0,0,1,1,1.0,1.0,True,True,1,1,0,17.33975729127334,17.33975729127334,300.66718292026695,1,1,1,,0.0,0.0,0.0,0.0,0,0.0,0.0,0.0,1.0,0.5,1.0,0.0,0.0,0.0,0,0.0,inf,inf,False,False,1,0,1,0,0.0,0.0,0.0,1,1,0,17.33975729127334,17.33975729127334,300.6671829202669,1,0.0,0.0,0.0577100468058422,0.056595492268226,False,False,True,True,False,sign_inconsistent_positive_harmless,0.0
hexc_00234,235,12805417,12804850,567,12805417,False,37,0.06525573192239859,0,567,94,15.75,4.5,True,True,33,33,0,540.0567475790596,16.365378842489662,8838.220927449436,1,567,68,17.6875,6.701428062952702,3799.709711694182,32.903758418909376,10.133847101314274,395,0.6966490299823633,34.0,10.333333333333334,12.0,5.648648648648648,0.6312267657992564,341.61971976436627,193698.38110639568,48.40333162554566,499,0.8800705467372134,50.977152415159395,1.4710578350748185,False,False,3,35,34,4,6.701428062952702,3799.709711694182,2.5887116608368537,33,33,0,540.0567475790594,16.365378842489662,8838.220927449436,68,0.0948544431898289,0.0051852383941086,0.0752600730877132,0.066415879984152,False,False,True,False,True,primitive_full_verified,0.0
hexc_00235,236,7114039,7114038,1,7114039,False,2,2.0,0,1,1,1.0,1.0,True,True,1,1,0,15.777580713623388,15.777580713623388,248.93205317490072,1,1,1,,0.0,0.0,0.0,0.0,0,0.0,0.0,0.0,1.0,0.5,1.0,0.0,0.0,0.0,0,0.0,inf,inf,False,False,1,0,1,0,0.0,0.0,0.0,1,1,0,15.777580713623388,15.777580713623388,248.93205317490072,1,0.0,9.133965375020562e-16,0.0641316326651891,0.0620821242243371,False,False,True,True,False,sign_inconsistent_positive_harmless,0.0
hexc_00236,237,1189109,1189108,1,1189109,False,2,2.0,0,1,1,1.0,1.0,True,True,1,1,0,13.988714845146502,13.988714845146502,195.6841430188221,1,1,1,,0.0,0.0,0.0,0.0,0,0.0,0.0,0.0,1.0,0.5,1.0,0.0,0.0,0.0,0,0.0,inf,inf,False,False,1,0,1,0,0.0,0.0,0.0,1,1,0,13.988714845146502,13.988714845146502,195.6841430188221,1,0.0,0.0,0.0718770358244725,0.0698337870883699,False,False,True,True,False,sign_inconsistent_positive_harmless,0.0
hexc_00237,238,109610987,109610360,522,109610987,False,35,0.06704980842911877,0,522,88,15.352941176470589,5.0,True,True,24,24,0,444.2986798831858,18.512447097269227,8225.05487274761,3,509,64,22.0,17.144653992396552,8949.509384031,64.68717744688573,15.99063063531803,250,0.4789272030651341,39.0,11.083333333333334,28.0,6.628571428571429,0.6649874055415617,673.1512384833128,351384.9464882893,74.90094020282103,262,0.5019157088122606,39.26304017461346,1.1578947043148045,False,False,3,31,32,4,17.144653992396552,8949.509384031,4.140610340565332,24,24,0,444.29867988318574,18.512447097269227,8225.05487274761,64,0.0611075371142185,0.0082632311922063,0.0613897943072523,0.0430469387390257,False,False,True,False,True,primitive_full_verified,0.0
hexc_00238,239,1185979,1185978,1,1185979,False,2,2.0,0,1,1,1.0,1.0,True,True,1,1,0,13.986079151806315,13.986079151806315,195.61041004059126,1,1,1,,0.0,0.0,0.0,0.0,0,0.0,0.0,0.0,1.0,0.5,1.0,0.0,0.0,0.0,0,0.0,inf,inf,False,False,1,0,1,0,0.0,0.0,0.0,1,1,0,13.986079151806315,13.986079151806315,195.6104100405913,1,0.0,0.0,0.0720020312883792,0.0698466358920832,False,False,True,True,False,sign_inconsistent_positive_harmless,0.0
hexc_00239,240,3458053,3458052,1,3458053,False,2,2.0,0,1,1,1.0,1.0,True,True,1,1,0,15.056216271886404,15.056216271886404,226.68964842581693,1,1,1,,0.0,0.0,0.0,0.0,0,0.0,0.0,0.0,1.0,0.5,1.0,0.0,0.0,0.0,0,0.0,inf,inf,False,False,1,0,1,0,0.0,0.0,0.0,1,1,0,15.056216271886404,15.056216271886404,226.68964842581693,1,0.0,0.0,0.0681051918998026,0.0649913496676827,False,False,True,True,False,sign_inconsistent_positive_harmless,0.0
hexc_00240,241,40846543,40846297,128,40846543,False,30,0.234375,0,128,16,4.413793103448276,2.0,True,True,11,11,0,192.77861107934714,17.525329811176828,3378.508444516572,6,126,26,12.0,19.321869996508457,2473.1993595530826,19.989824854031603,9.07964639464387,10,0.078125,8.0,2.0,11.0,3.5,0.8571428571428571,83.67348205738162,10710.205703344847,21.49591338394535,119,0.9296875,4.330506419539194,1.0753427576735368,False,False,3,23,27,2,19.321869996508457,2473.1993595530826,4.39566490948849,11,11,0,192.77861107934712,17.525329811176828,3378.508444516572,26,0.2063098164791697,0.0057913343016973,0.0576405602980837,0.0479465292351877,False,False,True,True,False,sign_inconsistent_positive_harmless,0.0
hexc_00241,242,30338299,30338298,1,30338299,False,2,2.0,0,1,1,1.0,1.0,True,True,1,1,0,17.227921465711795,17.227921465711795,296.80127802873324,1,1,1,,0.0,0.0,0.0,0.0,0,0.0,0.0,0.0,1.0,0.5,1.0,0.0,0.0,0.0,0,0.0,inf,inf,False,False,1,0,1,0,0.0,0.0,0.0,1,1,0,17.227921465711795,17.227921465711795,296.80127802873324,1,0.0,0.0,0.0582182910904303,0.0569558578486832,False,False,True,True,False,sign_inconsistent_positive_harmless,0.0
hexc_00242,243,30781319,30781182,7,30781319,False,8,1.1428571428571428,0,7,1,1.0,1.0,True,True,3,3,0,51.727242683927344,17.242414314608784,891.9025452273049,1,7,4,3.0,54.60627873649688,382.24395115547816,12.316010271131102,6.912343589147951,4,0.5714285714285714,0.0,0.0,2.0,0.75,1.0,54.60627873649688,382.24395115547816,12.316010271131102,4,0.5714285714285714,1.0,1.0,False,False,3,6,5,4,54.60627873649688,382.24395115547816,7.389606128644265,3,3,0,51.727242683927344,17.242414314608784,891.9025452273049,4,0.3149999970984015,0.0156184300412248,0.0666639054628127,0.0639348107058531,False,False,True,True,False,sign_inconsistent_positive_harmless,0.0
hexc_00243,244,7108399,7108398,1,7108399,False,2,2.0,0,1,1,1.0,1.0,True,True,1,1,0,15.776787600614824,15.776787600614824,248.90702699491365,1,1,1,,0.0,0.0,0.0,0.0,0,0.0,0.0,0.0,1.0,0.5,1.0,0.0,0.0,0.0,0,0.0,inf,inf,False,False,1,0,1,0,0.0,0.0,0.0,1,1,0,15.776787600614824,15.776787600614824,248.90702699491365,1,0.0,0.0,0.0646375517059872,0.0620851798448041,False,False,True,True,False,sign_inconsistent_positive_harmless,0.0
hexc_00244,245,7114351,7114350,1,7114351,False,2,2.0,0,1,1,1.0,1.0,True,True,1,1,0,15.77762456960429,15.77762456960429,248.93343705938096,1,1,1,,0.0,0.0,0.0,0.0,0,0.0,0.0,0.0,1.0,0.5,1.0,0.0,0.0,0.0,0,0.0,inf,inf,False,False,1,0,1,0,0.0,0.0,0.0,1,1,0,15.77762456960429,15.77762456960429,248.93343705938096,1,0.0,0.0,0.0631548657549673,0.0620819552695042,False,False,True,True,False,sign_inconsistent_positive_harmless,0.0
hexc_00245,246,12808469,12808371,16,12808469,False,15,0.9375,0,16,2,1.1428571428571428,1.0,True,True,4,4,0,65.4624408087016,16.36561074869253,1071.3327891581905,2,16,6,4.666666666666667,31.386703685806403,502.18725897290244,12.274208198148827,5.7861170570766625,7,0.4375,0.0,0.0,3.0,1.2,1.0,41.84893907294018,669.5830251670429,12.274208198148827,7,0.4375,1.3333333596246675,1.0,False,False,4,12,11,10,31.386703685806403,502.1872589729024,5.602383750316146,4,4,0,65.4624408087016,16.36561074869253,1071.3327891581905,6,0.2222222086524979,0.011422400501544,0.0624388750646292,0.0579003711442876,False,False,True,True,False,sign_inconsistent_positive_harmless,0.0
hexc_00246,247,30364069,30364068,1,30364069,False,2,2.0,0,1,1,1.0,1.0,True,True,1,1,0,17.22877052654409,17.22877052654409,296.8305338563143,1,1,1,,0.0,0.0,0.0,0.0,0,0.0,0.0,0.0,1.0,0.5,1.0,0.0,0.0,0.0,0,0.0,inf,inf,False,False,1,0,1,0,0.0,0.0,0.0,1,1,0,17.22877052654409,17.22877052654409,296.8305338563143,1,0.0,0.0,0.0580503951554774,0.0569531046618265,False,False,True,True,False,sign_inconsistent_positive_harmless,0.0
hexc_00247,248,22048823,22048822,1,22048823,False,2,2.0,0,1,1,1.0,1.0,True,True,1,1,0,16.90876977974763,16.90876977974763,285.9064954645067,1,1,1,,0.0,0.0,0.0,0.0,0,0.0,0.0,0.0,1.0,0.5,1.0,0.0,0.0,0.0,0,0.0,inf,inf,False,False,1,0,1,0,0.0,0.0,0.0,1,1,0,16.90876977974763,16.90876977974763,285.9064954645067,1,0.0,0.0,0.0588375187079942,0.0580099437328339,False,False,True,True,False,sign_inconsistent_positive_harmless,0.0
hexc_00248,249,1197167,1197166,1,1197167,False,2,2.0,0,1,1,1.0,1.0,True,True,1,1,0,13.99546849026404,13.99546849026404,195.8731382619736,1,1,1,,0.0,0.0,0.0,0.0,0,0.0,0.0,0.0,1.0,0.5,1.0,0.0,0.0,0.0,0,0.0,inf,inf,False,False,1,0,1,0,0.0,0.0,0.0,1,1,0,13.99546849026404,13.99546849026404,195.8731382619736,1,0.0,0.0,0.0733451964419051,0.0698008851370829,False,False,True,True,False,sign_inconsistent_positive_harmless,0.0
hexc_00249,250,12777763,12777762,1,12777763,False,2,2.0,0,1,1,1.0,1.0,True,True,1,1,0,16.363216952468896,16.363216952468896,267.75486903356546,1,1,1,,0.0,0.0,0.0,0.0,0,0.0,0.0,0.0,1.0,0.5,1.0,0.0,0.0,0.0,0,0.0,inf,inf,False,False,1,0,1,0,0.0,0.0,0.0,1,1,0,16.363216952468896,16.363216952468896,267.75486903356546,1,0.0,8.491859597695261e-16,0.0613798520197853,0.0599050427929224,False,False,True,True,False,sign_inconsistent_positive_harmless,0.0
hexc_00250,251,12802759,12802758,1,12802759,False,2,2.0,0,1,1,1.0,1.0,True,True,1,1,0,16.365171252537955,16.365171252537955,267.8188301248947,1,1,1,,0.0,0.0,0.0,0.0,0,0.0,0.0,0.0,1.0,0.5,1.0,0.0,0.0,0.0,0,0.0,inf,inf,False,False,1,0,1,0,0.0,0.0,0.0,1,1,0,16.365171252537955,16.365171252537955,267.8188301248947,1,0.0,8.489831552814959e-16,0.0619768263150305,0.0598980332340975,False,False,True,True,False,sign_inconsistent_positive_harmless,0.0
hexc_00251,252,39640253,39639838,294,39640253,False,34,0.11564625850340136,0,294,46,8.909090909090908,3.0,True,True,19,19,0,332.41162530909077,17.49535247125544,5815.6572968754435,3,289,48,15.88888888888889,35.02447344321841,10297.195192306213,38.799190728990794,17.40283546226457,74,0.25170068027210885,12.0,4.368421052631579,16.0,4.794117647058823,0.7843533487297922,464.0285798808693,136424.40248497558,43.143273729165685,163,0.5544217687074829,13.248695391042817,1.1119632373396124,False,False,2,30,32,4,35.02447344321841,10297.195192306212,5.918147805117612,19,19,0,332.4116253090908,17.49535247125544,5815.657296875444,48,0.2011845814326679,0.0073904639568024,0.0623250464295579,0.0518481490538338,False,False,True,True,False,sign_inconsistent_positive_harmless,0.0
hexc_00252,253,153059,153058,1,153059,False,2,2.0,0,1,1,1.0,1.0,True,True,1,1,0,11.938578746956969,11.938578746956969,142.52966249729263,1,1,1,,0.0,0.0,0.0,0.0,0,0.0,0.0,0.0,1.0,0.5,1.0,0.0,0.0,0.0,0,0.0,inf,inf,False,False,1,0,1,0,0.0,0.0,0.0,1,1,0,11.938578746956969,11.938578746956969,142.52966249729263,1,0.0,1.9940908392275103e-16,0.0867976721097067,0.0814934132197051,False,False,True,True,False,sign_inconsistent_positive_harmless,0.0
hexc_00253,254,109611739,109611738,1,109611739,False,2,2.0,0,1,1,1.0,1.0,True,True,1,1,0,18.512455034406806,18.512455034406806,342.7109914009339,1,1,1,,0.0,0.0,0.0,0.0,0,0.0,0.0,0.0,1.0,0.5,1.0,0.0,0.0,0.0,0,0.0,inf,inf,False,False,1,0,1,0,0.0,0.0,0.0,1,1,0,18.51245503440681,18.51245503440681,342.7109914009339,1,0.0,0.0,0.0542307354806207,0.0530741803612816,False,False,True,True,False,sign_inconsistent_positive_harmless,0.0
hexc_00254,255,33472553,33472329,4,33472553,False,5,1.25,0,4,1,1.0,1.0,True,True,2,2,0,34.65245949019118,17.32622977497101,600.3964743596705,2,4,2,2.0,37.52477977688649,150.09911910754596,8.663114902423214,5.479034935233503,3,0.75,0.0,0.0,2.0,0.8,1.0,37.52477977688649,150.09911910754596,8.663114902423214,3,0.75,1.0,1.0,False,False,2,2,3,2,37.52477977688649,150.09911910754596,6.125747283139135,2,2,0,34.65245949019118,17.32622977497101,600.3964743596705,2,0.3999999986205692,0.0143392191682336,0.0583129230101737,0.0563994358043719,False,False,True,True,False,sign_inconsistent_positive_harmless,0.0
hexc_00255,256,33913801,33913800,1,33913801,False,2,2.0,0,1,1,1.0,1.0,True,True,1,1,0,17.339332598648777,17.339332598648777,300.65245496656416,1,1,1,,0.0,0.0,0.0,0.0,0,0.0,0.0,0.0,1.0,0.5,1.0,0.0,0.0,0.0,0,0.0,inf,inf,False,False,1,0,1,0,0.0,0.0,0.0,1,1,0,17.339332598648777,17.339332598648777,300.65245496656416,1,0.0,1.5125349664516692e-15,0.0584800149533509,0.0565968521213006,False,False,True,True,False,sign_inconsistent_positive_harmless,0.0
hexc_00256,257,7103077,7103076,1,7103077,False,2,2.0,0,1,1,1.0,1.0,True,True,1,1,0,15.776038628411124,15.776038628411124,248.88339480511993,1,1,1,,0.0,0.0,0.0,0.0,0,0.0,0.0,0.0,1.0,0.5,1.0,0.0,0.0,0.0,0,0.0,inf,inf,False,False,1,0,1,0,0.0,0.0,0.0,1,1,0,15.776038628411124,15.776038628411124,248.88339480511996,1,0.0,0.0,0.0630835742905236,0.0620880656803594,False,False,True,True,False,sign_inconsistent_positive_harmless,0.0
hexc_00257,258,179145961,179143998,1963,179145961,False,39,0.019867549668874173,0,1963,382,51.6578947368421,8.5,True,True,95,95,0,1805.3520558240018,19.003711456108032,34308.3794259793,1,1963,114,20.872340425531913,12.727045483773118,24983.19028464663,102.48243652491738,25.309970815535266,1273,0.6484971981660723,188.0,54.65263157894737,48.0,8.461538461538462,0.2763634314792464,2092.831131680111,4108227.511488058,110.45953631573161,1223,0.6230259806418746,164.43966781987652,1.0778387015503355,False,False,4,37,35,10,12.727045483773118,24983.19028464663,3.5674984910680925,95,95,0,1805.3520558240016,19.003711456108032,34308.3794259793,114,0.0609936192409381,0.0064071073075682,0.0992292790633997,0.0876282709656389,False,False,True,False,True,primitive_full_verified,0.0
hexc_00258,259,1512751,1512750,1,1512751,False,2,2.0,0,1,1,1.0,1.0,True,True,1,1,0,14.22944040553211,14.22944040553211,202.4769742545898,1,1,1,,0.0,0.0,0.0,0.0,0,0.0,0.0,0.0,1.0,0.5,1.0,0.0,0.0,0.0,0,0.0,inf,inf,False,False,1,0,1,0,0.0,0.0,0.0,1,1,0,14.22944040553211,14.22944040553211,202.4769742545898,1,0.0,0.0,0.0718102487098728,0.068679860471675,False,False,True,True,False,sign_inconsistent_positive_harmless,0.0
hexc_00259,260,108586733,108586732,1,108586733,False,2,2.0,0,1,1,1.0,1.0,True,True,1,1,0,18.503059794097258,18.503059794097258,342.3632217439384,1,1,1,,0.0,0.0,0.0,0.0,0,0.0,0.0,0.0,1.0,0.5,1.0,0.0,0.0,0.0,0,0.0,inf,inf,False,False,1,0,1,0,0.0,0.0,0.0,1,1,0,18.503059794097258,18.503059794097258,342.3632217439384,1,0.0,0.0,0.0543474529340776,0.0531006503458317,False,False,True,True,False,sign_inconsistent_positive_harmless,0.0
hexc_00260,261,3284137,3284136,1,3284137,False,2,2.0,0,1,1,1.0,1.0,True,True,1,1,0,15.004614466102092,15.004614466102092,225.13845527636016,1,1,1,,0.0,0.0,0.0,0.0,0,0.0,0.0,0.0,1.0,0.5,1.0,0.0,0.0,0.0,0,0.0,inf,inf,False,False,1,0,1,0,0.0,0.0,0.0,1,1,0,15.004614466102092,15.004614466102092,225.13845527636016,1,0.0,5.049641012330126e-16,0.0686459109048948,0.0652099366280215,False,False,True,True,False,sign_inconsistent_positive_harmless,0.0
hexc_00261,262,7118317,7118316,1,7118317,False,2,2.0,0,1,1,1.0,1.0,True,True,1,1,0,15.778181879042359,15.778181879042359,248.95102340814066,1,1,1,,0.0,0.0,0.0,0.0,0,0.0,0.0,0.0,1.0,0.5,1.0,0.0,0.0,0.0,0,0.0,inf,inf,False,False,1,0,1,0,0.0,0.0,0.0,1,1,0,15.77818187904236,15.77818187904236,248.95102340814063,1,0.0,0.0,0.0645287401420676,0.0620798083191851,False,False,True,True,False,sign_inconsistent_positive_harmless,0.0
hexc_00262,263,39693439,39693438,1,39693439,False,2,2.0,0,1,1,1.0,1.0,True,True,1,1,0,17.496696467516113,17.496696467516113,306.13438727639084,1,1,1,,0.0,0.0,0.0,0.0,0,0.0,0.0,0.0,1.0,0.5,1.0,0.0,0.0,0.0,0,0.0,inf,inf,False,False,1,0,1,0,0.0,0.0,0.0,1,1,0,17.496696467516113,17.496696467516113,306.13438727639084,1,0.0,0.0,0.0588645021490785,0.0560974105369326,False,False,True,True,False,sign_inconsistent_positive_harmless,0.0
hexc_00263,264,31039823,31039822,1,31039823,False,2,2.0,0,1,1,1.0,1.0,True,True,1,1,0,17.250781550943447,17.250781550943447,297.5894641183708,1,1,1,,0.0,0.0,0.0,0.0,0,0.0,0.0,0.0,1.0,0.5,1.0,0.0,0.0,0.0,0,0.0,inf,inf,False,False,1,0,1,0,0.0,0.0,0.0,1,1,0,17.250781550943447,17.250781550943447,297.5894641183708,1,0.0,1.5281029932752637e-15,0.0576298658887291,0.0568818238780469,False,False,True,True,False,sign_inconsistent_positive_harmless,0.0
hexc_00264,265,33881387,33881386,1,33881387,False,2,2.0,0,1,1,1.0,1.0,True,True,1,1,0,17.338376365517014,17.338376365517014,300.619294992319,1,1,1,,0.0,0.0,0.0,0.0,0,0.0,0.0,0.0,1.0,0.5,1.0,0.0,0.0,0.0,0,0.0,inf,inf,False,False,1,0,1,0,0.0,0.0,0.0,1,1,0,17.338376365517014,17.338376365517014,300.619294992319,1,0.0,0.0,0.0586131860322688,0.0565999141903111,False,False,True,True,False,sign_inconsistent_positive_harmless,0.0
hexc_00265,266,40875397,40875396,1,40875397,False,2,2.0,0,1,1,1.0,1.0,True,True,1,1,0,17.526038899672752,17.526038899672752,307.1620395128425,1,1,1,,0.0,0.0,0.0,0.0,0,0.0,0.0,0.0,1.0,0.5,1.0,0.0,0.0,0.0,0,0.0,inf,inf,False,False,1,0,1,0,0.0,0.0,0.0,1,1,0,17.526038899672752,17.526038899672752,307.1620395128425,1,0.0,0.0,0.0570659692284134,0.0560052565803902,False,False,True,True,False,sign_inconsistent_positive_harmless,0.0
hexc_00266,267,359207,359206,1,359207,False,2,2.0,0,1,1,1.0,1.0,True,True,1,1,0,12.791654102970854,12.791654102970854,163.6264146900511,1,1,1,,0.0,0.0,0.0,0.0,0,0.0,0.0,0.0,1.0,0.5,1.0,0.0,0.0,0.0,0,0.0,inf,inf,False,False,1,0,1,0,0.0,0.0,0.0,1,1,0,12.791654102970854,12.791654102970854,163.6264146900511,1,0.0,0.0,0.0800494306768673,0.0761998242251346,False,False,True,True,False,sign_inconsistent_positive_harmless,0.0
hexc_00267,268,30796769,30796057,712,30796769,False,36,0.05056179775280899,0,712,122,20.34285714285714,4.0,True,True,40,40,0,689.7163322407621,17.24292033984374,11892.715473993021,6,712,60,18.102564102564102,17.552897623852157,12497.663108182736,38.1668545765133,18.63215791476209,14,0.019662921348314606,60.0,17.175,23.0,6.944444444444445,0.5131466574600694,433.4563775841997,308620.94083995017,49.403728684161194,216,0.30337078651685395,24.69429189828963,1.2944144659634256,False,False,5,30,31,14,17.552897623852157,12497.663108182736,4.189617837446771,40,40,0,689.7163322407621,17.24292033984374,11892.71547399302,60,0.2383162038681583,0.0048481858744813,0.0776137683916326,0.0685109275461097,False,False,True,False,True,primitive_full_verified,0.0
hexc_00268,269,178899467,178898710,757,178899467,False,36,0.047556142668428,0,757,131,21.62857142857143,5.0,True,True,33,33,0,627.0769672659085,19.002334569156453,11915.924935618508,1,757,78,23.625,12.481717537836055,9448.660176141893,32.50728503362075,16.2007031535859,626,0.8269484808454426,53.0,16.848484848484848,24.0,6.972222222222222,0.5837154890032756,583.5634970596107,441757.5672741253,57.40862275666518,573,0.7569352708058125,46.753461235654804,1.7660232990017517,False,False,4,34,32,12,12.481717537836056,9448.660176141891,3.5329474292488494,33,33,0,627.0769672659086,19.002334569156453,11915.924935618508,78,0.2483741136984567,0.003270137559218,0.0645219433395106,0.0474762557332885,False,False,True,False,True,primitive_full_verified,-1.7763568394002505e-15
hexc_00269,270,17643289,17643288,1,17643289,False,2,2.0,0,1,1,1.0,1.0,True,True,1,1,0,16.68586604241021,16.68586604241021,278.4181255852582,1,1,1,,0.0,0.0,0.0,0.0,0,0.0,0.0,0.0,1.0,0.5,1.0,0.0,0.0,0.0,0,0.0,inf,inf,False,False,1,0,1,0,0.0,0.0,0.0,1,1,0,16.68586604241021,16.68586604241021,278.4181255852582,1,0.0,0.0,0.0599602263937145,0.0587695788232723,False,False,True,True,False,sign_inconsistent_positive_harmless,0.0
hexc_00270,271,187425023,187423758,1265,187425023,False,37,0.02924901185770751,0,1265,234,35.138888888888886,6.5,True,True,63,63,0,1200.079804012073,19.048889446069147,22860.18311107413,5,1265,84,20.322580645161292,42.09253972145317,53247.062747638265,104.26436680069992,37.93560074639946,372,0.2940711462450593,94.0,26.142857142857142,17.0,5.297297297297297,0.43736983040761684,4065.850381115304,5143300.73211086,140.2690144849704,575,0.45454545454545453,96.59313522113456,1.345320734101737,False,False,4,31,33,4,42.09253972145317,53247.062747638265,6.487876364532016,63,63,0,1200.0798040120733,19.048889446069147,22860.18311107413,84,0.1323799191933174,0.0080795888060062,0.0855229588678136,0.0728488403777864,False,False,True,False,True,primitive_full_verified,0.0
hexc_00271,272,39651113,39650618,347,39651113,False,34,0.09798270893371758,0,347,56,10.515151515151516,4.0,True,True,23,23,0,402.3992965006438,17.49562569238568,7040.225818444222,3,341,52,15.363636363636363,27.063672420102737,9391.09432977565,39.93235005772725,16.61952636984903,41,0.11815561959654179,19.0,7.304347826086956,23.0,4.823529411764706,0.6777680906713165,313.31165811401166,108719.14536556204,39.93235005772725,41,0.11815561959654179,11.576834557060542,1.0,False,False,3,30,31,8,27.063672420102737,9391.09432977565,5.202275696279729,23,23,0,402.3992965006438,17.49562569238568,7040.225818444222,52,0.1732158170219733,0.0069916062564718,0.0666565964958798,0.0580683692317381,False,False,True,True,False,sign_inconsistent_positive_harmless,0.0
hexc_00272,273,30401963,30401962,1,30401963,False,2,2.0,0,1,1,1.0,1.0,True,True,1,1,0,17.230017736660166,17.230017736660166,296.8735112056239,1,1,1,,0.0,0.0,0.0,0.0,0,0.0,0.0,0.0,1.0,0.5,1.0,0.0,0.0,0.0,0,0.0,inf,inf,False,False,1,0,1,0,0.0,0.0,0.0,1,1,0,17.230017736660166,17.230017736660166,296.8735112056239,1,0.0,3.0635764641965103e-15,0.0584108084726998,0.0569490609081324,False,False,True,True,False,sign_inconsistent_positive_harmless,0.0
hexc_00273,274,109547591,109546815,776,109547591,False,37,0.04768041237113402,0,776,134,21.555555555555557,5.5,True,True,36,36,0,666.4271671513063,18.511869633805045,12336.81025325891,2,776,70,22.114285714285714,47.57965339891257,36921.81103755615,65.65030625493868,31.589346064754412,96,0.12371134020618557,52.0,18.416666666666668,27.0,6.621621621621622,0.5456147565059037,1349.1253077624658,1046921.2388236735,79.39106164291033,274,0.35309278350515466,28.355089022008304,1.209302228303588,False,False,5,34,32,6,47.57965339891257,36921.81103755615,6.897800620408839,36,36,0,666.4271671513063,18.511869633805045,12336.81025325891,70,0.2315302594537429,0.0068967990800009,0.0689354203592449,0.0531078472806105,False,False,True,False,True,primitive_full_verified,0.0
hexc_00274,275,109494199,109492961,1238,109494199,False,37,0.02988691437802908,0,1238,228,34.388888888888886,6.5,True,True,61,61,0,1129.1939527496788,18.511382128648542,20902.93414633574,2,1238,66,20.6,14.551213765480062,18014.402641664317,62.92067072283942,22.06526109231451,824,0.6655896607431341,96.0,30.229508196721312,23.0,6.27027027027027,0.4052763981164936,1256.8675882206353,1556002.0742171465,88.51962007889892,938,0.7576736672051696,86.37544664502904,1.406844826381792,False,False,3,34,34,6,14.551213765480062,18014.40264166432,3.8146053223734775,61,61,0,1129.193952749679,18.511382128648545,20902.93414633574,66,0.1229791407879015,0.0052280124558904,0.0837417020986148,0.0725940084781449,False,False,True,False,True,primitive_full_verified,0.0
hexc_00275,276,108562291,108561847,313,108562291,False,33,0.10543130990415335,0,313,50,9.78125,3.5,True,True,16,16,0,296.0453157544917,18.502833295109237,5477.676811261057,4,294,48,19.333333333333332,56.083964188648075,17554.280791046847,55.03558670753934,23.063995810765213,156,0.4984025559105431,23.0,9.5,21.0,8.515151515151516,0.6705202312138728,1011.2379544616175,316517.4797464863,71.94232818300162,213,0.6805111821086262,18.030785966914614,1.3071965338591771,False,False,2,28,31,16,56.08396418864808,17554.280791046847,7.488922765568361,16,16,0,296.0453157544917,18.50283329510924,5477.676811261057,48,0.1756232055093152,0.0091059828634137,0.0551202378966553,0.0382936799710714,False,False,True,False,True,primitive_full_verified,-7.105427357601002e-15
hexc_00276,277,7103683,7103682,1,7103683,False,2,2.0,0,1,1,1.0,1.0,True,True,1,1,0,15.776123939910772,15.776123939910772,248.88608656742576,1,1,1,,0.0,0.0,0.0,0.0,0,0.0,0.0,0.0,1.0,0.5,1.0,0.0,0.0,0.0,0,0.0,inf,inf,False,False,1,0,1,0,0.0,0.0,0.0,1,1,0,15.776123939910772,15.776123939910772,248.88608656742576,1,0.0,9.135652321072365e-16,0.0630902209402763,0.0620877369564192,False,False,True,True,False,sign_inconsistent_positive_harmless,0.0
hexc_00277,278,30401417,30401416,1,30401417,False,2,2.0,0,1,1,1.0,1.0,True,True,1,1,0,17.229999777132257,17.229999777132257,296.8728923199776,1,1,1,,0.0,0.0,0.0,0.0,0,0.0,0.0,0.0,1.0,0.5,1.0,0.0,0.0,0.0,0,0.0,inf,inf,False,False,1,0,1,0,0.0,0.0,0.0,1,1,0,17.229999777132257,17.229999777132257,296.8728923199776,1,0.0,1.5317914253899786e-15,0.0591615064749945,0.0569491191331462,False,False,True,True,False,sign_inconsistent_positive_harmless,0.0
hexc_00278,279,40863643,40862800,843,40863643,False,36,0.042704626334519574,0,843,148,24.085714285714285,6.0,True,True,48,48,0,841.2355446966441,17.525751301480234,14743.275867940427,7,843,48,17.78723404255319,10.68115061155401,9004.20996554003,48.95968439257592,15.81508594624838,390,0.4626334519572954,56.0,19.479166666666668,10.0,4.027777777777778,0.4772994897291639,595.005686048604,501589.79333897325,56.94300301219164,663,0.7864768683274022,55.706141378155905,1.1630590294578427,False,False,5,28,31,5,10.68115061155401,9004.20996554003,3.268202963641336,48,48,0,841.2355446966442,17.525751301480234,14743.275867940429,48,0.104343618565645,0.0054947698464153,0.0829200752976066,0.0749037015573616,False,False,True,False,True,primitive_full_verified,0.0
hexc_00279,280,33913261,33913260,1,33913261,False,2,2.0,0,1,1,1.0,1.0,True,True,1,1,0,17.339316675800756,17.339316675800756,300.65190278370216,1,1,1,,0.0,0.0,0.0,0.0,0,0.0,0.0,0.0,1.0,0.5,1.0,0.0,0.0,0.0,0,0.0,inf,inf,False,False,1,0,1,0,0.0,0.0,0.0,1,1,0,17.339316675800756,17.339316675800756,300.65190278370216,1,0.0,1.5125377444014474e-15,0.058191274874661,0.0565969031070541,False,False,True,True,False,sign_inconsistent_positive_harmless,0.0
hexc_00280,281,108810601,108810600,1,108810601,False,2,2.0,0,1,1,1.0,1.0,True,True,1,1,0,18.505119323301336,18.505119323301336,342.4394411696205,1,1,1,,0.0,0.0,0.0,0.0,0,0.0,0.0,0.0,1.0,0.5,1.0,0.0,0.0,0.0,0,0.0,inf,inf,False,False,1,0,1,0,0.0,0.0,0.0,1,1,0,18.505119323301336,18.505119323301336,342.4394411696205,1,0.0,0.0,0.0544870044829864,0.0530948456059851,False,False,True,True,False,sign_inconsistent_positive_harmless,0.0
hexc_00281,282,1512877,1512876,1,1512877,False,2,2.0,0,1,1,1.0,1.0,True,True,1,1,0,14.229523694026316,14.229523694026316,202.47934455885633,1,1,1,,0.0,0.0,0.0,0.0,0,0.0,0.0,0.0,1.0,0.5,1.0,0.0,0.0,0.0,0,0.0,inf,inf,False,False,1,0,1,0,0.0,0.0,0.0,1,1,0,14.229523694026316,14.229523694026316,202.47934455885635,1,0.0,0.0,0.0708017239099497,0.0686794678208969,False,False,True,True,False,sign_inconsistent_positive_harmless,0.0
hexc_00282,283,17591999,17591998,1,17591999,False,2,2.0,0,1,1,1.0,1.0,True,True,1,1,0,16.682954754372712,16.682954754372712,278.32097933644707,1,1,1,,0.0,0.0,0.0,0.0,0,0.0,0.0,0.0,1.0,0.5,1.0,0.0,0.0,0.0,0,0.0,inf,inf,False,False,1,0,1,0,0.0,0.0,0.0,1,1,0,16.682954754372712,16.682954754372712,278.32097933644707,1,0.0,0.0,0.0606328476734683,0.0587796318063267,False,False,True,True,False,sign_inconsistent_positive_harmless,0.0
hexc_00283,284,30400757,30400756,1,30400757,False,2,2.0,0,1,1,1.0,1.0,True,True,1,1,0,17.229978067382206,17.229978067382206,296.8721442024719,1,1,1,,0.0,0.0,0.0,0.0,0,0.0,0.0,0.0,1.0,0.5,1.0,0.0,0.0,0.0,0,0.0,inf,inf,False,False,1,0,1,0,0.0,0.0,0.0,1,1,0,17.229978067382206,17.229978067382206,296.8721442024719,1,0.0,0.0,0.0592359497084479,0.0569491895165871,False,False,True,True,False,sign_inconsistent_positive_harmless,0.0
hexc_00284,285,187503637,187502433,1204,187503637,False,38,0.03156146179401993,0,1204,221,32.54054054054054,6.0,True,True,57,57,0,1085.8104167368285,19.049308800519945,20683.93440516169,4,1204,116,21.428571428571427,26.378514641995505,31759.73162896259,65.96057527117887,28.90990161326201,983,0.8164451827242525,101.0,27.31578947368421,38.0,6.605263157894737,0.4396112910689496,1106.643391896619,1332398.6438435293,91.54424220430928,1018,0.845514950166113,41.95245285474886,1.3878630049533403,False,False,4,33,34,10,26.378514641995505,31759.73162896259,5.136001814835691,57,57,0,1085.8104167368283,19.049308800519945,20683.93440516169,116,0.192098670000002,0.0052601195003006,0.0793621467961531,0.0665835810014716,False,False,True,False,True,primitive_full_verified,0.0
hexc_00285,286,1188899,1188898,1,1188899,False,2,2.0,0,1,1,1.0,1.0,True,True,1,1,0,13.988538226732647,13.988538226732647,195.67920172076055,1,1,1,,0.0,0.0,0.0,0.0,0,0.0,0.0,0.0,1.0,0.5,1.0,0.0,0.0,0.0,0,0.0,inf,inf,False,False,1,0,1,0,0.0,0.0,0.0,1,1,0,13.988538226732649,13.988538226732649,195.67920172076052,1,0.0,0.0,0.0732650773543473,0.0698346479419578,False,False,True,True,False,sign_inconsistent_positive_harmless,0.0
hexc_00286,287,108554851,108554850,1,108554851,False,2,2.0,0,1,1,1.0,1.0,True,True,1,1,0,18.50276614237342,18.50276614237342,342.3523549193602,1,1,1,,0.0,0.0,0.0,0.0,0,0.0,0.0,0.0,1.0,0.5,1.0,0.0,0.0,0.0,0,0.0,inf,inf,False,False,1,0,1,0,0.0,0.0,0.0,1,1,0,18.50276614237342,18.50276614237342,342.3523549193602,1,0.0,0.0,0.0546923953449301,0.0531014781004076,False,False,True,True,False,sign_inconsistent_positive_harmless,0.0
hexc_00287,288,108533687,108533470,3,108533687,False,4,1.3333333333333333,0,3,1,1.0,1.0,True,True,2,2,0,37.005138362130026,18.50256919027876,684.6901326001935,1,3,2,2.0,25.358893800007166,76.0766814000215,6.167523069568752,4.361097379101431,2,0.6666666666666666,0.0,0.0,1.0,0.5,1.0,25.358893800007166,76.0766814000215,6.167523069568752,2,0.6666666666666666,1.0,1.0,False,False,2,2,2,2,25.358893800007166,76.0766814000215,5.0357614915727655,2,2,0,37.005138362130026,18.50256919027876,684.6901326001935,2,0.4999999985060862,0.010219488903672,0.06296609300304,0.0613169333288047,False,False,True,True,False,sign_inconsistent_positive_harmless,0.0
hexc_00288,289,187420763,187420762,1,187420763,False,2,2.0,0,1,1,1.0,1.0,True,True,1,1,0,19.04886671672199,19.04886671672199,362.85932319143876,1,1,1,,0.0,0.0,0.0,0.0,0,0.0,0.0,0.0,1.0,0.5,1.0,0.0,0.0,0.0,0,0.0,inf,inf,False,False,1,0,1,0,0.0,0.0,0.0,1,1,0,19.04886671672199,19.04886671672199,362.8593231914388,1,0.0,2.506466400735398e-15,0.0528698455510337,0.0516054444654362,False,False,True,True,False,sign_inconsistent_positive_harmless,0.0
hexc_00289,290,1200061,1200060,1,1200061,False,2,2.0,0,1,1,1.0,1.0,True,True,1,1,0,13.997882946799592,13.997882946799592,195.94072699230284,1,1,1,,0.0,0.0,0.0,0.0,0,0.0,0.0,0.0,1.0,0.5,1.0,0.0,0.0,0.0,0,0.0,inf,inf,False,False,1,0,1,0,0.0,0.0,0.0,1,1,0,13.997882946799592,13.997882946799592,195.94072699230284,1,0.0,0.0,0.0734962713434768,0.0697891300685882,False,False,True,True,False,sign_inconsistent_positive_harmless,0.0
hexc_00290,291,22052747,22052746,1,22052747,False,2,2.0,0,1,1,1.0,1.0,True,True,1,1,0,16.908947732596488,16.908947732596488,285.9125134236799,1,1,1,,0.0,0.0,0.0,0.0,0,0.0,0.0,0.0,1.0,0.5,1.0,0.0,0.0,0.0,0,0.0,inf,inf,False,False,1,0,1,0,0.0,0.0,0.0,1,1,0,16.908947732596488,16.908947732596488,285.9125134236799,1,0.0,0.0,0.0591697378973292,0.058009345127958,False,False,True,True,False,sign_inconsistent_positive_harmless,0.0
hexc_00291,292,1196119,1196118,1,1196119,False,2,2.0,0,1,1,1.0,1.0,True,True,1,1,0,13.994592706870844,13.994592706870844,195.8486250312026,1,1,1,,0.0,0.0,0.0,0.0,0,0.0,0.0,0.0,1.0,0.5,1.0,0.0,0.0,0.0,0,0.0,inf,inf,False,False,1,0,1,0,0.0,0.0,0.0,1,1,0,13.994592706870844,13.994592706870844,195.8486250312026,1,0.0,0.0,0.072507583675384,0.0698051499707627,False,False,True,True,False,sign_inconsistent_positive_harmless,0.0
hexc_00292,293,179406523,179405418,1105,179406523,False,38,0.034389140271493215,0,1105,200,29.864864864864863,5.0,True,True,53,53,0,1007.2735741336741,19.005164867017143,19143.39722920821,1,1105,80,21.23076923076923,17.927376982656103,19809.751565834995,47.00556211813938,22.832197698261545,406,0.36742081447963804,96.0,27.20754716981132,17.0,4.7631578947368425,0.43830526757356025,454.1786358140485,501867.3925745236,55.07200548050298,394,0.3565610859728507,25.334360751907266,1.1716061461426661,False,False,3,36,35,7,17.927376982656103,19809.751565834995,4.234073332224668,53,53,0,1007.2735741336744,19.005164867017143,19143.39722920821,80,0.2359374771814555,0.0039139147599851,0.0771394318911972,0.0649638467600302,False,False,True,False,True,primitive_full_verified,0.0
hexc_00293,294,40836767,40836766,1,40836767,False,2,2.0,0,1,1,1.0,1.0,True,True,1,1,0,17.525093385541517,17.525093385541517,307.12889817195105,1,1,1,,0.0,0.0,0.0,0.0,0,0.0,0.0,0.0,1.0,0.5,1.0,0.0,0.0,0.0,0,0.0,inf,inf,False,False,1,0,1,0,0.0,0.0,0.0,1,1,0,17.525093385541517,17.525093385541517,307.12889817195105,1,0.0,0.0,0.0575917731273201,0.0560082213784741,False,False,True,True,False,sign_inconsistent_positive_harmless,0.0
hexc_00294,295,30775879,30775878,1,30775879,False,2,2.0,0,1,1,1.0,1.0,True,True,1,1,0,17.242241791771498,17.242241791771498,297.2949020059116,1,1,1,,0.0,0.0,0.0,0.0,0,0.0,0.0,0.0,1.0,0.5,1.0,0.0,0.0,0.0,0,0.0,inf,inf,False,False,1,0,1,0,0.0,0.0,0.0,1,1,0,17.242241791771498,17.242241791771498,297.2949020059116,1,0.0,0.0,0.0597981788803012,0.0569094579577928,False,False,True,True,False,sign_inconsistent_positive_harmless,0.0
hexc_00295,296,12422077,12422076,1,12422077,False,2,2.0,0,1,1,1.0,1.0,True,True,1,1,0,16.334985850761935,16.334985850761935,266.83176274459265,1,1,1,,0.0,0.0,0.0,0.0,0,0.0,0.0,0.0,1.0,0.5,1.0,0.0,0.0,0.0,0,0.0,inf,inf,False,False,1,0,1,0,0.0,0.0,0.0,1,1,0,16.334985850761935,16.334985850761935,266.83176274459265,1,0.0,2.556371173032396e-15,0.0608018746772307,0.0600064835650318,False,False,True,True,False,sign_inconsistent_positive_harmless,0.0
hexc_00296,297,604724143,604718720,5423,604724143,True,41,0.007560390927530887,0,5423,1181,135.575,9.5,True,True,254,254,0,5135.950704280222,20.22028295002937,103850.3529007753,11,5423,146,21.391304347826086,7.676155432851411,41627.7909123532,150.77372472128127,31.863960417249288,2595,0.47851742577908907,587.0,162.0748031496063,24.0,6.097560975609756,0.11659540085966809,7847.603197363468,42557552.13930209,198.5934106460336,4829,0.8904665314401623,1022.3351085073549,1.3171619326454347,False,True,2,30,39,4,7.676155432851411,41627.7909123532,2.770587560942879,254,254,0,5135.950704280223,20.22028295002937,103850.3529007753,146,0.0446630297281498,0.0050062983240905,0.1444593757832343,0.1335727555775139,False,False,False,False,True,primitive_full_verified,0.0
hexc_00297,298,30423359,30423255,4,30423359,False,5,1.25,0,4,1,1.0,1.0,True,True,2,2,0,34.46143587930455,17.230717972521866,593.7952814317096,2,4,2,2.0,37.112205231073496,148.44882092429398,8.615359002695726,5.448831451316768,3,0.75,0.0,0.0,2.0,0.8,1.0,37.112205231073496,148.44882092429398,8.615359002695726,3,0.75,1.0,1.0,False,False,2,2,3,2,37.112205231073496,148.44882092429398,6.091978761541565,2,2,0,34.46143587930455,17.230717972521866,593.7952814317096,2,0.3999999984739074,0.0144182081956392,0.0588683256744303,0.0567047477261971,False,False,True,True,False,sign_inconsistent_positive_harmless,0.0
hexc_00298,299,39651863,39651244,619,39651863,False,36,0.05815831987075929,0,619,104,17.685714285714287,5.0,True,True,34,34,0,594.8517740041707,17.495648491069943,10407.312736350967,3,619,50,18.666666666666668,33.091485037668264,20483.629238316655,43.83800418236229,23.85350500585504,9,0.014539579967689823,46.0,13.735294117647058,17.0,4.5,0.5760968229954615,387.2199600951516,239689.15529889884,48.19068766066266,405,0.654281098546042,11.701498426389039,1.0992901834717106,False,False,6,32,30,2,33.091485037668264,20483.62923831665,5.752519885899419,34,34,0,594.8517740041708,17.495648491069943,10407.312736350968,50,0.2960757636205218,0.0057408280408995,0.0700647985436921,0.0614073830493204,False,False,True,False,True,primitive_full_verified,0.0
hexc_00299,300,108555463,108555462,1,108555463,False,2,2.0,0,1,1,1.0,1.0,True,True,1,1,0,18.502771780060442,18.502771780060442,342.35256354500103,1,1,1,,0.0,0.0,0.0,0.0,0,0.0,0.0,0.0,1.0,0.5,1.0,0.0,0.0,0.0,0,0.0,inf,inf,False,False,1,0,1,0,0.0,0.0,0.0,1,1,0,18.50277178006044,18.50277178006044,342.35256354500103,1,0.0,0.0,0.0542277324548623,0.0531014622084794,False,False,True,True,False,sign_inconsistent_positive_harmless,0.0
hexc_00300,301,604360789,604358714,2075,604360789,True,40,0.01927710843373494,0,2075,407,53.205128205128204,6.0,True,True,91,91,0,1839.9908921996534,20.21968191034833,37204.02728986468,17,2075,74,22.866666666666667,10.640194585418717,22078.403764743838,75.29512681196036,23.49383098003806,1078,0.5195180722891566,201.0,61.417582417582416,19.0,7.675,0.27130415131075725,1934.569862937239,4014232.465594771,108.11434851396598,1155,0.5566265060240964,181.8171507491382,1.4358744462170479,False,True,2,25,38,3,10.640194585418715,22078.40376474384,3.2619311129174258,91,91,0,1839.990892199654,20.21968191034833,37204.02728986468,74,0.0973585151958985,0.0040411722714955,0.0905498237696835,0.0759245923608201,False,False,False,False,True,primitive_full_verified,1.7763568394002505e-15
hexc_00301,302,30848879,30848878,1,30848879,False,2,2.0,0,1,1,1.0,1.0,True,True,1,1,0,17.24461097054039,17.24461097054039,297.37660752528194,1,1,1,,0.0,0.0,0.0,0.0,0,0.0,0.0,0.0,1.0,0.5,1.0,0.0,0.0,0.0,0,0.0,inf,inf,False,False,1,0,1,0,0.0,0.0,0.0,1,1,0,17.24461097054039,17.24461097054039,297.37660752528194,1,0.0,1.5291967807111497e-15,0.0591459350334649,0.0569017887666288,False,False,True,True,False,sign_inconsistent_positive_harmless,0.0
hexc_00302,303,155849,155848,1,155849,False,2,2.0,0,1,1,1.0,1.0,True,True,1,1,0,11.956642868748848,11.956642868748848,142.96130869080267,1,1,1,,0.0,0.0,0.0,0.0,0,0.0,0.0,0.0,1.0,0.5,1.0,0.0,0.0,0.0,0,0.0,inf,inf,False,False,1,0,1,0,0.0,0.0,0.0,1,1,0,11.956642868748848,11.956642868748848,142.96130869080267,1,0.0,0.0,0.0823330539773264,0.081373715100142,False,False,True,True,False,sign_inconsistent_positive_harmless,0.0
hexc_00303,304,604870961,604869251,1710,604870961,True,36,0.021052631578947368,0,1710,328,48.857142857142854,7.0,True,True,75,75,0,1516.539314193056,20.220525705642775,30665.21988657529,2,1710,90,23.08108108108108,45.488075748826134,77784.60953049269,108.90702285157158,46.48315391697557,1382,0.808187134502924,160.0,36.053333333333335,19.0,4.611111111111111,0.3903155431510439,3704.4680363368107,6334640.342135946,127.70856711107399,1452,0.8491228070175438,81.43822255291616,1.1726384926078355,False,True,8,33,28,1,45.48807574882613,77784.60953049269,6.744484839394787,75,75,0,1516.5393141930556,20.22052570564277,30665.21988657529,90,0.1821710674148219,0.0064493327137434,0.084228112951883,0.0689304006027278,False,False,False,False,True,primitive_full_verified,7.105427357601002e-15
hexc_00304,305,30386821,30386676,13,30386821,False,12,0.9230769230769231,0,13,2,1.1818181818181819,1.0,True,True,4,4,0,68.9180601763964,17.229515208644855,1187.4247546193487,1,13,6,4.0,73.9100313047598,960.8304069618773,18.554862618456866,8.948139503838574,10,0.7692307692307693,0.0,0.0,3.0,1.0,1.0,98.36655018928595,1278.7651524607172,18.554862618456866,10,0.7692307692307693,1.3308957992952595,1.0,False,False,4,10,8,6,73.9100313047598,960.8304069618772,8.597094352440235,4,4,0,68.9180601763964,17.229515208644855,1187.4247546193487,6,0.2325680257419223,0.0172880108593613,0.0656901337841472,0.0619776393332608,False,False,True,True,False,sign_inconsistent_positive_harmless,0.0
hexc_00305,306,17997751,17997750,1,17997751,False,2,2.0,0,1,1,1.0,1.0,True,True,1,1,0,16.705757363609788,16.705757363609788,279.08232909180265,1,1,1,,0.0,0.0,0.0,0.0,0,0.0,0.0,0.0,1.0,0.5,1.0,0.0,0.0,0.0,0,0.0,inf,inf,False,False,1,0,1,0,0.0,0.0,0.0,1,1,0,16.705757363609788,16.705757363609788,279.08232909180265,1,0.0,0.0,0.0614815788836374,0.058700983870679,False,False,True,True,False,sign_inconsistent_positive_harmless,0.0
hexc_00306,307,17642591,17642590,1,17642591,False,2,2.0,0,1,1,1.0,1.0,True,True,1,1,0,16.68582647984297,16.68582647984297,278.4168053154288,1,1,1,,0.0,0.0,0.0,0.0,0,0.0,0.0,0.0,1.0,0.5,1.0,0.0,0.0,0.0,0,0.0,inf,inf,False,False,1,0,1,0,0.0,0.0,0.0,1,1,0,16.68582647984297,16.68582647984297,278.4168053154288,1,0.0,0.0,0.0615114980157123,0.0587697154139291,False,False,True,True,False,sign_inconsistent_positive_harmless,0.0
hexc_00307,308,2275513,2275512,1,2275513,False,2,2.0,0,1,1,1.0,1.0,True,True,1,1,0,14.637716079452618,14.637716079452618,214.26273202266572,1,1,1,,0.0,0.0,0.0,0.0,0,0.0,0.0,0.0,1.0,0.5,1.0,0.0,0.0,0.0,0,0.0,inf,inf,False,False,1,0,1,0,0.0,0.0,0.0,1,1,0,14.637716079452618,14.637716079452618,214.2627320226657,1,0.0,0.0,0.0691152327817433,0.0668075398802362,False,False,True,True,False,sign_inconsistent_positive_harmless,0.0
hexc_00308,309,108834839,108833866,973,108834839,False,38,0.03905447070914697,0,973,174,26.2972972972973,5.0,True,True,48,48,0,888.2562032219333,18.505342052526448,16437.48088671373,1,973,62,20.680851063829788,8.493121555332667,8263.807273338685,36.21192950148742,14.746817027965092,364,0.37410071942446044,78.0,25.291666666666668,23.0,5.894736842105263,0.4498524789324488,426.8559699673374,415330.85877821926,52.79628913061197,753,0.7738951695786228,50.25902045394873,1.4579805566130726,False,False,2,36,36,8,8.493121555332667,8263.807273338685,2.9142960651472367,48,48,0,888.2562032219337,18.505342052526448,16437.48088671373,62,0.1658415129413209,0.0033723912730158,0.0759633517847871,0.0644369918839945,False,False,True,False,True,primitive_full_verified,0.0
hexc_00309,310,3459473,3459472,1,3459473,False,2,2.0,0,1,1,1.0,1.0,True,True,1,1,0,15.056626823294508,15.056626823294508,226.70201129595165,1,1,1,,0.0,0.0,0.0,0.0,0,0.0,0.0,0.0,1.0,0.5,1.0,0.0,0.0,0.0,0,0.0,inf,inf,False,False,1,0,1,0,0.0,0.0,0.0,1,1,0,15.056626823294508,15.056626823294508,226.70201129595165,1,0.0,0.0,0.0675533283624984,0.0649896164311518,False,False,True,True,False,sign_inconsistent_positive_harmless,0.0
hexc_00310,311,1516759,1516758,1,1516759,False,2,2.0,0,1,1,1.0,1.0,True,True,1,1,0,14.232086379526844,14.232086379526844,202.55228271431352,1,1,1,,0.0,0.0,0.0,0.0,0,0.0,0.0,0.0,1.0,0.5,1.0,0.0,0.0,0.0,0,0.0,inf,inf,False,False,1,0,1,0,0.0,0.0,0.0,1,1,0,14.232086379526844,14.232086379526844,202.55228271431352,1,0.0,0.0,0.0704701582316363,0.0686673886274796,False,False,True,True,False,sign_inconsistent_positive_harmless,0.0
hexc_00311,312,12785933,12785932,1,12785933,False,2,2.0,0,1,1,1.0,1.0,True,True,1,1,0,16.363856140188712,16.363856140188712,267.77578777679184,1,1,1,,0.0,0.0,0.0,0.0,0,0.0,0.0,0.0,1.0,0.5,1.0,0.0,0.0,0.0,0,0.0,inf,inf,False,False,1,0,1,0,0.0,0.0,0.0,1,1,0,16.363856140188712,16.363856140188712,267.77578777679184,1,0.0,2.5473588631481777e-15,0.0626516042594357,0.0599027500147229,False,False,True,True,False,sign_inconsistent_positive_harmless,0.0
hexc_00312,313,33868273,33868272,1,33868273,False,2,2.0,0,1,1,1.0,1.0,True,True,1,1,0,17.33798923441809,17.33798923441809,300.60587069279757,1,1,1,,0.0,0.0,0.0,0.0,0,0.0,0.0,0.0,1.0,0.5,1.0,0.0,0.0,0.0,0,0.0,inf,inf,False,False,1,0,1,0,0.0,0.0,0.0,1,1,0,17.33798923441809,17.33798923441809,300.6058706927976,1,0.0,0.0,0.0584495095176475,0.0566011539635097,False,False,True,True,False,sign_inconsistent_positive_harmless,0.0
hexc_00313,314,30402367,30402366,1,30402367,False,2,2.0,0,1,1,1.0,1.0,True,True,1,1,0,17.23003102518748,17.23003102518748,296.8739691289231,1,1,1,,0.0,0.0,0.0,0.0,0,0.0,0.0,0.0,1.0,0.5,1.0,0.0,0.0,0.0,0,0.0,inf,inf,False,False,1,0,1,0,0.0,0.0,0.0,1,1,0,17.23003102518748,17.23003102518748,296.8739691289231,1,0.0,0.0,0.0585071691732537,0.0569490178266376,False,False,True,True,False,sign_inconsistent_positive_harmless,0.0
hexc_00314,315,33926539,33926350,3,33926539,False,4,1.3333333333333333,0,3,1,1.0,1.0,True,True,2,2,0,34.67940523101436,17.33970264498279,601.3305735884528,1,3,2,2.0,22.271502725498255,66.81450817649477,5.77990090131134,4.08700710106108,2,0.6666666666666666,0.0,0.0,1.0,0.5,1.0,22.271502725498255,66.81450817649477,5.77990090131134,2,0.6666666666666666,1.0,1.0,False,False,2,2,2,2,22.27150272549825,66.81450817649477,4.7192692999550525,2,2,0,34.67940523101436,17.33970264498279,601.3305735884528,2,0.4999999949003254,0.0108918343889229,0.0662381750517639,0.0653510059939369,False,False,True,True,False,sign_inconsistent_positive_harmless,3.552713678800501e-15
hexc_00315,316,604434563,604433380,1183,604434563,True,37,0.03127641589180051,0,1183,217,32.861111111111114,6.0,True,True,48,48,0,970.5505416525366,20.21980397236647,19624.34070629235,7,1183,126,25.02127659574468,11.891139796726414,14067.218379527347,50.79733001336638,19.49859203477464,431,0.3643279797125951,91.0,24.791666666666668,20.0,5.972972972972973,0.5023047215647191,1253.4147498696966,1482789.649095851,83.15244306754869,1057,0.893491124260355,105.40745221200385,1.6369451513626536,False,True,2,30,35,4,11.891139796726414,14067.218379527349,3.4483532006925297,48,48,0,970.5505416525366,20.21980397236647,19624.34070629235,126,0.1473413803083852,0.0036185414675334,0.0706267903397897,0.0517403185429252,False,False,False,False,True,primitive_full_verified,0.0
hexc_00316,317,12783493,12783492,1,12783493,False,2,2.0,0,1,1,1.0,1.0,True,True,1,1,0,16.36366528725307,16.36366528725307,267.7695416332511,1,1,1,,0.0,0.0,0.0,0.0,0,0.0,0.0,0.0,1.0,0.5,1.0,0.0,0.0,0.0,0,0.0,inf,inf,False,False,1,0,1,0,0.0,0.0,0.0,1,1,0,16.36366528725307,16.36366528725307,267.7695416332511,1,0.0,8.49139428093181e-16,0.0614653493746613,0.0599034345893696,False,False,True,True,False,sign_inconsistent_positive_harmless,0.0
hexc_00317,318,30820421,30820420,1,30820421,False,2,2.0,0,1,1,1.0,1.0,True,True,1,1,0,17.24368804772401,17.24368804772401,297.3447774872199,1,1,1,,0.0,0.0,0.0,0.0,0,0.0,0.0,0.0,1.0,0.5,1.0,0.0,0.0,0.0,0,0.0,inf,inf,False,False,1,0,1,0,0.0,0.0,0.0,1,1,0,17.24368804772401,17.24368804772401,297.3447774872199,1,0.0,0.0,0.0586821462517961,0.0569047760842253,False,False,True,True,False,sign_inconsistent_positive_harmless,0.0
hexc_00318,319,109684921,109684920,1,109684921,False,2,2.0,0,1,1,1.0,1.0,True,True,1,1,0,18.51312245909733,18.51312245909733,342.7357031855339,1,1,1,,0.0,0.0,0.0,0.0,0,0.0,0.0,0.0,1.0,0.5,1.0,0.0,0.0,0.0,0,0.0,inf,inf,False,False,1,0,1,0,0.0,0.0,0.0,1,1,0,18.51312245909733,18.51312245909733,342.7357031855339,1,0.0,0.0,0.0544238599579058,0.0530723009742895,False,False,True,True,False,sign_inconsistent_positive_harmless,0.0
hexc_00319,320,604702619,604700469,2150,604702619,True,39,0.01813953488372093,0,2150,423,56.578947368421055,7.0,True,True,94,94,0,1900.7030827618187,20.220247356307322,38432.68307255628,2,2150,84,23.096774193548388,11.316307892147213,24330.061968116508,62.12789593774369,24.976944224068287,299,0.13906976744186048,208.0,59.180851063829785,27.0,7.256410256410256,0.2807175598626943,1033.6431899289157,2222332.8583471687,81.14429537441083,1738,0.8083720930232559,91.34102746057283,1.306084716851233,False,True,4,36,35,8,11.316307892147211,24330.061968116508,3.363972040928285,94,94,0,1900.703082761819,20.22024735630732,38432.68307255628,84,0.1616238011467733,0.0032712471962181,0.0924905344982734,0.076968173203785,False,False,False,False,True,primitive_full_verified,1.7763568394002505e-15
hexc_00320,321,109471171,109470995,14,109471171,False,14,1.0,0,14,2,1.0769230769230769,1.0,True,True,4,4,0,74.0446810191957,18.511170314175377,1370.6536968086102,2,14,6,4.0,36.46418346454122,510.49856850357713,13.222264408337068,6.038558061701586,8,0.5714285714285714,0.0,0.0,3.0,1.1428571428571428,1.0,48.95191769485135,685.3268477279189,13.222264527089969,13,0.9285714285714286,1.3424657580075403,1.0000000089812833,False,False,4,11,10,5,36.46418346454122,510.49856850357713,6.038558061701586,4,4,0,74.0446810191957,18.511170314175377,1370.6536968086102,6,0.2085714295268002,0.0102675552005105,0.0605347509168848,0.0555864061262656,False,False,True,True,False,sign_inconsistent_positive_harmless,0.0
hexc_00321,322,39669379,39669378,1,39669379,False,2,2.0,0,1,1,1.0,1.0,True,True,1,1,0,17.496090138221277,17.496090138221277,306.1131701247638,1,1,1,,0.0,0.0,0.0,0.0,0,0.0,0.0,0.0,1.0,0.5,1.0,0.0,0.0,0.0,0,0.0,inf,inf,False,False,1,0,1,0,0.0,0.0,0.0,1,1,0,17.496090138221277,17.496090138221277,306.1131701247638,1,0.0,0.0,0.0582727770264986,0.0560993179947859,False,False,True,True,False,sign_inconsistent_positive_harmless,0.0
hexc_00322,323,179438351,179438217,4,179438351,False,5,1.25,0,4,1,1.0,1.0,True,True,2,2,0,38.01068305675338,19.00534153394964,722.4060132204793,2,4,2,2.0,45.150375852758884,180.60150341103554,9.502670769761291,6.010016695667917,3,0.75,0.0,0.0,2.0,0.8,1.0,45.150375852758884,180.60150341103554,9.502670769761291,3,0.75,1.0,1.0,False,False,2,2,3,2,45.15037585275888,180.60150341103557,6.719402938711064,2,2,0,38.01068305675338,19.00534153394964,722.4060132204793,2,0.3999999997654155,0.0130795953907561,0.0532141645529486,0.0515226455014222,False,False,True,True,False,sign_inconsistent_positive_harmless,7.105427357601002e-15
hexc_00323,324,109683631,109683630,1,109683631,False,2,2.0,0,1,1,1.0,1.0,True,True,1,1,0,18.51311069806788,18.51311069806788,342.7352677189154,1,1,1,,0.0,0.0,0.0,0.0,0,0.0,0.0,0.0,1.0,0.5,1.0,0.0,0.0,0.0,0,0.0,inf,inf,False,False,1,0,1,0,0.0,0.0,0.0,1,1,0,18.51311069806788,18.51311069806788,342.7352677189154,1,0.0,0.0,0.055032164231841,0.0530723340907695,False,False,True,True,False,sign_inconsistent_positive_harmless,0.0
hexc_00324,325,1190201,1190200,1,1190201,False,2,2.0,0,1,1,1.0,1.0,True,True,1,1,0,13.989632758387462,13.989632758387462,195.70982471454758,1,1,1,,0.0,0.0,0.0,0.0,0,0.0,0.0,0.0,1.0,0.5,1.0,0.0,0.0,0.0,0,0.0,inf,inf,False,False,1,0,1,0,0.0,0.0,0.0,1,1,0,13.989632758387462,13.989632758387462,195.7098247145476,1,0.0,0.0,0.0715945211420518,0.0698293134405508,False,False,True,True,False,sign_inconsistent_positive_harmless,0.0
hexc_00325,326,187501387,187501386,1,187501387,False,2,2.0,0,1,1,1.0,1.0,True,True,1,1,0,19.04929680068071,19.04929680068071,362.8757086004244,1,1,1,,0.0,0.0,0.0,0.0,0,0.0,0.0,0.0,1.0,0.5,1.0,0.0,0.0,0.0,0,0.0,inf,inf,False,False,1,0,1,0,0.0,0.0,0.0,1,1,0,19.04929680068071,19.04929680068071,362.8757086004244,1,0.0,0.0,0.0525393820764277,0.0516042994663513,False,False,True,True,False,sign_inconsistent_positive_harmless,0.0
hexc_00326,327,109497203,109497076,3,109497203,False,4,1.3333333333333333,0,3,1,1.0,1.0,True,True,2,2,0,37.02281684386655,18.511408431065938,685.3444835272442,1,3,2,2.0,25.38312901952757,76.1493870585827,6.170469483110423,4.363180808154262,2,0.6666666666666666,0.0,0.0,1.0,0.5,1.0,25.38312901952757,76.1493870585827,6.170469483110423,2,0.6666666666666666,1.0,1.0,False,False,2,2,2,2,25.38312901952757,76.1493870585827,5.038167228221744,2,2,0,37.02281684386655,18.511408431065934,685.3444835272442,2,0.49999999851994,0.0102146967561249,0.0638594994842023,0.0612881804444233,False,False,True,True,False,sign_inconsistent_positive_harmless,0.0
hexc_00327,328,33489013,33488866,3,33489013,False,4,1.3333333333333333,0,3,1,1.0,1.0,True,True,2,2,0,34.653447286128895,17.326723672925116,600.4307044062571,1,3,2,2.0,22.238174237268776,66.71452271180632,5.7755745775488165,4.083947927918717,2,0.6666666666666666,0.0,0.0,1.0,0.5,1.0,22.238174237268776,66.71452271180632,5.7755745775488165,2,0.6666666666666666,1.0,1.0,False,False,2,2,2,2,22.238174237268776,66.71452271180632,4.715736871080571,2,2,0,34.653447286128895,17.326723672925116,600.4307044062571,2,0.499999994829836,0.0108998394938855,0.0671490711147243,0.0653990366187609,False,False,True,True,False,sign_inconsistent_positive_harmless,0.0
hexc_00328,329,109452269,109452148,3,109452269,False,4,1.3333333333333333,0,3,1,1.0,1.0,True,True,2,2,0,37.021996050826246,18.510998034549534,685.3140957936969,1,3,2,2.0,25.382003547914707,76.14601064374412,6.170332684274122,4.363084076766803,2,0.6666666666666666,0.0,0.0,1.0,0.5,1.0,25.382003547914707,76.14601064374412,6.170332684274122,2,0.6666666666666666,1.0,1.0,False,False,2,2,2,2,25.382003547914707,76.14601064374412,5.038055532436568,2,2,0,37.021996050826246,18.510998034549534,685.3140957936969,2,0.4999999985192995,0.0102149192539583,0.0627535154340644,0.0612895154313816,False,False,True,True,False,sign_inconsistent_positive_harmless,0.0
hexc_00329,330,187419913,187418830,1083,187419913,False,38,0.03508771929824561,0,1083,196,29.27027027027027,6.0,True,True,53,53,0,1009.5895347484437,19.048862181461786,19231.528842897864,7,1083,84,20.692307692307693,21.121907812324093,22875.02616074699,53.4528693984644,24.535166040832834,147,0.13573407202216067,92.0,29.037735849056602,25.0,5.078947368421052,0.41609269203829097,1056.8411240498135,1144558.937345948,76.52960518905547,817,0.7543859649122807,50.035306158905485,1.4317211788681643,False,False,4,30,34,4,21.121907812324093,22875.02616074699,4.595857679729007,53,53,0,1009.5895347484436,19.048862181461782,19231.528842897864,84,0.210686134835309,0.0044724201538576,0.0766870226372487,0.0659092077597731,False,False,True,False,True,primitive_full_verified,0.0
hexc_00330,331,33415939,33415938,1,33415939,False,2,2.0,0,1,1,1.0,1.0,True,True,1,1,0,17.324543559684656,17.324543559684656,300.1398095514111,1,1,1,,0.0,0.0,0.0,0.0,0,0.0,0.0,0.0,1.0,0.5,1.0,0.0,0.0,0.0,0,0.0,inf,inf,False,False,1,0,1,0,0.0,0.0,0.0,1,1,0,17.324543559684656,17.324543559684656,300.1398095514111,1,0.0,1.51511840953764e-15,0.0587411588277256,0.0566442469597574,False,False,True,True,False,sign_inconsistent_positive_harmless,0.0
hexc_00331,332,40835099,40835098,1,40835099,False,2,2.0,0,1,1,1.0,1.0,True,True,1,1,0,17.525052539162417,17.525052539162417,307.12746650040305,1,1,1,,0.0,0.0,0.0,0.0,0,0.0,0.0,0.0,1.0,0.5,1.0,0.0,0.0,0.0,0,0.0,inf,inf,False,False,1,0,1,0,0.0,0.0,0.0,1,1,0,17.525052539162417,17.525052539162417,307.12746650040305,1,0.0,0.0,0.0578586384299054,0.05600834946535,False,False,True,True,False,sign_inconsistent_positive_harmless,0.0
hexc_00332,333,445001,445000,1,445001,False,2,2.0,0,1,1,1.0,1.0,True,True,1,1,0,13.005831808336863,13.005831808336863,169.15166102674692,1,1,1,,0.0,0.0,0.0,0.0,0,0.0,0.0,0.0,1.0,0.5,1.0,0.0,0.0,0.0,0,0.0,inf,inf,False,False,1,0,1,0,0.0,0.0,0.0,1,1,0,13.005831808336865,13.005831808336865,169.15166102674692,1,0.0,0.0,0.0776707266078231,0.0749769861339492,False,False,True,True,False,sign_inconsistent_positive_harmless,0.0
hexc_00333,334,40836461,40836460,1,40836461,False,2,2.0,0,1,1,1.0,1.0,True,True,1,1,0,17.525085892265995,17.525085892265995,307.12863553130063,1,1,1,,0.0,0.0,0.0,0.0,0,0.0,0.0,0.0,1.0,0.5,1.0,0.0,0.0,0.0,0,0.0,inf,inf,False,False,1,0,1,0,0.0,0.0,0.0,1,1,0,17.525085892265995,17.525085892265995,307.12863553130063,1,0.0,0.0,0.0572224328808061,0.0560082448759908,False,False,True,True,False,sign_inconsistent_positive_harmless,0.0
hexc_00334,335,604685377,604682818,2559,604685377,True,39,0.015240328253223915,0,2559,514,67.34210526315789,8.0,True,True,120,120,0,2426.425994675742,20.22021884271192,49062.859230318165,15,2559,68,21.3781512605042,23.952464599081324,61294.35690904911,108.71027879384587,39.64404340068133,1634,0.6385306760453302,250.0,66.55833333333334,24.0,6.435897435897436,0.24310900486010956,4951.523075175907,12670947.549375147,144.97867113790153,1809,0.7069167643610785,206.7229054736112,1.3336243154415388,False,True,4,27,35,4,23.952464599081324,61294.35690904911,4.894125519342687,120,120,0,2426.425994675741,20.22021884271192,49062.859230318165,68,0.132988677369245,0.0052564239415806,0.103142612325526,0.0919002176538831,False,False,False,False,True,primitive_full_verified,0.0
hexc_00335,336,12842771,12842770,1,12842771,False,2,2.0,0,1,1,1.0,1.0,True,True,1,1,0,16.368291642911316,16.368291642911316,267.92097130740046,1,1,1,,0.0,0.0,0.0,0.0,0,0.0,0.0,0.0,1.0,0.5,1.0,0.0,0.0,0.0,0,0.0,inf,inf,False,False,1,0,1,0,0.0,0.0,0.0,1,1,0,16.368291642911316,16.368291642911316,267.92097130740046,1,0.0,1.6973189842787913e-15,0.0614933608736022,0.0598868446154668,False,False,True,True,False,sign_inconsistent_positive_harmless,0.0
hexc_00336,337,3454739,3454738,1,3454739,False,2,2.0,0,1,1,1.0,1.0,True,True,1,1,0,15.055257469638663,15.055257469638663,226.66077747711077,1,1,1,,0.0,0.0,0.0,0.0,0,0.0,0.0,0.0,1.0,0.5,1.0,0.0,0.0,0.0,0,0.0,inf,inf,False,False,1,0,1,0,0.0,0.0,0.0,1,1,0,15.055257469638663,15.055257469638663,226.6607774771108,1,0.0,5.015726099020225e-16,0.0678335682776829,0.0649953978302506,False,False,True,True,False,sign_inconsistent_positive_harmless,0.0
hexc_00337,338,108591737,108591025,712,108591737,False,36,0.05056179775280899,0,712,122,20.34285714285714,4.0,True,True,36,36,0,666.1116878067066,18.503105876013212,12325.132795352909,4,712,60,20.228571428571428,18.801579329553245,13386.72448264191,42.93132706678617,19.28350221954415,231,0.324438202247191,58.0,12.86111111111111,18.0,6.222222222222222,0.6113256421941333,511.06648286807206,363879.3358020673,53.014479263639544,418,0.5870786516853933,27.18210390255635,1.2348670047205275,False,False,2,31,34,13,18.801579329553245,13386.72448264191,4.336078796511111,36,36,0,666.1116878067069,18.50310587601321,12325.132795352907,60,0.2017544849095408,0.0047116498114509,0.0670776998596762,0.0568920636044594,False,False,True,False,True,primitive_full_verified,0.0
hexc_00338,339,108530069,108529950,1,108530069,False,2,2.0,0,1,1,1.0,1.0,True,True,1,1,0,18.50253673893403,18.50253673893403,342.3438657756035,1,1,1,,0.0,0.0,0.0,0.0,0,0.0,0.0,0.0,1.0,0.5,1.0,0.0,0.0,0.0,0,0.0,inf,inf,False,False,1,0,1,0,0.0,0.0,0.0,1,1,0,18.50253673893403,18.50253673893403,342.3438657756035,1,0.0,0.0,0.0549969698681508,0.0531021185270431,False,False,True,True,False,sign_inconsistent_positive_harmless,0.0
hexc_00339,340,40882771,40882770,1,40882771,False,2,2.0,0,1,1,1.0,1.0,True,True,1,1,0,17.526219285319847,17.526219285319847,307.1683624371173,1,1,1,,0.0,0.0,0.0,0.0,0,0.0,0.0,0.0,1.0,0.5,1.0,0.0,0.0,0.0,0,0.0,inf,inf,False,False,1,0,1,0,0.0,0.0,0.0,1,1,0,17.526219285319847,17.526219285319847,307.1683624371173,1,0.0,0.0,0.0576333796617081,0.0560046909904061,False,False,True,True,False,sign_inconsistent_positive_harmless,0.0
hexc_00340,341,7102457,7102456,1,7102457,False,2,2.0,0,1,1,1.0,1.0,True,True,1,1,0,15.775951338485887,15.775951338485887,248.88064063427467,1,1,1,,0.0,0.0,0.0,0.0,0,0.0,0.0,0.0,1.0,0.5,1.0,0.0,0.0,0.0,0,0.0,inf,inf,False,False,1,0,1,0,0.0,0.0,0.0,1,1,0,15.775951338485887,15.775951338485887,248.88064063427467,1,0.0,0.0,0.0646932136535411,0.0620884020312099,False,False,True,True,False,sign_inconsistent_positive_harmless,0.0
hexc_00341,342,40864051,40863879,4,40864051,False,5,1.25,0,4,1,1.0,1.0,True,True,2,2,0,35.051514300365966,17.52575717465447,614.3043273743798,2,4,2,2.0,38.39402056811909,153.57608227247636,8.762878599562981,5.542131039094553,3,0.75,0.0,0.0,2.0,0.8,1.0,38.39402056811909,153.57608227247636,8.762878599562981,3,0.75,1.0,1.0,False,False,2,2,3,2,38.39402056811909,153.57608227247636,6.196290871813483,2,2,0,35.051514300365966,17.52575717465447,614.3043273743798,2,0.3999999988829474,0.014176984271913,0.0574566735917498,0.0557721724135561,False,False,True,True,False,sign_inconsistent_positive_harmless,0.0
hexc_00342,343,1518239,1518238,1,1518239,False,2,2.0,0,1,1,1.0,1.0,True,True,1,1,0,14.233061668549976,14.233061668549976,202.58004446074662,1,1,1,,0.0,0.0,0.0,0.0,0,0.0,0.0,0.0,1.0,0.5,1.0,0.0,0.0,0.0,0,0.0,inf,inf,False,False,1,0,1,0,0.0,0.0,0.0,1,1,0,14.233061668549976,14.233061668549976,202.58004446074665,1,0.0,0.0,0.07170621495335,0.0686627927275693,False,False,True,True,False,sign_inconsistent_positive_harmless,0.0
hexc_00343,344,109597217,109596735,482,109597217,False,36,0.07468879668049792,0,482,78,13.771428571428572,5.0,True,True,22,22,0,407.2710430096557,18.512322539820033,7539.531930644249,2,482,60,22.857142857142858,28.360015092336585,13669.527274506234,46.78008784297418,19.486125601527526,339,0.7033195020746889,32.0,8.909090909090908,25.0,7.222222222222222,0.7195421095666394,761.377464300049,366983.93779262365,67.90410459658705,314,0.6514522821576764,26.846863861711686,1.4515600061402074,False,False,4,33,32,15,28.360015092336585,13669.527274506234,5.325412199289045,22,22,0,407.2710430096557,18.512322539820037,7539.531930644249,60,0.1735117656311146,0.0062528487522781,0.0542204176570948,0.0409556604771101,False,False,True,False,True,primitive_full_verified,0.0
hexc_00344,345,31018529,31018450,3,31018529,False,4,1.3333333333333333,0,3,1,1.0,1.0,True,True,2,2,0,34.500185622358515,17.25009284341813,595.1314039885965,1,3,2,2.0,22.0419038514295,66.1257115542885,5.750030969298628,4.065885867627389,2,0.6666666666666666,0.0,0.0,1.0,0.5,1.0,22.0419038514295,66.1257115542885,5.750030969298628,2,0.6666666666666666,1.0,1.0,False,False,2,2,2,2,22.0419038514295,66.1257115542885,4.694880600337936,2,2,0,34.500185622358515,17.25009284341813,595.1314039885965,2,0.4999999943932692,0.0109473377461031,0.0692098295960013,0.0656840261013088,False,False,True,True,False,sign_inconsistent_positive_harmless,0.0
hexc_00345,346,40845443,40845352,1,40845443,False,2,2.0,0,1,1,1.0,1.0,True,True,1,1,0,17.525303615149454,17.525303615149454,307.13626680317054,1,1,1,,0.0,0.0,0.0,0.0,0,0.0,0.0,0.0,1.0,0.5,1.0,0.0,0.0,0.0,0,0.0,inf,inf,False,False,1,0,1,0,0.0,0.0,0.0,1,1,0,17.525303615149454,17.525303615149454,307.13626680317054,1,0.0,0.0,0.0574305097109247,0.0560075480621169,False,False,True,True,False,sign_inconsistent_positive_harmless,0.0
hexc_00346,347,177979733,177979051,682,177979733,False,36,0.05278592375366569,0,682,116,19.485714285714284,4.0,True,True,33,33,0,626.9068833567122,18.99718024222331,11909.461830303871,6,682,54,21.125,12.294896876800372,8385.119669977854,33.091849200766816,15.261716510036416,88,0.12903225806451613,54.0,15.757575757575758,17.0,6.027777777777778,0.5727636849132176,234.99753859139895,160268.3213193341,44.122468849272025,76,0.11143695014662756,19.113420872591718,1.3333334314919338,False,False,3,29,33,6,12.294896876800372,8385.119669977854,3.5064079735250964,33,33,0,626.9068833567122,18.99718024222331,11909.461830303871,54,0.2126986292998062,0.0034968755719729,0.064256989998171,0.051670881830267,False,False,True,False,True,primitive_full_verified,0.0
hexc_00347,348,12783283,12783282,1,12783283,False,2,2.0,0,1,1,1.0,1.0,True,True,1,1,0,16.363648859683163,16.363648859683163,267.7690040030101,1,1,1,,0.0,0.0,0.0,0.0,0,0.0,0.0,0.0,1.0,0.5,1.0,0.0,0.0,0.0,0,0.0,inf,inf,False,False,1,0,1,0,0.0,0.0,0.0,1,1,0,16.363648859683163,16.363648859683163,267.7690040030101,1,0.0,1.6982822660137025e-15,0.0626209646339798,0.0599034935145176,False,False,True,True,False,sign_inconsistent_positive_harmless,0.0
hexc_00348,349,7051327,7051326,1,7051327,False,2,2.0,0,1,1,1.0,1.0,True,True,1,1,0,15.768726384026337,15.768726384026337,248.65273177428833,1,1,1,,0.0,0.0,0.0,0.0,0,0.0,0.0,0.0,1.0,0.5,1.0,0.0,0.0,0.0,0,0.0,inf,inf,False,False,1,0,1,0,0.0,0.0,0.0,1,1,0,15.768726384026335,15.768726384026335,248.65273177428836,1,0.0,9.144225917840625e-16,0.0640096837074059,0.0621162542989741,False,False,True,True,False,sign_inconsistent_positive_harmless,0.0
hexc_00349,350,178894987,178894798,3,178894987,False,4,1.3333333333333333,0,3,1,1.0,1.0,True,True,2,2,0,38.0046169630778,19.00230848712878,722.1754552551305,1,3,2,2.0,26.747239083523343,80.24171725057003,6.33410283276951,4.478887061831601,2,0.6666666666666666,0.0,0.0,1.0,0.5,1.0,26.747239083523343,80.24171725057003,6.33410283276951,2,0.6666666666666666,1.0,1.0,False,False,2,2,2,2,26.747239083523343,80.24171725057003,5.171773301636813,2,2,0,38.0046169630778,19.00230848712878,722.1754552551305,2,0.499999999117495,0.0099553835702951,0.0624748732312566,0.0597323013681423,False,False,True,True,False,sign_inconsistent_positive_harmless,0.0
hexc_00350,351,33843569,33843568,1,33843569,False,2,2.0,0,1,1,1.0,1.0,True,True,1,1,0,17.337259554044127,17.337259554044127,300.58056884429436,1,1,1,,0.0,0.0,0.0,0.0,0,0.0,0.0,0.0,1.0,0.5,1.0,0.0,0.0,0.0,0,0.0,inf,inf,False,False,1,0,1,0,0.0,0.0,0.0,1,1,0,17.337259554044127,17.337259554044127,300.5805688442944,1,0.0,0.0,0.0573142485737193,0.0566034908858585,False,False,True,True,False,sign_inconsistent_positive_harmless,0.0
hexc_00351,352,109712341,109712340,1,109712341,False,2,2.0,0,1,1,1.0,1.0,True,True,1,1,0,18.513372416639122,18.513372416639122,342.7449582371743,1,1,1,,0.0,0.0,0.0,0.0,0,0.0,0.0,0.0,1.0,0.5,1.0,0.0,0.0,0.0,0,0.0,inf,inf,False,False,1,0,1,0,0.0,0.0,0.0,1,1,0,18.51337241663912,18.51337241663912,342.7449582371743,1,0.0,0.0,0.0539020807162376,0.0530715971584078,False,False,True,True,False,sign_inconsistent_positive_harmless,0.0
hexc_00352,353,179664509,179664508,1,179664509,False,2,2.0,0,1,1,1.0,1.0,True,True,1,1,0,19.00660183085661,19.00660183085661,361.2509131567218,1,1,1,,0.0,0.0,0.0,0.0,0,0.0,0.0,0.0,1.0,0.5,1.0,0.0,0.0,0.0,0,0.0,inf,inf,False,False,1,0,1,0,0.0,0.0,0.0,1,1,0,19.00660183085661,19.00660183085661,361.2509131567218,1,0.0,0.0,0.0530489105874725,0.0517182132568102,False,False,True,True,False,sign_inconsistent_positive_harmless,0.0
hexc_00353,354,30784619,30784618,1,30784619,False,2,2.0,0,1,1,1.0,1.0,True,True,1,1,0,17.242525740093644,17.242525740093644,297.3046938977919,1,1,1,,0.0,0.0,0.0,0.0,0,0.0,0.0,0.0,1.0,0.5,1.0,0.0,0.0,0.0,0,0.0,inf,inf,False,False,1,0,1,0,0.0,0.0,0.0,1,1,0,17.242525740093644,17.242525740093644,297.3046938977919,1,0.0,0.0,0.0583295511087164,0.0569085386889664,False,False,True,True,False,sign_inconsistent_positive_harmless,0.0
hexc_00354,355,33843947,33843946,1,33843947,False,2,2.0,0,1,1,1.0,1.0,True,True,1,1,0,17.337270723016555,17.337270723016555,300.58095612316697,1,1,1,,0.0,0.0,0.0,0.0,0,0.0,0.0,0.0,1.0,0.5,1.0,0.0,0.0,0.0,0,0.0,inf,inf,False,False,1,0,1,0,0.0,0.0,0.0,1,1,0,17.337270723016555,17.337270723016555,300.58095612316697,1,0.0,1.5128947513897902e-15,0.0578346580287957,0.056603455113919,False,False,True,True,False,sign_inconsistent_positive_harmless,0.0
hexc_00355,356,33821677,33821502,7,33821677,False,8,1.1428571428571428,0,7,1,1.0,1.0,True,True,3,3,0,52.00982232048878,17.336607519008222,901.6738726029379,1,7,4,3.0,55.20452323086655,386.43166261606586,12.383291127244423,6.950104878849544,4,0.5714285714285714,0.0,0.0,2.0,0.75,1.0,55.20452323086655,386.43166261606586,12.383291127244423,4,0.5714285714285714,1.0,1.0,False,False,3,6,5,4,55.20452323086655,386.43166261606586,7.429974645371716,3,3,0,52.00982232048878,17.336607519008222,901.673872602938,4,0.3149999973735831,0.0155337822934355,0.0654611569085146,0.0635973076915966,False,False,True,True,False,sign_inconsistent_positive_harmless,0.0
hexc_00356,357,30978317,30978316,1,30978317,False,2,2.0,0,1,1,1.0,1.0,True,True,1,1,0,17.24879806610611,17.24879806610611,297.5210347253059,1,1,1,,0.0,0.0,0.0,0.0,0,0.0,0.0,0.0,1.0,0.5,1.0,0.0,0.0,0.0,0,0.0,inf,inf,False,False,1,0,1,0,0.0,0.0,0.0,1,1,0,17.24879806610611,17.24879806610611,297.5210347253059,1,0.0,0.0,0.058206963587266,0.0568882399079218,False,False,True,True,False,sign_inconsistent_positive_harmless,0.0
hexc_00357,358,2275027,2275026,1,2275027,False,2,2.0,0,1,1,1.0,1.0,True,True,1,1,0,14.63750247842863,14.63750247842863,214.25647880600428,1,1,1,,0.0,0.0,0.0,0.0,0,0.0,0.0,0.0,1.0,0.5,1.0,0.0,0.0,0.0,0,0.0,inf,inf,False,False,1,0,1,0,0.0,0.0,0.0,1,1,0,14.63750247842863,14.63750247842863,214.25647880600428,1,0.0,0.0,0.0701677034244439,0.0668084927615614,False,False,True,True,False,sign_inconsistent_positive_harmless,0.0
hexc_00358,359,109548913,109548912,1,109548913,False,2,2.0,0,1,1,1.0,1.0,True,True,1,1,0,18.511881701546663,18.511881701546663,342.6897641320582,1,1,1,,0.0,0.0,0.0,0.0,0,0.0,0.0,0.0,1.0,0.5,1.0,0.0,0.0,0.0,0,0.0,inf,inf,False,False,1,0,1,0,0.0,0.0,0.0,1,1,0,18.511881701546663,18.511881701546663,342.6897641320582,1,0.0,0.0,0.0540412935367529,0.0530757949033395,False,False,True,True,False,sign_inconsistent_positive_harmless,0.0
hexc_00359,360,33488281,33487676,504,33488281,False,35,0.06944444444444445,0,504,84,14.823529411764707,5.0,True,True,29,29,0,502.4741794889246,17.32670271051645,8706.217277692522,5,491,56,17.357142857142858,13.19336038699594,6649.453635045954,30.218636355332478,13.783482490747451,291,0.5773809523809523,41.0,11.137931034482758,20.0,5.885714285714286,0.6091278416457775,231.0545379522588,116451.48712793844,32.72825327256609,224,0.4444444444444444,17.51294068946969,1.0830486487783146,False,False,2,29,33,5,13.19336038699594,6649.453635045954,3.6322665633177222,29,29,0,502.4741794889246,17.32670271051645,8706.217277692522,56,0.2080502264352983,0.0045249017385928,0.0702213435707402,0.0592280253357018,False,False,True,False,True,primitive_full_verified,0.0
hexc_00360,361,33862799,33862647,4,33862799,False,5,1.25,0,4,1,1.0,1.0,True,True,2,2,0,34.67564639008905,17.337823224575587,601.2002262852478,2,4,2,2.0,37.57501427082908,150.30005708331632,8.668911627053326,5.482701105902388,3,0.75,0.0,0.0,2.0,0.8,1.0,37.57501427082908,150.30005708331632,8.668911627053326,3,0.75,1.0,1.0,False,False,2,2,3,2,37.57501427082908,150.30005708331632,6.129846186555506,2,2,0,34.67564639008905,17.337823224575587,601.2002262852478,2,0.3999999986373808,0.0143296944521975,0.0585493445209605,0.05636261671122,False,False,True,True,False,sign_inconsistent_positive_harmless,0.0
hexc_00361,362,3441017,3441016,1,3441017,False,2,2.0,0,1,1,1.0,1.0,True,True,1,1,0,15.051277625191709,15.051277625191709,226.54095815059657,1,1,1,,0.0,0.0,0.0,0.0,0,0.0,0.0,0.0,1.0,0.5,1.0,0.0,0.0,0.0,0,0.0,inf,inf,False,False,1,0,1,0,0.0,0.0,0.0,1,1,0,15.051277625191709,15.051277625191709,226.54095815059657,1,0.0,5.018378956711261e-16,0.0664152882950914,0.0650122065361843,False,False,True,True,False,sign_inconsistent_positive_harmless,0.0
hexc_00362,363,17998027,17998026,1,17998027,False,2,2.0,0,1,1,1.0,1.0,True,True,1,1,0,16.70577269874159,16.70577269874159,279.08284146201987,1,1,1,,0.0,0.0,0.0,0.0,0,0.0,0.0,0.0,1.0,0.5,1.0,0.0,0.0,0.0,0,0.0,inf,inf,False,False,1,0,1,0,0.0,0.0,0.0,1,1,0,16.70577269874159,16.70577269874159,279.08284146201987,1,0.0,3.258870007946012e-15,0.0607228067308972,0.0587009310494316,False,False,True,True,False,sign_inconsistent_positive_harmless,0.0
hexc_00363,364,12783557,12783556,1,12783557,False,2,2.0,0,1,1,1.0,1.0,True,True,1,1,0,16.36367029369691,16.36367029369691,267.7697054808187,1,1,1,,0.0,0.0,0.0,0.0,0,0.0,0.0,0.0,1.0,0.5,1.0,0.0,0.0,0.0,0,0.0,inf,inf,False,False,1,0,1,0,0.0,0.0,0.0,1,1,0,16.36367029369691,16.36367029369691,267.7697054808187,1,0.0,0.0,0.0625314742892232,0.059903416631445,False,False,True,True,False,sign_inconsistent_positive_harmless,0.0
hexc_00364,365,1196653,1196652,1,1196653,False,2,2.0,0,1,1,1.0,1.0,True,True,1,1,0,13.995039051118322,13.995039051118322,195.86111804232684,1,1,1,,0.0,0.0,0.0,0.0,0,0.0,0.0,0.0,1.0,0.5,1.0,0.0,0.0,0.0,0,0.0,inf,inf,False,False,1,0,1,0,0.0,0.0,0.0,1,1,0,13.995039051118322,13.995039051118322,195.86111804232684,1,0.0,0.0,0.071617662491785,0.0698029763271531,False,False,True,True,False,sign_inconsistent_positive_harmless,0.0
hexc_00365,366,178000301,178000300,1,178000301,False,2,2.0,0,1,1,1.0,1.0,True,True,1,1,0,18.997295799266166,18.997295799266166,360.8972476848159,1,1,1,,0.0,0.0,0.0,0.0,0,0.0,0.0,0.0,1.0,0.5,1.0,0.0,0.0,0.0,0,0.0,inf,inf,False,False,1,0,1,0,0.0,0.0,0.0,1,1,0,18.99729579926617,18.99729579926617,360.8972476848159,1,0.0,0.0,0.0530150818740687,0.0517431093034384,False,False,True,True,False,sign_inconsistent_positive_harmless,0.0
hexc_00366,367,444929,444928,1,444929,False,2,2.0,0,1,1,1.0,1.0,True,True,1,1,0,13.005669997857035,13.005669997857035,169.14745209315862,1,1,1,,0.0,0.0,0.0,0.0,0,0.0,0.0,0.0,1.0,0.5,1.0,0.0,0.0,0.0,0,0.0,inf,inf,False,False,1,0,1,0,0.0,0.0,0.0,1,1,0,13.005669997857035,13.005669997857035,169.14745209315862,1,0.0,0.0,0.0781852146270972,0.0749778951791259,False,False,True,True,False,sign_inconsistent_positive_harmless,0.0
hexc_00367,368,108530371,108530370,1,108530371,False,2,2.0,0,1,1,1.0,1.0,True,True,1,1,0,18.50254060882601,18.50254060882601,342.34400898125557,1,1,1,,0.0,0.0,0.0,0.0,0,0.0,0.0,0.0,1.0,0.5,1.0,0.0,0.0,0.0,0,0.0,inf,inf,False,False,1,0,1,0,0.0,0.0,0.0,1,1,0,18.50254060882601,18.50254060882601,342.3440089812556,1,0.0,0.0,0.0550780849806609,0.053102113858876,False,False,True,True,False,sign_inconsistent_positive_harmless,0.0
hexc_00368,369,33877069,33877068,1,33877069,False,2,2.0,0,1,1,1.0,1.0,True,True,1,1,0,17.33824891278976,17.33824891278976,300.61487536185524,1,1,1,,0.0,0.0,0.0,0.0,0,0.0,0.0,0.0,1.0,0.5,1.0,0.0,0.0,0.0,0,0.0,inf,inf,False,False,1,0,1,0,0.0,0.0,0.0,1,1,0,17.33824891278976,17.33824891278976,300.61487536185524,1,0.0,0.0,0.0580315698450999,0.0566003223470189,False,False,True,True,False,sign_inconsistent_positive_harmless,0.0
hexc_00369,370,179411909,179411668,3,179411909,False,4,1.3333333333333333,0,3,1,1.0,1.0,True,True,2,2,0,38.01038711128105,19.0051935612143,722.3947641747202,1,3,2,2.0,26.755361636100748,80.26608490830225,6.3350645241206145,4.479567080318763,2,0.6666666666666666,0.0,0.0,1.0,0.5,1.0,26.755361636100748,80.26608490830225,6.3350645241206145,2,0.6666666666666666,1.0,1.0,False,False,2,2,2,2,26.755361636100748,80.26608490830225,5.172558519350047,2,2,0,38.01038711128105,19.0051935612143,722.3947641747202,2,0.499999999120171,0.0099538981554082,0.0609062405598658,0.0597233888789916,False,False,True,True,False,sign_inconsistent_positive_harmless,0.0
hexc_00370,371,30801703,30801702,1,30801703,False,2,2.0,0,1,1,1.0,1.0,True,True,1,1,0,17.243080538623037,17.243080538623037,297.3238264614405,1,1,1,,0.0,0.0,0.0,0.0,0,0.0,0.0,0.0,1.0,0.5,1.0,0.0,0.0,0.0,0,0.0,inf,inf,False,False,1,0,1,0,0.0,0.0,0.0,1,1,0,17.243080538623037,17.243080538623037,297.3238264614405,1,0.0,0.0,0.0590182314704876,0.0569067426414861,False,False,True,True,False,sign_inconsistent_positive_harmless,0.0
hexc_00371,372,179380241,179380240,1,179380241,False,2,2.0,0,1,1,1.0,1.0,True,True,1,1,0,19.005018362169785,19.005018362169785,361.1907229464107,1,1,1,,0.0,0.0,0.0,0.0,0,0.0,0.0,0.0,1.0,0.5,1.0,0.0,0.0,0.0,0,0.0,inf,inf,False,False,1,0,1,0,0.0,0.0,0.0,1,1,0,19.005018362169785,19.005018362169785,361.1907229464107,1,0.0,0.0,0.0524959052411155,0.0517224477549528,False,False,True,True,False,sign_inconsistent_positive_harmless,0.0
hexc_00372,373,1198289,1198288,1,1198289,False,2,2.0,0,1,1,1.0,1.0,True,True,1,1,0,13.996405263957273,13.996405263957273,195.89936031293087,1,1,1,,0.0,0.0,0.0,0.0,0,0.0,0.0,0.0,1.0,0.5,1.0,0.0,0.0,0.0,0,0.0,inf,inf,False,False,1,0,1,0,0.0,0.0,0.0,1,1,0,13.996405263957271,13.996405263957271,195.89936031293087,1,0.0,0.0,0.0723746919761434,0.0697963238732166,False,False,True,True,False,sign_inconsistent_positive_harmless,0.0
hexc_00373,374,30339893,30339892,1,30339893,False,2,2.0,0,1,1,1.0,1.0,True,True,1,1,0,17.22797400518101,17.22797400518101,296.80308832319264,1,1,1,,0.0,0.0,0.0,0.0,0,0.0,0.0,0.0,1.0,0.5,1.0,0.0,0.0,0.0,0,0.0,inf,inf,False,False,1,0,1,0,0.0,0.0,0.0,1,1,0,17.22797400518101,17.22797400518101,296.80308832319264,1,0.0,0.0,0.0584872273607094,0.0569556874751023,False,False,True,True,False,sign_inconsistent_positive_harmless,0.0
hexc_00374,375,33866071,33866070,1,33866071,False,2,2.0,0,1,1,1.0,1.0,True,True,1,1,0,17.337924215703186,17.337924215703186,300.60361610946694,1,1,1,,0.0,0.0,0.0,0.0,0,0.0,0.0,0.0,1.0,0.5,1.0,0.0,0.0,0.0,0,0.0,inf,inf,False,False,1,0,1,0,0.0,0.0,0.0,1,1,0,17.337924215703186,17.337924215703186,300.60361610946694,1,0.0,0.0,0.0578606794756717,0.0566013621888936,False,False,True,True,False,sign_inconsistent_positive_harmless,0.0
hexc_00375,376,15937,15936,1,15937,False,2,2.0,0,1,1,1.0,1.0,True,True,1,1,0,9.676398728859633,9.676398728859633,93.63269235987632,1,1,1,,0.0,0.0,0.0,0.0,0,0.0,0.0,0.0,1.0,0.5,1.0,0.0,0.0,0.0,0,0.0,inf,inf,False,False,1,0,1,0,0.0,0.0,0.0,1,1,0,9.676398728859631,9.676398728859631,93.63269235987632,1,0.0,1.5177236024125767e-16,0.1034376505744083,0.0998908439790589,False,False,True,True,False,sign_inconsistent_positive_harmless,0.0
hexc_00376,377,187427707,187426768,939,187427707,False,38,0.04046858359957402,0,939,167,25.37837837837838,5.0,True,True,48,48,0,914.3472535466526,19.048903766359675,17417.310418089823,9,939,64,19.78723404255319,26.403364649971515,24792.759406323254,79.54282703971023,25.542925380788056,290,0.308839190628328,83.0,23.291666666666668,31.0,6.315789473684211,0.45932541724116643,1513.4629519422313,1421141.711873755,97.61798160480475,291,0.30990415335463256,57.32083664359284,1.227238020545471,False,False,4,28,34,9,26.403364649971515,24792.759406323254,5.138420443090611,48,48,0,914.3472535466524,19.048903766359675,17417.310418089823,64,0.1031191263402468,0.0071608480192961,0.0744485929586305,0.0648749065102214,False,False,True,False,True,primitive_full_verified,0.0
hexc_00377,378,108563563,108563562,1,108563563,False,2,2.0,0,1,1,1.0,1.0,True,True,1,1,0,18.502846393512364,18.502846393512364,342.35532466191347,1,1,1,,0.0,0.0,0.0,0.0,0,0.0,0.0,0.0,1.0,0.5,1.0,0.0,0.0,0.0,0,0.0,inf,inf,False,False,1,0,1,0,0.0,0.0,0.0,1,1,0,18.502846393512364,18.502846393512364,342.35532466191347,1,0.0,0.0,0.054274460944475,0.0531012518834482,False,False,True,True,False,sign_inconsistent_positive_harmless,0.0
hexc_00378,379,604681513,604678930,2583,604681513,True,39,0.015098722415795587,0,2583,519,67.97368421052632,8.0,True,True,118,118,0,2385.984815618951,20.220212452591547,48245.11474884936,1,2583,82,22.068376068376068,9.352282794866214,24156.94645913943,54.789454668436974,24.887926461794237,2064,0.7990708478513356,255.0,74.39830508474576,23.0,6.846153846153846,0.22876682191799338,1459.8784785956802,3770866.1102126422,107.55929876173741,2379,0.9210220673635308,156.0986243269993,1.9631386990916704,False,True,2,37,37,7,9.352282794866214,24156.94645913943,3.058150224378491,118,118,0,2385.984815618952,20.220212452591547,48245.11474884936,82,0.2063400227393749,0.0026467580587345,0.1005708971627918,0.0892902943009101,False,False,False,False,True,primitive_full_verified,0.0
hexc_00379,380,3280747,3280746,1,3280747,False,2,2.0,0,1,1,1.0,1.0,True,True,1,1,0,15.00358169833306,15.00358169833306,225.10746377855475,1,1,1,,0.0,0.0,0.0,0.0,0,0.0,0.0,0.0,1.0,0.5,1.0,0.0,0.0,0.0,0,0.0,inf,inf,False,False,1,0,1,0,0.0,0.0,0.0,1,1,0,15.00358169833306,15.00358169833306,225.10746377855477,1,0.0,5.050336217792108e-16,0.0681975726185681,0.0652143264684215,False,False,True,True,False,sign_inconsistent_positive_harmless,0.0
hexc_00380,381,22053061,22053060,1,22053061,False,2,2.0,0,1,1,1.0,1.0,True,True,1,1,0,16.908961971084082,16.908961971084082,285.9129949395677,1,1,1,,0.0,0.0,0.0,0.0,0,0.0,0.0,0.0,1.0,0.5,1.0,0.0,0.0,0.0,0,0.0,inf,inf,False,False,1,0,1,0,0.0,0.0,0.0,1,1,0,16.908961971084082,16.908961971084082,285.9129949395677,1,0.0,0.0,0.0603424434897043,0.0580092972325014,False,False,True,True,False,sign_inconsistent_positive_harmless,0.0
hexc_00381,382,604365031,604363228,1803,604365031,True,39,0.021630615640599003,0,1803,348,47.44736842105263,7.5,True,True,82,82,0,1658.0143639860646,20.219688929309836,33524.53208761119,3,1803,108,22.22222222222222,29.49735309622196,53183.7276324882,112.44745494659628,36.92811021308772,1175,0.6516916250693289,170.0,47.96341463414634,42.0,7.230769230769231,0.3166206537058131,3020.1670144588184,5445361.12706925,125.32166520494616,1161,0.6439267886855241,102.38772965855175,1.114490899455787,False,True,4,35,35,6,29.49735309622196,53183.7276324882,5.43114657289066,82,82,0,1658.0143639860642,20.21968892930984,33524.53208761119,108,0.1078486978487994,0.0064837278787602,0.0869939928500895,0.0741699091988454,False,False,False,False,True,primitive_full_verified,0.0
hexc_00382,383,31019393,31019392,1,31019393,False,2,2.0,0,1,1,1.0,1.0,True,True,1,1,0,17.250123147500577,17.250123147500577,297.56674860393525,1,1,1,,0.0,0.0,0.0,0.0,0,0.0,0.0,0.0,1.0,0.5,1.0,0.0,0.0,0.0,0,0.0,inf,inf,False,False,1,0,1,0,0.0,0.0,0.0,1,1,0,17.250123147500577,17.250123147500577,297.56674860393525,1,0.0,0.0,0.0578361073290868,0.0568839534723354,False,False,True,True,False,sign_inconsistent_positive_harmless,0.0
hexc_00383,384,30977831,30977830,1,30977831,False,2,2.0,0,1,1,1.0,1.0,True,True,1,1,0,17.248782377590423,17.248782377590423,297.5204935094739,1,1,1,,0.0,0.0,0.0,0.0,0,0.0,0.0,0.0,1.0,0.5,1.0,0.0,0.0,0.0,0,0.0,inf,inf,False,False,1,0,1,0,0.0,0.0,0.0,1,1,0,17.248782377590423,17.248782377590423,297.5204935094739,1,0.0,1.528457235071048e-15,0.0578287310274751,0.0568882906617377,False,False,True,True,False,sign_inconsistent_positive_harmless,0.0
hexc_00384,385,7048859,7048858,1,7048859,False,2,2.0,0,1,1,1.0,1.0,True,True,1,1,0,15.76837631771867,15.76837631771867,248.64169169719102,1,1,1,,0.0,0.0,0.0,0.0,0,0.0,0.0,0.0,1.0,0.5,1.0,0.0,0.0,0.0,0,0.0,inf,inf,False,False,1,0,1,0,0.0,0.0,0.0,1,1,0,15.76837631771867,15.76837631771867,248.64169169719105,1,0.0,0.0,0.0650198321388196,0.0621176044423331,False,False,True,True,False,sign_inconsistent_positive_harmless,0.0
hexc_00385,386,4995779,4995778,1,4995779,False,2,2.0,0,1,1,1.0,1.0,True,True,1,1,0,15.42410391386088,15.42410391386088,237.90298154557854,1,1,1,,0.0,0.0,0.0,0.0,0,0.0,0.0,0.0,1.0,0.5,1.0,0.0,0.0,0.0,0,0.0,inf,inf,False,False,1,0,1,0,0.0,0.0,0.0,1,1,0,15.42410391386088,15.42410391386088,237.9029815455785,1,0.0,0.0,0.0665766157119201,0.0634744203320034,False,False,True,True,False,sign_inconsistent_positive_harmless,0.0
hexc_00386,387,12802553,12802552,1,12802553,False,2,2.0,0,1,1,1.0,1.0,True,True,1,1,0,16.365155162126715,16.365155162126715,267.81830348048265,1,1,1,,0.0,0.0,0.0,0.0,0,0.0,0.0,0.0,1.0,0.5,1.0,0.0,0.0,0.0,0,0.0,inf,inf,False,False,1,0,1,0,0.0,0.0,0.0,1,1,0,16.365155162126715,16.365155162126715,267.81830348048265,1,0.0,8.489848247425777e-16,0.061787082836556,0.0598980909394628,False,False,True,True,False,sign_inconsistent_positive_harmless,0.0
hexc_00387,388,30333337,30333336,1,30333337,False,2,2.0,0,1,1,1.0,1.0,True,True,1,1,0,17.22775789669213,17.22775789669213,296.795642147038,1,1,1,,0.0,0.0,0.0,0.0,0,0.0,0.0,0.0,1.0,0.5,1.0,0.0,0.0,0.0,0,0.0,inf,inf,False,False,1,0,1,0,0.0,0.0,0.0,1,1,0,17.22775789669213,17.22775789669213,296.795642147038,1,0.0,1.5321901211109224e-15,0.0585540342059468,0.0569563882724318,False,False,True,True,False,sign_inconsistent_positive_harmless,0.0
hexc_00388,389,12783647,12783646,1,12783647,False,2,2.0,0,1,1,1.0,1.0,True,True,1,1,0,16.363677333966155,16.363677333966155,267.7699358901577,1,1,1,,0.0,0.0,0.0,0.0,0,0.0,0.0,0.0,1.0,0.5,1.0,0.0,0.0,0.0,0,0.0,inf,inf,False,False,1,0,1,0,0.0,0.0,0.0,1,1,0,16.363677333966155,16.363677333966155,267.7699358901577,1,0.0,0.0,0.0620305679197299,0.0599033913782841,False,False,True,True,False,sign_inconsistent_positive_harmless,0.0
hexc_00389,390,179409773,179409772,1,179409773,False,2,2.0,0,1,1,1.0,1.0,True,True,1,1,0,19.00518298213642,19.00518298213642,361.19698018448787,1,1,1,,0.0,0.0,0.0,0.0,0,0.0,0.0,0.0,1.0,0.5,1.0,0.0,0.0,0.0,0,0.0,inf,inf,False,False,1,0,1,0,0.0,0.0,0.0,1,1,0,19.00518298213642,19.00518298213642,361.1969801844879,1,0.0,0.0,0.0528986214654153,0.0517220074973868,False,False,True,True,False,sign_inconsistent_positive_harmless,0.0
hexc_00390,391,12807943,12807942,1,12807943,False,2,2.0,0,1,1,1.0,1.0,True,True,1,1,0,16.36557608330525,16.36557608330525,267.8320805384528,1,1,1,,0.0,0.0,0.0,0.0,0,0.0,0.0,0.0,1.0,0.5,1.0,0.0,0.0,0.0,0,0.0,inf,inf,False,False,1,0,1,0,0.0,0.0,0.0,1,1,0,16.36557608330525,16.36557608330525,267.8320805384528,1,0.0,0.0,0.0627475897600344,0.0598965814179306,False,False,True,True,False,sign_inconsistent_positive_harmless,0.0
hexc_00391,392,3439379,3439378,1,3439379,False,2,2.0,0,1,1,1.0,1.0,True,True,1,1,0,15.050801489797482,15.050801489797482,226.5266254852901,1,1,1,,0.0,0.0,0.0,0.0,0,0.0,0.0,0.0,1.0,0.5,1.0,0.0,0.0,0.0,0,0.0,inf,inf,False,False,1,0,1,0,0.0,0.0,0.0,1,1,0,15.050801489797482,15.050801489797482,226.5266254852901,1,0.0,0.0,0.0675932165846349,0.0650142180560311,False,False,True,True,False,sign_inconsistent_positive_harmless,0.0
hexc_00392,393,30801247,30801246,1,30801247,False,2,2.0,0,1,1,1.0,1.0,True,True,1,1,0,17.243065734137215,17.243065734137215,297.32331591177694,1,1,1,,0.0,0.0,0.0,0.0,0,0.0,0.0,0.0,1.0,0.5,1.0,0.0,0.0,0.0,0,0.0,inf,inf,False,False,1,0,1,0,0.0,0.0,0.0,1,1,0,17.243065734137215,17.243065734137215,297.32331591177694,1,0.0,1.5294708707654757e-15,0.0584941961271208,0.0569067905665278,False,False,True,True,False,sign_inconsistent_positive_harmless,0.0
hexc_00393,394,3277457,3277456,1,3277457,False,2,2.0,0,1,1,1.0,1.0,True,True,1,1,0,15.002578374778016,15.002578374778016,225.077357891357,1,1,1,,0.0,0.0,0.0,0.0,0,0.0,0.0,0.0,1.0,0.5,1.0,0.0,0.0,0.0,0,0.0,inf,inf,False,False,1,0,1,0,0.0,0.0,0.0,1,1,0,15.002578374778016,15.002578374778016,225.077357891357,1,0.0,0.0,0.0667620359967211,0.0652185917202014,False,False,True,True,False,sign_inconsistent_positive_harmless,0.0
hexc_00394,395,33870359,33870358,1,33870359,False,2,2.0,0,1,1,1.0,1.0,True,True,1,1,0,17.33805082408824,17.33805082408824,300.60800637866686,1,1,1,,0.0,0.0,0.0,0.0,0,0.0,0.0,0.0,1.0,0.5,1.0,0.0,0.0,0.0,0,0.0,inf,inf,False,False,1,0,1,0,0.0,0.0,0.0,1,1,0,17.33805082408824,17.33805082408824,300.60800637866686,1,0.0,0.0,0.0592817646450739,0.0566009567212113,False,False,True,True,False,sign_inconsistent_positive_harmless,0.0
hexc_00395,396,1196399,1196398,1,1196399,False,2,2.0,0,1,1,1.0,1.0,True,True,1,1,0,13.994826769896724,13.994826769896724,195.85517631941798,1,1,1,,0.0,0.0,0.0,0.0,0,0.0,0.0,0.0,1.0,0.5,1.0,0.0,0.0,0.0,0,0.0,inf,inf,False,False,1,0,1,0,0.0,0.0,0.0,1,1,0,13.994826769896724,13.994826769896724,195.855176319418,1,0.0,0.0,0.073189163234131,0.0698040100946836,False,False,True,True,False,sign_inconsistent_positive_harmless,0.0
hexc_00396,397,7049759,7049758,1,7049759,False,2,2.0,0,1,1,1.0,1.0,True,True,1,1,0,15.76850398980699,15.76850398980699,248.64571807655895,1,1,1,,0.0,0.0,0.0,0.0,0,0.0,0.0,0.0,1.0,0.5,1.0,0.0,0.0,0.0,0,0.0,inf,inf,False,False,1,0,1,0,0.0,0.0,0.0,1,1,0,15.76850398980699,15.76850398980699,248.64571807655892,1,0.0,0.0,0.0639775221679599,0.0621171120270466,False,False,True,True,False,sign_inconsistent_positive_harmless,0.0
hexc_00397,398,39691853,39691852,1,39691853,False,2,2.0,0,1,1,1.0,1.0,True,True,1,1,0,17.49665651049233,17.49665651049233,306.1329890461536,1,1,1,,0.0,0.0,0.0,0.0,0,0.0,0.0,0.0,1.0,0.5,1.0,0.0,0.0,0.0,0,0.0,inf,inf,False,False,1,0,1,0,0.0,0.0,0.0,1,1,0,17.49665651049233,17.49665651049233,306.1329890461536,1,0.0,0.0,0.0570431336777607,0.0560975362341721,False,False,True,True,False,sign_inconsistent_positive_harmless,0.0
hexc_00398,399,3266671,3266670,1,3266671,False,2,2.0,0,1,1,1.0,1.0,True,True,1,1,0,14.999281981502422,14.999281981502422,224.97845996062324,1,1,1,,0.0,0.0,0.0,0.0,0,0.0,0.0,0.0,1.0,0.5,1.0,0.0,0.0,0.0,0,0.0,inf,inf,False,False,1,0,1,0,0.0,0.0,0.0,1,1,0,14.999281981502422,14.999281981502422,224.97845996062324,1,0.0,5.053232106820984e-16,0.0678918946863361,0.0652326090198635,False,False,True,True,False,sign_inconsistent_positive_harmless,0.0
hexc_00399,400,31019993,31019925,4,31019993,False,5,1.25,0,4,1,1.0,1.0,True,True,2,2,0,34.5002807892536,17.250140426864142,595.1346872686706,2,4,2,2.0,37.195918093316585,148.78367237326634,8.625070229550744,5.454973370663992,3,0.75,0.0,0.0,2.0,0.8,1.0,37.195918093316585,148.78367237326634,8.625070229550744,3,0.75,1.0,1.0,False,False,2,2,3,2,37.195918093316585,148.78367237326634,6.098845636127921,2,2,0,34.5002807892536,17.250140426864142,595.1346872686706,2,0.3999999985049469,0.0144020784216403,0.058517488803213,0.0566424072579121,False,False,True,True,False,sign_inconsistent_positive_harmless,0.0
hexc_00400,401,617429,617428,1,617429,False,2,2.0,0,1,1,1.0,1.0,True,True,1,1,0,13.333319361116505,13.333319361116505,177.77740518552426,1,1,1,,0.0,0.0,0.0,0.0,0,0.0,0.0,0.0,1.0,0.5,1.0,0.0,0.0,0.0,0,0.0,inf,inf,False,False,1,0,1,0,0.0,0.0,0.0,1,1,0,13.333319361116503,13.333319361116503,177.77740518552426,1,0.0,3.197449012234574e-16,0.0738358982563811,0.0731812306661782,False,False,True,True,False,sign_inconsistent_positive_harmless,0.0
hexc_00401,402,1518623,1518622,1,1518623,False,2,2.0,0,1,1,1.0,1.0,True,True,1,1,0,14.233314561175355,14.233314561175355,202.5872433973664,1,1,1,,0.0,0.0,0.0,0.0,0,0.0,0.0,0.0,1.0,0.5,1.0,0.0,0.0,0.0,0,0.0,inf,inf,False,False,1,0,1,0,0.0,0.0,0.0,1,1,0,14.233314561175357,14.233314561175357,202.5872433973664,1,0.0,0.0,0.0714560474941763,0.0686616011102512,False,False,True,True,False,sign_inconsistent_positive_harmless,0.0
hexc_00402,403,30418939,30418938,1,30418939,False,2,2.0,0,1,1,1.0,1.0,True,True,1,1,0,17.230575965817664,17.230575965817664,296.89274811381335,1,1,1,,0.0,0.0,0.0,0.0,0,0.0,0.0,0.0,1.0,0.5,1.0,0.0,0.0,0.0,0,0.0,inf,inf,False,False,1,0,1,0,0.0,0.0,0.0,1,1,0,17.230575965817664,17.230575965817664,296.8927481138133,1,0.0,0.0,0.0579128565004976,0.0569472511815487,False,False,True,True,False,sign_inconsistent_positive_harmless,0.0
hexc_00403,404,180628367,180627380,987,180628367,False,38,0.03850050658561297,0,987,176,26.675675675675677,5.0,True,True,48,48,0,912.5735746260203,19.011952257487682,17349.80268970246,3,987,72,20.93617021276596,8.050433723132352,7945.778084731632,32.53413817844559,14.460270512075885,138,0.1398176291793313,86.0,23.458333333333332,35.0,8.078947368421053,0.4715937456317272,571.0456096238534,563622.0166987432,62.5255895704496,467,0.47315096251266464,70.9335210080662,1.9218455773287964,False,False,4,34,34,10,8.050433723132352,7945.778084731632,2.83732862445159,48,48,0,912.5735746260204,19.01195225748768,17349.80268970246,72,0.1975487205494213,0.002885187462367,0.0719233861912456,0.0624818185687814,False,False,True,False,True,primitive_full_verified,0.0
hexc_00404,405,33844781,33844780,1,33844781,False,2,2.0,0,1,1,1.0,1.0,True,True,1,1,0,17.337295365228773,17.337295365228773,300.5818105811831,1,1,1,,0.0,0.0,0.0,0.0,0,0.0,0.0,0.0,1.0,0.5,1.0,0.0,0.0,0.0,0,0.0,inf,inf,False,False,1,0,1,0,0.0,0.0,0.0,1,1,0,17.337295365228773,17.337295365228773,300.5818105811831,1,0.0,0.0,0.059041266201577,0.0566033761901026,False,False,True,True,False,sign_inconsistent_positive_harmless,0.0
hexc_00405,406,1189151,1189150,1,1189151,False,2,2.0,0,1,1,1.0,1.0,True,True,1,1,0,13.988750165086293,13.988750165086293,195.68513118120177,1,1,1,,0.0,0.0,0.0,0.0,0,0.0,0.0,0.0,1.0,0.5,1.0,0.0,0.0,0.0,0,0.0,inf,inf,False,False,1,0,1,0,0.0,0.0,0.0,1,1,0,13.988750165086293,13.988750165086293,195.68513118120177,1,0.0,0.0,0.0720468489481977,0.0698336149384409,False,False,True,True,False,sign_inconsistent_positive_harmless,0.0
hexc_00406,407,3439063,3439062,1,3439063,False,2,2.0,0,1,1,1.0,1.0,True,True,1,1,0,15.050709608525468,15.050709608525468,226.52385972016083,1,1,1,,0.0,0.0,0.0,0.0,0,0.0,0.0,0.0,1.0,0.5,1.0,0.0,0.0,0.0,0,0.0,inf,inf,False,False,1,0,1,0,0.0,0.0,0.0,1,1,0,15.050709608525468,15.050709608525468,226.52385972016083,1,0.0,5.018757753027013e-16,0.0681046044048134,0.0650146062393565,False,False,True,True,False,sign_inconsistent_positive_harmless,0.0
hexc_00407,408,910277,910276,1,910277,False,2,2.0,0,1,1,1.0,1.0,True,True,1,1,0,13.721504227778485,13.721504227778485,188.27967827294285,1,1,1,,0.0,0.0,0.0,0.0,0,0.0,0.0,0.0,1.0,0.5,1.0,0.0,0.0,0.0,0,0.0,inf,inf,False,False,1,0,1,0,0.0,0.0,0.0,1,1,0,13.721504227778484,13.721504227778484,188.27967827294285,1,0.0,0.0,0.0749287563478817,0.0711609148989283,False,False,True,True,False,sign_inconsistent_positive_harmless,0.0
hexc_00408,409,40841363,40841362,1,40841363,False,2,2.0,0,1,1,1.0,1.0,True,True,1,1,0,17.52520592484683,17.52520592484683,307.13284270828643,1,1,1,,0.0,0.0,0.0,0.0,0,0.0,0.0,0.0,1.0,0.5,1.0,0.0,0.0,0.0,0,0.0,inf,inf,False,False,1,0,1,0,0.0,0.0,0.0,1,1,0,17.52520592484683,17.52520592484683,307.13284270828643,1,0.0,0.0,0.0586737489929136,0.0560078684785423,False,False,True,True,False,sign_inconsistent_positive_harmless,0.0
hexc_00409,410,1517917,1517916,1,1517917,False,2,2.0,0,1,1,1.0,1.0,True,True,1,1,0,14.232849558236008,14.232849558236008,202.57400654737893,1,1,1,,0.0,0.0,0.0,0.0,0,0.0,0.0,0.0,1.0,0.5,1.0,0.0,0.0,0.0,0,0.0,inf,inf,False,False,1,0,1,0,0.0,0.0,0.0,1,1,0,14.232849558236008,14.232849558236008,202.57400654737893,1,0.0,0.0,0.0705537248388434,0.068663792212565,False,False,True,True,False,sign_inconsistent_positive_harmless,0.0
hexc_00410,411,179436077,179435746,3,179436077,False,4,1.3333333333333333,0,3,1,1.0,1.0,True,True,2,2,0,38.010655503905085,19.005327757525567,722.4049659182748,1,3,2,2.0,26.755739478454625,80.26721843536387,6.335109256223873,4.479598710692842,2,0.6666666666666666,0.0,0.0,1.0,0.5,1.0,26.755739478454625,80.26721843536387,6.335109256223873,2,0.6666666666666666,1.0,1.0,False,False,2,2,2,2,26.755739478454625,80.26721843536387,5.172595042960025,2,2,0,38.010655503905085,19.005327757525567,722.4049659182748,2,0.4999999991202951,0.0099538285623943,0.0608113493141144,0.0597229713209217,False,False,True,True,False,sign_inconsistent_positive_harmless,0.0
hexc_00411,412,1511563,1511562,1,1511563,False,2,2.0,0,1,1,1.0,1.0,True,True,1,1,0,14.228654772782928,14.228654772782928,202.4546166430384,1,1,1,,0.0,0.0,0.0,0.0,0,0.0,0.0,0.0,1.0,0.5,1.0,0.0,0.0,0.0,0,0.0,inf,inf,False,False,1,0,1,0,0.0,0.0,0.0,1,1,0,14.228654772782928,14.228654772782928,202.4546166430384,1,0.0,0.0,0.0706974408897726,0.0686835644370623,False,False,True,True,False,sign_inconsistent_positive_harmless,0.0
hexc_00412,413,108593347,108593346,1,108593347,False,2,2.0,0,1,1,1.0,1.0,True,True,1,1,0,18.503120702077418,18.503120702077418,342.3654757156459,1,1,1,,0.0,0.0,0.0,0.0,0,0.0,0.0,0.0,1.0,0.5,1.0,0.0,0.0,0.0,0,0.0,inf,inf,False,False,1,0,1,0,0.0,0.0,0.0,1,1,0,18.503120702077418,18.503120702077418,342.3654757156459,1,0.0,0.0,0.0546182774138054,0.0531004786597596,False,False,True,True,False,sign_inconsistent_positive_harmless,0.0
hexc_00413,414,179407799,179407294,505,179407799,False,36,0.07128712871287128,0,505,82,14.428571428571429,4.0,True,True,24,24,0,456.12409215427164,19.005171979330793,8668.716143481617,3,505,60,21.82608695652174,18.9815536309615,9585.684583635557,42.074804924739425,16.3177515672993,248,0.4910891089108911,30.0,10.208333333333334,27.0,7.666666666666667,0.6813323531075044,352.74518889419517,178136.32039156856,46.59088504507878,243,0.48118811881188117,18.58357833885735,1.1073345468485811,False,False,2,32,34,17,18.9815536309615,9585.684583635555,4.3567824860740405,24,24,0,456.1240921542716,19.005171979330797,8668.716143481617,60,0.1504098961853192,0.0052021848081,0.0551196856546969,0.0434018246580878,False,False,True,False,True,primitive_full_verified,0.0
hexc_00414,415,17640599,17640598,1,17640599,False,2,2.0,0,1,1,1.0,1.0,True,True,1,1,0,16.685713564882494,16.685713564882494,278.41303716930366,1,1,1,,0.0,0.0,0.0,0.0,0,0.0,0.0,0.0,1.0,0.5,1.0,0.0,0.0,0.0,0,0.0,inf,inf,False,False,1,0,1,0,0.0,0.0,0.0,1,1,0,16.685713564882494,16.685713564882494,278.41303716930366,1,0.0,0.0,0.0611881261978987,0.0587701052588732,False,False,True,True,False,sign_inconsistent_positive_harmless,0.0
hexc_00415,416,30371023,30371022,1,30371023,False,2,2.0,0,1,1,1.0,1.0,True,True,1,1,0,17.228999521011747,17.228999521011747,296.83842449502305,1,1,1,,0.0,0.0,0.0,0.0,0,0.0,0.0,0.0,1.0,0.5,1.0,0.0,0.0,0.0,0,0.0,inf,inf,False,False,1,0,1,0,0.0,0.0,0.0,1,1,0,17.228999521011747,17.228999521011747,296.83842449502305,1,0.0,0.0,0.0596340487654195,0.0569523621639329,False,False,True,True,False,sign_inconsistent_positive_harmless,0.0
hexc_00416,417,4991237,4991236,1,4991237,False,2,2.0,0,1,1,1.0,1.0,True,True,1,1,0,15.4231943327982,15.4231943327982,237.87492342725852,1,1,1,,0.0,0.0,0.0,0.0,0,0.0,0.0,0.0,1.0,0.5,1.0,0.0,0.0,0.0,0,0.0,inf,inf,False,False,1,0,1,0,0.0,0.0,0.0,1,1,0,15.4231943327982,15.4231943327982,237.87492342725847,1,0.0,0.0,0.0657125416893429,0.0634780835669539,False,False,True,True,False,sign_inconsistent_positive_harmless,0.0
hexc_00417,418,30400031,30400030,1,30400031,False,2,2.0,0,1,1,1.0,1.0,True,True,1,1,0,17.22995418611277,17.22995418611277,296.871321255545,1,1,1,,0.0,0.0,0.0,0.0,0,0.0,0.0,0.0,1.0,0.5,1.0,0.0,0.0,0.0,0,0.0,inf,inf,False,False,1,0,1,0,0.0,0.0,0.0,1,1,0,17.22995418611277,17.22995418611277,296.871321255545,1,0.0,0.0,0.0580098213946896,0.0569492669403372,False,False,True,True,False,sign_inconsistent_positive_harmless,0.0
hexc_00418,419,109592159,109592158,1,109592159,False,2,2.0,0,1,1,1.0,1.0,True,True,1,1,0,18.512276387948138,18.512276387948138,342.70437706378215,1,1,1,,0.0,0.0,0.0,0.0,0,0.0,0.0,0.0,1.0,0.5,1.0,0.0,0.0,0.0,0,0.0,inf,inf,False,False,1,0,1,0,0.0,0.0,0.0,1,1,0,18.512276387948138,18.512276387948138,342.70437706378215,1,0.0,0.0,0.0538415692856274,0.053074683430619,False,False,True,True,False,sign_inconsistent_positive_harmless,0.0
hexc_00419,420,1512517,1512516,1,1512517,False,2,2.0,0,1,1,1.0,1.0,True,True,1,1,0,14.229285708493391,14.229285708493391,202.47257177393428,1,1,1,,0.0,0.0,0.0,0.0,0,0.0,0.0,0.0,1.0,0.5,1.0,0.0,0.0,0.0,0,0.0,inf,inf,False,False,1,0,1,0,0.0,0.0,0.0,1,1,0,14.229285708493393,14.229285708493393,202.47257177393428,1,0.0,0.0,0.0708371017721546,0.0686805897789442,False,False,True,True,False,sign_inconsistent_positive_harmless,0.0
hexc_00420,421,179641801,179641800,1,179641801,False,2,2.0,0,1,1,1.0,1.0,True,True,1,1,0,19.006475431740324,19.006475431740324,361.2461083373485,1,1,1,,0.0,0.0,0.0,0.0,0,0.0,0.0,0.0,1.0,0.5,1.0,0.0,0.0,0.0,0,0.0,inf,inf,False,False,1,0,1,0,0.0,0.0,0.0,1,1,0,19.006475431740324,19.006475431740324,361.2461083373485,1,0.0,0.0,0.0535518097468465,0.0517185512467677,False,False,True,True,False,sign_inconsistent_positive_harmless,0.0
hexc_00421,422,187430753,187430752,1,187430753,False,2,2.0,0,1,1,1.0,1.0,True,True,1,1,0,19.048920017826966,19.048920017826966,362.8613538455689,1,1,1,,0.0,0.0,0.0,0.0,0,0.0,0.0,0.0,1.0,0.5,1.0,0.0,0.0,0.0,0,0.0,inf,inf,False,False,1,0,1,0,0.0,0.0,0.0,1,1,0,19.04892001782697,19.04892001782697,362.8613538455689,1,0.0,2.5064523739830458e-15,0.0533821363327469,0.0516053025608131,False,False,True,True,False,sign_inconsistent_positive_harmless,0.0
hexc_00422,423,1197103,1197102,1,1197103,False,2,2.0,0,1,1,1.0,1.0,True,True,1,1,0,13.995415029292623,13.995415029292623,195.87164184214984,1,1,1,,0.0,0.0,0.0,0.0,0,0.0,0.0,0.0,1.0,0.5,1.0,0.0,0.0,0.0,0,0.0,inf,inf,False,False,1,0,1,0,0.0,0.0,0.0,1,1,0,13.995415029292625,13.995415029292625,195.87164184214984,1,0.0,0.0,0.0725973533181587,0.0698011454629597,False,False,True,True,False,sign_inconsistent_positive_harmless,0.0
hexc_00423,424,178907011,178906839,4,178907011,False,5,1.25,0,4,1,1.0,1.0,True,True,2,2,0,38.004751585154295,19.002375798166646,722.1805715246438,2,4,2,2.0,45.1362857468437,180.5451429873748,9.501187901878076,6.009078847666667,3,0.75,0.0,0.0,2.0,0.8,1.0,45.1362857468437,180.5451429873748,9.501187901878076,3,0.75,1.0,1.0,False,False,2,2,3,2,45.1362857468437,180.5451429873748,6.718354392769386,2,2,0,38.004751585154295,19.002375798166646,722.1805715246438,2,0.3999999997646819,0.0130816248069056,0.0537613436683464,0.051530514780634,False,False,True,True,False,sign_inconsistent_positive_harmless,0.0
hexc_00424,425,108843373,108842535,838,108843373,False,36,0.04295942720763723,0,838,147,23.942857142857143,6.0,True,True,43,43,0,795.7329097979577,18.505420461843816,14725.36892408218,2,838,56,19.904761904761905,8.471101675861581,7098.783204372005,33.565875917448864,14.042379511452708,218,0.26014319809069214,60.0,18.558139534883722,18.0,5.25,0.5175054704595186,336.0207556693912,281585.3932509498,46.37391906894547,224,0.26730310262529833,39.666712610342394,1.3815792915101162,False,False,6,33,30,7,8.471101675861581,7098.783204372005,2.9105157061698845,43,43,0,795.7329097979575,18.505420461843816,14725.36892408218,56,0.1750190985939894,0.0033935898639005,0.0705332046108587,0.0628973838335527,False,False,True,False,True,primitive_full_verified,0.0
hexc_00425,426,1198103,1198102,1,1198103,False,2,2.0,0,1,1,1.0,1.0,True,True,1,1,0,13.996250030589467,13.996250030589467,195.89501491877564,1,1,1,,0.0,0.0,0.0,0.0,0,0.0,0.0,0.0,1.0,0.5,1.0,0.0,0.0,0.0,0,0.0,inf,inf,False,False,1,0,1,0,0.0,0.0,0.0,1,1,0,13.996250030589469,13.996250030589469,195.89501491877564,1,0.0,0.0,0.0716439824546732,0.0697970796819855,False,False,True,True,False,sign_inconsistent_positive_harmless,0.0
hexc_00426,427,108829177,108829176,1,108829177,False,2,2.0,0,1,1,1.0,1.0,True,True,1,1,0,18.505290027390597,18.505290027390597,342.4457589978419,1,1,1,,0.0,0.0,0.0,0.0,0,0.0,0.0,0.0,1.0,0.5,1.0,0.0,0.0,0.0,0,0.0,inf,inf,False,False,1,0,1,0,0.0,0.0,0.0,1,1,0,18.5052900273906,18.5052900273906,342.4457589978419,1,0.0,0.0,0.0544294247853158,0.0530943645370289,False,False,True,True,False,sign_inconsistent_positive_harmless,0.0
hexc_00427,428,109588771,109588770,1,109588771,False,2,2.0,0,1,1,1.0,1.0,True,True,1,1,0,18.51224547284982,18.51224547284982,342.70323244704866,1,1,1,,0.0,0.0,0.0,0.0,0,0.0,0.0,0.0,1.0,0.5,1.0,0.0,0.0,0.0,0,0.0,inf,inf,False,False,1,0,1,0,0.0,0.0,0.0,1,1,0,18.51224547284982,18.51224547284982,342.70323244704866,1,0.0,0.0,0.0537769958239419,0.0530747704886614,False,False,True,True,False,sign_inconsistent_positive_harmless,0.0
hexc_00428,429,108831299,108831195,4,108831299,False,5,1.25,0,4,1,1.0,1.0,True,True,2,2,0,37.01061719521155,18.50530860679432,684.8928925852447,2,4,2,2.0,42.80580582908697,171.22322331634788,9.252654307991428,5.85189240017873,3,0.75,0.0,0.0,2.0,0.8,1.0,42.80580582908697,171.22322331634788,9.252654307991428,3,0.75,1.0,1.0,False,False,2,2,3,2,42.80580582908697,171.22322331634788,6.5426146019070215,2,2,0,37.01061719521155,18.50530860679432,684.8928925852447,2,0.3999999996027717,0.0134309492743368,0.055060010476967,0.0528844768057111,False,False,True,True,False,sign_inconsistent_positive_harmless,0.0
hexc_00429,430,1190983,1190982,1,1190983,False,2,2.0,0,1,1,1.0,1.0,True,True,1,1,0,13.990289574516003,13.990289574516003,195.72820237881118,1,1,1,,0.0,0.0,0.0,0.0,0,0.0,0.0,0.0,1.0,0.5,1.0,0.0,0.0,0.0,0,0.0,inf,inf,False,False,1,0,1,0,0.0,0.0,0.0,1,1,0,13.990289574516003,13.990289574516003,195.7282023788112,1,0.0,0.0,0.072546546180588,0.0698261126573121,False,False,True,True,False,sign_inconsistent_positive_harmless,0.0
hexc_00430,431,39691187,39691186,1,39691187,False,2,2.0,0,1,1,1.0,1.0,True,True,1,1,0,17.496639731089576,17.496639731089576,306.13240187954233,1,1,1,,0.0,0.0,0.0,0.0,0,0.0,0.0,0.0,1.0,0.5,1.0,0.0,0.0,0.0,0,0.0,inf,inf,False,False,1,0,1,0,0.0,0.0,0.0,1,1,0,17.496639731089576,17.496639731089576,306.1324018795424,1,0.0,1.4854597164314516e-15,0.0580269088590896,0.056097589019169,False,False,True,True,False,sign_inconsistent_positive_harmless,0.0
hexc_00431,432,604813747,604812190,1557,604813747,True,37,0.023763648041104687,0,1557,295,43.25,7.0,True,True,72,72,0,1455.870940934864,20.22043111239932,29438.336064702344,1,1557,96,21.91549295774648,34.36287921812829,53503.00294262575,92.80357375957567,38.0266631004806,290,0.18625561978163135,125.0,36.81944444444444,16.0,4.918918918918919,0.37312533097088124,3155.5876064877593,4913249.903301441,106.94618033014717,729,0.4682080924855491,91.83129232148319,1.152392908997346,False,True,2,35,35,5,34.36287921812829,53503.00294262575,5.861985944893445,72,72,0,1455.870940934864,20.22043111239932,29438.336064702344,96,0.1678985836939509,0.0057665882988697,0.0809591793277333,0.0704132009754753,False,False,False,False,True,primitive_full_verified,0.0
hexc_00432,433,40864661,40864660,1,40864661,False,2,2.0,0,1,1,1.0,1.0,True,True,1,1,0,17.52577621329047,17.52577621329047,307.1528318783381,1,1,1,,0.0,0.0,0.0,0.0,0,0.0,0.0,0.0,1.0,0.5,1.0,0.0,0.0,0.0,0,0.0,inf,inf,False,False,1,0,1,0,0.0,0.0,0.0,1,1,0,17.52577621329047,17.52577621329047,307.1528318783381,1,0.0,0.0,0.0575819322666712,0.0560060802405509,False,False,True,True,False,sign_inconsistent_positive_harmless,0.0
hexc_00433,434,30360431,30360430,1,30360431,False,2,2.0,0,1,1,1.0,1.0,True,True,1,1,0,17.22865070670187,17.22865070670187,296.82640517353883,1,1,1,,0.0,0.0,0.0,0.0,0,0.0,0.0,0.0,1.0,0.5,1.0,0.0,0.0,0.0,0,0.0,inf,inf,False,False,1,0,1,0,0.0,0.0,0.0,1,1,0,17.22865070670187,17.22865070670187,296.82640517353883,1,0.0,0.0,0.0588814400924941,0.0569534931766531,False,False,True,True,False,sign_inconsistent_positive_harmless,0.0
hexc_00434,435,30360047,30360046,1,30360047,False,2,2.0,0,1,1,1.0,1.0,True,True,1,1,0,17.228638058580096,17.228638058580096,296.8259693535545,1,1,1,,0.0,0.0,0.0,0.0,0,0.0,0.0,0.0,1.0,0.5,1.0,0.0,0.0,0.0,0,0.0,inf,inf,False,False,1,0,1,0,0.0,0.0,0.0,1,1,0,17.228638058580096,17.228638058580096,296.8259693535545,1,0.0,1.5320335746796019e-15,0.0581421661772224,0.0569535341883904,False,False,True,True,False,sign_inconsistent_positive_harmless,0.0
hexc_00435,436,109496869,109496868,1,109496869,False,2,2.0,0,1,1,1.0,1.0,True,True,1,1,0,18.51140651320472,18.51140651320472,342.6721710971181,1,1,1,,0.0,0.0,0.0,0.0,0,0.0,0.0,0.0,1.0,0.5,1.0,0.0,0.0,0.0,0,0.0,inf,inf,False,False,1,0,1,0,0.0,0.0,0.0,1,1,0,18.51140651320472,18.51140651320472,342.6721710971181,1,0.0,0.0,0.0551035992031224,0.0530771331385695,False,False,True,True,False,sign_inconsistent_positive_harmless,0.0
hexc_00436,437,187505317,187505316,1,187505317,False,2,2.0,0,1,1,1.0,1.0,True,True,1,1,0,19.04931776030601,19.04931776030601,362.87650713311,1,1,1,,0.0,0.0,0.0,0.0,0,0.0,0.0,0.0,1.0,0.5,1.0,0.0,0.0,0.0,0,0.0,inf,inf,False,False,1,0,1,0,0.0,0.0,0.0,1,1,0,19.04931776030601,19.04931776030601,362.87650713311,1,0.0,0.0,0.0530690201586509,0.0516042436674944,False,False,True,True,False,sign_inconsistent_positive_harmless,0.0
hexc_00437,438,12837337,12837336,1,12837337,False,2,2.0,0,1,1,1.0,1.0,True,True,1,1,0,16.367868435962098,16.367868435962098,267.90711713696436,1,1,1,,0.0,0.0,0.0,0.0,0,0.0,0.0,0.0,1.0,0.5,1.0,0.0,0.0,0.0,0,0.0,inf,inf,False,False,1,0,1,0,0.0,0.0,0.0,1,1,0,16.367868435962098,16.367868435962098,267.9071171369644,1,0.0,0.0,0.0612899637796794,0.0598883618413151,False,False,True,True,False,sign_inconsistent_positive_harmless,0.0
hexc_00438,439,12830437,12830436,1,12830437,False,2,2.0,0,1,1,1.0,1.0,True,True,1,1,0,16.367330796806776,16.367330796806776,267.8895174120995,1,1,1,,0.0,0.0,0.0,0.0,0,0.0,0.0,0.0,1.0,0.5,1.0,0.0,0.0,0.0,0,0.0,inf,inf,False,False,1,0,1,0,0.0,0.0,0.0,1,1,0,16.367330796806776,16.367330796806776,267.8895174120995,1,0.0,8.487591363773255e-16,0.0626960586435312,0.0598902894252703,False,False,True,True,False,sign_inconsistent_positive_harmless,0.0
hexc_00439,440,39623959,39623958,1,39623959,False,2,2.0,0,1,1,1.0,1.0,True,True,1,1,0,17.494944518523248,17.494944518523248,306.07308370620666,1,1,1,,0.0,0.0,0.0,0.0,0,0.0,0.0,0.0,1.0,0.5,1.0,0.0,0.0,0.0,0,0.0,inf,inf,False,False,1,0,1,0,0.0,0.0,0.0,1,1,0,17.494944518523248,17.494944518523248,306.07308370620666,1,0.0,0.0,0.0579331348020495,0.056102922366103,False,False,True,True,False,sign_inconsistent_positive_harmless,0.0
hexc_00440,441,17992691,17992690,1,17992691,False,2,2.0,0,1,1,1.0,1.0,True,True,1,1,0,16.705476177842,16.705476177842,279.0729343284466,1,1,1,,0.0,0.0,0.0,0.0,0,0.0,0.0,0.0,1.0,0.5,1.0,0.0,0.0,0.0,0,0.0,inf,inf,False,False,1,0,1,0,0.0,0.0,0.0,1,1,0,16.705476177842,16.705476177842,279.0729343284466,1,0.0,1.6294928491749139e-15,0.0612759643063083,0.058701952420658,False,False,True,True,False,sign_inconsistent_positive_harmless,0.0
hexc_00441,442,39646073,39646072,1,39646073,False,2,2.0,0,1,1,1.0,1.0,True,True,1,1,0,17.49550245952606,17.49550245952606,306.09260631128245,1,1,1,,0.0,0.0,0.0,0.0,0,0.0,0.0,0.0,1.0,0.5,1.0,0.0,0.0,0.0,0,0.0,inf,inf,False,False,1,0,1,0,0.0,0.0,0.0,1,1,0,17.49550245952606,17.49550245952606,306.09260631128245,1,0.0,0.0,0.0571023960704463,0.0561011669032699,False,False,True,True,False,sign_inconsistent_positive_harmless,0.0
hexc_00442,443,604711937,604711166,771,604711937,True,37,0.04798962386511025,0,771,133,21.416666666666668,5.5,True,True,34,34,0,687.4889111405014,20.220262765415725,13901.205968857425,3,771,86,23.272727272727273,59.23603287892971,45670.98134965481,71.09873879560402,35.13332957873432,79,0.10246433203631647,64.0,17.823529411764707,38.0,7.837837837837838,0.5662979830839298,931.7988715415215,718416.9299585131,72.88210821490492,77,0.09987029831387809,15.730271361115456,1.0250829965412995,False,True,4,33,33,7,59.23603287892971,45670.98134965481,7.6964948436888925,34,34,0,687.4889111405014,20.220262765415725,13901.205968857425,86,0.244182662919169,0.0062676337811714,0.0595213337383874,0.0465984620509916,False,False,False,False,True,primitive_full_verified,0.0
hexc_00443,444,178895413,178895308,1,178895413,False,2,2.0,0,1,1,1.0,1.0,True,True,1,1,0,19.00231132678245,19.00231132678245,361.0878357599646,1,1,1,,0.0,0.0,0.0,0.0,0,0.0,0.0,0.0,1.0,0.5,1.0,0.0,0.0,0.0,0,0.0,inf,inf,False,False,1,0,1,0,0.0,0.0,0.0,1,1,0,19.00231132678245,19.00231132678245,361.0878357599646,1,0.0,0.0,0.0530953390628619,0.0517296853259106,False,False,True,True,False,sign_inconsistent_positive_harmless,0.0
hexc_00444,445,179382319,179382099,4,179382319,False,5,1.25,0,4,1,1.0,1.0,True,True,2,2,0,38.01005747345147,19.00502874230043,722.3822345675421,2,4,2,2.0,45.14888968695816,180.59555874783263,9.502514373937558,6.009917782263458,3,0.75,0.0,0.0,2.0,0.8,1.0,45.14888968695816,180.59555874783263,9.502514373937558,3,0.75,1.0,1.0,False,False,2,2,3,2,45.14888968695816,180.59555874783263,6.719292350162936,2,2,0,38.01005747345147,19.00502874230043,722.3822345675421,2,0.3999999997653382,0.0130798087714223,0.0531359360204135,0.0515234728710148,False,False,True,True,False,sign_inconsistent_positive_harmless,0.0
hexc_00445,446,3242093,3242092,1,3242093,False,2,2.0,0,1,1,1.0,1.0,True,True,1,1,0,14.991729666862621,14.991729666862621,224.75195840428884,1,1,1,,0.0,0.0,0.0,0.0,0,0.0,0.0,0.0,1.0,0.5,1.0,0.0,0.0,0.0,0,0.0,inf,inf,False,False,1,0,1,0,0.0,0.0,0.0,1,1,0,14.99172966686262,14.99172966686262,224.75195840428884,1,0.0,1.0116649352359689e-15,0.0681785423845579,0.065264746549958,False,False,True,True,False,sign_inconsistent_positive_harmless,0.0
hexc_00446,447,1192097,1192096,1,1192097,False,2,2.0,0,1,1,1.0,1.0,True,True,1,1,0,13.991224499135525,13.991224499135525,195.75436298521012,1,1,1,,0.0,0.0,0.0,0.0,0,0.0,0.0,0.0,1.0,0.5,1.0,0.0,0.0,0.0,0,0.0,inf,inf,False,False,1,0,1,0,0.0,0.0,0.0,1,1,0,13.991224499135525,13.991224499135525,195.7543629852101,1,0.0,0.0,0.072182493775885,0.0698215571070981,False,False,True,True,False,sign_inconsistent_positive_harmless,0.0
hexc_00447,448,179438731,179438730,1,179438731,False,2,2.0,0,1,1,1.0,1.0,True,True,1,1,0,19.005344376149438,19.005344376149438,361.2031148560351,1,1,1,,0.0,0.0,0.0,0.0,0,0.0,0.0,0.0,1.0,0.5,1.0,0.0,0.0,0.0,0,0.0,inf,inf,False,False,1,0,1,0,0.0,0.0,0.0,1,1,0,19.00534437614944,19.00534437614944,361.2031148560351,1,0.0,0.0,0.0535246964138259,0.0517215758745481,False,False,True,True,False,sign_inconsistent_positive_harmless,0.0
hexc_00448,449,178913689,178913595,4,178913689,False,5,1.25,0,4,1,1.0,1.0,True,True,2,2,0,38.00482710906792,19.002413560123248,722.1834417950718,2,4,2,2.0,45.136465138744505,180.54586055497802,9.501206782856272,6.009090789045843,3,0.75,0.0,0.0,2.0,0.8,1.0,45.136465138744505,180.54586055497802,9.501206782856272,3,0.75,1.0,1.0,False,False,2,2,3,2,45.136465138744505,180.545860554978,6.718367743637178,2,2,0,38.00482710906792,19.002413560123248,722.1834417950718,2,0.3999999997646912,0.013081599559448,0.0532662829880072,0.0515304169178657,False,False,True,True,False,sign_inconsistent_positive_harmless,0.0
hexc_00449,450,1511597,1511596,1,1511597,False,2,2.0,0,1,1,1.0,1.0,True,True,1,1,0,14.228677265803476,14.228677265803476,202.4552567343927,1,1,1,,0.0,0.0,0.0,0.0,0,0.0,0.0,0.0,1.0,0.5,1.0,0.0,0.0,0.0,0,0.0,inf,inf,False,False,1,0,1,0,0.0,0.0,0.0,1,1,0,14.228677265803476,14.228677265803476,202.4552567343927,1,0.0,0.0,0.0712006740325232,0.0686834583853081,False,False,True,True,False,sign_inconsistent_positive_harmless,0.0
hexc_00450,451,1199767,1199766,1,1199767,False,2,2.0,0,1,1,1.0,1.0,True,True,1,1,0,13.997637929238774,13.997637929238774,195.93386759806396,1,1,1,,0.0,0.0,0.0,0.0,0,0.0,0.0,0.0,1.0,0.5,1.0,0.0,0.0,0.0,0,0.0,inf,inf,False,False,1,0,1,0,0.0,0.0,0.0,1,1,0,13.997637929238774,13.997637929238774,195.933867598064,1,0.0,0.0,0.073442667720498,0.0697903227852879,False,False,True,True,False,sign_inconsistent_positive_harmless,0.0
hexc_00451,452,179433593,179433592,1,179433593,False,2,2.0,0,1,1,1.0,1.0,True,True,1,1,0,19.00531574201046,19.00531574201046,361.2020264535106,1,1,1,,0.0,0.0,0.0,0.0,0,0.0,0.0,0.0,1.0,0.5,1.0,0.0,0.0,0.0,0,0.0,inf,inf,False,False,1,0,1,0,0.0,0.0,0.0,1,1,0,19.00531574201046,19.00531574201046,361.2020264535106,1,0.0,0.0,0.053478344253127,0.0517216524515145,False,False,True,True,False,sign_inconsistent_positive_harmless,0.0
hexc_00452,453,180641999,180641716,3,180641999,False,4,1.3333333333333333,0,3,1,1.0,1.0,True,True,2,2,0,38.02405233789855,19.012026174485094,722.914278097624,1,3,2,2.0,26.7746028925046,80.3238086775138,6.337342061852244,4.481177542720044,2,0.6666666666666666,0.0,0.0,1.0,0.5,1.0,26.7746028925046,80.3238086775138,6.337342061852244,2,0.6666666666666666,1.0,1.0,False,False,2,2,2,2,26.7746028925046,80.3238086775138,5.174418121151846,2,2,0,38.02405233789855,19.012026174485094,722.914278097624,2,0.4999999991264763,0.0099503825467233,0.0607003725406591,0.0597022952272879,False,False,True,True,False,sign_inconsistent_positive_harmless,0.0
hexc_00453,454,604143557,604142790,767,604143557,True,37,0.048239895697522815,0,767,133,21.305555555555557,5.0,True,True,35,35,0,707.6762595715594,20.21932240481067,14308.73395317695,7,767,66,22.352941176470587,64.2498859117116,49279.6624942828,76.31673017552319,36.49496910692967,246,0.32073011734028684,64.0,17.857142857142858,21.0,5.675675675675675,0.5559038662486938,1862.98018049244,1428905.7984377015,80.93000435786715,241,0.31421121251629724,28.995851962327798,1.060449054509198,False,True,4,29,33,6,64.2498859117116,49279.6624942828,8.015602654305638,35,35,0,707.6762595715594,20.21932240481067,14308.73395317695,66,0.228679109103273,0.0067334208268465,0.0613546266448391,0.0485676094473233,False,False,False,False,True,primitive_full_verified,0.0
hexc_00454,455,230891,230890,1,230891,False,2,2.0,0,1,1,1.0,1.0,True,True,1,1,0,12.349701016670412,12.349701016670412,152.51511520115022,1,1,1,,0.0,0.0,0.0,0.0,0,0.0,0.0,0.0,1.0,0.5,1.0,0.0,0.0,0.0,0,0.0,inf,inf,False,False,1,0,1,0,0.0,0.0,0.0,1,1,0,12.349701016670412,12.349701016670412,152.51511520115022,1,0.0,1.8635339450072852e-16,0.0812431088851837,0.0788535020663953,False,False,True,True,False,sign_inconsistent_positive_harmless,0.0
hexc_00455,456,30775091,30775090,1,30775091,False,2,2.0,0,1,1,1.0,1.0,True,True,1,1,0,17.24221618697599,17.24221618697599,297.2940190384169,1,1,1,,0.0,0.0,0.0,0.0,0,0.0,0.0,0.0,1.0,0.5,1.0,0.0,0.0,0.0,0,0.0,inf,inf,False,False,1,0,1,0,0.0,0.0,0.0,1,1,0,17.24221618697599,17.24221618697599,297.2940190384169,1,0.0,0.0,0.0592299076839352,0.0569095408535267,False,False,True,True,False,sign_inconsistent_positive_harmless,0.0
hexc_00456,457,12783817,12783816,1,12783817,False,2,2.0,0,1,1,1.0,1.0,True,True,1,1,0,16.363690632117276,16.363690632117276,267.7703711036427,1,1,1,,0.0,0.0,0.0,0.0,0,0.0,0.0,0.0,1.0,0.5,1.0,0.0,0.0,0.0,0,0.0,inf,inf,False,False,1,0,1,0,0.0,0.0,0.0,1,1,0,16.363690632117276,16.363690632117276,267.7703711036427,1,0.0,0.0,0.0622910070873101,0.0599033436784113,False,False,True,True,False,sign_inconsistent_positive_harmless,0.0
hexc_00457,458,109709861,109709668,3,109709861,False,4,1.3333333333333333,0,3,1,1.0,1.0,True,True,2,2,0,37.026696141718304,18.51334807997412,685.4881135855685,1,3,2,2.0,25.38844865131735,76.16534595395206,6.171116032734684,4.363637987790464,2,0.6666666666666666,0.0,0.0,1.0,0.5,1.0,25.38844865131735,76.16534595395206,6.171116032734684,2,0.6666666666666666,1.0,1.0,False,False,2,2,2,2,25.38844865131735,76.16534595395206,5.038695133793803,2,2,0,37.026696141718304,18.51334807997412,685.4881135855685,2,0.4999999985229629,0.0102136449222288,0.063077134089216,0.0612818694412442,False,False,True,True,False,sign_inconsistent_positive_harmless,0.0
hexc_00458,459,40861831,40861830,1,40861831,False,2,2.0,0,1,1,1.0,1.0,True,True,1,1,0,17.52570695790138,17.52570695790138,307.1504043742329,1,1,1,,0.0,0.0,0.0,0.0,0,0.0,0.0,0.0,1.0,0.5,1.0,0.0,0.0,0.0,0,0.0,inf,inf,False,False,1,0,1,0,0.0,0.0,0.0,1,1,0,17.52570695790138,17.52570695790138,307.1504043742329,1,0.0,1.480536390023432e-15,0.0574831963320775,0.0560062973967055,False,False,True,True,False,sign_inconsistent_positive_harmless,0.0
hexc_00459,460,178299217,178299027,4,178299217,False,5,1.25,0,4,1,1.0,1.0,True,True,2,2,0,37.99794528509872,18.998972648157917,721.9219229446782,2,4,2,2.0,45.12012021068158,180.4804808427263,9.499486326883236,6.008002677141985,3,0.75,0.0,0.0,2.0,0.8,1.0,45.12012021068158,180.4804808427263,9.499486326883236,3,0.75,1.0,1.0,False,False,2,2,3,2,45.12012021068158,180.4804808427263,6.717151197545101,2,2,0,37.99794528509872,18.99897264815792,721.9219229446782,2,0.3999999997638375,0.0130839545118638,0.0536908999369261,0.0515395484256806,False,False,True,True,False,sign_inconsistent_positive_harmless,0.0
hexc_00460,461,33487507,33487506,1,33487507,False,2,2.0,0,1,1,1.0,1.0,True,True,1,1,0,17.3266830018682,17.3266830018682,300.21394384722845,1,1,1,,0.0,0.0,0.0,0.0,0,0.0,0.0,0.0,1.0,0.5,1.0,0.0,0.0,0.0,0,0.0,inf,inf,False,False,1,0,1,0,0.0,0.0,0.0,1,1,0,17.3266830018682,17.3266830018682,300.21394384722845,1,0.0,0.0,0.0575407317020136,0.0566373857222335,False,False,True,True,False,sign_inconsistent_positive_harmless,0.0
hexc_00461,462,17594867,17594866,1,17594867,False,2,2.0,0,1,1,1.0,1.0,True,True,1,1,0,16.68311776974364,16.68311776974364,278.326418519136,1,1,1,,0.0,0.0,0.0,0.0,0,0.0,0.0,0.0,1.0,0.5,1.0,0.0,0.0,0.0,0,0.0,inf,inf,False,False,1,0,1,0,0.0,0.0,0.0,1,1,0,16.68311776974364,16.68311776974364,278.326418519136,1,0.0,0.0,0.0600786871028681,0.0587790688062869,False,False,True,True,False,sign_inconsistent_positive_harmless,0.0
hexc_00462,463,604208581,604207847,503,604208581,True,34,0.06759443339960239,0,503,86,15.242424242424242,5.0,True,True,24,24,0,485.26630262105925,20.219429618612537,9811.807685813063,6,486,54,20.869565217391305,33.76873213100213,16985.672261894073,55.191406041252506,22.351254907455665,162,0.3220675944333996,35.0,11.958333333333334,27.0,8.470588235294118,0.6357265051597595,1037.6846525088915,521955.38021197246,73.52154470884717,181,0.35984095427435386,30.729156442217214,1.332119436382793,False,True,1,28,33,8,33.76873213100213,16985.672261894073,5.811087000811649,24,24,0,485.26630262105925,20.219429618612537,9811.807685813064,54,0.1640064418965871,0.0060333598827342,0.0555703834394379,0.0416637529037263,False,False,False,False,True,primitive_full_verified,0.0
hexc_00463,464,109593397,109593396,1,109593397,False,2,2.0,0,1,1,1.0,1.0,True,True,1,1,0,18.51228768431294,18.51228768431294,342.7047953067646,1,1,1,,0.0,0.0,0.0,0.0,0,0.0,0.0,0.0,1.0,0.5,1.0,0.0,0.0,0.0,0,0.0,inf,inf,False,False,1,0,1,0,0.0,0.0,0.0,1,1,0,18.51228768431294,18.51228768431294,342.7047953067646,1,0.0,2.6538721203443164e-15,0.054101887905503,0.0530746516197172,False,False,True,True,False,sign_inconsistent_positive_harmless,0.0
hexc_00464,465,40864853,40864852,1,40864853,False,2,2.0,0,1,1,1.0,1.0,True,True,1,1,0,17.52578091171557,17.52578091171557,307.1529965654539,1,1,1,,0.0,0.0,0.0,0.0,0,0.0,0.0,0.0,1.0,0.5,1.0,0.0,0.0,0.0,0,0.0,inf,inf,False,False,1,0,1,0,0.0,0.0,0.0,1,1,0,17.52578091171557,17.52578091171557,307.1529965654539,1,0.0,0.0,0.0570730258776849,0.0560060655082994,False,False,True,True,False,sign_inconsistent_positive_harmless,0.0
hexc_00465,466,33862469,33862468,1,33862469,False,2,2.0,0,1,1,1.0,1.0,True,True,1,1,0,17.337817849908106,17.337817849908106,300.5999277965921,1,1,1,,0.0,0.0,0.0,0.0,0,0.0,0.0,0.0,1.0,0.5,1.0,0.0,0.0,0.0,0,0.0,inf,inf,False,False,1,0,1,0,0.0,0.0,0.0,1,1,0,17.337817849908106,17.337817849908106,300.5999277965921,1,0.0,0.0,0.0578902569502811,0.0566017028334791,False,False,True,True,False,sign_inconsistent_positive_harmless,0.0
hexc_00466,467,30400417,30400416,1,30400417,False,2,2.0,0,1,1,1.0,1.0,True,True,1,1,0,17.229966883387636,17.229966883387636,296.87175880263464,1,1,1,,0.0,0.0,0.0,0.0,0,0.0,0.0,0.0,1.0,0.5,1.0,0.0,0.0,0.0,0,0.0,inf,inf,False,False,1,0,1,0,0.0,0.0,0.0,1,1,0,17.229966883387636,17.229966883387636,296.87175880263464,1,0.0,0.0,0.0588312415358487,0.0569492257753875,False,False,True,True,False,sign_inconsistent_positive_harmless,0.0
hexc_00467,468,31039963,31039962,1,31039963,False,2,2.0,0,1,1,1.0,1.0,True,True,1,1,0,17.250786061268272,17.250786061268272,297.5896197316477,1,1,1,,0.0,0.0,0.0,0.0,0,0.0,0.0,0.0,1.0,0.5,1.0,0.0,0.0,0.0,0,0.0,inf,inf,False,False,1,0,1,0,0.0,0.0,0.0,1,1,0,17.250786061268272,17.250786061268272,297.5896197316477,1,0.0,1.5281021942113905e-15,0.0583303218485938,0.0568818092900305,False,False,True,True,False,sign_inconsistent_positive_harmless,0.0
hexc_00468,469,30802151,30802150,1,30802151,False,2,2.0,0,1,1,1.0,1.0,True,True,1,1,0,17.243095083167603,17.243095083167603,297.32432804715876,1,1,1,,0.0,0.0,0.0,0.0,0,0.0,0.0,0.0,1.0,0.5,1.0,0.0,0.0,0.0,0,0.0,inf,inf,False,False,1,0,1,0,0.0,0.0,0.0,1,1,0,17.243095083167603,17.243095083167603,297.3243280471588,1,0.0,0.0,0.0592880023223457,0.0569066955580024,False,False,True,True,False,sign_inconsistent_positive_harmless,0.0
hexc_00469,470,33904141,33904140,1,33904141,False,2,2.0,0,1,1,1.0,1.0,True,True,1,1,0,17.33904771828289,17.33904771828289,300.64257577689114,1,1,1,,0.0,0.0,0.0,0.0,0,0.0,0.0,0.0,1.0,0.5,1.0,0.0,0.0,0.0,0,0.0,inf,inf,False,False,1,0,1,0,0.0,0.0,0.0,1,1,0,17.33904771828289,17.33904771828289,300.64257577689114,1,0.0,1.512584668726146e-15,0.0581891914296216,0.0565977643363144,False,False,True,True,False,sign_inconsistent_positive_harmless,0.0
hexc_00470,471,187509061,187509060,1,187509061,False,2,2.0,0,1,1,1.0,1.0,True,True,1,1,0,19.049337727540443,19.049337727540443,362.87726785789573,1,1,1,,0.0,0.0,0.0,0.0,0,0.0,0.0,0.0,1.0,0.5,1.0,0.0,0.0,0.0,0,0.0,inf,inf,False,False,1,0,1,0,0.0,0.0,0.0,1,1,0,19.049337727540443,19.049337727540443,362.8772678578957,1,0.0,0.0,0.0522625737058333,0.0516041905106976,False,False,True,True,False,sign_inconsistent_positive_harmless,0.0
hexc_00471,472,33388783,33388782,1,33388783,False,2,2.0,0,1,1,1.0,1.0,True,True,1,1,0,17.323730563217257,17.323730563217257,300.1116406269477,1,1,1,,0.0,0.0,0.0,0.0,0,0.0,0.0,0.0,1.0,0.5,1.0,0.0,0.0,0.0,0,0.0,inf,inf,False,False,1,0,1,0,0.0,0.0,0.0,1,1,0,17.323730563217257,17.323730563217257,300.1116406269477,1,0.0,1.5152606208025618e-15,0.0589474946578349,0.0566468546928166,False,False,True,True,False,sign_inconsistent_positive_harmless,0.0
hexc_00472,473,109490539,109490538,1,109490539,False,2,2.0,0,1,1,1.0,1.0,True,True,1,1,0,18.511348701661493,18.511348701661493,342.67003075450464,1,1,1,,0.0,0.0,0.0,0.0,0,0.0,0.0,0.0,1.0,0.5,1.0,0.0,0.0,0.0,0,0.0,inf,inf,False,False,1,0,1,0,0.0,0.0,0.0,1,1,0,18.511348701661493,18.511348701661493,342.67003075450464,1,0.0,0.0,0.0545556595614845,0.0530772959532355,False,False,True,True,False,sign_inconsistent_positive_harmless,0.0
hexc_00473,474,39691573,39691572,1,39691573,False,2,2.0,0,1,1,1.0,1.0,True,True,1,1,0,17.49664945612307,17.49664945612307,306.1327421904517,1,1,1,,0.0,0.0,0.0,0.0,0,0.0,0.0,0.0,1.0,0.5,1.0,0.0,0.0,0.0,0,0.0,inf,inf,False,False,1,0,1,0,0.0,0.0,0.0,1,1,0,17.49664945612307,17.49664945612307,306.1327421904517,1,0.0,0.0,0.0584362579013333,0.0560975584259437,False,False,True,True,False,sign_inconsistent_positive_harmless,0.0
hexc_00474,475,17585857,17585856,1,17585857,False,2,2.0,0,1,1,1.0,1.0,True,True,1,1,0,16.682605557419812,16.682605557419812,278.3093281844544,1,1,1,,0.0,0.0,0.0,0.0,0,0.0,0.0,0.0,1.0,0.5,1.0,0.0,0.0,0.0,0,0.0,inf,inf,False,False,1,0,1,0,0.0,0.0,0.0,1,1,0,16.682605557419812,16.682605557419812,278.3093281844544,1,0.0,0.0,0.0607320488763139,0.0587808378509593,False,False,True,True,False,sign_inconsistent_positive_harmless,0.0
hexc_00475,476,59141,59140,1,59141,False,2,2.0,0,1,1,1.0,1.0,True,True,1,1,0,10.987679702292933,10.987679702292933,120.72910524018012,1,1,1,,0.0,0.0,0.0,0.0,0,0.0,0.0,0.0,1.0,0.5,1.0,0.0,0.0,0.0,0,0.0,inf,inf,False,False,1,0,1,0,0.0,0.0,0.0,1,1,0,10.987679702292931,10.987679702292931,120.72910524018012,1,0.0,2.354172125591544e-16,0.091902998374857,0.0883327149329663,False,False,True,True,False,sign_inconsistent_positive_harmless,0.0
hexc_00476,477,17998327,17998326,1,17998327,False,2,2.0,0,1,1,1.0,1.0,True,True,1,1,0,16.705789367096394,16.705789367096394,279.0833983777909,1,1,1,,0.0,0.0,0.0,0.0,0,0.0,0.0,0.0,1.0,0.5,1.0,0.0,0.0,0.0,0,0.0,inf,inf,False,False,1,0,1,0,0.0,0.0,0.0,1,1,0,16.705789367096394,16.705789367096394,279.0833983777909,1,0.0,1.6294317524071412e-15,0.060032945144278,0.0587008736360581,False,False,True,True,False,sign_inconsistent_positive_harmless,0.0
hexc_00477,478,12895963,12895962,1,12895963,False,2,2.0,0,1,1,1.0,1.0,True,True,1,1,0,16.37242487461773,16.37242487461773,268.05629627500144,1,1,1,,0.0,0.0,0.0,0.0,0,0.0,0.0,0.0,1.0,0.5,1.0,0.0,0.0,0.0,0,0.0,inf,inf,False,False,1,0,1,0,0.0,0.0,0.0,1,1,0,16.37242487461773,16.37242487461773,268.05629627500144,1,0.0,2.5446931700865627e-15,0.0621454033244644,0.0598720307362329,False,False,True,True,False,sign_inconsistent_positive_harmless,0.0
hexc_00478,479,30795049,30795048,1,30795049,False,2,2.0,0,1,1,1.0,1.0,True,True,1,1,0,17.24286448826941,17.24286448826941,297.3163757608224,1,1,1,,0.0,0.0,0.0,0.0,0,0.0,0.0,0.0,1.0,0.5,1.0,0.0,0.0,0.0,0,0.0,inf,inf,False,False,1,0,1,0,0.0,0.0,0.0,1,1,0,17.24286448826941,17.24286448826941,297.3163757608224,1,0.0,1.5295065726628117e-15,0.0587764106373514,0.0569074420471223,False,False,True,True,False,sign_inconsistent_positive_harmless,0.0
hexc_00479,480,12422209,12422208,1,12422209,False,2,2.0,0,1,1,1.0,1.0,True,True,1,1,0,16.334996476947772,16.334996476947772,266.8321099018961,1,1,1,,0.0,0.0,0.0,0.0,0,0.0,0.0,0.0,1.0,0.5,1.0,0.0,0.0,0.0,0,0.0,inf,inf,False,False,1,0,1,0,0.0,0.0,0.0,1,1,0,16.334996476947772,16.334996476947772,266.8321099018961,1,0.0,0.0,0.0626318690183186,0.0600064453181241,False,False,True,True,False,sign_inconsistent_positive_harmless,0.0
hexc_00480,481,33877339,33877338,1,33877339,False,2,2.0,0,1,1,1.0,1.0,True,True,1,1,0,17.33825688275092,17.33825688275092,300.6151517322596,1,1,1,,0.0,0.0,0.0,0.0,0,0.0,0.0,0.0,1.0,0.5,1.0,0.0,0.0,0.0,0,0.0,inf,inf,False,False,1,0,1,0,0.0,0.0,0.0,1,1,0,17.33825688275092,17.33825688275092,300.6151517322596,1,0.0,0.0,0.0574697978033588,0.0566002968237105,False,False,True,True,False,sign_inconsistent_positive_harmless,0.0
hexc_00481,482,178037333,178037332,1,178037333,False,2,2.0,0,1,1,1.0,1.0,True,True,1,1,0,18.997503822219905,18.997503822219905,360.9051514752599,1,1,1,,0.0,0.0,0.0,0.0,0,0.0,0.0,0.0,1.0,0.5,1.0,0.0,0.0,0.0,0,0.0,inf,inf,False,False,1,0,1,0,0.0,0.0,0.0,1,1,0,18.997503822219905,18.997503822219905,360.9051514752599,1,0.0,0.0,0.0526050690035047,0.0517425525262968,False,False,True,True,False,sign_inconsistent_positive_harmless,0.0
hexc_00482,483,33453599,33453598,1,33453599,False,2,2.0,0,1,1,1.0,1.0,True,True,1,1,0,17.325669932173774,17.325669932173774,300.17883859863036,1,1,1,,0.0,0.0,0.0,0.0,0,0.0,0.0,0.0,1.0,0.5,1.0,0.0,0.0,0.0,0,0.0,inf,inf,False,False,1,0,1,0,0.0,0.0,0.0,1,1,0,17.325669932173774,17.325669932173774,300.1788385986304,1,0.0,0.0,0.0582047066805612,0.0566406344516098,False,False,True,True,False,sign_inconsistent_positive_harmless,0.0
hexc_00483,484,33486469,33486468,1,33486469,False,2,2.0,0,1,1,1.0,1.0,True,True,1,1,0,17.326652004753736,17.326652004753736,300.2128696938367,1,1,1,,0.0,0.0,0.0,0.0,0,0.0,0.0,0.0,1.0,0.5,1.0,0.0,0.0,0.0,0,0.0,inf,inf,False,False,1,0,1,0,0.0,0.0,0.0,1,1,0,17.326652004753736,17.326652004753736,300.2128696938367,1,0.0,0.0,0.0590543775726441,0.0566374851187895,False,False,True,True,False,sign_inconsistent_positive_harmless,0.0
hexc_00484,485,30788267,30788266,1,30788267,False,2,2.0,0,1,1,1.0,1.0,True,True,1,1,0,17.242644233808694,17.242644233808694,297.30878017369616,1,1,1,,0.0,0.0,0.0,0.0,0,0.0,0.0,0.0,1.0,0.5,1.0,0.0,0.0,0.0,0,0.0,inf,inf,False,False,1,0,1,0,0.0,0.0,0.0,1,1,0,17.242644233808694,17.242644233808694,297.30878017369616,1,0.0,0.0,0.0592444114270652,0.0569081550801295,False,False,True,True,False,sign_inconsistent_positive_harmless,0.0
hexc_00485,486,179621809,179621500,3,179621809,False,4,1.3333333333333333,0,3,1,1.0,1.0,True,True,2,2,0,38.012724856539755,19.00636243383714,722.4836255094976,1,3,2,2.0,26.75865279664806,80.27595838994418,6.335454148323887,4.479842586239616,2,0.6666666666666666,0.0,0.0,1.0,0.5,1.0,26.75865279664806,80.27595838994418,6.335454148323887,2,0.6666666666666666,1.0,1.0,False,False,2,2,2,2,26.75865279664806,80.27595838994418,5.172876646185182,2,2,0,38.01272485653976,19.00636243383714,722.4836255094976,2,0.499999999121253,0.0099532962003244,0.0607185564329466,0.0597197771485649,False,False,True,True,False,sign_inconsistent_positive_harmless,0.0
hexc_00486,487,109567891,109567750,3,109567891,False,4,1.3333333333333333,0,3,1,1.0,1.0,True,True,2,2,0,37.02410731121271,18.512053664733127,685.3922610960972,1,3,2,2.0,25.384898559114713,76.15469567734414,6.170684560995557,4.36333289118949,2,0.6666666666666666,0.0,0.0,1.0,0.5,1.0,25.384898559114713,76.15469567734414,6.170684560995557,2,0.6666666666666666,1.0,1.0,False,False,2,2,2,2,25.384898559114717,76.15469567734414,5.0383428385844,2,2,0,37.02410731121271,18.512053664733127,685.3922610960972,2,0.4999999985209466,0.0102143469142481,0.062415968235633,0.0612860813932336,False,False,True,True,False,sign_inconsistent_positive_harmless,-3.552713678800501e-15
hexc_00487,488,108563857,108563856,1,108563857,False,2,2.0,0,1,1,1.0,1.0,True,True,1,1,0,18.502849101599626,18.502849101599626,342.3554248765661,1,1,1,,0.0,0.0,0.0,0.0,0,0.0,0.0,0.0,1.0,0.5,1.0,0.0,0.0,0.0,0,0.0,inf,inf,False,False,1,0,1,0,0.0,0.0,0.0,1,1,0,18.502849101599622,18.502849101599622,342.3554248765661,1,0.0,0.0,0.054996504598093,0.0531012442497539,False,False,True,True,False,sign_inconsistent_positive_harmless,0.0
hexc_00488,489,12883709,12883708,1,12883709,False,2,2.0,0,1,1,1.0,1.0,True,True,1,1,0,16.371474203024786,16.371474203024786,268.02516758030606,1,1,1,,0.0,0.0,0.0,0.0,0,0.0,0.0,0.0,1.0,0.5,1.0,0.0,0.0,0.0,0,0.0,inf,inf,False,False,1,0,1,0,0.0,0.0,0.0,1,1,0,16.371474203024786,16.371474203024786,268.02516758030606,1,0.0,0.0,0.0626855439789416,0.0598754373811424,False,False,True,True,False,sign_inconsistent_positive_harmless,0.0
hexc_00489,490,1196177,1196176,1,1196177,False,2,2.0,0,1,1,1.0,1.0,True,True,1,1,0,13.994641195853822,13.994641195853822,195.84998220068888,1,1,1,,0.0,0.0,0.0,0.0,0,0.0,0.0,0.0,1.0,0.5,1.0,0.0,0.0,0.0,0,0.0,inf,inf,False,False,1,0,1,0,0.0,0.0,0.0,1,1,0,13.994641195853822,13.994641195853822,195.84998220068888,1,0.0,0.0,0.0723425694553522,0.0698049138286094,False,False,True,True,False,sign_inconsistent_positive_harmless,0.0
hexc_00490,491,30805079,30805078,1,30805079,False,2,2.0,0,1,1,1.0,1.0,True,True,1,1,0,17.243190136946268,17.243190136946268,297.32760609888106,1,1,1,,0.0,0.0,0.0,0.0,0,0.0,0.0,0.0,1.0,0.5,1.0,0.0,0.0,0.0,0,0.0,inf,inf,False,False,1,0,1,0,0.0,0.0,0.0,1,1,0,17.243190136946268,17.243190136946268,297.32760609888106,1,0.0,3.0588976035762426e-15,0.059199372758358,0.0569063878525934,False,False,True,True,False,sign_inconsistent_positive_harmless,0.0
hexc_00491,492,40864429,40864428,1,40864429,False,2,2.0,0,1,1,1.0,1.0,True,True,1,1,0,17.525770535997356,17.525770535997356,307.1526328804331,1,1,1,,0.0,0.0,0.0,0.0,0,0.0,0.0,0.0,1.0,0.5,1.0,0.0,0.0,0.0,0,0.0,inf,inf,False,False,1,0,1,0,0.0,0.0,0.0,1,1,0,17.525770535997356,17.525770535997356,307.1526328804331,1,0.0,0.0,0.0574003500361583,0.0560060980421217,False,False,True,True,False,sign_inconsistent_positive_harmless,0.0
hexc_00492,493,30776687,30776686,1,30776687,False,2,2.0,0,1,1,1.0,1.0,True,True,1,1,0,17.24226804575415,17.24226804575415,297.2958073616347,1,1,1,,0.0,0.0,0.0,0.0,0,0.0,0.0,0.0,1.0,0.5,1.0,0.0,0.0,0.0,0,0.0,inf,inf,False,False,1,0,1,0,0.0,0.0,0.0,1,1,0,17.24226804575415,17.24226804575415,297.2958073616347,1,0.0,0.0,0.0575172282560766,0.0569093729605598,False,False,True,True,False,sign_inconsistent_positive_harmless,0.0
hexc_00493,494,3440929,3440928,1,3440929,False,2,2.0,0,1,1,1.0,1.0,True,True,1,1,0,15.05125205102998,15.05125205102998,226.54018830363418,1,1,1,,0.0,0.0,0.0,0.0,0,0.0,0.0,0.0,1.0,0.5,1.0,0.0,0.0,0.0,0,0.0,inf,inf,False,False,1,0,1,0,0.0,0.0,0.0,1,1,0,15.05125205102998,15.05125205102998,226.54018830363415,1,0.0,5.018396010567469e-16,0.067330432211459,0.0650123145756811,False,False,True,True,False,sign_inconsistent_positive_harmless,0.0
hexc_00494,495,33475061,33475060,1,33475061,False,2,2.0,0,1,1,1.0,1.0,True,True,1,1,0,17.326311271795266,17.326311271795266,300.2010622871397,1,1,1,,0.0,0.0,0.0,0.0,0,0.0,0.0,0.0,1.0,0.5,1.0,0.0,0.0,0.0,0,0.0,inf,inf,False,False,1,0,1,0,0.0,0.0,0.0,1,1,0,17.326311271795266,17.326311271795266,300.2010622871397,1,0.0,0.0,0.0589771353560745,0.056638577749375,False,False,True,True,False,sign_inconsistent_positive_harmless,0.0
hexc_00495,496,7051189,7051188,1,7051189,False,2,2.0,0,1,1,1.0,1.0,True,True,1,1,0,15.768706813050489,15.768706813050489,248.6521145559449,1,1,1,,0.0,0.0,0.0,0.0,0,0.0,0.0,0.0,1.0,0.5,1.0,0.0,0.0,0.0,0,0.0,inf,inf,False,False,1,0,1,0,0.0,0.0,0.0,1,1,0,15.768706813050487,15.768706813050487,248.6521145559449,1,0.0,9.14424861615543e-16,0.0641413382477075,0.0621163297791918,False,False,True,True,False,sign_inconsistent_positive_harmless,0.0
hexc_00496,497,109712789,109712788,1,109712789,False,2,2.0,0,1,1,1.0,1.0,True,True,1,1,0,18.513376500036497,18.513376500036497,342.7451094321036,1,1,1,,0.0,0.0,0.0,0.0,0,0.0,0.0,0.0,1.0,0.5,1.0,0.0,0.0,0.0,0,0.0,inf,inf,False,False,1,0,1,0,0.0,0.0,0.0,1,1,0,18.513376500036497,18.513376500036497,342.7451094321036,1,0.0,0.0,0.0538341563467544,0.0530715856607732,False,False,True,True,False,sign_inconsistent_positive_harmless,0.0
hexc_00497,498,12784687,12784686,1,12784687,False,2,2.0,0,1,1,1.0,1.0,True,True,1,1,0,16.363758684593112,16.363758684593112,267.7725982875965,1,1,1,,0.0,0.0,0.0,0.0,0,0.0,0.0,0.0,1.0,0.5,1.0,0.0,0.0,0.0,0,0.0,inf,inf,False,False,1,0,1,0,0.0,0.0,0.0,1,1,0,16.363758684593112,16.363758684593112,267.7725982875965,1,0.0,8.491297350710445e-16,0.0623343985337305,0.0599030995784161,False,False,True,True,False,sign_inconsistent_positive_harmless,0.0
hexc_00498,499,7047823,7047822,1,7047823,False,2,2.0,0,1,1,1.0,1.0,True,True,1,1,0,15.768229332775425,15.768229332775425,248.6370562909993,1,1,1,,0.0,0.0,0.0,0.0,0,0.0,0.0,0.0,1.0,0.5,1.0,0.0,0.0,0.0,0,0.0,inf,inf,False,False,1,0,1,0,0.0,0.0,0.0,1,1,0,15.768229332775425,15.768229332775425,248.6370562909993,1,0.0,0.0,0.0635363577559428,0.0621181713545507,False,False,True,True,False,sign_inconsistent_positive_harmless,0.0
hexc_00499,500,30849131,30849130,1,30849131,False,2,2.0,0,1,1,1.0,1.0,True,True,1,1,0,17.244619139361394,17.244619139361394,297.3768892616293,1,1,1,,0.0,0.0,0.0,0.0,0,0.0,0.0,0.0,1.0,0.5,1.0,0.0,0.0,0.0,0,0.0,inf,inf,False,False,1,0,1,0,0.0,0.0,0.0,1,1,0,17.244619139361394,17.244619139361394,297.3768892616293,1,0.0,0.0,0.0582246638945879,0.0569017623271792,False,False,True,True,False,sign_inconsistent_positive_harmless,0.0
hexc_00500,501,33921049,33921048,1,33921049,False,2,2.0,0,1,1,1.0,1.0,True,True,1,1,0,17.339546294117334,17.339546294117334,300.65986568583816,1,1,1,,0.0,0.0,0.0,0.0,0,0.0,0.0,0.0,1.0,0.5,1.0,0.0,0.0,0.0,0,0.0,inf,inf,False,False,1,0,1,0,0.0,0.0,0.0,1,1,0,17.339546294117334,17.339546294117334,300.65986568583816,1,0.0,0.0,0.0589798781115919,0.0565961678666402,False,False,True,True,False,sign_inconsistent_positive_harmless,0.0
hexc_00501,502,3454387,3454386,1,3454387,False,2,2.0,0,1,1,1.0,1.0,True,True,1,1,0,15.05515557541925,15.05515557541925,226.6577094000773,1,1,1,,0.0,0.0,0.0,0.0,0,0.0,0.0,0.0,1.0,0.5,1.0,0.0,0.0,0.0,0,0.0,inf,inf,False,False,1,0,1,0,0.0,0.0,0.0,1,1,0,15.05515557541925,15.05515557541925,226.6577094000773,1,0.0,0.0,0.0679790673252031,0.064995828067846,False,False,True,True,False,sign_inconsistent_positive_harmless,0.0
hexc_00502,503,108585611,108585610,1,108585611,False,2,2.0,0,1,1,1.0,1.0,True,True,1,1,0,18.50304946128987,18.50304946128987,342.36283936693934,1,1,1,,0.0,0.0,0.0,0.0,0,0.0,0.0,0.0,1.0,0.5,1.0,0.0,0.0,0.0,0,0.0,inf,inf,False,False,1,0,1,0,0.0,0.0,0.0,1,1,0,18.50304946128987,18.50304946128987,342.36283936693934,1,0.0,0.0,0.0539363070407058,0.053100679471831,False,False,True,True,False,sign_inconsistent_positive_harmless,0.0
hexc_00503,504,109595947,109595946,1,109595947,False,2,2.0,0,1,1,1.0,1.0,True,True,1,1,0,18.51231095186741,18.51231095186741,342.70565677863004,1,1,1,,0.0,0.0,0.0,0.0,0,0.0,0.0,0.0,1.0,0.5,1.0,0.0,0.0,0.0,0,0.0,inf,inf,False,False,1,0,1,0,0.0,0.0,0.0,1,1,0,18.51231095186741,18.51231095186741,342.70565677863004,1,0.0,0.0,0.0549182451089935,0.0530745860977019,False,False,True,True,False,sign_inconsistent_positive_harmless,0.0
hexc_00504,505,30816259,30816258,1,30816259,False,2,2.0,0,1,1,1.0,1.0,True,True,1,1,0,17.24355299826949,17.24355299826949,297.3401200041287,1,1,1,,0.0,0.0,0.0,0.0,0,0.0,0.0,0.0,1.0,0.5,1.0,0.0,0.0,0.0,0,0.0,inf,inf,False,False,1,0,1,0,0.0,0.0,0.0,1,1,0,17.24355299826949,17.24355299826949,297.3401200041287,1,0.0,0.0,0.0592946600278837,0.056905213238747,False,False,True,True,False,sign_inconsistent_positive_harmless,0.0
hexc_00505,506,109494731,109494730,1,109494731,False,2,2.0,0,1,1,1.0,1.0,True,True,1,1,0,18.511386987341627,18.511386987341627,342.67144819512095,1,1,1,,0.0,0.0,0.0,0.0,0,0.0,0.0,0.0,1.0,0.5,1.0,0.0,0.0,0.0,0,0.0,inf,inf,False,False,1,0,1,0,0.0,0.0,0.0,1,1,0,18.511386987341627,18.511386987341627,342.67144819512095,1,0.0,0.0,0.0542490598802129,0.0530771881291531,False,False,True,True,False,sign_inconsistent_positive_harmless,0.0
hexc_00506,507,33844543,33844542,1,33844543,False,2,2.0,0,1,1,1.0,1.0,True,True,1,1,0,17.337288333100634,17.337288333100634,300.5815667450674,1,1,1,,0.0,0.0,0.0,0.0,0,0.0,0.0,0.0,1.0,0.5,1.0,0.0,0.0,0.0,0,0.0,inf,inf,False,False,1,0,1,0,0.0,0.0,0.0,1,1,0,17.337288333100634,17.337288333100634,300.5815667450674,1,0.0,1.5128916779921825e-15,0.0580375180528237,0.0566033987125048,False,False,True,True,False,sign_inconsistent_positive_harmless,0.0
hexc_00507,508,356287,356286,1,356287,False,2,2.0,0,1,1,1.0,1.0,True,True,1,1,0,12.78349186482108,12.78349186482108,163.41766425794674,1,1,1,,0.0,0.0,0.0,0.0,0,0.0,0.0,0.0,1.0,0.5,1.0,0.0,0.0,0.0,0,0.0,inf,inf,False,False,1,0,1,0,0.0,0.0,0.0,1,1,0,12.78349186482108,12.78349186482108,163.41766425794674,1,0.0,0.0,0.079146666755995,0.0762472151122743,False,False,True,True,False,sign_inconsistent_positive_harmless,0.0
hexc_00508,509,187493959,187493471,409,187493959,False,35,0.08557457212713937,0,409,66,12.029411764705882,4.5,True,True,21,21,0,400.0343697096055,19.049256757508537,7620.3569975695955,2,408,52,20.3,18.234602234530666,7457.952313923042,40.194398795994104,14.597409079229527,119,0.29095354523227385,31.0,7.666666666666667,23.0,6.085714285714285,0.7258641239570918,234.55007734955618,95930.98163596848,40.194398795994104,119,0.29095354523227385,12.862911640890706,1.0,False,False,3,32,32,10,18.234602234530666,7457.952313923042,4.270199320234439,21,21,0,400.0343697096055,19.049256757508537,7620.3569975695955,52,0.1318926163879129,0.0054600607682315,0.0527000394631234,0.0431053026544292,False,False,True,False,True,primitive_full_verified,0.0
hexc_00509,510,109637959,109637958,1,109637959,False,2,2.0,0,1,1,1.0,1.0,True,True,1,1,0,18.51269421375678,18.51269421375678,342.7198470520638,1,1,1,,0.0,0.0,0.0,0.0,0,0.0,0.0,0.0,1.0,0.5,1.0,0.0,0.0,0.0,0,0.0,inf,inf,False,False,1,0,1,0,0.0,0.0,0.0,1,1,0,18.51269421375678,18.51269421375678,342.7198470520638,1,0.0,0.0,0.0539602066688582,0.0530735068459402,False,False,True,True,False,sign_inconsistent_positive_harmless,0.0
hexc_00510,511,30824461,30824460,1,30824461,False,2,2.0,0,1,1,1.0,1.0,True,True,1,1,0,17.24381912105483,17.24381912105483,297.3492978796562,1,1,1,,0.0,0.0,0.0,0.0,0,0.0,0.0,0.0,1.0,0.5,1.0,0.0,0.0,0.0,0,0.0,inf,inf,False,False,1,0,1,0,0.0,0.0,0.0,1,1,0,17.24381912105483,17.24381912105483,297.3492978796562,1,0.0,1.5293372277290878e-15,0.0591672091169923,0.0569043518068205,False,False,True,True,False,sign_inconsistent_positive_harmless,0.0
hexc_00511,512,3440893,3440892,1,3440893,False,2,2.0,0,1,1,1.0,1.0,True,True,1,1,0,15.051241588684398,15.051241588684398,226.53987336094283,1,1,1,,0.0,0.0,0.0,0.0,0,0.0,0.0,0.0,1.0,0.5,1.0,0.0,0.0,0.0,0,0.0,inf,inf,False,False,1,0,1,0,0.0,0.0,0.0,1,1,0,15.051241588684398,15.051241588684398,226.53987336094283,1,0.0,0.0,0.0667862835392073,0.0650123587745575,False,False,True,True,False,sign_inconsistent_positive_harmless,0.0
hexc_00512,513,33413579,33413518,3,33413579,False,4,1.3333333333333333,0,3,1,1.0,1.0,True,True,2,2,0,34.648942332921095,17.324471196388554,600.2746023950458,1,3,2,2.0,22.232392681297984,66.69717804389396,5.774823752081517,4.0834170140916894,2,0.6666666666666666,0.0,0.0,1.0,0.5,1.0,22.232392681297984,66.69717804389396,5.774823752081517,2,0.6666666666666666,1.0,1.0,False,False,2,2,2,2,22.232392681297984,66.69717804389396,4.7151238245986695,2,2,0,34.648942332921095,17.324471196388554,600.2746023950458,2,0.4999999948175039,0.0109012329315828,0.0672557489636599,0.0654073972440767,False,False,True,True,False,sign_inconsistent_positive_harmless,0.0
hexc_00513,514,33925271,33925270,1,33925271,False,2,2.0,0,1,1,1.0,1.0,True,True,1,1,0,17.339670751862588,17.339670751862588,300.66418178299887,1,1,1,,0.0,0.0,0.0,0.0,0,0.0,0.0,0.0,1.0,0.5,1.0,0.0,0.0,0.0,0,0.0,inf,inf,False,False,1,0,1,0,0.0,0.0,0.0,1,1,0,17.339670751862588,17.339670751862588,300.66418178299887,1,0.0,0.0,0.0576781537726849,0.0565957693595299,False,False,True,True,False,sign_inconsistent_positive_harmless,0.0
hexc_00514,515,17988973,17988972,1,17988973,False,2,2.0,0,1,1,1.0,1.0,True,True,1,1,0,16.70526951702647,16.70526951702647,279.06602963649374,1,1,1,,0.0,0.0,0.0,0.0,0,0.0,0.0,0.0,1.0,0.5,1.0,0.0,0.0,0.0,0,0.0,inf,inf,False,False,1,0,1,0,0.0,0.0,0.0,1,1,0,16.70526951702647,16.70526951702647,279.06602963649374,1,0.0,0.0,0.0612996030095636,0.0587026642883238,False,False,True,True,False,sign_inconsistent_positive_harmless,0.0
hexc_00515,516,108563101,108563100,1,108563101,False,2,2.0,0,1,1,1.0,1.0,True,True,1,1,0,18.50284213793185,18.50284213793185,342.3551671812265,1,1,1,,0.0,0.0,0.0,0.0,0,0.0,0.0,0.0,1.0,0.5,1.0,0.0,0.0,0.0,0,0.0,inf,inf,False,False,1,0,1,0,0.0,0.0,0.0,1,1,0,18.50284213793185,18.50284213793185,342.3551671812265,1,0.0,0.0,0.0539925958935485,0.0531012638792985,False,False,True,True,False,sign_inconsistent_positive_harmless,0.0
hexc_00516,517,30819307,30819306,1,30819307,False,2,2.0,0,1,1,1.0,1.0,True,True,1,1,0,17.243651902204352,17.243651902204352,297.3435309243958,1,1,1,,0.0,0.0,0.0,0.0,0,0.0,0.0,0.0,1.0,0.5,1.0,0.0,0.0,0.0,0,0.0,inf,inf,False,False,1,0,1,0,0.0,0.0,0.0,1,1,0,17.243651902204352,17.243651902204352,297.3435309243958,1,0.0,0.0,0.0592365302710272,0.0569048930864643,False,False,True,True,False,sign_inconsistent_positive_harmless,0.0
hexc_00517,518,179148961,179148960,1,179148961,False,2,2.0,0,1,1,1.0,1.0,True,True,1,1,0,19.003728202089153,19.003728202089153,361.14168557887865,1,1,1,,0.0,0.0,0.0,0.0,0,0.0,0.0,0.0,1.0,0.5,1.0,0.0,0.0,0.0,0,0.0,inf,inf,False,False,1,0,1,0,0.0,0.0,0.0,1,1,0,19.003728202089157,19.003728202089157,361.14168557887865,1,0.0,0.0,0.0522904782391367,0.0517258984023017,False,False,True,True,False,sign_inconsistent_positive_harmless,0.0
hexc_00518,519,179651309,179651308,1,179651309,False,2,2.0,0,1,1,1.0,1.0,True,True,1,1,0,19.006528357887458,19.006528357887458,361.2481202191801,1,1,1,,0.0,0.0,0.0,0.0,0,0.0,0.0,0.0,1.0,0.5,1.0,0.0,0.0,0.0,0,0.0,inf,inf,False,False,1,0,1,0,0.0,0.0,0.0,1,1,0,19.006528357887458,19.006528357887458,361.2481202191801,1,0.0,0.0,0.0530909043365744,0.0517184097222482,False,False,True,True,False,sign_inconsistent_positive_harmless,0.0
hexc_00519,520,179378513,179378386,3,179378513,False,4,1.3333333333333333,0,3,1,1.0,1.0,True,True,2,2,0,38.01001606420933,19.005008037679474,722.3806606007257,1,3,2,2.0,26.754839281508357,80.26451784452507,6.335002682943028,4.479523352002004,2,0.6666666666666666,0.0,0.0,1.0,0.5,1.0,26.754839281508357,80.26451784452507,6.335002682943028,2,0.6666666666666666,1.0,1.0,False,False,2,2,2,2,26.75483928150836,80.26451784452507,5.172508026239143,2,2,0,38.01001606420933,19.005008037679477,722.3806606007257,2,0.4999999991199994,0.0099539943072285,0.0607122453167207,0.0597239657899124,False,False,True,True,False,sign_inconsistent_positive_harmless,-3.552713678800501e-15
hexc_00520,521,3452957,3452956,1,3452957,False,2,2.0,0,1,1,1.0,1.0,True,True,1,1,0,15.054741523355117,15.054741523355117,226.64524233503275,1,1,1,,0.0,0.0,0.0,0.0,0,0.0,0.0,0.0,1.0,0.5,1.0,0.0,0.0,0.0,0,0.0,inf,inf,False,False,1,0,1,0,0.0,0.0,0.0,1,1,0,15.054741523355116,15.054741523355116,226.64524233503275,1,0.0,0.0,0.0671528393559398,0.0649975764175927,False,False,True,True,False,sign_inconsistent_positive_harmless,0.0
hexc_00521,522,33913889,33913888,1,33913889,False,2,2.0,0,1,1,1.0,1.0,True,True,1,1,0,17.339335193459245,17.339335193459245,300.65254495113436,1,1,1,,0.0,0.0,0.0,0.0,0,0.0,0.0,0.0,1.0,0.5,1.0,0.0,0.0,0.0,0,0.0,inf,inf,False,False,1,0,1,0,0.0,0.0,0.0,1,1,0,17.339335193459245,17.339335193459245,300.6525449511344,1,0.0,0.0,0.0584378328293779,0.056596843812596,False,False,True,True,False,sign_inconsistent_positive_harmless,0.0
hexc_00522,523,179152973,179152972,1,179152973,False,2,2.0,0,1,1,1.0,1.0,True,True,1,1,0,19.00375059660964,19.00375059660964,361.1425367381412,1,1,1,,0.0,0.0,0.0,0.0,0,0.0,0.0,0.0,1.0,0.5,1.0,0.0,0.0,0.0,0,0.0,inf,inf,False,False,1,0,1,0,0.0,0.0,0.0,1,1,0,19.00375059660964,19.00375059660964,361.1425367381412,1,0.0,0.0,0.0538687959944211,0.0517258385022471,False,False,True,True,False,sign_inconsistent_positive_harmless,0.0
hexc_00523,524,179663573,179663572,1,179663573,False,2,2.0,0,1,1,1.0,1.0,True,True,1,1,0,19.00659662113298,19.00659662113298,361.2507151184637,1,1,1,,0.0,0.0,0.0,0.0,0,0.0,0.0,0.0,1.0,0.5,1.0,0.0,0.0,0.0,0,0.0,inf,inf,False,False,1,0,1,0,0.0,0.0,0.0,1,1,0,19.00659662113298,19.00659662113298,361.2507151184637,1,0.0,0.0,0.0534388495763542,0.0517182271874704,False,False,True,True,False,sign_inconsistent_positive_harmless,0.0
hexc_00524,525,40862021,40862020,1,40862021,False,2,2.0,0,1,1,1.0,1.0,True,True,1,1,0,17.52571160770668,17.52571160770668,307.1505673565046,1,1,1,,0.0,0.0,0.0,0.0,0,0.0,0.0,0.0,1.0,0.5,1.0,0.0,0.0,0.0,0,0.0,inf,inf,False,False,1,0,1,0,0.0,0.0,0.0,1,1,0,17.52571160770668,17.52571160770668,307.1505673565046,1,0.0,0.0,0.0578255929598368,0.0560062828167919,False,False,True,True,False,sign_inconsistent_positive_harmless,0.0
hexc_00525,526,179146433,179146269,4,179146433,False,5,1.25,0,4,1,1.0,1.0,True,True,2,2,0,38.0074263842422,19.00371319770313,722.2822301767951,2,4,2,2.0,45.14263941256953,180.57055765027812,9.501856601642583,6.009501770534361,3,0.75,0.0,0.0,2.0,0.8,1.0,45.14263941256953,180.57055765027812,9.501856601642583,3,0.75,1.0,1.0,False,False,2,2,3,2,45.14263941256953,180.5705576502781,6.718827234910087,2,2,0,38.0074263842422,19.00371319770313,722.2822301767951,2,0.399999999765013,0.0130807094930725,0.0531778236195784,0.0515269655534317,False,False,True,True,False,sign_inconsistent_positive_harmless,0.0
hexc_00526,527,113356141,113356140,1,113356141,False,2,2.0,0,1,1,1.0,1.0,True,True,1,1,0,18.546045110777136,18.546045110777136,343.9557892509805,1,1,1,,0.0,0.0,0.0,0.0,0,0.0,0.0,0.0,1.0,0.5,1.0,0.0,0.0,0.0,0,0.0,inf,inf,False,False,1,0,1,0,0.0,0.0,0.0,1,1,0,18.546045110777136,18.546045110777136,343.9557892509805,1,0.0,0.0,0.0543127915521944,0.0529797596530064,False,False,True,True,False,sign_inconsistent_positive_harmless,0.0
hexc_00527,528,12787051,12787050,1,12787051,False,2,2.0,0,1,1,1.0,1.0,True,True,1,1,0,16.363943576211096,16.363943576211096,267.7786493654204,1,1,1,,0.0,0.0,0.0,0.0,0,0.0,0.0,0.0,1.0,0.5,1.0,0.0,0.0,0.0,0,0.0,inf,inf,False,False,1,0,1,0,0.0,0.0,0.0,1,1,0,16.363943576211096,16.363943576211096,267.7786493654204,1,0.0,0.0,0.0623841782535297,0.0599024363937307,False,False,True,True,False,sign_inconsistent_positive_harmless,0.0
hexc_00528,529,30775463,30775462,1,30775463,False,2,2.0,0,1,1,1.0,1.0,True,True,1,1,0,17.242228274600745,17.242228274600745,297.2944358734414,1,1,1,,0.0,0.0,0.0,0.0,0,0.0,0.0,0.0,1.0,0.5,1.0,0.0,0.0,0.0,0,0.0,inf,inf,False,False,1,0,1,0,0.0,0.0,0.0,1,1,0,17.242228274600745,17.242228274600745,297.2944358734414,1,0.0,0.0,0.0589936799309258,0.056909501719713,False,False,True,True,False,sign_inconsistent_positive_harmless,0.0
hexc_00529,530,30372257,30372256,1,30372257,False,2,2.0,0,1,1,1.0,1.0,True,True,1,1,0,17.229040151020538,17.229040151020538,296.8398245254778,1,1,1,,0.0,0.0,0.0,0.0,0,0.0,0.0,0.0,1.0,0.5,1.0,0.0,0.0,0.0,0,0.0,inf,inf,False,False,1,0,1,0,0.0,0.0,0.0,1,1,0,17.229040151020538,17.229040151020538,296.8398245254778,1,0.0,0.0,0.0585621346261097,0.0569522304261081,False,False,True,True,False,sign_inconsistent_positive_harmless,0.0
hexc_00530,531,30405521,30405520,1,30405521,False,2,2.0,0,1,1,1.0,1.0,True,True,1,1,0,17.230134761729122,17.230134761729122,296.87754390734625,1,1,1,,0.0,0.0,0.0,0.0,0,0.0,0.0,0.0,1.0,0.5,1.0,0.0,0.0,0.0,0,0.0,inf,inf,False,False,1,0,1,0,0.0,0.0,0.0,1,1,0,17.230134761729122,17.230134761729122,296.87754390734625,1,0.0,0.0,0.0588415207934629,0.0569486815143068,False,False,True,True,False,sign_inconsistent_positive_harmless,0.0
hexc_00531,532,604687003,604687002,1,604687003,True,2,2.0,0,1,1,1.0,1.0,True,True,1,1,0,20.220221531709992,20.220221531709992,408.8573587914284,1,1,1,,0.0,0.0,0.0,0.0,0,0.0,0.0,0.0,1.0,0.5,1.0,0.0,0.0,0.0,0,0.0,inf,inf,False,False,1,0,1,0,0.0,0.0,0.0,1,1,0,20.220221531709992,20.220221531709992,408.8573587914284,1,0.0,4.448958455640229e-15,0.0495970487553804,0.048664579562722,False,False,False,True,False,sign_inconsistent_positive_harmless,0.0
hexc_00532,533,1516817,1516816,1,1516817,False,2,2.0,0,1,1,1.0,1.0,True,True,1,1,0,14.232124618225994,14.232124618225994,202.55337114871438,1,1,1,,0.0,0.0,0.0,0.0,0,0.0,0.0,0.0,1.0,0.5,1.0,0.0,0.0,0.0,0,0.0,inf,inf,False,False,1,0,1,0,0.0,0.0,0.0,1,1,0,14.232124618225994,14.232124618225994,202.5533711487144,1,0.0,0.0,0.0719952590113774,0.0686672084218936,False,False,True,True,False,sign_inconsistent_positive_harmless,0.0
hexc_00533,534,109710431,109710430,1,109710431,False,2,2.0,0,1,1,1.0,1.0,True,True,1,1,0,18.513355007324833,18.513355007324833,342.7443136272395,1,1,1,,0.0,0.0,0.0,0.0,0,0.0,0.0,0.0,1.0,0.5,1.0,0.0,0.0,0.0,0,0.0,inf,inf,False,False,1,0,1,0,0.0,0.0,0.0,1,1,0,18.513355007324837,18.513355007324837,342.7443136272395,1,0.0,0.0,0.0537419808709699,0.0530716461779371,False,False,True,True,False,sign_inconsistent_positive_harmless,0.0
hexc_00534,535,187510417,187510416,1,187510417,False,2,2.0,0,1,1,1.0,1.0,True,True,1,1,0,19.04934495916482,19.04934495916482,362.87754337325816,1,1,1,,0.0,0.0,0.0,0.0,0,0.0,0.0,0.0,1.0,0.5,1.0,0.0,0.0,0.0,0,0.0,inf,inf,False,False,1,0,1,0,0.0,0.0,0.0,1,1,0,19.04934495916482,19.04934495916482,362.87754337325816,1,0.0,0.0,0.0531373503880506,0.0516041712586878,False,False,True,True,False,sign_inconsistent_positive_harmless,0.0
hexc_00535,536,40837523,40837522,1,40837523,False,2,2.0,0,1,1,1.0,1.0,True,True,1,1,0,17.52511189809914,17.52511189809914,307.12954704089606,1,1,1,,0.0,0.0,0.0,0.0,0,0.0,0.0,0.0,1.0,0.5,1.0,0.0,0.0,0.0,0,0.0,inf,inf,False,False,1,0,1,0,0.0,0.0,0.0,1,1,0,17.52511189809914,17.52511189809914,307.12954704089606,1,0.0,0.0,0.0582862399690892,0.0560081633266247,False,False,True,True,False,sign_inconsistent_positive_harmless,0.0
hexc_00536,537,109705961,109705906,3,109705961,False,4,1.3333333333333333,0,3,1,1.0,1.0,True,True,2,2,0,37.026627559532216,18.513313788881387,685.4855742161553,1,3,2,2.0,25.388354600598337,76.16506380179501,6.171104602370647,4.363629905302322,2,0.6666666666666666,0.0,0.0,1.0,0.5,1.0,25.388354600598337,76.16506380179501,6.171104602370647,2,0.6666666666666666,1.0,1.0,False,False,2,2,2,2,25.388354600598337,76.16506380179501,5.038685800940394,2,2,0,37.026627559532216,18.513313788881387,685.4855742161553,2,0.4999999985229097,0.0102136648919393,0.062945964652692,0.0612819892595111,False,False,True,True,False,sign_inconsistent_positive_harmless,0.0
hexc_00537,538,22051937,22051936,1,22051937,False,2,2.0,0,1,1,1.0,1.0,True,True,1,1,0,16.9089110018039,16.9089110018039,285.911271266925,1,1,1,,0.0,0.0,0.0,0.0,0,0.0,0.0,0.0,1.0,0.5,1.0,0.0,0.0,0.0,0,0.0,inf,inf,False,False,1,0,1,0,0.0,0.0,0.0,1,1,0,16.9089110018039,16.9089110018039,285.911271266925,1,0.0,0.0,0.0592227219681117,0.0580094686834484,False,False,True,True,False,sign_inconsistent_positive_harmless,0.0
hexc_00538,539,30405239,30405238,1,30405239,False,2,2.0,0,1,1,1.0,1.0,True,True,1,1,0,17.230125487054703,17.230125487054703,296.8772242996521,1,1,1,,0.0,0.0,0.0,0.0,0,0.0,0.0,0.0,1.0,0.5,1.0,0.0,0.0,0.0,0,0.0,inf,inf,False,False,1,0,1,0,0.0,0.0,0.0,1,1,0,17.230125487054703,17.230125487054703,296.8772242996521,1,0.0,0.0,0.0586840450587244,0.0569487115825017,False,False,True,True,False,sign_inconsistent_positive_harmless,0.0
hexc_00539,540,39693659,39693658,1,39693659,False,2,2.0,0,1,1,1.0,1.0,True,True,1,1,0,17.49670200997844,17.49670200997844,306.13458122598354,1,1,1,,0.0,0.0,0.0,0.0,0,0.0,0.0,0.0,1.0,0.5,1.0,0.0,0.0,0.0,0,0.0,inf,inf,False,False,1,0,1,0,0.0,0.0,0.0,1,1,0,17.49670200997844,17.49670200997844,306.13458122598354,1,0.0,0.0,0.0578586689500238,0.0560973931014394,False,False,True,True,False,sign_inconsistent_positive_harmless,0.0
hexc_00540,541,109549709,109549708,1,109549709,False,2,2.0,0,1,1,1.0,1.0,True,True,1,1,0,18.511888967680907,18.511888967680907,342.6900331517461,1,1,1,,0.0,0.0,0.0,0.0,0,0.0,0.0,0.0,1.0,0.5,1.0,0.0,0.0,0.0,0,0.0,inf,inf,False,False,1,0,1,0,0.0,0.0,0.0,1,1,0,18.511888967680907,18.511888967680907,342.6900331517461,1,0.0,0.0,0.0553866981611319,0.0530757744408255,False,False,True,True,False,sign_inconsistent_positive_harmless,0.0
hexc_00541,542,109708373,109708372,1,109708373,False,2,2.0,0,1,1,1.0,1.0,True,True,1,1,0,18.513336248677327,18.513336248677327,342.74361905658986,1,1,1,,0.0,0.0,0.0,0.0,0,0.0,0.0,0.0,1.0,0.5,1.0,0.0,0.0,0.0,0,0.0,inf,inf,False,False,1,0,1,0,0.0,0.0,0.0,1,1,0,18.513336248677327,18.513336248677327,342.74361905658986,1,0.0,0.0,0.0539226810221447,0.0530716989968936,False,False,True,True,False,sign_inconsistent_positive_harmless,0.0
hexc_00542,543,1513361,1513360,1,1513361,False,2,2.0,0,1,1,1.0,1.0,True,True,1,1,0,14.229843563120635,14.229843563120635,202.48844783088578,1,1,1,,0.0,0.0,0.0,0.0,0,0.0,0.0,0.0,1.0,0.5,1.0,0.0,0.0,0.0,0,0.0,inf,inf,False,False,1,0,1,0,0.0,0.0,0.0,1,1,0,14.229843563120635,14.229843563120635,202.48844783088575,1,0.0,0.0,0.0719137564642965,0.0686779598890257,False,False,True,True,False,sign_inconsistent_positive_harmless,0.0
hexc_00543,544,39639179,39639178,1,39639179,False,2,2.0,0,1,1,1.0,1.0,True,True,1,1,0,17.495328555808953,17.495328555808953,306.0865212757042,1,1,1,,0.0,0.0,0.0,0.0,0,0.0,0.0,0.0,1.0,0.5,1.0,0.0,0.0,0.0,0,0.0,inf,inf,False,False,1,0,1,0,0.0,0.0,0.0,1,1,0,17.495328555808953,17.495328555808953,306.0865212757042,1,0.0,0.0,0.0572991505271071,0.0561017140488234,False,False,True,True,False,sign_inconsistent_positive_harmless,0.0
hexc_00544,545,3439529,3439528,1,3439529,False,2,2.0,0,1,1,1.0,1.0,True,True,1,1,0,15.050845101370722,15.050845101370722,226.52793826545508,1,1,1,,0.0,0.0,0.0,0.0,0,0.0,0.0,0.0,1.0,0.5,1.0,0.0,0.0,0.0,0,0.0,inf,inf,False,False,1,0,1,0,0.0,0.0,0.0,1,1,0,15.050845101370722,15.050845101370722,226.52793826545508,1,0.0,0.0,0.067250622654454,0.0650140338058985,False,False,True,True,False,sign_inconsistent_positive_harmless,0.0
hexc_00545,546,109707407,109707406,1,109707407,False,2,2.0,0,1,1,1.0,1.0,True,True,1,1,0,18.513327443476534,18.513327443476534,342.7432930293814,1,1,1,,0.0,0.0,0.0,0.0,0,0.0,0.0,0.0,1.0,0.5,1.0,0.0,0.0,0.0,0,0.0,inf,inf,False,False,1,0,1,0,0.0,0.0,0.0,1,1,0,18.51332744347653,18.51332744347653,342.7432930293814,1,0.0,0.0,0.0546180793996679,0.053071723789842,False,False,True,True,False,sign_inconsistent_positive_harmless,0.0
hexc_00546,547,187428431,187428430,1,187428431,False,2,2.0,0,1,1,1.0,1.0,True,True,1,1,0,19.04890762917491,19.04890762917491,362.86088186483806,1,1,1,,0.0,0.0,0.0,0.0,0,0.0,0.0,0.0,1.0,0.5,1.0,0.0,0.0,0.0,0,0.0,inf,inf,False,False,1,0,1,0,0.0,0.0,0.0,1,1,0,19.04890762917491,19.04890762917491,362.86088186483806,1,0.0,0.0,0.0533980768267338,0.0516053355433057,False,False,True,True,False,sign_inconsistent_positive_harmless,0.0
hexc_00547,548,187428029,187428028,1,187428029,False,2,2.0,0,1,1,1.0,1.0,True,True,1,1,0,19.04890548435393,19.04890548435393,362.8608001518493,1,1,1,,0.0,0.0,0.0,0.0,0,0.0,0.0,0.0,1.0,0.5,1.0,0.0,0.0,0.0,0,0.0,inf,inf,False,False,1,0,1,0,0.0,0.0,0.0,1,1,0,19.04890548435393,19.04890548435393,362.8608001518493,1,0.0,0.0,0.0533775287472083,0.0516053412535002,False,False,True,True,False,sign_inconsistent_positive_harmless,0.0
hexc_00548,549,180642563,180642562,1,180642563,False,2,2.0,0,1,1,1.0,1.0,True,True,1,1,0,19.012030846706068,19.012030846706068,361.4573169161031,1,1,1,,0.0,0.0,0.0,0.0,0,0.0,0.0,0.0,1.0,0.5,1.0,0.0,0.0,0.0,0,0.0,inf,inf,False,False,1,0,1,0,0.0,0.0,0.0,1,1,0,19.012030846706068,19.012030846706068,361.4573169161031,1,0.0,0.0,0.0527301641514067,0.0517037002906878,False,False,True,True,False,sign_inconsistent_positive_harmless,0.0
hexc_00549,550,7049821,7049820,1,7049821,False,2,2.0,0,1,1,1.0,1.0,True,True,1,1,0,15.768512784395195,15.768512784395195,248.6459954316347,1,1,1,,0.0,0.0,0.0,0.0,0,0.0,0.0,0.0,1.0,0.5,1.0,0.0,0.0,0.0,0,0.0,inf,inf,False,False,1,0,1,0,0.0,0.0,0.0,1,1,0,15.768512784395195,15.768512784395195,248.6459954316347,1,0.0,0.0,0.0635646765148008,0.0621170781077055,False,False,True,True,False,sign_inconsistent_positive_harmless,0.0
hexc_00550,551,178893971,178893970,1,178893971,False,2,2.0,0,1,1,1.0,1.0,True,True,1,1,0,19.002303847519798,19.002303847519798,361.0875515134657,1,1,1,,0.0,0.0,0.0,0.0,0,0.0,0.0,0.0,1.0,0.5,1.0,0.0,0.0,0.0,0,0.0,inf,inf,False,False,1,0,1,0,0.0,0.0,0.0,1,1,0,19.0023038475198,19.0023038475198,361.0875515134657,1,0.0,0.0,0.0530024887145839,0.0517297084993061,False,False,True,True,False,sign_inconsistent_positive_harmless,0.0
hexc_00551,552,40874503,40874502,1,40874503,False,2,2.0,0,1,1,1.0,1.0,True,True,1,1,0,17.526017028086365,17.526017028086365,307.1612728687732,1,1,1,,0.0,0.0,0.0,0.0,0,0.0,0.0,0.0,1.0,0.5,1.0,0.0,0.0,0.0,0,0.0,inf,inf,False,False,1,0,1,0,0.0,0.0,0.0,1,1,0,17.526017028086365,17.526017028086365,307.1612728687732,1,0.0,0.0,0.0570161561593372,0.0560053251584087,False,False,True,True,False,sign_inconsistent_positive_harmless,0.0
hexc_00552,553,30819421,30819420,1,30819421,False,2,2.0,0,1,1,1.0,1.0,True,True,1,1,0,17.243655601177505,17.243655601177505,297.3436584920203,1,1,1,,0.0,0.0,0.0,0.0,0,0.0,0.0,0.0,1.0,0.5,1.0,0.0,0.0,0.0,0,0.0,inf,inf,False,False,1,0,1,0,0.0,0.0,0.0,1,1,0,17.243655601177505,17.243655601177505,297.3436584920203,1,0.0,1.5293662329733794e-15,0.0587588750929464,0.0569048811129488,False,False,True,True,False,sign_inconsistent_positive_harmless,0.0
hexc_00553,554,180640799,180640798,1,180640799,False,2,2.0,0,1,1,1.0,1.0,True,True,1,1,0,19.012021081517933,19.012021081517933,361.4569456040823,1,1,1,,0.0,0.0,0.0,0.0,0,0.0,0.0,0.0,1.0,0.5,1.0,0.0,0.0,0.0,0,0.0,inf,inf,False,False,1,0,1,0,0.0,0.0,0.0,1,1,0,19.012021081517933,19.012021081517933,361.4569456040823,1,0.0,0.0,0.05321805432487,0.0517037263878936,False,False,True,True,False,sign_inconsistent_positive_harmless,0.0
hexc_00554,555,108537551,108537550,1,108537551,False,2,2.0,0,1,1,1.0,1.0,True,True,1,1,0,18.502606763234606,18.502606763234606,342.34645703489497,1,1,1,,0.0,0.0,0.0,0.0,0,0.0,0.0,0.0,1.0,0.5,1.0,0.0,0.0,0.0,0,0.0,inf,inf,False,False,1,0,1,0,0.0,0.0,0.0,1,1,0,18.502606763234606,18.502606763234606,342.34645703489497,1,0.0,0.0,0.0546192148320618,0.0531019273740633,False,False,True,True,False,sign_inconsistent_positive_harmless,0.0
hexc_00555,556,17641999,17641998,1,17641999,False,2,2.0,0,1,1,1.0,1.0,True,True,1,1,0,16.685792924117933,16.685792924117933,278.4156855065441,1,1,1,,0.0,0.0,0.0,0.0,0,0.0,0.0,0.0,1.0,0.5,1.0,0.0,0.0,0.0,0,0.0,inf,inf,False,False,1,0,1,0,0.0,0.0,0.0,1,1,0,16.685792924117933,16.685792924117933,278.4156855065441,1,0.0,0.0,0.0598426521833724,0.0587698312663253,False,False,True,True,False,sign_inconsistent_positive_harmless,0.0
hexc_00556,557,3290149,3290148,1,3290149,False,2,2.0,0,1,1,1.0,1.0,True,True,1,1,0,15.00644341046985,15.00644341046985,225.19334383163397,1,1,1,,0.0,0.0,0.0,0.0,0,0.0,0.0,0.0,1.0,0.5,1.0,0.0,0.0,0.0,0,0.0,inf,inf,False,False,1,0,1,0,0.0,0.0,0.0,1,1,0,15.00644341046985,15.00644341046985,225.193343831634,1,0.0,5.048410214407318e-16,0.0675498915325295,0.0652021640410813,False,False,True,True,False,sign_inconsistent_positive_harmless,0.0
hexc_00557,558,33912947,33912946,1,33912947,False,2,2.0,0,1,1,1.0,1.0,True,True,1,1,0,17.33930741684292,17.33930741684292,300.65158169578393,1,1,1,,0.0,0.0,0.0,0.0,0,0.0,0.0,0.0,1.0,0.5,1.0,0.0,0.0,0.0,0,0.0,inf,inf,False,False,1,0,1,0,0.0,0.0,0.0,1,1,0,17.33930741684292,17.33930741684292,300.65158169578393,1,0.0,0.0,0.0574866140386708,0.0565969327547419,False,False,True,True,False,sign_inconsistent_positive_harmless,0.0
hexc_00558,559,179412683,179412616,3,179412683,False,4,1.3333333333333333,0,3,1,1.0,1.0,True,True,2,2,0,38.010397679127564,19.005198845137524,722.3951658627129,1,3,2,2.0,26.755376513433816,80.26612954030145,6.33506628542834,4.479568325751418,2,0.6666666666666666,0.0,0.0,1.0,0.5,1.0,26.755376513433816,80.26612954030145,6.33506628542834,2,0.6666666666666666,1.0,1.0,False,False,2,2,2,2,26.755376513433816,80.26612954030145,5.172559957451805,2,2,0,38.01039767912757,19.005198845137524,722.3951658627129,2,0.4999999991201755,0.0099538964517706,0.0619950192191761,0.0597233786571672,False,False,True,True,False,sign_inconsistent_positive_harmless,0.0
hexc_00559,560,12421481,12421480,1,12421481,False,2,2.0,0,1,1,1.0,1.0,True,True,1,1,0,16.334937870516907,16.334937870516907,266.83019523364743,1,1,1,,0.0,0.0,0.0,0.0,0,0.0,0.0,0.0,1.0,0.5,1.0,0.0,0.0,0.0,0,0.0,inf,inf,False,False,1,0,1,0,0.0,0.0,0.0,1,1,0,16.334937870516907,16.334937870516907,266.83019523364743,1,0.0,0.0,0.0622752181913237,0.0600066562612844,False,False,True,True,False,sign_inconsistent_positive_harmless,0.0
hexc_00560,561,33413669,33413668,1,33413669,False,2,2.0,0,1,1,1.0,1.0,True,True,1,1,0,17.32447562572338,17.32447562572338,300.1374557062835,1,1,1,,0.0,0.0,0.0,0.0,0,0.0,0.0,0.0,1.0,0.5,1.0,0.0,0.0,0.0,0,0.0,inf,inf,False,False,1,0,1,0,0.0,0.0,0.0,1,1,0,17.32447562572338,17.32447562572338,300.1374557062835,1,0.0,0.0,0.0587642933105582,0.0566444648526678,False,False,True,True,False,sign_inconsistent_positive_harmless,0.0
hexc_00561,562,30819749,30819748,1,30819749,False,2,2.0,0,1,1,1.0,1.0,True,True,1,1,0,17.243666243760785,17.243666243760785,297.3440255262152,1,1,1,,0.0,0.0,0.0,0.0,0,0.0,0.0,0.0,1.0,0.5,1.0,0.0,0.0,0.0,0,0.0,inf,inf,False,False,1,0,1,0,0.0,0.0,0.0,1,1,0,17.243666243760785,17.243666243760785,297.3440255262152,1,0.0,0.0,0.0580547828799747,0.0569048466631077,False,False,True,True,False,sign_inconsistent_positive_harmless,0.0
hexc_00562,563,179149511,179149510,1,179149511,False,2,2.0,0,1,1,1.0,1.0,True,True,1,1,0,19.003731272155274,19.003731272155274,361.1418022642923,1,1,1,,0.0,0.0,0.0,0.0,0,0.0,0.0,0.0,1.0,0.5,1.0,0.0,0.0,0.0,0,0.0,inf,inf,False,False,1,0,1,0,0.0,0.0,0.0,1,1,0,19.003731272155274,19.003731272155274,361.1418022642923,1,0.0,0.0,0.0531911372632449,0.0517258901905932,False,False,True,True,False,sign_inconsistent_positive_harmless,0.0
hexc_00563,564,33919969,33919968,1,33919969,False,2,2.0,0,1,1,1.0,1.0,True,True,1,1,0,17.339514454972466,17.339514454972466,300.65876153419913,1,1,1,,0.0,0.0,0.0,0.0,0,0.0,0.0,0.0,1.0,0.5,1.0,0.0,0.0,0.0,0,0.0,inf,inf,False,False,1,0,1,0,0.0,0.0,0.0,1,1,0,17.339514454972466,17.339514454972466,300.6587615341992,1,0.0,0.0,0.0572929033583325,0.0565962698147988,False,False,True,True,False,sign_inconsistent_positive_harmless,0.0
hexc_00564,565,108548483,108548482,1,108548483,False,2,2.0,0,1,1,1.0,1.0,True,True,1,1,0,18.502707479064252,18.502707479064252,342.3501840558202,1,1,1,,0.0,0.0,0.0,0.0,0,0.0,0.0,0.0,1.0,0.5,1.0,0.0,0.0,0.0,0,0.0,inf,inf,False,False,1,0,1,0,0.0,0.0,0.0,1,1,0,18.50270747906425,18.50270747906425,342.3501840558202,1,0.0,0.0,0.0548290277819213,0.0531016434654513,False,False,True,True,False,sign_inconsistent_positive_harmless,0.0
hexc_00565,566,179410463,179410462,1,179410463,False,2,2.0,0,1,1,1.0,1.0,True,True,1,1,0,19.00518682807336,19.00518682807336,361.1971263699731,1,1,1,,0.0,0.0,0.0,0.0,0,0.0,0.0,0.0,1.0,0.5,1.0,0.0,0.0,0.0,0,0.0,inf,inf,False,False,1,0,1,0,0.0,0.0,0.0,1,1,0,19.00518682807336,19.00518682807336,361.1971263699731,1,0.0,0.0,0.0529344425052005,0.0517219972119527,False,False,True,True,False,sign_inconsistent_positive_harmless,0.0
hexc_00566,567,187494809,187494808,1,187494809,False,2,2.0,0,1,1,1.0,1.0,True,True,1,1,0,19.049261717658162,19.049261717658162,362.87437198783675,1,1,1,,0.0,0.0,0.0,0.0,0,0.0,0.0,0.0,1.0,0.5,1.0,0.0,0.0,0.0,0,0.0,inf,inf,False,False,1,0,1,0,0.0,0.0,0.0,1,1,0,19.04926171765816,19.04926171765816,362.8743719878368,1,0.0,0.0,0.0533769146537428,0.0516043928648815,False,False,True,True,False,sign_inconsistent_positive_harmless,0.0
hexc_00567,568,22049009,22049008,1,22049009,False,2,2.0,0,1,1,1.0,1.0,True,True,1,1,0,16.90877821553649,16.90877821553649,285.90678074220136,1,1,1,,0.0,0.0,0.0,0.0,0,0.0,0.0,0.0,1.0,0.5,1.0,0.0,0.0,0.0,0,0.0,inf,inf,False,False,1,0,1,0,0.0,0.0,0.0,1,1,0,16.90877821553649,16.90877821553649,285.90678074220136,1,0.0,3.1810882533527895e-15,0.0601826318256086,0.058009915355913,False,False,True,True,False,sign_inconsistent_positive_harmless,0.0
hexc_00568,569,12801863,12801862,1,12801863,False,2,2.0,0,1,1,1.0,1.0,True,True,1,1,0,16.365101265173926,16.365101265173926,267.81653941939726,1,1,1,,0.0,0.0,0.0,0.0,0,0.0,0.0,0.0,1.0,0.5,1.0,0.0,0.0,0.0,0,0.0,inf,inf,False,False,1,0,1,0,0.0,0.0,0.0,1,1,0,16.365101265173926,16.365101265173926,267.81653941939726,1,0.0,0.0,0.0618257782739292,0.0598982842320005,False,False,True,True,False,sign_inconsistent_positive_harmless,0.0
hexc_00569,570,3457007,3457006,1,3457007,False,2,2.0,0,1,1,1.0,1.0,True,True,1,1,0,15.055913743778772,15.055913743778772,226.68053866010652,1,1,1,,0.0,0.0,0.0,0.0,0,0.0,0.0,0.0,1.0,0.5,1.0,0.0,0.0,0.0,0,0.0,inf,inf,False,False,1,0,1,0,0.0,0.0,0.0,1,1,0,15.055913743778772,15.055913743778772,226.6805386601065,1,0.0,0.0,0.0670021121055387,0.064992626918314,False,False,True,True,False,sign_inconsistent_positive_harmless,0.0
hexc_00570,571,33876299,33876298,1,33876299,False,2,2.0,0,1,1,1.0,1.0,True,True,1,1,0,17.338226183292385,17.338226183292385,300.6140871830056,1,1,1,,0.0,0.0,0.0,0.0,0,0.0,0.0,0.0,1.0,0.5,1.0,0.0,0.0,0.0,0,0.0,inf,inf,False,False,1,0,1,0,0.0,0.0,0.0,1,1,0,17.338226183292385,17.338226183292385,300.6140871830056,1,0.0,1.5127280133403276e-15,0.0575605054459224,0.0566003951369519,False,False,True,True,False,sign_inconsistent_positive_harmless,0.0
hexc_00571,572,109707049,109707048,1,109707049,False,2,2.0,0,1,1,1.0,1.0,True,True,1,1,0,18.513324180245785,18.513324180245785,342.74317220287327,1,1,1,,0.0,0.0,0.0,0.0,0,0.0,0.0,0.0,1.0,0.5,1.0,0.0,0.0,0.0,0,0.0,inf,inf,False,False,1,0,1,0,0.0,0.0,0.0,1,1,0,18.513324180245785,18.513324180245785,342.74317220287327,1,0.0,0.0,0.0553866321277111,0.053071732978181,False,False,True,True,False,sign_inconsistent_positive_harmless,0.0
hexc_00572,573,187422503,187422502,1,187422503,False,2,2.0,0,1,1,1.0,1.0,True,True,1,1,0,19.048876000602252,19.048876000602252,362.85967688632047,1,1,1,,0.0,0.0,0.0,0.0,0,0.0,0.0,0.0,1.0,0.5,1.0,0.0,0.0,0.0,0,0.0,inf,inf,False,False,1,0,1,0,0.0,0.0,0.0,1,1,0,19.04887600060225,19.04887600060225,362.85967688632047,1,0.0,0.0,0.0527563650979463,0.0516054197487172,False,False,True,True,False,sign_inconsistent_positive_harmless,0.0
hexc_00573,574,39640721,39640720,1,39640721,False,2,2.0,0,1,1,1.0,1.0,True,True,1,1,0,17.495367455958934,17.495367455958934,306.087882419027,1,1,1,,0.0,0.0,0.0,0.0,0,0.0,0.0,0.0,1.0,0.5,1.0,0.0,0.0,0.0,0,0.0,inf,inf,False,False,1,0,1,0,0.0,0.0,0.0,1,1,0,17.495367455958934,17.495367455958934,306.087882419027,1,0.0,0.0,0.0571320591561566,0.0561015916580808,False,False,True,True,False,sign_inconsistent_positive_harmless,0.0
hexc_00574,575,109549457,109549456,1,109549457,False,2,2.0,0,1,1,1.0,1.0,True,True,1,1,0,18.511886667352663,18.511886667352663,342.6899479849093,1,1,1,,0.0,0.0,0.0,0.0,0,0.0,0.0,0.0,1.0,0.5,1.0,0.0,0.0,0.0,0,0.0,inf,inf,False,False,1,0,1,0,0.0,0.0,0.0,1,1,0,18.511886667352663,18.511886667352663,342.6899479849093,1,0.0,2.653987101521224e-15,0.0540619683285294,0.0530757809188891,False,False,True,True,False,sign_inconsistent_positive_harmless,0.0
hexc_00575,576,31038971,31038970,1,31038971,False,2,2.0,0,1,1,1.0,1.0,True,True,1,1,0,17.2507541019566,17.2507541019566,297.58851708617243,1,1,1,,0.0,0.0,0.0,0.0,0,0.0,0.0,0.0,1.0,0.5,1.0,0.0,0.0,0.0,0,0.0,inf,inf,False,False,1,0,1,0,0.0,0.0,0.0,1,1,0,17.2507541019566,17.2507541019566,297.58851708617243,1,0.0,0.0,0.0595944719958201,0.0568819126581259,False,False,True,True,False,sign_inconsistent_positive_harmless,0.0
hexc_00576,577,178897717,178897716,1,178897717,False,2,2.0,0,1,1,1.0,1.0,True,True,1,1,0,19.002324787078347,19.002324787078347,361.08834731361213,1,1,1,,0.0,0.0,0.0,0.0,0,0.0,0.0,0.0,1.0,0.5,1.0,0.0,0.0,0.0,0,0.0,inf,inf,False,False,1,0,1,0,0.0,0.0,0.0,1,1,0,19.002324787078347,19.002324787078347,361.0883473136121,1,0.0,0.0,0.053307626629905,0.0517296524826795,False,False,True,True,False,sign_inconsistent_positive_harmless,0.0
hexc_00577,578,30405371,30405370,1,30405371,False,2,2.0,0,1,1,1.0,1.0,True,True,1,1,0,17.230129828402376,17.230129828402376,296.87737390360127,1,1,1,,0.0,0.0,0.0,0.0,0,0.0,0.0,0.0,1.0,0.5,1.0,0.0,0.0,0.0,0,0.0,inf,inf,False,False,1,0,1,0,0.0,0.0,0.0,1,1,0,17.230129828402376,17.230129828402376,296.87737390360127,1,0.0,0.0,0.0588782474204922,0.0569486975079895,False,False,True,True,False,sign_inconsistent_positive_harmless,0.0
hexc_00578,579,33453479,33453478,1,33453479,False,2,2.0,0,1,1,1.0,1.0,True,True,1,1,0,17.325666345109337,17.325666345109337,300.17871430205435,1,1,1,,0.0,0.0,0.0,0.0,0,0.0,0.0,0.0,1.0,0.5,1.0,0.0,0.0,0.0,0,0.0,inf,inf,False,False,1,0,1,0,0.0,0.0,0.0,1,1,0,17.325666345109337,17.325666345109337,300.17871430205435,1,0.0,0.0,0.0580210470558037,0.056640645955332,False,False,True,True,False,sign_inconsistent_positive_harmless,0.0
hexc_00579,580,108832879,108832878,1,108832879,False,2,2.0,0,1,1,1.0,1.0,True,True,1,1,0,18.50532404342507,18.50532404342507,342.447017952166,1,1,1,,0.0,0.0,0.0,0.0,0,0.0,0.0,0.0,1.0,0.5,1.0,0.0,0.0,0.0,0,0.0,inf,inf,False,False,1,0,1,0,0.0,0.0,0.0,1,1,0,18.50532404342507,18.50532404342507,342.447017952166,1,0.0,0.0,0.0551944556078763,0.053094268675935,False,False,True,True,False,sign_inconsistent_positive_harmless,0.0
hexc_00580,581,618463,618462,1,618463,False,2,2.0,0,1,1,1.0,1.0,True,True,1,1,0,13.3349926468749,13.3349926468749,177.82202889220764,1,1,1,,0.0,0.0,0.0,0.0,0,0.0,0.0,0.0,1.0,0.5,1.0,0.0,0.0,0.0,0,0.0,inf,inf,False,False,1,0,1,0,0.0,0.0,0.0,1,1,0,13.3349926468749,13.3349926468749,177.82202889220764,1,0.0,3.196646625557592e-16,0.0758472344787391,0.0731722760275234,False,False,True,True,False,sign_inconsistent_positive_harmless,0.0
hexc_00581,582,30816061,30816060,1,30816061,False,2,2.0,0,1,1,1.0,1.0,True,True,1,1,0,17.243546573069203,17.243546573069203,297.33989841760666,1,1,1,,0.0,0.0,0.0,0.0,0,0.0,0.0,0.0,1.0,0.5,1.0,0.0,0.0,0.0,0,0.0,inf,inf,False,False,1,0,1,0,0.0,0.0,0.0,1,1,0,17.243546573069203,17.243546573069203,297.33989841760666,1,0.0,1.529385572896721e-15,0.058953267494846,0.0569052340372607,False,False,True,True,False,sign_inconsistent_positive_harmless,0.0
hexc_00582,583,108833357,108833356,1,108833357,False,2,2.0,0,1,1,1.0,1.0,True,True,1,1,0,18.505328435470513,18.505328435470513,342.44718050463354,1,1,1,,0.0,0.0,0.0,0.0,0,0.0,0.0,0.0,1.0,0.5,1.0,0.0,0.0,0.0,0,0.0,inf,inf,False,False,1,0,1,0,0.0,0.0,0.0,1,1,0,18.505328435470517,18.505328435470517,342.44718050463354,1,0.0,0.0,0.0551126535106919,0.0530942562986715,False,False,True,True,False,sign_inconsistent_positive_harmless,0.0
hexc_00583,584,1188223,1188222,1,1188223,False,2,2.0,0,1,1,1.0,1.0,True,True,1,1,0,13.987969471727038,13.987969471727038,195.66328994196758,1,1,1,,0.0,0.0,0.0,0.0,0,0.0,0.0,0.0,1.0,0.5,1.0,0.0,0.0,0.0,0,0.0,inf,inf,False,False,1,0,1,0,0.0,0.0,0.0,1,1,0,13.987969471727038,13.987969471727038,195.6632899419676,1,0.0,0.0,0.0716596292835551,0.0698374202477117,False,False,True,True,False,sign_inconsistent_positive_harmless,0.0
hexc_00584,585,178900037,178900036,1,178900037,False,2,2.0,0,1,1,1.0,1.0,True,True,1,1,0,19.002337755298377,19.002337755298377,361.08884016643816,1,1,1,,0.0,0.0,0.0,0.0,0,0.0,0.0,0.0,1.0,0.5,1.0,0.0,0.0,0.0,0,0.0,inf,inf,False,False,1,0,1,0,0.0,0.0,0.0,1,1,0,19.002337755298377,19.002337755298377,361.08884016643816,1,0.0,0.0,0.0529724911905533,0.0517296177907042,False,False,True,True,False,sign_inconsistent_positive_harmless,0.0
hexc_00585,586,30372487,30372486,1,30372487,False,2,2.0,0,1,1,1.0,1.0,True,True,1,1,0,17.229047723692176,17.229047723692176,296.8400854652626,1,1,1,,0.0,0.0,0.0,0.0,0,0.0,0.0,0.0,1.0,0.5,1.0,0.0,0.0,0.0,0,0.0,inf,inf,False,False,1,0,1,0,0.0,0.0,0.0,1,1,0,17.229047723692176,17.229047723692176,296.8400854652626,1,0.0,0.0,0.0591456035531357,0.0569522058727156,False,False,True,True,False,sign_inconsistent_positive_harmless,0.0
hexc_00586,587,3459373,3459372,1,3459373,False,2,2.0,0,1,1,1.0,1.0,True,True,1,1,0,15.056597916739857,15.056597916739857,226.70114082637502,1,1,1,,0.0,0.0,0.0,0.0,0,0.0,0.0,0.0,1.0,0.5,1.0,0.0,0.0,0.0,0,0.0,inf,inf,False,False,1,0,1,0,0.0,0.0,0.0,1,1,0,15.056597916739856,15.056597916739856,226.70114082637505,1,0.0,0.0,0.0670778427952545,0.0649897384637499,False,False,True,True,False,sign_inconsistent_positive_harmless,0.0
hexc_00587,588,108625339,108625338,1,108625339,False,2,2.0,0,1,1,1.0,1.0,True,True,1,1,0,18.503415262373498,18.503415262373498,342.3763763718365,1,1,1,,0.0,0.0,0.0,0.0,0,0.0,0.0,0.0,1.0,0.5,1.0,0.0,0.0,0.0,0,0.0,inf,inf,False,False,1,0,1,0,0.0,0.0,0.0,1,1,0,18.503415262373498,18.503415262373498,342.3763763718365,1,0.0,0.0,0.0546879388476579,0.0530996483753574,False,False,True,True,False,sign_inconsistent_positive_harmless,0.0
hexc_00588,589,179148199,179148198,1,179148199,False,2,2.0,0,1,1,1.0,1.0,True,True,1,1,0,19.003723948636516,19.003723948636516,361.14152391598105,1,1,1,,0.0,0.0,0.0,0.0,0,0.0,0.0,0.0,1.0,0.5,1.0,0.0,0.0,0.0,0,0.0,inf,inf,False,False,1,0,1,0,0.0,0.0,0.0,1,1,0,19.00372394863652,19.00372394863652,361.14152391598105,1,0.0,0.0,0.0533955975603065,0.0517259097792976,False,False,True,True,False,sign_inconsistent_positive_harmless,0.0
hexc_00589,590,30372071,30372070,1,30372071,False,2,2.0,0,1,1,1.0,1.0,True,True,1,1,0,17.22903402699197,17.22903402699197,296.8396135032472,1,1,1,,0.0,0.0,0.0,0.0,0,0.0,0.0,0.0,1.0,0.5,1.0,0.0,0.0,0.0,0,0.0,inf,inf,False,False,1,0,1,0,0.0,0.0,0.0,1,1,0,17.22903402699197,17.22903402699197,296.8396135032472,1,0.0,0.0,0.059405209494254,0.0569522502824801,False,False,True,True,False,sign_inconsistent_positive_harmless,0.0
hexc_00590,591,1188553,1188552,1,1188553,False,2,2.0,0,1,1,1.0,1.0,True,True,1,1,0,13.988247158814184,13.988247158814184,195.6710585760731,1,1,1,,0.0,0.0,0.0,0.0,0,0.0,0.0,0.0,1.0,0.5,1.0,0.0,0.0,0.0,0,0.0,inf,inf,False,False,1,0,1,0,0.0,0.0,0.0,1,1,0,13.988247158814184,13.988247158814184,195.6710585760731,1,0.0,0.0,0.0720415041049189,0.0698360666787188,False,False,True,True,False,sign_inconsistent_positive_harmless,0.0
hexc_00591,592,30775243,30775242,1,30775243,False,2,2.0,0,1,1,1.0,1.0,True,True,1,1,0,17.242221126023114,17.242221126023114,297.2941893586778,1,1,1,,0.0,0.0,0.0,0.0,0,0.0,0.0,0.0,1.0,0.5,1.0,0.0,0.0,0.0,0,0.0,inf,inf,False,False,1,0,1,0,0.0,0.0,0.0,1,1,0,17.242221126023114,17.242221126023114,297.2941893586778,1,0.0,0.0,0.0592419667918848,0.0569095248633034,False,False,True,True,False,sign_inconsistent_positive_harmless,0.0
hexc_00592,593,31020361,31020360,1,31020361,False,2,2.0,0,1,1,1.0,1.0,True,True,1,1,0,17.250154353298075,17.250154353298075,297.56782521260857,1,1,1,,0.0,0.0,0.0,0.0,0,0.0,0.0,0.0,1.0,0.5,1.0,0.0,0.0,0.0,0,0.0,inf,inf,False,False,1,0,1,0,0.0,0.0,0.0,1,1,0,17.250154353298075,17.250154353298075,297.56782521260857,1,0.0,0.0,0.0594288049849526,0.0568838525341379,False,False,True,True,False,sign_inconsistent_positive_harmless,0.0
hexc_00593,594,7117519,7117518,1,7117519,False,2,2.0,0,1,1,1.0,1.0,True,True,1,1,0,15.778069767607409,15.778069767607409,248.94748559148692,1,1,1,,0.0,0.0,0.0,0.0,0,0.0,0.0,0.0,1.0,0.5,1.0,0.0,0.0,0.0,0,0.0,inf,inf,False,False,1,0,1,0,0.0,0.0,0.0,1,1,0,15.778069767607407,15.778069767607407,248.94748559148687,1,0.0,0.0,0.0629010542370778,0.062080240199606,False,False,True,True,False,sign_inconsistent_positive_harmless,0.0
hexc_00594,595,180625573,180625572,1,180625573,False,2,2.0,0,1,1,1.0,1.0,True,True,1,1,0,19.01193678914428,19.01193678914428,361.45374047441766,1,1,1,,0.0,0.0,0.0,0.0,0,0.0,0.0,0.0,1.0,0.5,1.0,0.0,0.0,0.0,0,0.0,inf,inf,False,False,1,0,1,0,0.0,0.0,0.0,1,1,0,19.01193678914428,19.01193678914428,361.45374047441766,1,0.0,0.0,0.0540405158920827,0.051703951658141,False,False,True,True,False,sign_inconsistent_positive_harmless,0.0
hexc_00595,596,187503917,187503916,1,187503917,False,2,2.0,0,1,1,1.0,1.0,True,True,1,1,0,19.0493102938232,19.0493102938232,362.8762226703586,1,1,1,,0.0,0.0,0.0,0.0,0,0.0,0.0,0.0,1.0,0.5,1.0,0.0,0.0,0.0,0,0.0,inf,inf,False,False,1,0,1,0,0.0,0.0,0.0,1,1,0,19.0493102938232,19.0493102938232,362.8762226703586,1,0.0,0.0,0.0530090126830941,0.0516042635448012,False,False,True,True,False,sign_inconsistent_positive_harmless,0.0
hexc_00596,597,187494523,187494522,1,187494523,False,2,2.0,0,1,1,1.0,1.0,True,True,1,1,0,19.049260192281434,19.049260192281434,362.87431387323807,1,1,1,,0.0,0.0,0.0,0.0,0,0.0,0.0,0.0,1.0,0.5,1.0,0.0,0.0,0.0,0,0.0,inf,inf,False,False,1,0,1,0,0.0,0.0,0.0,1,1,0,19.049260192281437,19.049260192281437,362.87431387323807,1,0.0,0.0,0.0528707607606841,0.0516043969257703,False,False,True,True,False,sign_inconsistent_positive_harmless,0.0
hexc_00597,598,604874233,604874232,1,604874233,True,2,2.0,0,1,1,1.0,1.0,True,True,1,1,0,20.220531115046366,20.220531115046366,408.86987857455824,1,1,1,,0.0,0.0,0.0,0.0,0,0.0,0.0,0.0,1.0,0.5,1.0,0.0,0.0,0.0,0,0.0,inf,inf,False,False,1,0,1,0,0.0,0.0,0.0,1,1,0,20.220531115046366,20.220531115046366,408.86987857455824,1,0.0,0.0,0.0500097816638249,0.0486638465993474,False,False,False,True,False,sign_inconsistent_positive_harmless,0.0
hexc_00598,599,3293281,3293280,1,3293281,False,2,2.0,0,1,1,1.0,1.0,True,True,1,1,0,15.007394890241423,15.007394890241423,225.2219013916444,1,1,1,,0.0,0.0,0.0,0.0,0,0.0,0.0,0.0,1.0,0.5,1.0,0.0,0.0,0.0,0,0.0,inf,inf,False,False,1,0,1,0,0.0,0.0,0.0,1,1,0,15.007394890241423,15.007394890241423,225.2219013916444,1,0.0,5.047770088927673e-16,0.0680363504019927,0.0651981212062808,False,False,True,True,False,sign_inconsistent_positive_harmless,0.0
hexc_00599,600,39634897,39634896,1,39634897,False,2,2.0,0,1,1,1.0,1.0,True,True,1,1,0,17.49522052553676,17.49522052553676,306.0827412371627,1,1,1,,0.0,0.0,0.0,0.0,0,0.0,0.0,0.0,1.0,0.5,1.0,0.0,0.0,0.0,0,0.0,inf,inf,False,False,1,0,1,0,0.0,0.0,0.0,1,1,0,17.49522052553676,17.49522052553676,306.0827412371627,1,0.0,0.0,0.0573656258538636,0.056102053945051,False,False,True,True,False,sign_inconsistent_positive_harmless,0.0
hexc_00600,601,231131,231130,1,231131,False,2,2.0,0,1,1,1.0,1.0,True,True,1,1,0,12.350739928330839,12.350739928330839,152.54077677726565,1,1,1,,0.0,0.0,0.0,0.0,0,0.0,0.0,0.0,1.0,0.5,1.0,0.0,0.0,0.0,0,0.0,inf,inf,False,False,1,0,1,0,0.0,0.0,0.0,1,1,0,12.35073992833084,12.35073992833084,152.54077677726565,1,0.0,0.0,0.0819644318764493,0.0788470474415688,False,False,True,True,False,sign_inconsistent_positive_harmless,0.0
hexc_00601,602,3281137,3281136,1,3281137,False,2,2.0,0,1,1,1.0,1.0,True,True,1,1,0,15.003700566633828,15.003700566633828,225.11103069320825,1,1,1,,0.0,0.0,0.0,0.0,0,0.0,0.0,0.0,1.0,0.5,1.0,0.0,0.0,0.0,0,0.0,inf,inf,False,False,1,0,1,0,0.0,0.0,0.0,1,1,0,15.003700566633828,15.003700566633828,225.11103069320825,1,0.0,0.0,0.0679109811235516,0.0652138211816056,False,False,True,True,False,sign_inconsistent_positive_harmless,0.0
hexc_00602,603,3279949,3279948,1,3279949,False,2,2.0,0,1,1,1.0,1.0,True,True,1,1,0,15.003338431458955,15.003338431458955,225.10016408889325,1,1,1,,0.0,0.0,0.0,0.0,0,0.0,0.0,0.0,1.0,0.5,1.0,0.0,0.0,0.0,0,0.0,inf,inf,False,False,1,0,1,0,0.0,0.0,0.0,1,1,0,15.003338431458957,15.003338431458957,225.10016408889325,1,0.0,0.0,0.0689578925494887,0.0652153605746005,False,False,True,True,False,sign_inconsistent_positive_harmless,0.0
hexc_00603,604,108583547,108583546,1,108583547,False,2,2.0,0,1,1,1.0,1.0,True,True,1,1,0,18.503030453065875,18.503030453065875,342.3621359470832,1,1,1,,0.0,0.0,0.0,0.0,0,0.0,0.0,0.0,1.0,0.5,1.0,0.0,0.0,0.0,0,0.0,inf,inf,False,False,1,0,1,0,0.0,0.0,0.0,1,1,0,18.503030453065875,18.503030453065875,342.3621359470832,1,0.0,0.0,0.0548036969719685,0.0531007330520803,False,False,True,True,False,sign_inconsistent_positive_harmless,0.0
hexc_00604,605,108549391,108549390,1,108549391,False,2,2.0,0,1,1,1.0,1.0,True,True,1,1,0,18.502715843955013,18.502715843955013,342.35049360214384,1,1,1,,0.0,0.0,0.0,0.0,0,0.0,0.0,0.0,1.0,0.5,1.0,0.0,0.0,0.0,0,0.0,inf,inf,False,False,1,0,1,0,0.0,0.0,0.0,1,1,0,18.502715843955013,18.502715843955013,342.35049360214384,1,0.0,0.0,0.0552486098001437,0.0531016198857352,False,False,True,True,False,sign_inconsistent_positive_harmless,0.0
hexc_00605,606,179378777,179378776,1,179378777,False,2,2.0,0,1,1,1.0,1.0,True,True,1,1,0,19.00501020070247,19.00501020070247,361.19041272880486,1,1,1,,0.0,0.0,0.0,0.0,0,0.0,0.0,0.0,1.0,0.5,1.0,0.0,0.0,0.0,0,0.0,inf,inf,False,False,1,0,1,0,0.0,0.0,0.0,1,1,0,19.00501020070247,19.00501020070247,361.19041272880486,1,0.0,0.0,0.0534127556850271,0.0517224695820737,False,False,True,True,False,sign_inconsistent_positive_harmless,0.0
hexc_00606,607,108835721,108835720,1,108835721,False,2,2.0,0,1,1,1.0,1.0,True,True,1,1,0,18.505350156516258,18.505350156516258,342.44798441527627,1,1,1,,0.0,0.0,0.0,0.0,0,0.0,0.0,0.0,1.0,0.5,1.0,0.0,0.0,0.0,0,0.0,inf,inf,False,False,1,0,1,0,0.0,0.0,0.0,1,1,0,18.505350156516258,18.505350156516258,342.44798441527627,1,0.0,0.0,0.0538377238745202,0.053094195086478,False,False,True,True,False,sign_inconsistent_positive_harmless,0.0
hexc_00607,608,604715411,604715326,3,604715411,True,4,1.3333333333333333,0,3,1,1.0,1.0,True,True,2,2,0,40.44053674605736,20.22026837468235,817.718506154608,1,3,2,2.0,30.28587059831881,90.85761179495643,6.740089459329894,4.765962961326819,2,0.6666666666666666,0.0,0.0,1.0,0.5,1.0,30.28587059831881,90.85761179495643,6.740089459329894,2,0.6666666666666666,1.0,1.0,False,False,2,2,2,2,30.28587059831881,90.85761179495644,5.503259997339651,2,2,0,40.44053674605736,20.22026837468235,817.718506154608,2,0.499999999754652,0.0093654812356028,0.0575299398750813,0.0561928873996106,False,False,False,True,False,sign_inconsistent_positive_harmless,0.0
hexc_00608,609,7050133,7050132,1,7050133,False,2,2.0,0,1,1,1.0,1.0,True,True,1,1,0,15.768557039858731,15.768557039858731,248.64739111927835,1,1,1,,0.0,0.0,0.0,0.0,0,0.0,0.0,0.0,1.0,0.5,1.0,0.0,0.0,0.0,0,0.0,inf,inf,False,False,1,0,1,0,0.0,0.0,0.0,1,1,0,15.768557039858733,15.768557039858733,248.64739111927835,1,0.0,0.0,0.0632807219153433,0.0621169074219217,False,False,True,True,False,sign_inconsistent_positive_harmless,0.0
hexc_00609,610,39690817,39690816,1,39690817,False,2,2.0,0,1,1,1.0,1.0,True,True,1,1,0,17.496630409077497,17.496630409077497,306.1320756718554,1,1,1,,0.0,0.0,0.0,0.0,0,0.0,0.0,0.0,1.0,0.5,1.0,0.0,0.0,0.0,0,0.0,inf,inf,False,False,1,0,1,0,0.0,0.0,0.0,1,1,0,17.496630409077497,17.496630409077497,306.1320756718554,1,0.0,1.4854612993050434e-15,0.0572432765201052,0.0560976183445912,False,False,True,True,False,sign_inconsistent_positive_harmless,0.0
hexc_00610,611,12787499,12787498,1,12787499,False,2,2.0,0,1,1,1.0,1.0,True,True,1,1,0,16.363978611040647,16.363978611040647,267.7797959825958,1,1,1,,0.0,0.0,0.0,0.0,0,0.0,0.0,0.0,1.0,0.5,1.0,0.0,0.0,0.0,0,0.0,inf,inf,False,False,1,0,1,0,0.0,0.0,0.0,1,1,0,16.363978611040647,16.363978611040647,267.7797959825958,1,0.0,0.0,0.0624350554689092,0.0599023107295336,False,False,True,True,False,sign_inconsistent_positive_harmless,0.0
hexc_00611,612,179471947,179471946,1,179471947,False,2,2.0,0,1,1,1.0,1.0,True,True,1,1,0,19.005529469556407,19.005529469556407,361.210150418177,1,1,1,,0.0,0.0,0.0,0.0,0,0.0,0.0,0.0,1.0,0.5,1.0,0.0,0.0,0.0,0,0.0,inf,inf,False,False,1,0,1,0,0.0,0.0,0.0,1,1,0,19.005529469556407,19.005529469556407,361.210150418177,1,0.0,0.0,0.0533176291738061,0.0517210808802791,False,False,True,True,False,sign_inconsistent_positive_harmless,0.0
hexc_00612,613,3454541,3454540,1,3454541,False,2,2.0,0,1,1,1.0,1.0,True,True,1,1,0,15.055200155417774,15.055200155417774,226.65905171969138,1,1,1,,0.0,0.0,0.0,0.0,0,0.0,0.0,0.0,1.0,0.5,1.0,0.0,0.0,0.0,0,0.0,inf,inf,False,False,1,0,1,0,0.0,0.0,0.0,1,1,0,15.055200155417774,15.055200155417774,226.65905171969135,1,0.0,5.015764288214365e-16,0.0671373968539844,0.0649956398328031,False,False,True,True,False,sign_inconsistent_positive_harmless,0.0
hexc_00613,614,178894333,178894332,1,178894333,False,2,2.0,0,1,1,1.0,1.0,True,True,1,1,0,19.002305871062745,19.002305871062745,361.08762841742566,1,1,1,,0.0,0.0,0.0,0.0,0,0.0,0.0,0.0,1.0,0.5,1.0,0.0,0.0,0.0,0,0.0,inf,inf,False,False,1,0,1,0,0.0,0.0,0.0,1,1,0,19.002305871062745,19.002305871062745,361.08762841742566,1,0.0,0.0,0.0522469832588965,0.0517297030860038,False,False,True,True,False,sign_inconsistent_positive_harmless,0.0
hexc_00614,615,12772597,12772596,1,12772597,False,2,2.0,0,1,1,1.0,1.0,True,True,1,1,0,16.362812574599435,16.362812574599435,267.74163535146937,1,1,1,,0.0,0.0,0.0,0.0,0,0.0,0.0,0.0,1.0,0.5,1.0,0.0,0.0,0.0,0,0.0,inf,inf,False,False,1,0,1,0,0.0,0.0,0.0,1,1,0,16.362812574599435,16.362812574599435,267.74163535146937,1,0.0,0.0,0.0613475132513681,0.0599064933944401,False,False,True,True,False,sign_inconsistent_positive_harmless,0.0
hexc_00615,616,39639547,39639546,1,39639547,False,2,2.0,0,1,1,1.0,1.0,True,True,1,1,0,17.495337839510107,17.495337839510107,306.08684611859417,1,1,1,,0.0,0.0,0.0,0.0,0,0.0,0.0,0.0,1.0,0.5,1.0,0.0,0.0,0.0,0,0.0,inf,inf,False,False,1,0,1,0,0.0,0.0,0.0,1,1,0,17.495337839510107,17.495337839510107,306.08684611859417,1,0.0,0.0,0.058118617673595,0.0561016848396584,False,False,True,True,False,sign_inconsistent_positive_harmless,0.0
hexc_00616,617,33924949,33924948,1,33924949,False,2,2.0,0,1,1,1.0,1.0,True,True,1,1,0,17.33966126036794,17.33966126036794,300.6638526243047,1,1,1,,0.0,0.0,0.0,0.0,0,0.0,0.0,0.0,1.0,0.5,1.0,0.0,0.0,0.0,0,0.0,inf,inf,False,False,1,0,1,0,0.0,0.0,0.0,1,1,0,17.33966126036794,17.33966126036794,300.6638526243047,1,0.0,0.0,0.0587249591196037,0.0565957997505963,False,False,True,True,False,sign_inconsistent_positive_harmless,0.0
hexc_00617,618,40841677,40841676,1,40841677,False,2,2.0,0,1,1,1.0,1.0,True,True,1,1,0,17.525213613101332,17.525213613101332,307.13311218483227,1,1,1,,0.0,0.0,0.0,0.0,0,0.0,0.0,0.0,1.0,0.5,1.0,0.0,0.0,0.0,0,0.0,inf,inf,False,False,1,0,1,0,0.0,0.0,0.0,1,1,0,17.525213613101332,17.525213613101332,307.13311218483227,1,0.0,0.0,0.0573691069320696,0.0560078443699331,False,False,True,True,False,sign_inconsistent_positive_harmless,0.0
hexc_00618,619,179143313,179143312,1,179143313,False,2,2.0,0,1,1,1.0,1.0,True,True,1,1,0,19.003696674755687,19.003696674755687,361.14048730612035,1,1,1,,0.0,0.0,0.0,0.0,0,0.0,0.0,0.0,1.0,0.5,1.0,0.0,0.0,0.0,0,0.0,inf,inf,False,False,1,0,1,0,0.0,0.0,0.0,1,1,0,19.003696674755687,19.003696674755687,361.1404873061204,1,0.0,0.0,0.0526954111441211,0.0517259827307091,False,False,True,True,False,sign_inconsistent_positive_harmless,0.0
hexc_00619,620,109709357,109709025,4,109709357,False,5,1.25,0,4,1,1.0,1.0,True,True,2,2,0,37.02668443806669,18.513342228148364,685.487680238085,2,4,2,2.0,42.84298005706767,171.37192022827068,9.25667111863169,5.854432854312545,3,0.75,0.0,0.0,2.0,0.8,1.0,42.84298005706767,171.37192022827068,9.25667111863169,3,0.75,1.0,1.0,False,False,2,2,3,2,42.84298005706767,171.37192022827068,6.545454915975487,2,2,0,37.02668443806669,18.513342228148364,685.487680238085,2,0.3999999996061211,0.0134251522178237,0.0536476402628444,0.0528620170331875,False,False,True,True,False,sign_inconsistent_positive_harmless,0.0
hexc_00620,621,109547923,109547922,1,109547923,False,2,2.0,0,1,1,1.0,1.0,True,True,1,1,0,18.511872664446738,18.511872664446738,342.68942954469037,1,1,1,,0.0,0.0,0.0,0.0,0,0.0,0.0,0.0,1.0,0.5,1.0,0.0,0.0,0.0,0,0.0,inf,inf,False,False,1,0,1,0,0.0,0.0,0.0,1,1,0,18.511872664446734,18.511872664446734,342.6894295446904,1,0.0,0.0,0.0542878804108003,0.0530758203531791,False,False,True,True,False,sign_inconsistent_positive_harmless,0.0
hexc_00621,622,109706381,109706380,1,109706381,False,2,2.0,0,1,1,1.0,1.0,True,True,1,1,0,18.513318091283956,18.513318091283956,342.74294674906184,1,1,1,,0.0,0.0,0.0,0.0,0,0.0,0.0,0.0,1.0,0.5,1.0,0.0,0.0,0.0,0,0.0,inf,inf,False,False,1,0,1,0,0.0,0.0,0.0,1,1,0,18.51331809128396,18.51331809128396,342.74294674906184,1,0.0,0.0,0.0547045381421748,0.0530717501229917,False,False,True,True,False,sign_inconsistent_positive_harmless,0.0
hexc_00622,623,3236923,3236922,1,3236923,False,2,2.0,0,1,1,1.0,1.0,True,True,1,1,0,14.990133745167933,14.990133745167933,224.7041096980224,1,1,1,,0.0,0.0,0.0,0.0,0,0.0,0.0,0.0,1.0,0.5,1.0,0.0,0.0,0.0,0,0.0,inf,inf,False,False,1,0,1,0,0.0,0.0,0.0,1,1,0,14.990133745167933,14.990133745167933,224.7041096980224,1,0.0,5.05940180063456e-16,0.0665491911550268,0.0652715417616462,False,False,True,True,False,sign_inconsistent_positive_harmless,0.0
hexc_00623,624,17992787,17992786,1,17992787,False,2,2.0,0,1,1,1.0,1.0,True,True,1,1,0,16.705481513327612,16.705481513327612,279.0731125921306,1,1,1,,0.0,0.0,0.0,0.0,0,0.0,0.0,0.0,1.0,0.5,1.0,0.0,0.0,0.0,0,0.0,inf,inf,False,False,1,0,1,0,0.0,0.0,0.0,1,1,0,16.705481513327612,16.705481513327612,279.0731125921306,1,0.0,0.0,0.0602231644947032,0.0587019340421742,False,False,True,True,False,sign_inconsistent_positive_harmless,0.0
hexc_00624,625,179156291,179156290,1,179156291,False,2,2.0,0,1,1,1.0,1.0,True,True,1,1,0,19.00376911692342,19.00376911692342,361.1432406493323,1,1,1,,0.0,0.0,0.0,0.0,0,0.0,0.0,0.0,1.0,0.5,1.0,0.0,0.0,0.0,0,0.0,inf,inf,False,False,1,0,1,0,0.0,0.0,0.0,1,1,0,19.00376911692342,19.00376911692342,361.1432406493323,1,0.0,0.0,0.053043692849709,0.0517257889648885,False,False,True,True,False,sign_inconsistent_positive_harmless,0.0
hexc_00625,626,39641387,39641386,1,39641387,False,2,2.0,0,1,1,1.0,1.0,True,True,1,1,0,17.49538425672311,17.49538425672311,306.08847029039487,1,1,1,,0.0,0.0,0.0,0.0,0,0.0,0.0,0.0,1.0,0.5,1.0,0.0,0.0,0.0,0,0.0,inf,inf,False,False,1,0,1,0,0.0,0.0,0.0,1,1,0,17.49538425672311,17.49538425672311,306.08847029039487,1,0.0,0.0,0.058475346315823,0.0561015387983461,False,False,True,True,False,sign_inconsistent_positive_harmless,0.0
hexc_00626,627,108562541,108562540,1,108562541,False,2,2.0,0,1,1,1.0,1.0,True,True,1,1,0,18.502836979628164,18.502836979628164,342.35497629469546,1,1,1,,0.0,0.0,0.0,0.0,0,0.0,0.0,0.0,1.0,0.5,1.0,0.0,0.0,0.0,0,0.0,inf,inf,False,False,1,0,1,0,0.0,0.0,0.0,1,1,0,18.502836979628164,18.502836979628164,342.35497629469546,1,0.0,0.0,0.0539266504041357,0.0531012784197977,False,False,True,True,False,sign_inconsistent_positive_harmless,0.0
hexc_00627,628,179642357,179642356,1,179642357,False,2,2.0,0,1,1,1.0,1.0,True,True,1,1,0,19.006478526783553,19.006478526783553,361.2462259890843,1,1,1,,0.0,0.0,0.0,0.0,0,0.0,0.0,0.0,1.0,0.5,1.0,0.0,0.0,0.0,0,0.0,inf,inf,False,False,1,0,1,0,0.0,0.0,0.0,1,1,0,19.006478526783557,19.006478526783557,361.2462259890843,1,0.0,0.0,0.0535047767229565,0.0517185429706006,False,False,True,True,False,sign_inconsistent_positive_harmless,0.0
hexc_00628,629,604176893,604176892,1,604176893,True,2,2.0,0,1,1,1.0,1.0,True,True,1,1,0,20.219377582226574,20.219377582226574,408.82322981264656,1,1,1,,0.0,0.0,0.0,0.0,0,0.0,0.0,0.0,1.0,0.5,1.0,0.0,0.0,0.0,0,0.0,inf,inf,False,False,1,0,1,0,0.0,0.0,0.0,1,1,0,20.21937758222657,20.21937758222657,408.82322981264656,1,0.0,4.449329859214345e-15,0.0500161652626329,0.0486665777929119,False,False,False,True,False,sign_inconsistent_positive_harmless,0.0
hexc_00629,630,30848971,30848970,1,30848971,False,2,2.0,0,1,1,1.0,1.0,True,True,1,1,0,17.24461395281611,17.24461395281611,297.3767103816601,1,1,1,,0.0,0.0,0.0,0.0,0,0.0,0.0,0.0,1.0,0.5,1.0,0.0,0.0,0.0,0,0.0,inf,inf,False,False,1,0,1,0,0.0,0.0,0.0,1,1,0,17.24461395281611,17.24461395281611,297.3767103816601,1,0.0,0.0,0.058579513692382,0.0569017791141042,False,False,True,True,False,sign_inconsistent_positive_harmless,0.0
hexc_00630,631,108582251,108582250,1,108582251,False,2,2.0,0,1,1,1.0,1.0,True,True,1,1,0,18.503018517484747,18.503018517484747,342.36169425838347,1,1,1,,0.0,0.0,0.0,0.0,0,0.0,0.0,0.0,1.0,0.5,1.0,0.0,0.0,0.0,0,0.0,inf,inf,False,False,1,0,1,0,0.0,0.0,0.0,1,1,0,18.503018517484747,18.503018517484747,342.36169425838347,1,0.0,0.0,0.0547495290911708,0.0531007666960659,False,False,True,True,False,sign_inconsistent_positive_harmless,0.0
hexc_00631,632,39640963,39640962,1,39640963,False,2,2.0,0,1,1,1.0,1.0,True,True,1,1,0,17.49537356077376,17.49537356077376,306.0880960310215,1,1,1,,0.0,0.0,0.0,0.0,0,0.0,0.0,0.0,1.0,0.5,1.0,0.0,0.0,0.0,0,0.0,inf,inf,False,False,1,0,1,0,0.0,0.0,0.0,1,1,0,17.49537356077376,17.49537356077376,306.0880960310215,1,0.0,0.0,0.0580400668049056,0.056101572450676,False,False,True,True,False,sign_inconsistent_positive_harmless,0.0
hexc_00632,633,22048451,22048450,1,22048451,False,2,2.0,0,1,1,1.0,1.0,True,True,1,1,0,16.908752907956416,16.908752907956416,285.90592490232456,1,1,1,,0.0,0.0,0.0,0.0,0,0.0,0.0,0.0,1.0,0.5,1.0,0.0,0.0,0.0,0,0.0,inf,inf,False,False,1,0,1,0,0.0,0.0,0.0,1,1,0,16.908752907956416,16.908752907956416,285.90592490232456,1,0.0,0.0,0.059301344400477,0.0580100004874779,False,False,True,True,False,sign_inconsistent_positive_harmless,0.0
hexc_00633,634,33925711,33925710,1,33925711,False,2,2.0,0,1,1,1.0,1.0,True,True,1,1,0,17.33968372146117,17.33968372146117,300.6646315603055,1,1,1,,0.0,0.0,0.0,0.0,0,0.0,0.0,0.0,1.0,0.5,1.0,0.0,0.0,0.0,0,0.0,inf,inf,False,False,1,0,1,0,0.0,0.0,0.0,1,1,0,17.33968372146117,17.33968372146117,300.6646315603055,1,0.0,0.0,0.0587468552079326,0.0565957278318849,False,False,True,True,False,sign_inconsistent_positive_harmless,0.0
hexc_00634,635,109814437,109814320,3,109814437,False,4,1.3333333333333333,0,3,1,1.0,1.0,True,True,2,2,0,37.02860303138397,18.514301524798267,685.5587212279092,1,3,2,2.0,25.391063749181825,76.17319124754547,6.171433847670276,4.363862716892727,2,0.6666666666666666,0.0,0.0,1.0,0.5,1.0,25.391063749181825,76.17319124754547,6.171433847670276,2,0.6666666666666666,1.0,1.0,False,False,2,2,2,2,25.391063749181825,76.17319124754547,5.038954628609175,2,2,0,37.02860303138397,18.514301524798267,685.5587212279092,2,0.4999999985244466,0.0102131290574457,0.0633755060442757,0.0612787742526439,False,False,True,True,False,sign_inconsistent_positive_harmless,0.0
hexc_00635,636,31019627,31019626,1,31019627,False,2,2.0,0,1,1,1.0,1.0,True,True,1,1,0,17.25013069114005,17.25013069114005,297.5670088614119,1,1,1,,0.0,0.0,0.0,0.0,0,0.0,0.0,0.0,1.0,0.5,1.0,0.0,0.0,0.0,0,0.0,inf,inf,False,False,1,0,1,0,0.0,0.0,0.0,1,1,0,17.25013069114005,17.25013069114005,297.5670088614119,1,0.0,0.0,0.0592948192838186,0.0568839290716649,False,False,True,True,False,sign_inconsistent_positive_harmless,0.0
hexc_00636,637,179471563,179471562,1,179471563,False,2,2.0,0,1,1,1.0,1.0,True,True,1,1,0,19.005527329943966,19.005527329943966,361.21006908924704,1,1,1,,0.0,0.0,0.0,0.0,0,0.0,0.0,0.0,1.0,0.5,1.0,0.0,0.0,0.0,0,0.0,inf,inf,False,False,1,0,1,0,0.0,0.0,0.0,1,1,0,19.00552732994397,19.00552732994397,361.21006908924704,1,0.0,0.0,0.0529207311887221,0.051721086602178,False,False,True,True,False,sign_inconsistent_positive_harmless,0.0
hexc_00637,638,40844891,40844890,1,40844891,False,2,2.0,0,1,1,1.0,1.0,True,True,1,1,0,17.525292304129255,17.525292304129255,307.1358703451721,1,1,1,,0.0,0.0,0.0,0.0,0,0.0,0.0,0.0,1.0,0.5,1.0,0.0,0.0,0.0,0,0.0,inf,inf,False,False,1,0,1,0,0.0,0.0,0.0,1,1,0,17.525292304129255,17.525292304129255,307.1358703451721,1,0.0,1.480606450739212e-15,0.0565828693332161,0.0560075976140371,False,False,True,True,False,sign_inconsistent_positive_harmless,0.0
hexc_00638,639,180628951,180628950,1,180628951,False,2,2.0,0,1,1,1.0,1.0,True,True,1,1,0,19.01195549064018,19.01195549064018,361.45445157808325,1,1,1,,0.0,0.0,0.0,0.0,0,0.0,0.0,0.0,1.0,0.5,1.0,0.0,0.0,0.0,0,0.0,inf,inf,False,False,1,0,1,0,0.0,0.0,0.0,1,1,0,19.01195549064018,19.01195549064018,361.4544515780833,1,0.0,0.0,0.053746653892514,0.0517039016784745,False,False,True,True,False,sign_inconsistent_positive_harmless,0.0
hexc_00639,640,30419219,30419218,1,30419219,False,2,2.0,0,1,1,1.0,1.0,True,True,1,1,0,17.23058517056709,17.23058517056709,296.8930653201665,1,1,1,,0.0,0.0,0.0,0.0,0,0.0,0.0,0.0,1.0,0.5,1.0,0.0,0.0,0.0,0,0.0,inf,inf,False,False,1,0,1,0,0.0,0.0,0.0,1,1,0,17.23058517056709,17.23058517056709,296.8930653201665,1,0.0,0.0,0.058670038662687,0.0569472213415776,False,False,True,True,False,sign_inconsistent_positive_harmless,0.0
hexc_00640,641,187504433,187504432,1,187504433,False,2,2.0,0,1,1,1.0,1.0,True,True,1,1,0,19.049313045761924,19.049313045761924,362.87632751543543,1,1,1,,0.0,0.0,0.0,0.0,0,0.0,0.0,0.0,1.0,0.5,1.0,0.0,0.0,0.0,0,0.0,inf,inf,False,False,1,0,1,0,0.0,0.0,0.0,1,1,0,19.049313045761924,19.049313045761924,362.8763275154354,1,0.0,0.0,0.0527700079995033,0.0516042562185729,False,False,True,True,False,sign_inconsistent_positive_harmless,0.0
hexc_00641,642,17640383,17640382,1,17640383,False,2,2.0,0,1,1,1.0,1.0,True,True,1,1,0,16.685701320325357,16.685701320325357,278.4126285511074,1,1,1,,0.0,0.0,0.0,0.0,0,0.0,0.0,0.0,1.0,0.5,1.0,0.0,0.0,0.0,0,0.0,inf,inf,False,False,1,0,1,0,0.0,0.0,0.0,1,1,0,16.685701320325357,16.685701320325357,278.4126285511074,1,0.0,0.0,0.0597908065041726,0.0587701475341726,False,False,True,True,False,sign_inconsistent_positive_harmless,0.0
hexc_00642,643,40865009,40865008,1,40865009,False,2,2.0,0,1,1,1.0,1.0,True,True,1,1,0,17.52578472916971,17.52578472916971,307.1531303731982,1,1,1,,0.0,0.0,0.0,0.0,0,0.0,0.0,0.0,1.0,0.5,1.0,0.0,0.0,0.0,0,0.0,inf,inf,False,False,1,0,1,0,0.0,0.0,0.0,1,1,0,17.52578472916971,17.52578472916971,307.1531303731982,1,0.0,0.0,0.0577667541715999,0.0560060535384038,False,False,True,True,False,sign_inconsistent_positive_harmless,0.0
hexc_00643,644,109489717,109489716,1,109489717,False,2,2.0,0,1,1,1.0,1.0,True,True,1,1,0,18.511341194135333,18.511341194135333,342.66975280569176,1,1,1,,0.0,0.0,0.0,0.0,0,0.0,0.0,0.0,1.0,0.5,1.0,0.0,0.0,0.0,0,0.0,inf,inf,False,False,1,0,1,0,0.0,0.0,0.0,1,1,0,18.511341194135333,18.511341194135333,342.66975280569176,1,0.0,0.0,0.0543575136108819,0.0530773170967577,False,False,True,True,False,sign_inconsistent_positive_harmless,0.0
hexc_00644,645,22052533,22052532,1,22052533,False,2,2.0,0,1,1,1.0,1.0,True,True,1,1,0,16.908938028542916,16.908938028542916,285.91218525310484,1,1,1,,0.0,0.0,0.0,0.0,0,0.0,0.0,0.0,1.0,0.5,1.0,0.0,0.0,0.0,0,0.0,inf,inf,False,False,1,0,1,0,0.0,0.0,0.0,1,1,0,16.908938028542916,16.908938028542916,285.91218525310484,1,0.0,0.0,0.0601268944145263,0.0580093777705235,False,False,True,True,False,sign_inconsistent_positive_harmless,0.0
hexc_00645,646,4994851,4994850,1,4994851,False,2,2.0,0,1,1,1.0,1.0,True,True,1,1,0,15.423918139790043,15.423918139790043,237.89725078294435,1,1,1,,0.0,0.0,0.0,0.0,0,0.0,0.0,0.0,1.0,0.5,1.0,0.0,0.0,0.0,0,0.0,inf,inf,False,False,1,0,1,0,0.0,0.0,0.0,1,1,0,15.423918139790043,15.423918139790043,237.89725078294435,1,0.0,0.0,0.0655616696833343,0.0634751684817397,False,False,True,True,False,sign_inconsistent_positive_harmless,0.0
hexc_00646,647,1184527,1184526,1,1184527,False,2,2.0,0,1,1,1.0,1.0,True,True,1,1,0,13.984854096749217,13.984854096749217,195.57614410736335,1,1,1,,0.0,0.0,0.0,0.0,0,0.0,0.0,0.0,1.0,0.5,1.0,0.0,0.0,0.0,0,0.0,inf,inf,False,False,1,0,1,0,0.0,0.0,0.0,1,1,0,13.984854096749215,13.984854096749215,195.57614410736332,1,0.0,0.0,0.0713029062187651,0.0698526095506292,False,False,True,True,False,sign_inconsistent_positive_harmless,0.0
hexc_00647,648,12784897,12784896,1,12784897,False,2,2.0,0,1,1,1.0,1.0,True,True,1,1,0,16.363775110358976,16.363775110358976,267.77313586240393,1,1,1,,0.0,0.0,0.0,0.0,0,0.0,0.0,0.0,1.0,0.5,1.0,0.0,0.0,0.0,0,0.0,inf,inf,False,False,1,0,1,0,0.0,0.0,0.0,1,1,0,16.363775110358976,16.363775110358976,267.77313586240393,1,0.0,1.6982560607578553e-15,0.0624796157859059,0.0599030406605139,False,False,True,True,False,sign_inconsistent_positive_harmless,0.0
hexc_00648,649,109494937,109494936,1,109494937,False,2,2.0,0,1,1,1.0,1.0,True,True,1,1,0,18.511388868708924,18.511388868708924,342.67151784856065,1,1,1,,0.0,0.0,0.0,0.0,0,0.0,0.0,0.0,1.0,0.5,1.0,0.0,0.0,0.0,0,0.0,inf,inf,False,False,1,0,1,0,0.0,0.0,0.0,1,1,0,18.511388868708924,18.511388868708924,342.67151784856065,1,0.0,0.0,0.0546385149744283,0.053077182830663,False,False,True,True,False,sign_inconsistent_positive_harmless,0.0
hexc_00649,650,180642689,180642688,1,180642689,False,2,2.0,0,1,1,1.0,1.0,True,True,1,1,0,19.01203154421586,19.01203154421586,361.4573434382588,1,1,1,,0.0,0.0,0.0,0.0,0,0.0,0.0,0.0,1.0,0.5,1.0,0.0,0.0,0.0,0,0.0,inf,inf,False,False,1,0,1,0,0.0,0.0,0.0,1,1,0,19.01203154421586,19.01203154421586,361.4573434382588,1,0.0,0.0,0.0538199983464121,0.0517036984266119,False,False,True,True,False,sign_inconsistent_positive_harmless,0.0
hexc_00650,651,30372383,30372382,1,30372383,False,2,2.0,0,1,1,1.0,1.0,True,True,1,1,0,17.229044299534714,17.229044299534714,296.8399674753296,1,1,1,,0.0,0.0,0.0,0.0,0,0.0,0.0,0.0,1.0,0.5,1.0,0.0,0.0,0.0,0,0.0,inf,inf,False,False,1,0,1,0,0.0,0.0,0.0,1,1,0,17.229044299534714,17.229044299534714,296.8399674753296,1,0.0,0.0,0.0577692159185545,0.0569522169750933,False,False,True,True,False,sign_inconsistent_positive_harmless,0.0
hexc_00651,652,39644461,39644460,1,39644461,False,2,2.0,0,1,1,1.0,1.0,True,True,1,1,0,17.49546179893472,17.49546179893472,306.0911835579841,1,1,1,,0.0,0.0,0.0,0.0,0,0.0,0.0,0.0,1.0,0.5,1.0,0.0,0.0,0.0,0,0.0,inf,inf,False,False,1,0,1,0,0.0,0.0,0.0,1,1,0,17.49546179893472,17.49546179893472,306.0911835579841,1,0.0,0.0,0.0588197708884661,0.05610129483093,False,False,True,True,False,sign_inconsistent_positive_harmless,0.0
hexc_00652,653,30336731,30336730,1,30336731,False,2,2.0,0,1,1,1.0,1.0,True,True,1,1,0,17.227869780529264,17.227869780529264,296.79949717487347,1,1,1,,0.0,0.0,0.0,0.0,0,0.0,0.0,0.0,1.0,0.5,1.0,0.0,0.0,0.0,0,0.0,inf,inf,False,False,1,0,1,0,0.0,0.0,0.0,1,1,0,17.227869780529264,17.227869780529264,296.79949717487347,1,0.0,0.0,0.0590425078700368,0.0569560254529983,False,False,True,True,False,sign_inconsistent_positive_harmless,0.0
hexc_00653,654,109442621,109442620,1,109442621,False,2,2.0,0,1,1,1.0,1.0,True,True,1,1,0,18.510910960747644,18.510910960747644,342.65382459672725,1,1,1,,0.0,0.0,0.0,0.0,0,0.0,0.0,0.0,1.0,0.5,1.0,0.0,0.0,0.0,0,0.0,inf,inf,False,False,1,0,1,0,0.0,0.0,0.0,1,1,0,18.510910960747644,18.510910960747644,342.65382459672725,1,0.0,0.0,0.0553579920235929,0.053078528795507,False,False,True,True,False,sign_inconsistent_positive_harmless,0.0
hexc_00654,655,109568047,109568046,1,109568047,False,2,2.0,0,1,1,1.0,1.0,True,True,1,1,0,18.512056348000765,18.512056348000765,342.69623023155543,1,1,1,,0.0,0.0,0.0,0.0,0,0.0,0.0,0.0,1.0,0.5,1.0,0.0,0.0,0.0,0,0.0,inf,inf,False,False,1,0,1,0,0.0,0.0,0.0,1,1,0,18.512056348000765,18.512056348000765,342.69623023155543,1,0.0,0.0,0.0552176978121025,0.0530753030773353,False,False,True,True,False,sign_inconsistent_positive_harmless,0.0
hexc_00655,656,1189057,1189056,1,1189057,False,2,2.0,0,1,1,1.0,1.0,True,True,1,1,0,13.988671113968772,13.988671113968772,195.68291953478433,1,1,1,,0.0,0.0,0.0,0.0,0,0.0,0.0,0.0,1.0,0.5,1.0,0.0,0.0,0.0,0,0.0,inf,inf,False,False,1,0,1,0,0.0,0.0,0.0,1,1,0,13.988671113968772,13.988671113968772,195.68291953478436,1,0.0,0.0,0.0719034765237246,0.0698340002359772,False,False,True,True,False,sign_inconsistent_positive_harmless,0.0
hexc_00656,657,179470607,179470606,1,179470607,False,2,2.0,0,1,1,1.0,1.0,True,True,1,1,0,19.005522003180605,19.005522003180605,361.20986661338213,1,1,1,,0.0,0.0,0.0,0.0,0,0.0,0.0,0.0,1.0,0.5,1.0,0.0,0.0,0.0,0,0.0,inf,inf,False,False,1,0,1,0,0.0,0.0,0.0,1,1,0,19.005522003180605,19.005522003180605,361.2098666133821,1,0.0,2.517912122113758e-15,0.0532267242816651,0.0517211008473831,False,False,True,True,False,sign_inconsistent_positive_harmless,0.0
hexc_00657,658,604205663,604205662,1,604205663,True,2,2.0,0,1,1,1.0,1.0,True,True,1,1,0,20.219425199597186,20.219425199597186,408.82515540210574,1,1,1,,0.0,0.0,0.0,0.0,0,0.0,0.0,0.0,1.0,0.5,1.0,0.0,0.0,0.0,0,0.0,inf,inf,False,False,1,0,1,0,0.0,0.0,0.0,1,1,0,20.219425199597183,20.219425199597183,408.82515540210574,1,0.0,0.0,0.0500425677380953,0.0486664650442789,False,False,False,True,False,sign_inconsistent_positive_harmless,0.0
hexc_00658,659,40835243,40835242,1,40835243,False,2,2.0,0,1,1,1.0,1.0,True,True,1,1,0,17.525056065534326,17.525056065534326,307.12759010012144,1,1,1,,0.0,0.0,0.0,0.0,0,0.0,0.0,0.0,1.0,0.5,1.0,0.0,0.0,0.0,0,0.0,inf,inf,False,False,1,0,1,0,0.0,0.0,0.0,1,1,0,17.525056065534326,17.525056065534326,307.12759010012144,1,0.0,1.480646368299962e-15,0.0569943124153184,0.0560083384072625,False,False,True,True,False,sign_inconsistent_positive_harmless,0.0
hexc_00659,660,109719919,109719918,1,109719919,False,2,2.0,0,1,1,1.0,1.0,True,True,1,1,0,18.513441485790604,18.513441485790604,342.7475156477926,1,1,1,,0.0,0.0,0.0,0.0,0,0.0,0.0,0.0,1.0,0.5,1.0,0.0,0.0,0.0,0,0.0,inf,inf,False,False,1,0,1,0,0.0,0.0,0.0,1,1,0,18.513441485790604,18.513441485790604,342.7475156477926,1,0.0,0.0,0.0544002260223994,0.0530714026808062,False,False,True,True,False,sign_inconsistent_positive_harmless,0.0
hexc_00660,661,17998151,17998150,1,17998151,False,2,2.0,0,1,1,1.0,1.0,True,True,1,1,0,16.705779588361928,16.705779588361928,279.08307165493,1,1,1,,0.0,0.0,0.0,0.0,0,0.0,0.0,0.0,1.0,0.5,1.0,0.0,0.0,0.0,0,0.0,inf,inf,False,False,1,0,1,0,0.0,0.0,0.0,1,1,0,16.705779588361928,16.705779588361928,279.08307165493,1,0.0,0.0,0.0608850796926477,0.0587009073184403,False,False,True,True,False,sign_inconsistent_positive_harmless,0.0
hexc_00661,662,33915647,33915558,1,33915647,False,2,2.0,0,1,1,1.0,1.0,True,True,1,1,0,17.33938443460891,17.33938443460891,300.6542525711577,1,1,1,,0.0,0.0,0.0,0.0,0,0.0,0.0,0.0,1.0,0.5,1.0,0.0,0.0,0.0,0,0.0,inf,inf,False,False,1,0,1,0,0.0,0.0,0.0,1,1,0,17.33938443460891,17.33938443460891,300.6542525711577,1,0.0,0.0,0.0590007255143094,0.0565966692022885,False,False,True,True,False,sign_inconsistent_positive_harmless,0.0
hexc_00662,663,604872131,604872087,4,604872131,True,5,1.25,0,4,1,1.0,1.0,True,True,2,2,0,40.44105514430968,20.22052757380808,817.7394705925482,2,4,2,2.0,51.10871692039162,204.4348676815665,10.110263787730663,6.394292262347202,3,0.75,0.0,0.0,2.0,0.8,1.0,51.10871692039162,204.4348676815665,10.110263787730663,3,0.75,1.0,1.0,False,False,2,2,3,2,51.10871692039162,204.4348676815665,7.149036083304631,2,2,0,40.44105514430968,20.22052757380808,817.7394705925482,2,0.3999999999345915,0.0122977701368278,0.0503724694200252,0.0484881126989565,False,False,False,True,False,sign_inconsistent_positive_harmless,0.0
hexc_00663,664,604206971,604206345,626,604206971,True,36,0.05750798722044728,0,626,105,17.885714285714286,5.0,True,True,27,27,0,545.9245244370026,20.21942736442063,11038.280977102491,2,626,64,24.0,8.20825117358064,5138.365234661481,25.484226200864867,11.94706523082073,249,0.3977635782747604,41.0,14.333333333333334,19.0,6.722222222222222,0.6260869565217391,191.77305703937083,120049.93370664613,35.59394254607162,562,0.8977635782747604,23.363448922788592,1.3967048583513064,False,True,3,33,33,3,8.20825117358064,5138.365234661481,2.865004567811479,27,27,0,545.9245244370024,20.21942736442063,11038.280977102491,64,0.2197756470418726,0.0025127654287879,0.0508464536997485,0.0407906886563794,False,False,False,False,True,primitive_full_verified,0.0
hexc_00664,665,179661413,179661412,1,179661413,False,2,2.0,0,1,1,1.0,1.0,True,True,1,1,0,19.006584598590244,19.006584598590244,361.25025810336786,1,1,1,,0.0,0.0,0.0,0.0,0,0.0,0.0,0.0,1.0,0.5,1.0,0.0,0.0,0.0,0,0.0,inf,inf,False,False,1,0,1,0,0.0,0.0,0.0,1,1,0,19.006584598590244,19.006584598590244,361.2502581033679,1,0.0,0.0,0.0530721365313695,0.0517182593354566,False,False,True,True,False,sign_inconsistent_positive_harmless,0.0
hexc_00665,666,604874693,604874692,1,604874693,True,2,2.0,0,1,1,1.0,1.0,True,True,1,1,0,20.220531875534746,20.220531875534746,408.8699093295167,1,1,1,,0.0,0.0,0.0,0.0,0,0.0,0.0,0.0,1.0,0.5,1.0,0.0,0.0,0.0,0,0.0,inf,inf,False,False,1,0,1,0,0.0,0.0,0.0,1,1,0,20.220531875534743,20.220531875534743,408.8699093295167,1,0.0,8.897643783709675e-15,0.0497726846618487,0.0486638447988578,False,False,False,True,False,sign_inconsistent_positive_harmless,0.0
hexc_00666,667,179381333,179381332,1,179381333,False,2,2.0,0,1,1,1.0,1.0,True,True,1,1,0,19.005024449778265,19.005024449778265,361.1909543366696,1,1,1,,0.0,0.0,0.0,0.0,0,0.0,0.0,0.0,1.0,0.5,1.0,0.0,0.0,0.0,0,0.0,inf,inf,False,False,1,0,1,0,0.0,0.0,0.0,1,1,0,19.005024449778265,19.005024449778265,361.1909543366696,1,0.0,0.0,0.0531241987332051,0.0517224314741952,False,False,True,True,False,sign_inconsistent_positive_harmless,0.0
hexc_00667,668,108592553,108592552,1,108592553,False,2,2.0,0,1,1,1.0,1.0,True,True,1,1,0,18.503113390368878,18.503113390368878,342.36520513684803,1,1,1,,0.0,0.0,0.0,0.0,0,0.0,0.0,0.0,1.0,0.5,1.0,0.0,0.0,0.0,0,0.0,inf,inf,False,False,1,0,1,0,0.0,0.0,0.0,1,1,0,18.50311339036888,18.50311339036888,342.36520513684803,1,0.0,0.0,0.0543074254810474,0.0531004992697852,False,False,True,True,False,sign_inconsistent_positive_harmless,0.0
hexc_00668,669,12837637,12837636,1,12837637,False,2,2.0,0,1,1,1.0,1.0,True,True,1,1,0,16.36789180502179,16.36789180502179,267.9078821408995,1,1,1,,0.0,0.0,0.0,0.0,0,0.0,0.0,0.0,1.0,0.5,1.0,0.0,0.0,0.0,0,0.0,inf,inf,False,False,1,0,1,0,0.0,0.0,0.0,1,1,0,16.36789180502179,16.36789180502179,267.9078821408995,1,0.0,8.487009550680204e-16,0.0620429187160608,0.0598882780596343,False,False,True,True,False,sign_inconsistent_positive_harmless,0.0
hexc_00669,670,31025339,31025338,1,31025339,False,2,2.0,0,1,1,1.0,1.0,True,True,1,1,0,17.250314815667288,17.250314815667288,297.57336123963034,1,1,1,,0.0,0.0,0.0,0.0,0,0.0,0.0,0.0,1.0,0.5,1.0,0.0,0.0,0.0,0,0.0,inf,inf,False,False,1,0,1,0,0.0,0.0,0.0,1,1,0,17.250314815667288,17.250314815667288,297.57336123963034,1,0.0,3.0563713700183293e-15,0.0580349191062369,0.0568833335085937,False,False,True,True,False,sign_inconsistent_positive_harmless,0.0
hexc_00670,671,30824513,30824512,1,30824513,False,2,2.0,0,1,1,1.0,1.0,True,True,1,1,0,17.24382080802532,17.24382080802532,297.34935605928695,1,1,1,,0.0,0.0,0.0,0.0,0,0.0,0.0,0.0,1.0,0.5,1.0,0.0,0.0,0.0,0,0.0,inf,inf,False,False,1,0,1,0,0.0,0.0,0.0,1,1,0,17.24382080802532,17.24382080802532,297.34935605928695,1,0.0,1.5293369284976504e-15,0.0588239211504652,0.0569043463462274,False,False,True,True,False,sign_inconsistent_positive_harmless,0.0
hexc_00671,672,40834943,40834942,1,40834943,False,2,2.0,0,1,1,1.0,1.0,True,True,1,1,0,17.525048718912146,17.525048718912146,307.12733260024424,1,1,1,,0.0,0.0,0.0,0.0,0,0.0,0.0,0.0,1.0,0.5,1.0,0.0,0.0,0.0,0,0.0,inf,inf,False,False,1,0,1,0,0.0,0.0,0.0,1,1,0,17.525048718912146,17.525048718912146,307.12733260024424,1,0.0,0.0,0.0579663029192045,0.056008361444996,False,False,True,True,False,sign_inconsistent_positive_harmless,0.0
hexc_00672,673,12799261,12799260,1,12799261,False,2,2.0,0,1,1,1.0,1.0,True,True,1,1,0,16.364897992848153,16.364897992848153,267.8098863163255,1,1,1,,0.0,0.0,0.0,0.0,0,0.0,0.0,0.0,1.0,0.5,1.0,0.0,0.0,0.0,0,0.0,inf,inf,False,False,1,0,1,0,0.0,0.0,0.0,1,1,0,16.364897992848153,16.364897992848153,267.8098863163255,1,0.0,1.6980230160336058e-15,0.0616151003010251,0.0598990132459132,False,False,True,True,False,sign_inconsistent_positive_harmless,0.0
hexc_00673,674,187509659,187509555,4,187509659,False,5,1.25,0,4,1,1.0,1.0,True,True,2,2,0,38.09868075615101,19.04934038340857,725.7547376795558,2,4,2,2.0,45.35967113037005,181.4386845214802,9.524670194370813,6.023930353539626,3,0.75,0.0,0.0,2.0,0.8,1.0,45.35967113037005,181.4386845214802,9.524670194370813,3,0.75,1.0,1.0,False,False,2,2,3,2,45.35967113037005,181.4386845214802,6.734958881119472,2,2,0,38.09868075615101,19.04934038340857,725.7547376795558,2,0.3999999997760317,0.0130495572184996,0.0532207644598697,0.0514061644235071,False,False,True,True,False,sign_inconsistent_positive_harmless,0.0
hexc_00674,675,40882381,40882380,1,40882381,False,2,2.0,0,1,1,1.0,1.0,True,True,1,1,0,17.52620974580355,17.52620974580355,307.16802805389926,1,1,1,,0.0,0.0,0.0,0.0,0,0.0,0.0,0.0,1.0,0.5,1.0,0.0,0.0,0.0,0,0.0,inf,inf,False,False,1,0,1,0,0.0,0.0,0.0,1,1,0,17.52620974580355,17.52620974580355,307.16802805389926,1,0.0,0.0,0.0579261844879289,0.0560047209007865,False,False,True,True,False,sign_inconsistent_positive_harmless,0.0
hexc_00675,676,18001673,18001672,1,18001673,False,2,2.0,0,1,1,1.0,1.0,True,True,1,1,0,16.705975255985816,16.705975255985816,279.0896092536104,1,1,1,,0.0,0.0,0.0,0.0,0,0.0,0.0,0.0,1.0,0.5,1.0,0.0,0.0,0.0,0,0.0,inf,inf,False,False,1,0,1,0,0.0,0.0,0.0,1,1,0,16.705975255985816,16.705975255985816,279.0896092536104,1,0.0,0.0,0.0597757164079624,0.0587002333580212,False,False,True,True,False,sign_inconsistent_positive_harmless,0.0
hexc_00676,677,179149903,179149902,1,179149903,False,2,2.0,0,1,1,1.0,1.0,True,True,1,1,0,19.003733460269373,19.003733460269373,361.14188542896176,1,1,1,,0.0,0.0,0.0,0.0,0,0.0,0.0,0.0,1.0,0.5,1.0,0.0,0.0,0.0,0,0.0,inf,inf,False,False,1,0,1,0,0.0,0.0,0.0,1,1,0,19.003733460269373,19.003733460269373,361.14188542896176,1,0.0,0.0,0.0534075488090611,0.0517258843378983,False,False,True,True,False,sign_inconsistent_positive_harmless,0.0
hexc_00677,678,16183,16182,1,16183,False,2,2.0,0,1,1,1.0,1.0,True,True,1,1,0,9.691716587516886,9.691716587516886,93.92937041274996,1,1,1,,0.0,0.0,0.0,0.0,0,0.0,0.0,0.0,1.0,0.5,1.0,0.0,0.0,0.0,0,0.0,inf,inf,False,False,1,0,1,0,0.0,0.0,0.0,1,1,0,9.691716587516886,9.691716587516886,93.92937041274996,1,0.0,0.0,0.1069747307954135,0.0997384149531701,False,False,True,True,False,sign_inconsistent_positive_harmless,0.0
hexc_00678,679,17989039,17989038,1,17989039,False,2,2.0,0,1,1,1.0,1.0,True,True,1,1,0,16.705273185934022,16.705273185934022,279.06615221668625,1,1,1,,0.0,0.0,0.0,0.0,0,0.0,0.0,0.0,1.0,0.5,1.0,0.0,0.0,0.0,0,0.0,inf,inf,False,False,1,0,1,0,0.0,0.0,0.0,1,1,0,16.705273185934022,16.705273185934022,279.06615221668625,1,0.0,0.0,0.0610495652145156,0.0587026516501865,False,False,True,True,False,sign_inconsistent_positive_harmless,0.0
hexc_00679,680,604865039,604864888,3,604865039,True,4,1.3333333333333333,0,3,1,1.0,1.0,True,True,2,2,0,40.441031337481846,20.220515670394185,817.7385078195945,1,3,2,2.0,30.286611400725715,90.85983420217714,6.740171891233565,4.766021249485181,2,0.6666666666666666,0.0,0.0,1.0,0.5,1.0,30.286611400725715,90.85983420217714,6.740171891233565,2,0.6666666666666666,1.0,1.0,False,False,2,2,2,2,30.286611400725715,90.85983420217714,5.503327302707492,2,2,0,40.441031337481846,20.220515670394185,817.7385078195945,2,0.4999999997547157,0.009365368456664,0.0585344103602869,0.0561922107259703,False,False,False,True,False,sign_inconsistent_positive_harmless,0.0
hexc_00680,681,179436689,179436688,1,179436689,False,2,2.0,0,1,1,1.0,1.0,True,True,1,1,0,19.00533299615579,19.00533299615579,361.202682294768,1,1,1,,0.0,0.0,0.0,0.0,0,0.0,0.0,0.0,1.0,0.5,1.0,0.0,0.0,0.0,0,0.0,inf,inf,False,False,1,0,1,0,0.0,0.0,0.0,1,1,0,19.00533299615579,19.00533299615579,361.202682294768,1,0.0,0.0,0.0537520972306284,0.0517216063083092,False,False,True,True,False,sign_inconsistent_positive_harmless,0.0
hexc_00681,682,33912811,33912810,1,33912811,False,2,2.0,0,1,1,1.0,1.0,True,True,1,1,0,17.339303406567062,17.339303406567062,300.65144262498814,1,1,1,,0.0,0.0,0.0,0.0,0,0.0,0.0,0.0,1.0,0.5,1.0,0.0,0.0,0.0,0,0.0,inf,inf,False,False,1,0,1,0,0.0,0.0,0.0,1,1,0,17.339303406567062,17.339303406567062,300.65144262498814,1,0.0,0.0,0.0577269241070986,0.0565969455958729,False,False,True,True,False,sign_inconsistent_positive_harmless,0.0
hexc_00682,683,108595723,108595722,1,108595723,False,2,2.0,0,1,1,1.0,1.0,True,True,1,1,0,18.503142581631487,18.503142581631487,342.3662853961843,1,1,1,,0.0,0.0,0.0,0.0,0,0.0,0.0,0.0,1.0,0.5,1.0,0.0,0.0,0.0,0,0.0,inf,inf,False,False,1,0,1,0,0.0,0.0,0.0,1,1,0,18.503142581631487,18.503142581631487,342.3662853961843,1,0.0,0.0,0.0551376168754321,0.0531004169864259,False,False,True,True,False,sign_inconsistent_positive_harmless,0.0
hexc_00683,684,33924533,33924532,1,33924533,False,2,2.0,0,1,1,1.0,1.0,True,True,1,1,0,17.339648997930915,17.339648997930915,300.6634273714466,1,1,1,,0.0,0.0,0.0,0.0,0,0.0,0.0,0.0,1.0,0.5,1.0,0.0,0.0,0.0,0,0.0,inf,inf,False,False,1,0,1,0,0.0,0.0,0.0,1,1,0,17.339648997930915,17.339648997930915,300.6634273714466,1,0.0,0.0,0.0593030599397281,0.0565958390140637,False,False,True,True,False,sign_inconsistent_positive_harmless,0.0
hexc_00684,685,180619633,180619632,1,180619633,False,2,2.0,0,1,1,1.0,1.0,True,True,1,1,0,19.011903902894705,19.011903902894705,361.4524900129029,1,1,1,,0.0,0.0,0.0,0.0,0,0.0,0.0,0.0,1.0,0.5,1.0,0.0,0.0,0.0,0,0.0,inf,inf,False,False,1,0,1,0,0.0,0.0,0.0,1,1,0,19.011903902894705,19.011903902894705,361.4524900129029,1,0.0,0.0,0.053162119593626,0.0517040395467397,False,False,True,True,False,sign_inconsistent_positive_harmless,0.0
hexc_00685,686,33844607,33844606,1,33844607,False,2,2.0,0,1,1,1.0,1.0,True,True,1,1,0,17.337290224097938,17.337290224097938,300.5816323146019,1,1,1,,0.0,0.0,0.0,0.0,0,0.0,0.0,0.0,1.0,0.5,1.0,0.0,0.0,0.0,0,0.0,inf,inf,False,False,1,0,1,0,0.0,0.0,0.0,1,1,0,17.337290224097938,17.337290224097938,300.5816323146019,1,0.0,1.5128913479666836e-15,0.0589132052300743,0.0566033926560444,False,False,True,True,False,sign_inconsistent_positive_harmless,0.0
hexc_00686,687,109814843,109814842,1,109814843,False,2,2.0,0,1,1,1.0,1.0,True,True,1,1,0,18.514306260052784,18.514306260052784,342.77953629102973,1,1,1,,0.0,0.0,0.0,0.0,0,0.0,0.0,0.0,1.0,0.5,1.0,0.0,0.0,0.0,0,0.0,inf,inf,False,False,1,0,1,0,0.0,0.0,0.0,1,1,0,18.514306260052784,18.514306260052784,342.77953629102973,1,0.0,0.0,0.0545676585381428,0.0530689678616307,False,False,True,True,False,sign_inconsistent_positive_harmless,0.0
hexc_00687,688,30819587,30819586,1,30819587,False,2,2.0,0,1,1,1.0,1.0,True,True,1,1,0,17.2436609873771,17.2436609873771,297.34384424759105,1,1,1,,0.0,0.0,0.0,0.0,0,0.0,0.0,0.0,1.0,0.5,1.0,0.0,0.0,0.0,0,0.0,inf,inf,False,False,1,0,1,0,0.0,0.0,0.0,1,1,0,17.2436609873771,17.2436609873771,297.34384424759105,1,0.0,0.0,0.0590050793129095,0.0569048636779178,False,False,True,True,False,sign_inconsistent_positive_harmless,0.0
hexc_00688,689,12776207,12776206,1,12776207,False,2,2.0,0,1,1,1.0,1.0,True,True,1,1,0,16.36309517099996,16.36309517099996,267.7508835752022,1,1,1,,0.0,0.0,0.0,0.0,0,0.0,0.0,0.0,1.0,0.5,1.0,0.0,0.0,0.0,0,0.0,inf,inf,False,False,1,0,1,0,0.0,0.0,0.0,1,1,0,16.36309517099996,16.36309517099996,267.7508835752022,1,0.0,8.491985998595986e-16,0.0616763461067941,0.0599054796452054,False,False,True,True,False,sign_inconsistent_positive_harmless,0.0
hexc_00689,690,179472523,179472522,1,179472523,False,2,2.0,0,1,1,1.0,1.0,True,True,1,1,0,19.00553267896649,19.00553267896649,361.21027241126313,1,1,1,,0.0,0.0,0.0,0.0,0,0.0,0.0,0.0,1.0,0.5,1.0,0.0,0.0,0.0,0,0.0,inf,inf,False,False,1,0,1,0,0.0,0.0,0.0,1,1,0,19.00553267896649,19.00553267896649,361.21027241126313,1,0.0,0.0,0.0525914466370504,0.0517210722974534,False,False,True,True,False,sign_inconsistent_positive_harmless,0.0
hexc_00690,691,39640879,39640878,1,39640879,False,2,2.0,0,1,1,1.0,1.0,True,True,1,1,0,17.49537144175135,17.49537144175135,306.0880218848487,1,1,1,,0.0,0.0,0.0,0.0,0,0.0,0.0,0.0,1.0,0.5,1.0,0.0,0.0,0.0,0,0.0,inf,inf,False,False,1,0,1,0,0.0,0.0,0.0,1,1,0,17.49537144175135,17.49537144175135,306.0880218848487,1,0.0,0.0,0.0579616447381054,0.0561015791176952,False,False,True,True,False,sign_inconsistent_positive_harmless,0.0
hexc_00691,692,108573587,108573586,1,108573587,False,2,2.0,0,1,1,1.0,1.0,True,True,1,1,0,18.502938722254886,18.502938722254886,342.35874135951923,1,1,1,,0.0,0.0,0.0,0.0,0,0.0,0.0,0.0,1.0,0.5,1.0,0.0,0.0,0.0,0,0.0,inf,inf,False,False,1,0,1,0,0.0,0.0,0.0,1,1,0,18.50293872225489,18.50293872225489,342.35874135951923,1,0.0,0.0,0.0550361137334319,0.0531009916237648,False,False,True,True,False,sign_inconsistent_positive_harmless,0.0
hexc_00692,693,109442251,109442250,1,109442251,False,2,2.0,0,1,1,1.0,1.0,True,True,1,1,0,18.51090757997494,18.51090757997494,342.6536994343737,1,1,1,,0.0,0.0,0.0,0.0,0,0.0,0.0,0.0,1.0,0.5,1.0,0.0,0.0,0.0,0,0.0,inf,inf,False,False,1,0,1,0,0.0,0.0,0.0,1,1,0,18.51090757997494,18.51090757997494,342.6536994343737,1,0.0,0.0,0.0546254127662521,0.0530785383172509,False,False,True,True,False,sign_inconsistent_positive_harmless,0.0
hexc_00693,694,39640409,39640408,1,39640409,False,2,2.0,0,1,1,1.0,1.0,True,True,1,1,0,17.49535958523358,17.49535958523358,306.0876070166245,1,1,1,,0.0,0.0,0.0,0.0,0,0.0,0.0,0.0,1.0,0.5,1.0,0.0,0.0,0.0,0,0.0,inf,inf,False,False,1,0,1,0,0.0,0.0,0.0,1,1,0,17.49535958523358,17.49535958523358,306.0876070166245,1,0.0,0.0,0.0587946146469265,0.0561016164215395,False,False,True,True,False,sign_inconsistent_positive_harmless,0.0
hexc_00694,695,604435457,604435456,1,604435457,True,2,2.0,0,1,1,1.0,1.0,True,True,1,1,0,20.219805451433675,20.219805451433675,408.84053249382697,1,1,1,,0.0,0.0,0.0,0.0,0,0.0,0.0,0.0,1.0,0.5,1.0,0.0,0.0,0.0,0,0.0,inf,inf,False,False,1,0,1,0,0.0,0.0,0.0,1,1,0,20.219805451433675,20.219805451433675,408.84053249382697,1,0.0,0.0,0.0493137121900815,0.0486655647009115,False,False,False,True,False,sign_inconsistent_positive_harmless,0.0
hexc_00695,696,179413093,179413092,1,179413093,False,2,2.0,0,1,1,1.0,1.0,True,True,1,1,0,19.005201487088666,19.005201487088666,361.19768356483723,1,1,1,,0.0,0.0,0.0,0.0,0,0.0,0.0,0.0,1.0,0.5,1.0,0.0,0.0,0.0,0,0.0,inf,inf,False,False,1,0,1,0,0.0,0.0,0.0,1,1,0,19.005201487088662,19.005201487088662,361.1976835648372,1,0.0,0.0,0.053125528818645,0.0517219580084463,False,False,True,True,False,sign_inconsistent_positive_harmless,0.0
hexc_00696,697,108592199,108592198,1,108592199,False,2,2.0,0,1,1,1.0,1.0,True,True,1,1,0,18.503110130471516,18.503110130471516,342.3650845003576,1,1,1,,0.0,0.0,0.0,0.0,0,0.0,0.0,0.0,1.0,0.5,1.0,0.0,0.0,0.0,0,0.0,inf,inf,False,False,1,0,1,0,0.0,0.0,0.0,1,1,0,18.50311013047152,18.50311013047152,342.3650845003576,1,0.0,0.0,0.0552761062932465,0.0531005084586912,False,False,True,True,False,sign_inconsistent_positive_harmless,0.0
hexc_00697,698,30419023,30419022,1,30419023,False,2,2.0,0,1,1,1.0,1.0,True,True,1,1,0,17.230578727251388,17.230578727251388,296.892843276008,1,1,1,,0.0,0.0,0.0,0.0,0,0.0,0.0,0.0,1.0,0.5,1.0,0.0,0.0,0.0,0,0.0,inf,inf,False,False,1,0,1,0,0.0,0.0,0.0,1,1,0,17.230578727251388,17.230578727251388,296.892843276008,1,0.0,0.0,0.058411252820423,0.0569472422295268,False,False,True,True,False,sign_inconsistent_positive_harmless,0.0
hexc_00698,699,108553589,108553588,1,108553589,False,2,2.0,0,1,1,1.0,1.0,True,True,1,1,0,18.50275451684656,18.50275451684656,342.3519247106858,1,1,1,,0.0,0.0,0.0,0.0,0,0.0,0.0,0.0,1.0,0.5,1.0,0.0,0.0,0.0,0,0.0,inf,inf,False,False,1,0,1,0,0.0,0.0,0.0,1,1,0,18.50275451684656,18.50275451684656,342.3519247106858,1,0.0,0.0,0.0545865214664789,0.0531015108713336,False,False,True,True,False,sign_inconsistent_positive_harmless,0.0
hexc_00699,700,17984893,17984892,1,17984893,False,2,2.0,0,1,1,1.0,1.0,True,True,1,1,0,16.705042685691883,16.705042685691883,279.0584511307879,1,1,1,,0.0,0.0,0.0,0.0,0,0.0,0.0,0.0,1.0,0.5,1.0,0.0,0.0,0.0,0,0.0,inf,inf,False,False,1,0,1,0,0.0,0.0,0.0,1,1,0,16.705042685691883,16.705042685691883,279.0584511307879,1,0.0,3.2591548404555226e-15,0.0605582183755319,0.0587034456555991,False,False,True,True,False,sign_inconsistent_positive_harmless,0.0
hexc_00700,701,33863117,33863116,1,33863117,False,2,2.0,0,1,1,1.0,1.0,True,True,1,1,0,17.337836985955153,17.337836985955153,300.6005913515545,1,1,1,,0.0,0.0,0.0,0.0,0,0.0,0.0,0.0,1.0,0.5,1.0,0.0,0.0,0.0,0,0.0,inf,inf,False,False,1,0,1,0,0.0,0.0,0.0,1,1,0,17.337836985955153,17.337836985955153,300.6005913515545,1,0.0,0.0,0.0587001623650556,0.0566016415485248,False,False,True,True,False,sign_inconsistent_positive_harmless,0.0
hexc_00701,702,33413759,33413758,1,33413759,False,2,2.0,0,1,1,1.0,1.0,True,True,1,1,0,17.32447831922821,17.32447831922821,300.1375490334083,1,1,1,,0.0,0.0,0.0,0.0,0,0.0,0.0,0.0,1.0,0.5,1.0,0.0,0.0,0.0,0,0.0,inf,inf,False,False,1,0,1,0,0.0,0.0,0.0,1,1,0,17.32447831922821,17.32447831922821,300.1375490334083,1,0.0,0.0,0.0586290314487052,0.056644456213427,False,False,True,True,False,sign_inconsistent_positive_harmless,0.0
hexc_00702,703,179400479,179400478,1,179400479,False,2,2.0,0,1,1,1.0,1.0,True,True,1,1,0,19.005131177596553,19.005131177596553,361.19501107765257,1,1,1,,0.0,0.0,0.0,0.0,0,0.0,0.0,0.0,1.0,0.5,1.0,0.0,0.0,0.0,0,0.0,inf,inf,False,False,1,0,1,0,0.0,0.0,0.0,1,1,0,19.005131177596557,19.005131177596557,361.19501107765257,1,0.0,0.0,0.0528297241791223,0.0517221460419875,False,False,True,True,False,sign_inconsistent_positive_harmless,0.0
hexc_00703,704,109611101,109611100,1,109611101,False,2,2.0,0,1,1,1.0,1.0,True,True,1,1,0,18.512449213845407,18.512449213845407,342.7107758952054,1,1,1,,0.0,0.0,0.0,0.0,0,0.0,0.0,0.0,1.0,0.5,1.0,0.0,0.0,0.0,0,0.0,inf,inf,False,False,1,0,1,0,0.0,0.0,0.0,1,1,0,18.512449213845407,18.512449213845407,342.7107758952054,1,0.0,0.0,0.0550890190175448,0.0530741967518617,False,False,True,True,False,sign_inconsistent_positive_harmless,0.0
hexc_00704,705,108532859,108532858,1,108532859,False,2,2.0,0,1,1,1.0,1.0,True,True,1,1,0,18.502563533021878,18.502563533021878,342.34485729351104,1,1,1,,0.0,0.0,0.0,0.0,0,0.0,0.0,0.0,1.0,0.5,1.0,0.0,0.0,0.0,0,0.0,inf,inf,False,False,1,0,1,0,0.0,0.0,0.0,1,1,0,18.50256353302188,18.50256353302188,342.34485729351104,1,0.0,0.0,0.0552219564852861,0.0531020492369649,False,False,True,True,False,sign_inconsistent_positive_harmless,0.0
hexc_00705,706,109707751,109707750,1,109707751,False,2,2.0,0,1,1,1.0,1.0,True,True,1,1,0,18.51333057908488,18.51333057908488,342.7434091304793,1,1,1,,0.0,0.0,0.0,0.0,0,0.0,0.0,0.0,1.0,0.5,1.0,0.0,0.0,0.0,0,0.0,inf,inf,False,False,1,0,1,0,0.0,0.0,0.0,1,1,0,18.51333057908488,18.51333057908488,342.7434091304793,1,0.0,0.0,0.0545132051318996,0.0530717149608556,False,False,True,True,False,sign_inconsistent_positive_harmless,0.0
hexc_00706,707,31027937,31027936,1,31027937,False,2,2.0,0,1,1,1.0,1.0,True,True,1,1,0,17.250398550166704,17.250398550166704,297.5762501395935,1,1,1,,0.0,0.0,0.0,0.0,0,0.0,0.0,0.0,1.0,0.5,1.0,0.0,0.0,0.0,0,0.0,inf,inf,False,False,1,0,1,0,0.0,0.0,0.0,1,1,0,17.250398550166704,17.250398550166704,297.5762501395935,1,0.0,1.5281708492298745e-15,0.0585998688638257,0.0568830626678919,False,False,True,True,False,sign_inconsistent_positive_harmless,0.0
hexc_00707,708,109721779,109721778,1,109721779,False,2,2.0,0,1,1,1.0,1.0,True,True,1,1,0,18.5134584379015,18.5134584379015,342.7481433319063,1,1,1,,0.0,0.0,0.0,0.0,0,0.0,0.0,0.0,1.0,0.5,1.0,0.0,0.0,0.0,0,0.0,inf,inf,False,False,1,0,1,0,0.0,0.0,0.0,1,1,0,18.5134584379015,18.5134584379015,342.7481433319063,1,0.0,0.0,0.0547506845400794,0.0530713549490682,False,False,True,True,False,sign_inconsistent_positive_harmless,0.0
hexc_00708,709,30794947,30794946,1,30794947,False,2,2.0,0,1,1,1.0,1.0,True,True,1,1,0,17.242861176043185,17.242861176043185,297.31626153629736,1,1,1,,0.0,0.0,0.0,0.0,0,0.0,0.0,0.0,1.0,0.5,1.0,0.0,0.0,0.0,0,0.0,inf,inf,False,False,1,0,1,0,0.0,0.0,0.0,1,1,0,17.242861176043185,17.242861176043185,297.31626153629736,1,0.0,0.0,0.0590213018912058,0.056907452769708,False,False,True,True,False,sign_inconsistent_positive_harmless,0.0
hexc_00709,710,31028143,31028142,1,31028143,False,2,2.0,0,1,1,1.0,1.0,True,True,1,1,0,17.250405189322773,17.250405189322773,297.57647919581404,1,1,1,,0.0,0.0,0.0,0.0,0,0.0,0.0,0.0,1.0,0.5,1.0,0.0,0.0,0.0,0,0.0,inf,inf,False,False,1,0,1,0,0.0,0.0,0.0,1,1,0,17.250405189322773,17.250405189322773,297.57647919581404,1,0.0,0.0,0.0591241272165089,0.0568830411935349,False,False,True,True,False,sign_inconsistent_positive_harmless,0.0
hexc_00710,711,179149753,179149752,1,179149753,False,2,2.0,0,1,1,1.0,1.0,True,True,1,1,0,19.00373262298138,19.00373262298138,361.1418536057668,1,1,1,,0.0,0.0,0.0,0.0,0,0.0,0.0,0.0,1.0,0.5,1.0,0.0,0.0,0.0,0,0.0,inf,inf,False,False,1,0,1,0,0.0,0.0,0.0,1,1,0,19.00373262298138,19.00373262298138,361.1418536057668,1,0.0,0.0,0.0537788253624078,0.0517258865774496,False,False,True,True,False,sign_inconsistent_positive_harmless,0.0
hexc_00711,712,30808223,30808222,1,30808223,False,2,2.0,0,1,1,1.0,1.0,True,True,1,1,0,17.243292192830328,17.243292192830328,297.33112564732335,1,1,1,,0.0,0.0,0.0,0.0,0,0.0,0.0,0.0,1.0,0.5,1.0,0.0,0.0,0.0,0,0.0,inf,inf,False,False,1,0,1,0,0.0,0.0,0.0,1,1,0,17.243292192830328,17.243292192830328,297.33112564732335,1,0.0,0.0,0.0583692107538644,0.05690605748387,False,False,True,True,False,sign_inconsistent_positive_harmless,0.0
hexc_00712,713,178013153,178013152,1,178013153,False,2,2.0,0,1,1,1.0,1.0,True,True,1,1,0,18.997367998784814,18.997367998784814,360.8999908812533,1,1,1,,0.0,0.0,0.0,0.0,0,0.0,0.0,0.0,1.0,0.5,1.0,0.0,0.0,0.0,0,0.0,inf,inf,False,False,1,0,1,0,0.0,0.0,0.0,1,1,0,18.997367998784814,18.997367998784814,360.8999908812533,1,0.0,0.0,0.0533575856221749,0.0517429160587847,False,False,True,True,False,sign_inconsistent_positive_harmless,0.0
hexc_00713,714,109708829,109708828,1,109708829,False,2,2.0,0,1,1,1.0,1.0,True,True,1,1,0,18.51334040514269,18.51334040514269,342.7437729566889,1,1,1,,0.0,0.0,0.0,0.0,0,0.0,0.0,0.0,1.0,0.5,1.0,0.0,0.0,0.0,0,0.0,inf,inf,False,False,1,0,1,0,0.0,0.0,0.0,1,1,0,18.51334040514269,18.51334040514269,342.7437729566889,1,0.0,0.0,0.0550639317692912,0.0530716872934735,False,False,True,True,False,sign_inconsistent_positive_harmless,0.0
hexc_00714,715,39691237,39691236,1,39691237,False,2,2.0,0,1,1,1.0,1.0,True,True,1,1,0,17.49664099081427,17.49664099081427,306.1324459614422,1,1,1,,0.0,0.0,0.0,0.0,0,0.0,0.0,0.0,1.0,0.5,1.0,0.0,0.0,0.0,0,0.0,inf,inf,False,False,1,0,1,0,0.0,0.0,0.0,1,1,0,17.49664099081427,17.49664099081427,306.1324459614422,1,0.0,0.0,0.0578619642067515,0.056097585056296,False,False,True,True,False,sign_inconsistent_positive_harmless,0.0
hexc_00715,716,179665093,179665092,1,179665093,False,2,2.0,0,1,1,1.0,1.0,True,True,1,1,0,19.006605081354188,19.006605081354188,361.25103671855885,1,1,1,,0.0,0.0,0.0,0.0,0,0.0,0.0,0.0,1.0,0.5,1.0,0.0,0.0,0.0,0,0.0,inf,inf,False,False,1,0,1,0,0.0,0.0,0.0,1,1,0,19.006605081354188,19.006605081354188,361.2510367185589,1,0.0,0.0,0.0536009635875191,0.0517182045650686,False,False,True,True,False,sign_inconsistent_positive_harmless,0.0
hexc_00716,717,179602889,179602888,1,179602889,False,2,2.0,0,1,1,1.0,1.0,True,True,1,1,0,19.006258799449103,19.006258799449103,361.2378735516365,1,1,1,,0.0,0.0,0.0,0.0,0,0.0,0.0,0.0,1.0,0.5,1.0,0.0,0.0,0.0,0,0.0,inf,inf,False,False,1,0,1,0,0.0,0.0,0.0,1,1,0,19.006258799449103,19.006258799449103,361.2378735516365,1,0.0,0.0,0.0529285737480202,0.0517191305295898,False,False,True,True,False,sign_inconsistent_positive_harmless,0.0
hexc_00717,718,33924997,33924996,1,33924997,False,2,2.0,0,1,1,1.0,1.0,True,True,1,1,0,17.339662675254843,17.339662675254843,300.66390169162594,1,1,1,,0.0,0.0,0.0,0.0,0,0.0,0.0,0.0,1.0,0.5,1.0,0.0,0.0,0.0,0,0.0,inf,inf,False,False,1,0,1,0,0.0,0.0,0.0,1,1,0,17.339662675254843,17.339662675254843,300.66390169162594,1,0.0,0.0,0.0584408196615828,0.0565957952202304,False,False,True,True,False,sign_inconsistent_positive_harmless,0.0
hexc_00718,719,179150627,179150626,1,179150627,False,2,2.0,0,1,1,1.0,1.0,True,True,1,1,0,19.003737501569564,19.003737501569564,361.1420390285614,1,1,1,,0.0,0.0,0.0,0.0,0,0.0,0.0,0.0,1.0,0.5,1.0,0.0,0.0,0.0,0,0.0,inf,inf,False,False,1,0,1,0,0.0,0.0,0.0,1,1,0,19.003737501569564,19.003737501569564,361.1420390285614,1,0.0,0.0,0.0529327722024033,0.0517258735283716,False,False,True,True,False,sign_inconsistent_positive_harmless,0.0
hexc_00719,720,7118591,7118590,1,7118591,False,2,2.0,0,1,1,1.0,1.0,True,True,1,1,0,15.778220370546277,15.778220370546277,248.9522380615215,1,1,1,,0.0,0.0,0.0,0.0,0,0.0,0.0,0.0,1.0,0.5,1.0,0.0,0.0,0.0,0,0.0,inf,inf,False,False,1,0,1,0,0.0,0.0,0.0,1,1,0,15.778220370546276,15.778220370546276,248.9522380615215,1,0.0,0.0,0.0652064611469634,0.0620796600419671,False,False,True,True,False,sign_inconsistent_positive_harmless,0.0
hexc_00720,721,604672807,604672806,1,604672807,True,2,2.0,0,1,1,1.0,1.0,True,True,1,1,0,20.22019805482597,20.22019805482597,408.856409376388,1,1,1,,0.0,0.0,0.0,0.0,0,0.0,0.0,0.0,1.0,0.5,1.0,0.0,0.0,0.0,0,0.0,inf,inf,False,False,1,0,1,0,0.0,0.0,0.0,1,1,0,20.22019805482597,20.22019805482597,408.856409376388,1,0.0,0.0,0.0495872400319328,0.0486646351470256,False,False,False,True,False,sign_inconsistent_positive_harmless,0.0
hexc_00721,722,1512547,1512546,1,1512547,False,2,2.0,0,1,1,1.0,1.0,True,True,1,1,0,14.2293055427845,14.2293055427845,202.47313622991769,1,1,1,,0.0,0.0,0.0,0.0,0,0.0,0.0,0.0,1.0,0.5,1.0,0.0,0.0,0.0,0,0.0,inf,inf,False,False,1,0,1,0,0.0,0.0,0.0,1,1,0,14.2293055427845,14.2293055427845,202.47313622991769,1,0.0,0.0,0.0702608961700486,0.0686804962708415,False,False,True,True,False,sign_inconsistent_positive_harmless,0.0
hexc_00722,723,179661607,179661606,1,179661607,False,2,2.0,0,1,1,1.0,1.0,True,True,1,1,0,19.006585678398604,19.006585678398604,361.25029915030694,1,1,1,,0.0,0.0,0.0,0.0,0,0.0,0.0,0.0,1.0,0.5,1.0,0.0,0.0,0.0,0,0.0,inf,inf,False,False,1,0,1,0,0.0,0.0,0.0,1,1,0,19.006585678398604,19.006585678398604,361.2502991503069,1,0.0,0.0,0.053059303052776,0.0517182564480717,False,False,True,True,False,sign_inconsistent_positive_harmless,0.0
hexc_00723,724,108811009,108811008,1,108811009,False,2,2.0,0,1,1,1.0,1.0,True,True,1,1,0,18.505123072928956,18.505123072928956,342.4395799442476,1,1,1,,0.0,0.0,0.0,0.0,0,0.0,0.0,0.0,1.0,0.5,1.0,0.0,0.0,0.0,0,0.0,inf,inf,False,False,1,0,1,0,0.0,0.0,0.0,1,1,0,18.50512307292896,18.50512307292896,342.4395799442476,1,0.0,0.0,0.0540320931092931,0.0530948350388976,False,False,True,True,False,sign_inconsistent_positive_harmless,0.0
hexc_00724,725,187504777,187504776,1,187504777,False,2,2.0,0,1,1,1.0,1.0,True,True,1,1,0,19.04931488038353,19.04931488038353,362.8763974120014,1,1,1,,0.0,0.0,0.0,0.0,0,0.0,0.0,0.0,1.0,0.5,1.0,0.0,0.0,0.0,0,0.0,inf,inf,False,False,1,0,1,0,0.0,0.0,0.0,1,1,0,19.04931488038353,19.04931488038353,362.8763974120014,1,0.0,0.0,0.0530638386214726,0.0516042513344346,False,False,True,True,False,sign_inconsistent_positive_harmless,0.0
hexc_00725,726,39674683,39674682,1,39674683,False,2,2.0,0,1,1,1.0,1.0,True,True,1,1,0,17.496223834426743,17.496223834426743,306.11784846436245,1,1,1,,0.0,0.0,0.0,0.0,0,0.0,0.0,0.0,1.0,0.5,1.0,0.0,0.0,0.0,0,0.0,inf,inf,False,False,1,0,1,0,0.0,0.0,0.0,1,1,0,17.496223834426743,17.496223834426743,306.11784846436245,1,0.0,0.0,0.0568285448518926,0.0560988973873106,False,False,True,True,False,sign_inconsistent_positive_harmless,0.0
hexc_00726,727,1509097,1509096,1,1509097,False,2,2.0,0,1,1,1.0,1.0,True,True,1,1,0,14.227022016664835,14.227022016664835,202.40815546266595,1,1,1,,0.0,0.0,0.0,0.0,0,0.0,0.0,0.0,1.0,0.5,1.0,0.0,0.0,0.0,0,0.0,inf,inf,False,False,1,0,1,0,0.0,0.0,0.0,1,1,0,14.227022016664836,14.227022016664836,202.40815546266597,1,0.0,0.0,0.0701254608877874,0.0686912635505407,False,False,True,True,False,sign_inconsistent_positive_harmless,0.0
hexc_00727,728,33902807,33902806,1,33902807,False,2,2.0,0,1,1,1.0,1.0,True,True,1,1,0,17.339008371282635,17.339008371282635,300.6412112994093,1,1,1,,0.0,0.0,0.0,0.0,0,0.0,0.0,0.0,1.0,0.5,1.0,0.0,0.0,0.0,0,0.0,inf,inf,False,False,1,0,1,0,0.0,0.0,0.0,1,1,0,17.339008371282635,17.339008371282635,300.6412112994093,1,0.0,1.512591533678928e-15,0.0576533742965644,0.0565978903315975,False,False,True,True,False,sign_inconsistent_positive_harmless,0.0
hexc_00728,729,108537769,108537768,1,108537769,False,2,2.0,0,1,1,1.0,1.0,True,True,1,1,0,18.502608771754048,18.502608771754048,342.34653136058984,1,1,1,,0.0,0.0,0.0,0.0,0,0.0,0.0,0.0,1.0,0.5,1.0,0.0,0.0,0.0,0,0.0,inf,inf,False,False,1,0,1,0,0.0,0.0,0.0,1,1,0,18.502608771754048,18.502608771754048,342.34653136058984,1,0.0,0.0,0.0550102371348021,0.0531019217122018,False,False,True,True,False,sign_inconsistent_positive_harmless,0.0
hexc_00729,730,30981329,30981328,1,30981329,False,2,2.0,0,1,1,1.0,1.0,True,True,1,1,0,17.24889529067716,17.24889529067716,297.52438874874474,1,1,1,,0.0,0.0,0.0,0.0,0,0.0,0.0,0.0,1.0,0.5,1.0,0.0,0.0,0.0,0,0.0,inf,inf,False,False,1,0,1,0,0.0,0.0,0.0,1,1,0,17.24889529067716,17.24889529067716,297.52438874874474,1,0.0,0.0,0.0588661597811044,0.0568879253793559,False,False,True,True,False,sign_inconsistent_positive_harmless,0.0
hexc_00730,731,30649523,30649522,1,30649523,False,2,2.0,0,1,1,1.0,1.0,True,True,1,1,0,17.23812765741952,17.23812765741952,297.15304513349173,1,1,1,,0.0,0.0,0.0,0.0,0,0.0,0.0,0.0,1.0,0.5,1.0,0.0,0.0,0.0,0,0.0,inf,inf,False,False,1,0,1,0,0.0,0.0,0.0,1,1,0,17.23812765741952,17.23812765741952,297.15304513349173,1,0.0,0.0,0.058857594872207,0.0569227805988697,False,False,True,True,False,sign_inconsistent_positive_harmless,0.0
hexc_00731,732,108548351,108548350,1,108548351,False,2,2.0,0,1,1,1.0,1.0,True,True,1,1,0,18.50270626301704,18.50270626301704,342.35013905549,1,1,1,,0.0,0.0,0.0,0.0,0,0.0,0.0,0.0,1.0,0.5,1.0,0.0,0.0,0.0,0,0.0,inf,inf,False,False,1,0,1,0,0.0,0.0,0.0,1,1,0,18.50270626301704,18.50270626301704,342.35013905549,1,0.0,0.0,0.0541939682170777,0.053101646893358,False,False,True,True,False,sign_inconsistent_positive_harmless,0.0
hexc_00732,733,604676711,604676710,1,604676711,True,2,2.0,0,1,1,1.0,1.0,True,True,1,1,0,20.220204511189397,20.220204511189397,408.85667047432406,1,1,1,,0.0,0.0,0.0,0.0,0,0.0,0.0,0.0,1.0,0.5,1.0,0.0,0.0,0.0,0,0.0,inf,inf,False,False,1,0,1,0,0.0,0.0,0.0,1,1,0,20.2202045111894,20.2202045111894,408.85667047432406,1,0.0,4.4489659455368665e-15,0.0502399087413142,0.0486646198608102,False,False,False,True,False,sign_inconsistent_positive_harmless,0.0
hexc_00733,734,109567411,109567410,1,109567411,False,2,2.0,0,1,1,1.0,1.0,True,True,1,1,0,18.51205054337192,18.51205054337192,342.6960153203566,1,1,1,,0.0,0.0,0.0,0.0,0,0.0,0.0,0.0,1.0,0.5,1.0,0.0,0.0,0.0,0,0.0,inf,inf,False,False,1,0,1,0,0.0,0.0,0.0,1,1,0,18.51205054337192,18.51205054337192,342.6960153203566,1,0.0,0.0,0.0542083537049825,0.0530753194237436,False,False,True,True,False,sign_inconsistent_positive_harmless,0.0
hexc_00734,735,109721527,109721526,1,109721527,False,2,2.0,0,1,1,1.0,1.0,True,True,1,1,0,18.513456141180725,18.513456141180725,342.7480582914223,1,1,1,,0.0,0.0,0.0,0.0,0,0.0,0.0,0.0,1.0,0.5,1.0,0.0,0.0,0.0,0,0.0,inf,inf,False,False,1,0,1,0,0.0,0.0,0.0,1,1,0,18.513456141180725,18.513456141180725,342.7480582914223,1,0.0,0.0,0.0550365316698288,0.0530713614158946,False,False,True,True,False,sign_inconsistent_positive_harmless,0.0
hexc_00735,736,179403751,179403750,1,179403751,False,2,2.0,0,1,1,1.0,1.0,True,True,1,1,0,19.00514941595456,19.00514941595456,361.19570432275793,1,1,1,,0.0,0.0,0.0,0.0,0,0.0,0.0,0.0,1.0,0.5,1.0,0.0,0.0,0.0,0,0.0,inf,inf,False,False,1,0,1,0,0.0,0.0,0.0,1,1,0,19.00514941595456,19.00514941595456,361.19570432275793,1,0.0,0.0,0.0536376134985399,0.0517220972657532,False,False,True,True,False,sign_inconsistent_positive_harmless,0.0
hexc_00736,737,180620933,180620932,1,180620933,False,2,2.0,0,1,1,1.0,1.0,True,True,1,1,0,19.0119111003145,19.0119111003145,361.4527636862617,1,1,1,,0.0,0.0,0.0,0.0,0,0.0,0.0,0.0,1.0,0.5,1.0,0.0,0.0,0.0,0,0.0,inf,inf,False,False,1,0,1,0,0.0,0.0,0.0,1,1,0,19.0119111003145,19.0119111003145,361.4527636862617,1,0.0,0.0,0.0538326091705561,0.0517040203115896,False,False,True,True,False,sign_inconsistent_positive_harmless,0.0
hexc_00737,738,12842237,12842236,1,12842237,False,2,2.0,0,1,1,1.0,1.0,True,True,1,1,0,16.36825006223514,16.36825006223514,267.9196100998607,1,1,1,,0.0,0.0,0.0,0.0,0,0.0,0.0,0.0,1.0,0.5,1.0,0.0,0.0,0.0,0,0.0,inf,inf,False,False,1,0,1,0,0.0,0.0,0.0,1,1,0,16.36825006223514,16.36825006223514,267.9196100998607,1,0.0,8.486638038868595e-16,0.0614714067975274,0.0598869936816295,False,False,True,True,False,sign_inconsistent_positive_harmless,0.0
hexc_00738,739,109511539,109511538,1,109511539,False,2,2.0,0,1,1,1.0,1.0,True,True,1,1,0,18.511540480664287,18.511540480664287,342.6771309672726,1,1,1,,0.0,0.0,0.0,0.0,0,0.0,0.0,0.0,1.0,0.5,1.0,0.0,0.0,0.0,0,0.0,inf,inf,False,False,1,0,1,0,0.0,0.0,0.0,1,1,0,18.511540480664287,18.511540480664287,342.6771309672726,1,0.0,0.0,0.0537774692048976,0.0530767558498132,False,False,True,True,False,sign_inconsistent_positive_harmless,0.0
hexc_00739,740,39641299,39641298,1,39641299,False,2,2.0,0,1,1,1.0,1.0,True,True,1,1,0,17.495382036818505,17.495382036818505,306.0883926142316,1,1,1,,0.0,0.0,0.0,0.0,0,0.0,0.0,0.0,1.0,0.5,1.0,0.0,0.0,0.0,0,0.0,inf,inf,False,False,1,0,1,0,0.0,0.0,0.0,1,1,0,17.495382036818505,17.495382036818505,306.0883926142316,1,0.0,0.0,0.0573304417021529,0.0561015457827602,False,False,True,True,False,sign_inconsistent_positive_harmless,0.0
hexc_00740,741,179150393,179150392,1,179150393,False,2,2.0,0,1,1,1.0,1.0,True,True,1,1,0,19.003736195405267,19.003736195405267,361.14198938455627,1,1,1,,0.0,0.0,0.0,0.0,0,0.0,0.0,0.0,1.0,0.5,1.0,0.0,0.0,0.0,0,0.0,inf,inf,False,False,1,0,1,0,0.0,0.0,0.0,1,1,0,19.003736195405267,19.003736195405267,361.14198938455627,1,0.0,0.0,0.0523094644224999,0.0517258770220531,False,False,True,True,False,sign_inconsistent_positive_harmless,0.0
hexc_00741,742,12837437,12837436,1,12837437,False,2,2.0,0,1,1,1.0,1.0,True,True,1,1,0,16.36787622570934,16.36787622570934,267.9073721401411,1,1,1,,0.0,0.0,0.0,0.0,0,0.0,0.0,0.0,1.0,0.5,1.0,0.0,0.0,0.0,0,0.0,inf,inf,False,False,1,0,1,0,0.0,0.0,0.0,1,1,0,16.36787622570934,16.36787622570934,267.9073721401411,1,0.0,8.487025706940754e-16,0.0627022450990248,0.0598883339138447,False,False,True,True,False,sign_inconsistent_positive_harmless,0.0
hexc_00742,743,108595901,108595900,1,108595901,False,2,2.0,0,1,1,1.0,1.0,True,True,1,1,0,18.503144220737052,18.503144220737052,342.366346053395,1,1,1,,0.0,0.0,0.0,0.0,0,0.0,0.0,0.0,1.0,0.5,1.0,0.0,0.0,0.0,0,0.0,inf,inf,False,False,1,0,1,0,0.0,0.0,0.0,1,1,0,18.50314422073705,18.50314422073705,342.366346053395,1,0.0,0.0,0.0549229874174412,0.0531004123661783,False,False,True,True,False,sign_inconsistent_positive_harmless,0.0
hexc_00743,744,109726187,109726186,1,109726187,False,2,2.0,0,1,1,1.0,1.0,True,True,1,1,0,18.513498611434034,18.513498611434034,342.7496308355699,1,1,1,,0.0,0.0,0.0,0.0,0,0.0,0.0,0.0,1.0,0.5,1.0,0.0,0.0,0.0,0,0.0,inf,inf,False,False,1,0,1,0,0.0,0.0,0.0,1,1,0,18.513498611434034,18.513498611434034,342.7496308355699,1,0.0,0.0,0.0541001988799444,0.0530712418335488,False,False,True,True,False,sign_inconsistent_positive_harmless,0.0
hexc_00744,745,108538211,108538210,1,108538211,False,2,2.0,0,1,1,1.0,1.0,True,True,1,1,0,18.502612844060895,18.502612844060895,342.3466820572072,1,1,1,,0.0,0.0,0.0,0.0,0,0.0,0.0,0.0,1.0,0.5,1.0,0.0,0.0,0.0,0,0.0,inf,inf,False,False,1,0,1,0,0.0,0.0,0.0,1,1,0,18.50261284406089,18.50261284406089,342.3466820572072,1,0.0,0.0,0.0549443877096655,0.0531019102326897,False,False,True,True,False,sign_inconsistent_positive_harmless,0.0
hexc_00745,746,187492807,187492806,1,187492807,False,2,2.0,0,1,1,1.0,1.0,True,True,1,1,0,19.04925103997221,19.04925103997221,362.87396518388226,1,1,1,,0.0,0.0,0.0,0.0,0,0.0,0.0,0.0,1.0,0.5,1.0,0.0,0.0,0.0,0,0.0,inf,inf,False,False,1,0,1,0,0.0,0.0,0.0,1,1,0,19.04925103997221,19.04925103997221,362.8739651838823,1,0.0,0.0,0.0533032779270732,0.0516044212912413,False,False,True,True,False,sign_inconsistent_positive_harmless,0.0
hexc_00746,747,33870209,33870208,1,33870209,False,2,2.0,0,1,1,1.0,1.0,True,True,1,1,0,17.338046395427412,17.338046395427412,300.60785280999346,1,1,1,,0.0,0.0,0.0,0.0,0,0.0,0.0,0.0,1.0,0.5,1.0,0.0,0.0,0.0,0,0.0,inf,inf,False,False,1,0,1,0,0.0,0.0,0.0,1,1,0,17.338046395427412,17.338046395427412,300.60785280999346,1,0.0,0.0,0.058690891355918,0.0566009709040498,False,False,True,True,False,sign_inconsistent_positive_harmless,0.0
hexc_00747,748,33471629,33471628,1,33471629,False,2,2.0,0,1,1,1.0,1.0,True,True,1,1,0,17.32620874245429,17.32620874245429,300.1975093870995,1,1,1,,0.0,0.0,0.0,0.0,0,0.0,0.0,0.0,1.0,0.5,1.0,0.0,0.0,0.0,0,0.0,inf,inf,False,False,1,0,1,0,0.0,0.0,0.0,1,1,0,17.32620874245429,17.32620874245429,300.1975093870995,1,0.0,1.5148271943191749e-15,0.0584436456897662,0.0566389065391257,False,False,True,True,False,sign_inconsistent_positive_harmless,0.0
hexc_00748,749,17585999,17585998,1,17585999,False,2,2.0,0,1,1,1.0,1.0,True,True,1,1,0,16.68261363205767,16.68261363205767,278.3095975965164,1,1,1,,0.0,0.0,0.0,0.0,0,0.0,0.0,0.0,1.0,0.5,1.0,0.0,0.0,0.0,0,0.0,inf,inf,False,False,1,0,1,0,0.0,0.0,0.0,1,1,0,16.68261363205767,16.68261363205767,278.3095975965164,1,0.0,1.6339621587385608e-15,0.0611815204056907,0.0587808099624885,False,False,True,True,False,sign_inconsistent_positive_harmless,0.0
hexc_00749,750,179665253,179665252,1,179665253,False,2,2.0,0,1,1,1.0,1.0,True,True,1,1,0,19.006605971899624,19.006605971899624,361.25107057105043,1,1,1,,0.0,0.0,0.0,0.0,0,0.0,0.0,0.0,1.0,0.5,1.0,0.0,0.0,0.0,0,0.0,inf,inf,False,False,1,0,1,0,0.0,0.0,0.0,1,1,0,19.006605971899624,19.006605971899624,361.2510705710504,1,0.0,0.0,0.0527384927380705,0.0517182021837754,False,False,True,True,False,sign_inconsistent_positive_harmless,0.0
hexc_00750,751,39640607,39640606,1,39640607,False,2,2.0,0,1,1,1.0,1.0,True,True,1,1,0,17.49536458012416,17.49536458012416,306.08778179146304,1,1,1,,0.0,0.0,0.0,0.0,0,0.0,0.0,0.0,1.0,0.5,1.0,0.0,0.0,0.0,0,0.0,inf,inf,False,False,1,0,1,0,0.0,0.0,0.0,1,1,0,17.49536458012416,17.49536458012416,306.08778179146304,1,0.0,0.0,0.0581314530842754,0.0561016007062417,False,False,True,True,False,sign_inconsistent_positive_harmless,0.0
hexc_00751,752,12422119,12422118,1,12422119,False,2,2.0,0,1,1,1.0,1.0,True,True,1,1,0,16.334989231833312,16.334989231833312,266.83187320411025,1,1,1,,0.0,0.0,0.0,0.0,0,0.0,0.0,0.0,1.0,0.5,1.0,0.0,0.0,0.0,0,0.0,inf,inf,False,False,1,0,1,0,0.0,0.0,0.0,1,1,0,16.334989231833312,16.334989231833312,266.83187320411025,1,0.0,0.0,0.0619481415866009,0.0600064713955124,False,False,True,True,False,sign_inconsistent_positive_harmless,0.0
hexc_00752,753,108829241,108829240,1,108829241,False,2,2.0,0,1,1,1.0,1.0,True,True,1,1,0,18.50529061546801,18.50529061546801,342.4457807629284,1,1,1,,0.0,0.0,0.0,0.0,0,0.0,0.0,0.0,1.0,0.5,1.0,0.0,0.0,0.0,0,0.0,inf,inf,False,False,1,0,1,0,0.0,0.0,0.0,1,1,0,18.50529061546801,18.50529061546801,342.4457807629284,1,0.0,0.0,0.0550718611036335,0.0530943628797564,False,False,True,True,False,sign_inconsistent_positive_harmless,0.0
hexc_00753,754,180642263,180642262,1,180642263,False,2,2.0,0,1,1,1.0,1.0,True,True,1,1,0,19.01202918596652,19.01202918596652,361.45725376804273,1,1,1,,0.0,0.0,0.0,0.0,0,0.0,0.0,0.0,1.0,0.5,1.0,0.0,0.0,0.0,0,0.0,inf,inf,False,False,1,0,1,0,0.0,0.0,0.0,1,1,0,19.01202918596652,19.01202918596652,361.45725376804273,1,0.0,0.0,0.0523594101727958,0.0517037047289673,False,False,True,True,False,sign_inconsistent_positive_harmless,0.0
hexc_00754,755,3236957,3236956,1,3236957,False,2,2.0,0,1,1,1.0,1.0,True,True,1,1,0,14.9901442489153,14.9901442489153,224.70442460328843,1,1,1,,0.0,0.0,0.0,0.0,0,0.0,0.0,0.0,1.0,0.5,1.0,0.0,0.0,0.0,0,0.0,inf,inf,False,False,1,0,1,0,0.0,0.0,0.0,1,1,0,14.9901442489153,14.9901442489153,224.70442460328843,1,0.0,5.059394710287885e-16,0.0674403172566828,0.0652714970335329,False,False,True,True,False,sign_inconsistent_positive_harmless,0.0
hexc_00755,756,108538103,108538102,1,108538103,False,2,2.0,0,1,1,1.0,1.0,True,True,1,1,0,18.502611849019125,18.502611849019125,342.3466452354629,1,1,1,,0.0,0.0,0.0,0.0,0,0.0,0.0,0.0,1.0,0.5,1.0,0.0,0.0,0.0,0,0.0,inf,inf,False,False,1,0,1,0,0.0,0.0,0.0,1,1,0,18.502611849019125,18.502611849019125,342.3466452354629,1,0.0,0.0,0.0540255426517967,0.0531019130376337,False,False,True,True,False,sign_inconsistent_positive_harmless,0.0
hexc_00756,757,108553421,108553420,1,108553421,False,2,2.0,0,1,1,1.0,1.0,True,True,1,1,0,18.50275296922265,18.50275296922265,342.3518674400776,1,1,1,,0.0,0.0,0.0,0.0,0,0.0,0.0,0.0,1.0,0.5,1.0,0.0,0.0,0.0,0,0.0,inf,inf,False,False,1,0,1,0,0.0,0.0,0.0,1,1,0,18.50275296922265,18.50275296922265,342.3518674400776,1,0.0,0.0,0.0536206781597749,0.0531015152338989,False,False,True,True,False,sign_inconsistent_positive_harmless,0.0
hexc_00757,758,33844303,33844302,1,33844303,False,2,2.0,0,1,1,1.0,1.0,True,True,1,1,0,17.337281241828904,17.337281241828904,300.5813208582724,1,1,1,,0.0,0.0,0.0,0.0,0,0.0,0.0,0.0,1.0,0.5,1.0,0.0,0.0,0.0,0,0.0,inf,inf,False,False,1,0,1,0,0.0,0.0,0.0,1,1,0,17.337281241828904,17.337281241828904,300.5813208582724,1,0.0,0.0,0.057322995670915,0.0566034214243512,False,False,True,True,False,sign_inconsistent_positive_harmless,0.0
hexc_00758,759,3281171,3281170,1,3281171,False,2,2.0,0,1,1,1.0,1.0,True,True,1,1,0,15.003710928841759,15.003710928841759,225.11134163624564,1,1,1,,0.0,0.0,0.0,0.0,0,0.0,0.0,0.0,1.0,0.5,1.0,0.0,0.0,0.0,0,0.0,inf,inf,False,False,1,0,1,0,0.0,0.0,0.0,1,1,0,15.00371092884176,15.00371092884176,225.11134163624564,1,0.0,0.0,0.0668113902823667,0.0652137771341773,False,False,True,True,False,sign_inconsistent_positive_harmless,0.0
hexc_00759,760,12808039,12808038,1,12808039,False,2,2.0,0,1,1,1.0,1.0,True,True,1,1,0,16.365583578625944,16.365583578625944,267.8323258689912,1,1,1,,0.0,0.0,0.0,0.0,0,0.0,0.0,0.0,1.0,0.5,1.0,0.0,0.0,0.0,0,0.0,inf,inf,False,False,1,0,1,0,0.0,0.0,0.0,1,1,0,16.365583578625944,16.365583578625944,267.8323258689912,1,0.0,0.0,0.0611901506330895,0.0598965545386514,False,False,True,True,False,sign_inconsistent_positive_harmless,0.0
hexc_00760,761,33914047,33914046,1,33914047,False,2,2.0,0,1,1,1.0,1.0,True,True,1,1,0,17.339339852306598,17.339339852306598,300.6527065137878,1,1,1,,0.0,0.0,0.0,0.0,0,0.0,0.0,0.0,1.0,0.5,1.0,0.0,0.0,0.0,0,0.0,inf,inf,False,False,1,0,1,0,0.0,0.0,0.0,1,1,0,17.339339852306598,17.339339852306598,300.6527065137878,1,0.0,0.0,0.0586737719164166,0.0565968288947567,False,False,True,True,False,sign_inconsistent_positive_harmless,0.0
hexc_00761,762,179410171,179410170,1,179410171,False,2,2.0,0,1,1,1.0,1.0,True,True,1,1,0,19.005185200519243,19.005185200519243,361.19706450603564,1,1,1,,0.0,0.0,0.0,0.0,0,0.0,0.0,0.0,1.0,0.5,1.0,0.0,0.0,0.0,0,0.0,inf,inf,False,False,1,0,1,0,0.0,0.0,0.0,1,1,0,19.005185200519243,19.005185200519243,361.1970645060357,1,0.0,0.0,0.0533353866234197,0.0517220015646237,False,False,True,True,False,sign_inconsistent_positive_harmless,0.0
hexc_00762,763,17591191,17591190,1,17591191,False,2,2.0,0,1,1,1.0,1.0,True,True,1,1,0,16.68290882334712,16.68290882334712,278.3194468081132,1,1,1,,0.0,0.0,0.0,0.0,0,0.0,0.0,0.0,1.0,0.5,1.0,0.0,0.0,0.0,0,0.0,inf,inf,False,False,1,0,1,0,0.0,0.0,0.0,1,1,0,16.68290882334712,16.68290882334712,278.3194468081132,1,0.0,0.0,0.0608443000978966,0.0587797904385255,False,False,True,True,False,sign_inconsistent_positive_harmless,0.0
hexc_00763,764,109683073,109683072,1,109683073,False,2,2.0,0,1,1,1.0,1.0,True,True,1,1,0,18.51310561069601,18.51310561069601,342.73507935278406,1,1,1,,0.0,0.0,0.0,0.0,0,0.0,0.0,0.0,1.0,0.5,1.0,0.0,0.0,0.0,0,0.0,inf,inf,False,False,1,0,1,0,0.0,0.0,0.0,1,1,0,18.51310561069601,18.51310561069601,342.73507935278406,1,0.0,0.0,0.0541096892228777,0.0530723484157052,False,False,True,True,False,sign_inconsistent_positive_harmless,0.0
hexc_00764,765,12808583,12808582,1,12808583,False,2,2.0,0,1,1,1.0,1.0,True,True,1,1,0,16.36562605104874,16.36562605104874,267.83371604276516,1,1,1,,0.0,0.0,0.0,0.0,0,0.0,0.0,0.0,1.0,0.5,1.0,0.0,0.0,0.0,0,0.0,inf,inf,False,False,1,0,1,0,0.0,0.0,0.0,1,1,0,16.36562605104874,16.36562605104874,267.8337160427652,1,0.0,0.0,0.0624356832554669,0.0598964022269967,False,False,True,True,False,sign_inconsistent_positive_harmless,0.0
hexc_00765,766,33871373,33871372,1,33871373,False,2,2.0,0,1,1,1.0,1.0,True,True,1,1,0,17.338080761321024,17.338080761321024,300.6090444860902,1,1,1,,0.0,0.0,0.0,0.0,0,0.0,0.0,0.0,1.0,0.5,1.0,0.0,0.0,0.0,0,0.0,inf,inf,False,False,1,0,1,0,0.0,0.0,0.0,1,1,0,17.338080761321024,17.338080761321024,300.6090444860902,1,0.0,0.0,0.0590450032161895,0.0566008608470466,False,False,True,True,False,sign_inconsistent_positive_harmless,0.0
hexc_00766,767,40833493,40833382,1,40833493,False,2,2.0,0,1,1,1.0,1.0,True,True,1,1,0,17.525010515606738,17.525010515606738,307.12599357212673,1,1,1,,0.0,0.0,0.0,0.0,0,0.0,0.0,0.0,1.0,0.5,1.0,0.0,0.0,0.0,0,0.0,inf,inf,False,False,1,0,1,0,0.0,0.0,0.0,1,1,0,17.525010515606738,17.525010515606738,307.1259935721268,1,0.0,1.4806536099199137e-15,0.0583978036622422,0.0560084640254823,False,False,True,True,False,sign_inconsistent_positive_harmless,0.0
hexc_00767,768,30785057,30785056,1,30785057,False,2,2.0,0,1,1,1.0,1.0,True,True,1,1,0,17.242539967876812,17.242539967876812,297.3051845438293,1,1,1,,0.0,0.0,0.0,0.0,0,0.0,0.0,0.0,1.0,0.5,1.0,0.0,0.0,0.0,0,0.0,inf,inf,False,False,1,0,1,0,0.0,0.0,0.0,1,1,0,17.242539967876812,17.242539967876812,297.3051845438293,1,0.0,1.5295641466333878e-15,0.0593828883794093,0.0569084926279926,False,False,True,True,False,sign_inconsistent_positive_harmless,0.0
hexc_00768,769,30781873,30781872,1,30781873,False,2,2.0,0,1,1,1.0,1.0,True,True,1,1,0,17.242436535725727,17.242436535725727,297.3016176885294,1,1,1,,0.0,0.0,0.0,0.0,0,0.0,0.0,0.0,1.0,0.5,1.0,0.0,0.0,0.0,0,0.0,inf,inf,False,False,1,0,1,0,0.0,0.0,0.0,1,1,0,17.242436535725727,17.242436535725727,297.3016176885294,1,0.0,1.5295824974719249e-15,0.0591803064401032,0.0569088274805524,False,False,True,True,False,sign_inconsistent_positive_harmless,0.0
hexc_00769,770,39655523,39655522,1,39655523,False,2,2.0,0,1,1,1.0,1.0,True,True,1,1,0,17.49574079016558,17.49574079016558,306.1009457966637,1,1,1,,0.0,0.0,0.0,0.0,0,0.0,0.0,0.0,1.0,0.5,1.0,0.0,0.0,0.0,0,0.0,inf,inf,False,False,1,0,1,0,0.0,0.0,0.0,1,1,0,17.49574079016558,17.49574079016558,306.1009457966637,1,0.0,0.0,0.0581089872552633,0.0561004170714749,False,False,True,True,False,sign_inconsistent_positive_harmless,0.0
hexc_00770,771,179400653,179400652,1,179400653,False,2,2.0,0,1,1,1.0,1.0,True,True,1,1,0,19.00513214749316,19.00513214749316,361.195047943678,1,1,1,,0.0,0.0,0.0,0.0,0,0.0,0.0,0.0,1.0,0.5,1.0,0.0,0.0,0.0,0,0.0,inf,inf,False,False,1,0,1,0,0.0,0.0,0.0,1,1,0,19.00513214749316,19.00513214749316,361.195047943678,1,0.0,0.0,0.0530759787374816,0.0517221434481201,False,False,True,True,False,sign_inconsistent_positive_harmless,0.0
hexc_00771,772,604205269,604205268,1,604205269,True,2,2.0,0,1,1,1.0,1.0,True,True,1,1,0,20.21942454750113,20.21942454750113,408.8251290320913,1,1,1,,0.0,0.0,0.0,0.0,0,0.0,0.0,0.0,1.0,0.5,1.0,0.0,0.0,0.0,0,0.0,inf,inf,False,False,1,0,1,0,0.0,0.0,0.0,1,1,0,20.21942454750113,20.21942454750113,408.8251290320913,1,0.0,0.0,0.050031926940773,0.0486664665883053,False,False,False,True,False,sign_inconsistent_positive_harmless,0.0
hexc_00772,773,179642051,179641948,1,179642051,False,2,2.0,0,1,1,1.0,1.0,True,True,1,1,0,19.006476255601687,19.006476255601687,361.2461396547507,1,1,1,,0.0,0.0,0.0,0.0,0,0.0,0.0,0.0,1.0,0.5,1.0,0.0,0.0,0.0,0,0.0,inf,inf,False,False,1,0,1,0,0.0,0.0,0.0,1,1,0,19.006476255601687,19.006476255601687,361.2461396547507,1,0.0,0.0,0.0531779872246815,0.0517185459536955,False,False,True,True,False,sign_inconsistent_positive_harmless,0.0
hexc_00773,774,604715861,604715860,1,604715861,True,2,2.0,0,1,1,1.0,1.0,True,True,1,1,0,20.22026925443476,20.22026925443476,408.8592887218397,1,1,1,,0.0,0.0,0.0,0.0,0,0.0,0.0,0.0,1.0,0.5,1.0,0.0,0.0,0.0,0,0.0,inf,inf,False,False,1,0,1,0,0.0,0.0,0.0,1,1,0,20.22026925443476,20.22026925443476,408.8592887218397,1,0.0,8.897874910619307e-15,0.050523556039102,0.0486644665739034,False,False,False,True,False,sign_inconsistent_positive_harmless,0.0
hexc_00774,775,12802243,12802242,1,12802243,False,2,2.0,0,1,1,1.0,1.0,True,True,1,1,0,16.365130947913094,16.365130947913094,267.81751094234295,1,1,1,,0.0,0.0,0.0,0.0,0,0.0,0.0,0.0,1.0,0.5,1.0,0.0,0.0,0.0,0,0.0,inf,inf,False,False,1,0,1,0,0.0,0.0,0.0,1,1,0,16.365130947913094,16.365130947913094,267.8175109423429,1,0.0,0.0,0.0616732137971503,0.0598981777795952,False,False,True,True,False,sign_inconsistent_positive_harmless,0.0
hexc_00775,776,33843647,33843646,1,33843647,False,2,2.0,0,1,1,1.0,1.0,True,True,1,1,0,17.33726185876294,17.33726185876294,300.5806487593162,1,1,1,,0.0,0.0,0.0,0.0,0,0.0,0.0,0.0,1.0,0.5,1.0,0.0,0.0,0.0,0,0.0,inf,inf,False,False,1,0,1,0,0.0,0.0,0.0,1,1,0,17.33726185876294,17.33726185876294,300.5806487593162,1,0.0,0.0,0.0580181471462947,0.0566034835043103,False,False,True,True,False,sign_inconsistent_positive_harmless,0.0
hexc_00776,777,17640809,17640808,1,17640809,False,2,2.0,0,1,1,1.0,1.0,True,True,1,1,0,16.68572546916931,16.68572546916931,278.41343443248536,1,1,1,,0.0,0.0,0.0,0.0,0,0.0,0.0,0.0,1.0,0.5,1.0,0.0,0.0,0.0,0,0.0,inf,inf,False,False,1,0,1,0,0.0,0.0,0.0,1,1,0,16.68572546916931,16.68572546916931,278.41343443248536,1,0.0,1.6333527576117716e-15,0.0603935734510648,0.0587700641584428,False,False,True,True,False,sign_inconsistent_positive_harmless,0.0
hexc_00777,778,7049899,7049898,1,7049899,False,2,2.0,0,1,1,1.0,1.0,True,True,1,1,0,15.768523848444696,15.768523848444696,248.64634435896912,1,1,1,,0.0,0.0,0.0,0.0,0,0.0,0.0,0.0,1.0,0.5,1.0,0.0,0.0,0.0,0,0.0,inf,inf,False,False,1,0,1,0,0.0,0.0,0.0,1,1,0,15.768523848444696,15.768523848444696,248.64634435896912,1,0.0,0.0,0.0630278233070192,0.0621170354354632,False,False,True,True,False,sign_inconsistent_positive_harmless,0.0
hexc_00778,779,109504859,109504858,1,109504859,False,2,2.0,0,1,1,1.0,1.0,True,True,1,1,0,18.51147948066554,18.51147948066554,342.6748725631013,1,1,1,,0.0,0.0,0.0,0.0,0,0.0,0.0,0.0,1.0,0.5,1.0,0.0,0.0,0.0,0,0.0,inf,inf,False,False,1,0,1,0,0.0,0.0,0.0,1,1,0,18.51147948066554,18.51147948066554,342.6748725631013,1,0.0,0.0,0.0544341084483662,0.0530769276417148,False,False,True,True,False,sign_inconsistent_positive_harmless,0.0
hexc_00779,780,33489829,33489828,1,33489829,False,2,2.0,0,1,1,1.0,1.0,True,True,1,1,0,17.32675233875556,17.32675233875556,300.2163466085713,1,1,1,,0.0,0.0,0.0,0.0,0,0.0,0.0,0.0,1.0,0.5,1.0,0.0,0.0,0.0,0,0.0,inf,inf,False,False,1,0,1,0,0.0,0.0,0.0,1,1,0,17.32675233875556,17.32675233875556,300.2163466085713,1,0.0,0.0,0.0580387605100748,0.0566371633851281,False,False,True,True,False,sign_inconsistent_positive_harmless,0.0
hexc_00780,781,179403241,179403240,1,179403241,False,2,2.0,0,1,1,1.0,1.0,True,True,1,1,0,19.00514657320059,19.00514657320059,361.1955962688382,1,1,1,,0.0,0.0,0.0,0.0,0,0.0,0.0,0.0,1.0,0.5,1.0,0.0,0.0,0.0,0,0.0,inf,inf,False,False,1,0,1,0,0.0,0.0,0.0,1,1,0,19.00514657320059,19.00514657320059,361.1955962688382,1,0.0,0.0,0.0537922432211968,0.0517221048683441,False,False,True,True,False,sign_inconsistent_positive_harmless,0.0
hexc_00781,782,39638461,39638460,1,39638461,False,2,2.0,0,1,1,1.0,1.0,True,True,1,1,0,17.495310442252595,17.495310442252595,306.0858874707927,1,1,1,,0.0,0.0,0.0,0.0,0,0.0,0.0,0.0,1.0,0.5,1.0,0.0,0.0,0.0,0,0.0,inf,inf,False,False,1,0,1,0,0.0,0.0,0.0,1,1,0,17.495310442252595,17.495310442252595,306.0858874707927,1,0.0,0.0,0.058224590403179,0.0561017710393171,False,False,True,True,False,sign_inconsistent_positive_harmless,0.0
hexc_00782,783,33388679,33388678,1,33388679,False,2,2.0,0,1,1,1.0,1.0,True,True,1,1,0,17.323727448393875,17.323727448393875,300.1115327062354,1,1,1,,0.0,0.0,0.0,0.0,0,0.0,0.0,0.0,1.0,0.5,1.0,0.0,0.0,0.0,0,0.0,inf,inf,False,False,1,0,1,0,0.0,0.0,0.0,1,1,0,17.323727448393875,17.323727448393875,300.1115327062354,1,0.0,0.0,0.0577338441229788,0.0566468646842523,False,False,True,True,False,sign_inconsistent_positive_harmless,0.0
hexc_00783,784,109517449,109517448,1,109517449,False,2,2.0,0,1,1,1.0,1.0,True,True,1,1,0,18.511594446123887,18.511594446123887,342.67912893776474,1,1,1,,0.0,0.0,0.0,0.0,0,0.0,0.0,0.0,1.0,0.5,1.0,0.0,0.0,0.0,0,0.0,inf,inf,False,False,1,0,1,0,0.0,0.0,0.0,1,1,0,18.511594446123887,18.511594446123887,342.67912893776474,1,0.0,0.0,0.054757713314497,0.0530766038699337,False,False,True,True,False,sign_inconsistent_positive_harmless,0.0
hexc_00784,785,30423473,30423472,1,30423473,False,2,2.0,0,1,1,1.0,1.0,True,True,1,1,0,17.230725006589036,17.230725006589036,296.89788425269273,1,1,1,,0.0,0.0,0.0,0.0,0,0.0,0.0,0.0,1.0,0.5,1.0,0.0,0.0,0.0,0,0.0,inf,inf,False,False,1,0,1,0,0.0,0.0,0.0,1,1,0,17.230725006589036,17.230725006589036,296.89788425269273,1,0.0,0.0,0.0593544515613056,0.0569467680247893,False,False,True,True,False,sign_inconsistent_positive_harmless,0.0
hexc_00785,786,179410691,179410690,1,179410691,False,2,2.0,0,1,1,1.0,1.0,True,True,1,1,0,19.005188098901442,19.005188098901442,361.197174674625,1,1,1,,0.0,0.0,0.0,0.0,0,0.0,0.0,0.0,1.0,0.5,1.0,0.0,0.0,0.0,0,0.0,inf,inf,False,False,1,0,1,0,0.0,0.0,0.0,1,1,0,19.00518809890144,19.00518809890144,361.197174674625,1,0.0,0.0,0.0536146024132842,0.0517219938132984,False,False,True,True,False,sign_inconsistent_positive_harmless,0.0
hexc_00786,787,179663243,179663242,1,179663243,False,2,2.0,0,1,1,1.0,1.0,True,True,1,1,0,19.006594784364975,19.006594784364975,361.25064529704986,1,1,1,,0.0,0.0,0.0,0.0,0,0.0,0.0,0.0,1.0,0.5,1.0,0.0,0.0,0.0,0,0.0,inf,inf,False,False,1,0,1,0,0.0,0.0,0.0,1,1,0,19.00659478436497,19.00659478436497,361.25064529704986,1,0.0,0.0,0.0536805356077712,0.0517182320989399,False,False,True,True,False,sign_inconsistent_positive_harmless,0.0
hexc_00787,788,33902543,33902542,1,33902543,False,2,2.0,0,1,1,1.0,1.0,True,True,1,1,0,17.339000584286474,17.339000584286474,300.64094126188667,1,1,1,,0.0,0.0,0.0,0.0,0,0.0,0.0,0.0,1.0,0.5,1.0,0.0,0.0,0.0,0,0.0,inf,inf,False,False,1,0,1,0,0.0,0.0,0.0,1,1,0,17.339000584286474,17.339000584286474,300.64094126188667,1,0.0,0.0,0.0582634791934014,0.0565979152668499,False,False,True,True,False,sign_inconsistent_positive_harmless,0.0
hexc_00788,789,30400081,30400080,1,30400081,False,2,2.0,0,1,1,1.0,1.0,True,True,1,1,0,17.229955830846585,17.229955830846585,296.87137793292425,1,1,1,,0.0,0.0,0.0,0.0,0,0.0,0.0,0.0,1.0,0.5,1.0,0.0,0.0,0.0,0,0.0,inf,inf,False,False,1,0,1,0,0.0,0.0,0.0,1,1,0,17.229955830846585,17.229955830846585,296.87137793292425,1,0.0,1.5317992392961869e-15,0.0584791030093198,0.0569492616080586,False,False,True,True,False,sign_inconsistent_positive_harmless,0.0
hexc_00789,790,108548801,108548800,1,108548801,False,2,2.0,0,1,1,1.0,1.0,True,True,1,1,0,18.502710408626466,18.502710408626466,342.3502924654942,1,1,1,,0.0,0.0,0.0,0.0,0,0.0,0.0,0.0,1.0,0.5,1.0,0.0,0.0,0.0,0,0.0,inf,inf,False,False,1,0,1,0,0.0,0.0,0.0,1,1,0,18.502710408626463,18.502710408626463,342.3502924654942,1,0.0,0.0,0.0550239769450118,0.0531016352073352,False,False,True,True,False,sign_inconsistent_positive_harmless,0.0
hexc_00790,791,109515877,109515876,1,109515877,False,2,2.0,0,1,1,1.0,1.0,True,True,1,1,0,18.5115800921438,18.5115800921438,342.6785975078546,1,1,1,,0.0,0.0,0.0,0.0,0,0.0,0.0,0.0,1.0,0.5,1.0,0.0,0.0,0.0,0,0.0,inf,inf,False,False,1,0,1,0,0.0,0.0,0.0,1,1,0,18.5115800921438,18.5115800921438,342.6785975078546,1,0.0,0.0,0.0549357814860258,0.0530766442941529,False,False,True,True,False,sign_inconsistent_positive_harmless,0.0
hexc_00791,792,3281233,3281232,1,3281233,False,2,2.0,0,1,1,1.0,1.0,True,True,1,1,0,15.003729824356268,15.003729824356268,225.11190864227777,1,1,1,,0.0,0.0,0.0,0.0,0,0.0,0.0,0.0,1.0,0.5,1.0,0.0,0.0,0.0,0,0.0,inf,inf,False,False,1,0,1,0,0.0,0.0,0.0,1,1,0,15.003729824356268,15.003729824356268,225.11190864227777,1,0.0,0.0,0.0668612257977394,0.065213696813724,False,False,True,True,False,sign_inconsistent_positive_harmless,0.0
hexc_00792,793,30819821,30819820,1,30819821,False,2,2.0,0,1,1,1.0,1.0,True,True,1,1,0,17.243668579922442,17.243668579922442,297.34410609420445,1,1,1,,0.0,0.0,0.0,0.0,0,0.0,0.0,0.0,1.0,0.5,1.0,0.0,0.0,0.0,0,0.0,inf,inf,False,False,1,0,1,0,0.0,0.0,0.0,1,1,0,17.243668579922442,17.243668579922442,297.34410609420445,1,0.0,1.5293639307664341e-15,0.0585918386816566,0.0569048391010043,False,False,True,True,False,sign_inconsistent_positive_harmless,0.0
hexc_00793,794,40869523,40869522,1,40869523,False,2,2.0,0,1,1,1.0,1.0,True,True,1,1,0,17.525895184319918,17.525895184319918,307.1570020117681,1,1,1,,0.0,0.0,0.0,0.0,0,0.0,0.0,0.0,1.0,0.5,1.0,0.0,0.0,0.0,0,0.0,inf,inf,False,False,1,0,1,0,0.0,0.0,0.0,1,1,0,17.525895184319918,17.525895184319918,307.1570020117681,1,0.0,0.0,0.0579407179303479,0.0560057072007129,False,False,True,True,False,sign_inconsistent_positive_harmless,0.0
hexc_00794,795,109516811,109516810,1,109516811,False,2,2.0,0,1,1,1.0,1.0,True,True,1,1,0,18.511588620551212,18.511588620551212,342.6789132565211,1,1,1,,0.0,0.0,0.0,0.0,0,0.0,0.0,0.0,1.0,0.5,1.0,0.0,0.0,0.0,0,0.0,inf,inf,False,False,1,0,1,0,0.0,0.0,0.0,1,1,0,18.51158862055121,18.51158862055121,342.6789132565211,1,0.0,0.0,0.0550972136041918,0.0530766202761258,False,False,True,True,False,sign_inconsistent_positive_harmless,0.0
hexc_00795,796,109773007,109773006,1,109773007,False,2,2.0,0,1,1,1.0,1.0,True,True,1,1,0,18.51392521892955,18.51392521892955,342.7654270121156,1,1,1,,0.0,0.0,0.0,0.0,0,0.0,0.0,0.0,1.0,0.5,1.0,0.0,0.0,0.0,0,0.0,inf,inf,False,False,1,0,1,0,0.0,0.0,0.0,1,1,0,18.51392521892955,18.51392521892955,342.7654270121156,1,0.0,0.0,0.0537023351121069,0.0530700406762051,False,False,True,True,False,sign_inconsistent_positive_harmless,0.0
hexc_00796,797,33411431,33411430,1,33411431,False,2,2.0,0,1,1,1.0,1.0,True,True,1,1,0,17.324408644903276,17.324408644903276,300.1351348955994,1,1,1,,0.0,0.0,0.0,0.0,0,0.0,0.0,0.0,1.0,0.5,1.0,0.0,0.0,0.0,0,0.0,inf,inf,False,False,1,0,1,0,0.0,0.0,0.0,1,1,0,17.324408644903276,17.324408644903276,300.1351348955994,1,0.0,1.5151420077647554e-15,0.0588318641221281,0.05664467969009,False,False,True,True,False,sign_inconsistent_positive_harmless,0.0
hexc_00797,798,3280793,3280792,1,3280793,False,2,2.0,0,1,1,1.0,1.0,True,True,1,1,0,15.003595719431765,15.003595719431765,225.10788451215117,1,1,1,,0.0,0.0,0.0,0.0,0,0.0,0.0,0.0,1.0,0.5,1.0,0.0,0.0,0.0,0,0.0,inf,inf,False,False,1,0,1,0,0.0,0.0,0.0,1,1,0,15.003595719431765,15.003595719431765,225.1078845121512,1,0.0,5.050326778557562e-16,0.0676751651816931,0.0652142668669576,False,False,True,True,False,sign_inconsistent_positive_harmless,0.0
hexc_00798,799,109494367,109494366,1,109494367,False,2,2.0,0,1,1,1.0,1.0,True,True,1,1,0,18.511383662975224,18.511383662975224,342.671325117866,1,1,1,,0.0,0.0,0.0,0.0,0,0.0,0.0,0.0,1.0,0.5,1.0,0.0,0.0,0.0,0,0.0,inf,inf,False,False,1,0,1,0,0.0,0.0,0.0,1,1,0,18.511383662975224,18.511383662975224,342.671325117866,1,0.0,0.0,0.0544354326344731,0.0530771974915582,False,False,True,True,False,sign_inconsistent_positive_harmless,0.0
hexc_00799,800,109588943,109588942,1,109588943,False,2,2.0,0,1,1,1.0,1.0,True,True,1,1,0,18.512247042352456,18.512247042352456,342.70329055708726,1,1,1,,0.0,0.0,0.0,0.0,0,0.0,0.0,0.0,1.0,0.5,1.0,0.0,0.0,0.0,0,0.0,inf,inf,False,False,1,0,1,0,0.0,0.0,0.0,1,1,0,18.512247042352456,18.512247042352456,342.70329055708726,1,0.0,0.0,0.0551859703215391,0.0530747660688795,False,False,True,True,False,sign_inconsistent_positive_harmless,0.0
hexc_00800,801,12776243,12776242,1,12776243,False,2,2.0,0,1,1,1.0,1.0,True,True,1,1,0,16.363097988733678,16.363097988733678,267.7509757889001,1,1,1,,0.0,0.0,0.0,0.0,0,0.0,0.0,0.0,1.0,0.5,1.0,0.0,0.0,0.0,0,0.0,inf,inf,False,False,1,0,1,0,0.0,0.0,0.0,1,1,0,16.363097988733678,16.363097988733678,267.7509757889001,1,0.0,8.491983073947703e-16,0.0615826442165738,0.0599054695374101,False,False,True,True,False,sign_inconsistent_positive_harmless,0.0
hexc_00801,802,30417553,30417552,1,30417553,False,2,2.0,0,1,1,1.0,1.0,True,True,1,1,0,17.23053040106024,17.23053040106024,296.8911779018611,1,1,1,,0.0,0.0,0.0,0.0,0,0.0,0.0,0.0,1.0,0.5,1.0,0.0,0.0,0.0,0,0.0,inf,inf,False,False,1,0,1,0,0.0,0.0,0.0,1,1,0,17.23053040106024,17.23053040106024,296.8911779018611,1,0.0,0.0,0.0580181511169566,0.0569473988939106,False,False,True,True,False,sign_inconsistent_positive_harmless,0.0
hexc_00802,803,33925471,33925470,1,33925471,False,2,2.0,0,1,1,1.0,1.0,True,True,1,1,0,17.33967664715552,17.33967664715552,300.66438622791054,1,1,1,,0.0,0.0,0.0,0.0,0,0.0,0.0,0.0,1.0,0.5,1.0,0.0,0.0,0.0,0,0.0,inf,inf,False,False,1,0,1,0,0.0,0.0,0.0,1,1,0,17.33967664715552,17.33967664715552,300.66438622791054,1,0.0,1.512474944544164e-15,0.0580579226831622,0.0565957504832544,False,False,True,True,False,sign_inconsistent_positive_harmless,0.0
hexc_00803,804,178898003,178898002,1,178898003,False,2,2.0,0,1,1,1.0,1.0,True,True,1,1,0,19.00232638575594,19.00232638575594,361.0884080707964,1,1,1,,0.0,0.0,0.0,0.0,0,0.0,0.0,0.0,1.0,0.5,1.0,0.0,0.0,0.0,0,0.0,inf,inf,False,False,1,0,1,0,0.0,0.0,0.0,1,1,0,19.00232638575594,19.00232638575594,361.0884080707964,1,0.0,0.0,0.0527469382777879,0.0517296482059704,False,False,True,True,False,sign_inconsistent_positive_harmless,0.0
hexc_00804,805,109709983,109709982,1,109709983,False,2,2.0,0,1,1,1.0,1.0,True,True,1,1,0,18.513350923839692,18.513350923839692,342.744162429236,1,1,1,,0.0,0.0,0.0,0.0,0,0.0,0.0,0.0,1.0,0.5,1.0,0.0,0.0,0.0,0,0.0,inf,inf,False,False,1,0,1,0,0.0,0.0,0.0,1,1,0,18.51335092383969,18.51335092383969,342.744162429236,1,0.0,0.0,0.0550647003640815,0.053071657675849,False,False,True,True,False,sign_inconsistent_positive_harmless,0.0
hexc_00805,806,108585227,108585226,1,108585227,False,2,2.0,0,1,1,1.0,1.0,True,True,1,1,0,18.50304592490346,18.50304592490346,342.3627084990866,1,1,1,,0.0,0.0,0.0,0.0,0,0.0,0.0,0.0,1.0,0.5,1.0,0.0,0.0,0.0,0,0.0,inf,inf,False,False,1,0,1,0,0.0,0.0,0.0,1,1,0,18.50304592490346,18.50304592490346,342.3627084990866,1,0.0,0.0,0.0543407069590195,0.053100689440164,False,False,True,True,False,sign_inconsistent_positive_harmless,0.0
hexc_00806,807,109720099,109720098,1,109720099,False,2,2.0,0,1,1,1.0,1.0,True,True,1,1,0,18.513443126330024,18.513443126330024,342.7475763918564,1,1,1,,0.0,0.0,0.0,0.0,0,0.0,0.0,0.0,1.0,0.5,1.0,0.0,0.0,0.0,0,0.0,inf,inf,False,False,1,0,1,0,0.0,0.0,0.0,1,1,0,18.513443126330024,18.513443126330024,342.7475763918564,1,0.0,0.0,0.0549238276792854,0.0530713980615686,False,False,True,True,False,sign_inconsistent_positive_harmless,0.0
hexc_00807,808,604691687,604691686,1,604691687,True,2,2.0,0,1,1,1.0,1.0,True,True,1,1,0,20.22022927783623,20.22022927783623,408.8576720482654,1,1,1,,0.0,0.0,0.0,0.0,0,0.0,0.0,0.0,1.0,0.5,1.0,0.0,0.0,0.0,0,0.0,inf,inf,False,False,1,0,1,0,0.0,0.0,0.0,1,1,0,20.22022927783623,20.22022927783623,408.8576720482654,1,0.0,4.448955046956111e-15,0.0491088496551064,0.048664561222878,False,False,False,True,False,sign_inconsistent_positive_harmless,0.0
hexc_00808,809,33492971,33492970,1,33492971,False,2,2.0,0,1,1,1.0,1.0,True,True,1,1,0,17.32684615388429,17.32684615388429,300.2195976403748,1,1,1,,0.0,0.0,0.0,0.0,0,0.0,0.0,0.0,1.0,0.5,1.0,0.0,0.0,0.0,0,0.0,inf,inf,False,False,1,0,1,0,0.0,0.0,0.0,1,1,0,17.32684615388429,17.32684615388429,300.2195976403748,1,0.0,0.0,0.0587843967905765,0.0566368625583607,False,False,True,True,False,sign_inconsistent_positive_harmless,0.0
hexc_00809,810,604693769,604693768,1,604693769,True,2,2.0,0,1,1,1.0,1.0,True,True,1,1,0,20.220232720907237,20.220232720907237,408.8578112876477,1,1,1,,0.0,0.0,0.0,0.0,0,0.0,0.0,0.0,1.0,0.5,1.0,0.0,0.0,0.0,0,0.0,inf,inf,False,False,1,0,1,0,0.0,0.0,0.0,1,1,0,20.22023272090724,20.22023272090724,408.8578112876477,1,0.0,0.0,0.0503376269382549,0.0486645530710147,False,False,False,True,False,sign_inconsistent_positive_harmless,0.0
hexc_00810,811,33844121,33844120,1,33844121,False,2,2.0,0,1,1,1.0,1.0,True,True,1,1,0,17.33727586424765,17.33727586424765,300.5811343930241,1,1,1,,0.0,0.0,0.0,0.0,0,0.0,0.0,0.0,1.0,0.5,1.0,0.0,0.0,0.0,0,0.0,inf,inf,False,False,1,0,1,0,0.0,0.0,0.0,1,1,0,17.33727586424765,17.33727586424765,300.5811343930241,1,0.0,1.5128938541161414e-15,0.0585494753453541,0.0566034386476207,False,False,True,True,False,sign_inconsistent_positive_harmless,0.0
hexc_00811,812,30419107,30419106,1,30419107,False,2,2.0,0,1,1,1.0,1.0,True,True,1,1,0,17.230581488677487,17.230581488677487,296.89293843795525,1,1,1,,0.0,0.0,0.0,0.0,0,0.0,0.0,0.0,1.0,0.5,1.0,0.0,0.0,0.0,0,0.0,inf,inf,False,False,1,0,1,0,0.0,0.0,0.0,1,1,0,17.230581488677487,17.230581488677487,296.89293843795525,1,0.0,0.0,0.0587260679523749,0.0569472332775291,False,False,True,True,False,sign_inconsistent_positive_harmless,0.0
hexc_00812,813,40395413,40395412,1,40395413,False,2,2.0,0,1,1,1.0,1.0,True,True,1,1,0,17.51422679688131,17.51422679688131,306.74814029259534,1,1,1,,0.0,0.0,0.0,0.0,0,0.0,0.0,0.0,1.0,0.5,1.0,0.0,0.0,0.0,0,0.0,inf,inf,False,False,1,0,1,0,0.0,0.0,0.0,1,1,0,17.51422679688131,17.51422679688131,306.74814029259534,1,0.0,1.4824779392393316e-15,0.0577659682430466,0.0560423176990859,False,False,True,True,False,sign_inconsistent_positive_harmless,0.0
hexc_00813,814,17640283,17640282,1,17640283,False,2,2.0,0,1,1,1.0,1.0,True,True,1,1,0,16.68569565149813,16.68569565149813,278.41243937442357,1,1,1,,0.0,0.0,0.0,0.0,0,0.0,0.0,0.0,1.0,0.5,1.0,0.0,0.0,0.0,0,0.0,inf,inf,False,False,1,0,1,0,0.0,0.0,0.0,1,1,0,16.68569565149813,16.68569565149813,278.4124393744236,1,0.0,1.6333585952849472e-15,0.0603442256773584,0.0587701671062663,False,False,True,True,False,sign_inconsistent_positive_harmless,0.0
hexc_00814,815,179434153,179434152,1,179434153,False,2,2.0,0,1,1,1.0,1.0,True,True,1,1,0,19.005318862937354,19.005318862937354,361.2021450819224,1,1,1,,0.0,0.0,0.0,0.0,0,0.0,0.0,0.0,1.0,0.5,1.0,0.0,0.0,0.0,0,0.0,inf,inf,False,False,1,0,1,0,0.0,0.0,0.0,1,1,0,19.005318862937354,19.005318862937354,361.2021450819224,1,0.0,2.5179659483103307e-15,0.0538741721336456,0.0517216441051303,False,False,True,True,False,sign_inconsistent_positive_harmless,0.0
hexc_00815,816,3454793,3454792,1,3454793,False,2,2.0,0,1,1,1.0,1.0,True,True,1,1,0,15.055273100219722,15.055273100219722,226.66124812219957,1,1,1,,0.0,0.0,0.0,0.0,0,0.0,0.0,0.0,1.0,0.5,1.0,0.0,0.0,0.0,0,0.0,inf,inf,False,False,1,0,1,0,0.0,0.0,0.0,1,1,0,15.055273100219722,15.055273100219722,226.6612481221996,1,0.0,0.0,0.0663843003850636,0.0649953318322741,False,False,True,True,False,sign_inconsistent_positive_harmless,0.0
hexc_00816,817,30802217,30802216,1,30802217,False,2,2.0,0,1,1,1.0,1.0,True,True,1,1,0,17.24309722587281,17.24309722587281,297.3244019409026,1,1,1,,0.0,0.0,0.0,0.0,0,0.0,0.0,0.0,1.0,0.5,1.0,0.0,0.0,0.0,0,0.0,inf,inf,False,False,1,0,1,0,0.0,0.0,0.0,1,1,0,17.24309722587281,17.24309722587281,297.3244019409026,1,0.0,0.0,0.0585321383384456,0.0569066886216616,False,False,True,True,False,sign_inconsistent_positive_harmless,0.0
hexc_00817,818,31020079,31020078,1,31020079,False,2,2.0,0,1,1,1.0,1.0,True,True,1,1,0,17.25014526245346,17.25014526245346,297.5675115757456,1,1,1,,0.0,0.0,0.0,0.0,0,0.0,0.0,0.0,1.0,0.5,1.0,0.0,0.0,0.0,0,0.0,inf,inf,False,False,1,0,1,0,0.0,0.0,0.0,1,1,0,17.25014526245346,17.25014526245346,297.5675115757456,1,0.0,0.0,0.0594310936382445,0.0568838819393249,False,False,True,True,False,sign_inconsistent_positive_harmless,0.0
hexc_00818,819,1185749,1185748,1,1185749,False,2,2.0,0,1,1,1.0,1.0,True,True,1,1,0,13.985885200391381,13.985885200391381,195.60498483852666,1,1,1,,0.0,0.0,0.0,0.0,0,0.0,0.0,0.0,1.0,0.5,1.0,0.0,0.0,0.0,0,0.0,inf,inf,False,False,1,0,1,0,0.0,0.0,0.0,1,1,0,13.98588520039138,13.98588520039138,195.60498483852663,1,0.0,0.0,0.0716117424653728,0.0698475815770744,False,False,True,True,False,sign_inconsistent_positive_harmless,0.0
hexc_00819,820,33904331,33904330,1,33904331,False,2,2.0,0,1,1,1.0,1.0,True,True,1,1,0,17.3390533223024,17.3390533223024,300.64277011364595,1,1,1,,0.0,0.0,0.0,0.0,0,0.0,0.0,0.0,1.0,0.5,1.0,0.0,0.0,0.0,0,0.0,inf,inf,False,False,1,0,1,0,0.0,0.0,0.0,1,1,0,17.3390533223024,17.3390533223024,300.64277011364595,1,0.0,0.0,0.0579569097919857,0.0565977463914077,False,False,True,True,False,sign_inconsistent_positive_harmless,0.0
hexc_00820,821,179381039,179381038,1,179381039,False,2,2.0,0,1,1,1.0,1.0,True,True,1,1,0,19.0050228108104,19.0050228108104,361.1908920394236,1,1,1,,0.0,0.0,0.0,0.0,0,0.0,0.0,0.0,1.0,0.5,1.0,0.0,0.0,0.0,0,0.0,inf,inf,False,False,1,0,1,0,0.0,0.0,0.0,1,1,0,19.0050228108104,19.0050228108104,361.1908920394236,1,0.0,0.0,0.0529985614028999,0.0517224358574682,False,False,True,True,False,sign_inconsistent_positive_harmless,0.0
hexc_00821,822,179603471,179603470,1,179603471,False,2,2.0,0,1,1,1.0,1.0,True,True,1,1,0,19.00626203992625,19.00626203992625,361.2379967303415,1,1,1,,0.0,0.0,0.0,0.0,0,0.0,0.0,0.0,1.0,0.5,1.0,0.0,0.0,0.0,0,0.0,inf,inf,False,False,1,0,1,0,0.0,0.0,0.0,1,1,0,19.00626203992625,19.00626203992625,361.2379967303415,1,0.0,0.0,0.0536815582664552,0.0517191218643393,False,False,True,True,False,sign_inconsistent_positive_harmless,0.0
hexc_00822,823,30406001,30406000,1,30406001,False,2,2.0,0,1,1,1.0,1.0,True,True,1,1,0,17.230150548211164,17.230150548211164,296.8780879140215,1,1,1,,0.0,0.0,0.0,0.0,0,0.0,0.0,0.0,1.0,0.5,1.0,0.0,0.0,0.0,0,0.0,inf,inf,False,False,1,0,1,0,0.0,0.0,0.0,1,1,0,17.230150548211164,17.230150548211164,296.8780879140215,1,0.0,0.0,0.0593466964714865,0.056948630335114,False,False,True,True,False,sign_inconsistent_positive_harmless,0.0
hexc_00823,824,179394233,179394232,1,179394233,False,2,2.0,0,1,1,1.0,1.0,True,True,1,1,0,19.00509636102991,19.00509636102991,361.1936876920323,1,1,1,,0.0,0.0,0.0,0.0,0,0.0,0.0,0.0,1.0,0.5,1.0,0.0,0.0,0.0,0,0.0,inf,inf,False,False,1,0,1,0,0.0,0.0,0.0,1,1,0,19.00509636102991,19.00509636102991,361.1936876920323,1,0.0,0.0,0.0535472114495682,0.0517222391548508,False,False,True,True,False,sign_inconsistent_positive_harmless,0.0
hexc_00824,825,179410591,179410590,1,179410591,False,2,2.0,0,1,1,1.0,1.0,True,True,1,1,0,19.005187541520904,19.005187541520904,361.1971534883814,1,1,1,,0.0,0.0,0.0,0.0,0,0.0,0.0,0.0,1.0,0.5,1.0,0.0,0.0,0.0,0,0.0,inf,inf,False,False,1,0,1,0,0.0,0.0,0.0,1,1,0,19.005187541520904,19.005187541520904,361.1971534883814,1,0.0,0.0,0.0534232251378626,0.0517219953039349,False,False,True,True,False,sign_inconsistent_positive_harmless,0.0
hexc_00825,826,604810681,604810680,1,604810681,True,2,2.0,0,1,1,1.0,1.0,True,True,1,1,0,20.22042604305725,20.22042604305725,408.86562936274794,1,1,1,,0.0,0.0,0.0,0.0,0,0.0,0.0,0.0,1.0,0.5,1.0,0.0,0.0,0.0,0,0.0,inf,inf,False,False,1,0,1,0,0.0,0.0,0.0,1,1,0,20.22042604305725,20.22042604305725,408.865629362748,1,0.0,4.44886846170197e-15,0.0501523170498039,0.0486640953632368,False,False,False,True,False,sign_inconsistent_positive_harmless,0.0
hexc_00826,827,31018847,31018846,1,31018847,False,2,2.0,0,1,1,1.0,1.0,True,True,1,1,0,17.25010554545384,17.25010554545384,297.5661413292974,1,1,1,,0.0,0.0,0.0,0.0,0,0.0,0.0,0.0,1.0,0.5,1.0,0.0,0.0,0.0,0,0.0,inf,inf,False,False,1,0,1,0,0.0,0.0,0.0,1,1,0,17.25010554545384,17.25010554545384,297.5661413292974,1,0.0,0.0,0.0593598199872785,0.0568840104080336,False,False,True,True,False,sign_inconsistent_positive_harmless,0.0
hexc_00827,828,30355397,30355396,1,30355397,False,2,2.0,0,1,1,1.0,1.0,True,True,1,1,0,17.2284848850314,17.2284848850314,296.82069143375537,1,1,1,,0.0,0.0,0.0,0.0,0,0.0,0.0,0.0,1.0,0.5,1.0,0.0,0.0,0.0,0,0.0,inf,inf,False,False,1,0,1,0,0.0,0.0,0.0,1,1,0,17.2284848850314,17.2284848850314,296.82069143375537,1,0.0,0.0,0.0592740371209023,0.0569540308607625,False,False,True,True,False,sign_inconsistent_positive_harmless,0.0
hexc_00828,829,1507091,1507090,1,1507091,False,2,2.0,0,1,1,1.0,1.0,True,True,1,1,0,14.225691860656143,14.225691860656143,202.37030891433844,1,1,1,,0.0,0.0,0.0,0.0,0,0.0,0.0,0.0,1.0,0.5,1.0,0.0,0.0,0.0,0,0.0,inf,inf,False,False,1,0,1,0,0.0,0.0,0.0,1,1,0,14.225691860656145,14.225691860656145,202.37030891433844,1,0.0,0.0,0.069946484813987,0.0686975370558974,False,False,True,True,False,sign_inconsistent_positive_harmless,0.0
hexc_00829,830,108592873,108592872,1,108592873,False,2,2.0,0,1,1,1.0,1.0,True,True,1,1,0,18.503116337159607,18.503116337159607,342.36531418646274,1,1,1,,0.0,0.0,0.0,0.0,0,0.0,0.0,0.0,1.0,0.5,1.0,0.0,0.0,0.0,0,0.0,inf,inf,False,False,1,0,1,0,0.0,0.0,0.0,1,1,0,18.503116337159607,18.503116337159607,342.36531418646274,1,0.0,0.0,0.0539425138851413,0.0531004909634591,False,False,True,True,False,sign_inconsistent_positive_harmless,0.0
hexc_00830,831,108531679,108531678,1,108531679,False,2,2.0,0,1,1,1.0,1.0,True,True,1,1,0,18.502552660679388,18.502552660679388,342.3444549612139,1,1,1,,0.0,0.0,0.0,0.0,0,0.0,0.0,0.0,1.0,0.5,1.0,0.0,0.0,0.0,0,0.0,inf,inf,False,False,1,0,1,0,0.0,0.0,0.0,1,1,0,18.502552660679388,18.502552660679388,342.3444549612139,1,0.0,2.656665497549741e-15,0.0537885048618473,0.0531020798854151,False,False,True,True,False,sign_inconsistent_positive_harmless,0.0
hexc_00831,832,179380633,179380632,1,179380633,False,2,2.0,0,1,1,1.0,1.0,True,True,1,1,0,19.0050205474694,19.0050205474694,361.1908060097341,1,1,1,,0.0,0.0,0.0,0.0,0,0.0,0.0,0.0,1.0,0.5,1.0,0.0,0.0,0.0,0,0.0,inf,inf,False,False,1,0,1,0,0.0,0.0,0.0,1,1,0,19.0050205474694,19.0050205474694,361.1908060097341,1,0.0,0.0,0.0536472988717289,0.0517224419105677,False,False,True,True,False,sign_inconsistent_positive_harmless,0.0
hexc_00832,833,187449623,187449622,1,187449623,False,2,2.0,0,1,1,1.0,1.0,True,True,1,1,0,19.049020689941184,19.049020689941184,362.8651892458073,1,1,1,,0.0,0.0,0.0,0.0,0,0.0,0.0,0.0,1.0,0.5,1.0,0.0,0.0,0.0,0,0.0,inf,inf,False,False,1,0,1,0,0.0,0.0,0.0,1,1,0,19.049020689941184,19.049020689941184,362.8651892458073,1,0.0,0.0,0.0533469583478093,0.0516050345415085,False,False,True,True,False,sign_inconsistent_positive_harmless,0.0
hexc_00833,834,3439333,3439332,1,3439333,False,2,2.0,0,1,1,1.0,1.0,True,True,1,1,0,15.05078811520061,15.05078811520061,226.52622288866394,1,1,1,,0.0,0.0,0.0,0.0,0,0.0,0.0,0.0,1.0,0.5,1.0,0.0,0.0,0.0,0,0.0,inf,inf,False,False,1,0,1,0,0.0,0.0,0.0,1,1,0,15.05078811520061,15.05078811520061,226.52622288866397,1,0.0,0.0,0.0667417119043933,0.0650142745612238,False,False,True,True,False,sign_inconsistent_positive_harmless,0.0
hexc_00834,835,30811943,30811942,1,30811943,False,2,2.0,0,1,1,1.0,1.0,True,True,1,1,0,17.243412932524684,17.243412932524684,297.33528956155953,1,1,1,,0.0,0.0,0.0,0.0,0,0.0,0.0,0.0,1.0,0.5,1.0,0.0,0.0,0.0,0,0.0,inf,inf,False,False,1,0,1,0,0.0,0.0,0.0,1,1,0,17.243412932524684,17.243412932524684,297.33528956155953,1,0.0,0.0,0.0585590592521217,0.0569056666380709,False,False,True,True,False,sign_inconsistent_positive_harmless,0.0
hexc_00835,836,1189553,1189552,1,1189553,False,2,2.0,0,1,1,1.0,1.0,True,True,1,1,0,13.989088164268896,13.989088164268896,195.6945876676881,1,1,1,,0.0,0.0,0.0,0.0,0,0.0,0.0,0.0,1.0,0.5,1.0,0.0,0.0,0.0,0,0.0,inf,inf,False,False,1,0,1,0,0.0,0.0,0.0,1,1,0,13.989088164268896,13.989088164268896,195.6945876676881,1,0.0,0.0,0.0738165199461072,0.0698319675681315,False,False,True,True,False,sign_inconsistent_positive_harmless,0.0
hexc_00836,837,30775181,30775180,1,30775181,False,2,2.0,0,1,1,1.0,1.0,True,True,1,1,0,17.242219111414734,17.242219111414734,297.2941198860355,1,1,1,,0.0,0.0,0.0,0.0,0,0.0,0.0,0.0,1.0,0.5,1.0,0.0,0.0,0.0,0,0.0,inf,inf,False,False,1,0,1,0,0.0,0.0,0.0,1,1,0,17.242219111414734,17.242219111414734,297.2941198860355,1,0.0,1.529621073772958e-15,0.0575277906754467,0.0569095313856205,False,False,True,True,False,sign_inconsistent_positive_harmless,0.0
hexc_00837,838,31040293,31040292,1,31040293,False,2,2.0,0,1,1,1.0,1.0,True,True,1,1,0,17.25079669266773,17.25079669266773,297.5899865317559,1,1,1,,0.0,0.0,0.0,0.0,0,0.0,0.0,0.0,1.0,0.5,1.0,0.0,0.0,0.0,0,0.0,inf,inf,False,False,1,0,1,0,0.0,0.0,0.0,1,1,0,17.25079669266773,17.25079669266773,297.5899865317559,1,0.0,1.5281003107204277e-15,0.0583320902109802,0.0568817749042813,False,False,True,True,False,sign_inconsistent_positive_harmless,0.0
hexc_00838,839,109706111,109706110,1,109706111,False,2,2.0,0,1,1,1.0,1.0,True,True,1,1,0,18.513315630166108,18.513315630166108,342.7428556221527,1,1,1,,0.0,0.0,0.0,0.0,0,0.0,0.0,0.0,1.0,0.5,1.0,0.0,0.0,0.0,0,0.0,inf,inf,False,False,1,0,1,0,0.0,0.0,0.0,1,1,0,18.513315630166108,18.513315630166108,342.7428556221527,1,0.0,2.6535774177466016e-15,0.0544823672840614,0.0530717570528121,False,False,True,True,False,sign_inconsistent_positive_harmless,0.0
hexc_00839,840,3293167,3293166,1,3293167,False,2,2.0,0,1,1,1.0,1.0,True,True,1,1,0,15.007360273707592,15.007360273707592,225.22086238485682,1,1,1,,0.0,0.0,0.0,0.0,0,0.0,0.0,0.0,1.0,0.5,1.0,0.0,0.0,0.0,0,0.0,inf,inf,False,False,1,0,1,0,0.0,0.0,0.0,1,1,0,15.007360273707592,15.007360273707592,225.2208623848568,1,0.0,0.0,0.0681897010081382,0.0651982682830492,False,False,True,True,False,sign_inconsistent_positive_harmless,0.0
hexc_00840,841,109442429,109442428,1,109442429,False,2,2.0,0,1,1,1.0,1.0,True,True,1,1,0,18.510909206402154,18.510909206402154,342.653759647664,1,1,1,,0.0,0.0,0.0,0.0,0,0.0,0.0,0.0,1.0,0.5,1.0,0.0,0.0,0.0,0,0.0,inf,inf,False,False,1,0,1,0,0.0,0.0,0.0,1,1,0,18.510909206402157,18.510909206402157,342.653759647664,1,0.0,2.6542673943169984e-15,0.0545916136692518,0.0530785337365138,False,False,True,True,False,sign_inconsistent_positive_harmless,0.0
hexc_00841,842,179148029,179148028,1,179148029,False,2,2.0,0,1,1,1.0,1.0,True,True,1,1,0,19.003722999701044,19.003722999701044,361.1414878493664,1,1,1,,0.0,0.0,0.0,0.0,0,0.0,0.0,0.0,1.0,0.5,1.0,0.0,0.0,0.0,0,0.0,inf,inf,False,False,1,0,1,0,0.0,0.0,0.0,1,1,0,19.003722999701044,19.003722999701044,361.1414878493664,1,0.0,0.0,0.0529334073685359,0.0517259123174815,False,False,True,True,False,sign_inconsistent_positive_harmless,0.0
hexc_00842,843,1518427,1518426,1,1518427,False,2,2.0,0,1,1,1.0,1.0,True,True,1,1,0,14.233185488555364,14.233185488555364,202.58356915162298,1,1,1,,0.0,0.0,0.0,0.0,0,0.0,0.0,0.0,1.0,0.5,1.0,0.0,0.0,0.0,0,0.0,inf,inf,False,False,1,0,1,0,0.0,0.0,0.0,1,1,0,14.233185488555364,14.233185488555364,202.58356915162295,1,0.0,0.0,0.0720703082374865,0.068662209288773,False,False,True,True,False,sign_inconsistent_positive_harmless,0.0
hexc_00843,844,7108613,7108612,1,7108613,False,2,2.0,0,1,1,1.0,1.0,True,True,1,1,0,15.776817705393524,15.776817705393524,248.9079769092186,1,1,1,,0.0,0.0,0.0,0.0,0,0.0,0.0,0.0,1.0,0.5,1.0,0.0,0.0,0.0,0,0.0,inf,inf,False,False,1,0,1,0,0.0,0.0,0.0,1,1,0,15.776817705393524,15.776817705393524,248.9079769092186,1,0.0,0.0,0.0639845617092927,0.0620850638548624,False,False,True,True,False,sign_inconsistent_positive_harmless,0.0
hexc_00844,845,30819511,30819510,1,30819511,False,2,2.0,0,1,1,1.0,1.0,True,True,1,1,0,17.243658521409802,17.243658521409802,297.3437592029889,1,1,1,,0.0,0.0,0.0,0.0,0,0.0,0.0,0.0,1.0,0.5,1.0,0.0,0.0,0.0,0,0.0,inf,inf,False,False,1,0,1,0,0.0,0.0,0.0,1,1,0,17.243658521409802,17.243658521409802,297.3437592029889,1,0.0,0.0,0.0584555384497958,0.0569048716602072,False,False,True,True,False,sign_inconsistent_positive_harmless,0.0
hexc_00845,846,1510391,1510390,1,1510391,False,2,2.0,0,1,1,1.0,1.0,True,True,1,1,0,14.227879115669179,14.227879115669179,202.43254413009518,1,1,1,,0.0,0.0,0.0,0.0,0,0.0,0.0,0.0,1.0,0.5,1.0,0.0,0.0,0.0,0,0.0,inf,inf,False,False,1,0,1,0,0.0,0.0,0.0,1,1,0,14.22787911566918,14.22787911566918,202.4325441300952,1,0.0,0.0,0.0698496571702368,0.068687221762788,False,False,True,True,False,sign_inconsistent_positive_harmless,0.0
hexc_00846,847,17594219,17594218,1,17594219,False,2,2.0,0,1,1,1.0,1.0,True,True,1,1,0,16.683080940142546,16.683080940142546,278.32518965534746,1,1,1,,0.0,0.0,0.0,0.0,0,0.0,0.0,0.0,1.0,0.5,1.0,0.0,0.0,0.0,0,0.0,inf,inf,False,False,1,0,1,0,0.0,0.0,0.0,1,1,0,16.683080940142546,16.683080940142546,278.32518965534746,1,0.0,0.0,0.0602853522506817,0.0587791960023478,False,False,True,True,False,sign_inconsistent_positive_harmless,0.0
hexc_00847,848,187509781,187509780,1,187509781,False,2,2.0,0,1,1,1.0,1.0,True,True,1,1,0,19.049341567347508,19.049341567347508,362.8774141494736,1,1,1,,0.0,0.0,0.0,0.0,0,0.0,0.0,0.0,1.0,0.5,1.0,0.0,0.0,0.0,0,0.0,inf,inf,False,False,1,0,1,0,0.0,0.0,0.0,1,1,0,19.049341567347508,19.049341567347508,362.8774141494736,1,0.0,0.0,0.0535126337722001,0.0516041802883724,False,False,True,True,False,sign_inconsistent_positive_harmless,0.0
hexc_00848,849,30405577,30405576,1,30405577,False,2,2.0,0,1,1,1.0,1.0,True,True,1,1,0,17.230136603498202,17.230136603498202,296.8776073752086,1,1,1,,0.0,0.0,0.0,0.0,0,0.0,0.0,0.0,1.0,0.5,1.0,0.0,0.0,0.0,0,0.0,inf,inf,False,False,1,0,1,0,0.0,0.0,0.0,1,1,0,17.230136603498202,17.230136603498202,296.8776073752086,1,0.0,0.0,0.0584289519707461,0.0569486755433546,False,False,True,True,False,sign_inconsistent_positive_harmless,0.0
hexc_00849,850,30419423,30419422,1,30419423,False,2,2.0,0,1,1,1.0,1.0,True,True,1,1,0,17.230591876831177,17.230591876831177,296.89329642592054,1,1,1,,0.0,0.0,0.0,0.0,0,0.0,0.0,0.0,1.0,0.5,1.0,0.0,0.0,0.0,0,0.0,inf,inf,False,False,1,0,1,0,0.0,0.0,0.0,1,1,0,17.230591876831177,17.230591876831177,296.89329642592054,1,0.0,0.0,0.0588391093536454,0.0569471996012189,False,False,True,True,False,sign_inconsistent_positive_harmless,0.0
hexc_00850,851,109638391,109638390,1,109638391,False,2,2.0,0,1,1,1.0,1.0,True,True,1,1,0,18.51269815399019,18.51269815399019,342.7199929407518,1,1,1,,0.0,0.0,0.0,0.0,0,0.0,0.0,0.0,1.0,0.5,1.0,0.0,0.0,0.0,0,0.0,inf,inf,False,False,1,0,1,0,0.0,0.0,0.0,1,1,0,18.51269815399019,18.51269815399019,342.7199929407518,1,0.0,0.0,0.0552138610279271,0.0530734957506106,False,False,True,True,False,sign_inconsistent_positive_harmless,0.0
hexc_00851,852,40840829,40840828,1,40840829,False,2,2.0,0,1,1,1.0,1.0,True,True,1,1,0,17.52519284978146,17.52519284978146,307.1323844220313,1,1,1,,0.0,0.0,0.0,0.0,0,0.0,0.0,0.0,1.0,0.5,1.0,0.0,0.0,0.0,0,0.0,inf,inf,False,False,1,0,1,0,0.0,0.0,0.0,1,1,0,17.52519284978146,17.52519284978146,307.1323844220313,1,0.0,0.0,0.0581785538517203,0.0560079094790097,False,False,True,True,False,sign_inconsistent_positive_harmless,0.0
hexc_00852,853,108531433,108531432,1,108531433,False,2,2.0,0,1,1,1.0,1.0,True,True,1,1,0,18.5025503940575,18.5025503940575,342.3443710846374,1,1,1,,0.0,0.0,0.0,0.0,0,0.0,0.0,0.0,1.0,0.5,1.0,0.0,0.0,0.0,0,0.0,inf,inf,False,False,1,0,1,0,0.0,0.0,0.0,1,1,0,18.5025503940575,18.5025503940575,342.3443710846374,1,0.0,0.0,0.0552671935291183,0.0531020862748845,False,False,True,True,False,sign_inconsistent_positive_harmless,0.0
hexc_00853,854,109722043,109722042,1,109722043,False,2,2.0,0,1,1,1.0,1.0,True,True,1,1,0,18.513460843984276,18.513460843984276,342.748232421739,1,1,1,,0.0,0.0,0.0,0.0,0,0.0,0.0,0.0,1.0,0.5,1.0,0.0,0.0,0.0,0,0.0,inf,inf,False,False,1,0,1,0,0.0,0.0,0.0,1,1,0,18.51346084398428,18.51346084398428,342.748232421739,1,0.0,0.0,0.0547359397556698,0.053071348174313,False,False,True,True,False,sign_inconsistent_positive_harmless,0.0
hexc_00854,855,17590231,17590230,1,17590231,False,2,2.0,0,1,1,1.0,1.0,True,True,1,1,0,16.682854249089136,16.682854249089136,278.31762589635144,1,1,1,,0.0,0.0,0.0,0.0,0,0.0,0.0,0.0,1.0,0.5,1.0,0.0,0.0,0.0,0,0.0,inf,inf,False,False,1,0,1,0,0.0,0.0,0.0,1,1,0,16.682854249089136,16.682854249089136,278.31762589635144,1,0.0,0.0,0.0613662107477397,0.0587799789230074,False,False,True,True,False,sign_inconsistent_positive_harmless,0.0
hexc_00855,856,12895819,12895818,1,12895819,False,2,2.0,0,1,1,1.0,1.0,True,True,1,1,0,16.372413708270248,16.372413708270248,268.0559306347555,1,1,1,,0.0,0.0,0.0,0.0,0,0.0,0.0,0.0,1.0,0.5,1.0,0.0,0.0,0.0,0,0.0,inf,inf,False,False,1,0,1,0,0.0,0.0,0.0,1,1,0,16.372413708270248,16.372413708270248,268.0559306347555,1,0.0,0.0,0.0616168261681965,0.0598720707475718,False,False,True,True,False,sign_inconsistent_positive_harmless,0.0
hexc_00856,857,604712203,604712202,1,604712203,True,2,2.0,0,1,1,1.0,1.0,True,True,1,1,0,20.220263205294494,20.220263205294494,408.85904409138635,1,1,1,,0.0,0.0,0.0,0.0,0,0.0,0.0,0.0,1.0,0.5,1.0,0.0,0.0,0.0,0,0.0,inf,inf,False,False,1,0,1,0,0.0,0.0,0.0,1,1,0,20.220263205294494,20.220263205294494,408.8590440913864,1,0.0,4.448940117218696e-15,0.0492150762316946,0.048664480895886,False,False,False,True,False,sign_inconsistent_positive_harmless,0.0
hexc_00857,858,179382757,179382756,1,179382757,False,2,2.0,0,1,1,1.0,1.0,True,True,1,1,0,19.005032388142443,19.005032388142443,361.19125607434324,1,1,1,,0.0,0.0,0.0,0.0,0,0.0,0.0,0.0,1.0,0.5,1.0,0.0,0.0,0.0,0,0.0,inf,inf,False,False,1,0,1,0,0.0,0.0,0.0,1,1,0,19.005032388142443,19.005032388142443,361.1912560743432,1,0.0,0.0,0.0535747962963188,0.0517224102437762,False,False,True,True,False,sign_inconsistent_positive_harmless,0.0
hexc_00858,859,1509019,1509018,1,1509019,False,2,2.0,0,1,1,1.0,1.0,True,True,1,1,0,14.226970328790665,14.226970328790665,202.40668473628998,1,1,1,,0.0,0.0,0.0,0.0,0,0.0,0.0,0.0,1.0,0.5,1.0,0.0,0.0,0.0,0,0.0,inf,inf,False,False,1,0,1,0,0.0,0.0,0.0,1,1,0,14.226970328790664,14.226970328790664,202.40668473629,1,0.0,0.0,0.0709615737150018,0.0686915073081964,False,False,True,True,False,sign_inconsistent_positive_harmless,0.0
hexc_00859,860,7102489,7102488,1,7102489,False,2,2.0,0,1,1,1.0,1.0,True,True,1,1,0,15.77595584395884,15.77595584395884,248.8807827905391,1,1,1,,0.0,0.0,0.0,0.0,0,0.0,0.0,0.0,1.0,0.5,1.0,0.0,0.0,0.0,0,0.0,inf,inf,False,False,1,0,1,0,0.0,0.0,0.0,1,1,0,15.77595584395884,15.77595584395884,248.8807827905391,1,0.0,9.13584700649999e-16,0.0636864195243564,0.0620883846703586,False,False,True,True,False,sign_inconsistent_positive_harmless,0.0
hexc_00860,861,30402013,30402012,1,30402013,False,2,2.0,0,1,1,1.0,1.0,True,True,1,1,0,17.23001938128946,17.23001938128946,296.8735678796104,1,1,1,,0.0,0.0,0.0,0.0,0,0.0,0.0,0.0,1.0,0.5,1.0,0.0,0.0,0.0,0,0.0,inf,inf,False,False,1,0,1,0,0.0,0.0,0.0,1,1,0,17.23001938128946,17.23001938128946,296.8735678796104,1,0.0,0.0,0.0584739115607995,0.0569490555762295,False,False,True,True,False,sign_inconsistent_positive_harmless,0.0
hexc_00861,862,39641179,39641178,1,39641179,False,2,2.0,0,1,1,1.0,1.0,True,True,1,1,0,17.495379009667914,17.495379009667914,306.08828669192866,1,1,1,,0.0,0.0,0.0,0.0,0,0.0,0.0,0.0,1.0,0.5,1.0,0.0,0.0,0.0,0,0.0,inf,inf,False,False,1,0,1,0,0.0,0.0,0.0,1,1,0,17.495379009667914,17.495379009667914,306.08828669192866,1,0.0,0.0,0.0577647807069204,0.0561015553069865,False,False,True,True,False,sign_inconsistent_positive_harmless,0.0
hexc_00862,863,109726417,109726416,1,109726417,False,2,2.0,0,1,1,1.0,1.0,True,True,1,1,0,18.513500707558627,18.513500707558627,342.7497084487738,1,1,1,,0.0,0.0,0.0,0.0,0,0.0,0.0,0.0,1.0,0.5,1.0,0.0,0.0,0.0,0,0.0,inf,inf,False,False,1,0,1,0,0.0,0.0,0.0,1,1,0,18.513500707558627,18.513500707558627,342.7497084487738,1,0.0,2.6535243629794604e-15,0.0547346133640878,0.0530712359315602,False,False,True,True,False,sign_inconsistent_positive_harmless,0.0
hexc_00863,864,12830303,12830302,1,12830303,False,2,2.0,0,1,1,1.0,1.0,True,True,1,1,0,16.367320352836725,16.367320352836725,267.88917553238326,1,1,1,,0.0,0.0,0.0,0.0,0,0.0,0.0,0.0,1.0,0.5,1.0,0.0,0.0,0.0,0,0.0,inf,inf,False,False,1,0,1,0,0.0,0.0,0.0,1,1,0,16.367320352836725,16.367320352836725,267.88917553238326,1,0.0,0.0,0.061618925562123,0.0598903268709988,False,False,True,True,False,sign_inconsistent_positive_harmless,0.0
hexc_00864,865,33864067,33864066,1,33864067,False,2,2.0,0,1,1,1.0,1.0,True,True,1,1,0,17.337865039683184,17.337865039683184,300.60156413426836,1,1,1,,0.0,0.0,0.0,0.0,0,0.0,0.0,0.0,1.0,0.5,1.0,0.0,0.0,0.0,0,0.0,inf,inf,False,False,1,0,1,0,0.0,0.0,0.0,1,1,0,17.337865039683184,17.337865039683184,300.6015641342684,1,0.0,0.0,0.0578379832097438,0.0566015517041133,False,False,True,True,False,sign_inconsistent_positive_harmless,0.0
hexc_00865,866,31025143,31025142,1,31025143,False,2,2.0,0,1,1,1.0,1.0,True,True,1,1,0,17.250308498230464,17.250308498230464,297.5731432841221,1,1,1,,0.0,0.0,0.0,0.0,0,0.0,0.0,0.0,1.0,0.5,1.0,0.0,0.0,0.0,0,0.0,inf,inf,False,False,1,0,1,0,0.0,0.0,0.0,1,1,0,17.250308498230464,17.250308498230464,297.5731432841221,1,0.0,0.0,0.0595441933396197,0.0568833539425574,False,False,True,True,False,sign_inconsistent_positive_harmless,0.0
hexc_00866,867,30801877,30801876,1,30801877,False,2,2.0,0,1,1,1.0,1.0,True,True,1,1,0,17.243086187645382,17.243086187645382,297.324021274567,1,1,1,,0.0,0.0,0.0,0.0,0,0.0,0.0,0.0,1.0,0.5,1.0,0.0,0.0,0.0,0,0.0,inf,inf,False,False,1,0,1,0,0.0,0.0,0.0,1,1,0,17.243086187645382,17.243086187645382,297.324021274567,1,0.0,0.0,0.0578221710482515,0.0569067243545064,False,False,True,True,False,sign_inconsistent_positive_harmless,0.0
hexc_00867,868,359167,359166,1,359167,False,2,2.0,0,1,1,1.0,1.0,True,True,1,1,0,12.791542740365745,12.791542740365745,163.6235656786036,1,1,1,,0.0,0.0,0.0,0.0,0,0.0,0.0,0.0,1.0,0.5,1.0,0.0,0.0,0.0,0,0.0,inf,inf,False,False,1,0,1,0,0.0,0.0,0.0,1,1,0,12.791542740365744,12.791542740365744,163.6235656786036,1,0.0,0.0,0.0770398696559618,0.0762004704130229,False,False,True,True,False,sign_inconsistent_positive_harmless,0.0
hexc_00868,869,33388841,33388840,1,33388841,False,2,2.0,0,1,1,1.0,1.0,True,True,1,1,0,17.323732300326082,17.323732300326082,300.1117008133612,1,1,1,,0.0,0.0,0.0,0.0,0,0.0,0.0,0.0,1.0,0.5,1.0,0.0,0.0,0.0,0,0.0,inf,inf,False,False,1,0,1,0,0.0,0.0,0.0,1,1,0,17.323732300326082,17.323732300326082,300.1117008133612,1,0.0,0.0,0.0589455636856937,0.0566468491206829,False,False,True,True,False,sign_inconsistent_positive_harmless,0.0
hexc_00869,870,604866473,604866472,1,604866473,True,2,2.0,0,1,1,1.0,1.0,True,True,1,1,0,20.220518285850886,20.220518285850886,408.86935974843004,1,1,1,,0.0,0.0,0.0,0.0,0,0.0,0.0,0.0,1.0,0.5,1.0,0.0,0.0,0.0,0,0.0,inf,inf,False,False,1,0,1,0,0.0,0.0,0.0,1,1,0,20.220518285850886,20.220518285850886,408.8693597484301,1,0.0,0.0,0.0491519986144946,0.0486638769730617,False,False,False,True,False,sign_inconsistent_positive_harmless,0.0
hexc_00870,871,33921259,33921258,1,33921259,False,2,2.0,0,1,1,1.0,1.0,True,True,1,1,0,17.33955248494445,17.33955248494445,300.6600803781432,1,1,1,,0.0,0.0,0.0,0.0,0,0.0,0.0,0.0,1.0,0.5,1.0,0.0,0.0,0.0,0,0.0,inf,inf,False,False,1,0,1,0,0.0,0.0,0.0,1,1,0,17.33955248494445,17.33955248494445,300.6600803781432,1,0.0,0.0,0.0589072212043223,0.0565961480438073,False,False,True,True,False,sign_inconsistent_positive_harmless,0.0
hexc_00871,872,604685567,604685566,1,604685567,True,2,2.0,0,1,1,1.0,1.0,True,True,1,1,0,20.22021915692486,20.22021915692486,408.85726275407103,1,1,1,,0.0,0.0,0.0,0.0,0,0.0,0.0,0.0,1.0,0.5,1.0,0.0,0.0,0.0,0,0.0,inf,inf,False,False,1,0,1,0,0.0,0.0,0.0,1,1,0,20.22021915692486,20.22021915692486,408.85726275407103,1,0.0,4.448959500665601e-15,0.0499192156985863,0.0486645851853012,False,False,False,True,False,sign_inconsistent_positive_harmless,0.0
hexc_00872,873,30649621,30649620,1,30649621,False,2,2.0,0,1,1,1.0,1.0,True,True,1,1,0,17.238130854854056,17.238130854854056,297.15315536907144,1,1,1,,0.0,0.0,0.0,0.0,0,0.0,0.0,0.0,1.0,0.5,1.0,0.0,0.0,0.0,0,0.0,inf,inf,False,False,1,0,1,0,0.0,0.0,0.0,1,1,0,17.238130854854056,17.238130854854056,297.15315536907144,1,0.0,1.5303467005815801e-15,0.0590986334793916,0.0569227702423194,False,False,True,True,False,sign_inconsistent_positive_harmless,0.0
hexc_00873,874,40884703,40884702,1,40884703,False,2,2.0,0,1,1,1.0,1.0,True,True,1,1,0,17.526266541273976,17.526266541273976,307.17001887577965,1,1,1,,0.0,0.0,0.0,0.0,0,0.0,0.0,0.0,1.0,0.5,1.0,0.0,0.0,0.0,0,0.0,inf,inf,False,False,1,0,1,0,0.0,0.0,0.0,1,1,0,17.526266541273976,17.526266541273976,307.17001887577965,1,0.0,0.0,0.0579413878612287,0.0560045428236628,False,False,True,True,False,sign_inconsistent_positive_harmless,0.0
hexc_00874,875,39693497,39693496,1,39693497,False,2,2.0,0,1,1,1.0,1.0,True,True,1,1,0,17.496697928713708,17.496697928713708,306.13443840865455,1,1,1,,0.0,0.0,0.0,0.0,0,0.0,0.0,0.0,1.0,0.5,1.0,0.0,0.0,0.0,0,0.0,inf,inf,False,False,1,0,1,0,0.0,0.0,0.0,1,1,0,17.496697928713708,17.496697928713708,306.13443840865455,1,0.0,1.4854498345574184e-15,0.0577138689826572,0.0560974059402927,False,False,True,True,False,sign_inconsistent_positive_harmless,0.0
hexc_00875,876,108532477,108532476,1,108532477,False,2,2.0,0,1,1,1.0,1.0,True,True,1,1,0,18.502560013344283,18.502560013344283,342.34472704740676,1,1,1,,0.0,0.0,0.0,0.0,0,0.0,0.0,0.0,1.0,0.5,1.0,0.0,0.0,0.0,0,0.0,inf,inf,False,False,1,0,1,0,0.0,0.0,0.0,1,1,0,18.502560013344283,18.502560013344283,342.3447270474068,1,0.0,0.0,0.0539817996673655,0.0531020591587121,False,False,True,True,False,sign_inconsistent_positive_harmless,0.0
hexc_00876,877,30341053,30341052,1,30341053,False,2,2.0,0,1,1,1.0,1.0,True,True,1,1,0,17.228012237940277,17.228012237940277,296.80440567061993,1,1,1,,0.0,0.0,0.0,0.0,0,0.0,0.0,0.0,1.0,0.5,1.0,0.0,0.0,0.0,0,0.0,inf,inf,False,False,1,0,1,0,0.0,0.0,0.0,1,1,0,17.228012237940277,17.228012237940277,296.80440567062,1,0.0,1.532144881269458e-15,0.0589348047105401,0.0569555634955781,False,False,True,True,False,sign_inconsistent_positive_harmless,0.0
hexc_00877,878,180627001,180627000,1,180627001,False,2,2.0,0,1,1,1.0,1.0,True,True,1,1,0,19.0119446949703,19.0119446949703,361.45404108460934,1,1,1,,0.0,0.0,0.0,0.0,0,0.0,0.0,0.0,1.0,0.5,1.0,0.0,0.0,0.0,0,0.0,inf,inf,False,False,1,0,1,0,0.0,0.0,0.0,1,1,0,19.0119446949703,19.0119446949703,361.4540410846093,1,0.0,0.0,0.0533332629001659,0.0517039305298461,False,False,True,True,False,sign_inconsistent_positive_harmless,0.0
hexc_00878,879,30781943,30781942,1,30781943,False,2,2.0,0,1,1,1.0,1.0,True,True,1,1,0,17.24243880978879,17.24243880978879,297.3016961093107,1,1,1,,0.0,0.0,0.0,0.0,0,0.0,0.0,0.0,1.0,0.5,1.0,0.0,0.0,0.0,0,0.0,inf,inf,False,False,1,0,1,0,0.0,0.0,0.0,1,1,0,17.24243880978879,17.24243880978879,297.3016961093107,1,0.0,0.0,0.058586881232034,0.0569088201184301,False,False,True,True,False,sign_inconsistent_positive_harmless,0.0
hexc_00879,880,18002111,18002110,1,18002111,False,2,2.0,0,1,1,1.0,1.0,True,True,1,1,0,16.705999586761717,16.705999586761717,279.09042219288267,1,1,1,,0.0,0.0,0.0,0.0,0,0.0,0.0,0.0,1.0,0.5,1.0,0.0,0.0,0.0,0,0.0,inf,inf,False,False,1,0,1,0,0.0,0.0,0.0,1,1,0,16.705999586761717,16.705999586761717,279.09042219288267,1,0.0,1.629390744810952e-15,0.0611464846554823,0.0587001495538228,False,False,True,True,False,sign_inconsistent_positive_harmless,0.0
hexc_00880,881,179149097,179149096,1,179149097,False,2,2.0,0,1,1,1.0,1.0,True,True,1,1,0,19.00372896123365,19.00372896123365,361.14171443203065,1,1,1,,0.0,0.0,0.0,0.0,0,0.0,0.0,0.0,1.0,0.5,1.0,0.0,0.0,0.0,0,0.0,inf,inf,False,False,1,0,1,0,0.0,0.0,0.0,1,1,0,19.00372896123365,19.00372896123365,361.14171443203065,1,0.0,0.0,0.0523875652398403,0.0517258963717692,False,False,True,True,False,sign_inconsistent_positive_harmless,0.0
hexc_00881,882,178894493,178894492,1,178894493,False,2,2.0,0,1,1,1.0,1.0,True,True,1,1,0,19.002306765445066,19.002306765445066,361.0876624080793,1,1,1,,0.0,0.0,0.0,0.0,0,0.0,0.0,0.0,1.0,0.5,1.0,0.0,0.0,0.0,0,0.0,inf,inf,False,False,1,0,1,0,0.0,0.0,0.0,1,1,0,19.002306765445063,19.002306765445063,361.0876624080793,1,0.0,0.0,0.0529924606807178,0.0517297006933885,False,False,True,True,False,sign_inconsistent_positive_harmless,0.0
hexc_00882,883,180640973,180640972,1,180640973,False,2,2.0,0,1,1,1.0,1.0,True,True,1,1,0,19.012022044755017,19.012022044755017,361.45698223025073,1,1,1,,0.0,0.0,0.0,0.0,0,0.0,0.0,0.0,1.0,0.5,1.0,0.0,0.0,0.0,0,0.0,inf,inf,False,False,1,0,1,0,0.0,0.0,0.0,1,1,0,19.012022044755017,19.012022044755017,361.45698223025073,1,0.0,0.0,0.0538739677253463,0.0517037238136682,False,False,True,True,False,sign_inconsistent_positive_harmless,0.0
hexc_00883,884,179412253,179412252,1,179412253,False,2,2.0,0,1,1,1.0,1.0,True,True,1,1,0,19.005196805145157,19.005196805145157,361.1975056022997,1,1,1,,0.0,0.0,0.0,0.0,0,0.0,0.0,0.0,1.0,0.5,1.0,0.0,0.0,0.0,0,0.0,inf,inf,False,False,1,0,1,0,0.0,0.0,0.0,1,1,0,19.00519680514516,19.00519680514516,361.1975056022997,1,0.0,0.0,0.0527759043101292,0.0517219705296503,False,False,True,True,False,sign_inconsistent_positive_harmless,0.0
hexc_00884,885,17998069,17998068,1,17998069,False,2,2.0,0,1,1,1.0,1.0,True,True,1,1,0,16.70577503232799,16.70577503232799,279.0829194307532,1,1,1,,0.0,0.0,0.0,0.0,0,0.0,0.0,0.0,1.0,0.5,1.0,0.0,0.0,0.0,0,0.0,inf,inf,False,False,1,0,1,0,0.0,0.0,0.0,1,1,0,16.70577503232799,16.70577503232799,279.0829194307532,1,0.0,0.0,0.0605791328840376,0.0587009230114953,False,False,True,True,False,sign_inconsistent_positive_harmless,0.0
hexc_00885,886,59183,59182,1,59183,False,2,2.0,0,1,1,1.0,1.0,True,True,1,1,0,10.988389617470986,10.988389617470986,120.74470638534416,1,1,1,,0.0,0.0,0.0,0.0,0,0.0,0.0,0.0,1.0,0.5,1.0,0.0,0.0,0.0,0,0.0,inf,inf,False,False,1,0,1,0,0.0,0.0,0.0,1,1,0,10.988389617470986,10.988389617470986,120.74470638534416,1,0.0,0.0,0.0905353629639327,0.0883271811389778,False,False,True,True,False,sign_inconsistent_positive_harmless,0.0
hexc_00886,887,7113299,7113298,1,7113299,False,2,2.0,0,1,1,1.0,1.0,True,True,1,1,0,15.77747668854144,15.77747668854144,248.9287706574686,1,1,1,,0.0,0.0,0.0,0.0,0,0.0,0.0,0.0,1.0,0.5,1.0,0.0,0.0,0.0,0,0.0,inf,inf,False,False,1,0,1,0,0.0,0.0,0.0,1,1,0,15.77747668854144,15.77747668854144,248.9287706574686,1,0.0,9.134085820722716e-16,0.0652555822922497,0.0620825249838504,False,False,True,True,False,sign_inconsistent_positive_harmless,0.0
hexc_00887,888,109814219,109814218,1,109814219,False,2,2.0,0,1,1,1.0,1.0,True,True,1,1,0,18.514300577744674,18.514300577744674,342.77932588307675,1,1,1,,0.0,0.0,0.0,0.0,0,0.0,0.0,0.0,1.0,0.5,1.0,0.0,0.0,0.0,0,0.0,inf,inf,False,False,1,0,1,0,0.0,0.0,0.0,1,1,0,18.514300577744677,18.514300577744677,342.77932588307675,1,0.0,0.0,0.0543812614326261,0.0530689838597476,False,False,True,True,False,sign_inconsistent_positive_harmless,0.0
hexc_00888,889,33868033,33868032,1,33868033,False,2,2.0,0,1,1,1.0,1.0,True,True,1,1,0,17.337982148114918,17.337982148114918,300.6056249683516,1,1,1,,0.0,0.0,0.0,0.0,0,0.0,0.0,0.0,1.0,0.5,1.0,0.0,0.0,0.0,0,0.0,inf,inf,False,False,1,0,1,0,0.0,0.0,0.0,1,1,0,17.337982148114918,17.337982148114918,300.6056249683516,1,0.0,0.0,0.0580902158457348,0.0566011766576419,False,False,True,True,False,sign_inconsistent_positive_harmless,0.0
hexc_00889,890,7102801,7102800,1,7102801,False,2,2.0,0,1,1,1.0,1.0,True,True,1,1,0,15.775999771256355,15.775999771256355,248.88216878268057,1,1,1,,0.0,0.0,0.0,0.0,0,0.0,0.0,0.0,1.0,0.5,1.0,0.0,0.0,0.0,0,0.0,inf,inf,False,False,1,0,1,0,0.0,0.0,0.0,1,1,0,15.775999771256355,15.775999771256355,248.88216878268057,1,0.0,0.0,0.064466073133591,0.0620882154066622,False,False,True,True,False,sign_inconsistent_positive_harmless,0.0
hexc_00890,891,30642761,30642760,1,30642761,False,2,2.0,0,1,1,1.0,1.0,True,True,1,1,0,17.237907009742973,17.237907009742973,297.14543807654593,1,1,1,,0.0,0.0,0.0,0.0,0,0.0,0.0,0.0,1.0,0.5,1.0,0.0,0.0,0.0,0,0.0,inf,inf,False,False,1,0,1,0,0.0,0.0,0.0,1,1,0,17.237907009742973,17.237907009742973,297.145438076546,1,0.0,0.0,0.0578939114446271,0.056923495289825,False,False,True,True,False,sign_inconsistent_positive_harmless,0.0
hexc_00891,892,30776287,30776286,1,30776287,False,2,2.0,0,1,1,1.0,1.0,True,True,1,1,0,17.24225504881919,17.24225504881919,297.2953591685308,1,1,1,,0.0,0.0,0.0,0.0,0,0.0,0.0,0.0,1.0,0.5,1.0,0.0,0.0,0.0,0,0.0,inf,inf,False,False,1,0,1,0,0.0,0.0,0.0,1,1,0,17.24225504881919,17.24225504881919,297.2953591685308,1,0.0,1.5296146975125734e-15,0.0591546579044083,0.0569094150380873,False,False,True,True,False,sign_inconsistent_positive_harmless,0.0
hexc_00892,893,179662079,179662078,1,179662079,False,2,2.0,0,1,1,1.0,1.0,True,True,1,1,0,19.006588305556335,19.006588305556335,361.2503990169108,1,1,1,,0.0,0.0,0.0,0.0,0,0.0,0.0,0.0,1.0,0.5,1.0,0.0,0.0,0.0,0,0.0,inf,inf,False,False,1,0,1,0,0.0,0.0,0.0,1,1,0,19.00658830555633,19.00658830555633,361.2503990169108,1,0.0,2.5176296116156068e-15,0.0534604288438405,0.051718249423115,False,False,True,True,False,sign_inconsistent_positive_harmless,0.0
hexc_00893,894,33844361,33844360,1,33844361,False,2,2.0,0,1,1,1.0,1.0,True,True,1,1,0,17.337282955557516,17.337282955557516,300.58138028106515,1,1,1,,0.0,0.0,0.0,0.0,0,0.0,0.0,0.0,1.0,0.5,1.0,0.0,0.0,0.0,0,0.0,inf,inf,False,False,1,0,1,0,0.0,0.0,0.0,1,1,0,17.337282955557516,17.337282955557516,300.58138028106515,1,0.0,1.5128926165061945e-15,0.0585939985010802,0.0566034159356386,False,False,True,True,False,sign_inconsistent_positive_harmless,0.0
hexc_00894,895,604814921,604814920,1,604814921,True,2,2.0,0,1,1,1.0,1.0,True,True,1,1,0,20.220433053490883,20.220433053490883,408.8659128707066,1,1,1,,0.0,0.0,0.0,0.0,0,0.0,0.0,0.0,1.0,0.5,1.0,0.0,0.0,0.0,0,0.0,inf,inf,False,False,1,0,1,0,0.0,0.0,0.0,1,1,0,20.220433053490883,20.220433053490883,408.8659128707066,1,0.0,0.0,0.0492165780619318,0.0486640787655517,False,False,False,True,False,sign_inconsistent_positive_harmless,0.0
hexc_00895,896,18002051,18002050,1,18002051,False,2,2.0,0,1,1,1.0,1.0,True,True,1,1,0,16.70599625381371,16.70599625381371,279.09031083243764,1,1,1,,0.0,0.0,0.0,0.0,0,0.0,0.0,0.0,1.0,0.5,1.0,0.0,0.0,0.0,0,0.0,inf,inf,False,False,1,0,1,0,0.0,0.0,0.0,1,1,0,16.70599625381371,16.70599625381371,279.09031083243764,1,0.0,0.0,0.060904601565583,0.0587001610337156,False,False,True,True,False,sign_inconsistent_positive_harmless,0.0
hexc_00896,897,3437477,3437476,1,3437477,False,2,2.0,0,1,1,1.0,1.0,True,True,1,1,0,15.05024833002549,15.05024833002549,226.50997479543503,1,1,1,,0.0,0.0,0.0,0.0,0,0.0,0.0,0.0,1.0,0.5,1.0,0.0,0.0,0.0,0,0.0,inf,inf,False,False,1,0,1,0,0.0,0.0,0.0,1,1,0,15.05024833002549,15.05024833002549,226.50997479543503,1,0.0,5.019065399847779e-16,0.0654695768526705,0.0650165551354885,False,False,True,True,False,sign_inconsistent_positive_harmless,0.0
hexc_00897,898,178011803,178011802,1,178011803,False,2,2.0,0,1,1,1.0,1.0,True,True,1,1,0,18.997360415046778,18.997360415046778,360.8997027391863,1,1,1,,0.0,0.0,0.0,0.0,0,0.0,0.0,0.0,1.0,0.5,1.0,0.0,0.0,0.0,0,0.0,inf,inf,False,False,1,0,1,0,0.0,0.0,0.0,1,1,0,18.997360415046774,18.997360415046774,360.8997027391863,1,0.0,0.0,0.0534994171955925,0.0517429363568698,False,False,True,True,False,sign_inconsistent_positive_harmless,0.0
hexc_00898,899,40864177,40864176,1,40864177,False,2,2.0,0,1,1,1.0,1.0,True,True,1,1,0,17.5257643692459,17.5257643692459,307.1524167263291,1,1,1,,0.0,0.0,0.0,0.0,0,0.0,0.0,0.0,1.0,0.5,1.0,0.0,0.0,0.0,0,0.0,inf,inf,False,False,1,0,1,0,0.0,0.0,0.0,1,1,0,17.5257643692459,17.5257643692459,307.1524167263291,1,0.0,1.4805266900818209e-15,0.0577574596493002,0.0560061173784385,False,False,True,True,False,sign_inconsistent_positive_harmless,0.0
hexc_00899,900,1197739,1197738,1,1197739,False,2,2.0,0,1,1,1.0,1.0,True,True,1,1,0,13.995946170816742,13.995946170816742,195.88650921639982,1,1,1,,0.0,0.0,0.0,0.0,0,0.0,0.0,0.0,1.0,0.5,1.0,0.0,0.0,0.0,0,0.0,inf,inf,False,False,1,0,1,0,0.0,0.0,0.0,1,1,0,13.995946170816742,13.995946170816742,195.88650921639984,1,0.0,0.0,0.0724750996658737,0.069798559178531,False,False,True,True,False,sign_inconsistent_positive_harmless,0.0
hexc_00900,901,112219777,112219776,1,112219777,False,2,2.0,0,1,1,1.0,1.0,True,True,1,1,0,18.535969801117062,18.535969801117062,343.5821764679237,1,1,1,,0.0,0.0,0.0,0.0,0,0.0,0.0,0.0,1.0,0.5,1.0,0.0,0.0,0.0,0,0.0,inf,inf,False,False,1,0,1,0,0.0,0.0,0.0,1,1,0,18.535969801117066,18.535969801117066,343.5821764679237,1,0.0,0.0,0.0552387382691653,0.053008045770433,False,False,True,True,False,sign_inconsistent_positive_harmless,0.0
hexc_00901,902,179662261,179662260,1,179662261,False,2,2.0,0,1,1,1.0,1.0,True,True,1,1,0,19.0065893185687,19.0065893185687,361.2504375247298,1,1,1,,0.0,0.0,0.0,0.0,0,0.0,0.0,0.0,1.0,0.5,1.0,0.0,0.0,0.0,0,0.0,inf,inf,False,False,1,0,1,0,0.0,0.0,0.0,1,1,0,19.0065893185687,19.0065893185687,361.2504375247298,1,0.0,0.0,0.0527959244485922,0.0517182467143445,False,False,True,True,False,sign_inconsistent_positive_harmless,0.0
hexc_00902,903,604435093,604435092,1,604435093,True,2,2.0,0,1,1,1.0,1.0,True,True,1,1,0,20.219804849218658,20.219804849218658,408.84050814048635,1,1,1,,0.0,0.0,0.0,0.0,0,0.0,0.0,0.0,1.0,0.5,1.0,0.0,0.0,0.0,0,0.0,inf,inf,False,False,1,0,1,0,0.0,0.0,0.0,1,1,0,20.219804849218654,20.219804849218654,408.8405081404864,1,0.0,4.449141822612188e-15,0.0491846653022056,0.0486655661267839,False,False,False,True,False,sign_inconsistent_positive_harmless,0.0
hexc_00903,904,108532547,108532546,1,108532547,False,2,2.0,0,1,1,1.0,1.0,True,True,1,1,0,18.50256065831231,18.50256065831231,342.3447509145264,1,1,1,,0.0,0.0,0.0,0.0,0,0.0,0.0,0.0,1.0,0.5,1.0,0.0,0.0,0.0,0,0.0,inf,inf,False,False,1,0,1,0,0.0,0.0,0.0,1,1,0,18.50256065831231,18.50256065831231,342.3447509145264,1,0.0,0.0,0.0540662185454775,0.0531020573405887,False,False,True,True,False,sign_inconsistent_positive_harmless,0.0
hexc_00904,905,179151461,179151460,1,179151461,False,2,2.0,0,1,1,1.0,1.0,True,True,1,1,0,19.00374215685921,19.00374215685921,361.14221596438796,1,1,1,,0.0,0.0,0.0,0.0,0,0.0,0.0,0.0,1.0,0.5,1.0,0.0,0.0,0.0,0,0.0,inf,inf,False,False,1,0,1,0,0.0,0.0,0.0,1,1,0,19.00374215685921,19.00374215685921,361.142215964388,1,0.0,0.0,0.0532813829057262,0.0517258610765716,False,False,True,True,False,sign_inconsistent_positive_harmless,0.0
hexc_00905,906,604712503,604712502,1,604712503,True,2,2.0,0,1,1,1.0,1.0,True,True,1,1,0,20.220263701398135,20.220263701398135,408.859064154079,1,1,1,,0.0,0.0,0.0,0.0,0,0.0,0.0,0.0,1.0,0.5,1.0,0.0,0.0,0.0,0,0.0,inf,inf,False,False,1,0,1,0,0.0,0.0,0.0,1,1,0,20.22026370139813,20.22026370139813,408.859064154079,1,0.0,0.0,0.0496511704472867,0.0486644797213041,False,False,False,True,False,sign_inconsistent_positive_harmless,0.0
hexc_00906,907,108595961,108595960,1,108595961,False,2,2.0,0,1,1,1.0,1.0,True,True,1,1,0,18.503144773243942,18.503144773243942,342.36636649962463,1,1,1,,0.0,0.0,0.0,0.0,0,0.0,0.0,0.0,1.0,0.5,1.0,0.0,0.0,0.0,0,0.0,inf,inf,False,False,1,0,1,0,0.0,0.0,0.0,1,1,0,18.503144773243942,18.503144773243942,342.36636649962463,1,0.0,0.0,0.0547479999666079,0.0531004108087937,False,False,True,True,False,sign_inconsistent_positive_harmless,0.0
hexc_00907,908,109527331,109527330,1,109527331,False,2,2.0,0,1,1,1.0,1.0,True,True,1,1,0,18.511684674249903,18.511684674249903,342.6824694788587,1,1,1,,0.0,0.0,0.0,0.0,0,0.0,0.0,0.0,1.0,0.5,1.0,0.0,0.0,0.0,0,0.0,inf,inf,False,False,1,0,1,0,0.0,0.0,0.0,1,1,0,18.511684674249903,18.511684674249903,342.6824694788587,1,0.0,0.0,0.0546177716113432,0.0530763497674983,False,False,True,True,False,sign_inconsistent_positive_harmless,0.0
hexc_00908,909,7103477,7103476,1,7103477,False,2,2.0,0,1,1,1.0,1.0,True,True,1,1,0,15.776094940448527,15.776094940448527,248.8851715700456,1,1,1,,0.0,0.0,0.0,0.0,0,0.0,0.0,0.0,1.0,0.5,1.0,0.0,0.0,0.0,0,0.0,inf,inf,False,False,1,0,1,0,0.0,0.0,0.0,1,1,0,15.776094940448528,15.776094940448528,248.8851715700456,1,0.0,0.0,0.0625995472242675,0.0620878486973244,False,False,True,True,False,sign_inconsistent_positive_harmless,0.0
hexc_00909,910,33486917,33486916,1,33486917,False,2,2.0,0,1,1,1.0,1.0,True,True,1,1,0,17.326665383202304,17.326665383202304,300.21333330146103,1,1,1,,0.0,0.0,0.0,0.0,0,0.0,0.0,0.0,1.0,0.5,1.0,0.0,0.0,0.0,0,0.0,inf,inf,False,False,1,0,1,0,0.0,0.0,0.0,1,1,0,17.326665383202304,17.326665383202304,300.21333330146103,1,0.0,0.0,0.0589292298645833,0.0566374422188908,False,False,True,True,False,sign_inconsistent_positive_harmless,0.0
hexc_00910,911,179436233,179436232,1,179436233,False,2,2.0,0,1,1,1.0,1.0,True,True,1,1,0,19.005330454866257,19.005330454866257,361.20258569866684,1,1,1,,0.0,0.0,0.0,0.0,0,0.0,0.0,0.0,1.0,0.5,1.0,0.0,0.0,0.0,0,0.0,inf,inf,False,False,1,0,1,0,0.0,0.0,0.0,1,1,0,19.005330454866257,19.005330454866257,361.2025856986669,1,0.0,0.0,0.0536850831213623,0.0517216131045405,False,False,True,True,False,sign_inconsistent_positive_harmless,0.0
hexc_00911,912,187510061,187510060,1,187510061,False,2,2.0,0,1,1,1.0,1.0,True,True,1,1,0,19.04934306060183,19.04934306060183,362.87747104049913,1,1,1,,0.0,0.0,0.0,0.0,0,0.0,0.0,0.0,1.0,0.5,1.0,0.0,0.0,0.0,0,0.0,inf,inf,False,False,1,0,1,0,0.0,0.0,0.0,1,1,0,19.04934306060183,19.04934306060183,362.87747104049913,1,0.0,0.0,0.0524473870154861,0.0516041763130337,False,False,True,True,False,sign_inconsistent_positive_harmless,0.0
hexc_00912,913,109594997,109594996,1,109594997,False,2,2.0,0,1,1,1.0,1.0,True,True,1,1,0,18.512302283626077,18.512302283626077,342.7053358403473,1,1,1,,0.0,0.0,0.0,0.0,0,0.0,0.0,0.0,1.0,0.5,1.0,0.0,0.0,0.0,0,0.0,inf,inf,False,False,1,0,1,0,0.0,0.0,0.0,1,1,0,18.51230228362608,18.51230228362608,342.7053358403473,1,0.0,0.0,0.054632572985037,0.0530746105076697,False,False,True,True,False,sign_inconsistent_positive_harmless,0.0
hexc_00913,914,604814239,604814238,1,604814239,True,2,2.0,0,1,1,1.0,1.0,True,True,1,1,0,20.220431925872564,20.220431925872564,408.86586726884644,1,1,1,,0.0,0.0,0.0,0.0,0,0.0,0.0,0.0,1.0,0.5,1.0,0.0,0.0,0.0,0,0.0,inf,inf,False,False,1,0,1,0,0.0,0.0,0.0,1,1,0,20.220431925872564,20.220431925872564,408.8658672688464,1,0.0,0.0,0.0493688680772857,0.0486640814352671,False,False,False,True,False,sign_inconsistent_positive_harmless,0.0
hexc_00914,915,179143049,179143048,1,179143049,False,2,2.0,0,1,1,1.0,1.0,True,True,1,1,0,19.00369520107414,19.00369520107414,361.1404312953283,1,1,1,,0.0,0.0,0.0,0.0,0,0.0,0.0,0.0,1.0,0.5,1.0,0.0,0.0,0.0,0,0.0,inf,inf,False,False,1,0,1,0,0.0,0.0,0.0,1,1,0,19.00369520107414,19.00369520107414,361.1404312953283,1,0.0,0.0,0.0536214877934271,0.0517259866724769,False,False,True,True,False,sign_inconsistent_positive_harmless,0.0
hexc_00915,916,604811353,604811352,1,604811353,True,2,2.0,0,1,1,1.0,1.0,True,True,1,1,0,20.220427154148123,20.220427154148123,408.8656742962107,1,1,1,,0.0,0.0,0.0,0.0,0,0.0,0.0,0.0,1.0,0.5,1.0,0.0,0.0,0.0,0,0.0,inf,inf,False,False,1,0,1,0,0.0,0.0,0.0,1,1,0,20.220427154148123,20.220427154148123,408.8656742962107,1,0.0,4.4488679727808455e-15,0.0502642768158267,0.04866409273265,False,False,False,True,False,sign_inconsistent_positive_harmless,0.0
hexc_00916,917,617647,617646,1,617647,False,2,2.0,0,1,1,1.0,1.0,True,True,1,1,0,13.333672375833435,13.333672375833435,177.78681902606365,1,1,1,,0.0,0.0,0.0,0.0,0,0.0,0.0,0.0,1.0,0.5,1.0,0.0,0.0,0.0,0,0.0,inf,inf,False,False,1,0,1,0,0.0,0.0,0.0,1,1,0,13.333672375833435,13.333672375833435,177.78681902606365,1,0.0,3.197279706797315e-16,0.0774150599023891,0.0731793413150955,False,False,True,True,False,sign_inconsistent_positive_harmless,0.0
hexc_00917,918,39641051,39641050,1,39641051,False,2,2.0,0,1,1,1.0,1.0,True,True,1,1,0,17.495375780697184,17.495375780697184,306.0881737078056,1,1,1,,0.0,0.0,0.0,0.0,0,0.0,0.0,0.0,1.0,0.5,1.0,0.0,0.0,0.0,0,0.0,inf,inf,False,False,1,0,1,0,0.0,0.0,0.0,1,1,0,17.495375780697184,17.495375780697184,306.0881737078056,1,0.0,1.4856743577442814e-15,0.0584684694230504,0.056101565466197,False,False,True,True,False,sign_inconsistent_positive_harmless,0.0
hexc_00918,919,108548719,108548718,1,108548719,False,2,2.0,0,1,1,1.0,1.0,True,True,1,1,0,18.502709653205585,18.502709653205585,342.3502645108271,1,1,1,,0.0,0.0,0.0,0.0,0,0.0,0.0,0.0,1.0,0.5,1.0,0.0,0.0,0.0,0,0.0,inf,inf,False,False,1,0,1,0,0.0,0.0,0.0,1,1,0,18.502709653205585,18.502709653205585,342.3502645108271,1,0.0,0.0,0.0545307991961619,0.0531016373367823,False,False,True,True,False,sign_inconsistent_positive_harmless,0.0
hexc_00919,920,33920959,33920958,1,33920959,False,2,2.0,0,1,1,1.0,1.0,True,True,1,1,0,17.33954364089398,17.33954364089398,300.6597736744668,1,1,1,,0.0,0.0,0.0,0.0,0,0.0,0.0,0.0,1.0,0.5,1.0,0.0,0.0,0.0,0,0.0,inf,inf,False,False,1,0,1,0,0.0,0.0,0.0,1,1,0,17.33954364089398,17.33954364089398,300.6597736744668,1,0.0,0.0,0.0581434284620721,0.0565961763621818,False,False,True,True,False,sign_inconsistent_positive_harmless,0.0
hexc_00920,921,108540463,108540462,1,108540463,False,2,2.0,0,1,1,1.0,1.0,True,True,1,1,0,18.502633592298928,18.502633592298928,342.3474498508687,1,1,1,,0.0,0.0,0.0,0.0,0,0.0,0.0,0.0,1.0,0.5,1.0,0.0,0.0,0.0,0,0.0,inf,inf,False,False,1,0,1,0,0.0,0.0,0.0,1,1,0,18.502633592298928,18.502633592298928,342.3474498508687,1,0.0,2.6566422567748547e-15,0.0549539576212059,0.053101851745115,False,False,True,True,False,sign_inconsistent_positive_harmless,0.0
hexc_00921,922,30808091,30808090,1,30808091,False,2,2.0,0,1,1,1.0,1.0,True,True,1,1,0,17.24328790825076,17.24328790825076,297.3309778868269,1,1,1,,0.0,0.0,0.0,0.0,0,0.0,0.0,0.0,1.0,0.5,1.0,0.0,0.0,0.0,0,0.0,inf,inf,False,False,1,0,1,0,0.0,0.0,0.0,1,1,0,17.24328790825076,17.24328790825076,297.3309778868269,1,0.0,1.5294314575575596e-15,0.0588642345773177,0.0569060713535577,False,False,True,True,False,sign_inconsistent_positive_harmless,0.0
hexc_00922,923,3291647,3291646,1,3291647,False,2,2.0,0,1,1,1.0,1.0,True,True,1,1,0,15.006898605381958,15.006898605381958,225.20700575221494,1,1,1,,0.0,0.0,0.0,0.0,0,0.0,0.0,0.0,1.0,0.5,1.0,0.0,0.0,0.0,0,0.0,inf,inf,False,False,1,0,1,0,0.0,0.0,0.0,1,1,0,15.006898605381958,15.006898605381958,225.2070057522149,1,0.0,0.0,0.0684103219780649,0.0652002298566927,False,False,True,True,False,sign_inconsistent_positive_harmless,0.0
hexc_00923,924,109683781,109683780,1,109683781,False,2,2.0,0,1,1,1.0,1.0,True,True,1,1,0,18.51311206563655,18.51311206563655,342.73531835481765,1,1,1,,0.0,0.0,0.0,0.0,0,0.0,0.0,0.0,1.0,0.5,1.0,0.0,0.0,0.0,0,0.0,inf,inf,False,False,1,0,1,0,0.0,0.0,0.0,1,1,0,18.51311206563655,18.51311206563655,342.73531835481765,1,0.0,0.0,0.0551290948259741,0.0530723302399947,False,False,True,True,False,sign_inconsistent_positive_harmless,0.0
hexc_00924,925,109773193,109773100,1,109773193,False,2,2.0,0,1,1,1.0,1.0,True,True,1,1,0,18.513926075241702,18.513926075241702,342.76545871951464,1,1,1,,0.0,0.0,0.0,0.0,0,0.0,0.0,0.0,1.0,0.5,1.0,0.0,0.0,0.0,0,0.0,inf,inf,False,False,1,0,1,0,0.0,0.0,0.0,1,1,0,18.513926075241702,18.513926075241702,342.76545871951464,1,0.0,0.0,0.0550956797823624,0.0530700334604548,False,False,True,True,False,sign_inconsistent_positive_harmless,0.0
hexc_00925,926,111004819,111004818,1,111004819,False,2,2.0,0,1,1,1.0,1.0,True,True,1,1,0,18.525084172748645,18.525084172748645,343.17874360742235,1,1,1,,0.0,0.0,0.0,0.0,0,0.0,0.0,0.0,1.0,0.5,1.0,0.0,0.0,0.0,0,0.0,inf,inf,False,False,1,0,1,0,0.0,0.0,0.0,1,1,0,18.525084172748645,18.525084172748645,343.17874360742235,1,0.0,0.0,0.0553538355119092,0.0530386407864781,False,False,True,True,False,sign_inconsistent_positive_harmless,0.0
hexc_00926,927,39639401,39639400,1,39639401,False,2,2.0,0,1,1,1.0,1.0,True,True,1,1,0,17.495334156312897,17.495334156312897,306.0867172410487,1,1,1,,0.0,0.0,0.0,0.0,0,0.0,0.0,0.0,1.0,0.5,1.0,0.0,0.0,0.0,0,0.0,inf,inf,False,False,1,0,1,0,0.0,0.0,0.0,1,1,0,17.495334156312897,17.495334156312897,306.0867172410487,1,0.0,0.0,0.0580108520218464,0.0561016964280408,False,False,True,True,False,sign_inconsistent_positive_harmless,0.0
hexc_00927,928,33489931,33489930,1,33489931,False,2,2.0,0,1,1,1.0,1.0,True,True,1,1,0,17.32675538445175,17.32675538445175,300.2164521526277,1,1,1,,0.0,0.0,0.0,0.0,0,0.0,0.0,0.0,1.0,0.5,1.0,0.0,0.0,0.0,0,0.0,inf,inf,False,False,1,0,1,0,0.0,0.0,0.0,1,1,0,17.32675538445175,17.32675538445175,300.2164521526277,1,0.0,0.0,0.0578008375393387,0.0566371536187742,False,False,True,True,False,sign_inconsistent_positive_harmless,0.0
hexc_00928,929,109769447,109769446,1,109769447,False,2,2.0,0,1,1,1.0,1.0,True,True,1,1,0,18.513892787844487,18.513892787844487,342.7642261598001,1,1,1,,0.0,0.0,0.0,0.0,0,0.0,0.0,0.0,1.0,0.5,1.0,0.0,0.0,0.0,0,0.0,inf,inf,False,False,1,0,1,0,0.0,0.0,0.0,1,1,0,18.513892787844487,18.513892787844487,342.7642261598001,1,0.0,0.0,0.0550907910074587,0.0530701319873542,False,False,True,True,False,sign_inconsistent_positive_harmless,0.0
hexc_00929,930,604143751,604143750,1,604143751,True,2,2.0,0,1,1,1.0,1.0,True,True,1,1,0,20.219322725926347,20.219322725926347,408.8210114951616,1,1,1,,0.0,0.0,0.0,0.0,0,0.0,0.0,0.0,1.0,0.5,1.0,0.0,0.0,0.0,0,0.0,inf,inf,False,False,1,0,1,0,0.0,0.0,0.0,1,1,0,20.219322725926347,20.219322725926347,408.8210114951616,1,0.0,4.449354001873224e-15,0.0499265506780113,0.048666707682567,False,False,False,True,False,sign_inconsistent_positive_harmless,0.0
hexc_00930,931,40884761,40884760,1,40884761,False,2,2.0,0,1,1,1.0,1.0,True,True,1,1,0,17.526267959896458,17.526267959896458,307.1700686020932,1,1,1,,0.0,0.0,0.0,0.0,0,0.0,0.0,0.0,1.0,0.5,1.0,0.0,0.0,0.0,0,0.0,inf,inf,False,False,1,0,1,0,0.0,0.0,0.0,1,1,0,17.526267959896458,17.526267959896458,307.1700686020932,1,0.0,0.0,0.0572384388419331,0.0560045383757134,False,False,True,True,False,sign_inconsistent_positive_harmless,0.0
hexc_00931,932,108810703,108810702,1,108810703,False,2,2.0,0,1,1,1.0,1.0,True,True,1,1,0,18.50512026070956,18.50512026070956,342.4394758633235,1,1,1,,0.0,0.0,0.0,0.0,0,0.0,0.0,0.0,1.0,0.5,1.0,0.0,0.0,0.0,0,0.0,inf,inf,False,False,1,0,1,0,0.0,0.0,0.0,1,1,0,18.50512026070956,18.50512026070956,342.4394758633235,1,0.0,0.0,0.0547312475022079,0.0530948429642106,False,False,True,True,False,sign_inconsistent_positive_harmless,0.0
hexc_00932,933,108532727,108532726,1,108532727,False,2,2.0,0,1,1,1.0,1.0,True,True,1,1,0,18.502562316799608,18.502562316799608,342.3448122870529,1,1,1,,0.0,0.0,0.0,0.0,0,0.0,0.0,0.0,1.0,0.5,1.0,0.0,0.0,0.0,0,0.0,inf,inf,False,False,1,0,1,0,0.0,0.0,0.0,1,1,0,18.502562316799608,18.502562316799608,342.3448122870529,1,0.0,0.0,0.0549057081271222,0.0531020526654187,False,False,True,True,False,sign_inconsistent_positive_harmless,0.0
hexc_00933,934,7118443,7118442,1,7118443,False,2,2.0,0,1,1,1.0,1.0,True,True,1,1,0,15.778199579698969,15.778199579698969,248.95158197681272,1,1,1,,0.0,0.0,0.0,0.0,0,0.0,0.0,0.0,1.0,0.5,1.0,0.0,0.0,0.0,0,0.0,inf,inf,False,False,1,0,1,0,0.0,0.0,0.0,1,1,0,15.778199579698969,15.778199579698969,248.95158197681272,1,0.0,9.13324886862577e-16,0.0639860467502799,0.0620797401325145,False,False,True,True,False,sign_inconsistent_positive_harmless,0.0
hexc_00934,935,177978791,177978790,1,177978791,False,2,2.0,0,1,1,1.0,1.0,True,True,1,1,0,18.99717494947184,18.99717494947184,360.89265606084047,1,1,1,,0.0,0.0,0.0,0.0,0,0.0,0.0,0.0,1.0,0.5,1.0,0.0,0.0,0.0,0,0.0,inf,inf,False,False,1,0,1,0,0.0,0.0,0.0,1,1,0,18.99717494947184,18.99717494947184,360.89265606084047,1,0.0,0.0,0.0526763305513066,0.0517434327655703,False,False,True,True,False,sign_inconsistent_positive_harmless,0.0
hexc_00935,936,39649187,39649186,1,39649187,False,2,2.0,0,1,1,1.0,1.0,True,True,1,1,0,17.495581001421293,17.495581001421293,306.0953545772937,1,1,1,,0.0,0.0,0.0,0.0,0,0.0,0.0,0.0,1.0,0.5,1.0,0.0,0.0,0.0,0,0.0,inf,inf,False,False,1,0,1,0,0.0,0.0,0.0,1,1,0,17.495581001421293,17.495581001421293,306.0953545772937,1,0.0,1.485639504442834e-15,0.0585131648548839,0.0561009197938843,False,False,True,True,False,sign_inconsistent_positive_harmless,0.0
hexc_00936,937,604698079,604698078,1,604698079,True,2,2.0,0,1,1,1.0,1.0,True,True,1,1,0,20.22023984845652,20.22023984845652,408.85809952910887,1,1,1,,0.0,0.0,0.0,0.0,0,0.0,0.0,0.0,1.0,0.5,1.0,0.0,0.0,0.0,0,0.0,inf,inf,False,False,1,0,1,0,0.0,0.0,0.0,1,1,0,20.22023984845652,20.22023984845652,408.85809952910887,1,0.0,4.448950395359241e-15,0.0500423855703042,0.0486645361957419,False,False,False,True,False,sign_inconsistent_positive_harmless,0.0
hexc_00937,938,39693569,39693568,1,39693569,False,2,2.0,0,1,1,1.0,1.0,True,True,1,1,0,17.496699742611202,17.496699742611202,306.13450188309093,1,1,1,,0.0,0.0,0.0,0.0,0,0.0,0.0,0.0,1.0,0.5,1.0,0.0,0.0,0.0,0,0.0,inf,inf,False,False,1,0,1,0,0.0,0.0,0.0,1,1,0,17.496699742611202,17.496699742611202,306.13450188309093,1,0.0,0.0,0.0571426503152974,0.0560974002341289,False,False,True,True,False,sign_inconsistent_positive_harmless,0.0
hexc_00938,939,3269009,3269008,1,3269009,False,2,2.0,0,1,1,1.0,1.0,True,True,1,1,0,14.999997438838074,14.999997438838074,224.99992316514877,1,1,1,,0.0,0.0,0.0,0.0,0,0.0,0.0,0.0,1.0,0.5,1.0,0.0,0.0,0.0,0,0.0,inf,inf,False,False,1,0,1,0,0.0,0.0,0.0,1,1,0,14.999997438838074,14.999997438838074,224.9999231651488,1,0.0,0.0,0.0682460248436658,0.0652295661588534,False,False,True,True,False,sign_inconsistent_positive_harmless,0.0
hexc_00939,940,3277531,3277530,1,3277531,False,2,2.0,0,1,1,1.0,1.0,True,True,1,1,0,15.002600953003942,15.002600953003942,225.07803535507477,1,1,1,,0.0,0.0,0.0,0.0,0,0.0,0.0,0.0,1.0,0.5,1.0,0.0,0.0,0.0,0,0.0,inf,inf,False,False,1,0,1,0,0.0,0.0,0.0,1,1,0,15.002600953003942,15.002600953003942,225.0780353550748,1,0.0,5.050996537368379e-16,0.0659166392050288,0.0652184957312538,False,False,True,True,False,sign_inconsistent_positive_harmless,0.0
hexc_00940,941,178299293,178299292,1,178299293,False,2,2.0,0,1,1,1.0,1.0,True,True,1,1,0,18.99897411759836,18.99897411759836,360.96101752117244,1,1,1,,0.0,0.0,0.0,0.0,0,0.0,0.0,0.0,1.0,0.5,1.0,0.0,0.0,0.0,0,0.0,inf,inf,False,False,1,0,1,0,0.0,0.0,0.0,1,1,0,18.99897411759836,18.99897411759836,360.9610175211725,1,0.0,2.5196479886351746e-15,0.0537060290310206,0.0517386175960202,False,False,True,True,False,sign_inconsistent_positive_harmless,0.0
hexc_00941,942,178037383,178037382,1,178037383,False,2,2.0,0,1,1,1.0,1.0,True,True,1,1,0,18.99750410305984,18.99750410305984,360.9051621457754,1,1,1,,0.0,0.0,0.0,0.0,0,0.0,0.0,0.0,1.0,0.5,1.0,0.0,0.0,0.0,0,0.0,inf,inf,False,False,1,0,1,0,0.0,0.0,0.0,1,1,0,18.99750410305984,18.99750410305984,360.9051621457754,1,0.0,0.0,0.0532726980772996,0.0517425517746324,False,False,True,True,False,sign_inconsistent_positive_harmless,0.0
hexc_00942,943,3291163,3291162,1,3291163,False,2,2.0,0,1,1,1.0,1.0,True,True,1,1,0,15.006751555717491,15.006751555717491,225.20259225502934,1,1,1,,0.0,0.0,0.0,0.0,0,0.0,0.0,0.0,1.0,0.5,1.0,0.0,0.0,0.0,0,0.0,inf,inf,False,False,1,0,1,0,0.0,0.0,0.0,1,1,0,15.006751555717493,15.006751555717493,225.20259225502932,1,0.0,0.0,0.0663088578637002,0.0652008546779488,False,False,True,True,False,sign_inconsistent_positive_harmless,0.0
hexc_00943,944,109489841,109489840,1,109489841,False,2,2.0,0,1,1,1.0,1.0,True,True,1,1,0,18.51134232666114,18.51134232666114,342.6697947348363,1,1,1,,0.0,0.0,0.0,0.0,0,0.0,0.0,0.0,1.0,0.5,1.0,0.0,0.0,0.0,0,0.0,inf,inf,False,False,1,0,1,0,0.0,0.0,0.0,1,1,0,18.51134232666114,18.51134232666114,342.6697947348363,1,0.0,0.0,0.0553662236802841,0.053077313907212,False,False,True,True,False,sign_inconsistent_positive_harmless,0.0
hexc_00944,945,180620701,180620700,1,180620701,False,2,2.0,0,1,1,1.0,1.0,True,True,1,1,0,19.011909815855688,19.011909815855688,361.45271484622987,1,1,1,,0.0,0.0,0.0,0.0,0,0.0,0.0,0.0,1.0,0.5,1.0,0.0,0.0,0.0,0,0.0,inf,inf,False,False,1,0,1,0,0.0,0.0,0.0,1,1,0,19.011909815855688,19.011909815855688,361.45271484622987,1,0.0,0.0,0.0532484287553092,0.051704023744314,False,False,True,True,False,sign_inconsistent_positive_harmless,0.0
hexc_00945,946,109592773,109592772,1,109592773,False,2,2.0,0,1,1,1.0,1.0,True,True,1,1,0,18.512281990523043,18.512281990523043,342.7045844966438,1,1,1,,0.0,0.0,0.0,0.0,0,0.0,0.0,0.0,1.0,0.5,1.0,0.0,0.0,0.0,0,0.0,inf,inf,False,False,1,0,1,0,0.0,0.0,0.0,1,1,0,18.512281990523043,18.512281990523043,342.7045844966438,1,0.0,2.6538737528380955e-15,0.053857183474842,0.053074667653594,False,False,True,True,False,sign_inconsistent_positive_harmless,0.0
hexc_00946,947,33415721,33415720,1,33415721,False,2,2.0,0,1,1,1.0,1.0,True,True,1,1,0,17.32453703583054,17.32453703583054,300.1395835058641,1,1,1,,0.0,0.0,0.0,0.0,0,0.0,0.0,0.0,1.0,0.5,1.0,0.0,0.0,0.0,0,0.0,inf,inf,False,False,1,0,1,0,0.0,0.0,0.0,1,1,0,17.32453703583054,17.32453703583054,300.1395835058641,1,0.0,0.0,0.0578975849812232,0.0566442678844403,False,False,True,True,False,sign_inconsistent_positive_harmless,0.0
hexc_00947,948,33488537,33488536,1,33488537,False,2,2.0,0,1,1,1.0,1.0,True,True,1,1,0,17.32671375913419,17.32671375913419,300.2150096909701,1,1,1,,0.0,0.0,0.0,0.0,0,0.0,0.0,0.0,1.0,0.5,1.0,0.0,0.0,0.0,0,0.0,inf,inf,False,False,1,0,1,0,0.0,0.0,0.0,1,1,0,17.32671375913419,17.32671375913419,300.2150096909701,1,0.0,0.0,0.0578979058425053,0.0566372870951272,False,False,True,True,False,sign_inconsistent_positive_harmless,0.0
hexc_00948,949,178912931,178912930,1,178912931,False,2,2.0,0,1,1,1.0,1.0,True,True,1,1,0,19.00240982647052,19.00240982647052,361.09157921314335,1,1,1,,0.0,0.0,0.0,0.0,0,0.0,0.0,0.0,1.0,0.5,1.0,0.0,0.0,0.0,0,0.0,inf,inf,False,False,1,0,1,0,0.0,0.0,0.0,1,1,0,19.00240982647052,19.00240982647052,361.09157921314335,1,0.0,0.0,0.0530418844504978,0.0517294249901216,False,False,True,True,False,sign_inconsistent_positive_harmless,0.0
hexc_00949,950,604715537,604715536,1,604715537,True,2,2.0,0,1,1,1.0,1.0,True,True,1,1,0,20.22026871864579,20.22026871864579,408.8592670542455,1,1,1,,0.0,0.0,0.0,0.0,0,0.0,0.0,0.0,1.0,0.5,1.0,0.0,0.0,0.0,0,0.0,inf,inf,False,False,1,0,1,0,0.0,0.0,0.0,1,1,0,20.22026871864579,20.22026871864579,408.8592670542455,1,0.0,4.4489376910821536e-15,0.050292038029149,0.0486644678424404,False,False,False,True,False,sign_inconsistent_positive_harmless,0.0
hexc_00950,951,179378933,179378932,1,179378933,False,2,2.0,0,1,1,1.0,1.0,True,True,1,1,0,19.00501107037019,19.00501107037019,361.19044578489354,1,1,1,,0.0,0.0,0.0,0.0,0,0.0,0.0,0.0,1.0,0.5,1.0,0.0,0.0,0.0,0,0.0,inf,inf,False,False,1,0,1,0,0.0,0.0,0.0,1,1,0,19.00501107037019,19.00501107037019,361.1904457848936,1,0.0,2.5180475075871088e-15,0.0528374174512601,0.0517224672562242,False,False,True,True,False,sign_inconsistent_positive_harmless,0.0
hexc_00951,952,31034411,31034410,1,31034411,False,2,2.0,0,1,1,1.0,1.0,True,True,1,1,0,17.250607179077214,17.250607179077214,297.5834480468303,1,1,1,,0.0,0.0,0.0,0.0,0,0.0,0.0,0.0,1.0,0.5,1.0,0.0,0.0,0.0,0,0.0,inf,inf,False,False,1,0,1,0,0.0,0.0,0.0,1,1,0,17.250607179077214,17.250607179077214,297.5834480468303,1,0.0,0.0,0.0595614854614243,0.0568823878652467,False,False,True,True,False,sign_inconsistent_positive_harmless,0.0
hexc_00952,953,39646561,39646560,1,39646561,False,2,2.0,0,1,1,1.0,1.0,True,True,1,1,0,17.495514768361712,17.495514768361712,306.09303700996276,1,1,1,,0.0,0.0,0.0,0.0,0,0.0,0.0,0.0,1.0,0.5,1.0,0.0,0.0,0.0,0,0.0,inf,inf,False,False,1,0,1,0,0.0,0.0,0.0,1,1,0,17.495514768361712,17.495514768361712,306.0930370099628,1,0.0,2.97130150576841e-15,0.058083894710532,0.0561011281769306,False,False,True,True,False,sign_inconsistent_positive_harmless,0.0
hexc_00953,954,178037701,178037700,1,178037701,False,2,2.0,0,1,1,1.0,1.0,True,True,1,1,0,18.997505889199978,18.997505889199978,360.90523001018784,1,1,1,,0.0,0.0,0.0,0.0,0,0.0,0.0,0.0,1.0,0.5,1.0,0.0,0.0,0.0,0,0.0,inf,inf,False,False,1,0,1,0,0.0,0.0,0.0,1,1,0,18.997505889199974,18.997505889199974,360.90523001018784,1,0.0,0.0,0.0531012747989439,0.0517425469940463,False,False,True,True,False,sign_inconsistent_positive_harmless,0.0
hexc_00954,955,604170577,604170576,1,604170577,True,2,2.0,0,1,1,1.0,1.0,True,True,1,1,0,20.219367128279913,20.219367128279913,408.8228070681663,1,1,1,,0.0,0.0,0.0,0.0,0,0.0,0.0,0.0,1.0,0.5,1.0,0.0,0.0,0.0,0,0.0,inf,inf,False,False,1,0,1,0,0.0,0.0,0.0,1,1,0,20.219367128279917,20.219367128279917,408.8228070681663,1,0.0,0.0,0.0492397505590195,0.0486666025458861,False,False,False,True,False,sign_inconsistent_positive_harmless,0.0
hexc_00955,956,109706543,109706542,1,109706543,False,2,2.0,0,1,1,1.0,1.0,True,True,1,1,0,18.513319567951758,18.513319567951758,342.74300142510543,1,1,1,,0.0,0.0,0.0,0.0,0,0.0,0.0,0.0,1.0,0.5,1.0,0.0,0.0,0.0,0,0.0,inf,inf,False,False,1,0,1,0,0.0,0.0,0.0,1,1,0,18.51331956795176,18.51331956795176,342.74300142510543,1,0.0,0.0,0.0555431705366381,0.0530717459651096,False,False,True,True,False,sign_inconsistent_positive_harmless,0.0
hexc_00956,957,18001723,18001722,1,18001723,False,2,2.0,0,1,1,1.0,1.0,True,True,1,1,0,16.70597803350158,16.70597803350158,279.08970205583734,1,1,1,,0.0,0.0,0.0,0.0,0,0.0,0.0,0.0,1.0,0.5,1.0,0.0,0.0,0.0,0,0.0,inf,inf,False,False,1,0,1,0,0.0,0.0,0.0,1,1,0,16.70597803350158,16.70597803350158,279.08970205583734,1,0.0,0.0,0.0603358846572112,0.0587002237912155,False,False,True,True,False,sign_inconsistent_positive_harmless,0.0
hexc_00957,958,187422899,187422898,1,187422899,False,2,2.0,0,1,1,1.0,1.0,True,True,1,1,0,19.048878113473307,19.048878113473307,362.85975738196237,1,1,1,,0.0,0.0,0.0,0.0,0,0.0,0.0,0.0,1.0,0.5,1.0,0.0,0.0,0.0,0,0.0,inf,inf,False,False,1,0,1,0,0.0,0.0,0.0,1,1,0,19.048878113473307,19.048878113473307,362.8597573819624,1,0.0,0.0,0.0523554099310386,0.0516054141235671,False,False,True,True,False,sign_inconsistent_positive_harmless,0.0
hexc_00958,959,108582037,108582036,1,108582037,False,2,2.0,0,1,1,1.0,1.0,True,True,1,1,0,18.50301654662663,18.50301654662663,342.36162132473885,1,1,1,,0.0,0.0,0.0,0.0,0,0.0,0.0,0.0,1.0,0.5,1.0,0.0,0.0,0.0,0,0.0,inf,inf,False,False,1,0,1,0,0.0,0.0,0.0,1,1,0,18.50301654662663,18.50301654662663,342.36162132473885,1,0.0,0.0,0.0549312559663093,0.0531007722515213,False,False,True,True,False,sign_inconsistent_positive_harmless,0.0
hexc_00959,960,1197767,1197766,1,1197767,False,2,2.0,0,1,1,1.0,1.0,True,True,1,1,0,13.99596954792371,13.99596954792371,195.88716358640784,1,1,1,,0.0,0.0,0.0,0.0,0,0.0,0.0,0.0,1.0,0.5,1.0,0.0,0.0,0.0,0,0.0,inf,inf,False,False,1,0,1,0,0.0,0.0,0.0,1,1,0,13.99596954792371,13.99596954792371,195.88716358640784,1,0.0,0.0,0.0705694820952203,0.0697984453529163,False,False,True,True,False,sign_inconsistent_positive_harmless,0.0
hexc_00960,961,604811017,604811016,1,604811017,True,2,2.0,0,1,1,1.0,1.0,True,True,1,1,0,20.22042659860284,20.22042659860284,408.8656518294853,1,1,1,,0.0,0.0,0.0,0.0,0,0.0,0.0,0.0,1.0,0.5,1.0,0.0,0.0,0.0,0,0.0,inf,inf,False,False,1,0,1,0,0.0,0.0,0.0,1,1,0,20.22042659860284,20.22042659860284,408.8656518294853,1,0.0,0.0,0.0501190700615863,0.0486640940479382,False,False,False,True,False,sign_inconsistent_positive_harmless,0.0
hexc_00961,962,109773067,109773066,1,109773067,False,2,2.0,0,1,1,1.0,1.0,True,True,1,1,0,18.51392576551186,18.51392576551186,342.76544725088394,1,1,1,,0.0,0.0,0.0,0.0,0,0.0,0.0,0.0,1.0,0.5,1.0,0.0,0.0,0.0,0,0.0,inf,inf,False,False,1,0,1,0,0.0,0.0,0.0,1,1,0,18.51392576551186,18.51392576551186,342.76544725088394,1,0.0,0.0,0.05489917504497,0.0530700391372822,False,False,True,True,False,sign_inconsistent_positive_harmless,0.0
hexc_00962,963,179667317,179667316,1,179667317,False,2,2.0,0,1,1,1.0,1.0,True,True,1,1,0,19.00661745986466,19.00661745986466,361.25150726563214,1,1,1,,0.0,0.0,0.0,0.0,0,0.0,0.0,0.0,1.0,0.5,1.0,0.0,0.0,0.0,0,0.0,inf,inf,False,False,1,0,1,0,0.0,0.0,0.0,1,1,0,19.00661745986466,19.00661745986466,361.25150726563214,1,0.0,0.0,0.0531647891908394,0.0517181714653075,False,False,True,True,False,sign_inconsistent_positive_harmless,0.0
hexc_00963,964,1198187,1198186,1,1198187,False,2,2.0,0,1,1,1.0,1.0,True,True,1,1,0,13.996320138965359,13.996320138965359,195.89697743240728,1,1,1,,0.0,0.0,0.0,0.0,0,0.0,0.0,0.0,1.0,0.5,1.0,0.0,0.0,0.0,0,0.0,inf,inf,False,False,1,0,1,0,0.0,0.0,0.0,1,1,0,13.99632013896536,13.99632013896536,195.89697743240728,1,0.0,0.0,0.0725736917080832,0.0697967383324383,False,False,True,True,False,sign_inconsistent_positive_harmless,0.0
hexc_00964,965,12772481,12772480,1,12772481,False,2,2.0,0,1,1,1.0,1.0,True,True,1,1,0,16.36280349261503,16.36280349261503,267.7413381379346,1,1,1,,0.0,0.0,0.0,0.0,0,0.0,0.0,0.0,1.0,0.5,1.0,0.0,0.0,0.0,0,0.0,inf,inf,False,False,1,0,1,0,0.0,0.0,0.0,1,1,0,16.36280349261503,16.36280349261503,267.7413381379346,1,0.0,8.492288752441135e-16,0.0615028587662349,0.0599065259745284,False,False,True,True,False,sign_inconsistent_positive_harmless,0.0
hexc_00965,966,179394643,179394642,1,179394643,False,2,2.0,0,1,1,1.0,1.0,True,True,1,1,0,19.00509864649653,19.00509864649653,361.19377456306427,1,1,1,,0.0,0.0,0.0,0.0,0,0.0,0.0,0.0,1.0,0.5,1.0,0.0,0.0,0.0,0,0.0,inf,inf,False,False,1,0,1,0,0.0,0.0,0.0,1,1,0,19.00509864649653,19.00509864649653,361.19377456306427,1,0.0,0.0,0.0535599774174267,0.0517222330426254,False,False,True,True,False,sign_inconsistent_positive_harmless,0.0
hexc_00966,967,12772691,12772690,1,12772691,False,2,2.0,0,1,1,1.0,1.0,True,True,1,1,0,16.362819934078022,16.362819934078022,267.7418761950611,1,1,1,,0.0,0.0,0.0,0.0,0,0.0,0.0,0.0,1.0,0.5,1.0,0.0,0.0,0.0,0,0.0,inf,inf,False,False,1,0,1,0,0.0,0.0,0.0,1,1,0,16.362819934078022,16.362819934078022,267.7418761950611,1,0.0,0.0,0.0621562171320395,0.0599064669935783,False,False,True,True,False,sign_inconsistent_positive_harmless,0.0
hexc_00967,968,7055803,7055802,1,7055803,False,2,2.0,0,1,1,1.0,1.0,True,True,1,1,0,15.769360956777874,15.769360956777874,248.6727449851504,1,1,1,,0.0,0.0,0.0,0.0,0,0.0,0.0,0.0,1.0,0.5,1.0,0.0,0.0,0.0,0,0.0,inf,inf,False,False,1,0,1,0,0.0,0.0,0.0,1,1,0,15.769360956777874,15.769360956777874,248.6727449851504,1,0.0,9.143489989496429e-16,0.0640608430714085,0.0621138070145171,False,False,True,True,False,sign_inconsistent_positive_harmless,0.0
hexc_00968,969,30848669,30848668,1,30848669,False,2,2.0,0,1,1,1.0,1.0,True,True,1,1,0,17.24460416313858,17.24460416313858,297.3763727433364,1,1,1,,0.0,0.0,0.0,0.0,0,0.0,0.0,0.0,1.0,0.5,1.0,0.0,0.0,0.0,0,0.0,inf,inf,False,False,1,0,1,0,0.0,0.0,0.0,1,1,0,17.24460416313858,17.24460416313858,297.3763727433364,1,0.0,0.0,0.0582469097724379,0.0569018107996866,False,False,True,True,False,sign_inconsistent_positive_harmless,0.0
hexc_00969,970,33478231,33478230,1,33478231,False,2,2.0,0,1,1,1.0,1.0,True,True,1,1,0,17.326405964674663,17.326405964674663,300.20434365271376,1,1,1,,0.0,0.0,0.0,0.0,0,0.0,0.0,0.0,1.0,0.5,1.0,0.0,0.0,0.0,0,0.0,inf,inf,False,False,1,0,1,0,0.0,0.0,0.0,1,1,0,17.326405964674663,17.326405964674663,300.20434365271376,1,0.0,0.0,0.0580317043722804,0.0566382740928767,False,False,True,True,False,sign_inconsistent_positive_harmless,0.0
hexc_00970,971,39651991,39651990,1,39651991,False,2,2.0,0,1,1,1.0,1.0,True,True,1,1,0,17.495651719160218,17.495651719160218,306.0978290781539,1,1,1,,0.0,0.0,0.0,0.0,0,0.0,0.0,0.0,1.0,0.5,1.0,0.0,0.0,0.0,0,0.0,inf,inf,False,False,1,0,1,0,0.0,0.0,0.0,1,1,0,17.495651719160218,17.495651719160218,306.0978290781539,1,0.0,0.0,0.0576970160239945,0.0561006973028075,False,False,True,True,False,sign_inconsistent_positive_harmless,0.0
hexc_00971,972,1186033,1186032,1,1186033,False,2,2.0,0,1,1,1.0,1.0,True,True,1,1,0,13.986124682773283,13.986124682773283,195.61168364208007,1,1,1,,0.0,0.0,0.0,0.0,0,0.0,0.0,0.0,1.0,0.5,1.0,0.0,0.0,0.0,0,0.0,inf,inf,False,False,1,0,1,0,0.0,0.0,0.0,1,1,0,13.986124682773283,13.986124682773283,195.61168364208007,1,0.0,0.0,0.0726904701419275,0.0698464138919876,False,False,True,True,False,sign_inconsistent_positive_harmless,0.0
hexc_00972,973,179471339,179471338,1,179471339,False,2,2.0,0,1,1,1.0,1.0,True,True,1,1,0,19.005526081834596,19.005526081834596,361.2100216472951,1,1,1,,0.0,0.0,0.0,0.0,0,0.0,0.0,0.0,1.0,0.5,1.0,0.0,0.0,0.0,0,0.0,inf,inf,False,False,1,0,1,0,0.0,0.0,0.0,1,1,0,19.0055260818346,19.0055260818346,361.2100216472951,1,0.0,2.517911041407948e-15,0.0533847122027223,0.0517210899399584,False,False,True,True,False,sign_inconsistent_positive_harmless,0.0
hexc_00973,974,30364123,30364122,1,30364123,False,2,2.0,0,1,1,1.0,1.0,True,True,1,1,0,17.22877230496028,17.22877230496028,296.8305951361664,1,1,1,,0.0,0.0,0.0,0.0,0,0.0,0.0,0.0,1.0,0.5,1.0,0.0,0.0,0.0,0,0.0,inf,inf,False,False,1,0,1,0,0.0,0.0,0.0,1,1,0,17.22877230496028,17.22877230496028,296.8305951361664,1,0.0,0.0,0.0580150846827492,0.056953098895366,False,False,True,True,False,sign_inconsistent_positive_harmless,0.0
hexc_00974,975,17642869,17642868,1,17642869,False,2,2.0,0,1,1,1.0,1.0,True,True,1,1,0,16.685842237041545,16.685842237041545,278.4173311594396,1,1,1,,0.0,0.0,0.0,0.0,0,0.0,0.0,0.0,1.0,0.5,1.0,0.0,0.0,0.0,0,0.0,inf,inf,False,False,1,0,1,0,0.0,0.0,0.0,1,1,0,16.685842237041545,16.685842237041545,278.4173311594396,1,0.0,1.6333298972183836e-15,0.0601273708835792,0.0587696610117686,False,False,True,True,False,sign_inconsistent_positive_harmless,0.0
hexc_00975,976,604830077,604830076,1,604830077,True,2,2.0,0,1,1,1.0,1.0,True,True,1,1,0,20.220458112082497,20.220458112082497,408.8669262624829,1,1,1,,0.0,0.0,0.0,0.0,0,0.0,0.0,0.0,1.0,0.5,1.0,0.0,0.0,0.0,0,0.0,inf,inf,False,False,1,0,1,0,0.0,0.0,0.0,1,1,0,20.220458112082497,20.220458112082497,408.8669262624829,1,0.0,0.0,0.0493076414475111,0.0486640194377288,False,False,False,True,False,sign_inconsistent_positive_harmless,0.0
hexc_00976,977,7108573,7108572,1,7108573,False,2,2.0,0,1,1,1.0,1.0,True,True,1,1,0,15.776812078400953,15.776812078400953,248.9077993571782,1,1,1,,0.0,0.0,0.0,0.0,0,0.0,0.0,0.0,1.0,0.5,1.0,0.0,0.0,0.0,0,0.0,inf,inf,False,False,1,0,1,0,0.0,0.0,0.0,1,1,0,15.776812078400951,15.776812078400951,248.9077993571782,1,0.0,0.0,0.0629207767537194,0.062085085534928,False,False,True,True,False,sign_inconsistent_positive_harmless,0.0
hexc_00977,978,604872287,604872286,1,604872287,True,2,2.0,0,1,1,1.0,1.0,True,True,1,1,0,20.22052789784348,20.22052789784348,408.8697484674664,1,1,1,,0.0,0.0,0.0,0.0,0,0.0,0.0,0.0,1.0,0.5,1.0,0.0,0.0,0.0,0,0.0,inf,inf,False,False,1,0,1,0,0.0,0.0,0.0,1,1,0,20.22052789784348,20.22052789784348,408.8697484674664,1,0.0,0.0,0.0506320408823422,0.0486638542162197,False,False,False,True,False,sign_inconsistent_positive_harmless,0.0
hexc_00978,979,1516871,1516870,1,1516871,False,2,2.0,0,1,1,1.0,1.0,True,True,1,1,0,14.232160218459114,14.232160218459114,202.55438448389017,1,1,1,,0.0,0.0,0.0,0.0,0,0.0,0.0,0.0,1.0,0.5,1.0,0.0,0.0,0.0,0,0.0,inf,inf,False,False,1,0,1,0,0.0,0.0,0.0,1,1,0,14.232160218459114,14.232160218459114,202.55438448389015,1,0.0,0.0,0.0706981135254867,0.0686670406513233,False,False,True,True,False,sign_inconsistent_positive_harmless,0.0
hexc_00979,980,30399133,30399132,1,30399133,False,2,2.0,0,1,1,1.0,1.0,True,True,1,1,0,17.229924646232913,17.229924646232913,296.8703033148644,1,1,1,,0.0,0.0,0.0,0.0,0,0.0,0.0,0.0,1.0,0.5,1.0,0.0,0.0,0.0,0,0.0,inf,inf,False,False,1,0,1,0,0.0,0.0,0.0,1,1,0,17.229924646232913,17.229924646232913,296.8703033148644,1,0.0,0.0,0.0593702946236736,0.0569493627097548,False,False,True,True,False,sign_inconsistent_positive_harmless,0.0
hexc_00980,981,179471009,179471008,1,179471009,False,2,2.0,0,1,1,1.0,1.0,True,True,1,1,0,19.0055242430992,19.0055242430992,361.2099517550314,1,1,1,,0.0,0.0,0.0,0.0,0,0.0,0.0,0.0,1.0,0.5,1.0,0.0,0.0,0.0,0,0.0,inf,inf,False,False,1,0,1,0,0.0,0.0,0.0,1,1,0,19.0055242430992,19.0055242430992,361.2099517550314,1,0.0,0.0,0.0531997381477983,0.0517210948572358,False,False,True,True,False,sign_inconsistent_positive_harmless,0.0
hexc_00981,982,33489431,33489430,1,33489431,False,2,2.0,0,1,1,1.0,1.0,True,True,1,1,0,17.32674045447974,17.32674045447974,300.2159347769048,1,1,1,,0.0,0.0,0.0,0.0,0,0.0,0.0,0.0,1.0,0.5,1.0,0.0,0.0,0.0,0,0.0,inf,inf,False,False,1,0,1,0,0.0,0.0,0.0,1,1,0,17.32674045447974,17.32674045447974,300.2159347769048,1,0.0,0.0,0.0589451733440807,0.0566372014933686,False,False,True,True,False,sign_inconsistent_positive_harmless,0.0
hexc_00982,983,109559207,109559206,1,109559207,False,2,2.0,0,1,1,1.0,1.0,True,True,1,1,0,18.511975664289874,18.511975664289874,342.6932429952605,1,1,1,,0.0,0.0,0.0,0.0,0,0.0,0.0,0.0,1.0,0.5,1.0,0.0,0.0,0.0,0,0.0,inf,inf,False,False,1,0,1,0,0.0,0.0,0.0,1,1,0,18.511975664289874,18.511975664289874,342.6932429952605,1,0.0,0.0,0.05444012530015,0.0530755302915063,False,False,True,True,False,sign_inconsistent_positive_harmless,0.0
hexc_00983,984,108834899,108834898,1,108834899,False,2,2.0,0,1,1,1.0,1.0,True,True,1,1,0,18.505342603820353,18.505342603820353,342.4477048847686,1,1,1,,0.0,0.0,0.0,0.0,0,0.0,0.0,0.0,1.0,0.5,1.0,0.0,0.0,0.0,0,0.0,inf,inf,False,False,1,0,1,0,0.0,0.0,0.0,1,1,0,18.505342603820356,18.505342603820356,342.4477048847686,1,0.0,0.0,0.0545411270878509,0.0530942163707537,False,False,True,True,False,sign_inconsistent_positive_harmless,0.0
hexc_00984,985,17591831,17591830,1,17591831,False,2,2.0,0,1,1,1.0,1.0,True,True,1,1,0,16.682945204531208,16.682945204531208,278.32066069739085,1,1,1,,0.0,0.0,0.0,0.0,0,0.0,0.0,0.0,1.0,0.5,1.0,0.0,0.0,0.0,0,0.0,inf,inf,False,False,1,0,1,0,0.0,0.0,0.0,1,1,0,16.682945204531208,16.682945204531208,278.32066069739085,1,0.0,0.0,0.059811529361056,0.0587796647885895,False,False,True,True,False,sign_inconsistent_positive_harmless,0.0
hexc_00985,986,108830363,108830362,1,108830363,False,2,2.0,0,1,1,1.0,1.0,True,True,1,1,0,18.50530092514403,18.50530092514403,342.44616233013653,1,1,1,,0.0,0.0,0.0,0.0,0,0.0,0.0,0.0,1.0,0.5,1.0,0.0,0.0,0.0,0,0.0,inf,inf,False,False,1,0,1,0,0.0,0.0,0.0,1,1,0,18.50530092514403,18.50530092514403,342.44616233013653,1,0.0,0.0,0.0544065484650341,0.0530943338258685,False,False,True,True,False,sign_inconsistent_positive_harmless,0.0
hexc_00986,987,604692163,604692162,1,604692163,True,2,2.0,0,1,1,1.0,1.0,True,True,1,1,0,20.220230065013933,20.220230065013933,408.85770388209335,1,1,1,,0.0,0.0,0.0,0.0,0,0.0,0.0,0.0,1.0,0.5,1.0,0.0,0.0,0.0,0,0.0,inf,inf,False,False,1,0,1,0,0.0,0.0,0.0,1,1,0,20.220230065013933,20.220230065013933,408.85770388209335,1,0.0,4.4489547005586506e-15,0.0497842615972893,0.0486645593591472,False,False,False,True,False,sign_inconsistent_positive_harmless,0.0
hexc_00987,988,112219399,112219398,1,112219399,False,2,2.0,0,1,1,1.0,1.0,True,True,1,1,0,18.535966432721164,18.535966432721164,343.5820515949658,1,1,1,,0.0,0.0,0.0,0.0,0,0.0,0.0,0.0,1.0,0.5,1.0,0.0,0.0,0.0,0,0.0,inf,inf,False,False,1,0,1,0,0.0,0.0,0.0,1,1,0,18.535966432721164,18.535966432721164,343.5820515949658,1,0.0,0.0,0.0547956749890023,0.0530080552321496,False,False,True,True,False,sign_inconsistent_positive_harmless,0.0
hexc_00988,989,187492559,187492558,1,187492559,False,2,2.0,0,1,1,1.0,1.0,True,True,1,1,0,19.04924971725392,19.04924971725392,362.8739147902986,1,1,1,,0.0,0.0,0.0,0.0,0,0.0,0.0,0.0,1.0,0.5,1.0,0.0,0.0,0.0,0,0.0,inf,inf,False,False,1,0,1,0,0.0,0.0,0.0,1,1,0,19.04924971725392,19.04924971725392,362.8739147902986,1,0.0,0.0,0.0534997227519696,0.051604424812612,False,False,True,True,False,sign_inconsistent_positive_harmless,0.0
hexc_00989,990,109527281,109527280,1,109527281,False,2,2.0,0,1,1,1.0,1.0,True,True,1,1,0,18.51168421774274,18.51168421774274,342.68245257742564,1,1,1,,0.0,0.0,0.0,0.0,0,0.0,0.0,0.0,1.0,0.5,1.0,0.0,0.0,0.0,0,0.0,inf,inf,False,False,1,0,1,0,0.0,0.0,0.0,1,1,0,18.51168421774274,18.51168421774274,342.68245257742564,1,0.0,0.0,0.0546979058091081,0.0530763510531175,False,False,True,True,False,sign_inconsistent_positive_harmless,0.0
hexc_00990,991,39651919,39651918,1,39651919,False,2,2.0,0,1,1,1.0,1.0,True,True,1,1,0,17.49564990336072,17.49564990336072,306.097765540966,1,1,1,,0.0,0.0,0.0,0.0,0,0.0,0.0,0.0,1.0,0.5,1.0,0.0,0.0,0.0,0,0.0,inf,inf,False,False,1,0,1,0,0.0,0.0,0.0,1,1,0,17.49564990336072,17.49564990336072,306.097765540966,1,0.0,0.0,0.0575033334265888,0.0561007030156267,False,False,True,True,False,sign_inconsistent_positive_harmless,0.0
hexc_00991,992,109769281,109769280,1,109769281,False,2,2.0,0,1,1,1.0,1.0,True,True,1,1,0,18.513891275582832,18.513891275582832,342.7641701641021,1,1,1,,0.0,0.0,0.0,0.0,0,0.0,0.0,0.0,1.0,0.5,1.0,0.0,0.0,0.0,0,0.0,inf,inf,False,False,1,0,1,0,0.0,0.0,0.0,1,1,0,18.513891275582832,18.513891275582832,342.7641701641021,1,0.0,0.0,0.0545327978215142,0.0530701362452047,False,False,True,True,False,sign_inconsistent_positive_harmless,0.0
hexc_00992,993,179434019,179434018,1,179434019,False,2,2.0,0,1,1,1.0,1.0,True,True,1,1,0,19.00531811614502,19.00531811614502,361.2021166958701,1,1,1,,0.0,0.0,0.0,0.0,0,0.0,0.0,0.0,1.0,0.5,1.0,0.0,0.0,0.0,0,0.0,inf,inf,False,False,1,0,1,0,0.0,0.0,0.0,1,1,0,19.00531811614502,19.00531811614502,361.2021166958701,1,0.0,0.0,0.0530179853254557,0.051721646102297,False,False,True,True,False,sign_inconsistent_positive_harmless,0.0
hexc_00993,994,30402601,30402600,1,30402601,False,2,2.0,0,1,1,1.0,1.0,True,True,1,1,0,17.230038721926995,17.230038721926995,296.87423435910364,1,1,1,,0.0,0.0,0.0,0.0,0,0.0,0.0,0.0,1.0,0.5,1.0,0.0,0.0,0.0,0,0.0,inf,inf,False,False,1,0,1,0,0.0,0.0,0.0,1,1,0,17.230038721926995,17.230038721926995,296.87423435910364,1,0.0,1.5317845008280332e-15,0.0583838509096424,0.0569489928737855,False,False,True,True,False,sign_inconsistent_positive_harmless,0.0
hexc_00994,995,40835357,40835356,1,40835357,False,2,2.0,0,1,1,1.0,1.0,True,True,1,1,0,17.525058857236605,17.525058857236605,307.12768794960715,1,1,1,,0.0,0.0,0.0,0.0,0,0.0,0.0,0.0,1.0,0.5,1.0,0.0,0.0,0.0,0,0.0,inf,inf,False,False,1,0,1,0,0.0,0.0,0.0,1,1,0,17.525058857236605,17.525058857236605,307.12768794960715,1,0.0,0.0,0.0577954298990485,0.0560083296529722,False,False,True,True,False,sign_inconsistent_positive_harmless,0.0
hexc_00995,996,40844953,40844952,1,40844953,False,2,2.0,0,1,1,1.0,1.0,True,True,1,1,0,17.525293822065805,17.525293822065805,307.13592354973787,1,1,1,,0.0,0.0,0.0,0.0,0,0.0,0.0,0.0,1.0,0.5,1.0,0.0,0.0,0.0,0,0.0,inf,inf,False,False,1,0,1,0,0.0,0.0,0.0,1,1,0,17.525293822065805,17.525293822065805,307.13592354973787,1,0.0,1.4806061942566022e-15,0.0576823253845206,0.0560075928541781,False,False,True,True,False,sign_inconsistent_positive_harmless,0.0
hexc_00996,997,31027889,31027888,1,31027889,False,2,2.0,0,1,1,1.0,1.0,True,True,1,1,0,17.25039700317255,17.25039700317255,297.5761967670646,1,1,1,,0.0,0.0,0.0,0.0,0,0.0,0.0,0.0,1.0,0.5,1.0,0.0,0.0,0.0,0,0.0,inf,inf,False,False,1,0,1,0,0.0,0.0,0.0,1,1,0,17.25039700317255,17.25039700317255,297.5761967670646,1,0.0,1.5281711233188096e-15,0.0582113431712301,0.0568830676716483,False,False,True,True,False,sign_inconsistent_positive_harmless,0.0
hexc_00997,998,40861603,40861602,1,40861603,False,2,2.0,0,1,1,1.0,1.0,True,True,1,1,0,17.525701378106486,17.525701378106486,307.1502087945636,1,1,1,,0.0,0.0,0.0,0.0,0,0.0,0.0,0.0,1.0,0.5,1.0,0.0,0.0,0.0,0,0.0,inf,inf,False,False,1,0,1,0,0.0,0.0,0.0,1,1,0,17.525701378106486,17.525701378106486,307.1502087945636,1,0.0,0.0,0.0582342885153666,0.0560063148926992,False,False,True,True,False,sign_inconsistent_positive_harmless,0.0
hexc_00998,999,3260947,3260946,1,3260947,False,2,2.0,0,1,1,1.0,1.0,True,True,1,1,0,14.997528201956154,14.997528201956154,224.9258521684702,1,1,1,,0.0,0.0,0.0,0.0,0,0.0,0.0,0.0,1.0,0.5,1.0,0.0,0.0,0.0,0,0.0,inf,inf,False,False,1,0,1,0,0.0,0.0,0.0,1,1,0,14.997528201956154,14.997528201956154,224.9258521684702,1,0.0,0.0,0.0679057846689434,0.0652400690960375,False,False,True,True,False,sign_inconsistent_positive_harmless,0.0
hexc_00999,1000,30784337,30784336,1,30784337,False,2,2.0,0,1,1,1.0,1.0,True,True,1,1,0,17.242516579632973,17.242516579632973,297.30437799891797,1,1,1,,0.0,0.0,0.0,0.0,0,0.0,0.0,0.0,1.0,0.5,1.0,0.0,0.0,0.0,0,0.0,inf,inf,False,False,1,0,1,0,0.0,0.0,0.0,1,1,0,17.242516579632973,17.242516579632973,297.304377998918,1,0.0,0.0,0.0582834135511458,0.0569085683450456,False,False,True,True,False,sign_inconsistent_positive_harmless,0.0
hexc_01000,1001,179650267,179650266,1,179650267,False,2,2.0,0,1,1,1.0,1.0,True,True,1,1,0,19.00652255774591,19.00652255774591,361.24789973810414,1,1,1,,0.0,0.0,0.0,0.0,0,0.0,0.0,0.0,1.0,0.5,1.0,0.0,0.0,0.0,0,0.0,inf,inf,False,False,1,0,1,0,0.0,0.0,0.0,1,1,0,19.00652255774591,19.00652255774591,361.24789973810414,1,0.0,0.0,0.0525808654579029,0.0517184252317892,False,False,True,True,False,sign_inconsistent_positive_harmless,0.0
hexc_01001,1002,12847993,12847992,1,12847993,False,2,2.0,0,1,1,1.0,1.0,True,True,1,1,0,16.36869817033665,16.36869817033665,267.9342797915824,1,1,1,,0.0,0.0,0.0,0.0,0,0.0,0.0,0.0,1.0,0.5,1.0,0.0,0.0,0.0,0,0.0,inf,inf,False,False,1,0,1,0,0.0,0.0,0.0,1,1,0,16.36869817033665,16.36869817033665,267.9342797915824,1,0.0,8.486173386253481e-16,0.0623766146835073,0.0598853872592107,False,False,True,True,False,sign_inconsistent_positive_harmless,0.0
hexc_01002,1003,108811211,108811210,1,108811211,False,2,2.0,0,1,1,1.0,1.0,True,True,1,1,0,18.505124929357038,18.505124929357038,342.4396486511113,1,1,1,,0.0,0.0,0.0,0.0,0,0.0,0.0,0.0,1.0,0.5,1.0,0.0,0.0,0.0,0,0.0,inf,inf,False,False,1,0,1,0,0.0,0.0,0.0,1,1,0,18.50512492935704,18.50512492935704,342.4396486511113,1,0.0,0.0,0.0539684199046391,0.0530948298071677,False,False,True,True,False,sign_inconsistent_positive_harmless,0.0
hexc_01003,1004,178899659,178899658,1,178899659,False,2,2.0,0,1,1,1.0,1.0,True,True,1,1,0,19.00233564238434,19.00233564238434,361.08875986583035,1,1,1,,0.0,0.0,0.0,0.0,0,0.0,0.0,0.0,1.0,0.5,1.0,0.0,0.0,0.0,0,0.0,inf,inf,False,False,1,0,1,0,0.0,0.0,0.0,1,1,0,19.00233564238434,19.00233564238434,361.0887598658304,1,0.0,0.0,0.0536210536138784,0.0517296234430687,False,False,True,True,False,sign_inconsistent_positive_harmless,0.0
hexc_01004,1005,3459227,3459226,1,3459227,False,2,2.0,0,1,1,1.0,1.0,True,True,1,1,0,15.05655571166946,15.05655571166946,226.69986989860627,1,1,1,,0.0,0.0,0.0,0.0,0,0.0,0.0,0.0,1.0,0.5,1.0,0.0,0.0,0.0,0,0.0,inf,inf,False,False,1,0,1,0,0.0,0.0,0.0,1,1,0,15.05655571166946,15.05655571166946,226.69986989860627,1,0.0,0.0,0.0670937609135922,0.0649899166385012,False,False,True,True,False,sign_inconsistent_positive_harmless,0.0
hexc_01005,1006,33827929,33827928,1,33827929,False,2,2.0,0,1,1,1.0,1.0,True,True,1,1,0,17.336797321029024,17.336797321029024,300.5645413504392,1,1,1,,0.0,0.0,0.0,0.0,0,0.0,0.0,0.0,1.0,0.5,1.0,0.0,0.0,0.0,0,0.0,inf,inf,False,False,1,0,1,0,0.0,0.0,0.0,1,1,0,17.336797321029024,17.336797321029024,300.5645413504392,1,0.0,0.0,0.0585224770074963,0.0566049713635142,False,False,True,True,False,sign_inconsistent_positive_harmless,0.0
hexc_01006,1007,39651163,39651162,1,39651163,False,2,2.0,0,1,1,1.0,1.0,True,True,1,1,0,17.495630837266923,17.495630837266923,306.0970983939253,1,1,1,,0.0,0.0,0.0,0.0,0,0.0,0.0,0.0,1.0,0.5,1.0,0.0,0.0,0.0,0,0.0,inf,inf,False,False,1,0,1,0,0.0,0.0,0.0,1,1,0,17.495630837266923,17.495630837266923,306.0970983939253,1,0.0,0.0,0.0572648554389082,0.0561007630009194,False,False,True,True,False,sign_inconsistent_positive_harmless,0.0
hexc_01007,1008,39640807,39640806,1,39640807,False,2,2.0,0,1,1,1.0,1.0,True,True,1,1,0,17.49536962544285,17.49536962544285,306.08795833086833,1,1,1,,0.0,0.0,0.0,0.0,0,0.0,0.0,0.0,1.0,0.5,1.0,0.0,0.0,0.0,0,0.0,inf,inf,False,False,1,0,1,0,0.0,0.0,0.0,1,1,0,17.49536962544285,17.49536962544285,306.08795833086833,1,0.0,0.0,0.0581475215926058,0.0561015848322929,False,False,True,True,False,sign_inconsistent_positive_harmless,0.0
hexc_01008,1009,604365197,604365196,1,604365197,True,2,2.0,0,1,1,1.0,1.0,True,True,1,1,0,20.219689203978238,20.219689203978238,408.8358315054741,1,1,1,,0.0,0.0,0.0,0.0,0,0.0,0.0,0.0,1.0,0.5,1.0,0.0,0.0,0.0,0,0.0,inf,inf,False,False,1,0,1,0,0.0,0.0,0.0,1,1,0,20.21968920397824,20.21968920397824,408.8358315054741,1,0.0,4.449192715931263e-15,0.0494720464864998,0.0486658399429225,False,False,False,True,False,sign_inconsistent_positive_harmless,0.0
hexc_01009,1010,33496499,33496498,1,33496499,False,2,2.0,0,1,1,1.0,1.0,True,True,1,1,0,17.326951483871323,17.326951483871323,300.2232477244306,1,1,1,,0.0,0.0,0.0,0.0,0,0.0,0.0,0.0,1.0,0.5,1.0,0.0,0.0,0.0,0,0.0,inf,inf,False,False,1,0,1,0,0.0,0.0,0.0,1,1,0,17.326951483871323,17.326951483871323,300.2232477244306,1,0.0,1.5146973271832312e-15,0.0583219062948139,0.0566365248119579,False,False,True,True,False,sign_inconsistent_positive_harmless,0.0
hexc_01010,1011,180643147,180643146,1,180643147,False,2,2.0,0,1,1,1.0,1.0,True,True,1,1,0,19.012034079604486,19.012034079604486,361.4574398440424,1,1,1,,0.0,0.0,0.0,0.0,0,0.0,0.0,0.0,1.0,0.5,1.0,0.0,0.0,0.0,0,0.0,inf,inf,False,False,1,0,1,0,0.0,0.0,0.0,1,1,0,19.012034079604486,19.012034079604486,361.4574398440424,1,0.0,2.51618752726558e-15,0.0534756590852837,0.0517036916508565,False,False,True,True,False,sign_inconsistent_positive_harmless,0.0
hexc_01011,1012,109719781,109719780,1,109719781,False,2,2.0,0,1,1,1.0,1.0,True,True,1,1,0,18.513440228041894,18.513440228041894,342.7474690772799,1,1,1,,0.0,0.0,0.0,0.0,0,0.0,0.0,0.0,1.0,0.5,1.0,0.0,0.0,0.0,0,0.0,inf,inf,False,False,1,0,1,0,0.0,0.0,0.0,1,1,0,18.51344022804189,18.51344022804189,342.7474690772799,1,0.0,0.0,0.0542528835115265,0.0530714062222299,False,False,True,True,False,sign_inconsistent_positive_harmless,0.0
hexc_01012,1013,12842437,12842436,1,12842437,False,2,2.0,0,1,1,1.0,1.0,True,True,1,1,0,16.368265635724608,16.368265635724608,267.9201199216431,1,1,1,,0.0,0.0,0.0,0.0,0,0.0,0.0,0.0,1.0,0.5,1.0,0.0,0.0,0.0,0,0.0,inf,inf,False,False,1,0,1,0,0.0,0.0,0.0,1,1,0,16.368265635724608,16.368265635724608,267.9201199216431,1,0.0,8.486621889753206e-16,0.0613526555481265,0.059886937850793,False,False,True,True,False,sign_inconsistent_positive_harmless,0.0
hexc_01013,1014,604691863,604691862,1,604691863,True,2,2.0,0,1,1,1.0,1.0,True,True,1,1,0,20.220229568893604,20.220229568893604,408.8576838187592,1,1,1,,0.0,0.0,0.0,0.0,0,0.0,0.0,0.0,1.0,0.5,1.0,0.0,0.0,0.0,0,0.0,inf,inf,False,False,1,0,1,0,0.0,0.0,0.0,1,1,0,20.220229568893604,20.220229568893604,408.8576838187592,1,0.0,4.448954918876341e-15,0.0502046222580501,0.0486645605337643,False,False,False,True,False,sign_inconsistent_positive_harmless,0.0
hexc_01014,1015,109511377,109511376,1,109511377,False,2,2.0,0,1,1,1.0,1.0,True,True,1,1,0,18.511539001367026,18.511539001367026,342.6770761991325,1,1,1,,0.0,0.0,0.0,0.0,0,0.0,0.0,0.0,1.0,0.5,1.0,0.0,0.0,0.0,0,0.0,inf,inf,False,False,1,0,1,0,0.0,0.0,0.0,1,1,0,18.511539001367023,18.511539001367023,342.6770761991325,1,0.0,0.0,0.0545448919648038,0.0530767600158883,False,False,True,True,False,sign_inconsistent_positive_harmless,0.0
hexc_01015,1016,33865879,33865878,1,33865879,False,2,2.0,0,1,1,1.0,1.0,True,True,1,1,0,17.337918546296063,17.337918546296063,300.603419517997,1,1,1,,0.0,0.0,0.0,0.0,0,0.0,0.0,0.0,1.0,0.5,1.0,0.0,0.0,0.0,0,0.0,inf,inf,False,False,1,0,1,0,0.0,0.0,0.0,1,1,0,17.337918546296063,17.337918546296063,300.603419517997,1,0.0,0.0,0.0571409787010661,0.0566013803454998,False,False,True,True,False,sign_inconsistent_positive_harmless,0.0
hexc_01016,1017,39641611,39641610,1,39641611,False,2,2.0,0,1,1,1.0,1.0,True,True,1,1,0,17.49538990736715,17.49538990736715,306.0886680108044,1,1,1,,0.0,0.0,0.0,0.0,0,0.0,0.0,0.0,1.0,0.5,1.0,0.0,0.0,0.0,0,0.0,inf,inf,False,False,1,0,1,0,0.0,0.0,0.0,1,1,0,17.49538990736715,17.49538990736715,306.0886680108044,1,0.0,0.0,0.0579249643167587,0.0561015210199192,False,False,True,True,False,sign_inconsistent_positive_harmless,0.0
hexc_01017,1018,187509191,187509190,1,187509191,False,2,2.0,0,1,1,1.0,1.0,True,True,1,1,0,19.04933842084003,19.04933842084003,362.8772942716921,1,1,1,,0.0,0.0,0.0,0.0,0,0.0,0.0,0.0,1.0,0.5,1.0,0.0,0.0,0.0,0,0.0,inf,inf,False,False,1,0,1,0,0.0,0.0,0.0,1,1,0,19.04933842084003,19.04933842084003,362.8772942716921,1,0.0,0.0,0.0528718226933726,0.0516041886649967,False,False,True,True,False,sign_inconsistent_positive_harmless,0.0
hexc_01018,1019,178014461,178014460,1,178014461,False,2,2.0,0,1,1,1.0,1.0,True,True,1,1,0,18.997375346529473,18.997375346529473,360.9002700569258,1,1,1,,0.0,0.0,0.0,0.0,0,0.0,0.0,0.0,1.0,0.5,1.0,0.0,0.0,0.0,0,0.0,inf,inf,False,False,1,0,1,0,0.0,0.0,0.0,1,1,0,18.997375346529477,18.997375346529477,360.9002700569258,1,0.0,0.0,0.0538922776913126,0.0517428963923587,False,False,True,True,False,sign_inconsistent_positive_harmless,0.0
hexc_01019,1020,40847533,40847532,1,40847533,False,2,2.0,0,1,1,1.0,1.0,True,True,1,1,0,17.52535698576977,17.52535698576977,307.13813747866925,1,1,1,,0.0,0.0,0.0,0.0,0,0.0,0.0,0.0,1.0,0.5,1.0,0.0,0.0,0.0,0,0.0,inf,inf,False,False,1,0,1,0,0.0,0.0,0.0,1,1,0,17.52535698576977,17.52535698576977,307.13813747866925,1,0.0,0.0,0.0569461819823584,0.0560073947897934,False,False,True,True,False,sign_inconsistent_positive_harmless,0.0
hexc_01020,1021,178037983,178037982,1,178037983,False,2,2.0,0,1,1,1.0,1.0,True,True,1,1,0,18.997507473132906,18.997507473132906,360.9052901917406,1,1,1,,0.0,0.0,0.0,0.0,0,0.0,0.0,0.0,1.0,0.5,1.0,0.0,0.0,0.0,0,0.0,inf,inf,False,False,1,0,1,0,0.0,0.0,0.0,1,1,0,18.997507473132902,18.997507473132902,360.9052901917406,1,0.0,0.0,0.0532913830085584,0.0517425427546693,False,False,True,True,False,sign_inconsistent_positive_harmless,0.0
hexc_01021,1022,604871249,604871248,1,604871249,True,2,2.0,0,1,1,1.0,1.0,True,True,1,1,0,20.220526181777274,20.220526181777274,408.8696790679402,1,1,1,,0.0,0.0,0.0,0.0,0,0.0,0.0,0.0,1.0,0.5,1.0,0.0,0.0,0.0,0,0.0,inf,inf,False,False,1,0,1,0,0.0,0.0,0.0,1,1,0,20.220526181777277,20.220526181777277,408.8696790679402,1,0.0,8.897648794561762e-15,0.0498206641871817,0.0486638582790862,False,False,False,True,False,sign_inconsistent_positive_harmless,0.0
hexc_01022,1023,12828757,12828756,1,12828757,False,2,2.0,0,1,1,1.0,1.0,True,True,1,1,0,16.367199849591334,16.367199849591334,267.88523091646255,1,1,1,,0.0,0.0,0.0,0.0,0,0.0,0.0,0.0,1.0,0.5,1.0,0.0,0.0,0.0,0,0.0,inf,inf,False,False,1,0,1,0,0.0,0.0,0.0,1,1,0,16.367199849591334,16.367199849591334,267.88523091646255,1,0.0,0.0,0.0619647852683792,0.0598907589257675,False,False,True,True,False,sign_inconsistent_positive_harmless,0.0
hexc_01023,1024,179667049,179667048,1,179667049,False,2,2.0,0,1,1,1.0,1.0,True,True,1,1,0,19.00661596821774,19.00661596821774,361.2514505633096,1,1,1,,0.0,0.0,0.0,0.0,0,0.0,0.0,0.0,1.0,0.5,1.0,0.0,0.0,0.0,0,0.0,inf,inf,False,False,1,0,1,0,0.0,0.0,0.0,1,1,0,19.00661596821774,19.00661596821774,361.2514505633096,1,0.0,0.0,0.0539139775736893,0.0517181754539244,False,False,True,True,False,sign_inconsistent_positive_harmless,0.0
hexc_01024,1025,178913809,178913808,1,178913809,False,2,2.0,0,1,1,1.0,1.0,True,True,1,1,0,19.002414733873472,19.002414733873472,361.0917657181316,1,1,1,,0.0,0.0,0.0,0.0,0,0.0,0.0,0.0,1.0,0.5,1.0,0.0,0.0,0.0,0,0.0,inf,inf,False,False,1,0,1,0,0.0,0.0,0.0,1,1,0,19.002414733873472,19.002414733873472,361.0917657181316,1,0.0,2.518735645949014e-15,0.0539057463052351,0.051729411862175,False,False,True,True,False,sign_inconsistent_positive_harmless,0.0
hexc_01025,1026,40840901,40840900,1,40840901,False,2,2.0,0,1,1,1.0,1.0,True,True,1,1,0,17.525194612721595,17.525194612721595,307.132446213766,1,1,1,,0.0,0.0,0.0,0.0,0,0.0,0.0,0.0,1.0,0.5,1.0,0.0,0.0,0.0,0,0.0,inf,inf,False,False,1,0,1,0,0.0,0.0,0.0,1,1,0,17.525194612721595,17.525194612721595,307.132446213766,1,0.0,0.0,0.0569264558814041,0.0560079039508217,False,False,True,True,False,sign_inconsistent_positive_harmless,0.0
hexc_01026,1027,179380543,179380542,1,179380543,False,2,2.0,0,1,1,1.0,1.0,True,True,1,1,0,19.00502004574287,19.00502004574287,361.19078693908835,1,1,1,,0.0,0.0,0.0,0.0,0,0.0,0.0,0.0,1.0,0.5,1.0,0.0,0.0,0.0,0,0.0,inf,inf,False,False,1,0,1,0,0.0,0.0,0.0,1,1,0,19.00502004574287,19.00502004574287,361.1907869390884,1,0.0,0.0,0.0535322410820112,0.0517224432523878,False,False,True,True,False,sign_inconsistent_positive_harmless,0.0
hexc_01027,1028,618377,618376,1,618377,False,2,2.0,0,1,1,1.0,1.0,True,True,1,1,0,13.334853582808183,13.334853582808183,177.81832007493225,1,1,1,,0.0,0.0,0.0,0.0,0,0.0,0.0,0.0,1.0,0.5,1.0,0.0,0.0,0.0,0,0.0,inf,inf,False,False,1,0,1,0,0.0,0.0,0.0,1,1,0,13.334853582808185,13.334853582808185,177.81832007493225,1,0.0,0.0,0.0742407126876558,0.0731730201495836,False,False,True,True,False,sign_inconsistent_positive_harmless,0.0
hexc_01028,1029,179439251,179439250,1,179439251,False,2,2.0,0,1,1,1.0,1.0,True,True,1,1,0,19.005347274070324,19.005347274070324,361.2032250080123,1,1,1,,0.0,0.0,0.0,0.0,0,0.0,0.0,0.0,1.0,0.5,1.0,0.0,0.0,0.0,0,0.0,inf,inf,False,False,1,0,1,0,0.0,0.0,0.0,1,1,0,19.005347274070324,19.005347274070324,361.2032250080123,1,0.0,0.0,0.0528225922871366,0.0517215681245821,False,False,True,True,False,sign_inconsistent_positive_harmless,0.0
hexc_01029,1030,31036051,31036050,1,31036051,False,2,2.0,0,1,1,1.0,1.0,True,True,1,1,0,17.250660022247622,17.250660022247622,297.58527120317234,1,1,1,,0.0,0.0,0.0,0.0,0,0.0,0.0,0.0,1.0,0.5,1.0,0.0,0.0,0.0,0,0.0,inf,inf,False,False,1,0,1,0,0.0,0.0,0.0,1,1,0,17.250660022247622,17.250660022247622,297.58527120317234,1,0.0,0.0,0.0583362442918414,0.0568822169484691,False,False,True,True,False,sign_inconsistent_positive_harmless,0.0
hexc_01030,1031,39640529,39640528,1,39640529,False,2,2.0,0,1,1,1.0,1.0,True,True,1,1,0,17.49536261244297,17.49536261244297,306.08771294086733,1,1,1,,0.0,0.0,0.0,0.0,0,0.0,0.0,0.0,1.0,0.5,1.0,0.0,0.0,0.0,0,0.0,inf,inf,False,False,1,0,1,0,0.0,0.0,0.0,1,1,0,17.49536261244297,17.49536261244297,306.08771294086733,1,0.0,0.0,0.0573762923742834,0.0561016068971069,False,False,True,True,False,sign_inconsistent_positive_harmless,0.0
hexc_01031,1032,180641369,180641368,1,180641369,False,2,2.0,0,1,1,1.0,1.0,True,True,1,1,0,19.012024236946296,19.012024236946296,361.4570655862334,1,1,1,,0.0,0.0,0.0,0.0,0,0.0,0.0,0.0,1.0,0.5,1.0,0.0,0.0,0.0,0,0.0,inf,inf,False,False,1,0,1,0,0.0,0.0,0.0,1,1,0,19.012024236946296,19.012024236946296,361.4570655862334,1,0.0,2.516190132562089e-15,0.0526777806841792,0.0517037179550934,False,False,True,True,False,sign_inconsistent_positive_harmless,0.0
hexc_01032,1033,30819869,30819868,1,30819869,False,2,2.0,0,1,1,1.0,1.0,True,True,1,1,0,17.243670137360514,17.243670137360514,297.3441598060988,1,1,1,,0.0,0.0,0.0,0.0,0,0.0,0.0,0.0,1.0,0.5,1.0,0.0,0.0,0.0,0,0.0,inf,inf,False,False,1,0,1,0,0.0,0.0,0.0,1,1,0,17.243670137360514,17.243670137360514,297.3441598060988,1,0.0,0.0,0.0588432889266009,0.0569048340596109,False,False,True,True,False,sign_inconsistent_positive_harmless,0.0
hexc_01033,1034,604866091,604866090,1,604866091,True,2,2.0,0,1,1,1.0,1.0,True,True,1,1,0,20.22051765430634,20.22051765430634,408.8693342081144,1,1,1,,0.0,0.0,0.0,0.0,0,0.0,0.0,0.0,1.0,0.5,1.0,0.0,0.0,0.0,0,0.0,inf,inf,False,False,1,0,1,0,0.0,0.0,0.0,1,1,0,20.22051765430634,20.22051765430634,408.8693342081144,1,0.0,4.4488281496307836e-15,0.0496337461663637,0.0486638784682702,False,False,False,True,False,sign_inconsistent_positive_harmless,0.0
hexc_01034,1035,12772339,12772338,1,12772339,False,2,2.0,0,1,1,1.0,1.0,True,True,1,1,0,16.362792374901147,16.362792374901147,267.74097430412314,1,1,1,,0.0,0.0,0.0,0.0,0,0.0,0.0,0.0,1.0,0.5,1.0,0.0,0.0,0.0,0,0.0,inf,inf,False,False,1,0,1,0,0.0,0.0,0.0,1,1,0,16.362792374901147,16.362792374901147,267.74097430412314,1,0.0,8.492300292631398e-16,0.0617667099828097,0.0599065658575002,False,False,True,True,False,sign_inconsistent_positive_harmless,0.0
hexc_01035,1036,109467517,109467516,1,109467517,False,2,2.0,0,1,1,1.0,1.0,True,True,1,1,0,18.511138414810162,18.511138414810162,342.66224541226046,1,1,1,,0.0,0.0,0.0,0.0,0,0.0,0.0,0.0,1.0,0.5,1.0,0.0,0.0,0.0,0,0.0,inf,inf,False,False,1,0,1,0,0.0,0.0,0.0,1,1,0,18.51113841481016,18.51113841481016,342.66224541226046,1,0.0,0.0,0.0540584124171681,0.053077888192579,False,False,True,True,False,sign_inconsistent_positive_harmless,0.0
hexc_01036,1037,179472079,179472078,1,179472079,False,2,2.0,0,1,1,1.0,1.0,True,True,1,1,0,19.00553020504713,19.00553020504713,361.2101783749588,1,1,1,,0.0,0.0,0.0,0.0,0,0.0,0.0,0.0,1.0,0.5,1.0,0.0,0.0,0.0,0,0.0,inf,inf,False,False,1,0,1,0,0.0,0.0,0.0,1,1,0,19.00553020504713,19.00553020504713,361.2101783749588,1,0.0,0.0,0.052754244206941,0.0517210789133803,False,False,True,True,False,sign_inconsistent_positive_harmless,0.0
hexc_01037,1038,187417903,187417902,1,187417903,False,2,2.0,0,1,1,1.0,1.0,True,True,1,1,0,19.04885145682348,19.04885145682348,362.85874182412607,1,1,1,,0.0,0.0,0.0,0.0,0,0.0,0.0,0.0,1.0,0.5,1.0,0.0,0.0,0.0,0,0.0,inf,inf,False,False,1,0,1,0,0.0,0.0,0.0,1,1,0,19.04885145682348,19.04885145682348,362.85874182412607,1,0.0,0.0,0.0531407114795376,0.0516054850923225,False,False,True,True,False,sign_inconsistent_positive_harmless,0.0
hexc_01038,1039,7055563,7055562,1,7055563,False,2,2.0,0,1,1,1.0,1.0,True,True,1,1,0,15.769326941644254,15.769326941644254,248.6716721924673,1,1,1,,0.0,0.0,0.0,0.0,0,0.0,0.0,0.0,1.0,0.5,1.0,0.0,0.0,0.0,0,0.0,inf,inf,False,False,1,0,1,0,0.0,0.0,0.0,1,1,0,15.769326941644254,15.769326941644254,248.6716721924673,1,0.0,0.0,0.0636332271852552,0.0621139381919194,False,False,True,True,False,sign_inconsistent_positive_harmless,0.0
hexc_01039,1040,30400789,30400788,1,30400789,False,2,2.0,0,1,1,1.0,1.0,True,True,1,1,0,17.22997911998702,17.22997911998702,296.8721804751887,1,1,1,,0.0,0.0,0.0,0.0,0,0.0,0.0,0.0,1.0,0.5,1.0,0.0,0.0,0.0,0,0.0,inf,inf,False,False,1,0,1,0,0.0,0.0,0.0,1,1,0,17.22997911998702,17.22997911998702,296.8721804751887,1,0.0,0.0,0.058155166661356,0.0569491861040166,False,False,True,True,False,sign_inconsistent_positive_harmless,0.0
hexc_01040,1041,33929477,33929476,1,33929477,False,2,2.0,0,1,1,1.0,1.0,True,True,1,1,0,17.339794722553787,17.339794722553787,300.66848102030417,1,1,1,,0.0,0.0,0.0,0.0,0,0.0,0.0,0.0,1.0,0.5,1.0,0.0,0.0,0.0,0,0.0,inf,inf,False,False,1,0,1,0,0.0,0.0,0.0,1,1,0,17.339794722553787,17.339794722553787,300.66848102030417,1,0.0,0.0,0.0581526512748014,0.0565953724175197,False,False,True,True,False,sign_inconsistent_positive_harmless,0.0
hexc_01041,1042,40836821,40836820,1,40836821,False,2,2.0,0,1,1,1.0,1.0,True,True,1,1,0,17.525094707878427,17.525094707878427,307.12894452010846,1,1,1,,0.0,0.0,0.0,0.0,0,0.0,0.0,0.0,1.0,0.5,1.0,0.0,0.0,0.0,0,0.0,inf,inf,False,False,1,0,1,0,0.0,0.0,0.0,1,1,0,17.525094707878427,17.525094707878427,307.12894452010846,1,0.0,0.0,0.0576029681021219,0.0560082172318745,False,False,True,True,False,sign_inconsistent_positive_harmless,0.0
hexc_01042,1043,30776353,30776352,1,30776353,False,2,2.0,0,1,1,1.0,1.0,True,True,1,1,0,17.242257193325095,17.242257193325095,297.295433120771,1,1,1,,0.0,0.0,0.0,0.0,0,0.0,0.0,0.0,1.0,0.5,1.0,0.0,0.0,0.0,0,0.0,inf,inf,False,False,1,0,1,0,0.0,0.0,0.0,1,1,0,17.242257193325095,17.242257193325095,297.295433120771,1,0.0,0.0,0.0581186934414031,0.0569094080952544,False,False,True,True,False,sign_inconsistent_positive_harmless,0.0
hexc_01043,1044,3454223,3454222,1,3454223,False,2,2.0,0,1,1,1.0,1.0,True,True,1,1,0,15.055108098430381,15.055108098430381,226.65627985542403,1,1,1,,0.0,0.0,0.0,0.0,0,0.0,0.0,0.0,1.0,0.5,1.0,0.0,0.0,0.0,0,0.0,inf,inf,False,False,1,0,1,0,0.0,0.0,0.0,1,1,0,15.05510809843038,15.05510809843038,226.65627985542403,1,0.0,0.0,0.0663552024669976,0.0649960285363692,False,False,True,True,False,sign_inconsistent_positive_harmless,0.0
hexc_01044,1045,178016203,178016202,1,178016203,False,2,2.0,0,1,1,1.0,1.0,True,True,1,1,0,18.99738513220344,18.99738513220344,360.9006418612643,1,1,1,,0.0,0.0,0.0,0.0,0,0.0,0.0,0.0,1.0,0.5,1.0,0.0,0.0,0.0,0,0.0,inf,inf,False,False,1,0,1,0,0.0,0.0,0.0,1,1,0,18.99738513220344,18.99738513220344,360.9006418612643,1,0.0,0.0,0.0535819133808564,0.0517428702007741,False,False,True,True,False,sign_inconsistent_positive_harmless,0.0
hexc_01045,1046,109816381,109816380,1,109816381,False,2,2.0,0,1,1,1.0,1.0,True,True,1,1,0,18.514320265347404,18.514320265347404,342.78005488785357,1,1,1,,0.0,0.0,0.0,0.0,0,0.0,0.0,0.0,1.0,0.5,1.0,0.0,0.0,0.0,0,0.0,inf,inf,False,False,1,0,1,0,0.0,0.0,0.0,1,1,0,18.514320265347404,18.514320265347404,342.7800548878536,1,0.0,0.0,0.0544962849282872,0.0530689284307955,False,False,True,True,False,sign_inconsistent_positive_harmless,0.0
hexc_01046,1047,179661673,179661672,1,179661673,False,2,2.0,0,1,1,1.0,1.0,True,True,1,1,0,19.00658604575582,19.00658604575582,361.2503131147199,1,1,1,,0.0,0.0,0.0,0.0,0,0.0,0.0,0.0,1.0,0.5,1.0,0.0,0.0,0.0,0,0.0,inf,inf,False,False,1,0,1,0,0.0,0.0,0.0,1,1,0,19.00658604575582,19.00658604575582,361.2503131147199,1,0.0,0.0,0.0530176351764428,0.0517182554657682,False,False,True,True,False,sign_inconsistent_positive_harmless,0.0
hexc_01047,1048,30776717,30776716,1,30776717,False,2,2.0,0,1,1,1.0,1.0,True,True,1,1,0,17.242269020517465,17.242269020517465,297.29584097589634,1,1,1,,0.0,0.0,0.0,0.0,0,0.0,0.0,0.0,1.0,0.5,1.0,0.0,0.0,0.0,0,0.0,inf,inf,False,False,1,0,1,0,0.0,0.0,0.0,1,1,0,17.242269020517465,17.242269020517465,297.29584097589634,1,0.0,0.0,0.0582514018082677,0.0569093698047695,False,False,True,True,False,sign_inconsistent_positive_harmless,0.0
hexc_01048,1049,604141169,604141168,1,604141169,True,2,2.0,0,1,1,1.0,1.0,True,True,1,1,0,20.219318452099937,20.219318452099937,408.82083866742903,1,1,1,,0.0,0.0,0.0,0.0,0,0.0,0.0,0.0,1.0,0.5,1.0,0.0,0.0,0.0,0,0.0,inf,inf,False,False,1,0,1,0,0.0,0.0,0.0,1,1,0,20.219318452099937,20.219318452099937,408.820838667429,1,0.0,0.0,0.0498451115752558,0.0486667178022326,False,False,False,True,False,sign_inconsistent_positive_harmless,0.0
hexc_01049,1050,17591569,17591568,1,17591569,False,2,2.0,0,1,1,1.0,1.0,True,True,1,1,0,16.682930311143984,16.682930311143984,278.3201637664867,1,1,1,,0.0,0.0,0.0,0.0,0,0.0,0.0,0.0,1.0,0.5,1.0,0.0,0.0,0.0,0,0.0,inf,inf,False,False,1,0,1,0,0.0,0.0,0.0,1,1,0,16.682930311143984,16.682930311143984,278.3201637664867,1,0.0,0.0,0.0600975242305102,0.0587797162259127,False,False,True,True,False,sign_inconsistent_positive_harmless,0.0
hexc_01050,1051,108835253,108835252,1,108835253,False,2,2.0,0,1,1,1.0,1.0,True,True,1,1,0,18.50534585644821,18.50534585644821,342.4478252667649,1,1,1,,0.0,0.0,0.0,0.0,0,0.0,0.0,0.0,1.0,0.5,1.0,0.0,0.0,0.0,0,0.0,inf,inf,False,False,1,0,1,0,0.0,0.0,0.0,1,1,0,18.50534585644821,18.50534585644821,342.4478252667649,1,0.0,0.0,0.0545099643960911,0.0530942072045132,False,False,True,True,False,sign_inconsistent_positive_harmless,0.0
hexc_01051,1052,39640759,39640758,1,39640759,False,2,2.0,0,1,1,1.0,1.0,True,True,1,1,0,17.495368414568688,17.495368414568688,306.0879159614877,1,1,1,,0.0,0.0,0.0,0.0,0,0.0,0.0,0.0,1.0,0.5,1.0,0.0,0.0,0.0,0,0.0,inf,inf,False,False,1,0,1,0,0.0,0.0,0.0,1,1,0,17.495368414568688,17.495368414568688,306.0879159614877,1,0.0,0.0,0.0574714944854633,0.0561015886420331,False,False,True,True,False,sign_inconsistent_positive_harmless,0.0
hexc_01052,1053,30336773,30336772,1,30336773,False,2,2.0,0,1,1,1.0,1.0,True,True,1,1,0,17.227871164988613,17.227871164988613,296.7995448774461,1,1,1,,0.0,0.0,0.0,0.0,0,0.0,0.0,0.0,1.0,0.5,1.0,0.0,0.0,0.0,0,0.0,inf,inf,False,False,1,0,1,0,0.0,0.0,0.0,1,1,0,17.227871164988613,17.227871164988613,296.7995448774461,1,0.0,1.5321699737586777e-15,0.0583789727930857,0.0569560209634723,False,False,True,True,False,sign_inconsistent_positive_harmless,0.0
hexc_01053,1054,33865669,33865668,1,33865669,False,2,2.0,0,1,1,1.0,1.0,True,True,1,1,0,17.337912345345213,17.337912345345213,300.6032044948739,1,1,1,,0.0,0.0,0.0,0.0,0,0.0,0.0,0.0,1.0,0.5,1.0,0.0,0.0,0.0,0,0.0,inf,inf,False,False,1,0,1,0,0.0,0.0,0.0,1,1,0,17.337912345345213,17.337912345345213,300.6032044948739,1,0.0,0.0,0.0588976206745489,0.0566014002044191,False,False,True,True,False,sign_inconsistent_positive_harmless,0.0
hexc_01054,1055,179400047,179400046,1,179400047,False,2,2.0,0,1,1,1.0,1.0,True,True,1,1,0,19.00512876957333,19.00512876957333,361.1949195480638,1,1,1,,0.0,0.0,0.0,0.0,0,0.0,0.0,0.0,1.0,0.5,1.0,0.0,0.0,0.0,0,0.0,inf,inf,False,False,1,0,1,0,0.0,0.0,0.0,1,1,0,19.00512876957333,19.00512876957333,361.1949195480638,1,0.0,0.0,0.0526726107882914,0.0517221524819564,False,False,True,True,False,sign_inconsistent_positive_harmless,0.0
hexc_01055,1056,179379173,179379172,1,179379173,False,2,2.0,0,1,1,1.0,1.0,True,True,1,1,0,19.005012408319054,19.005012408319054,361.19049664036123,1,1,1,,0.0,0.0,0.0,0.0,0,0.0,0.0,0.0,1.0,0.5,1.0,0.0,0.0,0.0,0,0.0,inf,inf,False,False,1,0,1,0,0.0,0.0,0.0,1,1,0,19.00501240831905,19.00501240831905,361.1904966403612,1,0.0,0.0,0.053722866414157,0.0517224636779969,False,False,True,True,False,sign_inconsistent_positive_harmless,0.0
hexc_01056,1057,31034303,31034302,1,31034303,False,2,2.0,0,1,1,1.0,1.0,True,True,1,1,0,17.250603699063113,17.250603699063113,297.58332798212996,1,1,1,,0.0,0.0,0.0,0.0,0,0.0,0.0,0.0,1.0,0.5,1.0,0.0,0.0,0.0,0,0.0,inf,inf,False,False,1,0,1,0,0.0,0.0,0.0,1,1,0,17.250603699063113,17.250603699063113,297.58332798213,1,0.0,0.0,0.0577357907455695,0.0568823991210947,False,False,True,True,False,sign_inconsistent_positive_harmless,0.0
hexc_01057,1058,604357393,604357392,1,604357393,True,2,2.0,0,1,1,1.0,1.0,True,True,1,1,0,20.219676291172497,20.219676291172497,408.8353093198032,1,1,1,,0.0,0.0,0.0,0.0,0,0.0,0.0,0.0,1.0,0.5,1.0,0.0,0.0,0.0,0,0.0,inf,inf,False,False,1,0,1,0,0.0,0.0,0.0,1,1,0,20.219676291172497,20.219676291172497,408.8353093198032,1,0.0,0.0,0.0502046417587178,0.0486658705170885,False,False,False,True,False,sign_inconsistent_positive_harmless,0.0
hexc_01058,1059,109594403,109594402,1,109594403,False,2,2.0,0,1,1,1.0,1.0,True,True,1,1,0,18.51229686365595,18.51229686365595,342.705135168126,1,1,1,,0.0,0.0,0.0,0.0,0,0.0,0.0,0.0,1.0,0.5,1.0,0.0,0.0,0.0,0,0.0,inf,inf,False,False,1,0,1,0,0.0,0.0,0.0,1,1,0,18.51229686365595,18.51229686365595,342.705135168126,1,0.0,0.0,0.0544968190492292,0.0530746257704381,False,False,True,True,False,sign_inconsistent_positive_harmless,0.0
hexc_01059,1060,40846573,40846572,1,40846573,False,2,2.0,0,1,1,1.0,1.0,True,True,1,1,0,17.52533348346227,17.52533348346227,307.13731370656376,1,1,1,,0.0,0.0,0.0,0.0,0,0.0,0.0,0.0,1.0,0.5,1.0,0.0,0.0,0.0,0,0.0,inf,inf,False,False,1,0,1,0,0.0,0.0,0.0,1,1,0,17.52533348346227,17.52533348346227,307.13731370656376,1,0.0,0.0,0.0569631998944803,0.0560074684865437,False,False,True,True,False,sign_inconsistent_positive_harmless,0.0
hexc_01060,1061,33914129,33914128,1,33914129,False,2,2.0,0,1,1,1.0,1.0,True,True,1,1,0,17.339342270180843,17.339342270180843,300.6527903624802,1,1,1,,0.0,0.0,0.0,0.0,0,0.0,0.0,0.0,1.0,0.5,1.0,0.0,0.0,0.0,0,0.0,inf,inf,False,False,1,0,1,0,0.0,0.0,0.0,1,1,0,17.339342270180843,17.339342270180843,300.6527903624802,1,0.0,0.0,0.0587143832589468,0.0565968211526176,False,False,True,True,False,sign_inconsistent_positive_harmless,0.0
hexc_01061,1062,604361011,604361010,1,604361011,True,2,2.0,0,1,1,1.0,1.0,True,True,1,1,0,20.219682277678515,20.219682277678515,408.83555141026665,1,1,1,,0.0,0.0,0.0,0.0,0,0.0,0.0,0.0,1.0,0.5,1.0,0.0,0.0,0.0,0,0.0,inf,inf,False,False,1,0,1,0,0.0,0.0,0.0,1,1,0,20.219682277678515,20.219682277678515,408.83555141026665,1,0.0,0.0,0.0497861772683231,0.048665856342601,False,False,False,True,False,sign_inconsistent_positive_harmless,0.0
hexc_01062,1063,108592613,108592612,1,108592613,False,2,2.0,0,1,1,1.0,1.0,True,True,1,1,0,18.5031139428928,18.5031139428928,342.3652255836739,1,1,1,,0.0,0.0,0.0,0.0,0,0.0,0.0,0.0,1.0,0.5,1.0,0.0,0.0,0.0,0,0.0,inf,inf,False,False,1,0,1,0,0.0,0.0,0.0,1,1,0,18.5031139428928,18.5031139428928,342.3652255836739,1,0.0,0.0,0.0545203554621977,0.0531004977123456,False,False,True,True,False,sign_inconsistent_positive_harmless,0.0
hexc_01063,1064,40882469,40882468,1,40882469,False,2,2.0,0,1,1,1.0,1.0,True,True,1,1,0,17.52621189831774,17.52621189831774,307.16810350473435,1,1,1,,0.0,0.0,0.0,0.0,0,0.0,0.0,0.0,1.0,0.5,1.0,0.0,0.0,0.0,0,0.0,inf,inf,False,False,1,0,1,0,0.0,0.0,0.0,1,1,0,17.52621189831774,17.52621189831774,307.16810350473435,1,0.0,1.480451081013544e-15,0.0567934646373467,0.0560047141517503,False,False,True,True,False,sign_inconsistent_positive_harmless,0.0
hexc_01064,1065,109589027,109589026,1,109589027,False,2,2.0,0,1,1,1.0,1.0,True,True,1,1,0,18.512247808852848,18.512247808852848,342.70331893637706,1,1,1,,0.0,0.0,0.0,0.0,0,0.0,0.0,0.0,1.0,0.5,1.0,0.0,0.0,0.0,0,0.0,inf,inf,False,False,1,0,1,0,0.0,0.0,0.0,1,1,0,18.512247808852848,18.512247808852848,342.70331893637706,1,0.0,0.0,0.0543602998727245,0.0530747639103832,False,False,True,True,False,sign_inconsistent_positive_harmless,0.0
hexc_01065,1066,7114117,7114116,1,7114117,False,2,2.0,0,1,1,1.0,1.0,True,True,1,1,0,15.77759167779893,15.77759167779893,248.93239915135004,1,1,1,,0.0,0.0,0.0,0.0,0,0.0,0.0,0.0,1.0,0.5,1.0,0.0,0.0,0.0,0,0.0,inf,inf,False,False,1,0,1,0,0.0,0.0,0.0,1,1,0,15.77759167779893,15.77759167779893,248.93239915135004,1,0.0,0.0,0.06364220805078,0.062082081984848,False,False,True,True,False,sign_inconsistent_positive_harmless,0.0
hexc_01066,1067,108591991,108591990,1,108591991,False,2,2.0,0,1,1,1.0,1.0,True,True,1,1,0,18.50310821504664,18.50310821504664,342.3650136177265,1,1,1,,0.0,0.0,0.0,0.0,0,0.0,0.0,0.0,1.0,0.5,1.0,0.0,0.0,0.0,0,0.0,inf,inf,False,False,1,0,1,0,0.0,0.0,0.0,1,1,0,18.50310821504664,18.50310821504664,342.3650136177265,1,0.0,0.0,0.0549443196533628,0.0531005138578349,False,False,True,True,False,sign_inconsistent_positive_harmless,0.0
hexc_01067,1068,109706759,109706758,1,109706759,False,2,2.0,0,1,1,1.0,1.0,True,True,1,1,0,18.513321536838767,18.513321536838767,342.7430743263781,1,1,1,,0.0,0.0,0.0,0.0,0,0.0,0.0,0.0,1.0,0.5,1.0,0.0,0.0,0.0,0,0.0,inf,inf,False,False,1,0,1,0,0.0,0.0,0.0,1,1,0,18.513321536838767,18.513321536838767,342.7430743263781,1,0.0,0.0,0.0547005126306362,0.0530717404212749,False,False,True,True,False,sign_inconsistent_positive_harmless,0.0
hexc_01068,1069,40861279,40861278,1,40861279,False,2,2.0,0,1,1,1.0,1.0,True,True,1,1,0,17.525693448870705,17.525693448870705,307.1499308637895,1,1,1,,0.0,0.0,0.0,0.0,0,0.0,0.0,0.0,1.0,0.5,1.0,0.0,0.0,0.0,0,0.0,inf,inf,False,False,1,0,1,0,0.0,0.0,0.0,1,1,0,17.525693448870705,17.525693448870705,307.1499308637895,1,0.0,0.0,0.0570760752474639,0.0560063397556142,False,False,True,True,False,sign_inconsistent_positive_harmless,0.0
hexc_01069,1070,31039139,31039138,1,31039139,False,2,2.0,0,1,1,1.0,1.0,True,True,1,1,0,17.250759514492515,17.250759514492515,297.58870382685404,1,1,1,,0.0,0.0,0.0,0.0,0,0.0,0.0,0.0,1.0,0.5,1.0,0.0,0.0,0.0,0,0.0,inf,inf,False,False,1,0,1,0,0.0,0.0,0.0,1,1,0,17.250759514492515,17.250759514492515,297.58870382685404,1,0.0,3.0562137946677548e-15,0.0582970257036431,0.0568818951519796,False,False,True,True,False,sign_inconsistent_positive_harmless,0.0
hexc_01070,1071,30780077,30780076,1,30780077,False,2,2.0,0,1,1,1.0,1.0,True,True,1,1,0,17.24237818799631,17.24237818799631,297.2996055778909,1,1,1,,0.0,0.0,0.0,0.0,0,0.0,0.0,0.0,1.0,0.5,1.0,0.0,0.0,0.0,0,0.0,inf,inf,False,False,1,0,1,0,0.0,0.0,0.0,1,1,0,17.24237818799631,17.24237818799631,297.2996055778909,1,0.0,0.0,0.0583531546770101,0.05690901637797,False,False,True,True,False,sign_inconsistent_positive_harmless,0.0
hexc_01071,1072,17594911,17594910,1,17594911,False,2,2.0,0,1,1,1.0,1.0,True,True,1,1,0,16.683120270469843,16.683120270469843,278.3265019589618,1,1,1,,0.0,0.0,0.0,0.0,0,0.0,0.0,0.0,1.0,0.5,1.0,0.0,0.0,0.0,0,0.0,inf,inf,False,False,1,0,1,0,0.0,0.0,0.0,1,1,0,16.683120270469843,16.683120270469843,278.3265019589618,1,0.0,0.0,0.0604306117113545,0.0587790601697069,False,False,True,True,False,sign_inconsistent_positive_harmless,0.0
hexc_01072,1073,187494023,187494022,1,187494023,False,2,2.0,0,1,1,1.0,1.0,True,True,1,1,0,19.049257525533314,19.049257525533314,362.8742122740876,1,1,1,,0.0,0.0,0.0,0.0,0,0.0,0.0,0.0,1.0,0.5,1.0,0.0,0.0,0.0,0,0.0,inf,inf,False,False,1,0,1,0,0.0,0.0,0.0,1,1,0,19.049257525533317,19.049257525533317,362.8742122740876,1,0.0,2.506363557975746e-15,0.0528184107877725,0.0516044040252423,False,False,True,True,False,sign_inconsistent_positive_harmless,0.0
hexc_01073,1074,604884331,604884330,1,604884331,True,2,2.0,0,1,1,1.0,1.0,True,True,1,1,0,20.220547809286526,20.220547809286526,408.8705537076421,1,1,1,,0.0,0.0,0.0,0.0,0,0.0,0.0,0.0,1.0,0.5,1.0,0.0,0.0,0.0,0,0.0,inf,inf,False,False,1,0,1,0,0.0,0.0,0.0,1,1,0,20.22054780928653,20.22054780928653,408.8705537076421,1,0.0,4.448814880531853e-15,0.0500412215505364,0.0486638070750198,False,False,False,True,False,sign_inconsistent_positive_harmless,0.0
hexc_01074,1075,604361111,604361110,1,604361111,True,2,2.0,0,1,1,1.0,1.0,True,True,1,1,0,20.219682443142517,20.219682443142517,408.83555810152575,1,1,1,,0.0,0.0,0.0,0.0,0,0.0,0.0,0.0,1.0,0.5,1.0,0.0,0.0,0.0,0,0.0,inf,inf,False,False,1,0,1,0,0.0,0.0,0.0,1,1,0,20.21968244314252,20.21968244314252,408.83555810152575,1,0.0,4.449195691276317e-15,0.0501998774771426,0.0486658559508218,False,False,False,True,False,sign_inconsistent_positive_harmless,0.0
hexc_01075,1076,30399821,30399820,1,30399821,False,2,2.0,0,1,1,1.0,1.0,True,True,1,1,0,17.22994727820122,17.22994727820122,296.8710832095936,1,1,1,,0.0,0.0,0.0,0.0,0,0.0,0.0,0.0,1.0,0.5,1.0,0.0,0.0,0.0,0,0.0,inf,inf,False,False,1,0,1,0,0.0,0.0,0.0,1,1,0,17.22994727820122,17.22994727820122,296.8710832095936,1,0.0,0.0,0.0579107278753571,0.0569492893360211,False,False,True,True,False,sign_inconsistent_positive_harmless,0.0
hexc_01076,1077,187494157,187494156,1,187494157,False,2,2.0,0,1,1,1.0,1.0,True,True,1,1,0,19.049258240222507,19.049258240222507,362.8742395026851,1,1,1,,0.0,0.0,0.0,0.0,0,0.0,0.0,0.0,1.0,0.5,1.0,0.0,0.0,0.0,0,0.0,inf,inf,False,False,1,0,1,0,0.0,0.0,0.0,1,1,0,19.049258240222507,19.049258240222507,362.8742395026851,1,0.0,0.0,0.0524179537194175,0.0516044021225794,False,False,True,True,False,sign_inconsistent_positive_harmless,0.0
hexc_01077,1078,109527767,109527766,1,109527767,False,2,2.0,0,1,1,1.0,1.0,True,True,1,1,0,18.511688654983555,18.511688654983555,342.68261685904685,1,1,1,,0.0,0.0,0.0,0.0,0,0.0,0.0,0.0,1.0,0.5,1.0,0.0,0.0,0.0,0,0.0,inf,inf,False,False,1,0,1,0,0.0,0.0,0.0,1,1,0,18.511688654983555,18.511688654983555,342.68261685904685,1,0.0,0.0,0.0542052505928554,0.0530763385569247,False,False,True,True,False,sign_inconsistent_positive_harmless,0.0
hexc_01078,1079,30781769,30781768,1,30781769,False,2,2.0,0,1,1,1.0,1.0,True,True,1,1,0,17.2424331571082,17.2424331571082,297.3015011773442,1,1,1,,0.0,0.0,0.0,0.0,0,0.0,0.0,0.0,1.0,0.5,1.0,0.0,0.0,0.0,0,0.0,inf,inf,False,False,1,0,1,0,0.0,0.0,0.0,1,1,0,17.2424331571082,17.2424331571082,297.3015011773442,1,0.0,0.0,0.0582198634934368,0.0569088384185974,False,False,True,True,False,sign_inconsistent_positive_harmless,0.0
hexc_01079,1080,179663629,179663628,1,179663629,False,2,2.0,0,1,1,1.0,1.0,True,True,1,1,0,19.00659693282661,19.00659693282661,361.25072696693394,1,1,1,,0.0,0.0,0.0,0.0,0,0.0,0.0,0.0,1.0,0.5,1.0,0.0,0.0,0.0,0,0.0,inf,inf,False,False,1,0,1,0,0.0,0.0,0.0,1,1,0,19.00659693282661,19.00659693282661,361.25072696693394,1,0.0,0.0,0.0528439772376782,0.0517182263540104,False,False,True,True,False,sign_inconsistent_positive_harmless,0.0
hexc_01080,1081,17999011,17999010,1,17999011,False,2,2.0,0,1,1,1.0,1.0,True,True,1,1,0,16.705827369906494,16.705827369906494,279.08466811311695,1,1,1,,0.0,0.0,0.0,0.0,0,0.0,0.0,0.0,1.0,0.5,1.0,0.0,0.0,0.0,0,0.0,inf,inf,False,False,1,0,1,0,0.0,0.0,0.0,1,1,0,16.705827369906494,16.705827369906494,279.08466811311695,1,0.0,1.6294243390760133e-15,0.0591723335658698,0.0587007427375652,False,False,True,True,False,sign_inconsistent_positive_harmless,0.0
hexc_01081,1082,179380961,179380960,1,179380961,False,2,2.0,0,1,1,1.0,1.0,True,True,1,1,0,19.005022375981735,19.005022375981735,361.19087551156645,1,1,1,,0.0,0.0,0.0,0.0,0,0.0,0.0,0.0,1.0,0.5,1.0,0.0,0.0,0.0,0,0.0,inf,inf,False,False,1,0,1,0,0.0,0.0,0.0,1,1,0,19.00502237598173,19.00502237598173,361.1908755115665,1,0.0,0.0,0.0521747116325183,0.0517224370203758,False,False,True,True,False,sign_inconsistent_positive_harmless,0.0
hexc_01082,1083,109603309,109603308,1,109603309,False,2,2.0,0,1,1,1.0,1.0,True,True,1,1,0,18.51237812362827,18.51237812362827,342.7081437921906,1,1,1,,0.0,0.0,0.0,0.0,0,0.0,0.0,0.0,1.0,0.5,1.0,0.0,0.0,0.0,0,0.0,inf,inf,False,False,1,0,1,0,0.0,0.0,0.0,1,1,0,18.51237812362827,18.51237812362827,342.7081437921906,1,0.0,0.0,0.054542461859309,0.0530743969412556,False,False,True,True,False,sign_inconsistent_positive_harmless,0.0
hexc_01083,1084,179408591,179408590,1,179408591,False,2,2.0,0,1,1,1.0,1.0,True,True,1,1,0,19.005176393844856,19.005176393844856,361.19672976115777,1,1,1,,0.0,0.0,0.0,0.0,0,0.0,0.0,0.0,1.0,0.5,1.0,0.0,0.0,0.0,0,0.0,inf,inf,False,False,1,0,1,0,0.0,0.0,0.0,1,1,0,19.005176393844856,19.005176393844856,361.19672976115777,1,0.0,0.0,0.0534419489733958,0.0517220251168898,False,False,True,True,False,sign_inconsistent_positive_harmless,0.0
hexc_01084,1085,33412189,33412188,1,33412189,False,2,2.0,0,1,1,1.0,1.0,True,True,1,1,0,17.32443133149224,17.32443133149224,300.13592095958995,1,1,1,,0.0,0.0,0.0,0.0,0,0.0,0.0,0.0,1.0,0.5,1.0,0.0,0.0,0.0,0,0.0,inf,inf,False,False,1,0,1,0,0.0,0.0,0.0,1,1,0,17.32443133149224,17.32443133149224,300.13592095958995,1,0.0,1.515138039567383e-15,0.0583910982497657,0.0566446069238786,False,False,True,True,False,sign_inconsistent_positive_harmless,0.0
hexc_01085,1086,12772057,12772056,1,12772057,False,2,2.0,0,1,1,1.0,1.0,True,True,1,1,0,16.362770295694418,16.362770295694418,267.7402517496596,1,1,1,,0.0,0.0,0.0,0.0,0,0.0,0.0,0.0,1.0,0.5,1.0,0.0,0.0,0.0,0,0.0,inf,inf,False,False,1,0,1,0,0.0,0.0,0.0,1,1,0,16.362770295694418,16.362770295694418,267.7402517496596,1,0.0,0.0,0.06227170973379,0.0599066450631845,False,False,True,True,False,sign_inconsistent_positive_harmless,0.0
hexc_01086,1087,108548851,108548850,1,108548851,False,2,2.0,0,1,1,1.0,1.0,True,True,1,1,0,18.502710869248673,18.502710869248673,342.350309511013,1,1,1,,0.0,0.0,0.0,0.0,0,0.0,0.0,0.0,1.0,0.5,1.0,0.0,0.0,0.0,0,0.0,inf,inf,False,False,1,0,1,0,0.0,0.0,0.0,1,1,0,18.502710869248677,18.502710869248677,342.350309511013,1,0.0,0.0,0.0542782829612496,0.0531016339088899,False,False,True,True,False,sign_inconsistent_positive_harmless,0.0
hexc_01087,1088,108811249,108811248,1,108811249,False,2,2.0,0,1,1,1.0,1.0,True,True,1,1,0,18.505125278585698,18.505125278585698,342.4396615761514,1,1,1,,0.0,0.0,0.0,0.0,0,0.0,0.0,0.0,1.0,0.5,1.0,0.0,0.0,0.0,0,0.0,inf,inf,False,False,1,0,1,0,0.0,0.0,0.0,1,1,0,18.505125278585695,18.505125278585695,342.4396615761514,1,0.0,0.0,0.0542851518691058,0.0530948288229823,False,False,True,True,False,sign_inconsistent_positive_harmless,0.0
hexc_01088,1089,108537413,108537412,1,108537413,False,2,2.0,0,1,1,1.0,1.0,True,True,1,1,0,18.502605491784436,18.502605491784436,342.34640998461157,1,1,1,,0.0,0.0,0.0,0.0,0,0.0,0.0,0.0,1.0,0.5,1.0,0.0,0.0,0.0,0,0.0,inf,inf,False,False,1,0,1,0,0.0,0.0,0.0,1,1,0,18.50260549178444,18.50260549178444,342.3464099846116,1,0.0,0.0,0.0539085459451573,0.0531019309581811,False,False,True,True,False,sign_inconsistent_positive_harmless,0.0
hexc_01089,1090,179149561,179149560,1,179149561,False,2,2.0,0,1,1,1.0,1.0,True,True,1,1,0,19.003731551251725,19.003731551251725,361.1418128720403,1,1,1,,0.0,0.0,0.0,0.0,0,0.0,0.0,0.0,1.0,0.5,1.0,0.0,0.0,0.0,0,0.0,inf,inf,False,False,1,0,1,0,0.0,0.0,0.0,1,1,0,19.003731551251725,19.003731551251725,361.1418128720403,1,0.0,0.0,0.0533156574202763,0.0517258894440735,False,False,True,True,False,sign_inconsistent_positive_harmless,0.0
hexc_01090,1091,30336529,30336528,1,30336529,False,2,2.0,0,1,1,1.0,1.0,True,True,1,1,0,17.22786312191227,17.22786312191227,296.79926774734486,1,1,1,,0.0,0.0,0.0,0.0,0,0.0,0.0,0.0,1.0,0.5,1.0,0.0,0.0,0.0,0,0.0,inf,inf,False,False,1,0,1,0,0.0,0.0,0.0,1,1,0,17.22786312191227,17.22786312191227,296.79926774734486,1,0.0,0.0,0.0581716915777917,0.0569560470455834,False,False,True,True,False,sign_inconsistent_positive_harmless,0.0
hexc_01091,1092,108833029,108833028,1,108833029,False,2,2.0,0,1,1,1.0,1.0,True,True,1,1,0,18.505325421684084,18.505325421684084,342.44706896242724,1,1,1,,0.0,0.0,0.0,0.0,0,0.0,0.0,0.0,1.0,0.5,1.0,0.0,0.0,0.0,0,0.0,inf,inf,False,False,1,0,1,0,0.0,0.0,0.0,1,1,0,18.505325421684084,18.505325421684084,342.44706896242724,1,0.0,0.0,0.054911741915113,0.0530942647918506,False,False,True,True,False,sign_inconsistent_positive_harmless,0.0
hexc_01092,1093,30781631,30781630,1,30781631,False,2,2.0,0,1,1,1.0,1.0,True,True,1,1,0,17.24242867392501,17.24242867392501,297.30134657539134,1,1,1,,0.0,0.0,0.0,0.0,0,0.0,0.0,0.0,1.0,0.5,1.0,0.0,0.0,0.0,0,0.0,inf,inf,False,False,1,0,1,0,0.0,0.0,0.0,1,1,0,17.24242867392501,17.24242867392501,297.30134657539134,1,0.0,0.0,0.0581949055190804,0.0569088529326064,False,False,True,True,False,sign_inconsistent_positive_harmless,0.0
hexc_01093,1094,76020619,76020618,1,76020619,False,2,2.0,0,1,1,1.0,1.0,True,True,1,1,0,18.14651516408628,18.14651516408628,329.29601260041335,1,1,1,,0.0,0.0,0.0,0.0,0,0.0,0.0,0.0,1.0,0.5,1.0,0.0,0.0,0.0,0,0.0,inf,inf,False,False,1,0,1,0,0.0,0.0,0.0,1,1,0,18.14651516408628,18.14651516408628,329.2960126004133,1,0.0,0.0,0.0560191245093466,0.0541250559286734,False,False,True,True,False,sign_inconsistent_positive_harmless,0.0
hexc_01094,1095,108532337,108532336,1,108532337,False,2,2.0,0,1,1,1.0,1.0,True,True,1,1,0,18.502558723406985,18.502558723406985,342.3446793131239,1,1,1,,0.0,0.0,0.0,0.0,0,0.0,0.0,0.0,1.0,0.5,1.0,0.0,0.0,0.0,0,0.0,inf,inf,False,False,1,0,1,0,0.0,0.0,0.0,1,1,0,18.502558723406985,18.502558723406985,342.3446793131239,1,0.0,0.0,0.0551289746581206,0.053102062794964,False,False,True,True,False,sign_inconsistent_positive_harmless,0.0
hexc_01095,1096,33489283,33489282,1,33489283,False,2,2.0,0,1,1,1.0,1.0,True,True,1,1,0,17.326736035165272,17.326736035165272,300.21578163229475,1,1,1,,0.0,0.0,0.0,0.0,0,0.0,0.0,0.0,1.0,0.5,1.0,0.0,0.0,0.0,0,0.0,inf,inf,False,False,1,0,1,0,0.0,0.0,0.0,1,1,0,17.326736035165272,17.326736035165272,300.21578163229475,1,0.0,0.0,0.0577474700715806,0.0566372156644018,False,False,True,True,False,sign_inconsistent_positive_harmless,0.0
hexc_01096,1097,180619783,180619782,1,180619783,False,2,2.0,0,1,1,1.0,1.0,True,True,1,1,0,19.011904733368866,19.011904733368866,361.4525215906935,1,1,1,,0.0,0.0,0.0,0.0,0,0.0,0.0,0.0,1.0,0.5,1.0,0.0,0.0,0.0,0,0.0,inf,inf,False,False,1,0,1,0,0.0,0.0,0.0,1,1,0,19.011904733368866,19.011904733368866,361.4525215906935,1,0.0,0.0,0.0532369055469006,0.0517040373272914,False,False,True,True,False,sign_inconsistent_positive_harmless,0.0
hexc_01097,1098,30804737,30804736,1,30804737,False,2,2.0,0,1,1,1.0,1.0,True,True,1,1,0,17.243179034819295,17.243179034819295,297.3272232268317,1,1,1,,0.0,0.0,0.0,0.0,0,0.0,0.0,0.0,1.0,0.5,1.0,0.0,0.0,0.0,0,0.0,inf,inf,False,False,1,0,1,0,0.0,0.0,0.0,1,1,0,17.243179034819295,17.243179034819295,297.3272232268317,1,0.0,0.0,0.058989272338129,0.0569064237919145,False,False,True,True,False,sign_inconsistent_positive_harmless,0.0
hexc_01098,1099,33920713,33920712,1,33920713,False,2,2.0,0,1,1,1.0,1.0,True,True,1,1,0,17.33953638871423,17.33953638871423,300.6595221755449,1,1,1,,0.0,0.0,0.0,0.0,0,0.0,0.0,0.0,1.0,0.5,1.0,0.0,0.0,0.0,0,0.0,inf,inf,False,False,1,0,1,0,0.0,0.0,0.0,1,1,0,17.33953638871423,17.33953638871423,300.6595221755449,1,0.0,0.0,0.0585467889999367,0.0565961995834571,False,False,True,True,False,sign_inconsistent_positive_harmless,0.0
hexc_01099,1100,179407897,179407896,1,179407897,False,2,2.0,0,1,1,1.0,1.0,True,True,1,1,0,19.005172525572227,19.005172525572227,361.1965827267654,1,1,1,,0.0,0.0,0.0,0.0,0,0.0,0.0,0.0,1.0,0.5,1.0,0.0,0.0,0.0,0,0.0,inf,inf,False,False,1,0,1,0,0.0,0.0,0.0,1,1,0,19.005172525572227,19.005172525572227,361.1965827267654,1,0.0,0.0,0.0531144456911841,0.0517220354620698,False,False,True,True,False,sign_inconsistent_positive_harmless,0.0
hexc_01100,1101,33866149,33866148,1,33866149,False,2,2.0,0,1,1,1.0,1.0,True,True,1,1,0,17.33792651889065,17.33792651889065,300.6036959744517,1,1,1,,0.0,0.0,0.0,0.0,0,0.0,0.0,0.0,1.0,0.5,1.0,0.0,0.0,0.0,0,0.0,inf,inf,False,False,1,0,1,0,0.0,0.0,0.0,1,1,0,17.33792651889065,17.33792651889065,300.6036959744517,1,0.0,0.0,0.0581857775751032,0.0566013548128054,False,False,True,True,False,sign_inconsistent_positive_harmless,0.0
hexc_01101,1102,18001811,18001810,1,18001811,False,2,2.0,0,1,1,1.0,1.0,True,True,1,1,0,16.705982921910593,16.705982921910593,279.0898653871684,1,1,1,,0.0,0.0,0.0,0.0,0,0.0,0.0,0.0,1.0,0.5,1.0,0.0,0.0,0.0,0,0.0,inf,inf,False,False,1,0,1,0,0.0,0.0,0.0,1,1,0,16.705982921910593,16.705982921910593,279.0898653871684,1,0.0,1.6293939955706177e-15,0.0615526936475914,0.0587002069537131,False,False,True,True,False,sign_inconsistent_positive_harmless,0.0
hexc_01102,1103,33902461,33902460,1,33902461,False,2,2.0,0,1,1,1.0,1.0,True,True,1,1,0,17.33899816558593,17.33899816558593,300.6408573861923,1,1,1,,0.0,0.0,0.0,0.0,0,0.0,0.0,0.0,1.0,0.5,1.0,0.0,0.0,0.0,0,0.0,inf,inf,False,False,1,0,1,0,0.0,0.0,0.0,1,1,0,17.33899816558593,17.33899816558593,300.6408573861923,1,0.0,0.0,0.0586781115263028,0.0565979230119342,False,False,True,True,False,sign_inconsistent_positive_harmless,0.0
hexc_01103,1104,108583633,108583632,1,108583633,False,2,2.0,0,1,1,1.0,1.0,True,True,1,1,0,18.503031245082422,18.503031245082422,342.3621652564964,1,1,1,,0.0,0.0,0.0,0.0,0,0.0,0.0,0.0,1.0,0.5,1.0,0.0,0.0,0.0,0,0.0,inf,inf,False,False,1,0,1,0,0.0,0.0,0.0,1,1,0,18.503031245082425,18.503031245082425,342.3621652564964,1,0.0,0.0,0.055383249382152,0.0531007308195491,False,False,True,True,False,sign_inconsistent_positive_harmless,0.0
hexc_01104,1105,30799543,30799542,1,30799543,False,2,2.0,0,1,1,1.0,1.0,True,True,1,1,0,17.243010410171387,17.243010410171387,297.3214080052788,1,1,1,,0.0,0.0,0.0,0.0,0,0.0,0.0,0.0,1.0,0.5,1.0,0.0,0.0,0.0,0,0.0,inf,inf,False,False,1,0,1,0,0.0,0.0,0.0,1,1,0,17.243010410171387,17.243010410171387,297.3214080052788,1,0.0,0.0,0.0589063417634296,0.0569069696618383,False,False,True,True,False,sign_inconsistent_positive_harmless,0.0
hexc_01105,1106,108548933,108548932,1,108548933,False,2,2.0,0,1,1,1.0,1.0,True,True,1,1,0,18.50271162466864,18.50271162466864,342.35033746564795,1,1,1,,0.0,0.0,0.0,0.0,0,0.0,0.0,0.0,1.0,0.5,1.0,0.0,0.0,0.0,0,0.0,inf,inf,False,False,1,0,1,0,0.0,0.0,0.0,1,1,0,18.50271162466864,18.50271162466864,342.35033746564795,1,0.0,0.0,0.054595234329025,0.0531016317794404,False,False,True,True,False,sign_inconsistent_positive_harmless,0.0
hexc_01106,1107,178014149,178014148,1,178014149,False,2,2.0,0,1,1,1.0,1.0,True,True,1,1,0,18.99737359386134,18.99737359386134,360.9002034647401,1,1,1,,0.0,0.0,0.0,0.0,0,0.0,0.0,0.0,1.0,0.5,1.0,0.0,0.0,0.0,0,0.0,inf,inf,False,False,1,0,1,0,0.0,0.0,0.0,1,1,0,18.99737359386134,18.99737359386134,360.9002034647401,1,0.0,0.0,0.0522691062283668,0.0517429010834159,False,False,True,True,False,sign_inconsistent_positive_harmless,0.0
hexc_01107,1108,33930191,33930190,1,33930191,False,2,2.0,0,1,1,1.0,1.0,True,True,1,1,0,17.339815765981232,17.339815765981232,300.6692107981713,1,1,1,,0.0,0.0,0.0,0.0,0,0.0,0.0,0.0,1.0,0.5,1.0,0.0,0.0,0.0,0,0.0,inf,inf,False,False,1,0,1,0,0.0,0.0,0.0,1,1,0,17.339815765981232,17.339815765981232,300.6692107981713,1,0.0,0.0,0.0590885232164182,0.056595305039078,False,False,True,True,False,sign_inconsistent_positive_harmless,0.0
hexc_01108,1109,187509859,187509858,1,187509859,False,2,2.0,0,1,1,1.0,1.0,True,True,1,1,0,19.04934198332572,19.04934198332572,362.8774299976959,1,1,1,,0.0,0.0,0.0,0.0,0,0.0,0.0,0.0,1.0,0.5,1.0,0.0,0.0,0.0,0,0.0,inf,inf,False,False,1,0,1,0,0.0,0.0,0.0,1,1,0,19.04934198332572,19.04934198332572,362.8774299976959,1,0.0,0.0,0.0532746905385066,0.0516041791809541,False,False,True,True,False,sign_inconsistent_positive_harmless,0.0
hexc_01109,1110,108549031,108549030,1,108549031,False,2,2.0,0,1,1,1.0,1.0,True,True,1,1,0,18.50271252748687,18.50271252748687,342.3503708748196,1,1,1,,0.0,0.0,0.0,0.0,0,0.0,0.0,0.0,1.0,0.5,1.0,0.0,0.0,0.0,0,0.0,inf,inf,False,False,1,0,1,0,0.0,0.0,0.0,1,1,0,18.50271252748687,18.50271252748687,342.3503708748196,1,0.0,0.0,0.0548105176332126,0.0531016292344964,False,False,True,True,False,sign_inconsistent_positive_harmless,0.0
hexc_01110,1111,179400083,179400082,1,179400083,False,2,2.0,0,1,1,1.0,1.0,True,True,1,1,0,19.00512897024215,19.00512897024215,361.1949271755375,1,1,1,,0.0,0.0,0.0,0.0,0,0.0,0.0,0.0,1.0,0.5,1.0,0.0,0.0,0.0,0,0.0,inf,inf,False,False,1,0,1,0,0.0,0.0,0.0,1,1,0,19.00512897024215,19.00512897024215,361.1949271755375,1,0.0,0.0,0.0529513872404459,0.0517221519452925,False,False,True,True,False,sign_inconsistent_positive_harmless,0.0
hexc_01111,1112,30775301,30775300,1,30775301,False,2,2.0,0,1,1,1.0,1.0,True,True,1,1,0,17.242223010653085,17.242223010653085,297.29425434909473,1,1,1,,0.0,0.0,0.0,0.0,0,0.0,0.0,0.0,1.0,0.5,1.0,0.0,0.0,0.0,0,0.0,inf,inf,False,False,1,0,1,0,0.0,0.0,0.0,1,1,0,17.242223010653085,17.242223010653085,297.2942543490948,1,0.0,1.5296203819414606e-15,0.0575445522104413,0.0569095187617919,False,False,True,True,False,sign_inconsistent_positive_harmless,0.0
hexc_01112,1113,108547793,108547792,1,108547793,False,2,2.0,0,1,1,1.0,1.0,True,True,1,1,0,18.502701122437482,18.502701122437482,342.34994882624926,1,1,1,,0.0,0.0,0.0,0.0,0,0.0,0.0,0.0,1.0,0.5,1.0,0.0,0.0,0.0,0,0.0,inf,inf,False,False,1,0,1,0,0.0,0.0,0.0,1,1,0,18.50270112243748,18.50270112243748,342.34994882624926,1,0.0,0.0,0.0551923003132832,0.0531016613841074,False,False,True,True,False,sign_inconsistent_positive_harmless,0.0
hexc_01113,1114,604357543,604357542,1,604357543,True,2,2.0,0,1,1,1.0,1.0,True,True,1,1,0,20.219676539369978,20.219676539369978,408.8353193567487,1,1,1,,0.0,0.0,0.0,0.0,0,0.0,0.0,0.0,1.0,0.5,1.0,0.0,0.0,0.0,0,0.0,inf,inf,False,False,1,0,1,0,0.0,0.0,0.0,1,1,0,20.219676539369978,20.219676539369978,408.8353193567487,1,0.0,4.449198289442823e-15,0.0502820747847901,0.0486658699294254,False,False,False,True,False,sign_inconsistent_positive_harmless,0.0
hexc_01114,1115,109467443,109467442,1,109467443,False,2,2.0,0,1,1,1.0,1.0,True,True,1,1,0,18.511137738810312,18.511137738810312,342.6622203852074,1,1,1,,0.0,0.0,0.0,0.0,0,0.0,0.0,0.0,1.0,0.5,1.0,0.0,0.0,0.0,0,0.0,inf,inf,False,False,1,0,1,0,0.0,0.0,0.0,1,1,0,18.511137738810312,18.511137738810312,342.6622203852074,1,0.0,0.0,0.05439436807557,0.0530778900964478,False,False,True,True,False,sign_inconsistent_positive_harmless,0.0
hexc_01115,1116,33921493,33921492,1,33921493,False,2,2.0,0,1,1,1.0,1.0,True,True,1,1,0,17.33955938324952,17.33955938324952,300.66031960523645,1,1,1,,0.0,0.0,0.0,0.0,0,0.0,0.0,0.0,1.0,0.5,1.0,0.0,0.0,0.0,0,0.0,inf,inf,False,False,1,0,1,0,0.0,0.0,0.0,1,1,0,17.33955938324952,17.33955938324952,300.66031960523645,1,0.0,0.0,0.0575180001629738,0.056596125955668,False,False,True,True,False,sign_inconsistent_positive_harmless,0.0
hexc_01116,1117,179604479,179604478,1,179604479,False,2,2.0,0,1,1,1.0,1.0,True,True,1,1,0,19.006267652274193,19.006267652274193,361.23821006988436,1,1,1,,0.0,0.0,0.0,0.0,0,0.0,0.0,0.0,1.0,0.5,1.0,0.0,0.0,0.0,0,0.0,inf,inf,False,False,1,0,1,0,0.0,0.0,0.0,1,1,0,19.006267652274197,19.006267652274197,361.2382100698844,1,0.0,0.0,0.0533605890133977,0.0517191068565509,False,False,True,True,False,sign_inconsistent_positive_harmless,0.0
hexc_01117,1118,17590163,17590162,1,17590163,False,2,2.0,0,1,1,1.0,1.0,True,True,1,1,0,16.682850383299574,16.682850383299574,278.31749691155875,1,1,1,,0.0,0.0,0.0,0.0,0,0.0,0.0,0.0,1.0,0.5,1.0,0.0,0.0,0.0,0,0.0,inf,inf,False,False,1,0,1,0,0.0,0.0,0.0,1,1,0,16.682850383299574,16.682850383299574,278.31749691155875,1,0.0,1.6339157829914289e-15,0.0601487557243022,0.0587799922744278,False,False,True,True,False,sign_inconsistent_positive_harmless,0.0
hexc_01118,1119,30802271,30802270,1,30802271,False,2,2.0,0,1,1,1.0,1.0,True,True,1,1,0,17.243098978991835,17.243098978991835,297.32446239930925,1,1,1,,0.0,0.0,0.0,0.0,0,0.0,0.0,0.0,1.0,0.5,1.0,0.0,0.0,0.0,0,0.0,inf,inf,False,False,1,0,1,0,0.0,0.0,0.0,1,1,0,17.243098978991835,17.243098978991835,297.32446239930925,1,0.0,0.0,0.0582828772431081,0.0569066829464862,False,False,True,True,False,sign_inconsistent_positive_harmless,0.0
hexc_01119,1120,178894409,178894408,1,178894409,False,2,2.0,0,1,1,1.0,1.0,True,True,1,1,0,19.00230629589445,19.00230629589445,361.08764456298985,1,1,1,,0.0,0.0,0.0,0.0,0,0.0,0.0,0.0,1.0,0.5,1.0,0.0,0.0,0.0,0,0.0,inf,inf,False,False,1,0,1,0,0.0,0.0,0.0,1,1,0,19.00230629589445,19.00230629589445,361.08764456298985,1,0.0,0.0,0.0527444806986635,0.0517297019495125,False,False,True,True,False,sign_inconsistent_positive_harmless,0.0
hexc_01120,1121,178036589,178036588,1,178036589,False,2,2.0,0,1,1,1.0,1.0,True,True,1,1,0,18.99749964331236,18.99749964331236,360.9049926976532,1,1,1,,0.0,0.0,0.0,0.0,0,0.0,0.0,0.0,1.0,0.5,1.0,0.0,0.0,0.0,0,0.0,inf,inf,False,False,1,0,1,0,0.0,0.0,0.0,1,1,0,18.99749964331236,18.99749964331236,360.9049926976532,1,0.0,0.0,0.0530767721992064,0.051742563711098,False,False,True,True,False,sign_inconsistent_positive_harmless,0.0
hexc_01121,1122,187494079,187494078,1,187494079,False,2,2.0,0,1,1,1.0,1.0,True,True,1,1,0,19.049257824209455,19.049257824209455,362.87422365320515,1,1,1,,0.0,0.0,0.0,0.0,0,0.0,0.0,0.0,1.0,0.5,1.0,0.0,0.0,0.0,0,0.0,inf,inf,False,False,1,0,1,0,0.0,0.0,0.0,1,1,0,19.04925782420945,19.04925782420945,362.8742236532052,1,0.0,2.5063634793804536e-15,0.0522201061251438,0.0516044032301008,False,False,True,True,False,sign_inconsistent_positive_harmless,0.0
hexc_01122,1123,187420817,187420816,1,187420817,False,2,2.0,0,1,1,1.0,1.0,True,True,1,1,0,19.048867004843707,19.048867004843707,362.85933416822326,1,1,1,,0.0,0.0,0.0,0.0,0,0.0,0.0,0.0,1.0,0.5,1.0,0.0,0.0,0.0,0,0.0,inf,inf,False,False,1,0,1,0,0.0,0.0,0.0,1,1,0,19.048867004843707,19.048867004843707,362.85933416822326,1,0.0,0.0,0.053034220917429,0.0516054436983638,False,False,True,True,False,sign_inconsistent_positive_harmless,0.0
hexc_01123,1124,3241151,3241150,1,3241151,False,2,2.0,0,1,1,1.0,1.0,True,True,1,1,0,14.991439071596847,14.991439071596847,224.74324543740053,1,1,1,,0.0,0.0,0.0,0.0,0,0.0,0.0,0.0,1.0,0.5,1.0,0.0,0.0,0.0,0,0.0,inf,inf,False,False,1,0,1,0,0.0,0.0,0.0,1,1,0,14.991439071596847,14.991439071596847,224.74324543740053,1,0.0,5.058520780028608e-16,0.0669522536547854,0.0652659837587084,False,False,True,True,False,sign_inconsistent_positive_harmless,0.0
hexc_01124,1125,178014073,178014072,1,178014073,False,2,2.0,0,1,1,1.0,1.0,True,True,1,1,0,18.99737316692889,18.99737316692889,360.90018724354985,1,1,1,,0.0,0.0,0.0,0.0,0,0.0,0.0,0.0,1.0,0.5,1.0,0.0,0.0,0.0,0,0.0,inf,inf,False,False,1,0,1,0,0.0,0.0,0.0,1,1,0,18.99737316692889,18.99737316692889,360.90018724354985,1,0.0,0.0,0.0528549473289295,0.0517429022261118,False,False,True,True,False,sign_inconsistent_positive_harmless,0.0
hexc_01125,1126,109494269,109494268,1,109494269,False,2,2.0,0,1,1,1.0,1.0,True,True,1,1,0,18.51138276795161,18.51138276795161,342.67129198161575,1,1,1,,0.0,0.0,0.0,0.0,0,0.0,0.0,0.0,1.0,0.5,1.0,0.0,0.0,0.0,0,0.0,inf,inf,False,False,1,0,1,0,0.0,0.0,0.0,1,1,0,18.51138276795161,18.51138276795161,342.6712919816157,1,0.0,0.0,0.0541033015819134,0.0530772000122116,False,False,True,True,False,sign_inconsistent_positive_harmless,0.0
hexc_01126,1127,604676357,604676356,1,604676357,True,2,2.0,0,1,1,1.0,1.0,True,True,1,1,0,20.220203925752426,20.220203925752426,408.8566467990138,1,1,1,,0.0,0.0,0.0,0.0,0,0.0,0.0,0.0,1.0,0.5,1.0,0.0,0.0,0.0,0,0.0,inf,inf,False,False,1,0,1,0,0.0,0.0,0.0,1,1,0,20.220203925752426,20.220203925752426,408.8566467990138,1,0.0,0.0,0.049416511214896,0.0486646212469041,False,False,False,True,False,sign_inconsistent_positive_harmless,0.0
hexc_01127,1128,12830347,12830346,1,12830347,False,2,2.0,0,1,1,1.0,1.0,True,True,1,1,0,16.367323782212054,16.367323782212054,267.8892877917643,1,1,1,,0.0,0.0,0.0,0.0,0,0.0,0.0,0.0,1.0,0.5,1.0,0.0,0.0,0.0,0,0.0,inf,inf,False,False,1,0,1,0,0.0,0.0,0.0,1,1,0,16.367323782212054,16.367323782212054,267.8892877917643,1,0.0,0.0,0.0604191265689465,0.0598903145753375,False,False,True,True,False,sign_inconsistent_positive_harmless,0.0
hexc_01128,1129,1510669,1510668,1,1510669,False,2,2.0,0,1,1,1.0,1.0,True,True,1,1,0,14.228063157032665,14.228063157032665,202.43778120051033,1,1,1,,0.0,0.0,0.0,0.0,0,0.0,0.0,0.0,1.0,0.5,1.0,0.0,0.0,0.0,0,0.0,inf,inf,False,False,1,0,1,0,0.0,0.0,0.0,1,1,0,14.228063157032665,14.228063157032665,202.43778120051036,1,0.0,0.0,0.0696682143827288,0.0686863539482304,False,False,True,True,False,sign_inconsistent_positive_harmless,0.0
hexc_01129,1130,180642733,180642732,1,180642733,False,2,2.0,0,1,1,1.0,1.0,True,True,1,1,0,19.01203178779059,19.01203178779059,361.45735269995987,1,1,1,,0.0,0.0,0.0,0.0,0,0.0,0.0,0.0,1.0,0.5,1.0,0.0,0.0,0.0,0,0.0,inf,inf,False,False,1,0,1,0,0.0,0.0,0.0,1,1,0,19.01203178779059,19.01203178779059,361.4573526999599,1,0.0,0.0,0.0527576768807692,0.0517036977756645,False,False,True,True,False,sign_inconsistent_positive_harmless,0.0
hexc_01130,1131,604713503,604713502,1,604713503,True,2,2.0,0,1,1,1.0,1.0,True,True,1,1,0,20.22026535507516,20.22026535507516,408.85913102965276,1,1,1,,0.0,0.0,0.0,0.0,0,0.0,0.0,0.0,1.0,0.5,1.0,0.0,0.0,0.0,0,0.0,inf,inf,False,False,1,0,1,0,0.0,0.0,0.0,1,1,0,20.22026535507516,20.22026535507516,408.8591310296528,1,0.0,4.448939171212818e-15,0.0496773189685459,0.0486644758060505,False,False,False,True,False,sign_inconsistent_positive_harmless,0.0
hexc_01131,1132,178013497,178013496,1,178013497,False,2,2.0,0,1,1,1.0,1.0,True,True,1,1,0,18.997369931224423,18.997369931224423,360.9000643037898,1,1,1,,0.0,0.0,0.0,0.0,0,0.0,0.0,0.0,1.0,0.5,1.0,0.0,0.0,0.0,0,0.0,inf,inf,False,False,1,0,1,0,0.0,0.0,0.0,1,1,0,18.997369931224423,18.997369931224423,360.9000643037898,1,0.0,0.0,0.0533559352645015,0.0517429108865596,False,False,True,True,False,sign_inconsistent_positive_harmless,0.0
hexc_01132,1133,178037773,178037772,1,178037773,False,2,2.0,0,1,1,1.0,1.0,True,True,1,1,0,18.997506293608623,18.997506293608623,360.9052453756992,1,1,1,,0.0,0.0,0.0,0.0,0,0.0,0.0,0.0,1.0,0.5,1.0,0.0,0.0,0.0,0,0.0,inf,inf,False,False,1,0,1,0,0.0,0.0,0.0,1,1,0,18.997506293608623,18.997506293608623,360.9052453756992,1,0.0,0.0,0.0532612509449289,0.0517425459116538,False,False,True,True,False,sign_inconsistent_positive_harmless,0.0
hexc_01133,1134,604432771,604432770,1,604432771,True,2,2.0,0,1,1,1.0,1.0,True,True,1,1,0,20.219801007607728,20.219801007607728,408.8403527872545,1,1,1,,0.0,0.0,0.0,0.0,0,0.0,0.0,0.0,1.0,0.5,1.0,0.0,0.0,0.0,0,0.0,inf,inf,False,False,1,0,1,0,0.0,0.0,0.0,1,1,0,20.219801007607728,20.219801007607728,408.8403527872545,1,0.0,4.449143513219674e-15,0.0500841735521508,0.048665575222613,False,False,False,True,False,sign_inconsistent_positive_harmless,0.0
hexc_01134,1135,30372631,30372630,1,30372631,False,2,2.0,0,1,1,1.0,1.0,True,True,1,1,0,17.229052464813922,17.229052464813922,296.84024883531066,1,1,1,,0.0,0.0,0.0,0.0,0,0.0,0.0,0.0,1.0,0.5,1.0,0.0,0.0,0.0,0,0.0,inf,inf,False,False,1,0,1,0,0.0,0.0,0.0,1,1,0,17.229052464813922,17.229052464813922,296.84024883531066,1,0.0,0.0,0.0598227360923421,0.0569521905002623,False,False,True,True,False,sign_inconsistent_positive_harmless,0.0
hexc_01135,1136,5897,5896,1,5897,False,2,2.0,0,1,1,1.0,1.0,True,True,1,1,0,8.682199026000504,8.682199026000504,75.3805799270841,1,1,1,,0.0,0.0,0.0,0.0,0,0.0,0.0,0.0,1.0,0.5,1.0,0.0,0.0,0.0,0,0.0,inf,inf,False,False,1,0,1,0,0.0,0.0,0.0,1,1,0,8.682199026000504,8.682199026000504,75.3805799270841,1,0.0,0.0,0.1166604661931528,0.1108886263423026,False,False,True,True,False,sign_inconsistent_positive_harmless,0.0
hexc_01136,1137,40397051,40397050,1,40397051,False,2,2.0,0,1,1,1.0,1.0,True,True,1,1,0,17.514267345217604,17.514267345217604,306.7495606397557,1,1,1,,0.0,0.0,0.0,0.0,0,0.0,0.0,0.0,1.0,0.5,1.0,0.0,0.0,0.0,0,0.0,inf,inf,False,False,1,0,1,0,0.0,0.0,0.0,1,1,0,17.514267345217604,17.514267345217604,306.7495606397557,1,0.0,1.4824710748991613e-15,0.0579228585683904,0.0560421903925931,False,False,True,True,False,sign_inconsistent_positive_harmless,0.0
hexc_01137,1138,33489319,33489318,1,33489319,False,2,2.0,0,1,1,1.0,1.0,True,True,1,1,0,17.326737110135454,17.326737110135454,300.2158188837451,1,1,1,,0.0,0.0,0.0,0.0,0,0.0,0.0,0.0,1.0,0.5,1.0,0.0,0.0,0.0,0,0.0,inf,inf,False,False,1,0,1,0,0.0,0.0,0.0,1,1,0,17.326737110135454,17.326737110135454,300.2158188837451,1,0.0,1.5147348083698396e-15,0.0576878486927585,0.0566372122173883,False,False,True,True,False,sign_inconsistent_positive_harmless,0.0
hexc_01138,1139,33921133,33921132,1,33921133,False,2,2.0,0,1,1,1.0,1.0,True,True,1,1,0,17.33954877045278,17.33954877045278,300.6599515629105,1,1,1,,0.0,0.0,0.0,0.0,0,0.0,0.0,0.0,1.0,0.5,1.0,0.0,0.0,0.0,0,0.0,inf,inf,False,False,1,0,1,0,0.0,0.0,0.0,1,1,0,17.33954877045278,17.33954877045278,300.6599515629105,1,0.0,0.0,0.0577584668244067,0.0565961599374902,False,False,True,True,False,sign_inconsistent_positive_harmless,0.0
hexc_01139,1140,109452439,109452438,1,109452439,False,2,2.0,0,1,1,1.0,1.0,True,True,1,1,0,18.51100066583287,18.51100066583287,342.657145650465,1,1,1,,0.0,0.0,0.0,0.0,0,0.0,0.0,0.0,1.0,0.5,1.0,0.0,0.0,0.0,0,0.0,inf,inf,False,False,1,0,1,0,0.0,0.0,0.0,1,1,0,18.51100066583287,18.51100066583287,342.657145650465,1,0.0,0.0,0.054684290006421,0.0530782761477435,False,False,True,True,False,sign_inconsistent_positive_harmless,0.0
hexc_01140,1141,179380801,179380800,1,179380801,False,2,2.0,0,1,1,1.0,1.0,True,True,1,1,0,19.00502148402492,19.00502148402492,361.1908416082487,1,1,1,,0.0,0.0,0.0,0.0,0,0.0,0.0,0.0,1.0,0.5,1.0,0.0,0.0,0.0,0,0.0,inf,inf,False,False,1,0,1,0,0.0,0.0,0.0,1,1,0,19.00502148402492,19.00502148402492,361.1908416082487,1,0.0,0.0,0.0527310857325823,0.0517224394058356,False,False,True,True,False,sign_inconsistent_positive_harmless,0.0
hexc_01141,1142,109507313,109507312,1,109507313,False,2,2.0,0,1,1,1.0,1.0,True,True,1,1,0,18.511501890378913,18.511501890378913,342.67570223750204,1,1,1,,0.0,0.0,0.0,0.0,0,0.0,0.0,0.0,1.0,0.5,1.0,0.0,0.0,0.0,0,0.0,inf,inf,False,False,1,0,1,0,0.0,0.0,0.0,1,1,0,18.511501890378916,18.511501890378916,342.67570223750204,1,0.0,0.0,0.0546230160820673,0.0530768645299911,False,False,True,True,False,sign_inconsistent_positive_harmless,0.0
hexc_01142,1143,109709489,109709488,1,109709489,False,2,2.0,0,1,1,1.0,1.0,True,True,1,1,0,18.5133464210488,18.5133464210488,342.7439957057605,1,1,1,,0.0,0.0,0.0,0.0,0,0.0,0.0,0.0,1.0,0.5,1.0,0.0,0.0,0.0,0,0.0,inf,inf,False,False,1,0,1,0,0.0,0.0,0.0,1,1,0,18.5133464210488,18.5133464210488,342.7439957057605,1,0.0,0.0,0.0541159908639181,0.0530716703544062,False,False,True,True,False,sign_inconsistent_positive_harmless,0.0
hexc_01143,1144,30402077,30402076,1,30402077,False,2,2.0,0,1,1,1.0,1.0,True,True,1,1,0,17.230021486411005,17.230021486411005,296.8736404221849,1,1,1,,0.0,0.0,0.0,0.0,0,0.0,0.0,0.0,1.0,0.5,1.0,0.0,0.0,0.0,0,0.0,inf,inf,False,False,1,0,1,0,0.0,0.0,0.0,1,1,0,17.230021486411005,17.230021486411005,296.8736404221849,1,0.0,0.0,0.059307463297189,0.0569490487514078,False,False,True,True,False,sign_inconsistent_positive_harmless,0.0
hexc_01144,1145,30402173,30402172,1,30402173,False,2,2.0,0,1,1,1.0,1.0,True,True,1,1,0,17.230024644085017,17.230024644085017,296.873749235777,1,1,1,,0.0,0.0,0.0,0.0,0,0.0,0.0,0.0,1.0,0.5,1.0,0.0,0.0,0.0,0,0.0,inf,inf,False,False,1,0,1,0,0.0,0.0,0.0,1,1,0,17.230024644085017,17.230024644085017,296.873749235777,1,0.0,0.0,0.0583819238538428,0.0569490385142064,False,False,True,True,False,sign_inconsistent_positive_harmless,0.0
hexc_01145,1146,604814009,604814008,1,604814009,True,2,2.0,0,1,1,1.0,1.0,True,True,1,1,0,20.22043154559044,20.22043154559044,408.865851889909,1,1,1,,0.0,0.0,0.0,0.0,0,0.0,0.0,0.0,1.0,0.5,1.0,0.0,0.0,0.0,0,0.0,inf,inf,False,False,1,0,1,0,0.0,0.0,0.0,1,1,0,20.22043154559044,20.22043154559044,408.865851889909,1,0.0,4.4488660403844056e-15,0.0494756295158382,0.0486640823356076,False,False,False,True,False,sign_inconsistent_positive_harmless,0.0
hexc_01146,1147,1518089,1518088,1,1518089,False,2,2.0,0,1,1,1.0,1.0,True,True,1,1,0,14.232962864995075,14.232962864995075,202.57723191632883,1,1,1,,0.0,0.0,0.0,0.0,0,0.0,0.0,0.0,1.0,0.5,1.0,0.0,0.0,0.0,0,0.0,inf,inf,False,False,1,0,1,0,0.0,0.0,0.0,1,1,0,14.232962864995075,14.232962864995075,202.57723191632883,1,0.0,0.0,0.0696981157976294,0.0686632582961747,False,False,True,True,False,sign_inconsistent_positive_harmless,0.0
hexc_01147,1148,33916499,33916498,1,33916499,False,2,2.0,0,1,1,1.0,1.0,True,True,1,1,0,17.339412150117706,17.339412150117706,300.65521371164954,1,1,1,,0.0,0.0,0.0,0.0,0,0.0,0.0,0.0,1.0,0.5,1.0,0.0,0.0,0.0,0,0.0,inf,inf,False,False,1,0,1,0,0.0,0.0,0.0,1,1,0,17.339412150117706,17.339412150117706,300.65521371164954,1,0.0,0.0,0.0585439458953165,0.0565965973949054,False,False,True,True,False,sign_inconsistent_positive_harmless,0.0
hexc_01148,1149,604692527,604692526,1,604692527,True,2,2.0,0,1,1,1.0,1.0,True,True,1,1,0,20.22023066697293,20.22023066697293,408.8577282255926,1,1,1,,0.0,0.0,0.0,0.0,0,0.0,0.0,0.0,1.0,0.5,1.0,0.0,0.0,0.0,0,0.0,inf,inf,False,False,1,0,1,0,0.0,0.0,0.0,1,1,0,20.22023066697293,20.22023066697293,408.8577282255926,1,0.0,4.448954435666691e-15,0.0502751394000731,0.0486645579339388,False,False,False,True,False,sign_inconsistent_positive_harmless,0.0
hexc_01149,1150,33822053,33822052,1,33822053,False,2,2.0,0,1,1,1.0,1.0,True,True,1,1,0,17.336623603317918,17.336623603317918,300.5585179631199,1,1,1,,0.0,0.0,0.0,0.0,0,0.0,0.0,0.0,1.0,0.5,1.0,0.0,0.0,0.0,0,0.0,inf,inf,False,False,1,0,1,0,0.0,0.0,0.0,1,1,0,17.336623603317918,17.336623603317918,300.5585179631199,1,0.0,0.0,0.0572889911098015,0.0566055277808021,False,False,True,True,False,sign_inconsistent_positive_harmless,0.0
hexc_01150,1151,30405101,30405100,1,30405101,False,2,2.0,0,1,1,1.0,1.0,True,True,1,1,0,17.230120948352898,17.230120948352898,296.87706789486936,1,1,1,,0.0,0.0,0.0,0.0,0,0.0,0.0,0.0,1.0,0.5,1.0,0.0,0.0,0.0,0,0.0,inf,inf,False,False,1,0,1,0,0.0,0.0,0.0,1,1,0,17.230120948352898,17.230120948352898,296.87706789486936,1,0.0,0.0,0.0583189578507988,0.0569487262968394,False,False,True,True,False,sign_inconsistent_positive_harmless,0.0
hexc_01151,1152,109688263,109688262,1,109688263,False,2,2.0,0,1,1,1.0,1.0,True,True,1,1,0,18.51315292772562,18.51315292772562,342.7368313253557,1,1,1,,0.0,0.0,0.0,0.0,0,0.0,0.0,0.0,1.0,0.5,1.0,0.0,0.0,0.0,0,0.0,inf,inf,False,False,1,0,1,0,0.0,0.0,0.0,1,1,0,18.51315292772562,18.51315292772562,342.7368313253557,1,0.0,0.0,0.0536493335791564,0.0530722151815025,False,False,True,True,False,sign_inconsistent_positive_harmless,0.0
hexc_01152,1153,604205809,604205808,1,604205809,True,2,2.0,0,1,1,1.0,1.0,True,True,1,1,0,20.219425441236734,20.219425441236734,408.82516517373125,1,1,1,,0.0,0.0,0.0,0.0,0,0.0,0.0,0.0,1.0,0.5,1.0,0.0,0.0,0.0,0,0.0,inf,inf,False,False,1,0,1,0,0.0,0.0,0.0,1,1,0,20.219425441236734,20.219425441236734,408.8251651737313,1,0.0,0.0,0.0500916480596878,0.0486664644721217,False,False,False,True,False,sign_inconsistent_positive_harmless,0.0
hexc_01153,1154,179151251,179151250,1,179151251,False,2,2.0,0,1,1,1.0,1.0,True,True,1,1,0,19.003740984666017,19.003740984666017,361.14217141227493,1,1,1,,0.0,0.0,0.0,0.0,0,0.0,0.0,0.0,1.0,0.5,1.0,0.0,0.0,0.0,0,0.0,inf,inf,False,False,1,0,1,0,0.0,0.0,0.0,1,1,0,19.003740984666017,19.003740984666017,361.1421714122749,1,0.0,0.0,0.0531896390827967,0.051725864211911,False,False,True,True,False,sign_inconsistent_positive_harmless,0.0
hexc_01154,1155,179408683,179408682,1,179408683,False,2,2.0,0,1,1,1.0,1.0,True,True,1,1,0,19.00517690664068,19.00517690664068,361.19674925270823,1,1,1,,0.0,0.0,0.0,0.0,0,0.0,0.0,0.0,1.0,0.5,1.0,0.0,0.0,0.0,0,0.0,inf,inf,False,False,1,0,1,0,0.0,0.0,0.0,1,1,0,19.00517690664068,19.00517690664068,361.1967492527082,1,0.0,0.0,0.0532792716347628,0.051722023745486,False,False,True,True,False,sign_inconsistent_positive_harmless,0.0
hexc_01155,1156,31018763,31018762,1,31018763,False,2,2.0,0,1,1,1.0,1.0,True,True,1,1,0,17.25010283741915,17.25010283741915,297.5660479015362,1,1,1,,0.0,0.0,0.0,0.0,0,0.0,0.0,0.0,1.0,0.5,1.0,0.0,0.0,0.0,0,0.0,inf,inf,False,False,1,0,1,0,0.0,0.0,0.0,1,1,0,17.25010283741915,17.25010283741915,297.5660479015362,1,0.0,0.0,0.0577392055749262,0.0568840191674695,False,False,True,True,False,sign_inconsistent_positive_harmless,0.0
hexc_01156,1157,179149627,179149626,1,179149627,False,2,2.0,0,1,1,1.0,1.0,True,True,1,1,0,19.003731919658925,19.003731919658925,361.1418268742635,1,1,1,,0.0,0.0,0.0,0.0,0,0.0,0.0,0.0,1.0,0.5,1.0,0.0,0.0,0.0,0,0.0,inf,inf,False,False,1,0,1,0,0.0,0.0,0.0,1,1,0,19.003731919658925,19.003731919658925,361.1418268742635,1,0.0,0.0,0.052449097351866,0.051725888458673,False,False,True,True,False,sign_inconsistent_positive_harmless,0.0
hexc_01157,1158,108625471,108625470,1,108625471,False,2,2.0,0,1,1,1.0,1.0,True,True,1,1,0,18.50341647755884,18.50341647755884,342.376421341996,1,1,1,,0.0,0.0,0.0,0.0,0,0.0,0.0,0.0,1.0,0.5,1.0,0.0,0.0,0.0,0,0.0,inf,inf,False,False,1,0,1,0,0.0,0.0,0.0,1,1,0,18.50341647755884,18.50341647755884,342.376421341996,1,0.0,0.0,0.0548992148437754,0.0530996449501397,False,False,True,True,False,sign_inconsistent_positive_harmless,0.0
hexc_01158,1159,179471161,179471160,1,179471161,False,2,2.0,0,1,1,1.0,1.0,True,True,1,1,0,19.005525090032286,19.005525090032286,361.20998394784675,1,1,1,,0.0,0.0,0.0,0.0,0,0.0,0.0,0.0,1.0,0.5,1.0,0.0,0.0,0.0,0,0.0,inf,inf,False,False,1,0,1,0,0.0,0.0,0.0,1,1,0,19.00552509003229,19.00552509003229,361.2099839478468,1,0.0,0.0,0.0528393789272466,0.0517210925923059,False,False,True,True,False,sign_inconsistent_positive_harmless,0.0
hexc_01159,1160,604676123,604676122,1,604676123,True,2,2.0,0,1,1,1.0,1.0,True,True,1,1,0,20.220203538768473,20.220203538768473,408.8566311492251,1,1,1,,0.0,0.0,0.0,0.0,0,0.0,0.0,0.0,1.0,0.5,1.0,0.0,0.0,0.0,0,0.0,inf,inf,False,False,1,0,1,0,0.0,0.0,0.0,1,1,0,20.220203538768477,20.220203538768477,408.8566311492251,1,0.0,0.0,0.0495283809568822,0.0486646221631335,False,False,False,True,False,sign_inconsistent_positive_harmless,0.0
hexc_01160,1161,33876413,33876412,1,33876413,False,2,2.0,0,1,1,1.0,1.0,True,True,1,1,0,17.338229548471332,17.338229548471332,300.6142038754844,1,1,1,,0.0,0.0,0.0,0.0,0,0.0,0.0,0.0,1.0,0.5,1.0,0.0,0.0,0.0,0,0.0,inf,inf,False,False,1,0,1,0,0.0,0.0,0.0,1,1,0,17.338229548471332,17.338229548471332,300.6142038754844,1,0.0,0.0,0.0585377659146537,0.0566003843601446,False,False,True,True,False,sign_inconsistent_positive_harmless,0.0
hexc_01161,1162,40835593,40835592,1,40835593,False,2,2.0,0,1,1,1.0,1.0,True,True,1,1,0,17.52506463652532,17.52506463652532,307.1278905143904,1,1,1,,0.0,0.0,0.0,0.0,0,0.0,0.0,0.0,1.0,0.5,1.0,0.0,0.0,0.0,0,0.0,inf,inf,False,False,1,0,1,0,0.0,0.0,0.0,1,1,0,17.52506463652532,17.52506463652532,307.1278905143904,1,0.0,0.0,0.0573022479213347,0.0560083115301421,False,False,True,True,False,sign_inconsistent_positive_harmless,0.0
hexc_01162,1163,33925349,33925348,1,33925349,False,2,2.0,0,1,1,1.0,1.0,True,True,1,1,0,17.339673051030964,17.339673051030964,300.66426151664945,1,1,1,,0.0,0.0,0.0,0.0,0,0.0,0.0,0.0,1.0,0.5,1.0,0.0,0.0,0.0,0,0.0,inf,inf,False,False,1,0,1,0,0.0,0.0,0.0,1,1,0,17.339673051030964,17.339673051030964,300.66426151664945,1,0.0,0.0,0.0586968995381285,0.0565957619977692,False,False,True,True,False,sign_inconsistent_positive_harmless,0.0
hexc_01163,1164,604356979,604356978,1,604356979,True,2,2.0,0,1,1,1.0,1.0,True,True,1,1,0,20.219675606147135,20.219675606147135,408.8352816178215,1,1,1,,0.0,0.0,0.0,0.0,0,0.0,0.0,0.0,1.0,0.5,1.0,0.0,0.0,0.0,0,0.0,inf,inf,False,False,1,0,1,0,0.0,0.0,0.0,1,1,0,20.21967560614713,20.21967560614713,408.8352816178215,1,0.0,0.0,0.0497916518374952,0.0486658721390544,False,False,False,True,False,sign_inconsistent_positive_harmless,0.0
hexc_01164,1165,179410001,179410000,1,179410001,False,2,2.0,0,1,1,1.0,1.0,True,True,1,1,0,19.005184252969393,19.005184252969393,361.19702848931576,1,1,1,,0.0,0.0,0.0,0.0,0,0.0,0.0,0.0,1.0,0.5,1.0,0.0,0.0,0.0,0,0.0,inf,inf,False,False,1,0,1,0,0.0,0.0,0.0,1,1,0,19.005184252969396,19.005184252969396,361.19702848931576,1,0.0,2.518001616948051e-15,0.0523424802961385,0.0517220040987172,False,False,True,True,False,sign_inconsistent_positive_harmless,0.0
hexc_01165,1166,109568141,109568140,1,109568141,False,2,2.0,0,1,1,1.0,1.0,True,True,1,1,0,18.512057205914747,18.512057205914747,342.6962619950601,1,1,1,,0.0,0.0,0.0,0.0,0,0.0,0.0,0.0,1.0,0.5,1.0,0.0,0.0,0.0,0,0.0,inf,inf,False,False,1,0,1,0,0.0,0.0,0.0,1,1,0,18.512057205914747,18.512057205914747,342.6962619950601,1,0.0,0.0,0.0550760585666167,0.0530753006613676,False,False,True,True,False,sign_inconsistent_positive_harmless,0.0
hexc_01166,1167,180641137,180641136,1,180641137,False,2,2.0,0,1,1,1.0,1.0,True,True,1,1,0,19.012022952632798,19.012022952632798,361.4570167514363,1,1,1,,0.0,0.0,0.0,0.0,0,0.0,0.0,0.0,1.0,0.5,1.0,0.0,0.0,0.0,0,0.0,inf,inf,False,False,1,0,1,0,0.0,0.0,0.0,1,1,0,19.0120229526328,19.0120229526328,361.4570167514363,1,0.0,0.0,0.0527240326383938,0.0517037213873874,False,False,True,True,False,sign_inconsistent_positive_harmless,0.0
hexc_01167,1168,604866191,604866190,1,604866191,True,2,2.0,0,1,1,1.0,1.0,True,True,1,1,0,20.220517819632178,20.220517819632178,408.8693408940625,1,1,1,,0.0,0.0,0.0,0.0,0,0.0,0.0,0.0,1.0,0.5,1.0,0.0,0.0,0.0,0,0.0,inf,inf,False,False,1,0,1,0,0.0,0.0,0.0,1,1,0,20.220517819632175,20.220517819632175,408.8693408940625,1,0.0,0.0,0.0499181365283003,0.0486638780768542,False,False,False,True,False,sign_inconsistent_positive_harmless,0.0
hexc_01168,1169,179436911,179436910,1,179436911,False,2,2.0,0,1,1,1.0,1.0,True,True,1,1,0,19.0053342333602,19.0053342333602,361.20272932173305,1,1,1,,0.0,0.0,0.0,0.0,0,0.0,0.0,0.0,1.0,0.5,1.0,0.0,0.0,0.0,0,0.0,inf,inf,False,False,1,0,1,0,0.0,0.0,0.0,1,1,0,19.0053342333602,19.0053342333602,361.20272932173305,1,0.0,0.0,0.0526897268156398,0.0517216029996259,False,False,True,True,False,sign_inconsistent_positive_harmless,0.0
hexc_01169,1170,40835407,40835406,1,40835407,False,2,2.0,0,1,1,1.0,1.0,True,True,1,1,0,17.525060081664968,17.525060081664968,307.12773086596695,1,1,1,,0.0,0.0,0.0,0.0,0,0.0,0.0,0.0,1.0,0.5,1.0,0.0,0.0,0.0,0,0.0,inf,inf,False,False,1,0,1,0,0.0,0.0,0.0,1,1,0,17.525060081664968,17.525060081664968,307.1277308659669,1,0.0,1.4806456896753477e-15,0.0577275682750923,0.0560083258133793,False,False,True,True,False,sign_inconsistent_positive_harmless,0.0
hexc_01170,1171,109710487,109710486,1,109710487,False,2,2.0,0,1,1,1.0,1.0,True,True,1,1,0,18.5133555177593,18.5133555177593,342.74433252694877,1,1,1,,0.0,0.0,0.0,0.0,0,0.0,0.0,0.0,1.0,0.5,1.0,0.0,0.0,0.0,0,0.0,inf,inf,False,False,1,0,1,0,0.0,0.0,0.0,1,1,0,18.5133555177593,18.5133555177593,342.7443325269488,1,0.0,0.0,0.053558207608188,0.0530716447407002,False,False,True,True,False,sign_inconsistent_positive_harmless,0.0
hexc_01171,1172,108553853,108553852,1,108553853,False,2,2.0,0,1,1,1.0,1.0,True,True,1,1,0,18.502756948822157,18.502756948822157,342.3520147071866,1,1,1,,0.0,0.0,0.0,0.0,0,0.0,0.0,0.0,1.0,0.5,1.0,0.0,0.0,0.0,0,0.0,inf,inf,False,False,1,0,1,0,0.0,0.0,0.0,1,1,0,18.50275694882216,18.50275694882216,342.3520147071866,1,0.0,0.0,0.0549840791501077,0.0531015040158899,False,False,True,True,False,sign_inconsistent_positive_harmless,0.0
hexc_01172,1173,76018253,76018252,1,76018253,False,2,2.0,0,1,1,1.0,1.0,True,True,1,1,0,18.146484040466788,18.146484040466788,329.29488303091586,1,1,1,,0.0,0.0,0.0,0.0,0,0.0,0.0,0.0,1.0,0.5,1.0,0.0,0.0,0.0,0,0.0,inf,inf,False,False,1,0,1,0,0.0,0.0,0.0,1,1,0,18.146484040466788,18.146484040466788,329.29488303091586,1,0.0,2.7619460509124898e-15,0.0557750751240321,0.0541251470761365,False,False,True,True,False,sign_inconsistent_positive_harmless,0.0
hexc_01173,1174,604873349,604873348,1,604873349,True,2,2.0,0,1,1,1.0,1.0,True,True,1,1,0,20.220529653584467,20.220529653584467,408.86981947148877,1,1,1,,0.0,0.0,0.0,0.0,0,0.0,0.0,0.0,1.0,0.5,1.0,0.0,0.0,0.0,0,0.0,inf,inf,False,False,1,0,1,0,0.0,0.0,0.0,1,1,0,20.220529653584467,20.220529653584467,408.8698194714888,1,0.0,0.0,0.0492944218218632,0.0486638500594246,False,False,False,True,False,sign_inconsistent_positive_harmless,0.0
hexc_01174,1175,17586113,17586112,1,17586113,False,2,2.0,0,1,1,1.0,1.0,True,True,1,1,0,16.682620114466232,16.682620114466232,278.30981388359334,1,1,1,,0.0,0.0,0.0,0.0,0,0.0,0.0,0.0,1.0,0.5,1.0,0.0,0.0,0.0,0,0.0,inf,inf,False,False,1,0,1,0,0.0,0.0,0.0,1,1,0,16.682620114466232,16.682620114466232,278.30981388359334,1,0.0,1.6339608889130588e-15,0.0608489823387839,0.0587807875733352,False,False,True,True,False,sign_inconsistent_positive_harmless,0.0
hexc_01175,1176,108582377,108582376,1,108582377,False,2,2.0,0,1,1,1.0,1.0,True,True,1,1,0,18.50301967789472,18.50301967789472,342.3617372005592,1,1,1,,0.0,0.0,0.0,0.0,0,0.0,0.0,0.0,1.0,0.5,1.0,0.0,0.0,0.0,0,0.0,inf,inf,False,False,1,0,1,0,0.0,0.0,0.0,1,1,0,18.50301967789472,18.50301967789472,342.3617372005592,1,0.0,0.0,0.0551686357806357,0.0531007634251025,False,False,True,True,False,sign_inconsistent_positive_harmless,0.0
hexc_01176,1177,109526147,109526146,1,109526147,False,2,2.0,0,1,1,1.0,1.0,True,True,1,1,0,18.511673864104264,18.511673864104264,342.68206925096086,1,1,1,,0.0,0.0,0.0,0.0,0,0.0,0.0,0.0,1.0,0.5,1.0,0.0,0.0,0.0,0,0.0,inf,inf,False,False,1,0,1,0,0.0,0.0,0.0,1,1,0,18.511673864104264,18.511673864104264,342.68206925096086,1,0.0,0.0,0.0541493262269027,0.0530763802111399,False,False,True,True,False,sign_inconsistent_positive_harmless,0.0
hexc_01177,1178,33388547,33388546,1,33388547,False,2,2.0,0,1,1,1.0,1.0,True,True,1,1,0,17.323723494950226,17.323723494950226,300.1113957294905,1,1,1,,0.0,0.0,0.0,0.0,0,0.0,0.0,0.0,1.0,0.5,1.0,0.0,0.0,0.0,0,0.0,inf,inf,False,False,1,0,1,0,0.0,0.0,0.0,1,1,0,17.323723494950226,17.323723494950226,300.1113957294905,1,0.0,0.0,0.0581067238097937,0.0566468773657425,False,False,True,True,False,sign_inconsistent_positive_harmless,0.0
hexc_01178,1179,179642423,179642422,1,179642423,False,2,2.0,0,1,1,1.0,1.0,True,True,1,1,0,19.006478894180134,19.006478894180134,361.24623995491487,1,1,1,,0.0,0.0,0.0,0.0,0,0.0,0.0,0.0,1.0,0.5,1.0,0.0,0.0,0.0,0,0.0,inf,inf,False,False,1,0,1,0,0.0,0.0,0.0,1,1,0,19.00647889418013,19.00647889418013,361.24623995491487,1,0.0,0.0,0.0534641342034545,0.0517185419881803,False,False,True,True,False,sign_inconsistent_positive_harmless,0.0
hexc_01179,1180,178911827,178911826,1,178911827,False,2,2.0,0,1,1,1.0,1.0,True,True,1,1,0,19.00240365585222,19.00240365585222,361.0913446999458,1,1,1,,0.0,0.0,0.0,0.0,0,0.0,0.0,0.0,1.0,0.5,1.0,0.0,0.0,0.0,0,0.0,inf,inf,False,False,1,0,1,0,0.0,0.0,0.0,1,1,0,19.00240365585222,19.00240365585222,361.0913446999458,1,0.0,0.0,0.0531932038027157,0.0517294414973413,False,False,True,True,False,sign_inconsistent_positive_harmless,0.0
hexc_01180,1181,604810847,604810846,1,604810847,True,2,2.0,0,1,1,1.0,1.0,True,True,1,1,0,20.220426317523266,20.220426317523266,408.8656404623875,1,1,1,,0.0,0.0,0.0,0.0,0,0.0,0.0,0.0,1.0,0.5,1.0,0.0,0.0,0.0,0,0.0,inf,inf,False,False,1,0,1,0,0.0,0.0,0.0,1,1,0,20.220426317523263,20.220426317523263,408.8656404623875,1,0.0,0.0,0.0504180546017721,0.0486640947134184,False,False,False,True,False,sign_inconsistent_positive_harmless,0.0
hexc_01181,1182,39693151,39693150,1,39693151,False,2,2.0,0,1,1,1.0,1.0,True,True,1,1,0,17.496689211882636,17.496689211882636,306.1341333772102,1,1,1,,0.0,0.0,0.0,0.0,0,0.0,0.0,0.0,1.0,0.5,1.0,0.0,0.0,0.0,0,0.0,inf,inf,False,False,1,0,1,0,0.0,0.0,0.0,1,1,0,17.496689211882636,17.496689211882636,306.1341333772102,1,0.0,0.0,0.0581312364374822,0.0560974333617426,False,False,True,True,False,sign_inconsistent_positive_harmless,0.0
hexc_01182,1183,108591871,108591870,1,108591871,False,2,2.0,0,1,1,1.0,1.0,True,True,1,1,0,18.503107109992158,18.503107109992158,342.36497272384236,1,1,1,,0.0,0.0,0.0,0.0,0,0.0,0.0,0.0,1.0,0.5,1.0,0.0,0.0,0.0,0,0.0,inf,inf,False,False,1,0,1,0,0.0,0.0,0.0,1,1,0,18.50310710999216,18.50310710999216,342.3649727238424,1,0.0,0.0,0.0542251619253325,0.053100516972733,False,False,True,True,False,sign_inconsistent_positive_harmless,0.0
hexc_01183,1184,33902969,33902968,1,33902969,False,2,2.0,0,1,1,1.0,1.0,True,True,1,1,0,17.33901314963662,17.33901314963662,300.64137700327166,1,1,1,,0.0,0.0,0.0,0.0,0,0.0,0.0,0.0,1.0,0.5,1.0,0.0,0.0,0.0,0,0.0,inf,inf,False,False,1,0,1,0,0.0,0.0,0.0,1,1,0,17.33901314963662,17.33901314963662,300.64137700327166,1,0.0,1.5125906999870994e-15,0.0587979559752038,0.0565978750305272,False,False,True,True,False,sign_inconsistent_positive_harmless,0.0
hexc_01184,1185,178906097,178906096,1,178906097,False,2,2.0,0,1,1,1.0,1.0,True,True,1,1,0,19.002371628390115,19.002371628390115,361.0901275034456,1,1,1,,0.0,0.0,0.0,0.0,0,0.0,0.0,0.0,1.0,0.5,1.0,0.0,0.0,0.0,0,0.0,inf,inf,False,False,1,0,1,0,0.0,0.0,0.0,1,1,0,19.002371628390115,19.002371628390115,361.0901275034456,1,0.0,0.0,0.0527304486763606,0.0517295271752114,False,False,True,True,False,sign_inconsistent_positive_harmless,0.0
hexc_01185,1186,180640561,180640560,1,180640561,False,2,2.0,0,1,1,1.0,1.0,True,True,1,1,0,19.01201976398525,19.01201976398525,361.4568955061658,1,1,1,,0.0,0.0,0.0,0.0,0,0.0,0.0,0.0,1.0,0.5,1.0,0.0,0.0,0.0,0,0.0,inf,inf,False,False,1,0,1,0,0.0,0.0,0.0,1,1,0,19.01201976398525,19.01201976398525,361.4568955061658,1,0.0,0.0,0.0532380313320722,0.0517037299089683,False,False,True,True,False,sign_inconsistent_positive_harmless,0.0
hexc_01186,1187,108593897,108593896,1,108593897,False,2,2.0,0,1,1,1.0,1.0,True,True,1,1,0,18.503125766831587,18.503125766831587,342.365663143187,1,1,1,,0.0,0.0,0.0,0.0,0,0.0,0.0,0.0,1.0,0.5,1.0,0.0,0.0,0.0,0,0.0,inf,inf,False,False,1,0,1,0,0.0,0.0,0.0,1,1,0,18.503125766831587,18.503125766831587,342.365663143187,1,0.0,0.0,0.0546529133139765,0.0531004643833947,False,False,True,True,False,sign_inconsistent_positive_harmless,0.0
hexc_01187,1188,30776233,30776232,1,30776233,False,2,2.0,0,1,1,1.0,1.0,True,True,1,1,0,17.242253294220024,17.242253294220024,297.29529866204126,1,1,1,,0.0,0.0,0.0,0.0,0,0.0,0.0,0.0,1.0,0.5,1.0,0.0,0.0,0.0,0,0.0,inf,inf,False,False,1,0,1,0,0.0,0.0,0.0,1,1,0,17.242253294220024,17.242253294220024,297.29529866204126,1,0.0,0.0,0.0579233664053522,0.0569094207185992,False,False,True,True,False,sign_inconsistent_positive_harmless,0.0
hexc_01188,1189,33863147,33863146,1,33863147,False,2,2.0,0,1,1,1.0,1.0,True,True,1,1,0,17.337837871874388,17.337837871874388,300.6006220714018,1,1,1,,0.0,0.0,0.0,0.0,0,0.0,0.0,0.0,1.0,0.5,1.0,0.0,0.0,0.0,0,0.0,inf,inf,False,False,1,0,1,0,0.0,0.0,0.0,1,1,0,17.337837871874388,17.337837871874388,300.6006220714018,1,0.0,0.0,0.0579572781844086,0.0566016387112884,False,False,True,True,False,sign_inconsistent_positive_harmless,0.0
hexc_01189,1190,109814501,109814500,1,109814501,False,2,2.0,0,1,1,1.0,1.0,True,True,1,1,0,18.514303145714837,18.514303145714837,342.7794209714263,1,1,1,,0.0,0.0,0.0,0.0,0,0.0,0.0,0.0,1.0,0.5,1.0,0.0,0.0,0.0,0,0.0,inf,inf,False,False,1,0,1,0,0.0,0.0,0.0,1,1,0,18.51430314571484,18.51430314571484,342.7794209714263,1,0.0,0.0,0.0546547784088785,0.053068976629818,False,False,True,True,False,sign_inconsistent_positive_harmless,0.0
hexc_01190,1191,179382943,179382942,1,179382943,False,2,2.0,0,1,1,1.0,1.0,True,True,1,1,0,19.005033425030863,19.005033425030863,361.19129548654035,1,1,1,,0.0,0.0,0.0,0.0,0,0.0,0.0,0.0,1.0,0.5,1.0,0.0,0.0,0.0,0,0.0,inf,inf,False,False,1,0,1,0,0.0,0.0,0.0,1,1,0,19.005033425030863,19.005033425030863,361.1912954865404,1,0.0,0.0,0.0537636723765154,0.0517224074707182,False,False,True,True,False,sign_inconsistent_positive_harmless,0.0
hexc_01191,1192,179662363,179662362,1,179662363,False,2,2.0,0,1,1,1.0,1.0,True,True,1,1,0,19.006589886300457,19.006589886300457,361.2504591060188,1,1,1,,0.0,0.0,0.0,0.0,0,0.0,0.0,0.0,1.0,0.5,1.0,0.0,0.0,0.0,0,0.0,inf,inf,False,False,1,0,1,0,0.0,0.0,0.0,1,1,0,19.006589886300457,19.006589886300457,361.2504591060188,1,0.0,0.0,0.0537690815764019,0.0517182451962444,False,False,True,True,False,sign_inconsistent_positive_harmless,0.0
hexc_01192,1193,604692299,604692298,1,604692299,True,2,2.0,0,1,1,1.0,1.0,True,True,1,1,0,20.220230289921734,20.220230289921734,408.85771297746834,1,1,1,,0.0,0.0,0.0,0.0,0,0.0,0.0,0.0,1.0,0.5,1.0,0.0,0.0,0.0,0,0.0,inf,inf,False,False,1,0,1,0,0.0,0.0,0.0,1,1,0,20.220230289921734,20.220230289921734,408.85771297746834,1,0.0,0.0,0.0501551319285789,0.0486645588266508,False,False,False,True,False,sign_inconsistent_positive_harmless,0.0
hexc_01193,1194,30418693,30418692,1,30418693,False,2,2.0,0,1,1,1.0,1.0,True,True,1,1,0,17.23056787871789,17.23056787871789,296.89246942310467,1,1,1,,0.0,0.0,0.0,0.0,0,0.0,0.0,0.0,1.0,0.5,1.0,0.0,0.0,0.0,0,0.0,inf,inf,False,False,1,0,1,0,0.0,0.0,0.0,1,1,0,17.23056787871789,17.23056787871789,296.89246942310467,1,0.0,1.531690418992739e-15,0.0576454444892701,0.0569472773983478,False,False,True,True,False,sign_inconsistent_positive_harmless,0.0
hexc_01194,1195,187449671,187449670,1,187449671,False,2,2.0,0,1,1,1.0,1.0,True,True,1,1,0,19.049020946009954,19.049020946009954,362.8651990015259,1,1,1,,0.0,0.0,0.0,0.0,0,0.0,0.0,0.0,1.0,0.5,1.0,0.0,0.0,0.0,0,0.0,inf,inf,False,False,1,0,1,0,0.0,0.0,0.0,1,1,0,19.049020946009957,19.049020946009957,362.8651990015259,1,0.0,0.0,0.0531234516953333,0.0516050338597813,False,False,True,True,False,sign_inconsistent_positive_harmless,0.0
hexc_01195,1196,108596063,108596062,1,108596063,False,2,2.0,0,1,1,1.0,1.0,True,True,1,1,0,18.503145712504953,18.503145712504953,342.3664012581904,1,1,1,,0.0,0.0,0.0,0.0,0,0.0,0.0,0.0,1.0,0.5,1.0,0.0,0.0,0.0,0,0.0,inf,inf,False,False,1,0,1,0,0.0,0.0,0.0,1,1,0,18.503145712504956,18.503145712504956,342.3664012581904,1,0.0,2.656495200552833e-15,0.0546575804301915,0.0531004081612425,False,False,True,True,False,sign_inconsistent_positive_harmless,0.0
hexc_01196,1197,31020191,31020190,1,31020191,False,2,2.0,0,1,1,1.0,1.0,True,True,1,1,0,17.25014887301157,17.25014887301157,297.5676361410624,1,1,1,,0.0,0.0,0.0,0.0,0,0.0,0.0,0.0,1.0,0.5,1.0,0.0,0.0,0.0,0,0.0,inf,inf,False,False,1,0,1,0,0.0,0.0,0.0,1,1,0,17.25014887301157,17.25014887301157,297.5676361410624,1,0.0,0.0,0.0591767793252844,0.0568838702606329,False,False,True,True,False,sign_inconsistent_positive_harmless,0.0
hexc_01197,1198,108595631,108595630,1,108595631,False,2,2.0,0,1,1,1.0,1.0,True,True,1,1,0,18.503141734452274,18.503141734452274,342.36625404522954,1,1,1,,0.0,0.0,0.0,0.0,0,0.0,0.0,0.0,1.0,0.5,1.0,0.0,0.0,0.0,0,0.0,inf,inf,False,False,1,0,1,0,0.0,0.0,0.0,1,1,0,18.503141734452274,18.503141734452274,342.36625404522954,1,0.0,0.0,0.0540053006478409,0.0531004193744239,False,False,True,True,False,sign_inconsistent_positive_harmless,0.0
hexc_01198,1199,354353,354352,1,354353,False,2,2.0,0,1,1,1.0,1.0,True,True,1,1,0,12.778048870408293,12.778048870408293,163.27853293454265,1,1,1,,0.0,0.0,0.0,0.0,0,0.0,0.0,0.0,1.0,0.5,1.0,0.0,0.0,0.0,0,0.0,inf,inf,False,False,1,0,1,0,0.0,0.0,0.0,1,1,0,12.778048870408291,12.778048870408291,163.27853293454265,1,0.0,0.0,0.0773429809248389,0.0762788505112386,False,False,True,True,False,sign_inconsistent_positive_harmless,0.0
hexc_01199,1200,2274949,2274948,1,2274949,False,2,2.0,0,1,1,1.0,1.0,True,True,1,1,0,14.637468192533493,14.637468192533493,214.25547508742974,1,1,1,,0.0,0.0,0.0,0.0,0,0.0,0.0,0.0,1.0,0.5,1.0,0.0,0.0,0.0,0,0.0,inf,inf,False,False,1,0,1,0,0.0,0.0,0.0,1,1,0,14.637468192533492,14.637468192533492,214.25547508742972,1,0.0,0.0,0.0676804907283951,0.0668086457146189,False,False,True,True,False,sign_inconsistent_positive_harmless,0.0
hexc_01200,1201,112219463,112219462,1,112219463,False,2,2.0,0,1,1,1.0,1.0,True,True,1,1,0,18.53596700303238,18.53596700303238,343.58207273750514,1,1,1,,0.0,0.0,0.0,0.0,0,0.0,0.0,0.0,1.0,0.5,1.0,0.0,0.0,0.0,0,0.0,inf,inf,False,False,1,0,1,0,0.0,0.0,0.0,1,1,0,18.53596700303238,18.53596700303238,343.58207273750514,1,0.0,0.0,0.0541123728605688,0.0530080536301641,False,False,True,True,False,sign_inconsistent_positive_harmless,0.0
hexc_01201,1202,604864277,604864276,1,604864277,True,2,2.0,0,1,1,1.0,1.0,True,True,1,1,0,20.220514655290945,20.220514655290945,408.8692129248359,1,1,1,,0.0,0.0,0.0,0.0,0,0.0,0.0,0.0,1.0,0.5,1.0,0.0,0.0,0.0,0,0.0,inf,inf,False,False,1,0,1,0,0.0,0.0,0.0,1,1,0,20.220514655290945,20.220514655290945,408.8692129248359,1,0.0,0.0,0.0500681122179068,0.0486638855685838,False,False,False,True,False,sign_inconsistent_positive_harmless,0.0
hexc_01202,1203,187422077,187422076,1,187422077,False,2,2.0,0,1,1,1.0,1.0,True,True,1,1,0,19.048873727660226,19.048873727660226,362.85959029234397,1,1,1,,0.0,0.0,0.0,0.0,0,0.0,0.0,0.0,1.0,0.5,1.0,0.0,0.0,0.0,0,0.0,inf,inf,False,False,1,0,1,0,0.0,0.0,0.0,1,1,0,19.048873727660222,19.048873727660222,362.859590292344,1,0.0,0.0,0.0534687166989851,0.0516054258000269,False,False,True,True,False,sign_inconsistent_positive_harmless,0.0
hexc_01203,1204,109588861,109588860,1,109588861,False,2,2.0,0,1,1,1.0,1.0,True,True,1,1,0,18.512246294101505,18.512246294101505,342.7032628534749,1,1,1,,0.0,0.0,0.0,0.0,0,0.0,0.0,0.0,1.0,0.5,1.0,0.0,0.0,0.0,0,0.0,inf,inf,False,False,1,0,1,0,0.0,0.0,0.0,1,1,0,18.512246294101505,18.512246294101505,342.7032628534749,1,0.0,0.0,0.0533838541467366,0.0530747681759836,False,False,True,True,False,sign_inconsistent_positive_harmless,0.0
hexc_01204,1205,30387079,30387078,1,30387079,False,2,2.0,0,1,1,1.0,1.0,True,True,1,1,0,17.22952804312963,17.22952804312963,296.85663658899034,1,1,1,,0.0,0.0,0.0,0.0,0,0.0,0.0,0.0,1.0,0.5,1.0,0.0,0.0,0.0,0,0.0,inf,inf,False,False,1,0,1,0,0.0,0.0,0.0,1,1,0,17.22952804312963,17.22952804312963,296.85663658899034,1,0.0,0.0,0.0588391431046485,0.0569506485433129,False,False,True,True,False,sign_inconsistent_positive_harmless,0.0
hexc_01205,1206,33471577,33471576,1,33471577,False,2,2.0,0,1,1,1.0,1.0,True,True,1,1,0,17.326207188898582,17.326207188898582,300.1974555526409,1,1,1,,0.0,0.0,0.0,0.0,0,0.0,0.0,0.0,1.0,0.5,1.0,0.0,0.0,0.0,0,0.0,inf,inf,False,False,1,0,1,0,0.0,0.0,0.0,1,1,0,17.326207188898582,17.326207188898582,300.1974555526409,1,0.0,0.0,0.0576972499092111,0.0566389115210774,False,False,True,True,False,sign_inconsistent_positive_harmless,0.0
hexc_01206,1207,39638069,39638068,1,39638069,False,2,2.0,0,1,1,1.0,1.0,True,True,1,1,0,17.495300552818737,17.495300552818737,306.0855414334596,1,1,1,,0.0,0.0,0.0,0.0,0,0.0,0.0,0.0,1.0,0.5,1.0,0.0,0.0,0.0,0,0.0,inf,inf,False,False,1,0,1,0,0.0,0.0,0.0,1,1,0,17.495300552818737,17.495300552818737,306.0855414334596,1,0.0,1.4856871342461706e-15,0.0585308390628215,0.0561018021543883,False,False,True,True,False,sign_inconsistent_positive_harmless,0.0
hexc_01207,1208,30802309,30802308,1,30802309,False,2,2.0,0,1,1,1.0,1.0,True,True,1,1,0,17.243100212666345,17.243100212666345,297.3245049440541,1,1,1,,0.0,0.0,0.0,0.0,0,0.0,0.0,0.0,1.0,0.5,1.0,0.0,0.0,0.0,0,0.0,inf,inf,False,False,1,0,1,0,0.0,0.0,0.0,1,1,0,17.243100212666345,17.243100212666345,297.3245049440541,1,0.0,0.0,0.0583791167720737,0.0569066789528504,False,False,True,True,False,sign_inconsistent_positive_harmless,0.0
hexc_01208,1209,109593481,109593480,1,109593481,False,2,2.0,0,1,1,1.0,1.0,True,True,1,1,0,18.51228845078218,18.51228845078218,342.7048236849633,1,1,1,,0.0,0.0,0.0,0.0,0,0.0,0.0,0.0,1.0,0.5,1.0,0.0,0.0,0.0,0,0.0,inf,inf,False,False,1,0,1,0,0.0,0.0,0.0,1,1,0,18.51228845078218,18.51228845078218,342.7048236849633,1,0.0,2.653871900586364e-15,0.0552477469879636,0.0530746494613185,False,False,True,True,False,sign_inconsistent_positive_harmless,0.0
hexc_01209,1210,604170643,604170642,1,604170643,True,2,2.0,0,1,1,1.0,1.0,True,True,1,1,0,20.21936723752058,20.21936723752058,408.8228114857206,1,1,1,,0.0,0.0,0.0,0.0,0,0.0,0.0,0.0,1.0,0.5,1.0,0.0,0.0,0.0,0,0.0,inf,inf,False,False,1,0,1,0,0.0,0.0,0.0,1,1,0,20.21936723752058,20.21936723752058,408.8228114857206,1,0.0,4.449334411980067e-15,0.0502961014855357,0.048666602287226,False,False,False,True,False,sign_inconsistent_positive_harmless,0.0
hexc_01210,1211,109590113,109590112,1,109590113,False,2,2.0,0,1,1,1.0,1.0,True,True,1,1,0,18.51225771855502,18.51225771855502,342.70368583819993,1,1,1,,0.0,0.0,0.0,0.0,0,0.0,0.0,0.0,1.0,0.5,1.0,0.0,0.0,0.0,0,0.0,inf,inf,False,False,1,0,1,0,0.0,0.0,0.0,1,1,0,18.51225771855502,18.51225771855502,342.7036858382,1,0.0,0.0,0.0544964114389901,0.0530747360042776,False,False,True,True,False,sign_inconsistent_positive_harmless,0.0
hexc_01211,1212,7103101,7103100,1,7103101,False,2,2.0,0,1,1,1.0,1.0,True,True,1,1,0,15.776042007222792,15.776042007222792,248.88350141365814,1,1,1,,0.0,0.0,0.0,0.0,0,0.0,0.0,0.0,1.0,0.5,1.0,0.0,0.0,0.0,0,0.0,inf,inf,False,False,1,0,1,0,0.0,0.0,0.0,1,1,0,15.776042007222792,15.776042007222792,248.8835014136581,1,0.0,9.1357472131238e-16,0.0628547651992971,0.0620880526609892,False,False,True,True,False,sign_inconsistent_positive_harmless,0.0
hexc_01212,1213,3241201,3241200,1,3241201,False,2,2.0,0,1,1,1.0,1.0,True,True,1,1,0,14.991454498096365,14.991454498096365,224.74370796849374,1,1,1,,0.0,0.0,0.0,0.0,0,0.0,0.0,0.0,1.0,0.5,1.0,0.0,0.0,0.0,0,0.0,inf,inf,False,False,1,0,1,0,0.0,0.0,0.0,1,1,0,14.991454498096363,14.991454498096363,224.7437079684937,1,0.0,5.058510369400576e-16,0.0680971441582546,0.06526591807924,False,False,True,True,False,sign_inconsistent_positive_harmless,0.0
hexc_01213,1214,604810753,604810752,1,604810753,True,2,2.0,0,1,1,1.0,1.0,True,True,1,1,0,20.22042616210276,20.22042616210276,408.8656341770498,1,1,1,,0.0,0.0,0.0,0.0,0,0.0,0.0,0.0,1.0,0.5,1.0,0.0,0.0,0.0,0,0.0,inf,inf,False,False,1,0,1,0,0.0,0.0,0.0,1,1,0,20.22042616210276,20.22042616210276,408.8656341770498,1,0.0,4.448868409317535e-15,0.0492954387906353,0.0486640950813841,False,False,False,True,False,sign_inconsistent_positive_harmless,0.0
hexc_01214,1215,30386869,30386868,1,30386869,False,2,2.0,0,1,1,1.0,1.0,True,True,1,1,0,17.229521132273682,17.229521132273682,296.8563984474654,1,1,1,,0.0,0.0,0.0,0.0,0,0.0,0.0,0.0,1.0,0.5,1.0,0.0,0.0,0.0,0,0.0,inf,inf,False,False,1,0,1,0,0.0,0.0,0.0,1,1,0,17.229521132273682,17.229521132273682,296.8563984474654,1,0.0,0.0,0.0588988442425862,0.0569506709496291,False,False,True,True,False,sign_inconsistent_positive_harmless,0.0
hexc_01215,1216,112219519,112219518,1,112219519,False,2,2.0,0,1,1,1.0,1.0,True,True,1,1,0,18.535967502054426,18.535967502054426,343.5820912372178,1,1,1,,0.0,0.0,0.0,0.0,0,0.0,0.0,0.0,1.0,0.5,1.0,0.0,0.0,0.0,0,0.0,inf,inf,False,False,1,0,1,0,0.0,0.0,0.0,1,1,0,18.535967502054422,18.535967502054422,343.5820912372178,1,0.0,0.0,0.0541406508320508,0.0530080522284283,False,False,True,True,False,sign_inconsistent_positive_harmless,0.0
hexc_01216,1217,178039549,178039548,1,178039549,False,2,2.0,0,1,1,1.0,1.0,True,True,1,1,0,18.9975162689701,18.9975162689701,360.90562438978355,1,1,1,,0.0,0.0,0.0,0.0,0,0.0,0.0,0.0,1.0,0.5,1.0,0.0,0.0,0.0,0,0.0,inf,inf,False,False,1,0,1,0,0.0,0.0,0.0,1,1,0,18.9975162689701,18.9975162689701,360.9056243897836,1,0.0,0.0,0.0534149386688814,0.051742519212729,False,False,True,True,False,sign_inconsistent_positive_harmless,0.0
hexc_01217,1218,109705303,109705302,1,109705303,False,2,2.0,0,1,1,1.0,1.0,True,True,1,1,0,18.51330826500688,18.51330826500688,342.7425829151721,1,1,1,,0.0,0.0,0.0,0.0,0,0.0,0.0,0.0,1.0,0.5,1.0,0.0,0.0,0.0,0,0.0,inf,inf,False,False,1,0,1,0,0.0,0.0,0.0,1,1,0,18.51330826500688,18.51330826500688,342.7425829151721,1,0.0,0.0,0.0547102046489548,0.0530717777910569,False,False,True,True,False,sign_inconsistent_positive_harmless,0.0
hexc_01218,1219,109726283,109726282,1,109726283,False,2,2.0,0,1,1,1.0,1.0,True,True,1,1,0,18.513499486338745,18.513499486338745,342.74966323066496,1,1,1,,0.0,0.0,0.0,0.0,0,0.0,0.0,0.0,1.0,0.5,1.0,0.0,0.0,0.0,0,0.0,inf,inf,False,False,1,0,1,0,0.0,0.0,0.0,1,1,0,18.513499486338745,18.513499486338745,342.74966323066496,1,0.0,0.0,0.0543187954462519,0.0530712393701091,False,False,True,True,False,sign_inconsistent_positive_harmless,0.0
hexc_01219,1220,17640167,17640166,1,17640167,False,2,2.0,0,1,1,1.0,1.0,True,True,1,1,0,16.68568907561829,16.68568907561829,278.4122199282075,1,1,1,,0.0,0.0,0.0,0.0,0,0.0,0.0,0.0,1.0,0.5,1.0,0.0,0.0,0.0,0,0.0,inf,inf,False,False,1,0,1,0,0.0,0.0,0.0,1,1,0,16.68568907561829,16.68568907561829,278.4122199282075,1,0.0,0.0,0.0599169349585089,0.05877018981005,False,False,True,True,False,sign_inconsistent_positive_harmless,0.0
hexc_01220,1221,76024139,76024138,1,76024139,False,2,2.0,0,1,1,1.0,1.0,True,True,1,1,0,18.146561466241604,18.146561466241604,329.2976930480846,1,1,1,,0.0,0.0,0.0,0.0,0,0.0,0.0,0.0,1.0,0.5,1.0,0.0,0.0,0.0,0,0.0,inf,inf,False,False,1,0,1,0,0.0,0.0,0.0,1,1,0,18.146561466241604,18.146561466241604,329.2976930480846,1,0.0,0.0,0.0557012615372335,0.0541249203304898,False,False,True,True,False,sign_inconsistent_positive_harmless,0.0
hexc_01221,1222,109591463,109591462,1,109591463,False,2,2.0,0,1,1,1.0,1.0,True,True,1,1,0,18.512270037108657,18.512270037108657,342.7041419268309,1,1,1,,0.0,0.0,0.0,0.0,0,0.0,0.0,0.0,1.0,0.5,1.0,0.0,0.0,0.0,0,0.0,inf,inf,False,False,1,0,1,0,0.0,0.0,0.0,1,1,0,18.512270037108657,18.512270037108657,342.7041419268309,1,0.0,0.0,0.0544056248012128,0.0530747013147905,False,False,True,True,False,sign_inconsistent_positive_harmless,0.0
hexc_01222,1223,604432651,604432650,1,604432651,True,2,2.0,0,1,1,1.0,1.0,True,True,1,1,0,20.21980080907446,20.21980080907446,408.8403447586482,1,1,1,,0.0,0.0,0.0,0.0,0,0.0,0.0,0.0,1.0,0.5,1.0,0.0,0.0,0.0,0,0.0,inf,inf,False,False,1,0,1,0,0.0,0.0,0.0,1,1,0,20.21980080907446,20.21980080907446,408.8403447586482,1,0.0,0.0,0.0500016508242014,0.0486655756926819,False,False,False,True,False,sign_inconsistent_positive_harmless,0.0
hexc_01223,1224,12784633,12784632,1,12784633,False,2,2.0,0,1,1,1.0,1.0,True,True,1,1,0,16.363754460781138,16.363754460781138,267.7724600527346,1,1,1,,0.0,0.0,0.0,0.0,0,0.0,0.0,0.0,1.0,0.5,1.0,0.0,0.0,0.0,0,0.0,inf,inf,False,False,1,0,1,0,0.0,0.0,0.0,1,1,0,16.363754460781138,16.363754460781138,267.7724600527346,1,0.0,8.491301734258018e-16,0.0605715274214732,0.0599031147289093,False,False,True,True,False,sign_inconsistent_positive_harmless,0.0
hexc_01224,1225,178013449,178013448,1,178013449,False,2,2.0,0,1,1,1.0,1.0,True,True,1,1,0,18.99736966158191,18.99736966158191,360.90005405879276,1,1,1,,0.0,0.0,0.0,0.0,0,0.0,0.0,0.0,1.0,0.5,1.0,0.0,0.0,0.0,0,0.0,inf,inf,False,False,1,0,1,0,0.0,0.0,0.0,1,1,0,18.99736966158191,18.99736966158191,360.9000540587928,1,0.0,2.5200736091459998e-15,0.0528018279129453,0.051742911608265,False,False,True,True,False,sign_inconsistent_positive_harmless,0.0
hexc_01225,1226,179412329,179412328,1,179412329,False,2,2.0,0,1,1,1.0,1.0,True,True,1,1,0,19.005197228750472,19.005197228750472,361.19752170370464,1,1,1,,0.0,0.0,0.0,0.0,0,0.0,0.0,0.0,1.0,0.5,1.0,0.0,0.0,0.0,0,0.0,inf,inf,False,False,1,0,1,0,0.0,0.0,0.0,1,1,0,19.005197228750472,19.005197228750472,361.19752170370464,1,0.0,0.0,0.0530676064879347,0.051721969396777,False,False,True,True,False,sign_inconsistent_positive_harmless,0.0
hexc_01226,1227,2275549,2275548,1,2275549,False,2,2.0,0,1,1,1.0,1.0,True,True,1,1,0,14.637731899935837,14.637731899935837,214.2631951743992,1,1,1,,0.0,0.0,0.0,0.0,0,0.0,0.0,0.0,1.0,0.5,1.0,0.0,0.0,0.0,0,0.0,inf,inf,False,False,1,0,1,0,0.0,0.0,0.0,1,1,0,14.637731899935837,14.637731899935837,214.2631951743992,1,0.0,0.0,0.0675544847184339,0.066807469305611,False,False,True,True,False,sign_inconsistent_positive_harmless,0.0
hexc_01227,1228,108624221,108624220,1,108624221,False,2,2.0,0,1,1,1.0,1.0,True,True,1,1,0,18.503404970062665,18.503404970062665,342.37599548613974,1,1,1,,0.0,0.0,0.0,0.0,0,0.0,0.0,0.0,1.0,0.5,1.0,0.0,0.0,0.0,0,0.0,inf,inf,False,False,1,0,1,0,0.0,0.0,0.0,1,1,0,18.503404970062665,18.503404970062665,342.37599548613974,1,0.0,0.0,0.0550486957228522,0.0530996773861124,False,False,True,True,False,sign_inconsistent_positive_harmless,0.0
hexc_01228,1229,604693459,604693458,1,604693459,True,2,2.0,0,1,1,1.0,1.0,True,True,1,1,0,20.22023220825092,20.22023220825092,408.8577905555879,1,1,1,,0.0,0.0,0.0,0.0,0,0.0,0.0,0.0,1.0,0.5,1.0,0.0,0.0,0.0,0,0.0,inf,inf,False,False,1,0,1,0,0.0,0.0,0.0,1,1,0,20.22023220825092,20.22023220825092,408.8577905555879,1,0.0,0.0,0.0497381509976261,0.0486645542847902,False,False,False,True,False,sign_inconsistent_positive_harmless,0.0
hexc_01229,1230,109670843,109670842,1,109670843,False,2,2.0,0,1,1,1.0,1.0,True,True,1,1,0,18.5129941014033,18.5129941014033,342.73095059859344,1,1,1,,0.0,0.0,0.0,0.0,0,0.0,0.0,0.0,1.0,0.5,1.0,0.0,0.0,0.0,0,0.0,inf,inf,False,False,1,0,1,0,0.0,0.0,0.0,1,1,0,18.5129941014033,18.5129941014033,342.73095059859344,1,0.0,0.0,0.0544253157005279,0.0530726624036566,False,False,True,True,False,sign_inconsistent_positive_harmless,0.0
hexc_01230,1231,604325339,604325338,1,604325339,True,2,2.0,0,1,1,1.0,1.0,True,True,1,1,0,20.21962325161272,20.21962325161272,408.83316443715773,1,1,1,,0.0,0.0,0.0,0.0,0,0.0,0.0,0.0,1.0,0.5,1.0,0.0,0.0,0.0,0,0.0,inf,inf,False,False,1,0,1,0,0.0,0.0,0.0,1,1,0,20.21962325161272,20.21962325161272,408.8331644371577,1,0.0,0.0,0.0497866222158572,0.0486659961013767,False,False,False,True,False,sign_inconsistent_positive_harmless,0.0
hexc_01231,1232,604813789,604813788,1,604813789,True,2,2.0,0,1,1,1.0,1.0,True,True,1,1,0,20.220431181842184,20.220431181842184,408.8658371796157,1,1,1,,0.0,0.0,0.0,0.0,0,0.0,0.0,0.0,1.0,0.5,1.0,0.0,0.0,0.0,0,0.0,inf,inf,False,False,1,0,1,0,0.0,0.0,0.0,1,1,0,20.220431181842184,20.220431181842184,408.8658371796157,1,0.0,0.0,0.0497481806740492,0.0486640831968093,False,False,False,True,False,sign_inconsistent_positive_harmless,0.0
hexc_01232,1233,187505431,187505430,1,187505431,False,2,2.0,0,1,1,1.0,1.0,True,True,1,1,0,19.049318368288585,19.049318368288585,362.8765302964169,1,1,1,,0.0,0.0,0.0,0.0,0,0.0,0.0,0.0,1.0,0.5,1.0,0.0,0.0,0.0,0,0.0,inf,inf,False,False,1,0,1,0,0.0,0.0,0.0,1,1,0,19.049318368288585,19.049318368288585,362.8765302964169,1,0.0,0.0,0.0533554619999509,0.051604242048921,False,False,True,True,False,sign_inconsistent_positive_harmless,0.0
hexc_01233,1234,109507157,109507156,1,109507157,False,2,2.0,0,1,1,1.0,1.0,True,True,1,1,0,18.511500465815505,18.511500465815505,342.6756494958877,1,1,1,,0.0,0.0,0.0,0.0,0,0.0,0.0,0.0,1.0,0.5,1.0,0.0,0.0,0.0,0,0.0,inf,inf,False,False,1,0,1,0,0.0,0.0,0.0,1,1,0,18.511500465815505,18.511500465815505,342.6756494958877,1,0.0,2.6540978418247448e-15,0.054893244927348,0.0530768685419342,False,False,True,True,False,sign_inconsistent_positive_harmless,0.0
hexc_01234,1235,108832939,108832938,1,108832939,False,2,2.0,0,1,1,1.0,1.0,True,True,1,1,0,18.505324594728904,18.505324594728904,342.4470383562785,1,1,1,,0.0,0.0,0.0,0.0,0,0.0,0.0,0.0,1.0,0.5,1.0,0.0,0.0,0.0,0,0.0,inf,inf,False,False,1,0,1,0,0.0,0.0,0.0,1,1,0,18.505324594728904,18.505324594728904,342.4470383562785,1,0.0,0.0,0.0548802733348801,0.0530942671223004,False,False,True,True,False,sign_inconsistent_positive_harmless,0.0
hexc_01235,1236,180641081,180641080,1,180641081,False,2,2.0,0,1,1,1.0,1.0,True,True,1,1,0,19.012022642625844,19.012022642625844,361.4570049637178,1,1,1,,0.0,0.0,0.0,0.0,0,0.0,0.0,0.0,1.0,0.5,1.0,0.0,0.0,0.0,0,0.0,inf,inf,False,False,1,0,1,0,0.0,0.0,0.0,1,1,0,19.012022642625844,19.012022642625844,361.4570049637178,1,0.0,0.0,0.0526178784625598,0.0517037222158737,False,False,True,True,False,sign_inconsistent_positive_harmless,0.0
hexc_01236,1237,604691159,604691158,1,604691159,True,2,2.0,0,1,1,1.0,1.0,True,True,1,1,0,20.2202284046636,20.2202284046636,408.85763673676473,1,1,1,,0.0,0.0,0.0,0.0,0,0.0,0.0,0.0,1.0,0.5,1.0,0.0,0.0,0.0,0,0.0,inf,inf,False,False,1,0,1,0,0.0,0.0,0.0,1,1,0,20.2202284046636,20.2202284046636,408.85763673676473,1,0.0,4.448955431195672e-15,0.0499289457582351,0.0486645632902127,False,False,False,True,False,sign_inconsistent_positive_harmless,0.0
hexc_01237,1238,109710067,109710066,1,109710067,False,2,2.0,0,1,1,1.0,1.0,True,True,1,1,0,18.513351689494424,18.513351689494424,342.74419077890605,1,1,1,,0.0,0.0,0.0,0.0,0,0.0,0.0,0.0,1.0,0.5,1.0,0.0,0.0,0.0,0,0.0,inf,inf,False,False,1,0,1,0,0.0,0.0,0.0,1,1,0,18.513351689494424,18.513351689494424,342.74419077890605,1,0.0,0.0,0.0541693985501834,0.053071655519986,False,False,True,True,False,sign_inconsistent_positive_harmless,0.0
hexc_01238,1239,108596263,108596262,1,108596263,False,2,2.0,0,1,1,1.0,1.0,True,True,1,1,0,18.503147554190647,18.503147554190647,342.36646941215133,1,1,1,,0.0,0.0,0.0,0.0,0,0.0,0.0,0.0,1.0,0.5,1.0,0.0,0.0,0.0,0,0.0,inf,inf,False,False,1,0,1,0,0.0,0.0,0.0,1,1,0,18.503147554190647,18.503147554190647,342.36646941215133,1,0.0,2.656494671731566e-15,0.0540306422510587,0.0531004029699684,False,False,True,True,False,sign_inconsistent_positive_harmless,0.0
hexc_01239,1240,604674857,604674856,1,604674857,True,2,2.0,0,1,1,1.0,1.0,True,True,1,1,0,20.22020144508348,20.22020144508348,408.856546479756,1,1,1,,0.0,0.0,0.0,0.0,0,0.0,0.0,0.0,1.0,0.5,1.0,0.0,0.0,0.0,0,0.0,inf,inf,False,False,1,0,1,0,0.0,0.0,0.0,1,1,0,20.22020144508348,20.22020144508348,408.856546479756,1,0.0,4.448967294781769e-15,0.0497429223679394,0.0486646271201823,False,False,False,True,False,sign_inconsistent_positive_harmless,0.0
hexc_01240,1241,40844981,40844980,1,40844981,False,2,2.0,0,1,1,1.0,1.0,True,True,1,1,0,17.525294507584782,17.525294507584782,307.1359475775813,1,1,1,,0.0,0.0,0.0,0.0,0,0.0,0.0,0.0,1.0,0.5,1.0,0.0,0.0,0.0,0,0.0,inf,inf,False,False,1,0,1,0,0.0,0.0,0.0,1,1,0,17.525294507584782,17.525294507584782,307.1359475775813,1,0.0,0.0,0.0568777991674119,0.0560075907045687,False,False,True,True,False,sign_inconsistent_positive_harmless,0.0
hexc_01241,1242,33915443,33915442,1,33915443,False,2,2.0,0,1,1,1.0,1.0,True,True,1,1,0,17.339381014343942,17.339381014343942,300.65413396059114,1,1,1,,0.0,0.0,0.0,0.0,0,0.0,0.0,0.0,1.0,0.5,1.0,0.0,0.0,0.0,0,0.0,inf,inf,False,False,1,0,1,0,0.0,0.0,0.0,1,1,0,17.339381014343942,17.339381014343942,300.65413396059114,1,0.0,0.0,0.0574527273383092,0.0565966970923952,False,False,True,True,False,sign_inconsistent_positive_harmless,0.0
hexc_01242,1243,180643423,180643422,1,180643423,False,2,2.0,0,1,1,1.0,1.0,True,True,1,1,0,19.0120356074775,19.0120356074775,361.4574979399924,1,1,1,,0.0,0.0,0.0,0.0,0,0.0,0.0,0.0,1.0,0.5,1.0,0.0,0.0,0.0,0,0.0,inf,inf,False,False,1,0,1,0,0.0,0.0,0.0,1,1,0,19.0120356074775,19.0120356074775,361.4574979399924,1,0.0,0.0,0.0534700948311592,0.0517036875676594,False,False,True,True,False,sign_inconsistent_positive_harmless,0.0
hexc_01243,1244,108531719,108531718,1,108531719,False,2,2.0,0,1,1,1.0,1.0,True,True,1,1,0,18.502553029235305,18.502553029235305,342.34446859966454,1,1,1,,0.0,0.0,0.0,0.0,0,0.0,0.0,0.0,1.0,0.5,1.0,0.0,0.0,0.0,0,0.0,inf,inf,False,False,1,0,1,0,0.0,0.0,0.0,1,1,0,18.502553029235305,18.502553029235305,342.34446859966454,1,0.0,0.0,0.0541241277962125,0.0531020788464798,False,False,True,True,False,sign_inconsistent_positive_harmless,0.0
hexc_01244,1245,108835757,108835756,1,108835757,False,2,2.0,0,1,1,1.0,1.0,True,True,1,1,0,18.505350487289956,18.505350487289956,342.4479966574426,1,1,1,,0.0,0.0,0.0,0.0,0,0.0,0.0,0.0,1.0,0.5,1.0,0.0,0.0,0.0,0,0.0,inf,inf,False,False,1,0,1,0,0.0,0.0,0.0,1,1,0,18.50535048728996,18.50535048728996,342.4479966574426,1,0.0,0.0,0.0544483994163014,0.0530941941543253,False,False,True,True,False,sign_inconsistent_positive_harmless,0.0
hexc_01245,1246,109496897,109496896,1,109496897,False,2,2.0,0,1,1,1.0,1.0,True,True,1,1,0,18.51140676891976,18.51140676891976,342.6721805644083,1,1,1,,0.0,0.0,0.0,0.0,0,0.0,0.0,0.0,1.0,0.5,1.0,0.0,0.0,0.0,0,0.0,inf,inf,False,False,1,0,1,0,0.0,0.0,0.0,1,1,0,18.51140676891976,18.51140676891976,342.6721805644083,1,0.0,0.0,0.0538157413221827,0.0530771324184023,False,False,True,True,False,sign_inconsistent_positive_harmless,0.0
hexc_01246,1247,108555593,108555592,1,108555593,False,2,2.0,0,1,1,1.0,1.0,True,True,1,1,0,18.50277297760425,18.50277297760425,342.35260786076196,1,1,1,,0.0,0.0,0.0,0.0,0,0.0,0.0,0.0,1.0,0.5,1.0,0.0,0.0,0.0,0,0.0,inf,inf,False,False,1,0,1,0,0.0,0.0,0.0,1,1,0,18.50277297760425,18.50277297760425,342.352607860762,1,0.0,0.0,0.053939505601574,0.0531014588327545,False,False,True,True,False,sign_inconsistent_positive_harmless,0.0
hexc_01247,1248,109683107,109683106,1,109683107,False,2,2.0,0,1,1,1.0,1.0,True,True,1,1,0,18.51310592067998,18.51310592067998,342.7350908303161,1,1,1,,0.0,0.0,0.0,0.0,0,0.0,0.0,0.0,1.0,0.5,1.0,0.0,0.0,0.0,0,0.0,inf,inf,False,False,1,0,1,0,0.0,0.0,0.0,1,1,0,18.51310592067998,18.51310592067998,342.7350908303161,1,0.0,0.0,0.053791839156681,0.05307234754286,False,False,True,True,False,sign_inconsistent_positive_harmless,0.0
hexc_01248,1249,30348053,30348052,1,30348053,False,2,2.0,0,1,1,1.0,1.0,True,True,1,1,0,17.228242921846906,17.228242921846906,296.81235417416804,1,1,1,,0.0,0.0,0.0,0.0,0,0.0,0.0,0.0,1.0,0.5,1.0,0.0,0.0,0.0,0,0.0,inf,inf,False,False,1,0,1,0,0.0,0.0,0.0,1,1,0,17.228242921846906,17.228242921846906,296.81235417416804,1,0.0,0.0,0.0588533961673744,0.0569548154553147,False,False,True,True,False,sign_inconsistent_positive_harmless,0.0
hexc_01249,1250,30650057,30650056,1,30650057,False,2,2.0,0,1,1,1.0,1.0,True,True,1,1,0,17.238145080051126,17.238145080051126,297.15364580089084,1,1,1,,0.0,0.0,0.0,0.0,0,0.0,0.0,0.0,1.0,0.5,1.0,0.0,0.0,0.0,0,0.0,inf,inf,False,False,1,0,1,0,0.0,0.0,0.0,1,1,0,17.238145080051126,17.238145080051126,297.15364580089084,1,0.0,0.0,0.0582871795959794,0.0569227241666932,False,False,True,True,False,sign_inconsistent_positive_harmless,0.0
hexc_01250,1251,30422963,30422962,1,30422963,False,2,2.0,0,1,1,1.0,1.0,True,True,1,1,0,17.230708243076382,17.230708243076382,296.8973065580204,1,1,1,,0.0,0.0,0.0,0.0,0,0.0,0.0,0.0,1.0,0.5,1.0,0.0,0.0,0.0,0,0.0,inf,inf,False,False,1,0,1,0,0.0,0.0,0.0,1,1,0,17.230708243076382,17.230708243076382,296.8973065580204,1,0.0,1.5316654642590917e-15,0.0576765885135855,0.0569468223679293,False,False,True,True,False,sign_inconsistent_positive_harmless,0.0
hexc_01251,1252,108804461,108804460,1,108804461,False,2,2.0,0,1,1,1.0,1.0,True,True,1,1,0,18.505062893383798,18.505062893383798,342.43735268808996,1,1,1,,0.0,0.0,0.0,0.0,0,0.0,0.0,0.0,1.0,0.5,1.0,0.0,0.0,0.0,0,0.0,inf,inf,False,False,1,0,1,0,0.0,0.0,0.0,1,1,0,18.5050628933838,18.5050628933838,342.43735268809,1,0.0,0.0,0.0549550380031999,0.0530950046356205,False,False,True,True,False,sign_inconsistent_positive_harmless,0.0
hexc_01252,1253,604828963,604828962,1,604828963,True,2,2.0,0,1,1,1.0,1.0,True,True,1,1,0,20.22045627024118,20.22045627024118,408.8668517767358,1,1,1,,0.0,0.0,0.0,0.0,0,0.0,0.0,0.0,1.0,0.5,1.0,0.0,0.0,0.0,0,0.0,inf,inf,False,False,1,0,1,0,0.0,0.0,0.0,1,1,0,20.22045627024118,20.22045627024118,408.8668517767358,1,0.0,4.4488551606505045e-15,0.0501964922524844,0.0486640237984059,False,False,False,True,False,sign_inconsistent_positive_harmless,0.0
hexc_01253,1254,604838293,604838292,1,604838293,True,2,2.0,0,1,1,1.0,1.0,True,True,1,1,0,20.22047169597078,20.22047169597078,408.86747560755543,1,1,1,,0.0,0.0,0.0,0.0,0,0.0,0.0,0.0,1.0,0.5,1.0,0.0,0.0,0.0,0,0.0,inf,inf,False,False,1,0,1,0,0.0,0.0,0.0,1,1,0,20.22047169597078,20.22047169597078,408.8674756075554,1,0.0,0.0,0.0499339613526072,0.0486639872770631,False,False,False,True,False,sign_inconsistent_positive_harmless,0.0
hexc_01254,1255,112219651,112219650,1,112219651,False,2,2.0,0,1,1,1.0,1.0,True,True,1,1,0,18.53596867831969,18.53596867831969,343.58213484364865,1,1,1,,0.0,0.0,0.0,0.0,0,0.0,0.0,0.0,1.0,0.5,1.0,0.0,0.0,0.0,0,0.0,inf,inf,False,False,1,0,1,0,0.0,0.0,0.0,1,1,0,18.53596867831969,18.53596867831969,343.58213484364865,1,0.0,0.0,0.0541834620826938,0.0530080489243363,False,False,True,True,False,sign_inconsistent_positive_harmless,0.0
hexc_01255,1256,179380469,179380468,1,179380469,False,2,2.0,0,1,1,1.0,1.0,True,True,1,1,0,19.00501963321198,19.00501963321198,361.1907712587728,1,1,1,,0.0,0.0,0.0,0.0,0,0.0,0.0,0.0,1.0,0.5,1.0,0.0,0.0,0.0,0,0.0,inf,inf,False,False,1,0,1,0,0.0,0.0,0.0,1,1,0,19.00501963321198,19.00501963321198,361.1907712587728,1,0.0,0.0,0.0526369272801094,0.0517224443556657,False,False,True,True,False,sign_inconsistent_positive_harmless,0.0
hexc_01256,1257,30784291,30784290,1,30784291,False,2,2.0,0,1,1,1.0,1.0,True,True,1,1,0,17.24251508536547,17.24251508536547,297.30432646905575,1,1,1,,0.0,0.0,0.0,0.0,0,0.0,0.0,0.0,1.0,0.5,1.0,0.0,0.0,0.0,0,0.0,inf,inf,False,False,1,0,1,0,0.0,0.0,0.0,1,1,0,17.24251508536547,17.24251508536547,297.3043264690557,1,0.0,1.5295685612358405e-15,0.0583171498986228,0.0569085731825925,False,False,True,True,False,sign_inconsistent_positive_harmless,0.0
hexc_01257,1258,178878053,178878052,1,178878053,False,2,2.0,0,1,1,1.0,1.0,True,True,1,1,0,19.002214863480003,19.002214863480003,361.08416971786033,1,1,1,,0.0,0.0,0.0,0.0,0,0.0,0.0,0.0,1.0,0.5,1.0,0.0,0.0,0.0,0,0.0,inf,inf,False,False,1,0,1,0,0.0,0.0,0.0,1,1,0,19.002214863480003,19.002214863480003,361.08416971786033,1,0.0,0.0,0.0539744023408078,0.0517299465470185,False,False,True,True,False,sign_inconsistent_positive_harmless,0.0
hexc_01258,1259,33902221,33902220,1,33902221,False,2,2.0,0,1,1,1.0,1.0,True,True,1,1,0,17.338991086428774,17.338991086428774,300.6406118952565,1,1,1,,0.0,0.0,0.0,0.0,0,0.0,0.0,0.0,1.0,0.5,1.0,0.0,0.0,0.0,0,0.0,inf,inf,False,False,1,0,1,0,0.0,0.0,0.0,1,1,0,17.338991086428774,17.338991086428774,300.6406118952565,1,0.0,1.5125945494180228e-15,0.058713318484109,0.0565979456805964,False,False,True,True,False,sign_inconsistent_positive_harmless,0.0
hexc_01259,1260,108563909,108563908,1,108563909,False,2,2.0,0,1,1,1.0,1.0,True,True,1,1,0,18.502849580580282,18.502849580580282,342.3554426015799,1,1,1,,0.0,0.0,0.0,0.0,0,0.0,0.0,0.0,1.0,0.5,1.0,0.0,0.0,0.0,0,0.0,inf,inf,False,False,1,0,1,0,0.0,0.0,0.0,1,1,0,18.50284958058028,18.50284958058028,342.3554426015799,1,0.0,0.0,0.0547342177082776,0.0531012428995798,False,False,True,True,False,sign_inconsistent_positive_harmless,0.0
hexc_01260,1261,30423017,30423016,1,30423017,False,2,2.0,0,1,1,1.0,1.0,True,True,1,1,0,17.230710018049844,17.230710018049844,296.89736772612326,1,1,1,,0.0,0.0,0.0,0.0,0,0.0,0.0,0.0,1.0,0.5,1.0,0.0,0.0,0.0,0,0.0,inf,inf,False,False,1,0,1,0,0.0,0.0,0.0,1,1,0,17.230710018049844,17.230710018049844,296.89736772612326,1,0.0,0.0,0.0579399010587369,0.0569468166139019,False,False,True,True,False,sign_inconsistent_positive_harmless,0.0
hexc_01261,1262,604871021,604871020,1,604871021,True,2,2.0,0,1,1,1.0,1.0,True,True,1,1,0,20.22052580483748,20.22052580483748,408.8696638240984,1,1,1,,0.0,0.0,0.0,0.0,0,0.0,0.0,0.0,1.0,0.5,1.0,0.0,0.0,0.0,0,0.0,inf,inf,False,False,1,0,1,0,0.0,0.0,0.0,1,1,0,20.22052580483748,20.22052580483748,408.8696638240984,1,0.0,0.0,0.049249868910108,0.0486638591715077,False,False,False,True,False,sign_inconsistent_positive_harmless,0.0
hexc_01262,1263,178039643,178039642,1,178039643,False,2,2.0,0,1,1,1.0,1.0,True,True,1,1,0,18.997516796942538,18.997516796942538,360.90564445011387,1,1,1,,0.0,0.0,0.0,0.0,0,0.0,0.0,0.0,1.0,0.5,1.0,0.0,0.0,0.0,0,0.0,inf,inf,False,False,1,0,1,0,0.0,0.0,0.0,1,1,0,18.997516796942534,18.997516796942534,360.9056444501138,1,0.0,0.0,0.052871240885929,0.0517425177996188,False,False,True,True,False,sign_inconsistent_positive_harmless,0.0
hexc_01263,1264,108592369,108592368,1,108592369,False,2,2.0,0,1,1,1.0,1.0,True,True,1,1,0,18.503111695960275,18.503111695960275,342.3651424331819,1,1,1,,0.0,0.0,0.0,0.0,0,0.0,0.0,0.0,1.0,0.5,1.0,0.0,0.0,0.0,0,0.0,inf,inf,False,False,1,0,1,0,0.0,0.0,0.0,1,1,0,18.503111695960275,18.503111695960275,342.3651424331819,1,0.0,0.0,0.0539675224819918,0.0531005040459354,False,False,True,True,False,sign_inconsistent_positive_harmless,0.0
hexc_01264,1265,109588133,109588132,1,109588133,False,2,2.0,0,1,1,1.0,1.0,True,True,1,1,0,18.512239651068523,18.512239651068523,342.7030168985936,1,1,1,,0.0,0.0,0.0,0.0,0,0.0,0.0,0.0,1.0,0.5,1.0,0.0,0.0,0.0,0,0.0,inf,inf,False,False,1,0,1,0,0.0,0.0,0.0,1,1,0,18.512239651068523,18.512239651068523,342.7030168985936,1,0.0,0.0,0.0544460077514335,0.053074786883042,False,False,True,True,False,sign_inconsistent_positive_harmless,0.0
hexc_01265,1266,40841069,40841068,1,40841069,False,2,2.0,0,1,1,1.0,1.0,True,True,1,1,0,17.525198726236486,17.525198726236486,307.1325903940809,1,1,1,,0.0,0.0,0.0,0.0,0,0.0,0.0,0.0,1.0,0.5,1.0,0.0,0.0,0.0,0,0.0,inf,inf,False,False,1,0,1,0,0.0,0.0,0.0,1,1,0,17.525198726236486,17.525198726236486,307.1325903940809,1,0.0,1.4806222625315637e-15,0.0577216447970325,0.0560078910517598,False,False,True,True,False,sign_inconsistent_positive_harmless,0.0
hexc_01266,1267,604150829,604150828,1,604150829,True,2,2.0,0,1,1,1.0,1.0,True,True,1,1,0,20.219334441612435,20.219334441612435,408.82148526177485,1,1,1,,0.0,0.0,0.0,0.0,0,0.0,0.0,0.0,1.0,0.5,1.0,0.0,0.0,0.0,0,0.0,inf,inf,False,False,1,0,1,0,0.0,0.0,0.0,1,1,0,20.219334441612435,20.219334441612435,408.82148526177485,1,0.0,4.449348845697601e-15,0.049805640280033,0.0486666799419155,False,False,False,True,False,sign_inconsistent_positive_harmless,0.0
hexc_01267,1268,109594687,109594686,1,109594687,False,2,2.0,0,1,1,1.0,1.0,True,True,1,1,0,18.512299455025804,18.512299455025804,342.7052311125487,1,1,1,,0.0,0.0,0.0,0.0,0,0.0,0.0,0.0,1.0,0.5,1.0,0.0,0.0,0.0,0,0.0,inf,inf,False,False,1,0,1,0,0.0,0.0,0.0,1,1,0,18.512299455025804,18.512299455025804,342.7052311125487,1,0.0,0.0,0.0545606120733685,0.053074618473077,False,False,True,True,False,sign_inconsistent_positive_harmless,0.0
hexc_01268,1269,604160737,604160736,1,604160737,True,2,2.0,0,1,1,1.0,1.0,True,True,1,1,0,20.219350841356142,20.219350841356142,408.82214844584934,1,1,1,,0.0,0.0,0.0,0.0,0,0.0,0.0,0.0,1.0,0.5,1.0,0.0,0.0,0.0,0,0.0,inf,inf,False,False,1,0,1,0,0.0,0.0,0.0,1,1,0,20.219350841356142,20.219350841356142,408.8221484458493,1,0.0,4.449341628042424e-15,0.0497996713554166,0.0486666411102962,False,False,False,True,False,sign_inconsistent_positive_harmless,0.0
hexc_01269,1270,109813801,109813800,1,109813801,False,2,2.0,0,1,1,1.0,1.0,True,True,1,1,0,18.514296771308683,18.514296771308683,342.7791849360911,1,1,1,,0.0,0.0,0.0,0.0,0,0.0,0.0,0.0,1.0,0.5,1.0,0.0,0.0,0.0,0,0.0,inf,inf,False,False,1,0,1,0,0.0,0.0,0.0,1,1,0,18.514296771308683,18.514296771308683,342.7791849360911,1,0.0,0.0,0.0550705480955389,0.0530689945764948,False,False,True,True,False,sign_inconsistent_positive_harmless,0.0
hexc_01270,1271,30982811,30982810,1,30982811,False,2,2.0,0,1,1,1.0,1.0,True,True,1,1,0,17.24894312479542,17.24894312479542,297.52603892242723,1,1,1,,0.0,0.0,0.0,0.0,0,0.0,0.0,0.0,1.0,0.5,1.0,0.0,0.0,0.0,0,0.0,inf,inf,False,False,1,0,1,0,0.0,0.0,0.0,1,1,0,17.24894312479542,17.24894312479542,297.52603892242723,1,0.0,0.0,0.059271953542285,0.0568877706337781,False,False,True,True,False,sign_inconsistent_positive_harmless,0.0
hexc_01271,1272,109682933,109682932,1,109682933,False,2,2.0,0,1,1,1.0,1.0,True,True,1,1,0,18.5131043342904,18.5131043342904,342.735032092322,1,1,1,,0.0,0.0,0.0,0.0,0,0.0,0.0,0.0,1.0,0.5,1.0,0.0,0.0,0.0,0,0.0,inf,inf,False,False,1,0,1,0,0.0,0.0,0.0,1,1,0,18.5131043342904,18.5131043342904,342.735032092322,1,0.0,0.0,0.0544393555110509,0.0530723520097902,False,False,True,True,False,sign_inconsistent_positive_harmless,0.0
hexc_01272,1273,109684063,109684062,1,109684063,False,2,2.0,0,1,1,1.0,1.0,True,True,1,1,0,18.51311463666059,18.51311463666059,342.7354135501365,1,1,1,,0.0,0.0,0.0,0.0,0,0.0,0.0,0.0,1.0,0.5,1.0,0.0,0.0,0.0,0,0.0,inf,inf,False,False,1,0,1,0,0.0,0.0,0.0,1,1,0,18.51311463666059,18.51311463666059,342.7354135501365,1,0.0,0.0,0.0544678837576993,0.0530723230005526,False,False,True,True,False,sign_inconsistent_positive_harmless,0.0
hexc_01273,1274,33862223,33862222,1,33862223,False,2,2.0,0,1,1,1.0,1.0,True,True,1,1,0,17.33781058520176,17.33781058520176,300.59967588833416,1,1,1,,0.0,0.0,0.0,0.0,0,0.0,0.0,0.0,1.0,0.5,1.0,0.0,0.0,0.0,0,0.0,inf,inf,False,False,1,0,1,0,0.0,0.0,0.0,1,1,0,17.33781058520176,17.33781058520176,300.59967588833416,1,0.0,0.0,0.057251626550972,0.0566017260994061,False,False,True,True,False,sign_inconsistent_positive_harmless,0.0
hexc_01274,1275,1516681,1516680,1,1516681,False,2,2.0,0,1,1,1.0,1.0,True,True,1,1,0,14.232034952763819,14.232034952763819,202.55081889669103,1,1,1,,0.0,0.0,0.0,0.0,0,0.0,0.0,0.0,1.0,0.5,1.0,0.0,0.0,0.0,0,0.0,inf,inf,False,False,1,0,1,0,0.0,0.0,0.0,1,1,0,14.23203495276382,14.23203495276382,202.55081889669103,1,0.0,0.0,0.0696452439290524,0.0686676309852782,False,False,True,True,False,sign_inconsistent_positive_harmless,0.0
hexc_01275,1276,604849313,604849312,1,604849313,True,2,2.0,0,1,1,1.0,1.0,True,True,1,1,0,20.220489915550687,20.220489915550687,408.868212424887,1,1,1,,0.0,0.0,0.0,0.0,0,0.0,0.0,0.0,1.0,0.5,1.0,0.0,0.0,0.0,0,0.0,inf,inf,False,False,1,0,1,0,0.0,0.0,0.0,1,1,0,20.220489915550687,20.220489915550687,408.868212424887,1,0.0,0.0,0.050311318429549,0.0486639441411852,False,False,False,True,False,sign_inconsistent_positive_harmless,0.0
hexc_01276,1277,604150787,604150786,1,604150787,True,2,2.0,0,1,1,1.0,1.0,True,True,1,1,0,20.219334372093368,20.219334372093368,408.82148245051627,1,1,1,,0.0,0.0,0.0,0.0,0,0.0,0.0,0.0,1.0,0.5,1.0,0.0,0.0,0.0,0,0.0,inf,inf,False,False,1,0,1,0,0.0,0.0,0.0,1,1,0,20.219334372093368,20.219334372093368,408.8214824505162,1,0.0,0.0,0.0496766761936376,0.048666680106522,False,False,False,True,False,sign_inconsistent_positive_harmless,0.0
hexc_01277,1278,152981,152980,1,152981,False,2,2.0,0,1,1,1.0,1.0,True,True,1,1,0,11.938069009656688,11.938069009656688,142.51749167932542,1,1,1,,0.0,0.0,0.0,0.0,0,0.0,0.0,0.0,1.0,0.5,1.0,0.0,0.0,0.0,0,0.0,inf,inf,False,False,1,0,1,0,0.0,0.0,0.0,1,1,0,11.938069009656688,11.938069009656688,142.51749167932542,1,0.0,1.994261132125093e-16,0.0849231420569244,0.0814967959918256,False,False,True,True,False,sign_inconsistent_positive_harmless,0.0
hexc_01278,1279,7048673,7048672,1,7048673,False,2,2.0,0,1,1,1.0,1.0,True,True,1,1,0,15.76834993012118,15.76834993012118,248.64085951875265,1,1,1,,0.0,0.0,0.0,0.0,0,0.0,0.0,0.0,1.0,0.5,1.0,0.0,0.0,0.0,0,0.0,inf,inf,False,False,1,0,1,0,0.0,0.0,0.0,1,1,0,15.76834993012118,15.76834993012118,248.64085951875265,1,0.0,0.0,0.0645048251789462,0.0621177062169716,False,False,True,True,False,sign_inconsistent_positive_harmless,0.0
hexc_01279,1280,109590289,109590288,1,109590289,False,2,2.0,0,1,1,1.0,1.0,True,True,1,1,0,18.51225932453802,18.51225932453802,342.7037452989449,1,1,1,,0.0,0.0,0.0,0.0,0,0.0,0.0,0.0,1.0,0.5,1.0,0.0,0.0,0.0,0,0.0,inf,inf,False,False,1,0,1,0,0.0,0.0,0.0,1,1,0,18.51225932453802,18.51225932453802,342.7037452989449,1,0.0,0.0,0.0551190930242849,0.0530747314817699,False,False,True,True,False,sign_inconsistent_positive_harmless,0.0
hexc_01280,1281,108548681,108548680,1,108548681,False,2,2.0,0,1,1,1.0,1.0,True,True,1,1,0,18.5027093031323,18.5027093031323,342.35025155621855,1,1,1,,0.0,0.0,0.0,0.0,0,0.0,0.0,0.0,1.0,0.5,1.0,0.0,0.0,0.0,0,0.0,inf,inf,False,False,1,0,1,0,0.0,0.0,0.0,1,1,0,18.5027093031323,18.5027093031323,342.3502515562185,1,0.0,0.0,0.0536516899731995,0.0531016383236027,False,False,True,True,False,sign_inconsistent_positive_harmless,0.0
hexc_01281,1282,604872803,604872802,1,604872803,True,2,2.0,0,1,1,1.0,1.0,True,True,1,1,0,20.220528750915758,20.220528750915758,408.8697829666108,1,1,1,,0.0,0.0,0.0,0.0,0,0.0,0.0,0.0,1.0,0.5,1.0,0.0,0.0,0.0,0,0.0,inf,inf,False,False,1,0,1,0,0.0,0.0,0.0,1,1,0,20.22052875091576,20.22052875091576,408.8697829666108,1,0.0,0.0,0.0496609063716962,0.048663852196535,False,False,False,True,False,sign_inconsistent_positive_harmless,0.0
hexc_01282,1283,187509379,187509378,1,187509379,False,2,2.0,0,1,1,1.0,1.0,True,True,1,1,0,19.04933942345705,19.04933942345705,362.8773324700749,1,1,1,,0.0,0.0,0.0,0.0,0,0.0,0.0,0.0,1.0,0.5,1.0,0.0,0.0,0.0,0,0.0,inf,inf,False,False,1,0,1,0,0.0,0.0,0.0,1,1,0,19.04933942345705,19.04933942345705,362.8773324700749,1,0.0,0.0,0.0529500676287697,0.0516041859958314,False,False,True,True,False,sign_inconsistent_positive_harmless,0.0
hexc_01283,1284,604150567,604150566,1,604150567,True,2,2.0,0,1,1,1.0,1.0,True,True,1,1,0,20.2193340079458,20.2193340079458,408.82146772487357,1,1,1,,0.0,0.0,0.0,0.0,0,0.0,0.0,0.0,1.0,0.5,1.0,0.0,0.0,0.0,0,0.0,inf,inf,False,False,1,0,1,0,0.0,0.0,0.0,1,1,0,20.2193340079458,20.2193340079458,408.8214677248736,1,0.0,4.4493490365579086e-15,0.049787894958497,0.048666680968759,False,False,False,True,False,sign_inconsistent_positive_harmless,0.0
hexc_01284,1285,30801559,30801558,1,30801559,False,2,2.0,0,1,1,1.0,1.0,True,True,1,1,0,17.24307586354593,17.24307586354593,297.3236652360002,1,1,1,,0.0,0.0,0.0,0.0,0,0.0,0.0,0.0,1.0,0.5,1.0,0.0,0.0,0.0,0,0.0,inf,inf,False,False,1,0,1,0,0.0,0.0,0.0,1,1,0,17.24307586354593,17.24307586354593,297.3236652360002,1,0.0,0.0,0.0587082727437811,0.056906757775625,False,False,True,True,False,sign_inconsistent_positive_harmless,0.0
hexc_01285,1286,604365233,604365232,1,604365233,True,2,2.0,0,1,1,1.0,1.0,True,True,1,1,0,20.21968926354487,20.21968926354487,408.83583391431165,1,1,1,,0.0,0.0,0.0,0.0,0,0.0,0.0,0.0,1.0,0.5,1.0,0.0,0.0,0.0,0,0.0,inf,inf,False,False,1,0,1,0,0.0,0.0,0.0,1,1,0,20.21968926354487,20.21968926354487,408.8358339143117,1,0.0,0.0,0.0496823151673968,0.0486658398018838,False,False,False,True,False,sign_inconsistent_positive_harmless,0.0
hexc_01286,1287,179150141,179150140,1,179150141,False,2,2.0,0,1,1,1.0,1.0,True,True,1,1,0,19.003734788764884,19.003734788764884,361.14193592171273,1,1,1,,0.0,0.0,0.0,0.0,0,0.0,0.0,0.0,1.0,0.5,1.0,0.0,0.0,0.0,0,0.0,inf,inf,False,False,1,0,1,0,0.0,0.0,0.0,1,1,0,19.003734788764884,19.003734788764884,361.14193592171273,1,0.0,0.0,0.0525817042568226,0.051725880784484,False,False,True,True,False,sign_inconsistent_positive_harmless,0.0
hexc_01287,1288,604848941,604848940,1,604848941,True,2,2.0,0,1,1,1.0,1.0,True,True,1,1,0,20.22048930052128,20.22048930052128,408.86818755249556,1,1,1,,0.0,0.0,0.0,0.0,0,0.0,0.0,0.0,1.0,0.5,1.0,0.0,0.0,0.0,0,0.0,inf,inf,False,False,1,0,1,0,0.0,0.0,0.0,1,1,0,20.22048930052128,20.22048930052128,408.8681875524956,1,0.0,0.0,0.0501959749673639,0.0486639455973005,False,False,False,True,False,sign_inconsistent_positive_harmless,0.0
hexc_01288,1289,179433659,179433658,1,179433659,False,2,2.0,0,1,1,1.0,1.0,True,True,1,1,0,19.005316109834492,19.005316109834492,361.2020404347345,1,1,1,,0.0,0.0,0.0,0.0,0,0.0,0.0,0.0,1.0,0.5,1.0,0.0,0.0,0.0,0,0.0,inf,inf,False,False,1,0,1,0,0.0,0.0,0.0,1,1,0,19.00531610983449,19.00531610983449,361.2020404347345,1,0.0,0.0,0.0536015516780141,0.0517216514678305,False,False,True,True,False,sign_inconsistent_positive_harmless,0.0
hexc_01289,1290,7112603,7112602,1,7112603,False,2,2.0,0,1,1,1.0,1.0,True,True,1,1,0,15.77737883885844,15.77737883885844,248.92568302485807,1,1,1,,0.0,0.0,0.0,0.0,0,0.0,0.0,0.0,1.0,0.5,1.0,0.0,0.0,0.0,0,0.0,inf,inf,False,False,1,0,1,0,0.0,0.0,0.0,1,1,0,15.77737883885844,15.77737883885844,248.92568302485807,1,0.0,0.0,0.0644944161361092,0.0620829019571885,False,False,True,True,False,sign_inconsistent_positive_harmless,0.0
hexc_01290,1291,179403041,179403040,1,179403041,False,2,2.0,0,1,1,1.0,1.0,True,True,1,1,0,19.005145458392906,19.005145458392906,361.1955538946725,1,1,1,,0.0,0.0,0.0,0.0,0,0.0,0.0,0.0,1.0,0.5,1.0,0.0,0.0,0.0,0,0.0,inf,inf,False,False,1,0,1,0,0.0,0.0,0.0,1,1,0,19.005145458392903,19.005145458392903,361.1955538946725,1,0.0,0.0,0.0532051415742351,0.0517221078497552,False,False,True,True,False,sign_inconsistent_positive_harmless,0.0
hexc_01291,1292,33903361,33903360,1,33903361,False,2,2.0,0,1,1,1.0,1.0,True,True,1,1,0,17.339024711978958,17.339024711978958,300.64177796261697,1,1,1,,0.0,0.0,0.0,0.0,0,0.0,0.0,0.0,1.0,0.5,1.0,0.0,0.0,0.0,0,0.0,inf,inf,False,False,1,0,1,0,0.0,0.0,0.0,1,1,0,17.339024711978958,17.339024711978958,300.64177796261697,1,0.0,0.0,0.0580245314114383,0.0565978380060507,False,False,True,True,False,sign_inconsistent_positive_harmless,0.0
hexc_01292,1293,604863731,604863730,1,604863731,True,2,2.0,0,1,1,1.0,1.0,True,True,1,1,0,20.220513752608696,20.220513752608696,408.8691764194374,1,1,1,,0.0,0.0,0.0,0.0,0,0.0,0.0,0.0,1.0,0.5,1.0,0.0,0.0,0.0,0,0.0,inf,inf,False,False,1,0,1,0,0.0,0.0,0.0,1,1,0,20.220513752608696,20.220513752608696,408.8691764194374,1,0.0,0.0,0.0499184438155427,0.0486638877057269,False,False,False,True,False,sign_inconsistent_positive_harmless,0.0
hexc_01293,1294,3439283,3439282,1,3439283,False,2,2.0,0,1,1,1.0,1.0,True,True,1,1,0,15.050773577392423,15.050773577392423,226.52578527793392,1,1,1,,0.0,0.0,0.0,0.0,0,0.0,0.0,0.0,1.0,0.5,1.0,0.0,0.0,0.0,0,0.0,inf,inf,False,False,1,0,1,0,0.0,0.0,0.0,1,1,0,15.050773577392423,15.050773577392423,226.52578527793392,1,0.0,0.0,0.0679278337612325,0.0650143359808806,False,False,True,True,False,sign_inconsistent_positive_harmless,0.0
hexc_01294,1295,179471219,179471218,1,179471219,False,2,2.0,0,1,1,1.0,1.0,True,True,1,1,0,19.005525413203934,19.005525413203934,361.2099962319406,1,1,1,,0.0,0.0,0.0,0.0,0,0.0,0.0,0.0,1.0,0.5,1.0,0.0,0.0,0.0,0,0.0,inf,inf,False,False,1,0,1,0,0.0,0.0,0.0,1,1,0,19.005525413203934,19.005525413203934,361.2099962319406,1,0.0,0.0,0.0526245268308028,0.0517210917280577,False,False,True,True,False,sign_inconsistent_positive_harmless,0.0
hexc_01295,1296,178913221,178913220,1,178913221,False,2,2.0,0,1,1,1.0,1.0,True,True,1,1,0,19.002411447369376,19.002411447369376,361.0916408151147,1,1,1,,0.0,0.0,0.0,0.0,0,0.0,0.0,0.0,1.0,0.5,1.0,0.0,0.0,0.0,0,0.0,inf,inf,False,False,1,0,1,0,0.0,0.0,0.0,1,1,0,19.002411447369376,19.002411447369376,361.0916408151147,1,0.0,0.0,0.0522538393662541,0.0517294206540039,False,False,True,True,False,sign_inconsistent_positive_harmless,0.0
hexc_01296,1297,187418041,187418040,1,187418041,False,2,2.0,0,1,1,1.0,1.0,True,True,1,1,0,19.04885219314561,19.04885219314561,362.8587698763083,1,1,1,,0.0,0.0,0.0,0.0,0,0.0,0.0,0.0,1.0,0.5,1.0,0.0,0.0,0.0,0,0.0,inf,inf,False,False,1,0,1,0,0.0,0.0,0.0,1,1,0,19.04885219314561,19.04885219314561,362.8587698763083,1,0.0,0.0,0.0529970796372931,0.0516054831319868,False,False,True,True,False,sign_inconsistent_positive_harmless,0.0
hexc_01297,1298,179403503,179403502,1,179403503,False,2,2.0,0,1,1,1.0,1.0,True,True,1,1,0,19.005148033596775,19.005148033596775,361.19565177892736,1,1,1,,0.0,0.0,0.0,0.0,0,0.0,0.0,0.0,1.0,0.5,1.0,0.0,0.0,0.0,0,0.0,inf,inf,False,False,1,0,1,0,0.0,0.0,0.0,1,1,0,19.00514803359677,19.00514803359677,361.19565177892736,1,0.0,0.0,0.0521564528207961,0.0517221009626963,False,False,True,True,False,sign_inconsistent_positive_harmless,0.0
hexc_01298,1299,604872721,604872720,1,604872721,True,2,2.0,0,1,1,1.0,1.0,True,True,1,1,0,20.220528615350055,20.220528615350055,408.8697774841904,1,1,1,,0.0,0.0,0.0,0.0,0,0.0,0.0,0.0,1.0,0.5,1.0,0.0,0.0,0.0,0,0.0,inf,inf,False,False,1,0,1,0,0.0,0.0,0.0,1,1,0,20.22052861535005,20.22052861535005,408.8697774841904,1,0.0,0.0,0.0495427167337329,0.0486638525174931,False,False,False,True,False,sign_inconsistent_positive_harmless,0.0
hexc_01299,1300,179147951,179147950,1,179147951,False,2,2.0,0,1,1,1.0,1.0,True,True,1,1,0,19.00372256430682,19.00372256430682,361.1414713011442,1,1,1,,0.0,0.0,0.0,0.0,0,0.0,0.0,0.0,1.0,0.5,1.0,0.0,0.0,0.0,0,0.0,inf,inf,False,False,1,0,1,0,0.0,0.0,0.0,1,1,0,19.00372256430682,19.00372256430682,361.1414713011442,1,0.0,0.0,0.0520211942136487,0.0517259134820602,False,False,True,True,False,sign_inconsistent_positive_harmless,0.0
hexc_01300,1301,109707979,109707978,1,109707979,False,2,2.0,0,1,1,1.0,1.0,True,True,1,1,0,18.5133326573315,18.5133326573315,342.743486081017,1,1,1,,0.0,0.0,0.0,0.0,0,0.0,0.0,0.0,1.0,0.5,1.0,0.0,0.0,0.0,0,0.0,inf,inf,False,False,1,0,1,0,0.0,0.0,0.0,1,1,0,18.5133326573315,18.5133326573315,342.743486081017,1,0.0,0.0,0.054225219869463,0.0530717091091039,False,False,True,True,False,sign_inconsistent_positive_harmless,0.0
hexc_01301,1302,179412287,179412286,1,179412287,False,2,2.0,0,1,1,1.0,1.0,True,True,1,1,0,19.00519699465282,19.00519699465282,361.1975128055606,1,1,1,,0.0,0.0,0.0,0.0,0,0.0,0.0,0.0,1.0,0.5,1.0,0.0,0.0,0.0,0,0.0,inf,inf,False,False,1,0,1,0,0.0,0.0,0.0,1,1,0,19.00519699465282,19.00519699465282,361.1975128055606,1,0.0,0.0,0.0527055774267524,0.0517219700228363,False,False,True,True,False,sign_inconsistent_positive_harmless,0.0
hexc_01302,1303,30336851,30336850,1,30336851,False,2,2.0,0,1,1,1.0,1.0,True,True,1,1,0,17.227873736122326,17.227873736122326,296.79963346777345,1,1,1,,0.0,0.0,0.0,0.0,0,0.0,0.0,0.0,1.0,0.5,1.0,0.0,0.0,0.0,0,0.0,inf,inf,False,False,1,0,1,0,0.0,0.0,0.0,1,1,0,17.227873736122326,17.227873736122326,296.79963346777345,1,0.0,0.0,0.0592436076200475,0.0569560126257962,False,False,True,True,False,sign_inconsistent_positive_harmless,0.0
hexc_01303,1304,604157051,604157050,1,604157051,True,2,2.0,0,1,1,1.0,1.0,True,True,1,1,0,20.219344740312135,20.219344740312135,408.821901727588,1,1,1,,0.0,0.0,0.0,0.0,0,0.0,0.0,0.0,1.0,0.5,1.0,0.0,0.0,0.0,0,0.0,inf,inf,False,False,1,0,1,0,0.0,0.0,0.0,1,1,0,20.21934474031213,20.21934474031213,408.821901727588,1,0.0,4.449344313157447e-15,0.0505596791837698,0.0486666555564543,False,False,False,True,False,sign_inconsistent_positive_harmless,0.0
hexc_01304,1305,33840967,33840966,1,33840967,False,2,2.0,0,1,1,1.0,1.0,True,True,1,1,0,17.337182667944138,17.337182667944138,300.5779028616626,1,1,1,,0.0,0.0,0.0,0.0,0,0.0,0.0,0.0,1.0,0.5,1.0,0.0,0.0,0.0,0,0.0,inf,inf,False,False,1,0,1,0,0.0,0.0,0.0,1,1,0,17.337182667944138,17.337182667944138,300.5779028616626,1,0.0,1.5129101193302162e-15,0.0584477315502231,0.0566037371375718,False,False,True,True,False,sign_inconsistent_positive_harmless,0.0
hexc_01305,1306,3281351,3281350,1,3281351,False,2,2.0,0,1,1,1.0,1.0,True,True,1,1,0,15.003765785800729,15.003765785800729,225.11298775516457,1,1,1,,0.0,0.0,0.0,0.0,0,0.0,0.0,0.0,1.0,0.5,1.0,0.0,0.0,0.0,0,0.0,inf,inf,False,False,1,0,1,0,0.0,0.0,0.0,1,1,0,15.003765785800727,15.003765785800727,225.11298775516457,1,0.0,0.0,0.0683376306427934,0.0652135439505042,False,False,True,True,False,sign_inconsistent_positive_harmless,0.0
hexc_01306,1307,604693021,604693020,1,604693021,True,2,2.0,0,1,1,1.0,1.0,True,True,1,1,0,20.220231483916713,20.220231483916713,408.85776126317666,1,1,1,,0.0,0.0,0.0,0.0,0,0.0,0.0,0.0,1.0,0.5,1.0,0.0,0.0,0.0,0,0.0,inf,inf,False,False,1,0,1,0,0.0,0.0,0.0,1,1,0,20.220231483916717,20.220231483916717,408.8577612631767,1,0.0,4.448954076170748e-15,0.0498401401261492,0.0486645559997288,False,False,False,True,False,sign_inconsistent_positive_harmless,0.0
hexc_01307,1308,30786757,30786756,1,30786757,False,2,2.0,0,1,1,1.0,1.0,True,True,1,1,0,17.24259518794879,17.24259518794879,297.3070888154748,1,1,1,,0.0,0.0,0.0,0.0,0,0.0,0.0,0.0,1.0,0.5,1.0,0.0,0.0,0.0,0,0.0,inf,inf,False,False,1,0,1,0,0.0,0.0,0.0,1,1,0,17.24259518794879,17.24259518794879,297.3070888154748,1,0.0,3.0591086993469265e-15,0.0583182528591598,0.0569083138594443,False,False,True,True,False,sign_inconsistent_positive_harmless,0.0
hexc_01308,1309,3279763,3279762,1,3279763,False,2,2.0,0,1,1,1.0,1.0,True,True,1,1,0,15.003281721652169,15.003281721652169,225.09846241926206,1,1,1,,0.0,0.0,0.0,0.0,0,0.0,0.0,0.0,1.0,0.5,1.0,0.0,0.0,0.0,0,0.0,inf,inf,False,False,1,0,1,0,0.0,0.0,0.0,1,1,0,15.003281721652169,15.003281721652169,225.0984624192621,1,0.0,0.0,0.0663858194344287,0.0652156016477349,False,False,True,True,False,sign_inconsistent_positive_harmless,0.0
hexc_01309,1310,30788371,30788370,1,30788371,False,2,2.0,0,1,1,1.0,1.0,True,True,1,1,0,17.242647611713153,17.242647611713153,297.3088966617173,1,1,1,,0.0,0.0,0.0,0.0,0,0.0,0.0,0.0,1.0,0.5,1.0,0.0,0.0,0.0,0,0.0,inf,inf,False,False,1,0,1,0,0.0,0.0,0.0,1,1,0,17.242647611713153,17.242647611713153,297.3088966617173,1,0.0,1.5295450489121512e-15,0.0595914878654254,0.0569081441446541,False,False,True,True,False,sign_inconsistent_positive_harmless,0.0
hexc_01310,1311,179156687,179156686,1,179156687,False,2,2.0,0,1,1,1.0,1.0,True,True,1,1,0,19.003771327281537,19.003771327281537,361.1433246596079,1,1,1,,0.0,0.0,0.0,0.0,0,0.0,0.0,0.0,1.0,0.5,1.0,0.0,0.0,0.0,0,0.0,inf,inf,False,False,1,0,1,0,0.0,0.0,0.0,1,1,0,19.003771327281537,19.003771327281537,361.1433246596079,1,0.0,0.0,0.0535436359751333,0.0517257830527228,False,False,True,True,False,sign_inconsistent_positive_harmless,0.0
hexc_01311,1312,108530111,108530110,1,108530111,False,2,2.0,0,1,1,1.0,1.0,True,True,1,1,0,18.502538213180358,18.502538213180358,342.3439203301994,1,1,1,,0.0,0.0,0.0,0.0,0,0.0,0.0,0.0,1.0,0.5,1.0,0.0,0.0,0.0,0,0.0,inf,inf,False,False,1,0,1,0,0.0,0.0,0.0,1,1,0,18.50253821318036,18.50253821318036,342.3439203301994,1,0.0,0.0,0.0541566545571068,0.053102120612062,False,False,True,True,False,sign_inconsistent_positive_harmless,0.0
hexc_01312,1313,604814333,604814332,1,604814333,True,2,2.0,0,1,1,1.0,1.0,True,True,1,1,0,20.220432081292174,20.220432081292174,408.86587355414974,1,1,1,,0.0,0.0,0.0,0.0,0,0.0,0.0,0.0,1.0,0.5,1.0,0.0,0.0,0.0,0,0.0,inf,inf,False,False,1,0,1,0,0.0,0.0,0.0,1,1,0,20.220432081292174,20.220432081292174,408.86587355414974,1,0.0,0.0,0.0503872665449815,0.0486640810673015,False,False,False,True,False,sign_inconsistent_positive_harmless,0.0
hexc_01313,1314,33925037,33925036,1,33925037,False,2,2.0,0,1,1,1.0,1.0,True,True,1,1,0,17.33966385432573,17.33966385432573,300.6639425810103,1,1,1,,0.0,0.0,0.0,0.0,0,0.0,0.0,0.0,1.0,0.5,1.0,0.0,0.0,0.0,0,0.0,inf,inf,False,False,1,0,1,0,0.0,0.0,0.0,1,1,0,17.33966385432573,17.33966385432573,300.6639425810103,1,0.0,0.0,0.0578964651790368,0.0565957914449308,False,False,True,True,False,sign_inconsistent_positive_harmless,0.0
hexc_01314,1315,22052803,22052802,1,22052803,False,2,2.0,0,1,1,1.0,1.0,True,True,1,1,0,16.908950271959448,16.908950271959448,285.9125992995975,1,1,1,,0.0,0.0,0.0,0.0,0,0.0,0.0,0.0,1.0,0.5,1.0,0.0,0.0,0.0,0,0.0,inf,inf,False,False,1,0,1,0,0.0,0.0,0.0,1,1,0,16.908950271959448,16.908950271959448,285.9125992995975,1,0.0,0.0,0.0601179768373061,0.0580093365860368,False,False,True,True,False,sign_inconsistent_positive_harmless,0.0
hexc_01315,1316,39692819,39692818,1,39692819,False,2,2.0,0,1,1,1.0,1.0,True,True,1,1,0,17.496680847684278,17.496680847684278,306.1338406857218,1,1,1,,0.0,0.0,0.0,0.0,0,0.0,0.0,0.0,1.0,0.5,1.0,0.0,0.0,0.0,0,0.0,inf,inf,False,False,1,0,1,0,0.0,0.0,0.0,1,1,0,17.496680847684278,17.496680847684278,306.1338406857218,1,0.0,0.0,0.0573527406205413,0.0560974596739017,False,False,True,True,False,sign_inconsistent_positive_harmless,0.0
hexc_01316,1317,187422727,187422726,1,187422727,False,2,2.0,0,1,1,1.0,1.0,True,True,1,1,0,19.048877195762188,19.048877195762188,362.8597224192287,1,1,1,,0.0,0.0,0.0,0.0,0,0.0,0.0,0.0,1.0,0.5,1.0,0.0,0.0,0.0,0,0.0,inf,inf,False,False,1,0,1,0,0.0,0.0,0.0,1,1,0,19.048877195762188,19.048877195762188,362.8597224192287,1,0.0,0.0,0.0529843065624039,0.0516054165668123,False,False,True,True,False,sign_inconsistent_positive_harmless,0.0
hexc_01317,1318,604692973,604692972,1,604692973,True,2,2.0,0,1,1,1.0,1.0,True,True,1,1,0,20.22023140453759,20.22023140453759,408.85775805304814,1,1,1,,0.0,0.0,0.0,0.0,0,0.0,0.0,0.0,1.0,0.5,1.0,0.0,0.0,0.0,0,0.0,inf,inf,False,False,1,0,1,0,0.0,0.0,0.0,1,1,0,20.22023140453759,20.22023140453759,408.85775805304814,1,0.0,4.448954111101513e-15,0.0494478777454631,0.0486645561876686,False,False,False,True,False,sign_inconsistent_positive_harmless,0.0
hexc_01318,1319,604141757,604141756,1,604141757,True,2,2.0,0,1,1,1.0,1.0,True,True,1,1,0,20.21931942538192,20.21931942538192,408.8208780256266,1,1,1,,0.0,0.0,0.0,0.0,0,0.0,0.0,0.0,1.0,0.5,1.0,0.0,0.0,0.0,0,0.0,inf,inf,False,False,1,0,1,0,0.0,0.0,0.0,1,1,0,20.21931942538192,20.21931942538192,408.8208780256266,1,0.0,0.0,0.0503036784341892,0.048666715497675,False,False,False,True,False,sign_inconsistent_positive_harmless,0.0
hexc_01319,1320,179378609,179378608,1,179378609,False,2,2.0,0,1,1,1.0,1.0,True,True,1,1,0,19.005009264136387,19.005009264136387,361.1903771299099,1,1,1,,0.0,0.0,0.0,0.0,0,0.0,0.0,0.0,1.0,0.5,1.0,0.0,0.0,0.0,0,0.0,inf,inf,False,False,1,0,1,0,0.0,0.0,0.0,1,1,0,19.005009264136387,19.005009264136387,361.1903771299099,1,0.0,0.0,0.0526234060396044,0.0517224720868385,False,False,True,True,False,sign_inconsistent_positive_harmless,0.0
hexc_01320,1321,30784867,30784866,1,30784867,False,2,2.0,0,1,1,1.0,1.0,True,True,1,1,0,17.242533796032262,17.242533796032262,297.30497170731473,1,1,1,,0.0,0.0,0.0,0.0,0,0.0,0.0,0.0,1.0,0.5,1.0,0.0,0.0,0.0,0,0.0,inf,inf,False,False,1,0,1,0,0.0,0.0,0.0,1,1,0,17.242533796032262,17.242533796032262,297.30497170731473,1,0.0,1.5295652416271913e-15,0.0572404470284414,0.056908512608691,False,False,True,True,False,sign_inconsistent_positive_harmless,0.0
hexc_01321,1322,30981373,30981372,1,30981373,False,2,2.0,0,1,1,1.0,1.0,True,True,1,1,0,17.24889671088637,17.24889671088637,297.52443774282665,1,1,1,,0.0,0.0,0.0,0.0,0,0.0,0.0,0.0,1.0,0.5,1.0,0.0,0.0,0.0,0,0.0,inf,inf,False,False,1,0,1,0,0.0,0.0,0.0,1,1,0,17.24889671088637,17.24889671088637,297.52443774282665,1,0.0,1.5284369725606788e-15,0.0585806801571067,0.0568879207849013,False,False,True,True,False,sign_inconsistent_positive_harmless,0.0
hexc_01322,1323,109814591,109814590,1,109814591,False,2,2.0,0,1,1,1.0,1.0,True,True,1,1,0,18.514303965278394,18.514303965278394,342.77945131872326,1,1,1,,0.0,0.0,0.0,0.0,0,0.0,0.0,0.0,1.0,0.5,1.0,0.0,0.0,0.0,0,0.0,inf,inf,False,False,1,0,1,0,0.0,0.0,0.0,1,1,0,18.514303965278398,18.514303965278398,342.77945131872326,1,0.0,0.0,0.0549911817700453,0.0530689743223955,False,False,True,True,False,sign_inconsistent_positive_harmless,0.0
hexc_01323,1324,108830327,108830326,1,108830327,False,2,2.0,0,1,1,1.0,1.0,True,True,1,1,0,18.505300594353937,18.505300594353937,342.4461500873962,1,1,1,,0.0,0.0,0.0,0.0,0,0.0,0.0,0.0,1.0,0.5,1.0,0.0,0.0,0.0,0,0.0,inf,inf,False,False,1,0,1,0,0.0,0.0,0.0,1,1,0,18.505300594353937,18.505300594353937,342.4461500873962,1,0.0,0.0,0.0538629340791559,0.0530943347580724,False,False,True,True,False,sign_inconsistent_positive_harmless,0.0
hexc_01324,1325,76024181,76024180,1,76024181,False,2,2.0,0,1,1,1.0,1.0,True,True,1,1,0,18.146562018697562,18.146562018697562,329.29771309843693,1,1,1,,0.0,0.0,0.0,0.0,0,0.0,0.0,0.0,1.0,0.5,1.0,0.0,0.0,0.0,0,0.0,inf,inf,False,False,1,0,1,0,0.0,0.0,0.0,1,1,0,18.14656201869756,18.14656201869756,329.29771309843693,1,0.0,0.0,0.0558149218049393,0.0541249187125969,False,False,True,True,False,sign_inconsistent_positive_harmless,0.0
hexc_01325,1326,108548647,108548646,1,108548647,False,2,2.0,0,1,1,1.0,1.0,True,True,1,1,0,18.50270898990873,18.50270898990873,342.35023996524933,1,1,1,,0.0,0.0,0.0,0.0,0,0.0,0.0,0.0,1.0,0.5,1.0,0.0,0.0,0.0,0,0.0,inf,inf,False,False,1,0,1,0,0.0,0.0,0.0,1,1,0,18.50270898990873,18.50270898990873,342.35023996524933,1,0.0,0.0,0.0538273325308029,0.053101639206546,False,False,True,True,False,sign_inconsistent_positive_harmless,0.0
hexc_01326,1327,604811069,604811068,1,604811069,True,2,2.0,0,1,1,1.0,1.0,True,True,1,1,0,20.220426684580108,20.220426684580108,408.8656553064793,1,1,1,,0.0,0.0,0.0,0.0,0,0.0,0.0,0.0,1.0,0.5,1.0,0.0,0.0,0.0,0,0.0,inf,inf,False,False,1,0,1,0,0.0,0.0,0.0,1,1,0,20.220426684580108,20.220426684580108,408.8656553064793,1,0.0,0.0,0.0499183874873,0.0486640938443833,False,False,False,True,False,sign_inconsistent_positive_harmless,0.0
hexc_01327,1328,604872761,604872760,1,604872761,True,2,2.0,0,1,1,1.0,1.0,True,True,1,1,0,20.220528681479667,20.220528681479667,408.86978015854186,1,1,1,,0.0,0.0,0.0,0.0,0,0.0,0.0,0.0,1.0,0.5,1.0,0.0,0.0,0.0,0,0.0,inf,inf,False,False,1,0,1,0,0.0,0.0,0.0,1,1,0,20.220528681479667,20.220528681479667,408.86978015854186,1,0.0,0.0,0.0494935673334156,0.0486638523609276,False,False,False,True,False,sign_inconsistent_positive_harmless,0.0
hexc_01328,1329,604435823,604435822,1,604435823,True,2,2.0,0,1,1,1.0,1.0,True,True,1,1,0,20.219806056957204,20.219806056957204,408.84055698096324,1,1,1,,0.0,0.0,0.0,0.0,0,0.0,0.0,0.0,1.0,0.5,1.0,0.0,0.0,0.0,0,0.0,inf,inf,False,False,1,0,1,0,0.0,0.0,0.0,1,1,0,20.219806056957204,20.219806056957204,408.8405569809632,1,0.0,0.0,0.049709562660962,0.0486655632672105,False,False,False,True,False,sign_inconsistent_positive_harmless,0.0
hexc_01329,1330,109707929,109707928,1,109707929,False,2,2.0,0,1,1,1.0,1.0,True,True,1,1,0,18.51333220157603,18.51333220157603,342.743469205912,1,1,1,,0.0,0.0,0.0,0.0,0,0.0,0.0,0.0,1.0,0.5,1.0,0.0,0.0,0.0,0,0.0,inf,inf,False,False,1,0,1,0,0.0,0.0,0.0,1,1,0,18.51333220157603,18.51333220157603,342.743469205912,1,0.0,0.0,0.0545746808720723,0.0530717103923805,False,False,True,True,False,sign_inconsistent_positive_harmless,0.0
hexc_01330,1331,30820781,30820780,1,30820781,False,2,2.0,0,1,1,1.0,1.0,True,True,1,1,0,17.24369972822304,17.24369972822304,297.3451803171193,1,1,1,,0.0,0.0,0.0,0.0,0,0.0,0.0,0.0,1.0,0.5,1.0,0.0,0.0,0.0,0,0.0,inf,inf,False,False,1,0,1,0,0.0,0.0,0.0,1,1,0,17.24369972822304,17.24369972822304,297.3451803171193,1,0.0,0.0,0.0585632845316376,0.0569047382748141,False,False,True,True,False,sign_inconsistent_positive_harmless,0.0
hexc_01331,1332,179472173,179472172,1,179472173,False,2,2.0,0,1,1,1.0,1.0,True,True,1,1,0,19.00553072880534,19.00553072880534,361.210198283564,1,1,1,,0.0,0.0,0.0,0.0,0,0.0,0.0,0.0,1.0,0.5,1.0,0.0,0.0,0.0,0,0.0,inf,inf,False,False,1,0,1,0,0.0,0.0,0.0,1,1,0,19.00553072880534,19.00553072880534,361.210198283564,1,0.0,0.0,0.0527462500459147,0.0517210775127095,False,False,True,True,False,sign_inconsistent_positive_harmless,0.0
hexc_01332,1333,179436143,179436142,1,179436143,False,2,2.0,0,1,1,1.0,1.0,True,True,1,1,0,19.005329953295192,19.005329953295192,361.2025666336194,1,1,1,,0.0,0.0,0.0,0.0,0,0.0,0.0,0.0,1.0,0.5,1.0,0.0,0.0,0.0,0,0.0,inf,inf,False,False,1,0,1,0,0.0,0.0,0.0,1,1,0,19.005329953295192,19.005329953295192,361.2025666336194,1,0.0,0.0,0.052928728109095,0.0517216144459046,False,False,True,True,False,sign_inconsistent_positive_harmless,0.0
hexc_01333,1334,109670909,109670908,1,109670909,False,2,2.0,0,1,1,1.0,1.0,True,True,1,1,0,18.512994703203912,18.512994703203912,342.7309728808561,1,1,1,,0.0,0.0,0.0,0.0,0,0.0,0.0,0.0,1.0,0.5,1.0,0.0,0.0,0.0,0,0.0,inf,inf,False,False,1,0,1,0,0.0,0.0,0.0,1,1,0,18.512994703203912,18.512994703203912,342.7309728808561,1,0.0,0.0,0.0547446275199418,0.0530726607090967,False,False,True,True,False,sign_inconsistent_positive_harmless,0.0
hexc_01334,1335,179142281,179142280,1,179142281,False,2,2.0,0,1,1,1.0,1.0,True,True,1,1,0,19.0036909139882,19.0036909139882,361.14026835439773,1,1,1,,0.0,0.0,0.0,0.0,0,0.0,0.0,0.0,1.0,0.5,1.0,0.0,0.0,0.0,0,0.0,inf,inf,False,False,1,0,1,0,0.0,0.0,0.0,1,1,0,19.0036909139882,19.0036909139882,361.1402683543977,1,0.0,0.0,0.0529566148345837,0.0517259981394712,False,False,True,True,False,sign_inconsistent_positive_harmless,0.0
hexc_01335,1336,40869427,40869426,1,40869427,False,2,2.0,0,1,1,1.0,1.0,True,True,1,1,0,17.525892835378563,17.525892835378563,307.1569196771737,1,1,1,,0.0,0.0,0.0,0.0,0,0.0,0.0,0.0,1.0,0.5,1.0,0.0,0.0,0.0,0,0.0,inf,inf,False,False,1,0,1,0,0.0,0.0,0.0,1,1,0,17.525892835378563,17.525892835378563,307.1569196771737,1,0.0,1.480504985414003e-15,0.0564929886994933,0.0560057145658919,False,False,True,True,False,sign_inconsistent_positive_harmless,0.0
hexc_01336,1337,109814087,109814086,1,109814087,False,2,2.0,0,1,1,1.0,1.0,True,True,1,1,0,18.514299375713822,18.514299375713822,342.77928137355724,1,1,1,,0.0,0.0,0.0,0.0,0,0.0,0.0,0.0,1.0,0.5,1.0,0.0,0.0,0.0,0,0.0,inf,inf,False,False,1,0,1,0,0.0,0.0,0.0,1,1,0,18.514299375713826,18.514299375713826,342.77928137355724,1,0.0,0.0,0.0541177557023,0.0530689872439779,False,False,True,True,False,sign_inconsistent_positive_harmless,0.0
hexc_01337,1338,604693499,604693498,1,604693499,True,2,2.0,0,1,1,1.0,1.0,True,True,1,1,0,20.22023227440014,20.22023227440014,408.857793230693,1,1,1,,0.0,0.0,0.0,0.0,0,0.0,0.0,0.0,1.0,0.5,1.0,0.0,0.0,0.0,0,0.0,inf,inf,False,False,1,0,1,0,0.0,0.0,0.0,1,1,0,20.22023227440014,20.22023227440014,408.857793230693,1,0.0,4.448953728318721e-15,0.0494467000853943,0.0486645541281703,False,False,False,True,False,sign_inconsistent_positive_harmless,0.0
hexc_01338,1339,604724507,604724506,1,604724507,True,2,2.0,0,1,1,1.0,1.0,True,True,1,1,0,20.220283551956538,20.220283551956538,408.8598669215241,1,1,1,,0.0,0.0,0.0,0.0,0,0.0,0.0,0.0,1.0,0.5,1.0,0.0,0.0,0.0,0,0.0,inf,inf,False,False,1,0,1,0,0.0,0.0,0.0,1,1,0,20.220283551956538,20.220283551956538,408.8598669215241,1,0.0,0.0,0.0494887973511942,0.0486644327230463,False,False,False,True,False,sign_inconsistent_positive_harmless,0.0
hexc_01339,1340,179470367,179470366,1,179470367,False,2,2.0,0,1,1,1.0,1.0,True,True,1,1,0,19.00552066591338,19.00552066591338,361.20981578246057,1,1,1,,0.0,0.0,0.0,0.0,0,0.0,0.0,0.0,1.0,0.5,1.0,0.0,0.0,0.0,0,0.0,inf,inf,False,False,1,0,1,0,0.0,0.0,0.0,1,1,0,19.00552066591338,19.00552066591338,361.20981578246057,1,0.0,0.0,0.0527362003664106,0.0517211044235978,False,False,True,True,False,sign_inconsistent_positive_harmless,0.0
hexc_01340,1341,109670989,109670988,1,109670989,False,2,2.0,0,1,1,1.0,1.0,True,True,1,1,0,18.51299543265871,18.51299543265871,342.7309998896422,1,1,1,,0.0,0.0,0.0,0.0,0,0.0,0.0,0.0,1.0,0.5,1.0,0.0,0.0,0.0,0,0.0,inf,inf,False,False,1,0,1,0,0.0,0.0,0.0,1,1,0,18.51299543265871,18.51299543265871,342.7309998896422,1,0.0,0.0,0.0541830118855111,0.0530726586550826,False,False,True,True,False,sign_inconsistent_positive_harmless,0.0
hexc_01341,1342,178013933,178013932,1,178013933,False,2,2.0,0,1,1,1.0,1.0,True,True,1,1,0,18.99737238047391,18.99737238047391,360.9001573623929,1,1,1,,0.0,0.0,0.0,0.0,0,0.0,0.0,0.0,1.0,0.5,1.0,0.0,0.0,0.0,0,0.0,inf,inf,False,False,1,0,1,0,0.0,0.0,0.0,1,1,0,18.99737238047391,18.99737238047391,360.9001573623929,1,0.0,0.0,0.05302054803335,0.0517429043310795,False,False,True,True,False,sign_inconsistent_positive_harmless,0.0
hexc_01342,1343,108546583,108546582,1,108546583,False,2,2.0,0,1,1,1.0,1.0,True,True,1,1,0,18.502689975211815,18.502689975211815,342.3495363188038,1,1,1,,0.0,0.0,0.0,0.0,0,0.0,0.0,0.0,1.0,0.5,1.0,0.0,0.0,0.0,0,0.0,inf,inf,False,False,1,0,1,0,0.0,0.0,0.0,1,1,0,18.502689975211812,18.502689975211812,342.3495363188038,1,0.0,0.0,0.0543539863466006,0.0531016928069755,False,False,True,True,False,sign_inconsistent_positive_harmless,0.0
hexc_01343,1344,12783679,12783678,1,12783679,False,2,2.0,0,1,1,1.0,1.0,True,True,1,1,0,16.363679837161055,16.363679837161055,267.7700178131112,1,1,1,,0.0,0.0,0.0,0.0,0,0.0,0.0,0.0,1.0,0.5,1.0,0.0,0.0,0.0,0,0.0,inf,inf,False,False,1,0,1,0,0.0,0.0,0.0,1,1,0,16.363679837161055,16.363679837161055,267.7700178131112,1,0.0,0.0,0.0616775499862131,0.0599033823994306,False,False,True,True,False,sign_inconsistent_positive_harmless,0.0
hexc_01344,1345,604872871,604872870,1,604872871,True,2,2.0,0,1,1,1.0,1.0,True,True,1,1,0,20.22052886333608,20.22052886333608,408.86978751300757,1,1,1,,0.0,0.0,0.0,0.0,0,0.0,0.0,0.0,1.0,0.5,1.0,0.0,0.0,0.0,0,0.0,inf,inf,False,False,1,0,1,0,0.0,0.0,0.0,1,1,0,20.22052886333608,20.22052886333608,408.8697875130076,1,0.0,4.4488232173133786e-15,0.0498183210010096,0.0486638519303716,False,False,False,True,False,sign_inconsistent_positive_harmless,0.0
hexc_01345,1346,604829737,604829736,1,604829737,True,2,2.0,0,1,1,1.0,1.0,True,True,1,1,0,20.22045754994098,20.22045754994098,408.8669035289652,1,1,1,,0.0,0.0,0.0,0.0,0,0.0,0.0,0.0,1.0,0.5,1.0,0.0,0.0,0.0,0,0.0,inf,inf,False,False,1,0,1,0,0.0,0.0,0.0,1,1,0,20.22045754994098,20.22045754994098,408.8669035289652,1,0.0,0.0,0.049331855490779,0.0486640207686359,False,False,False,True,False,sign_inconsistent_positive_harmless,0.0
hexc_01346,1347,31019041,31019040,1,31019041,False,2,2.0,0,1,1,1.0,1.0,True,True,1,1,0,17.25011179969641,17.25011179969641,297.5663571020253,1,1,1,,0.0,0.0,0.0,0.0,0,0.0,0.0,0.0,1.0,0.5,1.0,0.0,0.0,0.0,0,0.0,inf,inf,False,False,1,0,1,0,0.0,0.0,0.0,1,1,0,17.25011179969641,17.25011179969641,297.5663571020253,1,0.0,0.0,0.0577898285461326,0.056883990178005,False,False,True,True,False,sign_inconsistent_positive_harmless,0.0
hexc_01347,1348,108547721,108547720,1,108547721,False,2,2.0,0,1,1,1.0,1.0,True,True,1,1,0,18.502700459134967,18.502700459134967,342.3499242804733,1,1,1,,0.0,0.0,0.0,0.0,0,0.0,0.0,0.0,1.0,0.5,1.0,0.0,0.0,0.0,0,0.0,inf,inf,False,False,1,0,1,0,0.0,0.0,0.0,1,1,0,18.502700459134967,18.502700459134967,342.3499242804733,1,0.0,0.0,0.0547403112391326,0.0531016632538841,False,False,True,True,False,sign_inconsistent_positive_harmless,0.0
hexc_01348,1349,179471077,179471076,1,179471077,False,2,2.0,0,1,1,1.0,1.0,True,True,1,1,0,19.005524621990407,19.005524621990407,361.2099661570836,1,1,1,,0.0,0.0,0.0,0.0,0,0.0,0.0,0.0,1.0,0.5,1.0,0.0,0.0,0.0,0,0.0,inf,inf,False,False,1,0,1,0,0.0,0.0,0.0,1,1,0,19.005524621990407,19.005524621990407,361.2099661570836,1,0.0,0.0,0.053549907961841,0.0517210938439776,False,False,True,True,False,sign_inconsistent_positive_harmless,0.0
hexc_01349,1350,187494557,187494556,1,187494557,False,2,2.0,0,1,1,1.0,1.0,True,True,1,1,0,19.049260373620047,19.049260373620047,362.874320781971,1,1,1,,0.0,0.0,0.0,0.0,0,0.0,0.0,0.0,1.0,0.5,1.0,0.0,0.0,0.0,0,0.0,inf,inf,False,False,1,0,1,0,0.0,0.0,0.0,1,1,0,19.049260373620047,19.049260373620047,362.874320781971,1,0.0,0.0,0.0521716934346017,0.0516043964430098,False,False,True,True,False,sign_inconsistent_positive_harmless,0.0
hexc_01350,1351,108810833,108810832,1,108810833,False,2,2.0,0,1,1,1.0,1.0,True,True,1,1,0,18.505121455444257,18.505121455444257,342.43952008074336,1,1,1,,0.0,0.0,0.0,0.0,0,0.0,0.0,0.0,1.0,0.5,1.0,0.0,0.0,0.0,0,0.0,inf,inf,False,False,1,0,1,0,0.0,0.0,0.0,1,1,0,18.505121455444257,18.505121455444257,342.43952008074336,1,0.0,0.0,0.0544069612487653,0.0530948395972453,False,False,True,True,False,sign_inconsistent_positive_harmless,0.0
hexc_01351,1352,604365313,604365312,1,604365313,True,2,2.0,0,1,1,1.0,1.0,True,True,1,1,0,20.21968939591515,20.21968939591515,408.8358392672836,1,1,1,,0.0,0.0,0.0,0.0,0,0.0,0.0,0.0,1.0,0.5,1.0,0.0,0.0,0.0,0,0.0,inf,inf,False,False,1,0,1,0,0.0,0.0,0.0,1,1,0,20.21968939591515,20.21968939591515,408.8358392672836,1,0.0,0.0,0.050155433312829,0.0486658394884686,False,False,False,True,False,sign_inconsistent_positive_harmless,0.0
hexc_01352,1353,178014229,178014228,1,178014229,False,2,2.0,0,1,1,1.0,1.0,True,True,1,1,0,18.99737404326372,18.99737404326372,360.9002205396701,1,1,1,,0.0,0.0,0.0,0.0,0,0.0,0.0,0.0,1.0,0.5,1.0,0.0,0.0,0.0,0,0.0,inf,inf,False,False,1,0,1,0,0.0,0.0,0.0,1,1,0,18.99737404326372,18.99737404326372,360.9002205396701,1,0.0,0.0,0.0537108569243626,0.0517428998805789,False,False,True,True,False,sign_inconsistent_positive_harmless,0.0
hexc_01353,1354,179471603,179471602,1,179471603,False,2,2.0,0,1,1,1.0,1.0,True,True,1,1,0,19.005527552820478,19.005527552820478,361.21007756101835,1,1,1,,0.0,0.0,0.0,0.0,0,0.0,0.0,0.0,1.0,0.5,1.0,0.0,0.0,0.0,0,0.0,inf,inf,False,False,1,0,1,0,0.0,0.0,0.0,1,1,0,19.00552755282048,19.00552755282048,361.2100775610184,1,0.0,0.0,0.0527741458847167,0.0517210860061479,False,False,True,True,False,sign_inconsistent_positive_harmless,0.0
hexc_01354,1355,33926017,33926016,1,33926017,False,2,2.0,0,1,1,1.0,1.0,True,True,1,1,0,17.33969274112829,17.33969274112829,300.66494435673707,1,1,1,,0.0,0.0,0.0,0.0,0,0.0,0.0,0.0,1.0,0.5,1.0,0.0,0.0,0.0,0,0.0,inf,inf,False,False,1,0,1,0,0.0,0.0,0.0,1,1,0,17.33969274112829,17.33969274112829,300.66494435673707,1,0.0,0.0,0.0584126910881438,0.0565956989516492,False,False,True,True,False,sign_inconsistent_positive_harmless,0.0
hexc_01355,1356,604325297,604325296,1,604325297,True,2,2.0,0,1,1,1.0,1.0,True,True,1,1,0,20.21962318211373,20.21962318211373,408.8331616266709,1,1,1,,0.0,0.0,0.0,0.0,0,0.0,0.0,0.0,1.0,0.5,1.0,0.0,0.0,0.0,0,0.0,inf,inf,False,False,1,0,1,0,0.0,0.0,0.0,1,1,0,20.21962318211373,20.21962318211373,408.8331616266709,1,0.0,0.0,0.0493727444809386,0.0486659962659353,False,False,False,True,False,sign_inconsistent_positive_harmless,0.0
hexc_01356,1357,604203811,604203810,1,604203811,True,2,2.0,0,1,1,1.0,1.0,True,True,1,1,0,20.219422134411023,20.219422134411023,408.8250314495104,1,1,1,,0.0,0.0,0.0,0.0,0,0.0,0.0,0.0,1.0,0.5,1.0,0.0,0.0,0.0,0,0.0,inf,inf,False,False,1,0,1,0,0.0,0.0,0.0,1,1,0,20.219422134411023,20.219422134411023,408.8250314495104,1,0.0,0.0,0.0502871937555969,0.0486664723020252,False,False,False,True,False,sign_inconsistent_positive_harmless,0.0
hexc_01357,1358,109496249,109496248,1,109496249,False,2,2.0,0,1,1,1.0,1.0,True,True,1,1,0,18.51140085092633,18.51140085092633,342.671961463676,1,1,1,,0.0,0.0,0.0,0.0,0,0.0,0.0,0.0,1.0,0.5,1.0,0.0,0.0,0.0,0,0.0,inf,inf,False,False,1,0,1,0,0.0,0.0,0.0,1,1,0,18.51140085092633,18.51140085092633,342.671961463676,1,0.0,0.0,0.0535116384711465,0.0530771490852041,False,False,True,True,False,sign_inconsistent_positive_harmless,0.0
hexc_01358,1359,178894523,178894522,1,178894523,False,2,2.0,0,1,1,1.0,1.0,True,True,1,1,0,19.00230693314166,19.00230693314166,361.0876687813236,1,1,1,,0.0,0.0,0.0,0.0,0,0.0,0.0,0.0,1.0,0.5,1.0,0.0,0.0,0.0,0,0.0,inf,inf,False,False,1,0,1,0,0.0,0.0,0.0,1,1,0,19.00230693314166,19.00230693314166,361.0876687813236,1,0.0,0.0,0.0521002272389071,0.0517297002447724,False,False,True,True,False,sign_inconsistent_positive_harmless,0.0
hexc_01359,1360,179403113,179403112,1,179403113,False,2,2.0,0,1,1,1.0,1.0,True,True,1,1,0,19.005145859723818,19.005145859723818,361.1955691493774,1,1,1,,0.0,0.0,0.0,0.0,0,0.0,0.0,0.0,1.0,0.5,1.0,0.0,0.0,0.0,0,0.0,inf,inf,False,False,1,0,1,0,0.0,0.0,0.0,1,1,0,19.005145859723815,19.005145859723815,361.1955691493774,1,0.0,0.0,0.0529308585804796,0.0517221067764484,False,False,True,True,False,sign_inconsistent_positive_harmless,0.0
hexc_01360,1361,187420867,187420866,1,187420867,False,2,2.0,0,1,1,1.0,1.0,True,True,1,1,0,19.048867271623,19.048867271623,362.8593443319098,1,1,1,,0.0,0.0,0.0,0.0,0,0.0,0.0,0.0,1.0,0.5,1.0,0.0,0.0,0.0,0,0.0,inf,inf,False,False,1,0,1,0,0.0,0.0,0.0,1,1,0,19.048867271623,19.048867271623,362.8593443319098,1,0.0,0.0,0.0522054063825808,0.0516054429881101,False,False,True,True,False,sign_inconsistent_positive_harmless,0.0
hexc_01361,1362,187422143,187422142,1,187422143,False,2,2.0,0,1,1,1.0,1.0,True,True,1,1,0,19.048874079806513,19.048874079806513,362.8596037083244,1,1,1,,0.0,0.0,0.0,0.0,0,0.0,0.0,0.0,1.0,0.5,1.0,0.0,0.0,0.0,0,0.0,inf,inf,False,False,1,0,1,0,0.0,0.0,0.0,1,1,0,19.048874079806517,19.048874079806517,362.8596037083244,1,0.0,0.0,0.0521111993927147,0.0516054248625014,False,False,True,True,False,sign_inconsistent_positive_harmless,0.0
hexc_01362,1363,604193621,604193620,1,604193621,True,2,2.0,0,1,1,1.0,1.0,True,True,1,1,0,20.219405269098782,20.219405269098782,408.8243494360596,1,1,1,,0.0,0.0,0.0,0.0,0,0.0,0.0,0.0,1.0,0.5,1.0,0.0,0.0,0.0,0,0.0,inf,inf,False,False,1,0,1,0,0.0,0.0,0.0,1,1,0,20.219405269098782,20.219405269098782,408.8243494360596,1,0.0,4.449317674094037e-15,0.0499190291734341,0.0486665122357412,False,False,False,True,False,sign_inconsistent_positive_harmless,0.0
hexc_01363,1364,604322441,604322440,1,604322441,True,2,2.0,0,1,1,1.0,1.0,True,True,1,1,0,20.21961845617099,20.21961845617099,408.8329705131306,1,1,1,,0.0,0.0,0.0,0.0,0,0.0,0.0,0.0,1.0,0.5,1.0,0.0,0.0,0.0,0,0.0,inf,inf,False,False,1,0,1,0,0.0,0.0,0.0,1,1,0,20.21961845617099,20.21961845617099,408.8329705131306,1,0.0,0.0,0.0507092541027113,0.0486660074558038,False,False,False,True,False,sign_inconsistent_positive_harmless,0.0
hexc_01364,1365,178911907,178911906,1,178911907,False,2,2.0,0,1,1,1.0,1.0,True,True,1,1,0,19.00240410299975,19.00240410299975,361.0913616937018,1,1,1,,0.0,0.0,0.0,0.0,0,0.0,0.0,0.0,1.0,0.5,1.0,0.0,0.0,0.0,0,0.0,inf,inf,False,False,1,0,1,0,0.0,0.0,0.0,1,1,0,19.00240410299975,19.00240410299975,361.0913616937018,1,0.0,0.0,0.0531472480322193,0.0517294403011623,False,False,True,True,False,sign_inconsistent_positive_harmless,0.0
hexc_01365,1366,40860823,40860822,1,40860823,False,2,2.0,0,1,1,1.0,1.0,True,True,1,1,0,17.52568228909902,17.52568228909902,307.14953969843907,1,1,1,,0.0,0.0,0.0,0.0,0,0.0,0.0,0.0,1.0,0.5,1.0,0.0,0.0,0.0,0,0.0,inf,inf,False,False,1,0,1,0,0.0,0.0,0.0,1,1,0,17.52568228909902,17.52568228909902,307.14953969843907,1,0.0,0.0,0.0582185007319345,0.0560063747482357,False,False,True,True,False,sign_inconsistent_positive_harmless,0.0
hexc_01366,1367,109816297,109816296,1,109816297,False,2,2.0,0,1,1,1.0,1.0,True,True,1,1,0,18.514319500433906,18.514319500433906,342.7800265641472,1,1,1,,0.0,0.0,0.0,0.0,0,0.0,0.0,0.0,1.0,0.5,1.0,0.0,0.0,0.0,0,0.0,inf,inf,False,False,1,0,1,0,0.0,0.0,0.0,1,1,0,18.514319500433903,18.514319500433903,342.7800265641472,1,0.0,0.0,0.0545469035286039,0.0530689305843475,False,False,True,True,False,sign_inconsistent_positive_harmless,0.0
hexc_01367,1368,108835807,108835806,1,108835807,False,2,2.0,0,1,1,1.0,1.0,True,True,1,1,0,18.50535094669769,18.50535094669769,342.44801366044504,1,1,1,,0.0,0.0,0.0,0.0,0,0.0,0.0,0.0,1.0,0.5,1.0,0.0,0.0,0.0,0,0.0,inf,inf,False,False,1,0,1,0,0.0,0.0,0.0,1,1,0,18.50535094669769,18.50535094669769,342.44801366044504,1,0.0,0.0,0.0548551884607386,0.0530941928596671,False,False,True,True,False,sign_inconsistent_positive_harmless,0.0
hexc_01368,1369,3457109,3457108,1,3457109,False,2,2.0,0,1,1,1.0,1.0,True,True,1,1,0,15.055943248635216,15.055943248635216,226.68142710612435,1,1,1,,0.0,0.0,0.0,0.0,0,0.0,0.0,0.0,1.0,0.5,1.0,0.0,0.0,0.0,0,0.0,inf,inf,False,False,1,0,1,0,0.0,0.0,0.0,1,1,0,15.055943248635216,15.055943248635216,226.68142710612435,1,0.0,0.0,0.0653525952476683,0.064992502348849,False,False,True,True,False,sign_inconsistent_positive_harmless,0.0
hexc_01369,1370,30400861,30400860,1,30400861,False,2,2.0,0,1,1,1.0,1.0,True,True,1,1,0,17.2299814883438,17.2299814883438,296.87226208867,1,1,1,,0.0,0.0,0.0,0.0,0,0.0,0.0,0.0,1.0,0.5,1.0,0.0,0.0,0.0,0,0.0,inf,inf,False,False,1,0,1,0,0.0,0.0,0.0,1,1,0,17.2299814883438,17.2299814883438,296.87226208867,1,0.0,0.0,0.0575329823642898,0.05694917842575,False,False,True,True,False,sign_inconsistent_positive_harmless,0.0
hexc_01370,1371,108540833,108540832,1,108540833,False,2,2.0,0,1,1,1.0,1.0,True,True,1,1,0,18.502637001160096,18.502637001160096,342.34757599669865,1,1,1,,0.0,0.0,0.0,0.0,0,0.0,0.0,0.0,1.0,0.5,1.0,0.0,0.0,0.0,0,0.0,inf,inf,False,False,1,0,1,0,0.0,0.0,0.0,1,1,0,18.502637001160096,18.502637001160096,342.34757599669865,1,0.0,0.0,0.0545025391870085,0.0531018421358271,False,False,True,True,False,sign_inconsistent_positive_harmless,0.0
hexc_01371,1372,7113889,7113888,1,7113889,False,2,2.0,0,1,1,1.0,1.0,True,True,1,1,0,15.777559628332542,15.777559628332542,248.9313878255889,1,1,1,,0.0,0.0,0.0,0.0,0,0.0,0.0,0.0,1.0,0.5,1.0,0.0,0.0,0.0,0,0.0,inf,inf,False,False,1,0,1,0,0.0,0.0,0.0,1,1,0,15.777559628332542,15.777559628332542,248.9313878255889,1,0.0,0.0,0.0641203855136659,0.062082205455586,False,False,True,True,False,sign_inconsistent_positive_harmless,0.0
hexc_01372,1373,178011433,178011432,1,178011433,False,2,2.0,0,1,1,1.0,1.0,True,True,1,1,0,18.99735833653076,18.99735833653076,360.8996237665547,1,1,1,,0.0,0.0,0.0,0.0,0,0.0,0.0,0.0,1.0,0.5,1.0,0.0,0.0,0.0,0,0.0,inf,inf,False,False,1,0,1,0,0.0,0.0,0.0,1,1,0,18.99735833653076,18.99735833653076,360.8996237665547,1,0.0,0.0,0.052388894647438,0.051742941920077,False,False,True,True,False,sign_inconsistent_positive_harmless,0.0
hexc_01373,1374,108526073,108526072,1,108526073,False,2,2.0,0,1,1,1.0,1.0,True,True,1,1,0,18.502501006223838,18.502501006223838,342.34254348531414,1,1,1,,0.0,0.0,0.0,0.0,0,0.0,0.0,0.0,1.0,0.5,1.0,0.0,0.0,0.0,0,0.0,inf,inf,False,False,1,0,1,0,0.0,0.0,0.0,1,1,0,18.50250100622384,18.50250100622384,342.34254348531414,1,0.0,2.6566803310905e-15,0.0535427410084577,0.0531022254965633,False,False,True,True,False,sign_inconsistent_positive_harmless,0.0
hexc_01374,1375,604150991,604150990,1,604150991,True,2,2.0,0,1,1,1.0,1.0,True,True,1,1,0,20.21933470975736,20.21933470975736,408.82149610519866,1,1,1,,0.0,0.0,0.0,0.0,0,0.0,0.0,0.0,1.0,0.5,1.0,0.0,0.0,0.0,0,0.0,inf,inf,False,False,1,0,1,0,0.0,0.0,0.0,1,1,0,20.21933470975736,20.21933470975736,408.82149610519866,1,0.0,0.0,0.0504467663969889,0.0486666793069955,False,False,False,True,False,sign_inconsistent_positive_harmless,0.0
hexc_01375,1376,179660891,179660890,1,179660891,False,2,2.0,0,1,1,1.0,1.0,True,True,1,1,0,19.006581693120733,19.006581693120733,361.2501476572722,1,1,1,,0.0,0.0,0.0,0.0,0,0.0,0.0,0.0,1.0,0.5,1.0,0.0,0.0,0.0,0,0.0,inf,inf,False,False,1,0,1,0,0.0,0.0,0.0,1,1,0,19.006581693120733,19.006581693120733,361.2501476572722,1,0.0,0.0,0.053207259258924,0.0517182671046156,False,False,True,True,False,sign_inconsistent_positive_harmless,0.0
hexc_01376,1377,604687079,604687078,1,604687079,True,2,2.0,0,1,1,1.0,1.0,True,True,1,1,0,20.22022165739484,20.22022165739484,408.8573638741794,1,1,1,,0.0,0.0,0.0,0.0,0,0.0,0.0,0.0,1.0,0.5,1.0,0.0,0.0,0.0,0,0.0,inf,inf,False,False,1,0,1,0,0.0,0.0,0.0,1,1,0,20.22022165739484,20.22022165739484,408.8573638741794,1,0.0,0.0,0.0502780299133259,0.0486645792651486,False,False,False,True,False,sign_inconsistent_positive_harmless,0.0
hexc_01377,1378,39699377,39699376,1,39699377,False,2,2.0,0,1,1,1.0,1.0,True,True,1,1,0,17.49684605283907,17.49684605283907,306.1396217967502,1,1,1,,0.0,0.0,0.0,0.0,0,0.0,0.0,0.0,1.0,0.5,1.0,0.0,0.0,0.0,0,0.0,inf,inf,False,False,1,0,1,0,0.0,0.0,0.0,1,1,0,17.49684605283907,17.49684605283907,306.1396217967502,1,0.0,0.0,0.0571017256961637,0.0560969399747959,False,False,True,True,False,sign_inconsistent_positive_harmless,0.0
hexc_01378,1379,604872551,604872550,1,604872551,True,2,2.0,0,1,1,1.0,1.0,True,True,1,1,0,20.220528334299154,20.220528334299154,408.8697661181949,1,1,1,,0.0,0.0,0.0,0.0,0,0.0,0.0,0.0,1.0,0.5,1.0,0.0,0.0,0.0,0,0.0,inf,inf,False,False,1,0,1,0,0.0,0.0,0.0,1,1,0,20.220528334299157,20.220528334299157,408.8697661181949,1,0.0,4.448823450105695e-15,0.0499198517893476,0.048663853182891,False,False,False,True,False,sign_inconsistent_positive_harmless,0.0
hexc_01379,1380,178912813,178912812,1,178912813,False,2,2.0,0,1,1,1.0,1.0,True,True,1,1,0,19.002409166931614,19.002409166931614,361.0915541474866,1,1,1,,0.0,0.0,0.0,0.0,0,0.0,0.0,0.0,1.0,0.5,1.0,0.0,0.0,0.0,0,0.0,inf,inf,False,False,1,0,1,0,0.0,0.0,0.0,1,1,0,19.002409166931614,19.002409166931614,361.0915541474866,1,0.0,0.0,0.0534990594965381,0.0517294267544742,False,False,True,True,False,sign_inconsistent_positive_harmless,0.0
hexc_01380,1381,604713541,604713540,1,604713541,True,2,2.0,0,1,1,1.0,1.0,True,True,1,1,0,20.220265417914835,20.220265417914835,408.8591335709226,1,1,1,,0.0,0.0,0.0,0.0,0,0.0,0.0,0.0,1.0,0.5,1.0,0.0,0.0,0.0,0,0.0,inf,inf,False,False,1,0,1,0,0.0,0.0,0.0,1,1,0,20.220265417914835,20.220265417914835,408.8591335709226,1,0.0,0.0,0.0495332491346926,0.0486644756572733,False,False,False,True,False,sign_inconsistent_positive_harmless,0.0
hexc_01381,1382,40395269,40395268,1,40395269,False,2,2.0,0,1,1,1.0,1.0,True,True,1,1,0,17.51422323211378,17.51422323211378,306.748015424314,1,1,1,,0.0,0.0,0.0,0.0,0,0.0,0.0,0.0,1.0,0.5,1.0,0.0,0.0,0.0,0,0.0,inf,inf,False,False,1,0,1,0,0.0,0.0,0.0,1,1,0,17.51422323211378,17.51422323211378,306.748015424314,1,0.0,0.0,0.057959605317554,0.0560423288911395,False,False,True,True,False,sign_inconsistent_positive_harmless,0.0
hexc_01382,1383,604813831,604813830,1,604813831,True,2,2.0,0,1,1,1.0,1.0,True,True,1,1,0,20.220431251285042,20.220431251285042,408.86583998794475,1,1,1,,0.0,0.0,0.0,0.0,0,0.0,0.0,0.0,1.0,0.5,1.0,0.0,0.0,0.0,0,0.0,inf,inf,False,False,1,0,1,0,0.0,0.0,0.0,1,1,0,20.22043125128504,20.22043125128504,408.8658399879448,1,0.0,0.0,0.0494505928271106,0.0486640830324004,False,False,False,True,False,sign_inconsistent_positive_harmless,0.0
hexc_01383,1384,604676183,604676182,1,604676183,True,2,2.0,0,1,1,1.0,1.0,True,True,1,1,0,20.220203637995144,20.220203637995144,408.8566351619921,1,1,1,,0.0,0.0,0.0,0.0,0,0.0,0.0,0.0,1.0,0.5,1.0,0.0,0.0,0.0,0,0.0,inf,inf,False,False,1,0,1,0,0.0,0.0,0.0,1,1,0,20.220203637995144,20.220203637995144,408.8566351619921,1,0.0,0.0,0.0498626558030613,0.0486646219282005,False,False,False,True,False,sign_inconsistent_positive_harmless,0.0
hexc_01384,1385,17998471,17998470,1,17998471,False,2,2.0,0,1,1,1.0,1.0,True,True,1,1,0,16.70579736780801,16.70579736780801,279.0836656942611,1,1,1,,0.0,0.0,0.0,0.0,0,0.0,0.0,0.0,1.0,0.5,1.0,0.0,0.0,0.0,0,0.0,inf,inf,False,False,1,0,1,0,0.0,0.0,0.0,1,1,0,16.70579736780801,16.70579736780801,279.0836656942611,1,0.0,0.0,0.0602674255775238,0.058700846078017,False,False,True,True,False,sign_inconsistent_positive_harmless,0.0
hexc_01385,1386,178896671,178896670,1,178896671,False,2,2.0,0,1,1,1.0,1.0,True,True,1,1,0,19.00231894014483,19.00231894014483,361.08812510298685,1,1,1,,0.0,0.0,0.0,0.0,0,0.0,0.0,0.0,1.0,0.5,1.0,0.0,0.0,0.0,0,0.0,inf,inf,False,False,1,0,1,0,0.0,0.0,0.0,1,1,0,19.00231894014483,19.00231894014483,361.0881251029869,1,0.0,0.0,0.0521533774390629,0.0517296681241389,False,False,True,True,False,sign_inconsistent_positive_harmless,0.0
hexc_01386,1387,604150727,604150726,1,604150727,True,2,2.0,0,1,1,1.0,1.0,True,True,1,1,0,20.219334272780408,20.219334272780408,408.82147843443244,1,1,1,,0.0,0.0,0.0,0.0,0,0.0,0.0,0.0,1.0,0.5,1.0,0.0,0.0,0.0,0,0.0,inf,inf,False,False,1,0,1,0,0.0,0.0,0.0,1,1,0,20.219334272780408,20.219334272780408,408.8214784344325,1,0.0,0.0,0.0494292859872481,0.0486666803416767,False,False,False,True,False,sign_inconsistent_positive_harmless,0.0
hexc_01387,1388,12836827,12836826,1,12836827,False,2,2.0,0,1,1,1.0,1.0,True,True,1,1,0,16.36782870730725,16.36782870730725,267.9058165917513,1,1,1,,0.0,0.0,0.0,0.0,0,0.0,0.0,0.0,1.0,0.5,1.0,0.0,0.0,0.0,0,0.0,inf,inf,False,False,1,0,1,0,0.0,0.0,0.0,1,1,0,16.36782870730725,16.36782870730725,267.9058165917513,1,0.0,8.48707498537502e-16,0.0603526687466683,0.0598885042752044,False,False,True,True,False,sign_inconsistent_positive_harmless,0.0
hexc_01388,1389,604673087,604673086,1,604673087,True,2,2.0,0,1,1,1.0,1.0,True,True,1,1,0,20.22019851788621,20.22019851788621,408.8564281027277,1,1,1,,0.0,0.0,0.0,0.0,0,0.0,0.0,0.0,1.0,0.5,1.0,0.0,0.0,0.0,0,0.0,inf,inf,False,False,1,0,1,0,0.0,0.0,0.0,1,1,0,20.22019851788621,20.22019851788621,408.8564281027277,1,0.0,0.0,0.0502840921991392,0.0486646340506786,False,False,False,True,False,sign_inconsistent_positive_harmless,0.0
hexc_01389,1390,179382869,179382868,1,179382869,False,2,2.0,0,1,1,1.0,1.0,True,True,1,1,0,19.00503301250549,19.00503301250549,361.1912798064235,1,1,1,,0.0,0.0,0.0,0.0,0,0.0,0.0,0.0,1.0,0.5,1.0,0.0,0.0,0.0,0,0.0,inf,inf,False,False,1,0,1,0,0.0,0.0,0.0,1,1,0,19.00503301250549,19.00503301250549,361.1912798064235,1,0.0,2.51804169320024e-15,0.0527625272092595,0.0517224085739772,False,False,True,True,False,sign_inconsistent_positive_harmless,0.0
hexc_01390,1391,108596123,108596122,1,108596123,False,2,2.0,0,1,1,1.0,1.0,True,True,1,1,0,18.50314626501102,18.50314626501102,342.3664217043912,1,1,1,,0.0,0.0,0.0,0.0,0,0.0,0.0,0.0,1.0,0.5,1.0,0.0,0.0,0.0,0,0.0,inf,inf,False,False,1,0,1,0,0.0,0.0,0.0,1,1,0,18.50314626501102,18.50314626501102,342.3664217043912,1,0.0,0.0,0.0546489093154635,0.0531004066038576,False,False,True,True,False,sign_inconsistent_positive_harmless,0.0
hexc_01391,1392,109592381,109592380,1,109592381,False,2,2.0,0,1,1,1.0,1.0,True,True,1,1,0,18.51227841363845,18.51227841363845,342.7044520640642,1,1,1,,0.0,0.0,0.0,0.0,0,0.0,0.0,0.0,1.0,0.5,1.0,0.0,0.0,0.0,0,0.0,inf,inf,False,False,1,0,1,0,0.0,0.0,0.0,1,1,0,18.51227841363845,18.51227841363845,342.7044520640642,1,0.0,0.0,0.054215024139045,0.0530746777262138,False,False,True,True,False,sign_inconsistent_positive_harmless,0.0
hexc_01392,1393,109684087,109684086,1,109684087,False,2,2.0,0,1,1,1.0,1.0,True,True,1,1,0,18.513114855470842,18.513114855470842,342.7354216518552,1,1,1,,0.0,0.0,0.0,0.0,0,0.0,0.0,0.0,1.0,0.5,1.0,0.0,0.0,0.0,0,0.0,inf,inf,False,False,1,0,1,0,0.0,0.0,0.0,1,1,0,18.51311485547084,18.51311485547084,342.7354216518552,1,0.0,0.0,0.0533278670073051,0.0530723223844296,False,False,True,True,False,sign_inconsistent_positive_harmless,0.0
hexc_01393,1394,179425097,179425096,1,179425097,False,2,2.0,0,1,1,1.0,1.0,True,True,1,1,0,19.00526839189612,19.00526839189612,361.20022664800575,1,1,1,,0.0,0.0,0.0,0.0,0,0.0,0.0,0.0,1.0,0.5,1.0,0.0,0.0,0.0,0,0.0,inf,inf,False,False,1,0,1,0,0.0,0.0,0.0,1,1,0,19.00526839189612,19.00526839189612,361.20022664800575,1,0.0,0.0,0.0525931316567972,0.0517217790815564,False,False,True,True,False,sign_inconsistent_positive_harmless,0.0
hexc_01394,1395,179403641,179403640,1,179403641,False,2,2.0,0,1,1,1.0,1.0,True,True,1,1,0,19.00514880281223,19.00514880281223,361.1956810170351,1,1,1,,0.0,0.0,0.0,0.0,0,0.0,0.0,0.0,1.0,0.5,1.0,0.0,0.0,0.0,0,0.0,inf,inf,False,False,1,0,1,0,0.0,0.0,0.0,1,1,0,19.00514880281223,19.00514880281223,361.1956810170351,1,0.0,2.5180110105747186e-15,0.0523502186813132,0.0517220989055255,False,False,True,True,False,sign_inconsistent_positive_harmless,0.0
hexc_01395,1396,178899731,178899730,1,178899731,False,2,2.0,0,1,1,1.0,1.0,True,True,1,1,0,19.0023360448445,19.0023360448445,361.08877516119657,1,1,1,,0.0,0.0,0.0,0.0,0,0.0,0.0,0.0,1.0,0.5,1.0,0.0,0.0,0.0,0,0.0,inf,inf,False,False,1,0,1,0,0.0,0.0,0.0,1,1,0,19.0023360448445,19.0023360448445,361.08877516119657,1,0.0,0.0,0.0521962848702515,0.0517296223664276,False,False,True,True,False,sign_inconsistent_positive_harmless,0.0
hexc_01396,1397,33929663,33929662,1,33929663,False,2,2.0,0,1,1,1.0,1.0,True,True,1,1,0,17.339800204497706,17.339800204497706,300.6686711318987,1,1,1,,0.0,0.0,0.0,0.0,0,0.0,0.0,0.0,1.0,0.5,1.0,0.0,0.0,0.0,0,0.0,inf,inf,False,False,1,0,1,0,0.0,0.0,0.0,1,1,0,17.339800204497706,17.339800204497706,300.6686711318987,1,0.0,3.02490677977536e-15,0.0574088068820105,0.0565953548650004,False,False,True,True,False,sign_inconsistent_positive_harmless,0.0
hexc_01397,1398,604811167,604811166,1,604811167,True,2,2.0,0,1,1,1.0,1.0,True,True,1,1,0,20.220426846614167,20.220426846614167,408.86566185927495,1,1,1,,0.0,0.0,0.0,0.0,0,0.0,0.0,0.0,1.0,0.5,1.0,0.0,0.0,0.0,0,0.0,inf,inf,False,False,1,0,1,0,0.0,0.0,0.0,1,1,0,20.220426846614167,20.220426846614167,408.86566185927495,1,0.0,0.0,0.0502199766170714,0.0486640934607559,False,False,False,True,False,sign_inconsistent_positive_harmless,0.0
hexc_01398,1399,180643363,180643362,1,180643363,False,2,2.0,0,1,1,1.0,1.0,True,True,1,1,0,19.01203527533139,19.01203527533139,361.45748531044507,1,1,1,,0.0,0.0,0.0,0.0,0,0.0,0.0,0.0,1.0,0.5,1.0,0.0,0.0,0.0,0,0.0,inf,inf,False,False,1,0,1,0,0.0,0.0,0.0,1,1,0,19.01203527533139,19.01203527533139,361.45748531044507,1,0.0,0.0,0.052325014209861,0.0517036884553116,False,False,True,True,False,sign_inconsistent_positive_harmless,0.0
hexc_01399,1400,108547469,108547468,1,108547469,False,2,2.0,0,1,1,1.0,1.0,True,True,1,1,0,18.502698137572708,18.502698137572708,342.3498383701365,1,1,1,,0.0,0.0,0.0,0.0,0,0.0,0.0,0.0,1.0,0.5,1.0,0.0,0.0,0.0,0,0.0,inf,inf,False,False,1,0,1,0,0.0,0.0,0.0,1,1,0,18.502698137572708,18.502698137572708,342.3498383701365,1,0.0,0.0,0.0535894655450915,0.053101669798126,False,False,True,True,False,sign_inconsistent_positive_harmless,0.0
hexc_01400,1401,33486547,33486546,1,33486547,False,2,2.0,0,1,1,1.0,1.0,True,True,1,1,0,17.326654334050062,17.326654334050062,300.2129504116558,1,1,1,,0.0,0.0,0.0,0.0,0,0.0,0.0,0.0,1.0,0.5,1.0,0.0,0.0,0.0,0,0.0,inf,inf,False,False,1,0,1,0,0.0,0.0,0.0,1,1,0,17.326654334050062,17.326654334050062,300.2129504116558,1,0.0,0.0,0.0592177389534237,0.0566374776495652,False,False,True,True,False,sign_inconsistent_positive_harmless,0.0
hexc_01401,1402,179145997,179145996,1,179145997,False,2,2.0,0,1,1,1.0,1.0,True,True,1,1,0,19.003711657061466,19.003711657061466,361.1410567447338,1,1,1,,0.0,0.0,0.0,0.0,0,0.0,0.0,0.0,1.0,0.5,1.0,0.0,0.0,0.0,0,0.0,inf,inf,False,False,1,0,1,0,0.0,0.0,0.0,1,1,0,19.003711657061466,19.003711657061466,361.1410567447338,1,0.0,0.0,0.0523024872089549,0.0517259426564303,False,False,True,True,False,sign_inconsistent_positive_harmless,0.0
hexc_01402,1403,604864229,604864228,1,604864229,True,2,2.0,0,1,1,1.0,1.0,True,True,1,1,0,20.220514575934295,20.220514575934295,408.8692097155713,1,1,1,,0.0,0.0,0.0,0.0,0,0.0,0.0,0.0,1.0,0.5,1.0,0.0,0.0,0.0,0,0.0,inf,inf,False,False,1,0,1,0,0.0,0.0,0.0,1,1,0,20.220514575934292,20.220514575934292,408.8692097155713,1,0.0,0.0,0.0493544655854132,0.0486638857564635,False,False,False,True,False,sign_inconsistent_positive_harmless,0.0
hexc_01403,1404,604675733,604675732,1,604675733,True,2,2.0,0,1,1,1.0,1.0,True,True,1,1,0,20.22020289379489,20.22020289379489,408.8566050662313,1,1,1,,0.0,0.0,0.0,0.0,0,0.0,0.0,0.0,1.0,0.5,1.0,0.0,0.0,0.0,0,0.0,inf,inf,False,False,1,0,1,0,0.0,0.0,0.0,1,1,0,20.22020289379489,20.22020289379489,408.8566050662313,1,0.0,0.0,0.0496569007754921,0.0486646236901858,False,False,False,True,False,sign_inconsistent_positive_harmless,0.0
hexc_01404,1405,178897451,178897450,1,178897451,False,2,2.0,0,1,1,1.0,1.0,True,True,1,1,0,19.0023233001941,19.0023233001941,361.0882908050996,1,1,1,,0.0,0.0,0.0,0.0,0,0.0,0.0,0.0,1.0,0.5,1.0,0.0,0.0,0.0,0,0.0,inf,inf,False,False,1,0,1,0,0.0,0.0,0.0,1,1,0,19.0023233001941,19.0023233001941,361.0882908050996,1,0.0,0.0,0.0522144979610413,0.0517296564603245,False,False,True,True,False,sign_inconsistent_positive_harmless,0.0
hexc_01405,1406,179151281,179151280,1,179151281,False,2,2.0,0,1,1,1.0,1.0,True,True,1,1,0,19.00374115212227,19.00374115212227,361.1421777768655,1,1,1,,0.0,0.0,0.0,0.0,0,0.0,0.0,0.0,1.0,0.5,1.0,0.0,0.0,0.0,0,0.0,inf,inf,False,False,1,0,1,0,0.0,0.0,0.0,1,1,0,19.00374115212227,19.00374115212227,361.1421777768655,1,0.0,0.0,0.0523720329466571,0.0517258637640049,False,False,True,True,False,sign_inconsistent_positive_harmless,0.0
hexc_01406,1407,109713727,109713726,1,109713727,False,2,2.0,0,1,1,1.0,1.0,True,True,1,1,0,18.51338504959575,18.51338504959575,342.74542599459545,1,1,1,,0.0,0.0,0.0,0.0,0,0.0,0.0,0.0,1.0,0.5,1.0,0.0,0.0,0.0,0,0.0,inf,inf,False,False,1,0,1,0,0.0,0.0,0.0,1,1,0,18.51338504959575,18.51338504959575,342.74542599459545,1,0.0,0.0,0.0533645039148469,0.0530715615877635,False,False,True,True,False,sign_inconsistent_positive_harmless,0.0
hexc_01407,1408,604672951,604672950,1,604672951,True,2,2.0,0,1,1,1.0,1.0,True,True,1,1,0,20.220198292971265,20.220198292971265,408.85641900707805,1,1,1,,0.0,0.0,0.0,0.0,0,0.0,0.0,0.0,1.0,0.5,1.0,0.0,0.0,0.0,0,0.0,inf,inf,False,False,1,0,1,0,0.0,0.0,0.0,1,1,0,20.220198292971265,20.220198292971265,408.8564190070781,1,0.0,4.4489686818745185e-15,0.0499414648158332,0.0486646345831888,False,False,False,True,False,sign_inconsistent_positive_harmless,0.0
hexc_01408,1409,604872473,604872472,1,604872473,True,2,2.0,0,1,1,1.0,1.0,True,True,1,1,0,20.22052820534636,20.22052820534636,408.86976090320763,1,1,1,,0.0,0.0,0.0,0.0,0,0.0,0.0,0.0,1.0,0.5,1.0,0.0,0.0,0.0,0,0.0,inf,inf,False,False,1,0,1,0,0.0,0.0,0.0,1,1,0,20.22052820534636,20.22052820534636,408.8697609032076,1,0.0,4.4488235068488436e-15,0.0499151844057618,0.048663853488195,False,False,False,True,False,sign_inconsistent_positive_harmless,0.0
hexc_01409,1410,179379503,179379502,1,179379503,False,2,2.0,0,1,1,1.0,1.0,True,True,1,1,0,19.005014247995817,19.005014247995817,361.190566566524,1,1,1,,0.0,0.0,0.0,0.0,0,0.0,0.0,0.0,1.0,0.5,1.0,0.0,0.0,0.0,0,0.0,inf,inf,False,False,1,0,1,0,0.0,0.0,0.0,1,1,0,19.005014247995817,19.005014247995817,361.190566566524,1,0.0,0.0,0.0533045157066953,0.0517224587579441,False,False,True,True,False,sign_inconsistent_positive_harmless,0.0
hexc_01410,1411,604143797,604143796,1,604143797,True,2,2.0,0,1,1,1.0,1.0,True,True,1,1,0,20.21932280206716,20.21932280206716,408.82101457419304,1,1,1,,0.0,0.0,0.0,0.0,0,0.0,0.0,0.0,1.0,0.5,1.0,0.0,0.0,0.0,0,0.0,inf,inf,False,False,1,0,1,0,0.0,0.0,0.0,1,1,0,20.21932280206716,20.21932280206716,408.821014574193,1,0.0,0.0,0.0496227945278836,0.0486667075022797,False,False,False,True,False,sign_inconsistent_positive_harmless,0.0
hexc_01411,1412,109683683,109683682,1,109683683,False,2,2.0,0,1,1,1.0,1.0,True,True,1,1,0,18.513111172158567,18.513111172158567,342.73528527270236,1,1,1,,0.0,0.0,0.0,0.0,0,0.0,0.0,0.0,1.0,0.5,1.0,0.0,0.0,0.0,0,0.0,inf,inf,False,False,1,0,1,0,0.0,0.0,0.0,1,1,0,18.513111172158567,18.513111172158567,342.7352852727024,1,0.0,0.0,0.0546243496582797,0.0530723327558353,False,False,True,True,False,sign_inconsistent_positive_harmless,0.0
hexc_01412,1413,187493987,187493986,1,187493987,False,2,2.0,0,1,1,1.0,1.0,True,True,1,1,0,19.049257333527173,19.049257333527173,362.8742049589388,1,1,1,,0.0,0.0,0.0,0.0,0,0.0,0.0,0.0,1.0,0.5,1.0,0.0,0.0,0.0,0,0.0,inf,inf,False,False,1,0,1,0,0.0,0.0,0.0,1,1,0,19.049257333527173,19.049257333527173,362.8742049589388,1,0.0,0.0,0.0522420246474967,0.0516044045364049,False,False,True,True,False,sign_inconsistent_positive_harmless,0.0
hexc_01413,1414,30363467,30363466,1,30363467,False,2,2.0,0,1,1,1.0,1.0,True,True,1,1,0,17.228750700282735,17.228750700282735,296.8298506924928,1,1,1,,0.0,0.0,0.0,0.0,0,0.0,0.0,0.0,1.0,0.5,1.0,0.0,0.0,0.0,0,0.0,inf,inf,False,False,1,0,1,0,0.0,0.0,0.0,1,1,0,17.228750700282735,17.228750700282735,296.8298506924928,1,0.0,0.0,0.0585629651697203,0.0569531689479442,False,False,True,True,False,sign_inconsistent_positive_harmless,0.0
hexc_01414,1415,179400791,179400790,1,179400791,False,2,2.0,0,1,1,1.0,1.0,True,True,1,1,0,19.005132916720832,19.005132916720832,361.1950771822257,1,1,1,,0.0,0.0,0.0,0.0,0,0.0,0.0,0.0,1.0,0.5,1.0,0.0,0.0,0.0,0,0.0,inf,inf,False,False,1,0,1,0,0.0,0.0,0.0,1,1,0,19.005132916720832,19.005132916720832,361.1950771822257,1,0.0,0.0,0.0523464165203712,0.0517221413909122,False,False,True,True,False,sign_inconsistent_positive_harmless,0.0
hexc_01415,1416,604872577,604872576,1,604872577,True,2,2.0,0,1,1,1.0,1.0,True,True,1,1,0,20.220528377283415,20.220528377283415,408.8697678565239,1,1,1,,0.0,0.0,0.0,0.0,0,0.0,0.0,0.0,1.0,0.5,1.0,0.0,0.0,0.0,0,0.0,inf,inf,False,False,1,0,1,0,0.0,0.0,0.0,1,1,0,20.22052837728341,20.22052837728341,408.8697678565239,1,0.0,4.448823431191314e-15,0.0490823007042159,0.0486638530811245,False,False,False,True,False,sign_inconsistent_positive_harmless,0.0
hexc_01416,1417,604141327,604141326,1,604141327,True,2,2.0,0,1,1,1.0,1.0,True,True,1,1,0,20.219318713628184,20.219318713628184,408.82084924327484,1,1,1,,0.0,0.0,0.0,0.0,0,0.0,0.0,0.0,1.0,0.5,1.0,0.0,0.0,0.0,0,0.0,inf,inf,False,False,1,0,1,0,0.0,0.0,0.0,1,1,0,20.219318713628184,20.219318713628184,408.8208492432749,1,0.0,0.0,0.0501598206296204,0.0486667171829813,False,False,False,True,False,sign_inconsistent_positive_harmless,0.0
hexc_01417,1418,108595829,108595828,1,108595829,False,2,2.0,0,1,1,1.0,1.0,True,True,1,1,0,18.503143557728382,18.503143557728382,342.36632151790536,1,1,1,,0.0,0.0,0.0,0.0,0,0.0,0.0,0.0,1.0,0.5,1.0,0.0,0.0,0.0,0,0.0,inf,inf,False,False,1,0,1,0,0.0,0.0,0.0,1,1,0,18.503143557728382,18.503143557728382,342.36632151790536,1,0.0,0.0,0.0547353567679747,0.0531004142350412,False,False,True,True,False,sign_inconsistent_positive_harmless,0.0
hexc_01418,1419,604432681,604432680,1,604432681,True,2,2.0,0,1,1,1.0,1.0,True,True,1,1,0,20.21980085870778,20.21980085870778,408.84034676579995,1,1,1,,0.0,0.0,0.0,0.0,0,0.0,0.0,0.0,1.0,0.5,1.0,0.0,0.0,0.0,0,0.0,inf,inf,False,False,1,0,1,0,0.0,0.0,0.0,1,1,0,20.21980085870778,20.21980085870778,408.8403467658,1,0.0,4.449143578747246e-15,0.0489909092562281,0.0486655755751635,False,False,False,True,False,sign_inconsistent_positive_harmless,0.0
hexc_01419,1420,604686097,604686096,1,604686097,True,2,2.0,0,1,1,1.0,1.0,True,True,1,1,0,20.220220033413064,20.220220033413064,408.857298199639,1,1,1,,0.0,0.0,0.0,0.0,0,0.0,0.0,0.0,1.0,0.5,1.0,0.0,0.0,0.0,0,0.0,inf,inf,False,False,1,0,1,0,0.0,0.0,0.0,1,1,0,20.220220033413064,20.220220033413064,408.857298199639,1,0.0,0.0,0.0500409639404426,0.0486645831101113,False,False,False,True,False,sign_inconsistent_positive_harmless,0.0
hexc_01420,1421,187505491,187505490,1,187505491,False,2,2.0,0,1,1,1.0,1.0,True,True,1,1,0,19.049318688279264,19.049318688279264,362.8765424876256,1,1,1,,0.0,0.0,0.0,0.0,0,0.0,0.0,0.0,1.0,0.5,1.0,0.0,0.0,0.0,0,0.0,inf,inf,False,False,1,0,1,0,0.0,0.0,0.0,1,1,0,19.049318688279264,19.049318688279264,362.8765424876256,1,0.0,0.0,0.0526943886600028,0.051604241197042,False,False,True,True,False,sign_inconsistent_positive_harmless,0.0
hexc_01421,1422,33902611,33902610,1,33902611,False,2,2.0,0,1,1,1.0,1.0,True,True,1,1,0,17.339002590033708,17.339002590033708,300.64101081719565,1,1,1,,0.0,0.0,0.0,0.0,0,0.0,0.0,0.0,1.0,0.5,1.0,0.0,0.0,0.0,0,0.0,inf,inf,False,False,1,0,1,0,0.0,0.0,0.0,1,1,0,17.339002590033708,17.339002590033708,300.64101081719565,1,0.0,0.0,0.0569716522815128,0.0565979088441129,False,False,True,True,False,sign_inconsistent_positive_harmless,0.0
hexc_01422,1423,187500433,187500432,1,187500433,False,2,2.0,0,1,1,1.0,1.0,True,True,1,1,0,19.049291712705408,19.049291712705408,362.8755147557469,1,1,1,,0.0,0.0,0.0,0.0,0,0.0,0.0,0.0,1.0,0.5,1.0,0.0,0.0,0.0,0,0.0,inf,inf,False,False,1,0,1,0,0.0,0.0,0.0,1,1,0,19.049291712705408,19.049291712705408,362.8755147557469,1,0.0,0.0,0.0534779811979873,0.0516043130116121,False,False,True,True,False,sign_inconsistent_positive_harmless,0.0
hexc_01423,1424,604884127,604884126,1,604884127,True,2,2.0,0,1,1,1.0,1.0,True,True,1,1,0,20.220547472031907,20.220547472031907,408.87054006869596,1,1,1,,0.0,0.0,0.0,0.0,0,0.0,0.0,0.0,1.0,0.5,1.0,0.0,0.0,0.0,0,0.0,inf,inf,False,False,1,0,1,0,0.0,0.0,0.0,1,1,0,20.220547472031907,20.220547472031907,408.870540068696,1,0.0,0.0,0.0501105033314959,0.0486638078734913,False,False,False,True,False,sign_inconsistent_positive_harmless,0.0
hexc_01424,1425,179436493,179436492,1,179436493,False,2,2.0,0,1,1,1.0,1.0,True,True,1,1,0,19.00533190384792,19.00533190384792,361.20264077541964,1,1,1,,0.0,0.0,0.0,0.0,0,0.0,0.0,0.0,1.0,0.5,1.0,0.0,0.0,0.0,0,0.0,inf,inf,False,False,1,0,1,0,0.0,0.0,0.0,1,1,0,19.00533190384792,19.00533190384792,361.2026407754197,1,0.0,0.0,0.0519436214565968,0.0517216092294941,False,False,True,True,False,sign_inconsistent_positive_harmless,0.0
hexc_01425,1426,12785053,12785052,1,12785053,False,2,2.0,0,1,1,1.0,1.0,True,True,1,1,0,16.36378731218182,16.36378731218182,267.77353519832275,1,1,1,,0.0,0.0,0.0,0.0,0,0.0,0.0,0.0,1.0,0.5,1.0,0.0,0.0,0.0,0,0.0,inf,inf,False,False,1,0,1,0,0.0,0.0,0.0,1,1,0,16.36378731218182,16.36378731218182,267.77353519832275,1,0.0,0.0,0.0615266506044893,0.0599029968936316,False,False,True,True,False,sign_inconsistent_positive_harmless,0.0
hexc_01426,1427,3281207,3281206,1,3281207,False,2,2.0,0,1,1,1.0,1.0,True,True,1,1,0,15.003721900474298,15.003721900474298,225.1116708667721,1,1,1,,0.0,0.0,0.0,0.0,0,0.0,0.0,0.0,1.0,0.5,1.0,0.0,0.0,0.0,0,0.0,inf,inf,False,False,1,0,1,0,0.0,0.0,0.0,1,1,0,15.003721900474298,15.003721900474298,225.1116708667721,1,0.0,5.050241832592471e-16,0.0669272457595592,0.0652137304962857,False,False,True,True,False,sign_inconsistent_positive_harmless,0.0
hexc_01427,1428,109707457,109707456,1,109707457,False,2,2.0,0,1,1,1.0,1.0,True,True,1,1,0,18.513327899234174,18.513327899234174,342.7433099045624,1,1,1,,0.0,0.0,0.0,0.0,0,0.0,0.0,0.0,1.0,0.5,1.0,0.0,0.0,0.0,0,0.0,inf,inf,False,False,1,0,1,0,0.0,0.0,0.0,1,1,0,18.513327899234174,18.513327899234174,342.7433099045624,1,0.0,0.0,0.0548208182936068,0.0530717225065602,False,False,True,True,False,sign_inconsistent_positive_harmless,0.0
hexc_01428,1429,178906061,178906060,1,178906061,False,2,2.0,0,1,1,1.0,1.0,True,True,1,1,0,19.002371427167216,19.002371427167216,361.090119856021,1,1,1,,0.0,0.0,0.0,0.0,0,0.0,0.0,0.0,1.0,0.5,1.0,0.0,0.0,0.0,0,0.0,inf,inf,False,False,1,0,1,0,0.0,0.0,0.0,1,1,0,19.002371427167216,19.002371427167216,361.090119856021,1,0.0,0.0,0.0523728581014615,0.051729527713511,False,False,True,True,False,sign_inconsistent_positive_harmless,0.0
hexc_01429,1430,109682179,109682178,1,109682179,False,2,2.0,0,1,1,1.0,1.0,True,True,1,1,0,18.513097459906476,18.513097459906476,342.7347775599956,1,1,1,,0.0,0.0,0.0,0.0,0,0.0,0.0,0.0,1.0,0.5,1.0,0.0,0.0,0.0,0,0.0,inf,inf,False,False,1,0,1,0,0.0,0.0,0.0,1,1,0,18.51309745990648,18.51309745990648,342.7347775599956,1,0.0,0.0,0.0544808491312744,0.0530723713665809,False,False,True,True,False,sign_inconsistent_positive_harmless,0.0
hexc_01430,1431,604150627,604150626,1,604150627,True,2,2.0,0,1,1,1.0,1.0,True,True,1,1,0,20.219334107258785,20.219334107258785,408.82147174095843,1,1,1,,0.0,0.0,0.0,0.0,0,0.0,0.0,0.0,1.0,0.5,1.0,0.0,0.0,0.0,0,0.0,inf,inf,False,False,1,0,1,0,0.0,0.0,0.0,1,1,0,20.219334107258785,20.219334107258785,408.8214717409584,1,0.0,0.0,0.0501342683893616,0.0486666807336042,False,False,False,True,False,sign_inconsistent_positive_harmless,0.0
hexc_01431,1432,108540779,108540778,1,108540779,False,2,2.0,0,1,1,1.0,1.0,True,True,1,1,0,18.502636503651352,18.502636503651352,342.3475575862515,1,1,1,,0.0,0.0,0.0,0.0,0,0.0,0.0,0.0,1.0,0.5,1.0,0.0,0.0,0.0,0,0.0,inf,inf,False,False,1,0,1,0,0.0,0.0,0.0,1,1,0,18.502636503651352,18.502636503651352,342.3475575862515,1,0.0,0.0,0.054584664384824,0.0531018435382603,False,False,True,True,False,sign_inconsistent_positive_harmless,0.0
hexc_01432,1433,40862287,40862286,1,40862287,False,2,2.0,0,1,1,1.0,1.0,True,True,1,1,0,17.525718117397776,17.525718117397776,307.15079553048463,1,1,1,,0.0,0.0,0.0,0.0,0,0.0,0.0,0.0,1.0,0.5,1.0,0.0,0.0,0.0,0,0.0,inf,inf,False,False,1,0,1,0,0.0,0.0,0.0,1,1,0,17.525718117397776,17.525718117397776,307.15079553048463,1,0.0,0.0,0.057360352413953,0.0560062624050414,False,False,True,True,False,sign_inconsistent_positive_harmless,0.0
hexc_01433,1434,179380829,179380828,1,179380829,False,2,2.0,0,1,1,1.0,1.0,True,True,1,1,0,19.00502164011742,19.00502164011742,361.19084754133144,1,1,1,,0.0,0.0,0.0,0.0,0,0.0,0.0,0.0,1.0,0.5,1.0,0.0,0.0,0.0,0,0.0,inf,inf,False,False,1,0,1,0,0.0,0.0,0.0,1,1,0,19.00502164011742,19.00502164011742,361.1908475413314,1,0.0,0.0,0.0520554984603305,0.051722438988379,False,False,True,True,False,sign_inconsistent_positive_harmless,0.0
hexc_01434,1435,108624419,108624418,1,108624419,False,2,2.0,0,1,1,1.0,1.0,True,True,1,1,0,18.503406792858886,18.503406792858886,342.37606294201635,1,1,1,,0.0,0.0,0.0,0.0,0,0.0,0.0,0.0,1.0,0.5,1.0,0.0,0.0,0.0,0,0.0,inf,inf,False,False,1,0,1,0,0.0,0.0,0.0,1,1,0,18.50340679285889,18.50340679285889,342.37606294201635,1,0.0,0.0,0.0553402851877227,0.0530996722482251,False,False,True,True,False,sign_inconsistent_positive_harmless,0.0
hexc_01435,1436,108596009,108596008,1,108596009,False,2,2.0,0,1,1,1.0,1.0,True,True,1,1,0,18.503145215249234,18.503145215249234,342.3663828566006,1,1,1,,0.0,0.0,0.0,0.0,0,0.0,0.0,0.0,1.0,0.5,1.0,0.0,0.0,0.0,0,0.0,inf,inf,False,False,1,0,1,0,0.0,0.0,0.0,1,1,0,18.503145215249237,18.503145215249237,342.3663828566006,1,0.0,0.0,0.0545561364046841,0.0531004095628863,False,False,True,True,False,sign_inconsistent_positive_harmless,0.0
hexc_01436,1437,30780143,30780142,1,30780143,False,2,2.0,0,1,1,1.0,1.0,True,True,1,1,0,17.24238033223816,17.24238033223816,297.2996795215533,1,1,1,,0.0,0.0,0.0,0.0,0,0.0,0.0,0.0,1.0,0.5,1.0,0.0,0.0,0.0,0,0.0,inf,inf,False,False,1,0,1,0,0.0,0.0,0.0,1,1,0,17.24238033223816,17.24238033223816,297.2996795215533,1,0.0,0.0,0.0585878366316364,0.0569090094360886,False,False,True,True,False,sign_inconsistent_positive_harmless,0.0
hexc_01437,1438,604849351,604849350,1,604849351,True,2,2.0,0,1,1,1.0,1.0,True,True,1,1,0,20.22048997837625,20.22048997837625,408.86821496561436,1,1,1,,0.0,0.0,0.0,0.0,0,0.0,0.0,0.0,1.0,0.5,1.0,0.0,0.0,0.0,0,0.0,inf,inf,False,False,1,0,1,0,0.0,0.0,0.0,1,1,0,20.22048997837625,20.22048997837625,408.8682149656144,1,0.0,4.448840327925301e-15,0.0494672848288116,0.0486639439924391,False,False,False,True,False,sign_inconsistent_positive_harmless,0.0
hexc_01438,1439,109567151,109567150,1,109567151,False,2,2.0,0,1,1,1.0,1.0,True,True,1,1,0,18.512048170400742,18.512048170400742,342.69592746323747,1,1,1,,0.0,0.0,0.0,0.0,0,0.0,0.0,0.0,1.0,0.5,1.0,0.0,0.0,0.0,0,0.0,inf,inf,False,False,1,0,1,0,0.0,0.0,0.0,1,1,0,18.512048170400742,18.512048170400742,342.69592746323747,1,0.0,0.0,0.0547128295829155,0.0530753261062679,False,False,True,True,False,sign_inconsistent_positive_harmless,0.0
hexc_01439,1440,179403071,179403070,1,179403071,False,2,2.0,0,1,1,1.0,1.0,True,True,1,1,0,19.00514562561414,19.00514562561414,361.1955602508003,1,1,1,,0.0,0.0,0.0,0.0,0,0.0,0.0,0.0,1.0,0.5,1.0,0.0,0.0,0.0,0,0.0,inf,inf,False,False,1,0,1,0,0.0,0.0,0.0,1,1,0,19.00514562561414,19.00514562561414,361.1955602508003,1,0.0,0.0,0.0526403019342879,0.0517221074025437,False,False,True,True,False,sign_inconsistent_positive_harmless,0.0
hexc_01440,1441,178013243,178013242,1,178013243,False,2,2.0,0,1,1,1.0,1.0,True,True,1,1,0,18.997368504365305,18.997368504365305,360.9000100906509,1,1,1,,0.0,0.0,0.0,0.0,0,0.0,0.0,0.0,1.0,0.5,1.0,0.0,0.0,0.0,0,0.0,inf,inf,False,False,1,0,1,0,0.0,0.0,0.0,1,1,0,18.997368504365305,18.997368504365305,360.9000100906509,1,0.0,0.0,0.0536823404322602,0.051742914705586,False,False,True,True,False,sign_inconsistent_positive_harmless,0.0
hexc_01441,1442,179433103,179433102,1,179433103,False,2,2.0,0,1,1,1.0,1.0,True,True,1,1,0,19.005313011191436,19.005313011191436,361.2019226533625,1,1,1,,0.0,0.0,0.0,0.0,0,0.0,0.0,0.0,1.0,0.5,1.0,0.0,0.0,0.0,0,0.0,inf,inf,False,False,1,0,1,0,0.0,0.0,0.0,1,1,0,19.00531301119144,19.00531301119144,361.2019226533625,1,0.0,0.0,0.0528019141795445,0.0517216597546193,False,False,True,True,False,sign_inconsistent_positive_harmless,0.0
hexc_01442,1443,30799499,30799498,1,30799499,False,2,2.0,0,1,1,1.0,1.0,True,True,1,1,0,17.24300898157774,17.24300898157774,297.32135873877064,1,1,1,,0.0,0.0,0.0,0.0,0,0.0,0.0,0.0,1.0,0.5,1.0,0.0,0.0,0.0,0,0.0,inf,inf,False,False,1,0,1,0,0.0,0.0,0.0,1,1,0,17.24300898157774,17.24300898157774,297.32135873877064,1,0.0,0.0,0.0582339848437294,0.0569069742865122,False,False,True,True,False,sign_inconsistent_positive_harmless,0.0
hexc_01443,1444,604685981,604685980,1,604685981,True,2,2.0,0,1,1,1.0,1.0,True,True,1,1,0,20.220219841577975,20.220219841577975,408.85729044174366,1,1,1,,0.0,0.0,0.0,0.0,0,0.0,0.0,0.0,1.0,0.5,1.0,0.0,0.0,0.0,0,0.0,inf,inf,False,False,1,0,1,0,0.0,0.0,0.0,1,1,0,20.220219841577972,20.220219841577972,408.85729044174366,1,0.0,8.897918398767242e-15,0.0494059779892558,0.0486645835643052,False,False,False,True,False,sign_inconsistent_positive_harmless,0.0
hexc_01444,1445,604207243,604207242,1,604207243,True,2,2.0,0,1,1,1.0,1.0,True,True,1,1,0,20.219427814597392,20.219427814597392,408.82526114971466,1,1,1,,0.0,0.0,0.0,0.0,0,0.0,0.0,0.0,1.0,0.5,1.0,0.0,0.0,0.0,0,0.0,inf,inf,False,False,1,0,1,0,0.0,0.0,0.0,1,1,0,20.219427814597392,20.219427814597392,408.82526114971466,1,0.0,8.898615503505933e-15,0.0494597084037629,0.0486664588524817,False,False,False,True,False,sign_inconsistent_positive_harmless,0.0
hexc_01445,1446,604678229,604678228,1,604678229,True,2,2.0,0,1,1,1.0,1.0,True,True,1,1,0,20.220207021618634,20.220207021618634,408.8567719971155,1,1,1,,0.0,0.0,0.0,0.0,0,0.0,0.0,0.0,1.0,0.5,1.0,0.0,0.0,0.0,0,0.0,inf,inf,False,False,1,0,1,0,0.0,0.0,0.0,1,1,0,20.220207021618634,20.220207021618634,408.8567719971155,1,0.0,4.4489648408188506e-15,0.0499229061268175,0.0486646139170687,False,False,False,True,False,sign_inconsistent_positive_harmless,0.0
hexc_01446,1447,109705723,109705722,1,109705723,False,2,2.0,0,1,1,1.0,1.0,True,True,1,1,0,18.513312093438003,18.513312093438003,342.74272466903784,1,1,1,,0.0,0.0,0.0,0.0,0,0.0,0.0,0.0,1.0,0.5,1.0,0.0,0.0,0.0,0,0.0,inf,inf,False,False,1,0,1,0,0.0,0.0,0.0,1,1,0,18.513312093438003,18.513312093438003,342.74272466903784,1,0.0,0.0,0.0542159663791598,0.0530717670112539,False,False,True,True,False,sign_inconsistent_positive_harmless,0.0
hexc_01447,1448,604141553,604141552,1,604141553,True,2,2.0,0,1,1,1.0,1.0,True,True,1,1,0,20.21931908771277,20.21931908771277,408.82086437074594,1,1,1,,0.0,0.0,0.0,0.0,0,0.0,0.0,0.0,1.0,0.5,1.0,0.0,0.0,0.0,0,0.0,inf,inf,False,False,1,0,1,0,0.0,0.0,0.0,1,1,0,20.21931908771277,20.21931908771277,408.82086437074594,1,0.0,0.0,0.050148948967567,0.0486667162972141,False,False,False,True,False,sign_inconsistent_positive_harmless,0.0
hexc_01448,1449,76021661,76021660,1,76021661,False,2,2.0,0,1,1,1.0,1.0,True,True,1,1,0,18.146528870799965,18.146528870799965,329.2965100587767,1,1,1,,0.0,0.0,0.0,0.0,0,0.0,0.0,0.0,1.0,0.5,1.0,0.0,0.0,0.0,0,0.0,inf,inf,False,False,1,0,1,0,0.0,0.0,0.0,1,1,0,18.146528870799965,18.146528870799965,329.2965100587767,1,0.0,0.0,0.0547061389693303,0.0541250157878042,False,False,True,True,False,sign_inconsistent_positive_harmless,0.0
hexc_01449,1450,109548991,109548990,1,109548991,False,2,2.0,0,1,1,1.0,1.0,True,True,1,1,0,18.511882413557128,18.511882413557128,342.6897904933657,1,1,1,,0.0,0.0,0.0,0.0,0,0.0,0.0,0.0,1.0,0.5,1.0,0.0,0.0,0.0,0,0.0,inf,inf,False,False,1,0,1,0,0.0,0.0,0.0,1,1,0,18.511882413557128,18.511882413557128,342.6897904933657,1,0.0,0.0,0.0547160509000266,0.0530757928982095,False,False,True,True,False,sign_inconsistent_positive_harmless,0.0
hexc_01450,1451,39674473,39674472,1,39674473,False,2,2.0,0,1,1,1.0,1.0,True,True,1,1,0,17.496218541364772,17.496218541364772,306.11766324719645,1,1,1,,0.0,0.0,0.0,0.0,0,0.0,0.0,0.0,1.0,0.5,1.0,0.0,0.0,0.0,0,0.0,inf,inf,False,False,1,0,1,0,0.0,0.0,0.0,1,1,0,17.496218541364772,17.496218541364772,306.11766324719645,1,0.0,0.0,0.0571186298906732,0.0560989140391331,False,False,True,True,False,sign_inconsistent_positive_harmless,0.0
hexc_01451,1452,180619891,180619890,1,180619891,False,2,2.0,0,1,1,1.0,1.0,True,True,1,1,0,19.011905331309833,19.011905331309833,361.45254432668725,1,1,1,,0.0,0.0,0.0,0.0,0,0.0,0.0,0.0,1.0,0.5,1.0,0.0,0.0,0.0,0,0.0,inf,inf,False,False,1,0,1,0,0.0,0.0,0.0,1,1,0,19.011905331309837,19.011905331309837,361.4525443266873,1,0.0,0.0,0.0527177038476254,0.0517040357292898,False,False,True,True,False,sign_inconsistent_positive_harmless,0.0
hexc_01452,1453,30370903,30370902,1,30370903,False,2,2.0,0,1,1,1.0,1.0,True,True,1,1,0,17.228995569869337,17.228995569869337,296.83828834657726,1,1,1,,0.0,0.0,0.0,0.0,0,0.0,0.0,0.0,1.0,0.5,1.0,0.0,0.0,0.0,0,0.0,inf,inf,False,False,1,0,1,0,0.0,0.0,0.0,1,1,0,17.228995569869337,17.228995569869337,296.83828834657726,1,0.0,0.0,0.0581011027814519,0.056952374975059,False,False,True,True,False,sign_inconsistent_positive_harmless,0.0
hexc_01453,1454,33913337,33913336,1,33913337,False,2,2.0,0,1,1,1.0,1.0,True,True,1,1,0,17.33931891680951,17.33931891680951,300.65198049882815,1,1,1,,0.0,0.0,0.0,0.0,0,0.0,0.0,0.0,1.0,0.5,1.0,0.0,0.0,0.0,0,0.0,inf,inf,False,False,1,0,1,0,0.0,0.0,0.0,1,1,0,17.33931891680951,17.33931891680951,300.6519804988281,1,0.0,0.0,0.0580626759467249,0.0565968959312262,False,False,True,True,False,sign_inconsistent_positive_harmless,0.0
hexc_01454,1455,604873177,604873176,1,604873177,True,2,2.0,0,1,1,1.0,1.0,True,True,1,1,0,20.22052936922738,20.22052936922738,408.86980797178694,1,1,1,,0.0,0.0,0.0,0.0,0,0.0,0.0,0.0,1.0,0.5,1.0,0.0,0.0,0.0,0,0.0,inf,inf,False,False,1,0,1,0,0.0,0.0,0.0,1,1,0,20.22052936922738,20.22052936922738,408.8698079717869,1,0.0,0.0,0.0502486490880784,0.0486638507326526,False,False,False,True,False,sign_inconsistent_positive_harmless,0.0
hexc_01455,1456,33453967,33453966,1,33453967,False,2,2.0,0,1,1,1.0,1.0,True,True,1,1,0,17.32568093242448,17.32568093242448,300.1792197721772,1,1,1,,0.0,0.0,0.0,0.0,0,0.0,0.0,0.0,1.0,0.5,1.0,0.0,0.0,0.0,0,0.0,inf,inf,False,False,1,0,1,0,0.0,0.0,0.0,1,1,0,17.32568093242448,17.32568093242448,300.1792197721772,1,0.0,0.0,0.0588258697641753,0.0566405991738151,False,False,True,True,False,sign_inconsistent_positive_harmless,0.0
hexc_01456,1457,109497233,109497232,1,109497233,False,2,2.0,0,1,1,1.0,1.0,True,True,1,1,0,18.51140983749516,18.51140983749516,342.6722941717126,1,1,1,,0.0,0.0,0.0,0.0,0,0.0,0.0,0.0,1.0,0.5,1.0,0.0,0.0,0.0,0,0.0,inf,inf,False,False,1,0,1,0,0.0,0.0,0.0,1,1,0,18.51140983749516,18.51140983749516,342.6722941717126,1,0.0,0.0,0.0535318452011645,0.0530771237764023,False,False,True,True,False,sign_inconsistent_positive_harmless,0.0
hexc_01457,1458,180642773,180642772,1,180642773,False,2,2.0,0,1,1,1.0,1.0,True,True,1,1,0,19.012032009222114,19.012032009222114,361.45736111968625,1,1,1,,0.0,0.0,0.0,0.0,0,0.0,0.0,0.0,1.0,0.5,1.0,0.0,0.0,0.0,0,0.0,inf,inf,False,False,1,0,1,0,0.0,0.0,0.0,1,1,0,19.012032009222114,19.012032009222114,361.4573611196863,1,0.0,0.0,0.0520568223877897,0.0517036971838962,False,False,True,True,False,sign_inconsistent_positive_harmless,0.0
hexc_01458,1459,30801733,30801732,1,30801733,False,2,2.0,0,1,1,1.0,1.0,True,True,1,1,0,17.243081512594685,17.243081512594685,297.3238600499846,1,1,1,,0.0,0.0,0.0,0.0,0,0.0,0.0,0.0,1.0,0.5,1.0,0.0,0.0,0.0,0,0.0,inf,inf,False,False,1,0,1,0,0.0,0.0,0.0,1,1,0,17.243081512594685,17.243081512594685,297.3238600499846,1,0.0,0.0,0.0574062037622427,0.0569067394885515,False,False,True,True,False,sign_inconsistent_positive_harmless,0.0
hexc_01459,1460,40882901,40882900,1,40882901,False,2,2.0,0,1,1,1.0,1.0,True,True,1,1,0,17.52622246513839,17.52622246513839,307.16847389752155,1,1,1,,0.0,0.0,0.0,0.0,0,0.0,0.0,0.0,1.0,0.5,1.0,0.0,0.0,0.0,0,0.0,inf,inf,False,False,1,0,1,0,0.0,0.0,0.0,1,1,0,17.52622246513839,17.52622246513839,307.16847389752155,1,0.0,0.0,0.0576070126058503,0.05600468102035,False,False,True,True,False,sign_inconsistent_positive_harmless,0.0
hexc_01460,1461,109683839,109683838,1,109683839,False,2,2.0,0,1,1,1.0,1.0,True,True,1,1,0,18.51311259442927,18.51311259442927,342.73533793401566,1,1,1,,0.0,0.0,0.0,0.0,0,0.0,0.0,0.0,1.0,0.5,1.0,0.0,0.0,0.0,0,0.0,inf,inf,False,False,1,0,1,0,0.0,0.0,0.0,1,1,0,18.51311259442927,18.51311259442927,342.73533793401566,1,0.0,0.0,0.054191893146005,0.0530723287510303,False,False,True,True,False,sign_inconsistent_positive_harmless,0.0
hexc_01461,1462,179381723,179381722,1,179381723,False,2,2.0,0,1,1,1.0,1.0,True,True,1,1,0,19.00502662391517,19.00502662391517,361.1910369757245,1,1,1,,0.0,0.0,0.0,0.0,0,0.0,0.0,0.0,1.0,0.5,1.0,0.0,0.0,0.0,0,0.0,inf,inf,False,False,1,0,1,0,0.0,0.0,0.0,1,1,0,19.00502662391517,19.00502662391517,361.1910369757245,1,0.0,0.0,0.0520888394763615,0.0517224256596662,False,False,True,True,False,sign_inconsistent_positive_harmless,0.0
hexc_01462,1463,109595639,109595638,1,109595639,False,2,2.0,0,1,1,1.0,1.0,True,True,1,1,0,18.512308141540554,18.512308141540554,342.7055527273487,1,1,1,,0.0,0.0,0.0,0.0,0,0.0,0.0,0.0,1.0,0.5,1.0,0.0,0.0,0.0,0,0.0,inf,inf,False,False,1,0,1,0,0.0,0.0,0.0,1,1,0,18.512308141540554,18.512308141540554,342.7055527273487,1,0.0,0.0,0.0546729446820717,0.0530745940116466,False,False,True,True,False,sign_inconsistent_positive_harmless,0.0
hexc_01463,1464,30775567,30775566,1,30775567,False,2,2.0,0,1,1,1.0,1.0,True,True,1,1,0,17.24223165391056,17.24223165391056,297.29455240711536,1,1,1,,0.0,0.0,0.0,0.0,0,0.0,0.0,0.0,1.0,0.5,1.0,0.0,0.0,0.0,0,0.0,inf,inf,False,False,1,0,1,0,0.0,0.0,0.0,1,1,0,17.24223165391056,17.24223165391056,297.29455240711536,1,0.0,0.0,0.0589963664252072,0.0569094907791713,False,False,True,True,False,sign_inconsistent_positive_harmless,0.0
hexc_01464,1465,108531329,108531328,1,108531329,False,2,2.0,0,1,1,1.0,1.0,True,True,1,1,0,18.502549435809307,18.502549435809307,342.3443356245673,1,1,1,,0.0,0.0,0.0,0.0,0,0.0,0.0,0.0,1.0,0.5,1.0,0.0,0.0,0.0,0,0.0,inf,inf,False,False,1,0,1,0,0.0,0.0,0.0,1,1,0,18.502549435809307,18.502549435809307,342.3443356245673,1,0.0,0.0,0.0535686467311318,0.0531020889761283,False,False,True,True,False,sign_inconsistent_positive_harmless,0.0
hexc_01465,1466,109527673,109527672,1,109527673,False,2,2.0,0,1,1,1.0,1.0,True,True,1,1,0,18.51168779675333,18.51168779675333,342.6825850844661,1,1,1,,0.0,0.0,0.0,0.0,0,0.0,0.0,0.0,1.0,0.5,1.0,0.0,0.0,0.0,0,0.0,inf,inf,False,False,1,0,1,0,0.0,0.0,0.0,1,1,0,18.51168779675333,18.51168779675333,342.6825850844661,1,0.0,0.0,0.0541881378018258,0.0530763409738794,False,False,True,True,False,sign_inconsistent_positive_harmless,0.0
hexc_01466,1467,108548059,108548058,1,108548059,False,2,2.0,0,1,1,1.0,1.0,True,True,1,1,0,18.50270357296795,18.50270357296795,342.3500395091209,1,1,1,,0.0,0.0,0.0,0.0,0,0.0,0.0,0.0,1.0,0.5,1.0,0.0,0.0,0.0,0,0.0,inf,inf,False,False,1,0,1,0,0.0,0.0,0.0,1,1,0,18.50270357296795,18.50270357296795,342.3500395091209,1,0.0,0.0,0.0551453136707533,0.0531016544763198,False,False,True,True,False,sign_inconsistent_positive_harmless,0.0
hexc_01467,1468,604814519,604814518,1,604814519,True,2,2.0,0,1,1,1.0,1.0,True,True,1,1,0,20.22043238882452,20.22043238882452,408.8658859910237,1,1,1,,0.0,0.0,0.0,0.0,0,0.0,0.0,0.0,1.0,0.5,1.0,0.0,0.0,0.0,0,0.0,inf,inf,False,False,1,0,1,0,0.0,0.0,0.0,1,1,0,20.22043238882452,20.22043238882452,408.8658859910237,1,0.0,4.448865669330483e-15,0.0500539236422512,0.0486640803391948,False,False,False,True,False,sign_inconsistent_positive_harmless,0.0
